ano_eleicao,leg,nome_grupo,nome_normalizado,id_mandato,id_pessoa,sq_cand,metodo,nome_completo,dt_nasc,partido_tse,k,k_pu,condicao
1998,"14","ADERSON DE CARVALHO LAGO FILHO","ADERSON DE CARVALHO LAGO FILHO","M1998_MA_7_11122_100001007111221","BOCEL0014846","100001007111221","nome_parlamentar_x_nome_bocel","ADERSON DE CARVALHO LAGO FILHO","1948-04-04","PPB","ADERSON DE CARVALHO LAGO FILHO","ADERSON FILHO","titular"
1998,"14","ANTONIO ARNALDO ALVES DE MELO","ANTONIO ARNALDO ALVES DE MELO","M1998_MA_7_15140_100001007151401","BOCEL0045950","100001007151401","nome_parlamentar_x_nome_bocel","ANTONIO ARNALDO ALVES DE MELO","1954-06-08","PMDB","ANTONIO ARNALDO ALVES DE MELO","ANTONIO MELO","titular"
1998,"14","ANTONIO CARLOS BACELAR NUNES","ANTONIO CARLOS BACELAR NUNES","M1998_MA_7_41202_100001007412021","BOCEL0001386","100001007412021","nome_parlamentar_x_nome_bocel","ANTONIO CARLOS BACELAR NUNES","1951-01-11","PSD","ANTONIO CARLOS BACELAR NUNES","ANTONIO NUNES","titular"
1998,"14","ANTONIO CARLOS BRAIDE","ANTONIO CARLOS BRAIDE",NA,NA,"100001007181201","suplente_nome_parlamentar_x_nome_civil","ANTONIO CARLOS BRAIDE","27/05/1944",NA,"ANTONIO CARLOS BRAIDE","ANTONIO BRAIDE","suplente"
1998,"14","ANTONIO PONTES DE AGUIAR","ANTONIO PONTES DE AGUIAR","M1998_MA_7_70110_100001007701101","BOCEL0043935","100001007701101","nome_parlamentar_x_nome_bocel","ANTONIO PONTES DE AGUIAR","1927-08-26","PT do B","ANTONIO PONTES DE AGUIAR","ANTONIO AGUIAR","titular"
1998,"14","CAMILO LELIS CARNEIRO FIGUEIREDO","CAMILO LELIS CARNEIRO FIGUEIREDO","M1998_MA_7_41236_100001007412361","BOCEL0070139","100001007412361","primeiro_ultimo_x_nome_bocel","CAMILO DE LELLIS CARNEIRO FIGUEREDO","1966-01-01","PSD","CAMILO LELIS CARNEIRO FIGUEIREDO","CAMILO FIGUEIREDO","titular"
1998,"14","CAMILO LELIS CARNEIRO FIGUEIREDO","CAMILO LLIS CARNEIRO FIGUEIREDO","M1998_MA_7_41236_100001007412361","BOCEL0070139","100001007412361","primeiro_ultimo_x_nome_bocel","CAMILO DE LELLIS CARNEIRO FIGUEREDO","1966-01-01","PSD","CAMILO LELIS CARNEIRO FIGUEIREDO","CAMILO FIGUEIREDO","titular"
1998,"14","CARLOS ALBERTO MILHOMEM DE SOUSA","CARLOS ALBERTO MILHOMEM DE SOUSA","M1998_MA_7_25113_100001007251131","BOCEL0029809","100001007251131","nome_parlamentar_x_nome_bocel","CARLOS ALBERTO MILHOMEM DE SOUSA","1937-05-02","PFL","CARLOS ALBERTO MILHOMEM DE SOUSA","CARLOS SOUSA","titular"
1998,"14","DEOCLIDES MACEDO SANTOS NETO","DEOCLIDES MACEDO SANTOS NETO","M1998_MA_7_14121_100001007141211","BOCEL0048349","100001007141211","tokens_contidos_no_nome_bocel","DEOCLIDES ANTONIO SANTOS NETO","1962-12-09","PTB","DEOCLIDES MACEDO SANTOS NETO","DEOCLIDES NETO","titular"
1998,"14","GEOVANE SILVA CASTRO","GEOVANE SILVA CASTRO",NA,NA,NA,NA,NA,NA,NA,"GEOVANE SILVA CASTRO","GEOVANE CASTRO","suplente"
1998,"14","HELENA BARROS HELUY","HELENA BARROS HELUY",NA,NA,"100001007136101","suplente_nome_parlamentar_x_nome_civil","HELENA BARROS HELUY","07/10/1941",NA,"HELENA BARROS HELUY","HELENA HELUY","suplente"
1998,"14","HELIO OLIVEIRA SOARES","HELIO OLIVEIRA SOARES","M1998_MA_7_18200_100001007182001","BOCEL0003493","100001007182001","nome_parlamentar_x_nome_bocel","HELIO OLIVEIRA SOARES","1952-06-06","PST","HELIO OLIVEIRA SOARES","HELIO SOARES","titular"
1998,"14","HELIO OLIVEIRA SOARES","HLIO OLIVEIRA SOARES","M1998_MA_7_18200_100001007182001","BOCEL0003493","100001007182001","nome_parlamentar_x_nome_bocel","HELIO OLIVEIRA SOARES","1952-06-06","PST","HELIO OLIVEIRA SOARES","HELIO SOARES","titular"
1998,"14","HUMBERTO IVAR DE ARAUJO COUTINHO","HUMBERTO IVAR DE ARAJO COUTINHO","M1998_MA_7_25111_100001007251111","BOCEL0006996","100001007251111","primeiro_ultimo_x_nome_bocel","HUMBERTO IVAR ARAUJO COUTINHO","1946-08-21","PFL","HUMBERTO IVAR DE ARAUJO COUTINHO","HUMBERTO COUTINHO","titular"
1998,"14","HUMBERTO IVAR DE ARAUJO COUTINHO","HUMBERTO IVAR DE ARAUJO COUTINHO","M1998_MA_7_25111_100001007251111","BOCEL0006996","100001007251111","primeiro_ultimo_x_nome_bocel","HUMBERTO IVAR ARAUJO COUTINHO","1946-08-21","PFL","HUMBERTO IVAR DE ARAUJO COUTINHO","HUMBERTO COUTINHO","titular"
1998,"14","JANICE SANTOS BRAIDE","JANICE SANTOS BRAIDE","M1998_MA_7_41210_100001007412101","BOCEL0070687","100001007412101","nome_parlamentar_x_nome_bocel","JANICE SANTOS BRAIDE","1943-09-15","PSD","JANICE SANTOS BRAIDE","JANICE BRAIDE","titular"
1998,"14","JULIO PIRES MONTELES","JLIO PIRES MONTELES","M1998_MA_7_25101_100001007251011","BOCEL0030092","100001007251011","nome_parlamentar_x_nome_bocel","JULIO PIRES MONTELES","1939-07-01","PFL","JULIO PIRES MONTELES","JULIO MONTELES","titular"
1998,"14","JONATAS LOPES FREITAS","JNATAS LOPES FREITAS","M1998_MA_7_28170_100001007281701","BOCEL0029868","100001007281701","nome_parlamentar_x_nome_bocel","JONATAS LOPES FREITAS","1963-08-05","PRTB","JONATAS LOPES FREITAS","JONATAS FREITAS","titular"
1998,"14","JOAO EVANGELISTA SERRA DOS SANTOS","JOAO EVANGELISTA SERRA DOS SANTOS","M1998_MA_7_15678_100001007156781","BOCEL0001616","100001007156781","nome_parlamentar_x_nome_bocel","JOAO EVANGELISTA SERRA DOS SANTOS","1957-06-03","PMDB","JOAO EVANGELISTA SERRA DOS SANTOS","JOAO SANTOS","titular"
1998,"14","JOAO MACEDO DA SILVA","JOAO MACEDO DA SILVA","M1998_MA_7_11113_100001007111131","BOCEL0075532","100001007111131","nome_parlamentar_x_nome_bocel","JOAO MACEDO DA SILVA","1957-04-05","PPB","JOAO MACEDO DA SILVA","JOAO SILVA","titular"
1998,"14","JOAO PAVAO FILHO","JOAO PAVAO FILHO","M1998_MA_7_40140_100001007401401","BOCEL0013115","100001007401401","nome_parlamentar_x_nome_bocel","JOAO PAVAO FILHO","1958-04-06","PSB","JOAO PAVAO FILHO","JOAO FILHO","titular"
1998,"14","JOAQUIM ELIAS NAGIB PINTO HAICKEL","JOAQUIM ELIAS NAGIB PINTO HAICKEL","M1998_MA_7_44123_100001007441231","BOCEL0125607","100001007441231","nome_parlamentar_x_nome_civil_tse","JOAQUIM ELIAS NAGIB PINTO HAICKEL","1959-12-13","PRP","JOAQUIM ELIAS NAGIB PINTO HAICKEL","JOAQUIM HAICKEL","titular"
1998,"14","JOAQUIM LIMA DE ARAUJO KINKAS ARAUJO","JOAQUIM LIMA DE ARAJO KINKAS ARAJO",NA,NA,NA,NA,NA,NA,NA,"JOAQUIM LIMA DE ARAUJO KINKAS ARAUJO","JOAQUIM ARAUJO","suplente"
1998,"14","JOAQUIM LIMA DE ARAUJO KINKAS ARAUJO","JOAQUIM LIMA DE ARAUJO KINKAS ARAUJO",NA,NA,NA,NA,NA,NA,NA,"JOAQUIM LIMA DE ARAUJO KINKAS ARAUJO","JOAQUIM ARAUJO","suplente"
1998,"14","JONATAS LOPES FREITAS","JONATAS LOPES FREITAS","M1998_MA_7_28170_100001007281701","BOCEL0029868","100001007281701","nome_parlamentar_x_nome_bocel","JONATAS LOPES FREITAS","1963-08-05","PRTB","JONATAS LOPES FREITAS","JONATAS FREITAS","titular"
1998,"14","JOAO EVANGELISTA SERRA DOS SANTOS","JOO EVANGELISTA SERRA DOS SANTOS","M1998_MA_7_15678_100001007156781","BOCEL0001616","100001007156781","nome_parlamentar_x_nome_bocel","JOAO EVANGELISTA SERRA DOS SANTOS","1957-06-03","PMDB","JOAO EVANGELISTA SERRA DOS SANTOS","JOAO SANTOS","titular"
1998,"14","JOAO MACEDO DA SILVA","JOO MACEDO DA SILVA","M1998_MA_7_11113_100001007111131","BOCEL0075532","100001007111131","nome_parlamentar_x_nome_bocel","JOAO MACEDO DA SILVA","1957-04-05","PPB","JOAO MACEDO DA SILVA","JOAO SILVA","titular"
1998,"14","JOAO PAVAO FILHO","JOO PAVO FILHO","M1998_MA_7_40140_100001007401401","BOCEL0013115","100001007401401","nome_parlamentar_x_nome_bocel","JOAO PAVAO FILHO","1958-04-06","PSB","JOAO PAVAO FILHO","JOAO FILHO","titular"
1998,"14","JOSE JORGE LEITE SOARES","JOS JORGE LEITE SOARES",NA,NA,"100001007151231","suplente_nome_parlamentar_x_nome_civil","JOSE JORGE LEITE SOARES","01/03/1950",NA,"JOSE JORGE LEITE SOARES","JOSE SOARES","suplente"
1998,"14","JOSE ORLANDO FERREIRA DA SILVA","JOS ORLANDO FERREIRA DA SILVA","M1998_MA_7_41127_100001007411271","BOCEL0042962","100001007411271","nome_parlamentar_x_nome_bocel","JOSE ORLANDO FERREIRA DA SILVA","1954-12-08","PSD","JOSE ORLANDO FERREIRA DA SILVA","JOSE SILVA","titular"
1998,"14","JOSE RAIMUNDO RODRIGUES","JOS RAIMUNDO RODRIGUES","M1998_MA_7_41222_100001007412221","BOCEL0003729","100001007412221","nome_parlamentar_x_nome_bocel","JOSE RAIMUNDO RODRIGUES","1947-01-24","PSD","JOSE RAIMUNDO RODRIGUES","JOSE RODRIGUES","titular"
1998,"14","JOSE JORGE LEITE SOARES","JOSE JORGE LEITE SOARES",NA,NA,"100001007151231","suplente_nome_parlamentar_x_nome_civil","JOSE JORGE LEITE SOARES","01/03/1950",NA,"JOSE JORGE LEITE SOARES","JOSE SOARES","suplente"
1998,"14","JOSE ORLANDO FERREIRA DA SILVA","JOSE ORLANDO FERREIRA DA SILVA","M1998_MA_7_41127_100001007411271","BOCEL0042962","100001007411271","nome_parlamentar_x_nome_bocel","JOSE ORLANDO FERREIRA DA SILVA","1954-12-08","PSD","JOSE ORLANDO FERREIRA DA SILVA","JOSE SILVA","titular"
1998,"14","JOSE RAIMUNDO RODRIGUES","JOSE RAIMUNDO RODRIGUES","M1998_MA_7_41222_100001007412221","BOCEL0003729","100001007412221","nome_parlamentar_x_nome_bocel","JOSE RAIMUNDO RODRIGUES","1947-01-24","PSD","JOSE RAIMUNDO RODRIGUES","JOSE RODRIGUES","titular"
1998,"14","JULIAO AMIN CASTRO","JULIAO AMIN CASTRO","M1998_MA_7_12111_100001007121111","BOCEL0004567","100001007121111","nome_parlamentar_x_nome_bocel","JULIAO AMIN CASTRO","1946-10-01","PDT","JULIAO AMIN CASTRO","JULIAO CASTRO","titular"
1998,"14","JULIAO AMIN CASTRO","JULIO AMIN CASTRO","M1998_MA_7_12111_100001007121111","BOCEL0004567","100001007121111","nome_parlamentar_x_nome_bocel","JULIAO AMIN CASTRO","1946-10-01","PDT","JULIAO AMIN CASTRO","JULIAO CASTRO","titular"
1998,"14","JULIO PIRES MONTELES","JULIO PIRES MONTELES","M1998_MA_7_25101_100001007251011","BOCEL0030092","100001007251011","nome_parlamentar_x_nome_bocel","JULIO PIRES MONTELES","1939-07-01","PFL","JULIO PIRES MONTELES","JULIO MONTELES","titular"
1998,"14","LOURIVAL MENDES DA FONSECA PT DO B","LOURIVAL MENDES DA FONSECA PT DO B","M1998_MA_7_33123_100001007331231","BOCEL0001982","100001007331231","urna_contida_no_nome_da_fonte","LOURIVAL MENDES DA FONSECA FILHO","1955-03-27","PMN","LOURIVAL MENDES DA FONSECA PT DO B","LOURIVAL B","titular"
1998,"14","LUZIVETE BOTELHO DA SILVA VETE BOTELHO","LUZIVETE BOTELHO DA SILVA VETE BOTELHO","M1998_MA_7_45145_100001007451451","BOCEL0074861","100001007451451","nome_bocel_contido_no_nome_da_fonte","LUZIVETE BOTELHO DA SILVA","1960-12-04","PSDB","LUZIVETE BOTELHO DA SILVA VETE BOTELHO","LUZIVETE BOTELHO","titular"
1998,"14","MALRINETE DOS SANTOS VALERIO MALRINETE GRALHADA","MALRINETE DOS SANTOS VALERIO MALRINETE GRALHADA","M1998_MA_7_44111_100001007441111","BOCEL0106834","100001007441111","nome_bocel_contido_no_nome_da_fonte","MALRINETE DOS SANTOS VALERIO","1966-01-06","PRP","MALRINETE DOS SANTOS VALERIO MALRINETE GRALHADA","MALRINETE GRALHADA","titular"
1998,"14","MALRINETE DOS SANTOS VALERIO MALRINETE GRALHADA","MALRINETE DOS SANTOS VALRIO MALRINETE GRALHADA","M1998_MA_7_44111_100001007441111","BOCEL0106834","100001007441111","nome_bocel_contido_no_nome_da_fonte","MALRINETE DOS SANTOS VALERIO","1966-01-06","PRP","MALRINETE DOS SANTOS VALERIO MALRINETE GRALHADA","MALRINETE GRALHADA","titular"
1998,"14","MANOEL NUNES RIBEIRO FILHO","MANOEL NUNES RIBEIRO FILHO","M1998_MA_7_41266_100001007412661","BOCEL0014897","100001007412661","nome_parlamentar_x_nome_bocel","MANOEL NUNES RIBEIRO FILHO","1948-01-07","PSD","MANOEL NUNES RIBEIRO FILHO","MANOEL FILHO","titular"
1998,"14","MARIA DA GRACA NUNES MELO","MARIA DA GRAA NUNES MELO",NA,NA,"100001007221111","suplente_nome_parlamentar_x_nome_civil","MARIA DA GRACA NUNES MELO","12/08/1940",NA,"MARIA DA GRACA NUNES MELO","MARIA MELO","suplente"
1998,"14","MARIA DA GRACA NUNES MELO","MARIA DA GRACA NUNES MELO",NA,NA,"100001007221111","suplente_nome_parlamentar_x_nome_civil","MARIA DA GRACA NUNES MELO","12/08/1940",NA,"MARIA DA GRACA NUNES MELO","MARIA MELO","suplente"
1998,"14","MARIA TERESA TROVAO MURAD","MARIA TERESA TROVAO MURAD","M1998_MA_7_12012_100001007120121","BOCEL0011040","100001007120121","nome_parlamentar_x_nome_bocel","MARIA TERESA TROVAO MURAD","1956-02-15","PDT","MARIA TERESA TROVAO MURAD","MARIA MURAD","titular"
1998,"14","MARIA TERESA TROVAO MURAD","MARIA TERESA TROVO MURAD","M1998_MA_7_12012_100001007120121","BOCEL0011040","100001007120121","nome_parlamentar_x_nome_bocel","MARIA TERESA TROVAO MURAD","1956-02-15","PDT","MARIA TERESA TROVAO MURAD","MARIA MURAD","titular"
1998,"14","MARLY GONCALVES ABDALLA","MARLY GONALVES ABDALLA","M1998_MA_7_25157_100001007251571","BOCEL0003053","100001007251571","primeiro_ultimo_x_urna","MARLY GONCALVES ABDALA","1940-03-07","PFL","MARLY GONCALVES ABDALLA","MARLY ABDALLA","titular"
1998,"14","MARLY GONCALVES ABDALLA","MARLY GONCALVES ABDALLA","M1998_MA_7_25157_100001007251571","BOCEL0003053","100001007251571","primeiro_ultimo_x_urna","MARLY GONCALVES ABDALA","1940-03-07","PFL","MARLY GONCALVES ABDALLA","MARLY ABDALLA","titular"
1998,"14","MAURA ALVES DE MELO RIBEIRO MAURA JORGE","MAURA ALVES DE MELO RIBEIRO MAURA JORGE","M1998_MA_7_25222_100001007252221","BOCEL0051620","100001007252221","primeiro_ultimo_x_urna","MAURA ALVES DE MELO RIBEIRO","1962-09-21","PFL","MAURA ALVES DE MELO RIBEIRO MAURA JORGE","MAURA JORGE","titular"
1998,"14","MERCIAL LIMA DE ARRUDA","MERCIAL LIMA DE ARRUDA","M1998_MA_7_25201_100001007252011","BOCEL0020796","100001007252011","nome_parlamentar_x_nome_bocel","MERCIAL LIMA DE ARRUDA","1943-12-14","PFL","MERCIAL LIMA DE ARRUDA","MERCIAL ARRUDA","titular"
1998,"14","OSEAS RODRIGUES DE SOUZA","OSAS RODRIGUES DE SOUZA",NA,NA,NA,NA,NA,NA,NA,"OSEAS RODRIGUES DE SOUZA","OSEAS SOUZA","suplente"
1998,"14","OSEAS RODRIGUES DE SOUZA","OSEAS RODRIGUES DE SOUZA",NA,NA,NA,NA,NA,NA,NA,"OSEAS RODRIGUES DE SOUZA","OSEAS SOUZA","suplente"
1998,"14","PEDRO ALVES SANTOS","PEDRO ALVES SANTOS","M1998_MA_7_11147_100001007111471","BOCEL0018386","100001007111471","nome_parlamentar_x_nome_bocel","PEDRO ALVES SANTOS","1952-11-23","PPB","PEDRO ALVES SANTOS","PEDRO SANTOS","titular"
1998,"14","RIGO ALBERTO TELES DE SOUSA","RIGO ALBERTO TELES DE SOUSA","M1998_MA_7_25200_100001007252001","BOCEL0076231","100001007252001","nome_parlamentar_x_nome_civil_tse","RIGO ALBERTO TELES DE SOUSA","1963-06-08","PFL","RIGO ALBERTO TELES DE SOUSA","RIGO SOUSA","titular"
1998,"14","RUBENS PEREIRA E SILVA","RUBENS PEREIRA E SILVA","M1998_MA_7_22220_100001007222201","BOCEL0103722","100001007222201","nome_parlamentar_x_nome_bocel","RUBENS PEREIRA E SILVA","1959-11-25","PL","RUBENS PEREIRA E SILVA","RUBENS SILVA","titular"
1998,"14","SANDRA MARIA CARVALHO R DE DEUS","SANDRA MARIA CARVALHO R DE DEUS","M1998_MA_7_20258_100001007202581","BOCEL0095549","100001007202581","primeiro_ultimo_x_urna","SANDRA MARIA CARVALHO RODRIGUES DE DEUS","1971-04-23","PSC","SANDRA MARIA CARVALHO R DE DEUS","SANDRA DEUS","titular"
1998,"14","SOLINEY DE SOUSA E SILVA","SOLINEY DE SOUSA E SILVA","M1998_MA_7_12122_100001007121221","BOCEL0093378","100001007121221","nome_parlamentar_x_nome_bocel","SOLINEY DE SOUSA E SILVA","1970-09-08","PDT","SOLINEY DE SOUSA E SILVA","SOLINEY SILVA","titular"
1998,"14","STENIO DOS SANTOS REZENDE","STENIO DOS SANTOS REZENDE","M1998_MA_7_15141_100001007151411","BOCEL0053051","100001007151411","nome_parlamentar_x_nome_bocel","STENIO DOS SANTOS REZENDE","1963-12-07","PMDB","STENIO DOS SANTOS REZENDE","STENIO REZENDE","titular"
1998,"14","STENIO DOS SANTOS REZENDE","STNIO DOS SANTOS REZENDE","M1998_MA_7_15141_100001007151411","BOCEL0053051","100001007151411","nome_parlamentar_x_nome_bocel","STENIO DOS SANTOS REZENDE","1963-12-07","PMDB","STENIO DOS SANTOS REZENDE","STENIO REZENDE","titular"
1998,"14","TELMA PINHEIRO RIBEIRO","TELMA PINHEIRO RIBEIRO",NA,NA,"100001007252211","suplente_nome_parlamentar_x_nome_civil","TELMA PINHEIRO RIBEIRO","12/03/1952",NA,"TELMA PINHEIRO RIBEIRO","TELMA RIBEIRO","suplente"
1998,"14","WILSON PEREIRA DE CARVALHO","WILSON PEREIRA DE CARVALHO",NA,NA,NA,NA,NA,NA,NA,"WILSON PEREIRA DE CARVALHO","WILSON CARVALHO","suplente"
2002,"15","ADERSON DE CARVALHO LAGO FILHO","ADERSON DE CARVALHO LAGO FILHO",NA,NA,NA,NA,NA,NA,NA,"ADERSON DE CARVALHO LAGO FILHO","ADERSON FILHO","suplente"
2002,"15","ADERSON LAGO","ADERSON LAGO","M2002_MA_7_45122_579","BOCEL0014846","579","nome_parlamentar_x_urna","ADERSON DE CARVALHO LAGO FILHO","1948-04-04","PSDB","ADERSON LAGO","ADERSON LAGO","titular"
2002,"15","AFONSO MANOEL","AFONSO MANOEL",NA,NA,"492","suplente_nome_parlamentar_x_urna","AFONSO MANOEL BORGES FERREIRA","12/02/1956",NA,"AFONSO MANOEL","AFONSO MANOEL","suplente"
2002,"15","ALBERTO FRANCO","ALBERTO FRANCO","M2002_MA_7_45000_569","BOCEL0013760","569","nome_parlamentar_x_urna","CARLOS ALBERTO FRANCO DE ALMEIDA","1962-01-15","PSDB","ALBERTO FRANCO","ALBERTO FRANCO","titular"
2002,"15","ALBERTO MARQUES","ALBERTO MARQUES",NA,NA,"565","suplente_nome_parlamentar_x_urna","ALBERTO MARQUES DE ARAUJO","17/03/1949",NA,"ALBERTO MARQUES","ALBERTO MARQUES","suplente"
2002,"15","ALBERTO MARQUES DE ARAUJO","ALBERTO MARQUES DE ARAUJO",NA,NA,"565","suplente_nome_parlamentar_x_nome_civil","ALBERTO MARQUES DE ARAUJO","17/03/1949",NA,"ALBERTO MARQUES DE ARAUJO","ALBERTO ARAUJO","suplente"
2002,"15","ANTONIO BACELAR","ANTONIO BACELAR",NA,NA,"464","suplente_nome_parlamentar_x_urna","ANTONIO CARLOS BACELAR NUNES","11/01/1951",NA,"ANTONIO BACELAR","ANTONIO BACELAR","suplente"
2002,"15","ANTONIO CARLOS BARCELAR","ANTONIO CARLOS BACELAR",NA,NA,NA,NA,NA,NA,NA,"ANTONIO CARLOS BARCELAR","ANTONIO BARCELAR","suplente"
2002,"15","ANTONIO CARLOS BACELAR NUNES","ANTONIO CARLOS BACELAR NUNES",NA,NA,"464","suplente_nome_parlamentar_x_nome_civil","ANTONIO CARLOS BACELAR NUNES","11/01/1951",NA,"ANTONIO CARLOS BACELAR NUNES","ANTONIO NUNES","suplente"
2002,"15","ANTONIO CARLOS BARCELAR","ANTONIO CARLOS BARCELAR",NA,NA,NA,NA,NA,NA,NA,"ANTONIO CARLOS BARCELAR","ANTONIO BARCELAR","suplente"
2002,"15","ANTONIO CARLOS BRAIDE","ANTONIO CARLOS BRAIDE",NA,NA,NA,NA,NA,NA,NA,"ANTONIO CARLOS BRAIDE","ANTONIO BRAIDE","suplente"
2002,"15","ANTONIO PEREIRA","ANTONIO PEREIRA",NA,NA,NA,NA,NA,NA,NA,"ANTONIO PEREIRA","ANTONIO PEREIRA","suplente"
2002,"15","ANTONIO PEREIRA FILHO","ANTONIO PEREIRA FILHO","M2002_MA_7_23333_402","BOCEL0035207","402","nome_parlamentar_x_nome_bocel","ANTONIO PEREIRA FILHO","1961-02-06","PPS","ANTONIO PEREIRA FILHO","ANTONIO FILHO","titular"
2002,"15","ARNALDO MELO","ARNALDO MELO","M2002_MA_7_25555_474","BOCEL0045950","474","nome_parlamentar_x_urna","ANTONIO ARNALDO ALVES DE MELO","1954-06-08","PFL","ARNALDO MELO","ARNALDO MELO","titular"
2002,"15","CAMILO DE LELLIS CARNEIRO FIGUEIREDO","CAMILO DE LELLIS CARNEIRO FIGUEIREDO","M2002_MA_7_41236_522","BOCEL0070139","522","nome_parlamentar_x_nome_bocel","CAMILO DE LELLIS CARNEIRO FIGUEIREDO","1966-01-01","PSD","CAMILO DE LELLIS CARNEIRO FIGUEIREDO","CAMILO FIGUEIREDO","titular"
2002,"15","CAMILO FIGUEIREDO","CAMILO FIGUEIREDO",NA,NA,NA,NA,NA,NA,NA,"CAMILO FIGUEIREDO","CAMILO FIGUEIREDO","suplente"
2002,"15","CARLOS ALBERTO FRANCO DE ALMEIDA","CARLOS ALBERTO FRANCO DE ALMEIDA",NA,NA,NA,NA,NA,NA,NA,"CARLOS ALBERTO FRANCO DE ALMEIDA","CARLOS ALMEIDA","suplente"
2002,"15","CARLOS ALBERTO MILHOMEM","CARLOS ALBERTO MILHOMEM",NA,NA,NA,NA,NA,NA,NA,"CARLOS ALBERTO MILHOMEM","CARLOS MILHOMEM","suplente"
2002,"15","CARLOS ALBERTO MILHOMEM DE SOUSA","CARLOS ALBERTO MILHOMEM DE SOUSA","M2002_MA_7_25113_486","BOCEL0029809","486","nome_parlamentar_x_nome_bocel","CARLOS ALBERTO MILHOMEM DE SOUSA","1937-05-02","PFL","CARLOS ALBERTO MILHOMEM DE SOUSA","CARLOS SOUSA","titular"
2002,"15","CARLOS ANTONIO MUNIZ FILHO","CARLOS ANTONIO MUNIZ FILHO",NA,NA,NA,NA,NA,NA,NA,"CARLOS ANTONIO MUNIZ FILHO","CARLOS FILHO","suplente"
2002,"15","CARLOS BRAIDE","CARLOS BRAIDE","M2002_MA_7_15120_549","BOCEL0001599","549","nome_parlamentar_x_urna","ANTONIO CARLOS BRAIDE","1944-05-27","PMDB","CARLOS BRAIDE","CARLOS BRAIDE","titular"
2002,"15","CARLOS FILHO","CARLOS FILHO","M2002_MA_7_25258_470","BOCEL0111215","470","nome_parlamentar_x_urna","CARLOS ANTONIO MUNIZ FILHO","1976-03-26","PFL","CARLOS FILHO","CARLOS FILHO","titular"
2002,"15","CESAR HENRIQUE SANTOS PIRES","CESAR HENRIQUE SANTOS PIRES",NA,NA,NA,NA,NA,NA,NA,"CESAR HENRIQUE SANTOS PIRES","CESAR PIRES","suplente"
2002,"15","CESAR PIRES","CESAR PIRES","M2002_MA_7_25802_458","BOCEL0006346","458","nome_parlamentar_x_urna","CESAR HENRIQUE SANTOS PIRES","1956-10-13","PFL","CESAR PIRES","CESAR PIRES","titular"
2002,"15","CRISTINA ARCHER","CRISTINA ARCHER","M2002_MA_7_45678_584","BOCEL0010061","584","nome_parlamentar_x_urna","MARIA CRISTINA CEPPAS ARCHER","1955-05-24","PSDB","CRISTINA ARCHER","CRISTINA ARCHER","titular"
2002,"15","CESAR HENRIQUE SANTOS PIRES","CSAR HENRIQUE SANTOS PIRES",NA,NA,NA,NA,NA,NA,NA,"CESAR HENRIQUE SANTOS PIRES","CESAR PIRES","suplente"
2002,"15","DEUSDEDITH ALVES SAMPAIO","DEUSDEDITH ALVES SAMPAIO","M2002_MA_7_15151_553","BOCEL0035575","553","nome_parlamentar_x_nome_bocel","DEUSDEDITH ALVES SAMPAIO","1958-02-28","PMDB","DEUSDEDITH ALVES SAMPAIO","DEUSDEDITH SAMPAIO","titular"
2002,"15","DEUSDEDITH SAMPAIO","DEUSDEDITH SAMPAIO",NA,NA,NA,NA,NA,NA,NA,"DEUSDEDITH SAMPAIO","DEUSDEDITH SAMPAIO","suplente"
2002,"15","DEUSDETH SAMPAIO","DEUSDETH SAMPAIO",NA,NA,NA,NA,NA,NA,NA,"DEUSDETH SAMPAIO","DEUSDETH SAMPAIO","suplente"
2002,"15","DOMINGOS DUTRA","DOMINGOS DUTRA",NA,NA,NA,NA,NA,NA,NA,"DOMINGOS DUTRA","DOMINGOS DUTRA","suplente"
2002,"15","DOMINGOS FRANCISCO DUTRA FILHO","DOMINGOS FRANCISCO DUTRA FILHO","M2002_MA_7_13147_131","BOCEL0001672","131","nome_parlamentar_x_nome_bocel","DOMINGOS FRANCISCO DUTRA FILHO","1956-03-20","PT","DOMINGOS FRANCISCO DUTRA FILHO","DOMINGOS FILHO","titular"
2002,"15","ELIGIO ALVES DE ALMEIDA","ELGIO ALVES DE ALMEIDA","M2002_MA_7_11234_414","BOCEL0018408","414","nome_parlamentar_x_nome_bocel","ELIGIO ALVES DE ALMEIDA","1956-06-17","PPB","ELIGIO ALVES DE ALMEIDA","ELIGIO ALMEIDA","titular"
2002,"15","ELIGIO ALM EIDA","ELIGIO ALM EIDA",NA,NA,NA,NA,NA,NA,NA,"ELIGIO ALM EIDA","ELIGIO EIDA","suplente"
2002,"15","ELIGIO ALM EIDA","ELIGIO ALMEIDA",NA,NA,NA,NA,NA,NA,NA,"ELIGIO ALM EIDA","ELIGIO EIDA","suplente"
2002,"15","ELIGIO ALVES DE ALMEIDA","ELIGIO ALVES DE ALMEIDA","M2002_MA_7_11234_414","BOCEL0018408","414","nome_parlamentar_x_nome_bocel","ELIGIO ALVES DE ALMEIDA","1956-06-17","PPB","ELIGIO ALVES DE ALMEIDA","ELIGIO ALMEIDA","titular"
2002,"15","FORTUNATO MACEDO","FORTUNATO MACEDO",NA,NA,NA,NA,NA,NA,NA,"FORTUNATO MACEDO","FORTUNATO MACEDO","suplente"
2002,"15","FRANCISCO DE ASSIS CASTRO GOMES","FRANCISCO DE ASSIS CASTRO GOMES","M2002_MA_7_25808_452","BOCEL0003717","452","nome_parlamentar_x_nome_bocel","FRANCISCO DE ASSIS CASTRO GOMES","1941-05-17","PFL","FRANCISCO DE ASSIS CASTRO GOMES","FRANCISCO GOMES","titular"
2002,"15","FRANCISCO GOM ES","FRANCISCO GOM ES",NA,NA,NA,NA,NA,NA,NA,"FRANCISCO GOM ES","FRANCISCO ES","suplente"
2002,"15","FRANCISCO GOM ES","FRANCISCO GOMES",NA,NA,NA,NA,NA,NA,NA,"FRANCISCO GOM ES","FRANCISCO ES","suplente"
2002,"15","GARDENIA CASTELO","GARDENIA CASTELO",NA,NA,"598","suplente_nome_parlamentar_x_urna","GARDENIA MARIA SANTOS CASTELO RIBEIRO GONCALVES","01/12/1961",NA,"GARDENIA CASTELO","GARDENIA CASTELO","suplente"
2002,"15","GARDENIA GONCALVES","GARDENIA GONCALVES",NA,NA,NA,NA,NA,NA,NA,"GARDENIA GONCALVES","GARDENIA GONCALVES","suplente"
2002,"15","GEOVANE CASTRO","GEOVANE CASTRO","M2002_MA_7_25369_460","BOCEL0070525","460","nome_parlamentar_x_urna","GEOVANE SILVA DE CASTRO","1955-02-07","PFL","GEOVANE CASTRO","GEOVANE CASTRO","titular"
2002,"15","GEOVANE SILVA DE CASTRO","GEOVANE SILVA DE CASTRO",NA,NA,NA,NA,NA,NA,NA,"GEOVANE SILVA DE CASTRO","GEOVANE CASTRO","suplente"
2002,"15","GRACA PAZ","GRACA PAZ","M2002_MA_7_12121_255","BOCEL0033203","255","nome_parlamentar_x_urna","MARIA DA GRACA FONSECA PAZ","1953-05-02","PDT","GRACA PAZ","GRACA PAZ","titular"
2002,"15","HELENA BARROS HELUY","HELENA BARROS HELUY","M2002_MA_7_13610_90","BOCEL0001781","90","nome_parlamentar_x_nome_bocel","HELENA BARROS HELUY","1941-10-07","PT","HELENA BARROS HELUY","HELENA HELUY","titular"
2002,"15","HELIO OLIVIERA SOARES","HELIO OLIVIERA SOARES",NA,NA,NA,NA,NA,NA,NA,"HELIO OLIVIERA SOARES","HELIO SOARES","suplente"
2002,"15","HELIO SOARES","HELIO SOARES","M2002_MA_7_25255_473","BOCEL0003493","473","nome_parlamentar_x_urna","HELIO OLIVEIRA SOARES","1952-06-06","PFL","HELIO SOARES","HELIO SOARES","titular"
2002,"15","HELIO OLIVIERA SOARES","HLIO OLIVIERA SOARES",NA,NA,NA,NA,NA,NA,NA,"HELIO OLIVIERA SOARES","HELIO SOARES","suplente"
2002,"15","HUMBERTO COUTINHO","HUMBERTO COUTINHO","M2002_MA_7_41245_505","BOCEL0006996","505","nome_parlamentar_x_urna","HUMBERTO IVAR ARAÚJO COUTINHO","1946-08-21","PSD","HUMBERTO COUTINHO","HUMBERTO COUTINHO","titular"
2002,"15","HUMBERTO IVAR ARAJO COUTINHO","HUMBERTO IVAR ARAJO COUTINHO",NA,NA,NA,NA,NA,NA,NA,"HUMBERTO IVAR ARAJO COUTINHO","HUMBERTO COUTINHO","suplente"
2002,"15","JANICE BRAIDE","JANICE BRAIDE",NA,NA,NA,NA,NA,NA,NA,"JANICE BRAIDE","JANICE BRAIDE","suplente"
2002,"15","JANICE SANTOS BRAIDE","JANICE SANTOS BRAIDE","M2002_MA_7_41210_524","BOCEL0070687","524","nome_parlamentar_x_nome_bocel","JANICE SANTOS BRAIDE","1943-09-15","PSD","JANICE SANTOS BRAIDE","JANICE BRAIDE","titular"
2002,"15","JOAO EVANGELISTA","JOAO EVANGELISTA","M2002_MA_7_25678_488","BOCEL0001616","488","nome_parlamentar_x_urna","JOAO EVANGELISTA SERRA DOS SANTOS","1957-06-03","PFL","JOAO EVANGELISTA","JOAO EVANGELISTA","titular"
2002,"15","JOAO EVANGELISTA SERRA DOS SANTOS","JOAO EVANGELISTA SERRA DOS SANTOS",NA,NA,NA,NA,NA,NA,NA,"JOAO EVANGELISTA SERRA DOS SANTOS","JOAO SANTOS","suplente"
2002,"15","JOAO PAVAO FILHO","JOAO PAVAO FILHO",NA,NA,NA,NA,NA,NA,NA,"JOAO PAVAO FILHO","JOAO FILHO","suplente"
2002,"15","JOAQUIM ELIAS NAGIB PINTO HAICKEL","JOAQUIM ELIAS NAGIB PINTO HAICKEL",NA,NA,NA,NA,NA,NA,NA,"JOAQUIM ELIAS NAGIB PINTO HAICKEL","JOAQUIM HAICKEL","suplente"
2002,"15","JOAQUIM HAICKEL","JOAQUIM HAICKEL",NA,NA,NA,NA,NA,NA,NA,"JOAQUIM HAICKEL","JOAQUIM HAICKEL","suplente"
2002,"15","JOAQUIM NAGIB HAICKEL","JOAQUIM NAGIB HAICKEL","M2002_MA_7_14789_288","BOCEL0125607","288","nome_parlamentar_x_urna","JOAQUIM ELIAS NAGIB PINTO HAICKEL","1959-12-13","PTB","JOAQUIM NAGIB HAICKEL","JOAQUIM HAICKEL","titular"
2002,"15","JOAO EVANGELISTA SERRA DOS SANTOS","JOO EVANGELISTA SERRA DOS SANTOS",NA,NA,NA,NA,NA,NA,NA,"JOAO EVANGELISTA SERRA DOS SANTOS","JOAO SANTOS","suplente"
2002,"15","JOAO PAVAO FILHO","JOO PAVO FILHO",NA,NA,NA,NA,NA,NA,NA,"JOAO PAVAO FILHO","JOAO FILHO","suplente"
2002,"15","JOSE LIMA DOS SANTOS FILHO","JOS LIMA DOS SANTOS FILHO","M2002_MA_7_30123_638","BOCEL0034688","638","nome_parlamentar_x_nome_bocel","JOSE LIMA DOS SANTOS FILHO","1959-05-20","PGT","JOSE LIMA DOS SANTOS FILHO","JOSE FILHO","titular"
2002,"15","JOSE MAX PEREIRA BARROS","JOS MAX PEREIRA BARROS",NA,NA,NA,NA,NA,NA,NA,"JOSE MAX PEREIRA BARROS","JOSE BARROS","suplente"
2002,"15","JOSE LIMA","JOSE LIMA",NA,NA,NA,NA,NA,NA,NA,"JOSE LIMA","JOSE LIMA","suplente"
2002,"15","JOSE LIMA DOS SANTOS FILHO","JOSE LIMA DOS SANTOS FILHO","M2002_MA_7_30123_638","BOCEL0034688","638","nome_parlamentar_x_nome_bocel","JOSE LIMA DOS SANTOS FILHO","1959-05-20","PGT","JOSE LIMA DOS SANTOS FILHO","JOSE FILHO","titular"
2002,"15","JOSE MAX PEREIRA BARROS","JOSE MAX PEREIRA BARROS",NA,NA,NA,NA,NA,NA,NA,"JOSE MAX PEREIRA BARROS","JOSE BARROS","suplente"
2002,"15","JULIAO AMIN","JULIAO AMIN","M2002_MA_7_12111_233","BOCEL0004567","233","nome_parlamentar_x_urna","JULIAO AMIN CASTRO","1946-10-01","PDT","JULIAO AMIN","JULIAO AMIN","titular"
2002,"15","JULIAO AMIN CASTRO","JULIAO AMIN CASTRO",NA,NA,NA,NA,NA,NA,NA,"JULIAO AMIN CASTRO","JULIAO CASTRO","suplente"
2002,"15","JULIAO AMIN CASTRO","JULIO AMIN CASTRO",NA,NA,NA,NA,NA,NA,NA,"JULIAO AMIN CASTRO","JULIAO CASTRO","suplente"
2002,"15","LOURIVAL MENDES","LOURIVAL MENDES",NA,NA,"658","suplente_nome_parlamentar_x_urna","LOURIVAL MENDES DA FONSECA FILHO","27/03/1955",NA,"LOURIVAL MENDES","LOURIVAL MENDES","suplente"
2002,"15","LUIZ PEDRO","LUIZ PEDRO","M2002_MA_7_12345_229","BOCEL0002424","229","nome_parlamentar_x_urna","LUIZ PEDRO DE OLIVEIRA E SILVA","1953-02-26","PDT","LUIZ PEDRO","LUIZ PEDRO","titular"
2002,"15","LUIZ PEDRO DE OLIVEIRA E SILVA","LUIZ PEDRO DE OLIVEIRA E SILVA",NA,NA,NA,NA,NA,NA,NA,"LUIZ PEDRO DE OLIVEIRA E SILVA","LUIZ SILVA","suplente"
2002,"15","MALRINETE GRALHADA","MALRINETE GRALHADA",NA,NA,"462","suplente_nome_parlamentar_x_urna","MALRINETE DOS SANTOS VALERIO","01/06/1966",NA,"MALRINETE GRALHADA","MALRINETE GRALHADA","suplente"
2002,"15","MANOEL CEARA","MANOEL CEARA",NA,NA,NA,NA,NA,NA,NA,"MANOEL CEARA","MANOEL CEARA","suplente"
2002,"15","MANOEL NUNES RIBEIRO FILHO","MANOEL NUNES RIBEIRO FILHO",NA,NA,NA,NA,NA,NA,NA,"MANOEL NUNES RIBEIRO FILHO","MANOEL FILHO","suplente"
2002,"15","MANOEL RIBEIRO","MANOEL RIBEIRO","M2002_MA_7_41266_520","BOCEL0014897","520","nome_parlamentar_x_urna","MANOEL NUNES RIBEIRO FILHO","1948-01-07","PSD","MANOEL RIBEIRO","MANOEL RIBEIRO","titular"
2002,"15","MANOEL SOUSA VIANA","MANOEL SOUSA VIANA","M2002_MA_7_14615_287","BOCEL0019041","287","nome_parlamentar_x_nome_bocel","MANOEL SOUSA VIANA","1942-10-18","PTB","MANOEL SOUSA VIANA","MANOEL VIANA","titular"
2002,"15","MANOEL SOUSA VIANA MANOEL CEAR","MANOEL SOUSA VIANA MANOEL CEAR",NA,NA,NA,NA,NA,NA,NA,"MANOEL SOUSA VIANA MANOEL CEAR","MANOEL CEAR","suplente"
2002,"15","MARIA CRISTINA CEPPAS ARCHER","MARIA CRISTINA CEPPAS ARCHER",NA,NA,NA,NA,NA,NA,NA,"MARIA CRISTINA CEPPAS ARCHER","MARIA ARCHER","suplente"
2002,"15","MARIA DA GRACA FONSECA PAZ","MARIA DA GRAA FONSECA PAZ",NA,NA,NA,NA,NA,NA,NA,"MARIA DA GRACA FONSECA PAZ","MARIA PAZ","suplente"
2002,"15","MARIA DA GRACA FONSECA PAZ","MARIA DA GRACA FONSECA PAZ",NA,NA,NA,NA,NA,NA,NA,"MARIA DA GRACA FONSECA PAZ","MARIA PAZ","suplente"
2002,"15","MARIA DO SOCORRO ALMEIDA WAQUIM","MARIA DO SOCORRO ALMEIDA WAQUIM","M2002_MA_7_15147_515","BOCEL0025877","515","nome_parlamentar_x_nome_bocel","MARIA DO SOCORRO ALMEIDA WAQUIM","1955-11-30","PMDB","MARIA DO SOCORRO ALMEIDA WAQUIM","MARIA WAQUIM","titular"
2002,"15","MARIA TERESA TROVAO MURAD","MARIA TERESA TROVAO MURAD",NA,NA,NA,NA,NA,NA,NA,"MARIA TERESA TROVAO MURAD","MARIA MURAD","suplente"
2002,"15","MARIA TERESA TROVAO MURAD","MARIA TERESA TROVO MURAD",NA,NA,NA,NA,NA,NA,NA,"MARIA TERESA TROVAO MURAD","MARIA MURAD","suplente"
2002,"15","MARLY ABDALA","MARLY ABDALA",NA,NA,NA,NA,NA,NA,NA,"MARLY ABDALA","MARLY ABDALA","suplente"
2002,"15","MAURA ALVES DE MELO RIBEIRO","MAURA ALVES DE MELO RIBEIRO",NA,NA,NA,NA,NA,NA,NA,"MAURA ALVES DE MELO RIBEIRO","MAURA RIBEIRO","suplente"
2002,"15","MAURA ALVES DE MELO RIBEIRO MAURA JORGE","MAURA ALVES DE MELO RIBEIRO MAURA JORGE",NA,NA,NA,NA,NA,NA,NA,"MAURA ALVES DE MELO RIBEIRO MAURA JORGE","MAURA JORGE","suplente"
2002,"15","MAURA JORGE","MAURA JORGE","M2002_MA_7_25222_485","BOCEL0051620","485","nome_parlamentar_x_urna","MAURA ALVES DE MELO RIBEIRO","1962-09-21","PFL","MAURA JORGE","MAURA JORGE","titular"
2002,"15","MAURO BEZERRA","MAURO BEZERRA","M2002_MA_7_12012_241","BOCEL0002168","241","nome_parlamentar_x_urna","MAURO DE ARAUJO BEZERRA","1940-02-12","PDT","MAURO BEZERRA","MAURO BEZERRA","titular"
2002,"15","MAURO DE ARAUJO BEZERRA","MAURO DE ARAJO BEZERRA",NA,NA,NA,NA,NA,NA,NA,"MAURO DE ARAUJO BEZERRA","MAURO BEZERRA","suplente"
2002,"15","MAURO DE ARAUJO BEZERRA","MAURO DE ARAUJO BEZERRA",NA,NA,NA,NA,NA,NA,NA,"MAURO DE ARAUJO BEZERRA","MAURO BEZERRA","suplente"
2002,"15","MAX BARROS","MAX BARROS","M2002_MA_7_25800_472","BOCEL0001072","472","nome_parlamentar_x_urna","JOSE MAX PEREIRA BARROS","1958-08-02","PFL","MAX BARROS","MAX BARROS","titular"
2002,"15","PAULO NETO","PAULO NETO","M2002_MA_7_28111_660","BOCEL0044641","660","nome_parlamentar_x_urna","PAULO ROBERTO ALMEIDA NETO","1963-11-19","PRTB","PAULO NETO","PAULO NETO","titular"
2002,"15","PAULO ROBERTO ALMEIDA NETO","PAULO ROBERTO ALMEIDA NETO",NA,NA,NA,NA,NA,NA,NA,"PAULO ROBERTO ALMEIDA NETO","PAULO NETO","suplente"
2002,"15","PAVAO FILHO","PAVAO FILHO","M2002_MA_7_20120_547","BOCEL0013115","547","nome_parlamentar_x_urna","JOAO PAVAO FILHO","1958-04-06","PSC","PAVAO FILHO","PAVAO FILHO","titular"
2002,"15","PEDRO ARISTOTELES SOUZA VELOSO","PEDRO ARISTOTELES SOUZA VELOSO",NA,NA,"560","suplente_primeiro_ultimo_x_urna","PEDRO ARISTOTELES SOUSA VELOSO","29/06/1957",NA,"PEDRO ARISTOTELES SOUZA VELOSO","PEDRO VELOSO","suplente"
2002,"15","PEDRO VELOSO","PEDRO VELOSO",NA,NA,"560","suplente_nome_parlamentar_x_urna","PEDRO ARISTOTELES SOUSA VELOSO","29/06/1957",NA,"PEDRO VELOSO","PEDRO VELOSO","suplente"
2002,"15","REGINALDO COSTA NUNES","REGINALDO COSTA NUNES","M2002_MA_7_22123_102","BOCEL0156586","102","nome_parlamentar_x_nome_bocel","REGINALDO COSTA NUNES","1957-03-20","PL","REGINALDO COSTA NUNES","REGINALDO NUNES","titular"
2002,"15","REGINALDO NUNES","REGINALDO NUNES",NA,NA,NA,NA,NA,NA,NA,"REGINALDO NUNES","REGINALDO NUNES","suplente"
2002,"15","RIGO ALBERTO TELES DE SOUSA","RIGO ALBERTO TELES DE SOUSA",NA,NA,NA,NA,NA,NA,NA,"RIGO ALBERTO TELES DE SOUSA","RIGO SOUSA","suplente"
2002,"15","RIGO TELES","RIGO TELES","M2002_MA_7_25200_459","BOCEL0076231","459","nome_parlamentar_x_urna","RIGO ALBERTO TELES DE SOUSA","1963-06-08","PFL","RIGO TELES","RIGO TELES","titular"
2002,"15","RUBEM BRITO","RUBEM BRITO","M2002_MA_7_12612_272","BOCEL0001377","272","nome_parlamentar_x_urna","RUBEM MOREIRA DE BRITO","1955-05-31","PDT","RUBEM BRITO","RUBEM BRITO","titular"
2002,"15","RUBEM MOREIRA DE BRITO","RUBEM MOREIRA DE BRITO",NA,NA,NA,NA,NA,NA,NA,"RUBEM MOREIRA DE BRITO","RUBEM BRITO","suplente"
2002,"15","RUBENS PEREIRA","RUBENS PEREIRA","M2002_MA_7_25220_466","BOCEL0103722","466","nome_parlamentar_x_urna","RUBENS PEREIRA E SILVA","1959-11-25","PFL","RUBENS PEREIRA","RUBENS PEREIRA","titular"
2002,"15","RUBENS PEREIRA E SILVA","RUBENS PEREIRA E SILVA",NA,NA,NA,NA,NA,NA,NA,"RUBENS PEREIRA E SILVA","RUBENS SILVA","suplente"
2002,"15","SOCORRO W AQUIM","SOCORRO W AQUIM",NA,NA,NA,NA,NA,NA,NA,"SOCORRO W AQUIM","SOCORRO AQUIM","suplente"
2002,"15","SOCORRO W AQUIM","SOCORRO WAQUIM",NA,NA,NA,NA,NA,NA,NA,"SOCORRO W AQUIM","SOCORRO AQUIM","suplente"
2002,"15","SOLINEY DE SOUSA E SILVA","SOLINEY DE SOUSA E SILVA","M2002_MA_7_41258_497","BOCEL0093378","497","nome_parlamentar_x_nome_bocel","SOLINEY DE SOUSA E SILVA","1970-09-08","PSD","SOLINEY DE SOUSA E SILVA","SOLINEY SILVA","titular"
2002,"15","SOLINEY SILVA","SOLINEY SILVA",NA,NA,NA,NA,NA,NA,NA,"SOLINEY SILVA","SOLINEY SILVA","suplente"
2002,"15","STENIO DOS SANTOS REZENDE","STENIO DOS SANTOS REZENDE","M2002_MA_7_41234_499","BOCEL0053051","499","nome_parlamentar_x_nome_bocel","STENIO DOS SANTOS REZENDE","1963-12-07","PSD","STENIO DOS SANTOS REZENDE","STENIO REZENDE","titular"
2002,"15","STENIO RESENDE","STENIO RESENDE",NA,NA,NA,NA,NA,NA,NA,"STENIO RESENDE","STENIO RESENDE","suplente"
2002,"15","STENIO RESENDE","STENIO REZENDE",NA,NA,NA,NA,NA,NA,NA,"STENIO RESENDE","STENIO RESENDE","suplente"
2002,"15","STENIO DOS SANTOS REZENDE","STNIO DOS SANTOS REZENDE","M2002_MA_7_41234_499","BOCEL0053051","499","nome_parlamentar_x_nome_bocel","STENIO DOS SANTOS REZENDE","1963-12-07","PSD","STENIO DOS SANTOS REZENDE","STENIO REZENDE","titular"
2002,"15","TALVANE HORTEGAL","TALVANE HORTEGAL",NA,NA,NA,NA,NA,NA,NA,"TALVANE HORTEGAL","TALVANE HORTEGAL","suplente"
2002,"15","TELMA PINHEIRO","TELMA PINHEIRO","M2002_MA_7_25221_461","BOCEL0005710","461","nome_parlamentar_x_urna","TELMA PINHEIRO RIBEIRO","1952-03-12","PFL","TELMA PINHEIRO","TELMA PINHEIRO","titular"
2002,"15","TELMA PINHEIRO RIBEIRO","TELMA PINHEIRO RIBEIRO",NA,NA,NA,NA,NA,NA,NA,"TELMA PINHEIRO RIBEIRO","TELMA RIBEIRO","suplente"
2002,"15","TERESA MURAD","TERESA MURAD","M2002_MA_7_40140_719","BOCEL0011040","719","nome_parlamentar_x_urna","MARIA TEREZA TROVAO MURAD","1956-02-15","PSB","TERESA MURAD","TERESA MURAD","titular"
2002,"15","WILSON CARVALHO","WILSON CARVALHO","M2002_MA_7_25111_476","BOCEL0020011","476","nome_parlamentar_x_urna","WILSON PEREIRA DE CARVALHO FILHO","1951-03-20","PFL","WILSON CARVALHO","WILSON CARVALHO","titular"
2002,"15","WILSON PEREIRA DE CARVALHO FILHO","WILSON PEREIRA DE CARVALHO FILHO",NA,NA,NA,NA,NA,NA,NA,"WILSON PEREIRA DE CARVALHO FILHO","WILSON FILHO","suplente"
2006,"16","AFONSO MANOEL","AFONSO MANOEL","M2006_MA_7_40789_10398","BOCEL0001027","10398","nome_parlamentar_x_urna","AFONSO MANOEL BORGES FERREIRA","1956-02-12","PSB","AFONSO MANOEL","AFONSO MANOEL","titular"
2006,"16","ALBERTO FRANCO","ALBERTO FRANCO","M2006_MA_7_45000_10072","BOCEL0013760","10072","nome_parlamentar_x_urna","CARLOS ALBERTO FRANCO DE ALMEIDA","1962-01-15","PSDB","ALBERTO FRANCO","ALBERTO FRANCO","titular"
2006,"16","ANTONIO BACELAR","ANTONIO BACELAR","M2006_MA_7_12333_10536","BOCEL0001386","10536","tokens_contidos_no_nome_civil","ANTONIO CARLOS BACELAR NUNES","1951-01-11","PDT","ANTONIO BACELAR","ANTONIO BACELAR","titular"
2006,"16","ANTONIO PEREIRA","ANTONIO PEREIRA","M2006_MA_7_25333_10646","BOCEL0035207","10646","nome_parlamentar_x_urna_recente","ANTONIO PEREIRA FILHO","1961-02-06","PFL","ANTONIO PEREIRA","ANTONIO PEREIRA","titular"
2006,"16","ARNALDO MELO","ARNALDO MELO","M2006_MA_7_45222_10080","BOCEL0045950","10080","nome_parlamentar_x_urna","ANTONIO ARNALDO ALVES DE MELO","1954-06-08","PSDB","ARNALDO MELO","ARNALDO MELO","titular"
2006,"16","CAMILO FIGUEIREDO","CAMILO FIGUEIREDO","M2006_MA_7_12580_10546","BOCEL0070139","10546","nome_parlamentar_x_urna","CAMILO DE LELLIS CARNEIRO FIGUEREIDO","1966-01-01","PDT","CAMILO FIGUEIREDO","CAMILO FIGUEIREDO","titular"
2006,"16","CARLOS ALBERTO MILHOMEM","CARLOS ALBERTO MILHOMEM","M2006_MA_7_25113_10643","BOCEL0029809","10643","tokens_contidos_no_nome_civil","CARLOS ALBERTO MILHOMEM DE SOUSA","1937-05-02","PFL","CARLOS ALBERTO MILHOMEM","CARLOS MILHOMEM","titular"
2006,"16","CARLOS AMORIM","CARLOS AMORIM",NA,NA,NA,NA,NA,NA,NA,"CARLOS AMORIM","CARLOS AMORIM","suplente"
2006,"16","CARLOS BRAIDE","CARLOS BRAIDE","M2006_MA_7_12120_10527","BOCEL0001599","10527","tokens_contidos_no_nome_civil","ANTONIO CARLOS BRAIDE","1944-05-27","PDT","CARLOS BRAIDE","CARLOS BRAIDE","titular"
2006,"16","CARLOS FILHO","CARLOS FILHO","M2006_MA_7_43123_10691","BOCEL0111215","10691","nome_parlamentar_x_urna","CARLOS ANTONIO MUNIZ FILHO","1976-03-26","PV","CARLOS FILHO","CARLOS FILHO","titular"
2006,"16","CELSO SANTOS","CELSO SANTOS",NA,NA,NA,NA,NA,NA,NA,"CELSO SANTOS","CELSO SANTOS","suplente"
2006,"16","CESAR PIRES","CESAR PIRES","M2006_MA_7_25802_10652","BOCEL0006346","10652","nome_parlamentar_x_urna","CESAR HENRIQUE SANTOS PIRES","1956-10-13","PFL","CESAR PIRES","CESAR PIRES","titular"
2006,"16","CHICO LEITOA","CHICO LEITOA",NA,NA,"10530","suplente_nome_parlamentar_x_urna","FRANCISCO RODRIGUES DE SOUSA","09/07/1954",NA,"CHICO LEITOA","CHICO LEITOA","suplente"
2006,"16","CLEIDE COUTINHO","CLEIDE COUTINHO","M2006_MA_7_45888_10094","BOCEL0006980","10094","nome_parlamentar_x_urna","CLEIDE BARROSO COUTINHO","1947-01-21","PSDB","CLEIDE COUTINHO","CLEIDE COUTINHO","titular"
2006,"16","DOMINGOS PAZ","DOMINGOS PAZ","M2006_MA_7_40140_10380","BOCEL0167840","10380","nome_parlamentar_x_urna","DOMINGOS ALBURQUEQUE PAZ","1958-11-12","PSB","DOMINGOS PAZ","DOMINGOS PAZ","titular"
2006,"16","EDIVALDO HOLANDA","EDIVALDO HOLANDA","M2006_MA_7_36123_10243","BOCEL0016555","10243","nome_parlamentar_x_urna","EDIVALDO DE HOLANDA BRAGA","1946-12-31","PTC","EDIVALDO HOLANDA","EDIVALDO HOLANDA","titular"
2006,"16","EDSON ARAUJO","EDSON ARAUJO",NA,NA,"10212","suplente_nome_parlamentar_x_urna","EDSON CUNHA DE ARAUJO","26/09/1952",NA,"EDSON ARAUJO","EDSON ARAUJO","suplente"
2006,"16","ELIZIANE GAMA","ELIZIANE GAMA","M2006_MA_7_23000_10477","BOCEL0125827","10477","nome_parlamentar_x_urna","ELIZIANE PEREIRA GAMA","1977-02-27","PPS","ELIZIANE GAMA","ELIZIANE GAMA","titular"
2006,"16","FABIO BRAGA","FABIO BRAGA",NA,NA,"10659","suplente_nome_parlamentar_x_urna","FABIO HENRIQUE RAMOS BRAGA","19/08/1969",NA,"FABIO BRAGA","FABIO BRAGA","suplente"
2006,"16","FATIMA VIEIRA","FATIMA VIEIRA","M2006_MA_7_45333_10083","BOCEL0055703","10083","nome_parlamentar_x_urna","MARIA DE FATIMA VIEIRA LINS DE OLIVEIRA LIMA","1960-05-18","PSDB","FATIMA VIEIRA","FATIMA VIEIRA","titular"
2006,"16","FRANCISCO DANTAS","FRANCISCO DANTAS",NA,NA,NA,NA,NA,NA,NA,"FRANCISCO DANTAS","FRANCISCO DANTAS","suplente"
2006,"16","FRANCISCO GOMES","FRANCISCO GOMES","M2006_MA_7_25808_10653","BOCEL0003717","10653","primeiro_ultimo_x_nome_bocel","FRANCISCO DE ASSIS CASTRO GOMES","1941-05-17","PFL","FRANCISCO GOMES","FRANCISCO GOMES","titular"
2006,"16","FUFUCA","FUFUCA","M2006_MA_7_15555_10669","BOCEL0071459","10669","nome_parlamentar_x_urna","FRANCISCO DANTAS RIBEIRO FILHO","1956-07-20","PMDB","FUFUCA",NA,"titular"
2006,"16","FUFUCA DANTAS","FUFUCA DANTAS",NA,NA,NA,NA,NA,NA,NA,"FUFUCA DANTAS","FUFUCA DANTAS","suplente"
2006,"16","GARDENIA CASTELO","GARDENIA CASTELO",NA,NA,NA,NA,NA,NA,NA,"GARDENIA CASTELO","GARDENIA CASTELO","suplente"
2006,"16","GRACA PAZ","GRACA PAZ","M2006_MA_7_12121_10528","BOCEL0033203","10528","nome_parlamentar_x_urna","MARIA DA GRACA FONSECA PAZ","1953-05-02","PDT","GRACA PAZ","GRACA PAZ","titular"
2006,"16","GRACIETE LISBOA","GRACIETE LISBOA","M2006_MA_7_45800_10093","BOCEL0018286","10093","nome_parlamentar_x_urna","GRACIETE DE MARIA TRABULSI LISBOA","1956-03-12","PSDB","GRACIETE LISBOA","GRACIETE LISBOA","titular"
2006,"16","HELENA BARROS HELUY","HELENA BARROS HELUY","M2006_MA_7_13610_10310","BOCEL0001781","10310","nome_parlamentar_x_nome_bocel","HELENA BARROS HELUY","1941-10-07","PT","HELENA BARROS HELUY","HELENA HELUY","titular"
2006,"16","HELIO SOARES","HELIO SOARES","M2006_MA_7_11111_10723","BOCEL0003493","10723","nome_parlamentar_x_urna","HELIO OLIVEIRA SOARES","1952-06-06","PP","HELIO SOARES","HELIO SOARES","titular"
2006,"16","IRMAO CARLOS","IRMAO CARLOS",NA,NA,"10090","suplente_nome_parlamentar_x_urna","CARLOS ALBERTO MIRANDA DA COSTA","23/06/1966",NA,"IRMAO CARLOS","IRMAO CARLOS","suplente"
2006,"16","JANICE BRAIDE","JANICE BRAIDE",NA,NA,"10761","suplente_nome_parlamentar_x_urna","JANICE SANTOS BRAIDE","15/09/1943",NA,"JANICE BRAIDE","JANICE BRAIDE","suplente"
2006,"16","JOAO BATISTA","JOAO BATISTA","M2006_MA_7_11333_10731","BOCEL0251321","10731","nome_parlamentar_x_urna","JOAO BATISTA DOS SANTOS SILVA","1970-07-03","PP","JOAO BATISTA","JOAO BATISTA","titular"
2006,"16","JOAO EVANGELISTA","JOAO EVANGELISTA","M2006_MA_7_45678_10089","BOCEL0001616","10089","nome_parlamentar_x_urna","JOAO EVANGELISTA SERRA DOS SANTOS","1957-06-03","PSDB","JOAO EVANGELISTA","JOAO EVANGELISTA","titular"
2006,"16","JOAQUIM NAGIB HAICKEL","JOAQUIM NAGIB HAICKEL","M2006_MA_7_15369_10667","BOCEL0125607","10667","nome_parlamentar_x_urna","JOAQUIM NAGIB HAICKEL","1959-12-13","PMDB","JOAQUIM NAGIB HAICKEL","JOAQUIM HAICKEL","titular"
2006,"16","JOSE LIMA","JOSE LIMA","M2006_MA_7_40222_10382","BOCEL0034688","10382","tokens_contidos_no_nome_civil","JOSE LIMA DOS SANTOS FILHO","1959-05-20","PSB","JOSE LIMA","JOSE LIMA","titular"
2006,"16","JURA FILHO","JURA FILHO","M2006_MA_7_15121_10658","BOCEL0019106","10658","nome_parlamentar_x_urna","JURANDIR FERRO DO LAGO FILHO","1962-07-26","PMDB","JURA FILHO","JURA FILHO","titular"
2006,"16","LEO CUNHA","LEO CUNHA",NA,NA,"10720","suplente_nome_parlamentar_x_urna","LEOARREN TULIO DE SOUSA CUNHA","21/01/1963",NA,"LEO CUNHA","LEO CUNHA","suplente"
2006,"16","LEOARREN TULIO","LEOARREN TULIO",NA,NA,NA,NA,NA,NA,NA,"LEOARREN TULIO","LEOARREN TULIO","suplente"
2006,"16","MANOEL RIBEIRO","MANOEL RIBEIRO",NA,NA,"10763","suplente_nome_parlamentar_x_urna","MANOEL NUNES RIBEIRO FILHO","07/01/1948",NA,"MANOEL RIBEIRO","MANOEL RIBEIRO","suplente"
2006,"16","MARCELO TAVARES","MARCELO TAVARES","M2006_MA_7_40123_10378","BOCEL0084990","10378","nome_parlamentar_x_urna","MARCELO TAVARES SILVA","1971-09-20","PSB","MARCELO TAVARES","MARCELO TAVARES","titular"
2006,"16","MARCIA MARINHO","MARCIA MARINHO",NA,NA,"10647","suplente_nome_parlamentar_x_urna","MARCIA REGINA SEREJO MARINHO","22/10/1963",NA,"MARCIA MARINHO","MARCIA MARINHO","suplente"
2006,"16","MARCOS CALDAS","MARCOS CALDAS","M2006_MA_7_70456_10295","BOCEL0030393","10295","nome_parlamentar_x_urna","MARCOS ANTONIO DE CARVALHO CALDAS","1966-02-09","PT do B","MARCOS CALDAS","MARCOS CALDAS","titular"
2006,"16","MAURA JORGE","MAURA JORGE","M2006_MA_7_12222_10532","BOCEL0051620","10532","nome_parlamentar_x_urna","MAURA JORGE ALVES DE MELO RIBEIRO","1962-09-21","PDT","MAURA JORGE","MAURA JORGE","titular"
2006,"16","MAURA JORGE","MAURO JORGE","M2006_MA_7_12222_10532","BOCEL0051620","10532","nome_parlamentar_x_urna","MAURA JORGE ALVES DE MELO RIBEIRO","1962-09-21","PDT","MAURA JORGE","MAURA JORGE","titular"
2006,"16","MAX BARROS","MAX BARROS","M2006_MA_7_25800_10650","BOCEL0001072","10650","nome_parlamentar_x_urna","JOSE MAX PEREIRA BARROS","1958-08-02","PFL","MAX BARROS","MAX BARROS","titular"
2006,"16","NONATO ARAGAO","NONATO ARAGAO","M2006_MA_7_17890_10226","BOCEL0074655","10226","nome_parlamentar_x_urna","RAIMUNDO NONATO AMARAL ARAGAO","1955-08-31","PSL","NONATO ARAGAO","NONATO ARAGAO","titular"
2006,"16","PAULO NETO","PAULO NETO","M2006_MA_7_40000_10373","BOCEL0044641","10373","nome_parlamentar_x_urna","PAULO ROBERTO ALMEIDA NETO","1963-11-19","PSB","PAULO NETO","PAULO NETO","titular"
2006,"16","PAVAO FILHO","PAVAO FILHO","M2006_MA_7_12000_10520","BOCEL0013115","10520","nome_parlamentar_x_urna","JOAO PAVAO FILHO","1958-04-06","PDT","PAVAO FILHO","PAVAO FILHO","titular"
2006,"16","PEDRO VELOSO","PEDRO VELOSO",NA,NA,"10540","suplente_nome_parlamentar_x_urna","PEDRO ARISTOTELES SOUSA VELOSO","29/06/1957",NA,"PEDRO VELOSO","PEDRO VELOSO","suplente"
2006,"16","PENALDON JORGE","PENALDON JORGE",NA,NA,NA,NA,NA,NA,NA,"PENALDON JORGE","PENALDON JORGE","suplente"
2006,"16","RAIMUNDO CUTRIM","RAIMUNDO CUTRIM","M2006_MA_7_25678_10648","BOCEL0035137","10648","nome_parlamentar_x_urna_recente","RAIMUNDO SOARES CUTRIM","1953-10-08","PFL","RAIMUNDO CUTRIM","RAIMUNDO CUTRIM","titular"
2006,"16","REINALDO CALVET","REINALDO CALVET",NA,NA,"10642","suplente_nome_parlamentar_x_urna","JOSE REINALDO DA SILVA CALVET","10/04/1959",NA,"REINALDO CALVET","REINALDO CALVET","suplente"
2006,"16","RICARDO ARCHER","RICARDO ARCHER",NA,NA,"10672","suplente_nome_parlamentar_x_urna","RICARDO ANTONIO ARCHER","21/01/1952",NA,"RICARDO ARCHER","RICARDO ARCHER","suplente"
2006,"16","RICARDO MURAD","RICARDO MURAD","M2006_MA_7_15258_10665","BOCEL0010492","10665","nome_parlamentar_x_urna_recente","RICARDO JORGE MURAD","1956-04-12","PMDB","RICARDO MURAD","RICARDO MURAD","titular"
2006,"16","RIGO TELES","RIGO TELES","M2006_MA_7_45200_10079","BOCEL0076231","10079","nome_parlamentar_x_urna","RIGO ALBERTO TELES DE SOUSA","1963-06-08","PSDB","RIGO TELES","RIGO TELES","titular"
2006,"16","ROBERTO COSTA","ROBERTO COSTA",NA,NA,"10674","suplente_nome_parlamentar_x_urna","JOSE ROBERTO COSTA SANTOS","18/03/1974",NA,"ROBERTO COSTA","ROBERTO COSTA","suplente"
2006,"16","RUBENS PEREIRA JUNIOR","RUBENS PEREIRA JUNIOR","M2006_MA_7_28220_10142","BOCEL0164332","10142","primeiro_ultimo_x_urna","RUBENS PEREIRA E SILVA JUNIOR","1984-03-16","PRTB","RUBENS PEREIRA JUNIOR","RUBENS JUNIOR","titular"
2006,"16","SOLINEY SILVA","SOLINEY SILVA","M2006_MA_7_45258_10081","BOCEL0093378","10081","nome_parlamentar_x_urna_recente","SOLINEY DE SOUSA E SILVA","1970-09-08","PSDB","SOLINEY SILVA","SOLINEY SILVA","titular"
2006,"16","STENIO RESENDE","STENIO RESENDE","M2006_MA_7_45777_10091","BOCEL0053051","10091","nome_parlamentar_x_urna","STENIO DOS SANTOS REZENDE","1963-12-07","PSDB","STENIO RESENDE","STENIO RESENDE","titular"
2006,"16","STENIO RESENDE","STENIO REZENDE","M2006_MA_7_45777_10091","BOCEL0053051","10091","nome_parlamentar_x_urna","STENIO DOS SANTOS REZENDE","1963-12-07","PSDB","STENIO RESENDE","STENIO RESENDE","titular"
2006,"16","VALDEVINO CABRAL","VALDEVINO CABRAL",NA,NA,NA,NA,NA,NA,NA,"VALDEVINO CABRAL","VALDEVINO CABRAL","suplente"
2006,"16","VALDINAR BARROS","VALDINAR BARROS","M2006_MA_7_13333_10426","BOCEL0037250","10426","nome_parlamentar_x_urna","VALDINAR PEREIRA BARROS","1957-11-01","PT","VALDINAR BARROS","VALDINAR BARROS","titular"
2006,"16","VALDEVINO CABRAL","VALDIVINO CABRAL",NA,NA,NA,NA,NA,NA,NA,"VALDEVINO CABRAL","VALDEVINO CABRAL","suplente"
2006,"16","VICTOR MENDES","VICTOR MENDES","M2006_MA_7_43456_10702","BOCEL0126356","10702","nome_parlamentar_x_urna","CARLOS VICTOR GUTERRES MENDES","1979-08-22","PV","VICTOR MENDES","VICTOR MENDES","titular"
2010,"17","AFONSO MANOEL","AFONSO MANOEL","M2010_MA_7_15369_100000000333","BOCEL0001027","100000000333","nome_parlamentar_x_urna","AFONSO MANOEL BORGES FERREIRA","1956-02-12","PMDB","AFONSO MANOEL","AFONSO MANOEL","titular"
2010,"17","ALEXANDRE ALMEIDA","ALEXANDRE ALMEIDA","M2010_MA_7_70212_100000000215","BOCEL0156418","100000000215","nome_parlamentar_x_urna","ALEXANDRE VICENTE DE PAULA ALMEIDA","1983-09-04","PT do B","ALEXANDRE ALMEIDA","ALEXANDRE ALMEIDA","titular"
2010,"17","ANDRE FUFUCA","ANDRE FUFUCA","M2010_MA_7_45000_100000000053","BOCEL0191198","100000000053","nome_parlamentar_x_urna","ANDRE LUIZ CARVALHO RIBEIRO","1989-08-27","PSDB","ANDRE FUFUCA","ANDRE FUFUCA","titular"
2010,"17","ANTONIO PEREIRA","ANTONIO PEREIRA","M2010_MA_7_25333_100000000336","BOCEL0035207","100000000336","nome_parlamentar_x_urna","ANTÔNIO PEREIRA FILHO","1961-02-06","DEM","ANTONIO PEREIRA","ANTONIO PEREIRA","titular"
2010,"17","ARNALDO MELO","ARNALDO MELO","M2010_MA_7_15222_100000000334","BOCEL0045950","100000000334","nome_parlamentar_x_urna","ANTONIO ARNALDO ALVES DE MELO","1954-06-08","PMDB","ARNALDO MELO","ARNALDO MELO","titular"
2010,"17","BIRA DO PINDARE","BIRA DO PINDARE","M2010_MA_7_13100_100000000580","BOCEL0075870","100000000580","nome_parlamentar_x_urna_recente","UBIRAJARA DO PINDARÉ ALMEIDA SOUSA","1968-11-01","PT","BIRA DO PINDARE","BIRA PINDARE","titular"
2010,"17","CAMILO FIGUEIREDO","CAMILO FIGUEIREDO","M2010_MA_7_12580_100000000055","BOCEL0070139","100000000055","nome_parlamentar_x_urna","CAMILO DE LELLIS CARNEIRO FIGUEIREDO","1966-01-01","PDT","CAMILO FIGUEIREDO","CAMILO FIGUEIREDO","titular"
2010,"17","CARLINHOS AMORIM","CARLINHOS AMORIM","M2010_MA_7_12123_100000000059","BOCEL0035334","100000000059","nome_parlamentar_x_urna","CARLOS ANTONIO LEMOS DE AMORIM","1964-08-08","PDT","CARLINHOS AMORIM","CARLINHOS AMORIM","titular"
2010,"17","CARLINHOS FLORENCIO","CARLINHOS FLORENCIO","M2010_MA_7_31111_100000000475","BOCEL0018504","100000000475","nome_parlamentar_x_urna","JOSE CARLOS NOBRE MONTEIRO","1963-03-20","PHS","CARLINHOS FLORENCIO","CARLINHOS FLORENCIO","titular"
2010,"17","CARLOS ALBERTO MILHOMEM","CARLOS ALBERTO MILHOMEM",NA,NA,NA,NA,NA,NA,NA,"CARLOS ALBERTO MILHOMEM","CARLOS MILHOMEM","suplente"
2010,"17","CARLOS FILHOS","CARLOS FILHO","M2010_MA_7_43123_100000000340","BOCEL0111215","100000000340","urna_com_grafia_divergente","CARLOS ANTONIO MUNIZ FILHO","1976-03-26","PV","CARLOS FILHOS","CARLOS FILHOS","titular"
2010,"17","CARLOS FILHOS","CARLOS FILHOS","M2010_MA_7_43123_100000000340","BOCEL0111215","100000000340","urna_com_grafia_divergente","CARLOS ANTONIO MUNIZ FILHO","1976-03-26","PV","CARLOS FILHOS","CARLOS FILHOS","titular"
2010,"17","CESAR PIRES","CESAR PIRES","M2010_MA_7_25802_100000000343","BOCEL0006346","100000000343","nome_parlamentar_x_urna","CESAR HENRIQUE SANTOS PIRES","1956-10-13","DEM","CESAR PIRES","CESAR PIRES","titular"
2010,"17","CHICO GOMES","CHICO GOMES",NA,NA,"100000000347","suplente_nome_parlamentar_x_urna","FRANCISCO DE ASSIS CASTRO GOMES","17/05/1941",NA,"CHICO GOMES","CHICO GOMES","suplente"
2010,"17","CLEIDE COUTINHO","CLEIDE COUTINHO","M2010_MA_7_40888_100000000635","BOCEL0006980","100000000635","primeiro_ultimo_x_nome_bocel","CLEIDE BARROSO COUTINHO","1947-01-21","PSB","CLEIDE COUTINHO","CLEIDE COUTINHO","titular"
2010,"17","DR PADUA","DR PADUA","M2010_MA_7_11110_100000000423","BOCEL0005819","100000000423","nome_parlamentar_x_urna","ANTONIO DE PADUA FERREIRA BARROS","1963-06-13","PP","DR PADUA","DR PADUA","titular"
2010,"17","EDILAZIO JUNIOR","EDILAZIO JUNIOR","M2010_MA_7_43333_100000000344","BOCEL0144976","100000000344","primeiro_ultimo_x_nome_bocel","EDILÁZIO GOMES DA SILVA JUNIOR","1981-05-04","PV","EDILAZIO JUNIOR","EDILAZIO JUNIOR","titular"
2010,"17","EDIVALDO HOLANDA","EDIVALDO HOLANDA",NA,NA,"100000000064","suplente_nome_parlamentar_x_urna","EDIVALDO DE HOLANDA BRAGA","31/12/1946",NA,"EDIVALDO HOLANDA","EDIVALDO HOLANDA","suplente"
2010,"17","EDSON ARAUJO","EDSON ARAUJO","M2010_MA_7_17888_100000000461","BOCEL0004627","100000000461","nome_parlamentar_x_urna","EDSON CUNHA DE ARAUJO","1952-09-26","PSL","EDSON ARAUJO","EDSON ARAUJO","titular"
2010,"17","EDUARDO BRAIDE","EDUARDO BRAIDE","M2010_MA_7_33123_100000000463","BOCEL0120526","100000000463","nome_parlamentar_x_urna","EDUARDO SALIM BRAIDE","1976-01-12","PMN","EDUARDO BRAIDE","EDUARDO BRAIDE","titular"
2010,"17","ELIZIANE GAMA","ELIZIANE GAMA","M2010_MA_7_23000_100000000715","BOCEL0125827","100000000715","nome_parlamentar_x_urna","ELIZIANE PEREIRA GAMA","1977-02-27","PPS","ELIZIANE GAMA","ELIZIANE GAMA","titular"
2010,"17","FABIO BRAGA","FABIO BRAGA",NA,NA,"100000000345","suplente_nome_parlamentar_x_urna","FABIO HENRIQUE RAMOS BRAGA","19/08/1969",NA,"FABIO BRAGA","FABIO BRAGA","suplente"
2010,"17","FRANCISCA PRIMO","FRANCISCA PRIMO","M2010_MA_7_13888_100000000555","BOCEL0072550","100000000555","nome_parlamentar_x_urna","FRANCISCA FERREIRA","1968-03-28","PT","FRANCISCA PRIMO","FRANCISCA PRIMO","titular"
2010,"17","GARDENIA CASTELO","GARDENIA CASTELO","M2010_MA_7_45555_100000000071","BOCEL0014874","100000000071","nome_parlamentar_x_urna","GARDENIA MARIA SANTOS CASTELO RIBEIRO GONÇALVES","1961-12-01","PSDB","GARDENIA CASTELO","GARDENIA CASTELO","titular"
2010,"17","GRACA PAZ","GRACA PAZ","M2010_MA_7_12121_100000000098","BOCEL0033203","100000000098","nome_parlamentar_x_urna","MARIA GRAÇA FONSECA PAZ","1953-05-02","PDT","GRACA PAZ","GRACA PAZ","titular"
2010,"17","HELIO SOARES","HELIO SOARES","M2010_MA_7_11111_100000000427","BOCEL0003493","100000000427","nome_parlamentar_x_urna","HELIO OLIVEIRA SOARES","1952-06-06","PP","HELIO SOARES","HELIO SOARES","titular"
2010,"17","HEMETERIO WEBA","HEMETERIO WEBA","M2010_MA_7_43000_100000000349","BOCEL0042355","100000000349","nome_parlamentar_x_urna","HEMETÉRIO WEBA FILHO","1951-03-03","PV","HEMETERIO WEBA","HEMETERIO WEBA","titular"
2010,"17","JOAO OLYMPIO","JOAO OLYMPIO",NA,NA,"100000000087","suplente_nome_parlamentar_x_urna","JOÃO OLYMPIO RIBEIRO BARBOZA","21/04/1962",NA,"JOAO OLYMPIO","JOAO OLYMPIO","suplente"
2010,"17","JOSE LIMA NETO","JOSE LIMA NETO",NA,NA,NA,NA,NA,NA,NA,"JOSE LIMA NETO","JOSE NETO","suplente"
2010,"17","JOTA PINTA","JOTA PINTA","M2010_MA_7_22123_100000000244","BOCEL0006602","100000000244","urna_com_grafia_divergente","JOSÉ BENEDITO PINTO","1964-11-05","PR","JOTA PINTA","JOTA PINTA","titular"
2010,"17","JOTA PINTA","JOTA PINTO","M2010_MA_7_22123_100000000244","BOCEL0006602","100000000244","urna_com_grafia_divergente","JOSÉ BENEDITO PINTO","1964-11-05","PR","JOTA PINTA","JOTA PINTA","titular"
2010,"17","LEO CUNHA","LEO CUNHA","M2010_MA_7_20020_100000000832","BOCEL0036028","100000000832","nome_parlamentar_x_urna","LEOARREN TULIO DE SOUSA CUNHA","1963-01-21","PSC","LEO CUNHA","LEO CUNHA","titular"
2010,"17","LUCIANO GENESIO","LUCIANO GENESIO",NA,NA,"100000000663","suplente_nome_parlamentar_x_urna","JOÃO LUCIANO DA SILVA SOARES","09/03/1981",NA,"LUCIANO GENESIO","LUCIANO GENESIO","suplente"
2010,"17","LUCIANO LEITOA","LUCIANO LEITOA","M2010_MA_7_40212_100000000640","BOCEL0136749","100000000640","nome_parlamentar_x_urna","LUCIANO FERREIRA DE SOUSA","1980-06-22","PSB","LUCIANO LEITOA","LUCIANO LEITOA","titular"
2010,"17","MAGNO BACELAR","MAGNO BACELAR",NA,NA,"100000000341","suplente_nome_parlamentar_x_urna","CARLOS MAGNO DUQUE BACELAR","25/02/1938",NA,"MAGNO BACELAR","MAGNO BACELAR","suplente"
2010,"17","MANOEL RIBEIRO","MANOEL RIBEIRO","M2010_MA_7_14266_100000000360","BOCEL0014897","100000000360","nome_parlamentar_x_urna","MANOEL NUNES RIBEIRO FILHO","1948-01-07","PTB","MANOEL RIBEIRO","MANOEL RIBEIRO","titular"
2010,"17","MARCELO TAVARES","MARCELO TAVARES","M2010_MA_7_40123_100000000589","BOCEL0084990","100000000589","nome_parlamentar_x_urna","MARCELO TAVARES SILVA","1971-09-20","PSB","MARCELO TAVARES","MARCELO TAVARES","titular"
2010,"17","MARCOS CALDAS","MARCOS CALDAS","M2010_MA_7_10000_100000000495","BOCEL0030393","100000000495","nome_parlamentar_x_urna","MARCOS ANTONIO DE CARVALHO CALDAS","1966-02-09","PRB","MARCOS CALDAS","MARCOS CALDAS","titular"
2010,"17","MAX BARROS","MAX BARROS","M2010_MA_7_25800_100000000351","BOCEL0001072","100000000351","nome_parlamentar_x_urna","JOSE MAX PEREIRA BARROS","1958-08-02","DEM","MAX BARROS","MAX BARROS","titular"
2010,"17","NETO EVANGELISTA","NETO EVANGELISTA","M2010_MA_7_45678_100000000078","BOCEL0172874","100000000078","nome_parlamentar_x_urna","JOSE ARIMATEA LIMA NETO EVANGELISTA","1988-06-08","PSDB","NETO EVANGELISTA","NETO EVANGELISTA","titular"
2010,"17","OTHELINO NETO","OTHELINO NETO",NA,NA,"100000000719","suplente_nome_parlamentar_x_urna","OTHELINO NOVA ALVES NETO","07/07/1975",NA,"OTHELINO NETO","OTHELINO NETO","suplente"
2010,"17","PRISCYLLA SA","PRISCYLLA SA",NA,NA,"100000000260","suplente_nome_parlamentar_x_urna","PRISCYLLA BONIFACIO DE OLIVEIRA SÁ","22/07/1987",NA,"PRISCYLLA SA","PRISCYLLA SA","suplente"
2010,"17","RAIMUNDO CUTRIM","RAIMUNDO CUTRIM","M2010_MA_7_25678_100000000366","BOCEL0035137","100000000366","nome_parlamentar_x_urna_recente","RAIMUNDO SOARES CUTRIM","1953-10-08","DEM","RAIMUNDO CUTRIM","RAIMUNDO CUTRIM","titular"
2010,"17","RAIMUNDO LOURO","RAIMUNDO LOURO","M2010_MA_7_22222_100000000262","BOCEL0011494","100000000262","nome_parlamentar_x_urna","RAIMUNDO NONATO ALVES PEREIRA","1959-09-06","PR","RAIMUNDO LOURO","RAIMUNDO LOURO","titular"
2010,"17","RICARDO MURAD","RICARDO MURAD","M2010_MA_7_15333_100000000367","BOCEL0010492","100000000367","nome_parlamentar_x_urna","RICARDO JORGE MURAD","1956-04-12","PMDB","RICARDO MURAD","RICARDO MURAD","titular"
2010,"17","RIGO TELES","RIGO TELES","M2010_MA_7_43200_100000000368","BOCEL0076231","100000000368","nome_parlamentar_x_urna","RIGO ALBERTO TELIS DE SOUSA","1963-06-08","PV","RIGO TELES","RIGO TELES","titular"
2010,"17","ROBERTO COSTA","ROBERTO COSTA","M2010_MA_7_15789_100000000352","BOCEL0095004","100000000352","nome_parlamentar_x_urna","JOSE ROBERTO COSTA SANTOS","1974-03-18","PMDB","ROBERTO COSTA","ROBERTO COSTA","titular"
2010,"17","ROGERIO CAFETEIRA","ROGERIO CAFETEIRA","M2010_MA_7_33789_100000000512","BOCEL0088387","100000000512","nome_parlamentar_x_urna","ROGÉRIO RODRIGUES LIMA","1969-01-03","PMN","ROGERIO CAFETEIRA","ROGERIO CAFETEIRA","titular"
2010,"17","RUBENS PEREIRA JUNIOR","RUBENS PEREIRA JUNIOR","M2010_MA_7_65065_100000000677","BOCEL0164332","100000000677","primeiro_ultimo_x_nome_bocel","RUBENS PEREIRA E SILVA JUNIOR","1984-03-16","PC do B","RUBENS PEREIRA JUNIOR","RUBENS JUNIOR","titular"
2010,"17","SERGIO VIEIRA","SERGIO VIEIRA",NA,NA,NA,NA,NA,NA,NA,"SERGIO VIEIRA","SERGIO VIEIRA","suplente"
2010,"17","STENIO REZENDE","STENIO REZENDE","M2010_MA_7_15215_100000000369","BOCEL0053051","100000000369","nome_parlamentar_x_urna","STENIO DOS SANTOS REZENDE","1963-12-07","PMDB","STENIO REZENDE","STENIO REZENDE","titular"
2010,"17","VALERIA MACEDO","VALERIA MACEDO","M2010_MA_7_12222_100000000106","BOCEL0250540","100000000106","nome_parlamentar_x_urna","VALERIA MARIA SANTOS MACEDO","1970-01-23","PDT","VALERIA MACEDO","VALERIA MACEDO","titular"
2010,"17","VIANEY BRINGEL","VIANEY BRINGEL","M2010_MA_7_15015_100000000363","BOCEL0059844","100000000363","nome_parlamentar_x_urna","MARIA VIANEY PINHEIRO BRINGEL","1957-08-05","PMDB","VIANEY BRINGEL","VIANEY BRINGEL","titular"
2010,"17","VICTOR MENDES","VICTOR MENDES","M2010_MA_7_43456_100000000342","BOCEL0126356","100000000342","nome_parlamentar_x_urna","CARLOS VICTOR GUTERRES MENDES","1979-08-22","PV","VICTOR MENDES","VICTOR MENDES","titular"
2010,"17","ZE CARLOS","ZE CARLOS","M2010_MA_7_13222_100000000563","BOCEL0016564","100000000563","nome_parlamentar_x_urna","JOSE CARLOS NUNES JUNIOR","1955-05-26","PT","ZE CARLOS","ZE CARLOS","titular"
2014,"18","ADRIANO SARNEY","ADRIANO SARNEY","M2014_MA_7_43123_100000000745","BOCEL0151248","100000000745","nome_parlamentar_x_urna","JOSE ADRIANO CORDEIRO SARNEY","1980-06-20","PV","ADRIANO SARNEY","ADRIANO SARNEY","titular"
2014,"18","ALEXANDRE ALMEIDA","ALEXANDRE ALMEIDA","M2014_MA_7_19123_100000000458","BOCEL0156418","100000000458","nome_parlamentar_x_urna","ALEXANDRE VICENTE DE PAULA ALMEIDA","1983-09-04","PTN","ALEXANDRE ALMEIDA","ALEXANDRE ALMEIDA","titular"
2014,"18","ANA DO GAS","ANA DO GAS","M2014_MA_7_10000_100000000120","BOCEL0154440","100000000120","nome_parlamentar_x_urna","ANA DE NAZARE PEREIRA SILVA MACEDO MENDONÇA","1981-05-27","PRB","ANA DO GAS","ANA GAS","titular"
2014,"18","ANDREA MURAD","ANDREA MURAD","M2014_MA_7_15333_100000000674","BOCEL0149805","100000000674","nome_parlamentar_x_urna","ANDREA TROVÃO MURAD BARROS","1981-11-20","PMDB","ANDREA MURAD","ANDREA MURAD","titular"
2014,"18","ANTONIO PEREIRA","ANTONIO PEREIRA","M2014_MA_7_25333_100000000682","BOCEL0035207","100000000682","nome_parlamentar_x_urna_recente","ANTONIO PEREIRA FILHO","1961-02-06","DEM","ANTONIO PEREIRA","ANTONIO PEREIRA","titular"
2014,"18","BIRA DO PINDARE","BIRA DO PINDARE","M2014_MA_7_40100_100000000322","BOCEL0075870","100000000322","nome_parlamentar_x_urna","UBIRAJARA DO PINDARÉ ALMEIDA SOUSA","1968-11-01","PSB","BIRA DO PINDARE","BIRA PINDARE","titular"
2014,"18","CABO CAMPOS","CABO CAMPOS","M2014_MA_7_11190_100000000393","BOCEL0204650","100000000393","nome_parlamentar_x_urna","ROBERTO CAMPOS FILHO","1968-03-16","PP","CABO CAMPOS","CABO CAMPOS","titular"
2014,"18","CARLINHOS FLORENCIO","CARLINHOS FLORENCIO","M2014_MA_7_31111_100000000067","BOCEL0018504","100000000067","nome_parlamentar_x_urna","JOSE CARLOS NOBRE MONTEIRO","1963-03-20","PHS","CARLINHOS FLORENCIO","CARLINHOS FLORENCIO","titular"
2014,"18","CESAR PIRES","CESAR PIRES","M2014_MA_7_25802_100000000683","BOCEL0006346","100000000683","nome_parlamentar_x_urna","CESAR HENRIQUE SANTOS PIRES","1956-10-13","DEM","CESAR PIRES","CESAR PIRES","titular"
2014,"18","CRISTOVAM FILHO","CRISTOVAM FILHO",NA,NA,NA,NA,NA,NA,NA,"CRISTOVAM FILHO","CRISTOVAM FILHO","suplente"
2014,"18","DR LEVI PONTES","DR LEVI PONTES","M2014_MA_7_77123_100000000417","BOCEL0043966","100000000417","nome_parlamentar_x_urna","LEVI PONTES DE AGUIAR","1952-02-18","SD","DR LEVI PONTES","DR PONTES","titular"
2014,"18","EDILAZIO JUNIOR","EDILAZIO JUNIOR","M2014_MA_7_43333_100000000742","BOCEL0144976","100000000742","primeiro_ultimo_x_nome_bocel","EDILAZIO GOMES DA SILVA JUNIOR","1981-05-04","PV","EDILAZIO JUNIOR","EDILAZIO JUNIOR","titular"
2014,"18","EDIVALDO HOLANDA","EDIVALDO HOLANDA","M2014_MA_7_36123_100000000175","BOCEL0016555","100000000175","nome_parlamentar_x_urna","EDIVALDO DE HOLANDA BRAGA","1946-12-31","PTC","EDIVALDO HOLANDA","EDIVALDO HOLANDA","titular"
2014,"18","EDSON ARAUJO","EDSON ARAUJO","M2014_MA_7_17888_100000000638","BOCEL0004627","100000000638","nome_parlamentar_x_urna","EDSON CUNHA DE ARAUJO","1952-09-26","PSL","EDSON ARAUJO","EDSON ARAUJO","titular"
2014,"18","EDUARDO BRAIDE","EDUARDO BRAIDE","M2014_MA_7_33123_100000000047","BOCEL0120526","100000000047","nome_parlamentar_x_urna","EDUARDO SALIM BRAIDE","1976-01-12","PMN","EDUARDO BRAIDE","EDUARDO BRAIDE","titular"
2014,"18","EDIVALDO HOLANDA","EDVALDO HOLANDA","M2014_MA_7_36123_100000000175","BOCEL0016555","100000000175","nome_parlamentar_x_urna","EDIVALDO DE HOLANDA BRAGA","1946-12-31","PTC","EDIVALDO HOLANDA","EDIVALDO HOLANDA","titular"
2014,"18","FABIO BRAGA","FABIO BRAGA","M2014_MA_7_70123_100000000717","BOCEL0250974","100000000717","nome_parlamentar_x_urna","FABIO HENRIQUE RAMOS BRAGA","1969-08-19","PT do B","FABIO BRAGA","FABIO BRAGA","titular"
2014,"18","FABIO MACEDO","FABIO MACEDO","M2014_MA_7_12121_100000000299","BOCEL0117939","100000000299","nome_parlamentar_x_urna","FÁBIO HENRIQUE DIAS DE  MACEDO","1981-09-18","PDT","FABIO MACEDO","FABIO MACEDO","titular"
2014,"18","FERNANDO FURTADO","FERNANDO FURTADO",NA,NA,NA,NA,NA,NA,NA,"FERNANDO FURTADO","FERNANDO FURTADO","suplente"
2014,"18","FRANCISCA PRIMO","FRANCISCA PRIMO","M2014_MA_7_13888_100000000231","BOCEL0072550","100000000231","nome_parlamentar_x_urna","FRANCISCA FERREIRA","1968-03-28","PT","FRANCISCA PRIMO","FRANCISCA PRIMO","titular"
2014,"18","GLALBERT CUTRIM","GLALBERT CUTRIM","M2014_MA_7_10234_100000000126","BOCEL0193982","100000000126","nome_parlamentar_x_urna","GLALBERT NASCIMENTO CUTRIM","1988-11-01","PRB","GLALBERT CUTRIM","GLALBERT CUTRIM","titular"
2014,"18","GRACA PAZ","GRACA PAZ","M2014_MA_7_17000_100000000660","BOCEL0033203","100000000660","nome_parlamentar_x_urna","MARIA DA GRAÇA FONSECA PAZ","1953-05-02","PSL","GRACA PAZ","GRACA PAZ","titular"
2014,"18","HEMETERIO WEBA","HEMETERIO WEBA","M2014_MA_7_43000_100000000743","BOCEL0042355","100000000743","nome_parlamentar_x_urna","HEMETERIO WEBA FILHO","1951-03-03","PV","HEMETERIO WEBA","HEMETERIO WEBA","titular"
2014,"18","HUMBERTO COUTINHO","HUMBERTO COUTINHO","M2014_MA_7_12345_100000000300","BOCEL0006996","100000000300","nome_parlamentar_x_urna","HUMBERTO IVAR ARAUJO COUTINHO","1946-08-21","PDT","HUMBERTO COUTINHO","HUMBERTO COUTINHO","titular"
2014,"18","JOSIMAR DE MARANHAOZINHO","JOSIMAR DE MARANHAOZINHO","M2014_MA_7_22000_100000000756","BOCEL0187574","100000000756","nome_parlamentar_x_urna","JOSIMAR CUNHA RODRIGUES","1976-11-13","PR","JOSIMAR DE MARANHAOZINHO","JOSIMAR MARANHAOZINHO","titular"
2014,"18","JOSIMAR DE MARANHAOZINHO","JOSIMAR MARANHAOZINHO","M2014_MA_7_22000_100000000756","BOCEL0187574","100000000756","nome_parlamentar_x_urna","JOSIMAR CUNHA RODRIGUES","1976-11-13","PR","JOSIMAR DE MARANHAOZINHO","JOSIMAR MARANHAOZINHO","titular"
2014,"18","JOTA PINTO","JOTA PINTO",NA,NA,"100000000036","suplente_nome_parlamentar_x_urna","JOSE BENEDITO PINTO","05/11/1964",NA,"JOTA PINTO","JOTA PINTO","suplente"
2014,"18","JUNIOR VERDE","JUNIOR VERDE","M2014_MA_7_10123_100000000129","BOCEL0118831","100000000129","nome_parlamentar_x_urna","JESUINO CORDEIRO MENDES JUNIOR","1975-09-02","PRB","JUNIOR VERDE","JUNIOR VERDE","titular"
2014,"18","LEO CUNHA","LEO CUNHA","M2014_MA_7_20020_100000000736","BOCEL0036028","100000000736","nome_parlamentar_x_urna","LEOARREN TULIO DE SOUSA CUNHA","1963-01-21","PSC","LEO CUNHA","LEO CUNHA","titular"
2014,"18","MARCOS CALDAS","MARCOS CALDAS",NA,NA,"100000000454","suplente_nome_parlamentar_x_urna","MARCOS ANTONIO DE CARVALHO CALDAS","09/02/1966",NA,"MARCOS CALDAS","MARCOS CALDAS","suplente"
2014,"18","MAX BARROS","MAX BARROS","M2014_MA_7_15800_100000000675","BOCEL0001072","100000000675","nome_parlamentar_x_urna","JOSE MAX PEREIRA BARROS","1958-08-02","PMDB","MAX BARROS","MAX BARROS","titular"
2014,"18","NETO EVANGELISTA","NETO EVANGELISTA","M2014_MA_7_45678_100000000366","BOCEL0172874","100000000366","nome_parlamentar_x_urna","JOSÉ ARIMATÉA LIMA NETO EVANGELISTA","1988-06-08","PSDB","NETO EVANGELISTA","NETO EVANGELISTA","titular"
2014,"18","NINA MELO","NINA MELO","M2014_MA_7_15222_100000000677","BOCEL0137446","100000000677","nome_parlamentar_x_urna","NINA CERES COUTO DE MELO AROSO","1980-03-07","PMDB","NINA MELO","NINA MELO","titular"
2014,"18","OTHELINO NETO","OTHELINO NETO","M2014_MA_7_65065_100000000353","BOCEL0115673","100000000353","nome_parlamentar_x_urna","OTHELINO NOVA ALVES NETO","1975-07-07","PC do B","OTHELINO NETO","OTHELINO NETO","titular"
2014,"18","PAULO NETO","PAULO NETO","M2014_MA_7_27111_100000000477","BOCEL0044641","100000000477","nome_parlamentar_x_urna","PAULO ROBERTO ALMEIDA NETO","1963-11-19","PSDC","PAULO NETO","PAULO NETO","titular"
2014,"18","PROFESSOR MARCO AURELIO","PROFESSOR MARCO AURELIO","M2014_MA_7_65111_100000000351","BOCEL0134455","100000000351","nome_parlamentar_x_urna","MARCO AURÉLIO DA SILVA AZEVEDO","1979-06-30","PC do B","PROFESSOR MARCO AURELIO","PROFESSOR AURELIO","titular"
2014,"18","RAFAEL LEITOA","RAFAEL LEITOA",NA,NA,"100000000310","suplente_nome_parlamentar_x_urna","RAFAEL DE BRITO SOUSA","22/04/1982",NA,"RAFAEL LEITOA","RAFAEL LEITOA","suplente"
2014,"18","RAIMUNDO CUTRIM","RAIMUNDO CUTRIM","M2014_MA_7_65678_100000000354","BOCEL0035137","100000000354","nome_parlamentar_x_urna","RAIMUNDO SOARES CUTRIM","1953-10-08","PC do B","RAIMUNDO CUTRIM","RAIMUNDO CUTRIM","titular"
2014,"18","RICARDO RIOS","RICARDO RIOS","M2014_MA_7_51222_100000000032","BOCEL0169133","100000000032","nome_parlamentar_x_urna","RICARDO TADEU RIBEIRO PEARCE","1986-07-14","PATRIOTA","RICARDO RIOS","RICARDO RIOS","titular"
2014,"18","RIGO TELES","RIGO TELES","M2014_MA_7_43200_100000000749","BOCEL0076231","100000000749","nome_parlamentar_x_urna","RIGO ALBERTO TELIS DE SOUSA","1963-06-08","PV","RIGO TELES","RIGO TELES","titular"
2014,"18","ROBERTO COSTA","ROBERTO COSTA","M2014_MA_7_15789_100000000681","BOCEL0095004","100000000681","nome_parlamentar_x_urna","JOSE ROBERTO COSTA SANTOS","1974-03-18","PMDB","ROBERTO COSTA","ROBERTO COSTA","titular"
2014,"18","ROGERIO CAFETEIRA","ROGERIO CAFETEIRA","M2014_MA_7_20000_100000000738","BOCEL0088387","100000000738","nome_parlamentar_x_urna","ROGERIO RODRIGUES LIMA","1969-01-03","PSC","ROGERIO CAFETEIRA","ROGERIO CAFETEIRA","titular"
2014,"18","SERGIO FROTA","SERGIO FROTA","M2014_MA_7_45456_100000000370","BOCEL0092535","100000000370","nome_parlamentar_x_urna","SÉRGIO BARBOSA FROTA","1961-03-05","PSDB","SERGIO FROTA","SERGIO FROTA","titular"
2014,"18","SERGIO VIEIRA","SERGIO VIEIRA",NA,NA,"100000000033","suplente_nome_parlamentar_x_urna","SERGIO RICARDO OLIVEIRA VIEIRA","22/07/1979",NA,"SERGIO VIEIRA","SERGIO VIEIRA","suplente"
2014,"18","SOUSA NETO","SOUSA NETO","M2014_MA_7_19222_100000000459","BOCEL0120525","100000000459","nome_parlamentar_x_urna","FRANCISCO DE SOUSA DIAS NETO","1976-01-11","PTN","SOUSA NETO","SOUSA NETO","titular"
2014,"18","STENIO RESENDE","STENIO RESENDE","M2014_MA_7_28028_100000000714","BOCEL0053051","100000000714","urna_com_grafia_divergente","STENIO DOS SANTOS REZENDE","1963-12-07","PRTB","STENIO RESENDE","STENIO RESENDE","titular"
2014,"18","STENIO RESENDE","STENIO REZENDE","M2014_MA_7_28028_100000000714","BOCEL0053051","100000000714","urna_com_grafia_divergente","STENIO DOS SANTOS REZENDE","1963-12-07","PRTB","STENIO RESENDE","STENIO RESENDE","titular"
2014,"18","TOCA SERRA","TOCA SERRA",NA,NA,"100000000182","suplente_nome_parlamentar_x_urna","DOMINGOS ERINALDO SOUSA SERRA","25/02/1979",NA,"TOCA SERRA","TOCA SERRA","suplente"
2014,"18","VALERIA MACEDO","VALERIA MACEDO","M2014_MA_7_12222_100000000297","BOCEL0250540","100000000297","nome_parlamentar_x_urna","VALÉRIA MARIA SANTOS MACEDO","1970-01-23","PDT","VALERIA MACEDO","VALERIA MACEDO","titular"
2014,"18","VINICIUS LOURO","VINICIUS LOURO","M2014_MA_7_22223_100000001129","BOCEL0149345","100000001129","nome_parlamentar_x_urna","MARCUS VINICIUS DE OLIVEIRA PEREIRA","1981-01-24","PR","VINICIUS LOURO","VINICIUS LOURO","titular"
2014,"18","WELLINGTON DO CURSO","WELLIGTON DO CURSO","M2014_MA_7_23123_100000000427","BOCEL0083368","100000000427","nome_parlamentar_x_urna","CARLOS WELLINGTON DE CASTRO BEZERRA","1970-09-27","PPS","WELLINGTON DO CURSO","WELLINGTON CURSO","titular"
2014,"18","WELLINGTON DO CURSO","WELLINGTON DO CURSO","M2014_MA_7_23123_100000000427","BOCEL0083368","100000000427","nome_parlamentar_x_urna","CARLOS WELLINGTON DE CASTRO BEZERRA","1970-09-27","PPS","WELLINGTON DO CURSO","WELLINGTON CURSO","titular"
2014,"18","ZE INACIO","ZE INACIO","M2014_MA_7_13123_100000000237","BOCEL0104883","100000000237","nome_parlamentar_x_urna","JOSE INACIO SODRE RODRIGUES","1973-08-21","PT","ZE INACIO","ZE INACIO","titular"
2014,"18","ZE INACIO LULA","ZE INACIO LULA",NA,NA,NA,NA,NA,NA,NA,"ZE INACIO LULA","ZE LULA","suplente"
2018,"19","ADELMO SOARES","ADELMO SOARES","M2018_MA_7_65555_100000601764","BOCEL0129168","100000601764","nome_parlamentar_x_urna","ADELMO DE ANDRADE SOARES","1972-04-08","PC do B","ADELMO SOARES","ADELMO SOARES","titular"
2018,"19","ADRIANO","ADRIANO",NA,NA,NA,NA,NA,NA,NA,"ADRIANO",NA,"suplente"
2018,"19","ADRIANO SARNEY","ADRIANO SARNEY","M2018_MA_7_43123_100000609130","BOCEL0151248","100000609130","nome_parlamentar_x_urna","JOSE ADRIANO CORDEIRO SARNEY","1980-06-20","PV","ADRIANO SARNEY","ADRIANO SARNEY","titular"
2018,"19","ANA DO GAS","ANA DO GAS","M2018_MA_7_65000_100000601765","BOCEL0154440","100000601765","nome_parlamentar_x_urna","ANA DE NAZARÉ PEREIRA SILVA MACEDO MENDONÇA","1981-05-27","PC do B","ANA DO GAS","ANA GAS","titular"
2018,"19","ANDREIA MARTINS REZENDE","ANDREIA MARTINS REZENDE","M2018_MA_7_25123_100000615096","BOCEL0094713","100000615096","nome_parlamentar_x_urna_recente","ANDREIA LOPES MARTINS REZENDE","1974-05-12","DEM","ANDREIA MARTINS REZENDE","ANDREIA REZENDE","titular"
2018,"19","ANTONIO PEREIRA","ANTONIO PEREIRA","M2018_MA_7_25333_100000601779","BOCEL0035207","100000601779","nome_parlamentar_x_urna","ANTONIO PEREIRA FILHO","1961-02-06","DEM","ANTONIO PEREIRA","ANTONIO PEREIRA","titular"
2018,"19","ARISTON SOUSA","ARISTON SOUSA",NA,NA,NA,NA,NA,NA,NA,"ARISTON SOUSA","ARISTON SOUSA","suplente"
2018,"19","ARNALDO MELO","ARNALDO MELO","M2018_MA_7_15222_100000609132","BOCEL0045950","100000609132","nome_parlamentar_x_urna","ANTONIO ARNALDO ALVES DE MELO","1954-06-08","MDB","ARNALDO MELO","ARNALDO MELO","titular"
2018,"19","BETEL GOMES","BETEL GOMES",NA,NA,"100000625317","suplente_nome_parlamentar_x_urna","BETEL SANTANA RODRIGUES","21/02/1963",NA,"BETEL GOMES","BETEL GOMES","suplente"
2018,"19","CARLINHOS FLORENCIO","CARLINHOS FLORENCIO","M2018_MA_7_65333_100000601771","BOCEL0018504","100000601771","nome_parlamentar_x_urna","JOSÉ CARLOS NOBRE MONTEIRO","1963-03-20","PC do B","CARLINHOS FLORENCIO","CARLINHOS FLORENCIO","titular"
2018,"19","CESAR PIRES","CESAR PIRES","M2018_MA_7_43333_100000609133","BOCEL0006346","100000609133","nome_parlamentar_x_urna","CÉSAR HENRIQUE SANTOS PIRES","1956-10-13","PV","CESAR PIRES","CESAR PIRES","titular"
2018,"19","CIRO NETO","CIRO NETO","M2018_MA_7_11222_100000601760","BOCEL0149269","100000601760","nome_parlamentar_x_urna","CIRO EVANGELISTA DE SOUZA NETO","1983-09-27","PP","CIRO NETO","CIRO NETO","titular"
2018,"19","DR CLEIDE COUTINHO","CLEIDE COUTINHO","M2018_MA_7_12345_100000601785","BOCEL0006980","100000601785","urna_com_grafia_divergente","CLEIDE BARROSO COUTINHO","1947-01-21","PDT","DR CLEIDE COUTINHO","DR COUTINHO","titular"
2018,"19","DANIELLA","DANIELLA",NA,NA,NA,NA,NA,NA,NA,"DANIELLA",NA,"suplente"
2018,"19","DANIELLA TEMA","DANIELLA TEMA","M2018_MA_7_25456_100000601781","BOCEL0170264","100000601781","nome_parlamentar_x_urna","DANIELLA JADAO MENESES CUNHA","1985-07-27","DEM","DANIELLA TEMA","DANIELLA TEMA","titular"
2018,"19","DETINHA","DETINHA","M2018_MA_7_22000_100000601741","BOCEL0159638","100000601741","nome_parlamentar_x_urna","MARIA DEUSDETE LIMA CUNHA RODRIGUES","1979-01-25","PR","DETINHA",NA,"titular"
2018,"19","DR CLEIDE COUTINHO","DR CLEIDE COUTINHO","M2018_MA_7_12345_100000601785","BOCEL0006980","100000601785","urna_com_grafia_divergente","CLEIDE BARROSO COUTINHO","1947-01-21","PDT","DR CLEIDE COUTINHO","DR COUTINHO","titular"
2018,"19","DR HELENA DUAILIBE","DR HELENA DUAILIBE","M2018_MA_7_77456_100000601184","BOCEL0001055","100000601184","nome_parlamentar_x_urna","HELENA MARIA DUAILIBE FERREIRA","1958-12-30","SOLIDARIEDADE","DR HELENA DUAILIBE","DR DUAILIBE","titular"
2018,"19","DR LEONARDO SA","DR LEONARDO SA","M2018_MA_7_28456_100000625325","BOCEL0112634","100000625325","nome_parlamentar_x_urna","LEONARDO SARMENTO PIRES DE SA","1980-05-14","PRTB","DR LEONARDO SA","DR SA","titular"
2018,"19","DR THAIZA HORTEGAL","DR THAIZA HORTEGAL",NA,NA,NA,NA,NA,NA,NA,"DR THAIZA HORTEGAL","DR HORTEGAL","suplente"
2018,"19","DR YGLESIO","DR YGLESIO","M2018_MA_7_12000_100000601778","BOCEL0146071","100000601778","nome_parlamentar_x_urna","YGLESIO LUCIANO MOYSES SILVA DE SOUZA","1980-09-19","PDT","DR YGLESIO","DR YGLESIO","titular"
2018,"19","DUARTE JR","DUARTE JR",NA,NA,NA,NA,NA,NA,NA,"DUARTE JR","DUARTE JR","suplente"
2018,"19","DUARTE JUNIOR","DUARTE JUNIOR","M2018_MA_7_65222_100000601769","BOCEL0181099","100000601769","nome_parlamentar_x_urna","HILDELIS SILVA DUARTE JUNIOR","1986-09-15","PC do B","DUARTE JUNIOR","DUARTE JUNIOR","titular"
2018,"19","DUARTE JUNIOR","DUARTE UNIOR","M2018_MA_7_65222_100000601769","BOCEL0181099","100000601769","nome_parlamentar_x_urna","HILDELIS SILVA DUARTE JUNIOR","1986-09-15","PC do B","DUARTE JUNIOR","DUARTE JUNIOR","titular"
2018,"19","EDIVALDO HOLANDA","EDIVALDO HOLANDA",NA,NA,"100000601747","suplente_nome_parlamentar_x_urna","EDIVALDO DE HOLANDA BRAGA","31/12/1946",NA,"EDIVALDO HOLANDA","EDIVALDO HOLANDA","suplente"
2018,"19","EDSON ARAUJO","EDSON ARAUJO","M2018_MA_7_40888_100000601748","BOCEL0004627","100000601748","nome_parlamentar_x_urna","EDSON CUNHA DE ARAUJO","1952-09-26","PSB","EDSON ARAUJO","EDSON ARAUJO","titular"
2018,"19","ESTUDANTE ALANA LIMA","ESTUDANTE ALANA LIMA",NA,NA,NA,NA,NA,NA,NA,"ESTUDANTE ALANA LIMA","ESTUDANTE LIMA","suplente"
2018,"19","ESTUDANTE ALEXIA NASCIMENTO","ESTUDANTE ALEXIA NASCIMENTO",NA,NA,NA,NA,NA,NA,NA,"ESTUDANTE ALEXIA NASCIMENTO","ESTUDANTE NASCIMENTO","suplente"
2018,"19","ESTUDANTE ALLAN JOSE","ESTUDANTE ALLAN JOSE",NA,NA,NA,NA,NA,NA,NA,"ESTUDANTE ALLAN JOSE","ESTUDANTE JOSE","suplente"
2018,"19","ESTUDANTE AYME CARVALHO","ESTUDANTE AYME CARVALHO",NA,NA,NA,NA,NA,NA,NA,"ESTUDANTE AYME CARVALHO","ESTUDANTE CARVALHO","suplente"
2018,"19","ESTUDANTE CHRISLAINE MENDONCA","ESTUDANTE CHRISLAINE MENDONCA",NA,NA,NA,NA,NA,NA,NA,"ESTUDANTE CHRISLAINE MENDONCA","ESTUDANTE MENDONCA","suplente"
2018,"19","ESTUDANTE CLARA BEATRIZ","ESTUDANTE CLARA BEATRIZ",NA,NA,NA,NA,NA,NA,NA,"ESTUDANTE CLARA BEATRIZ","ESTUDANTE BEATRIZ","suplente"
2018,"19","ESTUDANTE CLARISSE SAMPAIO","ESTUDANTE CLARISSE SAMPAIO",NA,NA,NA,NA,NA,NA,NA,"ESTUDANTE CLARISSE SAMPAIO","ESTUDANTE SAMPAIO","suplente"
2018,"19","ESTUDANTE DARIO GILSON","ESTUDANTE DARIO GILSON",NA,NA,NA,NA,NA,NA,NA,"ESTUDANTE DARIO GILSON","ESTUDANTE GILSON","suplente"
2018,"19","ESTUDANTE IARLISSON SILVA","ESTUDANTE IARLISSON SILVA",NA,NA,NA,NA,NA,NA,NA,"ESTUDANTE IARLISSON SILVA","ESTUDANTE SILVA","suplente"
2018,"19","ESTUDANTE ISAACK MENDES","ESTUDANTE ISAACK MENDES",NA,NA,NA,NA,NA,NA,NA,"ESTUDANTE ISAACK MENDES","ESTUDANTE MENDES","suplente"
2018,"19","ESTUDANTE JORGE ALEXANDRE","ESTUDANTE JORGE ALEXANDRE",NA,NA,NA,NA,NA,NA,NA,"ESTUDANTE JORGE ALEXANDRE","ESTUDANTE ALEXANDRE","suplente"
2018,"19","ESTUDANTE JOYCE DE SOUSA","ESTUDANTE JOYCE DE SOUSA",NA,NA,NA,NA,NA,NA,NA,"ESTUDANTE JOYCE DE SOUSA","ESTUDANTE SOUSA","suplente"
2018,"19","ESTUDANTE KAEFFERSON MADEIRA","ESTUDANTE KAEFFERSON MADEIRA",NA,NA,NA,NA,NA,NA,NA,"ESTUDANTE KAEFFERSON MADEIRA","ESTUDANTE MADEIRA","suplente"
2018,"19","ESTUDANTE LUCIA REGINA","ESTUDANTE LUCIA REGINA",NA,NA,NA,NA,NA,NA,NA,"ESTUDANTE LUCIA REGINA","ESTUDANTE REGINA","suplente"
2018,"19","ESTUDANTE MARCOS GABRIEL","ESTUDANTE MARCOS GABRIEL",NA,NA,NA,NA,NA,NA,NA,"ESTUDANTE MARCOS GABRIEL","ESTUDANTE GABRIEL","suplente"
2018,"19","ESTUDANTE MATEUS DIVULGACOES","ESTUDANTE MATEUS DIVULGACOES",NA,NA,NA,NA,NA,NA,NA,"ESTUDANTE MATEUS DIVULGACOES","ESTUDANTE DIVULGACOES","suplente"
2018,"19","ESTUDANTE NALDIVAN SOUSA","ESTUDANTE NALDIVAN SOUSA",NA,NA,NA,NA,NA,NA,NA,"ESTUDANTE NALDIVAN SOUSA","ESTUDANTE SOUSA","suplente"
2018,"19","ESTUDANTE NAYLA BARROS","ESTUDANTE NAYLA BARROS",NA,NA,NA,NA,NA,NA,NA,"ESTUDANTE NAYLA BARROS","ESTUDANTE BARROS","suplente"
2018,"19","ESTUDANTE PAULO GUILHERME","ESTUDANTE PAULO GUILHERME",NA,NA,NA,NA,NA,NA,NA,"ESTUDANTE PAULO GUILHERME","ESTUDANTE GUILHERME","suplente"
2018,"19","ESTUDANTE PAULO JORGE","ESTUDANTE PAULO JORGE",NA,NA,NA,NA,NA,NA,NA,"ESTUDANTE PAULO JORGE","ESTUDANTE JORGE","suplente"
2018,"19","ESTUDANTE PEDRO HENRIQUE","ESTUDANTE PEDRO HENRIQUE",NA,NA,NA,NA,NA,NA,NA,"ESTUDANTE PEDRO HENRIQUE","ESTUDANTE HENRIQUE","suplente"
2018,"19","ESTUDANTE VALERIA VALESSA","ESTUDANTE VALERIA VALESSA",NA,NA,NA,NA,NA,NA,NA,"ESTUDANTE VALERIA VALESSA","ESTUDANTE VALESSA","suplente"
2018,"19","FABIO BRAGA","FABIO BRAGA",NA,NA,"100000601178","suplente_nome_parlamentar_x_urna","FABIO HENRIQUE RAMOS BRAGA","19/08/1969",NA,"FABIO BRAGA","FABIO BRAGA","suplente"
2018,"19","FABIO MACEDO","FABIO MACEDO","M2018_MA_7_12121_100000601749","BOCEL0117939","100000601749","nome_parlamentar_x_urna","FABIO HENRIQUE DIAS DE MACEDO","1981-09-18","PDT","FABIO MACEDO","FABIO MACEDO","titular"
2018,"19","FELIPE DOS PNEUS","FELIPE DOS PNEUS","M2018_MA_7_28000_100000625310","BOCEL0204100","100000625310","nome_parlamentar_x_urna","LUIS FELIPE OLIVEIRA DE CARVALHO","1994-08-17","PRTB","FELIPE DOS PNEUS","FELIPE PNEUS","titular"
2018,"19","FERNANDO PESSOA","FERNANDO PESSOA","M2018_MA_7_77800_100000601180","BOCEL0193320","100000601180","nome_parlamentar_x_urna","FERNANDO PORTELA TELES PESSOA","1991-07-10","SOLIDARIEDADE","FERNANDO PESSOA","FERNANDO PESSOA","titular"
2018,"19","GLALBERT CUTRIM","GLALBERT CUTRIM","M2018_MA_7_12123_100000601759","BOCEL0193982","100000601759","nome_parlamentar_x_urna","GLALBERT NASCIMENTO CUTRIM","1988-11-01","PDT","GLALBERT CUTRIM","GLALBERT CUTRIM","titular"
2018,"19","HELIO SOARES","HELIO SOARES","M2018_MA_7_22222_100000601738","BOCEL0003493","100000601738","nome_parlamentar_x_urna","HELIO OLIVEIRA SOARES","1952-06-06","PR","HELIO SOARES","HELIO SOARES","titular"
2018,"19","JOTA PINTO","JOTA PINTO",NA,NA,"100000601208","suplente_nome_parlamentar_x_urna","JOSE BENEDITO PINTO","05/11/1964",NA,"JOTA PINTO","JOTA PINTO","suplente"
2018,"19","LUIZ HENRIQUE LULA DA SILVA","LUIZ HENRIQUE LULA DA SILVA",NA,NA,"100000616298","suplente_nome_parlamentar_x_urna","LUIS HENRIQUE SILVA DE SOUSA","09/01/1959",NA,"LUIZ HENRIQUE LULA DA SILVA","LUIZ SILVA","suplente"
2018,"19","MARCELO TAVARES","MARCELO TAVARES","M2018_MA_7_40123_100000601753","BOCEL0084990","100000601753","nome_parlamentar_x_urna","MARCELO TAVARES SILVA","1971-09-20","PSB","MARCELO TAVARES","MARCELO TAVARES","titular"
2018,"19","MARCIO HONAISER","MARCIO HONAISER","M2018_MA_7_12012_100000601754","BOCEL0001566","100000601754","nome_parlamentar_x_urna","MARCIO JOSE HONAISER","1967-04-04","PDT","MARCIO HONAISER","MARCIO HONAISER","titular"
2018,"19","MARCOS CALDAS","MARCOS CALDAS",NA,NA,"100000605353","suplente_nome_parlamentar_x_urna","MARCOS ANTONIO DE CARVALHO CALDAS","09/02/1966",NA,"MARCOS CALDAS","MARCOS CALDAS","suplente"
2018,"19","MICAL DAMASCENO","MICAL DAMASCENO","M2018_MA_7_14000_100000605363","BOCEL0082690","100000605363","nome_parlamentar_x_urna","MICAL SILVA DAMASCENO","1971-01-14","PTB","MICAL DAMASCENO","MICAL DAMASCENO","titular"
2018,"19","NETO EVANGELISTA","NETO EVANGELISTA","M2018_MA_7_25678_100000601782","BOCEL0172874","100000601782","nome_parlamentar_x_urna","JOSE ARIMATEA LIMA NETO EVANGELISTA","1988-06-08","DEM","NETO EVANGELISTA","NETO EVANGELISTA","titular"
2018,"19","OTHELINO NETO","OTHELINO NETO","M2018_MA_7_65065_100000601776","BOCEL0115673","100000601776","nome_parlamentar_x_urna","OTHELINO NOVA ALVES NETO","1975-07-07","PC do B","OTHELINO NETO","OTHELINO NETO","titular"
2018,"19","PARA FIGUEIREDO","PARA FIGUEIREDO","M2018_MA_7_17123_100000625945","BOCEL0143862","100000625945","nome_parlamentar_x_urna","KARLOS PARABUCU SANTOS FIGUEIREDO DOS ANJOS","1979-12-15","PSL","PARA FIGUEIREDO","PARA FIGUEIREDO","titular"
2018,"19","PASTOR CAVALCANTE","PASTOR CAVALCANTE","M2018_MA_7_90123_100000605378","BOCEL0115425","100000605378","nome_parlamentar_x_urna","JOSÉ ALVES CAVALCANTE","1960-04-25","PROS","PASTOR CAVALCANTE","PASTOR CAVALCANTE","titular"
2018,"19","PASTOR RIBINHA","PASTOR RIBINHA",NA,NA,"100000624111","suplente_nome_parlamentar_x_urna","JOSÉ DE RIBAMAR BRAGA JÚNIOR","25/08/1982",NA,"PASTOR RIBINHA","PASTOR RIBINHA","suplente"
2018,"19","PAULO NETO","PAULO NETO","M2018_MA_7_25111_100000601783","BOCEL0044641","100000601783","nome_parlamentar_x_urna","PAULO ROBERTO ALMEIDA NETO","1963-11-19","DEM","PAULO NETO","PAULO NETO","titular"
2018,"19","PROF MARCO AURELIO","PROF MARCO AURELIO",NA,NA,NA,NA,NA,NA,NA,"PROF MARCO AURELIO","PROF AURELIO","suplente"
2018,"19","PROF SOCORRO WAQUIM","PROF SOCORRO WADIM",NA,NA,NA,NA,NA,NA,NA,"PROF SOCORRO WAQUIM","PROF WAQUIM","suplente"
2018,"19","PROF SOCORRO WAQUIM","PROF SOCORRO WAQUIM",NA,NA,NA,NA,NA,NA,NA,"PROF SOCORRO WAQUIM","PROF WAQUIM","suplente"
2018,"19","RAFAEL","RAFAEL",NA,NA,NA,NA,NA,NA,NA,"RAFAEL",NA,"suplente"
2018,"19","RAFAEL LEITOA","RAFAEL LEITOA","M2018_MA_7_12300_100000601756","BOCEL0150918","100000601756","nome_parlamentar_x_urna","RAFAEL DE BRITO SOUSA","1982-04-22","PDT","RAFAEL LEITOA","RAFAEL LEITOA","titular"
2018,"19","RICARDO RIOS","RICARDO RIOS","M2018_MA_7_12333_100000601757","BOCEL0169133","100000601757","nome_parlamentar_x_urna","RICARDO TADEU RIBEIRO PEARCE","1986-07-14","PDT","RICARDO RIOS","RICARDO RIOS","titular"
2018,"19","RIGO TELES","RIGO TELES","M2018_MA_7_43200_100000609131","BOCEL0076231","100000609131","nome_parlamentar_x_urna","RIGO ALBERTO TELIS DE SOUSA","1963-06-08","PV","RIGO TELES","RIGO TELES","titular"
2018,"19","RILDO AMARAL","RILDO AMARAL","M2018_MA_7_77777_100000601189","BOCEL0113249","100000601189","nome_parlamentar_x_urna","RILDO DE OLIVEIRA AMARAL","1977-05-22","SOLIDARIEDADE","RILDO AMARAL","RILDO AMARAL","titular"
2018,"19","ROBERTO COSTA","ROBERTO COSTA","M2018_MA_7_15789_100000609158","BOCEL0095004","100000609158","nome_parlamentar_x_urna","JOSE ROBERTO COSTA SANTOS","1974-03-18","MDB","ROBERTO COSTA","ROBERTO COSTA","titular"
2018,"19","TOCA SERRA","TOCA SERRA",NA,NA,"100000601200","suplente_nome_parlamentar_x_urna","DOMINGOS ERINALDO SOUSA SERRA","25/02/1979",NA,"TOCA SERRA","TOCA SERRA","suplente"
2018,"19","VALERIA MACEDO","VALERIA MACEDO",NA,NA,"100000601787","suplente_nome_parlamentar_x_urna","VALERIA MARIA SANTOS MACEDO","23/01/1970",NA,"VALERIA MACEDO","VALERIA MACEDO","suplente"
2018,"19","VINICIUS LOURO","VINICIUS LOURO","M2018_MA_7_22223_100000601740","BOCEL0149345","100000601740","nome_parlamentar_x_urna","MARCUS VINICIUS DE OLIVEIRA PEREIRA","1981-01-24","PR","VINICIUS LOURO","VINICIUS LOURO","titular"
2018,"19","WELLINGTON DO CURSO","WELLINGTON DO CURSO","M2018_MA_7_45111_100000612688","BOCEL0083368","100000612688","nome_parlamentar_x_urna","CARLOS WELLINGTON DE CASTRO BEZERRA","1970-09-27","PSDB","WELLINGTON DO CURSO","WELLINGTON CURSO","titular"
2018,"19","WENDELL LAGES","WENDEL LAGES","M2018_MA_7_33456_100000624110","BOCEL0186800","100000624110","nome_parlamentar_x_urna","WENDELL LAUANDE FONSECA LAGES BARBOSA","1990-07-11","PMN","WENDELL LAGES","WENDELL LAGES","titular"
2018,"19","WENDELL LAGES","WENDELL LAGES","M2018_MA_7_33456_100000624110","BOCEL0186800","100000624110","nome_parlamentar_x_urna","WENDELL LAUANDE FONSECA LAGES BARBOSA","1990-07-11","PMN","WENDELL LAGES","WENDELL LAGES","titular"
2018,"19","ZE GENTIL","ZE GENTIL","M2018_MA_7_10000_100000601733","BOCEL0008604","100000601733","nome_parlamentar_x_urna","JOSÉ GENTIL ROSA","1940-05-18","PRB","ZE GENTIL","ZE GENTIL","titular"
2018,"19","ZE INACIO LULA","ZE INACIO LULA","M2018_MA_7_13123_100000616300","BOCEL0104883","100000616300","urna_contida_no_nome_da_fonte","JOSE INACIO SODRE RODRIGUES","1973-08-21","PT","ZE INACIO LULA","ZE LULA","titular"
2018,"19","ZITO DO ROLIM","ZITO DO ROLIM",NA,NA,"100000601786","suplente_primeiro_ultimo_x_urna","JOSE ROLIM FILHO","08/10/1956",NA,"ZITO DO ROLIM","ZITO ROLIM","suplente"
2018,"19","ZITO DO ROLIM","ZITO ROLIM",NA,NA,"100000601786","suplente_primeiro_ultimo_x_urna","JOSE ROLIM FILHO","08/10/1956",NA,"ZITO DO ROLIM","ZITO ROLIM","suplente"
2022,"20","ABIGAIL","ABIGAIL","M2022_MA_7_22200_100001603152","BOCEL0029700","100001603152","nome_parlamentar_x_urna","ABIGAIL CUNHA DE ALMEIDA SOUSA","1967-01-05","PL","ABIGAIL",NA,"titular"
2022,"20","ABIGAIL CUNHA","ABIGAIL CUNHA",NA,NA,NA,NA,NA,NA,NA,"ABIGAIL CUNHA","ABIGAIL CUNHA","suplente"
2022,"20","ADELMO SOARES","ADELMO SOARES",NA,NA,"100001607087","suplente_nome_parlamentar_x_urna","ADELMO DE ANDRADE SOARES","08/04/1972",NA,"ADELMO SOARES","ADELMO SOARES","suplente"
2022,"20","ALAN DA MARISSOL","ALAN DA MARISOL",NA,NA,"100001608135","suplente_nome_parlamentar_x_urna","ALAN DOUGLAS DE OLIVEIRA","23/08/1981",NA,"ALAN DA MARISSOL","ALAN MARISSOL","suplente"
2022,"20","ALAN DA MARISSOL","ALAN DA MARISSOL",NA,NA,"100001608135","suplente_nome_parlamentar_x_urna","ALAN DOUGLAS DE OLIVEIRA","23/08/1981",NA,"ALAN DA MARISSOL","ALAN MARISSOL","suplente"
2022,"20","ALUIZIO SANTOS","ALUIZIO SANTOS","M2022_MA_7_22123_100001603187","BOCEL0128048","100001603187","nome_parlamentar_x_urna","ALUIZIO DE SOUZA SANTOS","1979-12-23","PL","ALUIZIO SANTOS","ALUIZIO SANTOS","titular"
2022,"20","ANA DO GAS","ANA DO GAS","M2022_MA_7_65000_100001613728","BOCEL0154440","100001613728","nome_parlamentar_x_urna","ANA DE NAZARÉ PEREIRA SILVA MACEDO MENDONÇA","1981-05-27","PC do B","ANA DO GAS","ANA GAS","titular"
2022,"20","ANDREIA MARTINS REZENDE","ANDREIA MARTINS REZENDE","M2022_MA_7_40123_100001607086","BOCEL0094713","100001607086","nome_parlamentar_x_urna","ANDREIA LOPES MARTINS REZENDE","1974-05-12","PSB","ANDREIA MARTINS REZENDE","ANDREIA REZENDE","titular"
2022,"20","ANTONIO PEREIRA","ANTONIO PEREIRA","M2022_MA_7_40333_100001607063","BOCEL0035207","100001607063","nome_parlamentar_x_urna","ANTONIO PEREIRA FILHO","1961-02-06","PSB","ANTONIO PEREIRA","ANTONIO PEREIRA","titular"
2022,"20","ARISTON","ARISTON","M2022_MA_7_40233_100001607069","BOCEL0023855","100001607069","tokens_contidos_na_urna","ARISTON RIBEIRO DE SOUSA","1964-12-08","PSB","ARISTON",NA,"titular"
2022,"20","ARNALDO MELO","ARNALDO MELO","M2022_MA_7_11222_100001608090","BOCEL0045950","100001608090","nome_parlamentar_x_urna","ANTONIO ARNALDO ALVES DE MELO","1954-06-08","PP","ARNALDO MELO","ARNALDO MELO","titular"
2022,"20","CARLOS LULA","CARLOS LULA","M2022_MA_7_40789_100001607073","BOCEL0147758","100001607073","nome_parlamentar_x_urna","CARLOS EDUARDO DE OLIVEIRA LULA","1982-03-31","PSB","CARLOS LULA","CARLOS LULA","titular"
2022,"20","CATULE JUNIOR","CATULE JUNIOR",NA,NA,"100001608091","suplente_nome_parlamentar_x_urna","ANTONIO JOSE BITTENCOURT DE ALBUQUERQUE JUNIOR","06/03/1981",NA,"CATULE JUNIOR","CATULE JUNIOR","suplente"
2022,"20","CLAUDIA COUTINHO","CLAUDIA COUTINHO","M2022_MA_7_12345_100001599591","BOCEL0079171","100001599591","nome_parlamentar_x_urna","CLAUDIA FABIANA VIEIRA SILVA","1970-05-04","PDT","CLAUDIA COUTINHO","CLAUDIA COUTINHO","titular"
2022,"20","CLAUDIO CUNHA","CLAUDIO CUNHA","M2022_MA_7_22555_100001603167","BOCEL0013251","100001603167","nome_parlamentar_x_urna","CLAUDIO LUIZ LIMA CUNHA","1968-07-13","PL","CLAUDIO CUNHA","CLAUDIO CUNHA","titular"
2022,"20","DALTON ARRUDA","DALTON ARRUDA",NA,NA,"100001607098","suplente_nome_parlamentar_x_urna","DALTON HUGOLINO ARRUDA DE SOUSA","23/05/1985",NA,"DALTON ARRUDA","DALTON ARRUDA","suplente"
2022,"20","DANIELLA","DANIELLA","M2022_MA_7_40258_100001607072","BOCEL0170264","100001607072","nome_parlamentar_x_urna","DANIELLA JADÃO MENESES","1985-07-27","PSB","DANIELLA",NA,"titular"
2022,"20","DAVI BRANDAO","DAVI BRANDAO","M2022_MA_7_40456_100001607064","BOCEL0207509","100001607064","nome_parlamentar_x_urna","DAVI BRANDÃO FARIAS","1997-08-19","PSB","DAVI BRANDAO","DAVI BRANDAO","titular"
2022,"20","DR HELENA DUAILIBE","DR HELENA DUAILIBE",NA,NA,"100001608103","suplente_nome_parlamentar_x_urna","HELENA MARIA DUAILIBE FERREIRA","30/12/1958",NA,"DR HELENA DUAILIBE","DR DUAILIBE","suplente"
2022,"20","DR VIVIANNE","DR VIVIANNE","M2022_MA_7_12456_100001599580","BOCEL0097124","100001599580","urna_com_grafia_divergente","VIVIANNE MARTINS COELHO E SILVA","1976-06-03","PDT","DR VIVIANNE","DR VIVIANNE","titular"
2022,"20","DR YGLESIO","DR YGLESIO","M2022_MA_7_40321_100001607076","BOCEL0146071","100001607076","nome_parlamentar_x_urna","YGLESIO LUCIANO MOYSES SILVA DE SOUZA","1980-09-19","PSB","DR YGLESIO","DR YGLESIO","titular"
2022,"20","EDNA SILVA","EDNA SILVA","M2022_MA_7_51222_100001608109","BOCEL0169648","100001608109","nome_parlamentar_x_urna","EDNA SANTOS SILVA","1984-11-04","PATRIOTA","EDNA SILVA","EDNA SILVA","titular"
2022,"20","EDSON ARAUJO","EDSON ARAUJO",NA,NA,"100001607088","suplente_nome_parlamentar_x_urna","EDSON CUNHA DE ARAUJO","26/09/1952",NA,"EDSON ARAUJO","EDSON ARAUJO","suplente"
2022,"20","ENOS COSTA FERREIRA","ENOS COSTA FERREIRA",NA,NA,"100001614796","suplente_nome_parlamentar_x_urna","ENOS HENRIQUE NOGUEIRA FERREIRA","25/05/1975",NA,"ENOS COSTA FERREIRA","ENOS FERREIRA","suplente"
2022,"20","ERIC COSTA","ERIC COSTA","M2022_MA_7_55800_100001607118","BOCEL0165511","100001607118","nome_parlamentar_x_urna","WELLRYK OLIVEIRA COSTA DA SILVA","1984-06-02","PSD","ERIC COSTA","ERIC COSTA","titular"
2022,"20","FABIANA VILAR","FABIANA VILAR","M2022_MA_7_22000_100001603158","BOCEL0184763","100001603158","nome_parlamentar_x_urna","FABIANA VILAR RODRIGUES","1986-09-18","PL","FABIANA VILAR","FABIANA VILAR","titular"
2022,"20","FELIPE ARNON","FELIPE ARNON",NA,NA,NA,NA,NA,NA,NA,"FELIPE ARNON","FELIPE ARNON","suplente"
2022,"20","FERNANDO BRAIDE","FERNANDO BRAIDE","M2022_MA_7_20000_100001620079","BOCEL0160640","100001620079","nome_parlamentar_x_urna","FERNANDO SALIM BRAIDE","1985-11-04","PSC","FERNANDO BRAIDE","FERNANDO BRAIDE","titular"
2022,"20","FLORENCIO NETO","FLORENCIO NETO","M2022_MA_7_40222_100001607077","BOCEL0172171","100001607077","nome_parlamentar_x_urna","RAIMUNDO FLORÊNCIO MONTEIRO NETO","1987-03-20","PSB","FLORENCIO NETO","FLORENCIO NETO","titular"
2022,"20","FRANCISCO NAGIB","FRANCISCO NAGIB","M2022_MA_7_40400_100001607085","BOCEL0159355","100001607085","nome_parlamentar_x_urna","FRANCISCO NAGIB BUZAR DE OLIVEIRA","1984-10-04","PSB","FRANCISCO NAGIB","FRANCISCO NAGIB","titular"
2022,"20","FRED MAIA","FRED MAIA",NA,NA,"100001599583","suplente_nome_parlamentar_x_urna","CHARLES FREDERICK MAIA FERNANDES","02/04/1975",NA,"FRED MAIA","FRED MAIA","suplente"
2022,"20","GLALBERT CUTRIM","GLALBERT CUTRIM","M2022_MA_7_12123_100001599573","BOCEL0193982","100001599573","nome_parlamentar_x_urna","GLALBERT NASCIMENTO CUTRIM","1988-11-01","PDT","GLALBERT CUTRIM","GLALBERT CUTRIM","titular"
2022,"20","GUILHERME PAZ","GUILHERME PAZ","M2022_MA_7_51000_100001608121","BOCEL0136151","100001608121","nome_parlamentar_x_urna","GUILHERME FONSECA PAZ","1978-11-06","PATRIOTA","GUILHERME PAZ","GUILHERME PAZ","titular"
2022,"20","DR HELENA DUAILIBE","HELENA DUAILIBE",NA,NA,"100001608103","suplente_nome_parlamentar_x_urna","HELENA MARIA DUAILIBE FERREIRA","30/12/1958",NA,"DR HELENA DUAILIBE","DR DUAILIBE","suplente"
2022,"20","HEMETERIO WEBA","HEMETERIO WEBA","M2022_MA_7_11000_100001608098","BOCEL0042355","100001608098","nome_parlamentar_x_urna","HEMETERIO WEBA FILHO","1951-03-03","PP","HEMETERIO WEBA","HEMETERIO WEBA","titular"
2022,"20","IRACEMA VALE","IRACEMA VALE","M2022_MA_7_40444_100001607060","BOCEL0044806","100001607060","nome_parlamentar_x_urna","IRACEMA CRISTINA VALE LIMA","1968-06-18","PSB","IRACEMA VALE","IRACEMA VALE","titular"
2022,"20","JANAINA","JANAINA",NA,NA,NA,NA,NA,NA,NA,"JANAINA",NA,"suplente"
2022,"20","JANAINA RAMOS","JANAINA RAMOS","M2022_MA_7_10789_100001602653","BOCEL0172061","100001602653","nome_parlamentar_x_urna","JANAINA LIMA ARAÚJO RAMOS","1987-03-10","REPUBLICANOS","JANAINA RAMOS","JANAINA RAMOS","titular"
2022,"20","JOAO BASTISTA SEGUNDO","JOAO BASTISTA SEGUNDO",NA,NA,"100001608118","suplente_primeiro_ultimo_x_urna","JOÃO BATISTA GONCALVES DE CASTRO SEGUNDO","05/07/1988",NA,"JOAO BASTISTA SEGUNDO","JOAO SEGUNDO","suplente"
2022,"20","JOAO BASTISTA SEGUNDO","JOAO BATISTA SEGUNDO",NA,NA,"100001608118","suplente_primeiro_ultimo_x_urna","JOÃO BATISTA GONCALVES DE CASTRO SEGUNDO","05/07/1988",NA,"JOAO BASTISTA SEGUNDO","JOAO SEGUNDO","suplente"
2022,"20","JOTA PINTO","JOTA PINTO",NA,NA,"100001614800","suplente_nome_parlamentar_x_urna","JOSÉ BENEDITO PINTO","05/11/1964",NA,"JOTA PINTO","JOTA PINTO","suplente"
2022,"20","JULIO MENDONCA","JULIO MENDONCA","M2022_MA_7_65777_100001613752","BOCEL0001076","100001613752","nome_parlamentar_x_urna","JULIO CESAR MENDONCA CORREA","1968-02-20","PC do B","JULIO MENDONCA","JULIO MENDONCA","titular"
2022,"20","JUNIOR CASCARIA","JUNIOR CASCARIA","M2022_MA_7_19888_100001614806","BOCEL0099307","100001614806","nome_parlamentar_x_urna","AUGUSTO INÁCIO PINHEIRO JUNIOR","1969-07-08","PODE","JUNIOR CASCARIA","JUNIOR CASCARIA","titular"
2022,"20","JUNIOR FRANCA","JUNIOR FRANCA","M2022_MA_7_11444_100001608097","BOCEL0128168","100001608097","nome_parlamentar_x_urna","JOSE GEOVANI LOPES DE QUEIROZ JUNIOR","1980-05-27","PP","JUNIOR FRANCA","JUNIOR FRANCA","titular"
2022,"20","JUNIOR VIEIRA","JUNIOR VIEIRA",NA,NA,"100001620096","suplente_nome_parlamentar_x_urna","VALDECY VIEIRA JUNIOR","17/11/1982",NA,"JUNIOR VIEIRA","JUNIOR VIEIRA","suplente"
2022,"20","JUSCELINO MARRECA","JUSCELINO MARRECA","M2022_MA_7_51444_100001608131","BOCEL0183692","100001608131","nome_parlamentar_x_urna","JUSCELINO DA CRUZ FILGUEIRA JUNIOR","1988-09-15","PATRIOTA","JUSCELINO MARRECA","JUSCELINO MARRECA","titular"
2022,"20","KEKE TEIXEIRA","KEKE TEIXEIRA",NA,NA,"100001606605","suplente_nome_parlamentar_x_urna","WEYKLEN COELHO TEIXEIRA","27/04/1981",NA,"KEKE TEIXEIRA","KEKE TEIXEIRA","suplente"
2022,"20","LEANDRO BELLO","LEANDRO BELLO","M2022_MA_7_19456_100001614815","BOCEL0187649","100001614815","nome_parlamentar_x_urna","LEANDRO BELLO DE SÁ ROSAS COSTA","1987-04-29","PODE","LEANDRO BELLO","LEANDRO BELLO","titular"
2022,"20","MICAL DAMASCENO","MICAL DAMASCENO","M2022_MA_7_55456_100001607113","BOCEL0082690","100001607113","nome_parlamentar_x_urna","MICAL SILVA DAMASCENO","1971-01-14","PSD","MICAL DAMASCENO","MICAL DAMASCENO","titular"
2022,"20","MILTINHO ARAGAO","MILTINHO ARAGAO",NA,NA,"100001607080","suplente_nome_parlamentar_x_urna","HAMILTON NOGUEIRA ARAGÃO","04/07/1964",NA,"MILTINHO ARAGAO","MILTINHO ARAGAO","suplente"
2022,"20","NETO EVANGELISTA","NETO EVANGELISTA","M2022_MA_7_44678_100001607486","BOCEL0172874","100001607486","nome_parlamentar_x_urna","JOSÉ ARIMATEA LIMA NETO EVANGELISTA","1988-06-08","UNIÃO","NETO EVANGELISTA","NETO EVANGELISTA","titular"
2022,"20","OSMAR FILHO","OSMAR FILHO","M2022_MA_7_12012_100001599582","BOCEL0185500","100001599582","nome_parlamentar_x_urna","OSMAR GOMES DOS SANTOS FILHO","1986-11-25","PDT","OSMAR FILHO","OSMAR FILHO","titular"
2022,"20","OTHELINO NETO","OTHELINO NETO","M2022_MA_7_65065_100001613745","BOCEL0115673","100001613745","nome_parlamentar_x_urna","OTHELINO NOVA ALVES NETO","1975-07-07","PC do B","OTHELINO NETO","OTHELINO NETO","titular"
2022,"20","PARA FIGUEIREDO","PARA FIGUEIREDO",NA,NA,"100001603171","suplente_nome_parlamentar_x_urna","KARLOS PARABUCU SANTOS FIGUEIREDO DOS ANJOS","15/12/1979",NA,"PARA FIGUEIREDO","PARA FIGUEIREDO","suplente"
2022,"20","PROFESSOR MARCO AURELIO","PROFESSOR MARCO AURELIO",NA,NA,NA,NA,NA,NA,NA,"PROFESSOR MARCO AURELIO","PROFESSOR AURELIO","suplente"
2022,"20","RAFAEL","RAFAEL",NA,NA,NA,NA,NA,NA,NA,"RAFAEL",NA,"suplente"
2022,"20","RAFAEL LEITOA","RAFAEL LEITOA","M2022_MA_7_40212_100001607074","BOCEL0150918","100001607074","nome_parlamentar_x_urna","RAFAEL DE BRITO SOUSA","1982-04-22","PSB","RAFAEL LEITOA","RAFAEL LEITOA","titular"
2022,"20","RICARDO ARRUDA","RICARDO ARRUDA","M2022_MA_7_15000_100001606625","BOCEL0118715","100001606625","nome_parlamentar_x_urna","RICARDO JOSÉ SÁ FORTES DE ARRUDA","1976-07-12","MDB","RICARDO ARRUDA","RICARDO ARRUDA","titular"
2022,"20","RICARDO RIOS","RICARDO RIOS","M2022_MA_7_65123_100001613740","BOCEL0169133","100001613740","nome_parlamentar_x_urna","RICARDO TADEU RIBEIRO PEARCE","1986-07-14","PC do B","RICARDO RIOS","RICARDO RIOS","titular"
2022,"20","RICARDO SEIDEL","RICARDO SEIDEL",NA,NA,"100001607107","suplente_nome_parlamentar_x_urna","RICARDO SEIDEL GUIMARÃES","03/05/1985",NA,"RICARDO SEIDEL","RICARDO SEIDEL","suplente"
2022,"20","RILDO AMARAL","RILDO AMARAL","M2022_MA_7_11111_100001608087","BOCEL0113249","100001608087","nome_parlamentar_x_urna","RILDO DE OLIVEIRA AMARAL","1977-05-22","PP","RILDO AMARAL","RILDO AMARAL","titular"
2022,"20","ROBERTO COSTA","ROBERTO COSTA","M2022_MA_7_15789_100001606627","BOCEL0095004","100001606627","nome_parlamentar_x_urna","JOSÉ ROBERTO COSTA SANTOS","1974-03-18","MDB","ROBERTO COSTA","ROBERTO COSTA","titular"
2022,"20","RODRIGO LAGO","RODRIGO LAGO","M2022_MA_7_65400_100001613741","BOCEL0145023","100001613741","nome_parlamentar_x_urna","RODRIGO PIRES FERREIRA LAGO","1979-07-13","PC do B","RODRIGO LAGO","RODRIGO LAGO","titular"
2022,"20","ROSANGELA VIDAL","ROSANGELA VIDAL",NA,NA,"100001603176","suplente_nome_parlamentar_x_urna","ROSÂNGELA MARIA PEREIRA VIDAL OLIVEIRA","08/10/1977",NA,"ROSANGELA VIDAL","ROSANGELA VIDAL","suplente"
2022,"20","SERGIO ALBUQUERQUE","SERGIO ALBUQUERQUE",NA,NA,"100001608125","suplente_nome_parlamentar_x_urna","SERGIO RICARDO DE ALBUQUERQUE BOGEA","22/03/1972",NA,"SERGIO ALBUQUERQUE","SERGIO ALBUQUERQUE","suplente"
2022,"20","SOLANGE ALMEIDA","SOLANGE ALMEIDA","M2022_MA_7_22345_100001603166","BOCEL0140749","100001603166","nome_parlamentar_x_urna","SOLANGE DE ARAUJO SOUSA","1979-01-02","PL","SOLANGE ALMEIDA","SOLANGE ALMEIDA","titular"
2022,"20","SOLDADO LEITE","SOLDADO LEITE",NA,NA,"100001620069","suplente_nome_parlamentar_x_urna","ALEXANDRE HENRIQUE RIOS LEITE","10/01/1986",NA,"SOLDADO LEITE","SOLDADO LEITE","suplente"
2022,"20","VICINIUS LOURO","VICINIUS LOURO",NA,NA,NA,NA,NA,NA,NA,"VICINIUS LOURO","VICINIUS LOURO","suplente"
2022,"20","WELLINGTON DO CURSO","WELLINGTON DO CURSO","M2022_MA_7_20123_100001620072","BOCEL0083368","100001620072","nome_parlamentar_x_urna","CARLOS WELLINGTON DE CASTRO BEZERRA","1970-09-27","PSC","WELLINGTON DO CURSO","WELLINGTON CURSO","titular"
2022,"20","ZE INACIO","ZE INACIO",NA,NA,"100001613748","suplente_nome_parlamentar_x_urna","JOSÉ INACIO SODRÉ RODRIGUES","21/08/1973",NA,"ZE INACIO","ZE INACIO","suplente"
