rid,id_noticia,data_ev,classe,trecho,url_ev,via
6,33144,2013-02-28,posse,DEPUTADO NELSON GONÇALVES TOMA POSSE NO LUGAR DE ANDRÉ LAZARONI,https://www.alerj.rj.gov.br/Visualizar/Noticia/33143,titulo
6,31354,2012-02-27,posse,DEPUTADO ANDRÉ LAZARONI ASSUME COMISSÃO DE EDUCAÇÃO,https://www.alerj.rj.gov.br/Visualizar/Noticia/31353,titulo
6,31342,2012-02-09,posse,DEPUTADO ANDRÉ LAZARONI ASSUME COMISSÃO DE EDUCAÇÃO,https://www.alerj.rj.gov.br/Visualizar/Noticia/31341,titulo
12,29220,2011-05-04,posse,DEPUTADO BRUNO CORREIA TOMA POSSE NA ASSEMBLEIA LEGISLATIVA,https://www.alerj.rj.gov.br/Visualizar/Noticia/29219,titulo
35,33050,2013-01-03,posse,GOTHARDO NETTO E GERALDO PUDIM SÃO EMPOSSADOS COMO DEPUTADOS NA ALERJ,https://www.alerj.rj.gov.br/Visualizar/Noticia/33049,titulo
41,33180,2013-03-11,posse,DEPUTADO HÉLCIO ÂNGELO TOMA POSSE E ASSUME A COMISSÃO DA CRIANÇA,https://www.alerj.rj.gov.br/Visualizar/Noticia/33179,titulo
46,33424,2013-05-06,posse,DEPUTADO JOÃO NACIF TOMA POSSE NA ASSEMBLEIA LEGISLATIVA,https://www.alerj.rj.gov.br/Visualizar/Noticia/33423,titulo
61,33144,2013-02-28,posse,DEPUTADO NELSON GONÇALVES TOMA POSSE NO LUGAR DE ANDRÉ LAZARONI,https://www.alerj.rj.gov.br/Visualizar/Noticia/33143,titulo
100,40438,2017-08-08,posse,DEPUTADO CHICO MACHADO ASSUME MANDATO NA ALERJ,https://www.alerj.rj.gov.br/Visualizar/Noticia/40970,titulo
169,44010,2019-01-27,falecimento,ALERJ DECRETA LUTO OFICIAL DE TRÊS DIAS PELA MORTE DO DEPUTADO ESTADUAL WAGNER MONTES,https://www.alerj.rj.gov.br/Visualizar/Noticia/44995,titulo
169,44009,2019-01-26,falecimento,Alerj lamenta a morte do deputado estadual Wagner Montes,https://www.alerj.rj.gov.br/Visualizar/Noticia/44993,titulo
181,44922,2019-06-06,posse,DEPUTADO ANDERSON ALEXANDRE TOMA POSSE NA ALERJ,https://www.alerj.rj.gov.br/Visualizar/Noticia/46098,titulo
185,48369,2020-12-01,posse,CHARLLES BATISTA E ÁTILA NUNES ASSUMEM MANDATO NA ALERJ,https://www.alerj.rj.gov.br/Visualizar/Noticia/49814,titulo
191,46670,2020-01-23,posse,"SUPLENTE DO REPUBLICANOS, PAULO TEIXEIRA TOMA POSSE NA ALERJ",https://www.alerj.rj.gov.br/Visualizar/Noticia/48092,titulo
195,48401,2020-12-08,posse,CÉLIA JORDÃO ASSUME MANDATO NA ALERJ,https://www.alerj.rj.gov.br/Visualizar/Noticia/49862,titulo
196,48369,2020-12-01,posse,CHARLLES BATISTA E ÁTILA NUNES ASSUMEM MANDATO NA ALERJ,https://www.alerj.rj.gov.br/Visualizar/Noticia/49814,titulo
207,47346,2020-05-27,posse,Deputado Pedro Ricardo toma posse na Alerj,https://www.alerj.rj.gov.br/Visualizar/Noticia/48781,titulo
212,48050,2020-10-05,posse,DEPUTADO EURICO JÚNIOR (PSC) TOMA POSSE NA ALERJ,https://www.alerj.rj.gov.br/Visualizar/Noticia/49531,titulo
225,52824,2022-10-06,posse,DEPUTADO JARI OLIVEIRA TOMA POSSE NA ALERJ,https://www.alerj.rj.gov.br/Visualizar/Noticia/54587,titulo
226,48025,2020-09-30,falecimento,ALERJ LAMENTA A MORTE DO DEPUTADO JOÃO PEIXOTO,https://www.alerj.rj.gov.br/Visualizar/Noticia/49506,titulo
237,52092,2022-06-28,posse,SÉRGIO LOUBACK ASSUME MANDATO NA ALERJ NA VAGA DE MÁRCIO PACHECO ELEITO CONSELHEIRO DO TCE,https://www.alerj.rj.gov.br/Visualizar/Noticia/53852,titulo
246,52847,2022-10-11,posse,DEPUTADA PAULA TRINGUELÊ TOMA POSSE NA ALERJ,https://www.alerj.rj.gov.br/Visualizar/Noticia/54575,titulo
246,51008,2022-02-16,posse,PAULA TRINGUELÊ ASSUME MANDATO DE DEPUTADA ESTADUAL NA ALERJ,https://www.alerj.rj.gov.br/Visualizar/Noticia/52552,titulo
247,52992,2022-11-10,posse,DEPUTADO RAFAEL DO GORDO TOMA POSSE E ASSUME MANDATO NA ALERJ,https://www.alerj.rj.gov.br/Visualizar/Noticia/54735,titulo
260,52092,2022-06-28,posse,SÉRGIO LOUBACK ASSUME MANDATO NA ALERJ NA VAGA DE MÁRCIO PACHECO ELEITO CONSELHEIRO DO TCE,https://www.alerj.rj.gov.br/Visualizar/Noticia/53852,titulo
294,57204,2023-09-27,posse,DELEGADO CARLOS AUGUSTO ASSUME MANDATO NA ALERJ,https://www.alerj.rj.gov.br/Visualizar/Noticia/59327,titulo
294,57204,2023-09-27,posse,DELEGADO CARLOS AUGUSTO ASSUME MANDATO NA ALERJ,https://www.alerj.rj.gov.br/Visualizar/Noticia/59327,titulo
304,83208,2026-07-02,posse,FABIANI VASCONCELLOS ASSUME MANDATO DE DEPUTADA NA ALERJ,https://www.alerj.rj.gov.br/Visualizar/Noticia/86151,titulo
327,53504,2023-02-13,posse,ALERJ EMPOSSA DEPUTADO MARCELO DINO NA VAGA DE DAUAIRE QUE ASSUMIU SECRETARIA DE HABITAÇÃO,https://www.alerj.rj.gov.br/Visualizar/Noticia/55287,titulo
334,64027,2024-05-27,falecimento,ALERJ LAMENTA MORTE DO DEPUTADO OTONI DE PAULA PAI E DECRETA LUTO OFICIAL DE TRÊS DIAS,https://www.alerj.rj.gov.br/Visualizar/Noticia/66410,titulo
338,63309,2024-05-09,posse,DEPUTADO RENAN JORDY TOMA POSSE NA ALERJ,https://www.alerj.rj.gov.br/Visualizar/Noticia/65692,titulo
351,84349,2026-08-12,renuncia,ALERJ RECEBE PEDIDO DE RENÚNCIA DO DEPUTADO THIAGO RANGEL,https://www.alerj.rj.gov.br/Visualizar/Noticia/87312,titulo
359,58807,2023-11-01,posse,DEPUTADO WELLINGTON JOSÉ ASSUME MANDATO NA ALERJ,https://www.alerj.rj.gov.br/Visualizar/Noticia/60910,titulo
446,9665,2004-12-22,falecimento,COMISSÃO LEVA PERITO AO LOCAL DA MORTE DO DEPUTADO ALBANO REIS,https://www.alerj.rj.gov.br/Visualizar/Noticia/9664,titulo
446,9627,2004-12-20,falecimento,NOTA DA PRESIDÊNCIA SOBRE A MORTE DO DEPUTADO ALBANO REIS,https://www.alerj.rj.gov.br/Visualizar/Noticia/9626,titulo
446,9622,2004-12-19,falecimento,NOTA DA PRESIDÊNCIA SOBRE A MORTE DO DEPUTADO ALBANO REIS,https://www.alerj.rj.gov.br/Visualizar/Noticia/9621,titulo
450,7018,2004-01-11,posse,ALICE TAMBORINDEGUY TOMA POSSE NA ALERJ,https://www.alerj.rj.gov.br/Visualizar/Noticia/7017,titulo
450,7017,2004-01-10,posse,ALICE TAMBORINDEGUY TOMA POSSE NA ALERJ,https://www.alerj.rj.gov.br/Visualizar/Noticia/7016,titulo
450,7016,2004-01-09,posse,ALICE TAMBORINDEGUY TOMA POSSE NA ALERJ,https://www.alerj.rj.gov.br/Visualizar/Noticia/7015,titulo
450,7010,2004-01-08,posse,DEPUTADA ALICE TAMBORINDEGUY TOMA POSSE NA SEXTA-FEIRA (09/01),https://www.alerj.rj.gov.br/Visualizar/Noticia/7009,titulo
450,7008,2004-01-07,posse,DEPUTADA ALICE TAMBORINDEGUY TOMA POSSE NA SEXTA-FEIRA (09/01),https://www.alerj.rj.gov.br/Visualizar/Noticia/7007,titulo
490,10653,2005-05-20,posse,"EX-PRESIDENTE DO DETRAN, HUGO LEAL ASSUME MANDATO NA ALERJ",https://www.alerj.rj.gov.br/Visualizar/Noticia/10652,titulo
490,10651,2005-05-19,posse,"EX-PRESIDENTE DO DETRAN, HUGO LEAL ASSUME MANDATO NA ALERJ",https://www.alerj.rj.gov.br/Visualizar/Noticia/10650,titulo
490,10646,2005-05-19,posse,HUGO LEAL ASSUME MANDATO NA ALERJ NESTA QUINTA-FEIRA,https://www.alerj.rj.gov.br/Visualizar/Noticia/10645,titulo
490,10642,2005-05-18,posse,HUGO LEAL ASSUME MANDATO NA ALERJ NESTA QUINTA-FEIRA,https://www.alerj.rj.gov.br/Visualizar/Noticia/10641,titulo
495,9767,2005-01-11,posse,DEPUTADO JOSÉ BONIFÁCIO ASSUME CADEIRA NA ALERJ,https://www.alerj.rj.gov.br/Visualizar/Noticia/9766,titulo
495,9766,2005-01-10,posse,DEPUTADO JOSÉ BONIFÁCIO ASSUME CADEIRA NA ALERJ,https://www.alerj.rj.gov.br/Visualizar/Noticia/9765,titulo
495,9765,2005-01-10,posse,DEPUTADO JOSÉ BONIFÁCIO ASSUME CADEIRA NA ALERJ,https://www.alerj.rj.gov.br/Visualizar/Noticia/9764,titulo
497,10743,2005-05-31,posse,DEPUTADO JOSÉ TÁVORA ASSUME A PRESIDÊNCIA DA UNALE,https://www.alerj.rj.gov.br/Visualizar/Noticia/10742,titulo
502,10304,2005-04-07,falecimento,NOTA DA ALERJ SOBRE A MORTE DO DEPUTADO MÁRCIO CORRÊA,https://www.alerj.rj.gov.br/Visualizar/Noticia/10303,titulo
502,10295,2005-04-06,falecimento,NOTA DA ALERJ SOBRE A MORTE DO DEPUTADO MÁRCIO CORRÊA,https://www.alerj.rj.gov.br/Visualizar/Noticia/10294,titulo
502,10294,2005-04-06,falecimento,ALERJ SUSPENDE VOTAÇÕES EM RESPEITO À MORTE DO DEPUTADO MÁRCIO CORRÊA,https://www.alerj.rj.gov.br/Visualizar/Noticia/10293,titulo
504,5771,2003-07-02,posse,MARCOS ABRAHÃO TOMA POSSE NA ALERJ,https://www.alerj.rj.gov.br/Visualizar/Noticia/5770,titulo
507,9753,2005-01-06,posse,NOEL DE CARVALHO E ADROALDO PEIXOTO TOMAM POSSE NA ALERJ,https://www.alerj.rj.gov.br/Visualizar/Noticia/9752,titulo
515,12883,2005-12-27,falecimento,PRESIDENTE DECRETA LUTO OFICIAL PELA MORTE DE PEDRO FERNANDES,https://www.alerj.rj.gov.br/Visualizar/Noticia/12882,titulo
527,22184,2009-01-08,posse,"TRÊS VEZES VEREADOR DE BARRA MANSA, ADEMIR MELO TOMA POSSE NA ALERJ",https://www.alerj.rj.gov.br/Visualizar/Noticia/22183,titulo
534,21063,2008-08-05,cassacao,CONSELHO DE ÉTICA DECIDE PELA PERDA DE MANDATO DO DEPUTADO ÁLVARO LINS,https://www.alerj.rj.gov.br/Visualizar/Noticia/21062,titulo
550,19420,2008-01-09,posse,PICCIANI ASSUME O GOVERNO E CORONEL JAIRO EXERCE PRESIDÊNCIA DA ALERJ,https://www.alerj.rj.gov.br/Visualizar/Noticia/19419,titulo
568,20123,2008-04-07,posse,NILTON SALOMÃO E IRANILDO CAMPOS ASSUMEM VAGAS NA ALERJ,https://www.alerj.rj.gov.br/Visualizar/Noticia/20122,titulo
584,20134,2008-04-08,posse,DEPUTADO MARCUS VINÍCIUS TOMA POSSE E DIZ QUE VAI LUTAR PELA SAÚDE,https://www.alerj.rj.gov.br/Visualizar/Noticia/20133,titulo
588,20123,2008-04-07,posse,NILTON SALOMÃO E IRANILDO CAMPOS ASSUMEM VAGAS NA ALERJ,https://www.alerj.rj.gov.br/Visualizar/Noticia/20122,titulo
1,33078,2013-01-25,outro_definitivo,"Casa após a saída de três deputados eleitos pela coligação PMN/PSB. Alessandro Calazans, eleito prefeito em Nilópolis daria lugar a Rogério Cabral. Como este foi eleito prefeito em Friburgo, Arm",https://www.alerj.rj.gov.br/Visualizar/Noticia/33078,corpo
4,28430,2011-02-03,outro_definitivo,"vagas-deixadas-por-deputado] André Ceciliano, ex-prefeito de Paracambi, concorreu ao seu segundo mandato como deputado. “Agradeço, primeiramente, à população do estado do Rio que me concedeu est",https://www.alerj.rj.gov.br/Visualizar/Noticia/28430,corpo
6,33285,2013-04-03,licenca,"deputado licenciado André Lazaroni, atual secretário de Estado de Esporte. Com quatro votos dos parlamentares membros do colegiado, o deputado Rosenverg Reis (PMDB) foi o eleito, contra um voto dado",https://www.alerj.rj.gov.br/Visualizar/Noticia/33285,corpo
6,33143,2013-02-28,outro_provisorio,"NO LUGAR DE ANDRÉ LAZARONI O presidente da Assembleia Legislativa do Rio (Alerj), deputado Paulo Melo (PMDB) , empossou, nesta quinta-feira (28/02), no plenário da Alerj, o deputado Nelson Go",https://www.alerj.rj.gov.br/Visualizar/Noticia/33143,corpo
6,33143,2013-02-28,outro_provisorio,"vaga deixada pelo deputado André Lazaroni (PMDB), licenciado do cargo para assumir a Secretaria de Estado de Esporte e Lazer. “Meu objetivo é dar continuidade aos trabalhos realizados em meus",https://www.alerj.rj.gov.br/Visualizar/Noticia/33143,corpo
6,33285,2013-04-03,outro_provisorio,"em substituição ao deputado licenciado André Lazaroni, atual secretário de Estado de Esporte. Com quatro votos dos parlamentares membros do colegiado, o deputado Rosenverg Reis (PMDB) foi o eleito,",https://www.alerj.rj.gov.br/Visualizar/Noticia/33285,corpo
6,33285,2013-04-03,outro_provisorio,"03/04), seu novo vice-presidente – em substituição ao deputado licenciado André Lazaroni, atual secretário de Estado de Esporte. Com quatro votos dos parlamentares membros do colegiado, o deputado",https://www.alerj.rj.gov.br/Visualizar/Noticia/33285,corpo
14,28533,2011-02-23,licenca,"deputado licenciado Carlos Minc (PT), determina que os ferros-velhos que vendam este produto para reciclagem identifiquem os vendedores e compradores. O cadastro deverá ter nome, endereço, identidade",https://www.alerj.rj.gov.br/Visualizar/Noticia/28533,corpo
14,28688,2011-03-17,licenca,"deputado licenciado Carlos Minc (PT), atual secretário de Estado do Ambiente. A regra foi publicada no Diário Oficial do Executivo desta quinta-feira (17/03). O acompanhamento será feito por meio de",https://www.alerj.rj.gov.br/Visualizar/Noticia/28688,corpo
14,28688,2011-03-17,outro_provisorio,"de material, consta da lei 5.918/11, de autoria do deputado licenciado Carlos Minc (PT), atual secretário de Estado do Ambiente. A regra foi publicada no Diário Oficial do Executivo desta quinta-",https://www.alerj.rj.gov.br/Visualizar/Noticia/28688,corpo
16,28918,2011-04-07,licenca,"deputado licenciado Christino Áureo, que dá o nome do empreendedor e político Iltamir Honório Abreu à Unidade de Pronto Atendimento (Upa) localizada na Barra de Macaé, no município de Macaé. O projet",https://www.alerj.rj.gov.br/Visualizar/Noticia/28918,corpo
16,29321,2011-05-12,licenca,"deputado licenciado, Christino Áureo. “O Banco do Brasil é o nosso agente financiador na área de crédito do setor rural. Nas chuvas que atingiram a Região Serrana, em janeiro, foi quem mais ajudou o",https://www.alerj.rj.gov.br/Visualizar/Noticia/29321,corpo
16,33078,2013-01-25,outro_provisorio,"saída dos deputados Gustavo Tutuca e Christino Áureo, que assumiram respectivamente as secretarias de Estado de Ciência e Tecnologia e de Agricultura e Pecuária abriram novas vagas. O suplente a ser",https://www.alerj.rj.gov.br/Visualizar/Noticia/33078,corpo
32,28430,2011-02-03,outro_provisorio,"nas vagas deixadas pelos deputados Felipe Peixoto (PDT), que será secretário de Estado de Desenvolvimento Regional, Abastecimento e Pesca, Carlos Minc (PT), que se torna secretário do Ambiente",https://www.alerj.rj.gov.br/Visualizar/Noticia/28430,corpo
32,28430,2011-02-03,outro_provisorio,"raram, respectivamente, nas vagas deixadas pelos deputados Felipe Peixoto (PDT), que será secretário de Estado de Desenvolvimento Regional, Abastecimento e Pesca, Carlos Minc (PT), que se torna secret",https://www.alerj.rj.gov.br/Visualizar/Noticia/28430,corpo
40,34779,2014-02-12,licenca,"deputado licenciado Gustavo Tutuca (PMDB), que dispõe sobre o programa estadual “Internet sem limite nos terminais de transportes do Estado do Rio”. A medida visa disponibilização de equipamentos de",https://www.alerj.rj.gov.br/Visualizar/Noticia/34779,corpo
40,34805,2014-02-19,licenca,"deputado licenciado Gustavo Tutuca, que dispõe sobre o programa estadual “Internet nos terminais de transportes do Estado do Rio”. A medida visa a disponibilização de sinal nos terminais de trem, met",https://www.alerj.rj.gov.br/Visualizar/Noticia/34805,corpo
40,33078,2013-01-25,outro_provisorio,"saída dos deputados Gustavo Tutuca e Christino Áureo, que assumiram respectivamente as secretarias de Estado de Ciência e Tecnologia e de Agricultura e Pecuária abriram novas vagas. O suplente a ser",https://www.alerj.rj.gov.br/Visualizar/Noticia/33078,corpo
58,33078,2013-01-25,outro_provisorio,"saída do deputado Marcus Vinicius (PTB) para a recém-criada secretaria de Estado de Envelhecimento Saudável e Qualidade de vida empossou Carlos Moutinho, primeiro suplente na coligação PTB/PSDC. Ta",https://www.alerj.rj.gov.br/Visualizar/Noticia/33078,corpo
59,33049,2013-01-03,outro_definitivo,"postos deixados pelos ex-deputados Miguel Jeovani e Gustavo Tutuca. O primeiro afasta-se do Parlamento estadual após ser eleito prefeito em Araruama, na Região dos Lagos, e o segundo torna-se o t",https://www.alerj.rj.gov.br/Visualizar/Noticia/33049,corpo
64,29219,2011-05-04,outro_provisorio,"o rápido. Faremos atuações junto ao governador Sérgio Cabral, o presidente Paulo Melo e o Secretario de Estado da pasta, Sérgio Côrtes, para podermos auxiliar e usar esta Casa de leis para o que for n",https://www.alerj.rj.gov.br/Visualizar/Noticia/29219,corpo
69,30906,2011-11-23,licenca,"deputado licenciado Rafael Picciani (PMDB), o projeto de lei 551/11 define que os fabricantes das “máquinas automáticas de processamento de dados portáteis sem teclado” que se estabelecerem no estado",https://www.alerj.rj.gov.br/Visualizar/Noticia/30906,corpo
69,30964,2011-11-29,licenca,deputado licenciado Rafael Picciani (PMDB) e publicada no Diário Oficial do Executivo desta terça-feira (29/11). A nova norma incentiva a regularização dos chamados “gatos” de energia elétrica. De ac,https://www.alerj.rj.gov.br/Visualizar/Noticia/30964,corpo
74,33078,2013-01-25,outro_definitivo,"nte, Ricardo da Karol e Dr. Gotardo. No PT, a eleição do ex-deputado Rodrigo Neves para a prefeitura de Niterói abriu caminho para a efetivação do deputado André Ceciliano, até então 1º suplent",https://www.alerj.rj.gov.br/Visualizar/Noticia/33078,corpo
75,33078,2013-01-25,outro_definitivo,"sandro Calazans, eleito prefeito em Nilópolis daria lugar a Rogério Cabral. Como este foi eleito prefeito em Friburgo, Armando José assumiu efetivamente o mandato. A saída dos deputados Gustavo T",https://www.alerj.rj.gov.br/Visualizar/Noticia/33078,corpo
87,44991,2019-01-24,outro_provisorio,") pelo presidente em exercício da Alerj, deputado André Ceciliano (PT), após acordo com o secretário de Estado de Governo, Gutemberg de Paula Fonseca. Segundo o Governo do Estado, os policiais serão c",https://www.alerj.rj.gov.br/Visualizar/Noticia/44991,corpo
88,38160,2016-04-26,licenca,"deputados licenciados André Corrêa e Rafael Picciani, e pelo ex-deputado Domingos Brazão altera a lei estadual 2.657/96. Segundo a proposta, a alíquota do ICMS deverá ser de 6% sobre o preço do gás ven",https://www.alerj.rj.gov.br/Visualizar/Noticia/38160,corpo
94,35957,2015-02-24,licenca,"deputados licenciados Rafael Picciani e Bernardo Rossi, ambos do PMDB, que a Assembleia Legislativa do Rio (Alerj) aprovou em primeira discussão nesta terça-feira (24/02). A proposta determina que os s",https://www.alerj.rj.gov.br/Visualizar/Noticia/35957,corpo
94,37046,2015-10-06,licenca,"deputado licenciado Bernardo Rossi, que a Assembleia Legislativa do Estado do Rio de Janeiro (Alerj) aprovou nesta terça-feira (06/10), em primeira discussão. A proposta autoriza o Estado a firmar co",https://www.alerj.rj.gov.br/Visualizar/Noticia/37046,corpo
94,37059,2015-10-07,licenca,"deputado licenciado Bernardo Rossi (PMDB), que a Assembleia Legislativa do Estado do Rio de Janeiro (Alerj) aprovou nesta quarta-feira (07/10), em primeira discussão. A proposta determina ainda que t",https://www.alerj.rj.gov.br/Visualizar/Noticia/37059,corpo
94,37341,2015-11-18,licenca,"deputado licenciado Bernardo Rossi (PMDB), que a Assembleia Legislativa do Estado do Rio de Janeiro (Alerj) aprovou nesta quarta-feira (18/11), em segunda discussão. A proposta determina, ainda, que",https://www.alerj.rj.gov.br/Visualizar/Noticia/37341,corpo
94,39720,2017-01-02,outro_definitivo,"no lugar de Bernardo Rossi, novo prefeito de Petrópolis. - Marco Antônio Figueiredo (PROS) assume o mandato de deputado no lugar de Rogério Lisboa, novo prefeito de Nova Iguaçu. - Silas Bento",https://www.alerj.rj.gov.br/Visualizar/Noticia/39720,corpo
94,39720,2017-01-02,outro_definitivo,"aguinho, novo prefeito de Belford Roxo. - Dica (PTN)** assume no lugar de Bernardo Rossi, novo prefeito de Petrópolis. - Marco Antônio Figueiredo (PROS) assume o mandato de deputado no lugar de",https://www.alerj.rj.gov.br/Visualizar/Noticia/39720,corpo
96,39720,2017-01-02,outro_definitivo,"no lugar de Carlos Augusto Balthazar, novo prefeito de Rio das Ostras. - Geraldo Moreira (PTN) assume no lugar de Farid Abrão, novo prefeito de Nilópolis. - Gilberto Palmares (PT) assume no l",https://www.alerj.rj.gov.br/Visualizar/Noticia/39720,corpo
96,39720,2017-01-02,outro_definitivo,"as na Alerj: - Átila Nunes (PMDB)* assume o mandato no lugar de Carlos Augusto Balthazar, novo prefeito de Rio das Ostras. - Geraldo Moreira (PTN) assume no lugar de Farid Abrão, novo prefeito",https://www.alerj.rj.gov.br/Visualizar/Noticia/39720,corpo
103,35969,2015-03-02,licenca,"deputada licenciada Cidinha Campos (PDT), que aumenta penas para postos de gasolina que descumprirem a lei estadual 4.536/05. A norma prevê que o consumidor conheça a procedência e a qualidade do com",https://www.alerj.rj.gov.br/Visualizar/Noticia/35969,corpo
103,35971,2015-03-03,licenca,"deputada licenciada Cidinha Campos (PDT), que aumenta penas para postos de gasolina que descumprirem a lei estadual 4.536/05. A norma prevê que o consumidor conheça a procedência e a qualidade do com",https://www.alerj.rj.gov.br/Visualizar/Noticia/35971,corpo
103,35979,2015-03-05,licenca,"deputada licenciada Cidinha Campos (PDT), que a Assembleia Legislativa do Rio (Alerj) aprovou nesta quinta-feira (05/03), em primeira discussão. A proposta da deputada, atualmente secretária de Estad",https://www.alerj.rj.gov.br/Visualizar/Noticia/35979,corpo
103,35999,2015-03-11,licenca,"deputada licenciada Cidinha Campos (PDT), que a Assembleia Legislativa do Rio (Alerj) aprovou nesta quarta-feira (11/03), em primeira discussão. O projeto da deputada, que atualmente é secretária de",https://www.alerj.rj.gov.br/Visualizar/Noticia/35999,corpo
103,36002,2015-03-11,licenca,"deputada licenciada Cidinha Campos (PDT), que modifica a lei estadual que obriga os restaurantes a utilizar protetor de talheres. Pela proposta, a lei 6.736/14 passa a ser aplicada somente aos restau",https://www.alerj.rj.gov.br/Visualizar/Noticia/36002,corpo
103,36002,2015-03-11,licenca,"deputada licenciada Cidinha Campos (PDT), que aumenta multas para estabelecimentos culturais e de lazer que descumprem a lei da meia-entrada. O projeto da deputada, que atualmente é secretária de Est",https://www.alerj.rj.gov.br/Visualizar/Noticia/36002,corpo
103,36008,2015-03-12,licenca,"deputada licenciada Cidinha Campos (PDT), que aumenta multas para estabelecimentos culturais e de lazer que descumprem a lei da meia-entrada estadual. A proposta da deputada, atualmente secretária de",https://www.alerj.rj.gov.br/Visualizar/Noticia/36008,corpo
103,36027,2015-03-18,licenca,"deputada licenciada Cidinha Campos (PDT), aprovado nesta quarta-feira (18/03) em segunda discussão pela Assembleia Legislativa do Rio de Janeiro (Alerj). A proposta da deputada, atualmente secretária",https://www.alerj.rj.gov.br/Visualizar/Noticia/36027,corpo
103,36067,2015-03-26,licenca,"deputada licenciada Cidinha Campos (PDT), atual secretária de Estado de Proteção e Defesa do Consumidor, publicada no Diário Oficial do Executivo desta quinta-feira (26/03). Com isso, os postos que n",https://www.alerj.rj.gov.br/Visualizar/Noticia/36067,corpo
103,36164,2015-04-14,licenca,"deputada licenciada Cidinha Campos, atual secretária de Estado de Proteção e Defesa do Consumidor, que aumenta multas para estabelecimentos culturais e de lazer que descumprem a Lei da Meia-Entrada E",https://www.alerj.rj.gov.br/Visualizar/Noticia/36164,corpo
103,36716,2015-08-11,licenca,"deputada licenciada Cidinha Campos, hoje secretária de Defesa do Consumidor, inclui na legislação punições que vão de multa a cassação de licença do estabelecimento ou serviço. A proposta foi aprovad",https://www.alerj.rj.gov.br/Visualizar/Noticia/36716,corpo
103,36999,2015-09-29,licenca,"deputada licenciada Cidinha Campos, hoje secretária de Defesa do Consumidor, inclui na legislação punições que vão de multa a cassação de licença do estabelecimento ou serviço. A Assembleia Legislati",https://www.alerj.rj.gov.br/Visualizar/Noticia/36999,corpo
103,37173,2015-10-23,licenca,"deputada licenciada Cidinha Campos, hoje secretária de Defesa do Consumidor. O texto inclui na legislação punições que vão de multa a cassação de licença do estabelecimento ou serviço. A nova lei foi",https://www.alerj.rj.gov.br/Visualizar/Noticia/37173,corpo
103,36067,2015-03-26,outro_provisorio,"É o que determina a lei 6.973/15, de autoria da deputada licenciada Cidinha Campos (PDT), atual secretária de Estado de Proteção e Defesa do Consumidor, publicada no Diário Oficial do Executivo de",https://www.alerj.rj.gov.br/Visualizar/Noticia/36067,corpo
103,36164,2015-04-14,outro_provisorio,"sta terça-feira (14/04) a Lei 6.984/15, de autoria da deputada licenciada Cidinha Campos, atual secretária de Estado de Proteção e Defesa do Consumidor, que aumenta multas para estabelecimentos cu",https://www.alerj.rj.gov.br/Visualizar/Noticia/36164,corpo
111,36296,2015-05-11,licenca,"deputados licenciados Gustavo Tutuca (PMDB) e José Luiz Nanci (PPS), além de vereadores e presidentes de autarquias estaduais. (Texto de André Coelho)",https://www.alerj.rj.gov.br/Visualizar/Noticia/36296,corpo
111,37058,2015-10-07,licenca,"deputado licenciado José Luiz Nanci (PPS), que determina a divulgação da norma que impede a doação de sangue por pessoas que fizeram tatuagem permanente. A proposta obriga os estúdios de tatuagem a a",https://www.alerj.rj.gov.br/Visualizar/Noticia/37058,corpo
111,37662,2016-02-01,licenca,"deputado licenciado José Luiz Nanci (PPS), que determina a divulgação da norma que impede a doação de sangue por pessoas que fizeram tatuagem permanente. A proposta obriga os estúdios de tatuagem a a",https://www.alerj.rj.gov.br/Visualizar/Noticia/37662,corpo
111,37665,2016-02-02,licenca,"deputado licenciado José Luiz Nanci (PPS), que determina a divulgação da norma que impede a doação de sangue por pessoas que fizeram tatuagem permanente. A proposta obriga os estúdios de tatuagem a a",https://www.alerj.rj.gov.br/Visualizar/Noticia/37665,corpo
111,38383,2016-05-17,licenca,"deputado licenciado José Luiz Nanci, que a Assembleia Legislativa do Estado do Rio de Janeiro (Alerj) aprovou nesta terça-feira (17/05), em discussão única. O acesso das doulas às maternidades foi pr",https://www.alerj.rj.gov.br/Visualizar/Noticia/38383,corpo
111,39720,2017-01-02,outro_definitivo,"no lugar de José Luiz Nanci, novo prefeito de São Gonçalo. *Átila Nunes foi eleito como primeiro suplente do PSL em 2014 e se transferiu para o PMDB em março de 2016. **Dica foi eleito como s",https://www.alerj.rj.gov.br/Visualizar/Noticia/39720,corpo
111,39720,2017-01-02,outro_definitivo,"va Iguaçu. - Silas Bento (PSDB) assume o mandato de deputado no lugar de José Luiz Nanci, novo prefeito de São Gonçalo. *Átila Nunes foi eleito como primeiro suplente do PSL em 2014 e se transf",https://www.alerj.rj.gov.br/Visualizar/Noticia/39720,corpo
113,39720,2017-01-02,outro_definitivo,"no lugar de Dr. Sadinoel, novo prefeito de Itaboraí - Coronel Jairo (PMDB) assume o mandato de deputado no lugar de Waguinho, novo prefeito de Belford Roxo. - Dica (PTN)** assume no lugar de",https://www.alerj.rj.gov.br/Visualizar/Noticia/39720,corpo
113,39720,2017-01-02,outro_definitivo,"ão, novo prefeito de Nilópolis. - Gilberto Palmares (PT) assume no lugar de Dr. Sadinoel, novo prefeito de Itaboraí - Coronel Jairo (PMDB) assume o mandato de deputado no lugar de Waguinho, nov",https://www.alerj.rj.gov.br/Visualizar/Noticia/39720,corpo
114,41869,2017-11-28,outro_provisorio,"vaga deixada pelo deputado Edson Albertassi (PMDB), preso na última terça-feira (21/11) por determinação do Tribunal Regional Federal da 2ª Região (TRF-2). Após ser eleito, o parlamentar se co",https://www.alerj.rj.gov.br/Visualizar/Noticia/41869,corpo
118,39720,2017-01-02,outro_definitivo,"no lugar de Farid Abrão, novo prefeito de Nilópolis. - Gilberto Palmares (PT) assume no lugar de Dr. Sadinoel, novo prefeito de Itaboraí - Coronel Jairo (PMDB) assume o mandato de deputado no",https://www.alerj.rj.gov.br/Visualizar/Noticia/39720,corpo
118,39720,2017-01-02,outro_definitivo,"novo prefeito de Rio das Ostras. - Geraldo Moreira (PTN) assume no lugar de Farid Abrão, novo prefeito de Nilópolis. - Gilberto Palmares (PT) assume no lugar de Dr. Sadinoel, novo prefeito de",https://www.alerj.rj.gov.br/Visualizar/Noticia/39720,corpo
129,36296,2015-05-11,licenca,"deputados licenciados Gustavo Tutuca (PMDB) e José Luiz Nanci (PPS), além de vereadores e presidentes de autarquias estaduais. (Texto de André Coelho)",https://www.alerj.rj.gov.br/Visualizar/Noticia/36296,corpo
129,37509,2015-12-09,licenca,"deputado licenciado Gustavo Tutuca, que estabelece que apenas professores de Educação Física formados lecionem nos ensinos infantil, fundamental e médio no Estado, tanto na rede pública quanto na par",https://www.alerj.rj.gov.br/Visualizar/Noticia/37509,corpo
129,37527,2015-12-10,licenca,"deputado licenciado Gustavo Tutuca, que estabelece que apenas professores de Educação Física formados lecionem nos ensinos infantil, fundamental e médio no Estado, tanto na rede pública quanto na par",https://www.alerj.rj.gov.br/Visualizar/Noticia/37527,corpo
129,37637,2016-01-08,licenca,"deputado licenciado Gustavo Tutuca, atual secretário de Estado de Ciência, Tecnologia e Inovação, e que foi sancionada pelo governador Luiz Fernando Pezão e publicada no Diário Oficial do Executivo d",https://www.alerj.rj.gov.br/Visualizar/Noticia/37637,corpo
129,40970,2017-08-08,outro_provisorio,"no lugar de Gustavo Tutuca, que está à frente da Secretaria de Estado de Ciência, Tecnologia e Desenvolvimento Social. “O município de Macaé e as regiões Norte e Noroeste precisam muito de um",https://www.alerj.rj.gov.br/Visualizar/Noticia/40970,corpo
129,37637,2016-01-08,outro_provisorio,"ular. É o que determina a lei 7.195/16, de autoria do deputado licenciado Gustavo Tutuca, atual secretário de Estado de Ciência, Tecnologia e Inovação, e que foi sancionada pelo governador Luiz Fe",https://www.alerj.rj.gov.br/Visualizar/Noticia/37637,corpo
131,40083,2017-03-28,licenca,"deputado licenciado Jair Bittencourt que inclui algumas patentes na dispensa de critérios para transferência de oficial da Polícia Militar da reserva remunerada. O texto modifica a Lei 7.289/16, que",https://www.alerj.rj.gov.br/Visualizar/Noticia/40083,corpo
131,41350,2017-09-19,licenca,"deputado licenciado Jair Bittencourt, que foi aprovado pela Assembleia Legislativa do Estado do Rio de Janeiro (Alerj) nesta terça-feira (19/09), em primeira discussão. A Casa ainda votará a proposta",https://www.alerj.rj.gov.br/Visualizar/Noticia/41350,corpo
131,41708,2017-11-01,licenca,"deputado licenciado Jair Bittencourt, que foi aprovado pela Assembleia Legislativa do Estado do Rio de Janeiro (Alerj) nesta quarta-feira (1º/11), em segunda discussão. O texto seguirá para o governa",https://www.alerj.rj.gov.br/Visualizar/Noticia/41708,corpo
134,41759,2017-11-09,licenca,"deputado licenciado Jorge Felippe Neto (DEM), que cria a campanha educativa “Pipa com Responsabilidade”. O objetivo é orientar alunos da rede pública estadual sobre a brincadeira e conscientizá-los q",https://www.alerj.rj.gov.br/Visualizar/Noticia/41759,corpo
134,42112,2017-12-14,licenca,"deputado licenciado Jorge Felippe Neto, que cria a campanha educativa “Pipa com Responsabilidade”. O objetivo é orientar alunos da rede pública estadual sobre a brincadeira e conscientizá-los quanto",https://www.alerj.rj.gov.br/Visualizar/Noticia/42112,corpo
134,42123,2017-12-21,licenca,"deputado licenciado Jorge Felippe Neto, que cria a campanha educativa “Pipa com Responsabilidade”. O objetivo é orientar alunos da rede pública estadual sobre a brincadeira e conscientizá-los quanto",https://www.alerj.rj.gov.br/Visualizar/Noticia/42123,corpo
134,42251,2018-02-07,licenca,"deputado licenciado Jorge Felippe Neto, aprovado pela Assembleia Legislativa do Estado do Rio de Janeiro (Alerj) nesta quarta-feira (07/02), em primeira discussão. O texto cria também um registro de",https://www.alerj.rj.gov.br/Visualizar/Noticia/42251,corpo
134,42295,2018-02-20,licenca,"deputado licenciado Jorge Felippe Neto, que a Assembleia Legislativa do Estado do Rio de Janeiro (Alerj) aprovou nesta terça-feira (20/02), em segunda discussão. O texto cria também um registro de mo",https://www.alerj.rj.gov.br/Visualizar/Noticia/42295,corpo
134,42296,2018-02-20,licenca,"deputado licenciado Jorge Felippe Neto, que foi aprovado pela Assembleia Legislativa do Estado do Rio de Janeiro (Alerj) nesta terça-feira (20/02), em segunda discussão. A proposta seguirá para o gov",https://www.alerj.rj.gov.br/Visualizar/Noticia/42296,corpo
134,42479,2018-03-08,licenca,"deputado licenciado Jorge Felippe Neto, que cria o Festival Estadual de Dança de Salão (Festdança). A proposta ainda será votada em segunda discussão pela Casa. Segundo o texto, o Estado poderá fazer",https://www.alerj.rj.gov.br/Visualizar/Noticia/42479,corpo
134,42525,2018-03-15,licenca,"deputado licenciado Jorge Felippe Neto (DEM), que foi sancionada pelo governador Luiz Fernando Pezão e publicada no Diário Oficial do Executivo desta quinta-feira (15/03). Segundo o texto, os locais",https://www.alerj.rj.gov.br/Visualizar/Noticia/42525,corpo
153,38842,2016-07-11,licenca,"deputado licenciado Paulo Melo, foi sancionada pelo governador em exercício, Francisco Dornelles, e publicada no Diário Oficial do Executivo, nesta segunda-feira (11/07). O texto foi elaborado com aj",https://www.alerj.rj.gov.br/Visualizar/Noticia/38842,corpo
156,40343,2017-05-02,licenca,"deputado licenciado Pedro Fernandes, que estabelece a exigência de diploma de curso superior para o candidato ao cargo de investigador policial da Polícia Civil. Atualmente, a lei que trata do quadro",https://www.alerj.rj.gov.br/Visualizar/Noticia/40343,corpo
156,40400,2017-05-10,licenca,"deputado licenciado Pedro Fernandes, que estabelece a exigência de diploma de curso superior para o candidato ao cargo de investigador policial da Polícia Civil. A proposta seguirá para o governador",https://www.alerj.rj.gov.br/Visualizar/Noticia/40400,corpo
157,35957,2015-02-24,licenca,"deputados licenciados Rafael Picciani e Bernardo Rossi, ambos do PMDB, que a Assembleia Legislativa do Rio (Alerj) aprovou em primeira discussão nesta terça-feira (24/02). A proposta determina que os s",https://www.alerj.rj.gov.br/Visualizar/Noticia/35957,corpo
157,37776,2016-03-03,licenca,"deputado licenciado Rafael Picciani, que prorroga até dezembro de 2019 o prazo para isenção de custos com emolumentos cartorários e registros de imóveis da Companhia Estadual de Habitação (Cehab-RJ).",https://www.alerj.rj.gov.br/Visualizar/Noticia/37776,corpo
157,37792,2016-03-08,licenca,"deputado licenciado Rafael Picciani, que prorroga até dezembro de 2019 o prazo para isenção de custos com emolumentos cartorários e registros de imóveis adquiridos da Companhia Estadual de Habitação",https://www.alerj.rj.gov.br/Visualizar/Noticia/37792,corpo
157,38160,2016-04-26,licenca,"deputados licenciados André Corrêa e Rafael Picciani, e pelo ex-deputado Domingos Brazão altera a lei estadual 2.657/96. Segundo a proposta, a alíquota do ICMS deverá ser de 6% sobre o preço do gás ven",https://www.alerj.rj.gov.br/Visualizar/Noticia/38160,corpo
157,38884,2016-07-14,licenca,"deputado licenciado Rafael Picciani, que obriga as instituições financeiras que operam com cartão de crédito a disponibilizarem, por meio de mensagens SMS, aviso de compras realizadas por seus client",https://www.alerj.rj.gov.br/Visualizar/Noticia/38884,corpo
157,39002,2016-07-26,licenca,"deputado licenciado Rafael Picciani, aprovado nesta terça-feira (26/07), em primeira discussão, pela Assembleia Legislativa do Estado do Rio de Janeiro (Alerj). As empresas que receberem o selo poder",https://www.alerj.rj.gov.br/Visualizar/Noticia/39002,corpo
157,39185,2016-09-08,licenca,"deputado licenciado Rafael Picciani, que obriga as instituições financeiras que operam com cartão de crédito a disponibilizarem, por meio de mensagens SMS, aviso de compras realizadas por seus client",https://www.alerj.rj.gov.br/Visualizar/Noticia/39185,corpo
157,39271,2016-09-27,licenca,deputado licenciado Rafael Picciani (PMDB). A norma foi sancionada pelo governador em exercício Francisco Dornelles e publicada no Diário Oficial do Poder Executivo desta terça-feira (27/9). As empre,https://www.alerj.rj.gov.br/Visualizar/Noticia/39271,corpo
157,39297,2016-10-03,licenca,parlamentar licenciado Rafael Picciani. A medida foi sancionada pelo governador em exercício Francisco Dornelles e publicada no Diário Oficial do Executivo desta segunda-feira (3/10). Segundo os autores,https://www.alerj.rj.gov.br/Visualizar/Noticia/39297,corpo
160,39720,2017-01-02,outro_definitivo,"no lugar de Rogério Lisboa, novo prefeito de Nova Iguaçu. - Silas Bento (PSDB) assume o mandato de deputado no lugar de José Luiz Nanci, novo prefeito de São Gonçalo. *Átila Nunes foi eleito",https://www.alerj.rj.gov.br/Visualizar/Noticia/39720,corpo
160,39720,2017-01-02,outro_definitivo,"Marco Antônio Figueiredo (PROS) assume o mandato de deputado no lugar de Rogério Lisboa, novo prefeito de Nova Iguaçu. - Silas Bento (PSDB) assume o mandato de deputado no lugar de José Luiz N",https://www.alerj.rj.gov.br/Visualizar/Noticia/39720,corpo
165,40544,2017-05-25,licenca,"deputado licenciado Thiago Pampolha, que foi aprovado na Assembleia Legislativa do Estado do Rio de Janeiro (Alerj) nesta quinta-feira (25/05), em primeira discussão. A proposta ainda será votada em",https://www.alerj.rj.gov.br/Visualizar/Noticia/40544,corpo
165,40760,2017-06-21,licenca,"deputado licenciado Thiago Pampolha, que foi aprovado pela Assembleia Legislativa do Estado do Rio de Janeiro (Alerj) nesta quarta-feira (21/06), em segunda discussão. O texto seguirá para a sanção o",https://www.alerj.rj.gov.br/Visualizar/Noticia/40760,corpo
165,41320,2017-09-14,licenca,"deputado licenciado Thiago Pampolha, determina que os clubes de futebol sofram penalidades administrativas caso suas torcidas pratiquem o crime. O texto foi aprovado pela Assembleia Legislativa do Es",https://www.alerj.rj.gov.br/Visualizar/Noticia/41320,corpo
167,41202,2017-08-29,licenca,"deputado licenciado Tiago Mohamed (PMDB), que cria a “Política Estadual de Incentivo e Fomento à Comercialização de Alimentos em Veículos de Propulsão Humana”. A ideia é regulamentar e fomentar a ven",https://www.alerj.rj.gov.br/Visualizar/Noticia/41202,corpo
167,41259,2017-09-05,licenca,"deputado licenciado Tiago Mohamed, que cria a “Política Estadual de Incentivo e Fomento à Comercialização de Alimentos em Veículos de Propulsão Humana”. A ideia é regulamentar e fomentar a venda de a",https://www.alerj.rj.gov.br/Visualizar/Noticia/41259,corpo
169,44995,2019-01-27,falecimento,"te do deputado estadual, apresentador de TV e deputado federal recém-eleito Wagner Montes que faleceu na manhã deste sábado (26/01) em decorrência de uma infecção generalizada e falência de m",https://www.alerj.rj.gov.br/Visualizar/Noticia/44995,corpo
170,39720,2017-01-02,outro_definitivo,"no lugar de Waguinho, novo prefeito de Belford Roxo. - Dica (PTN)** assume no lugar de Bernardo Rossi, novo prefeito de Petrópolis. - Marco Antônio Figueiredo (PROS) assume o mandato de deput",https://www.alerj.rj.gov.br/Visualizar/Noticia/39720,corpo
170,39720,2017-01-02,outro_definitivo,"ito de Itaboraí - Coronel Jairo (PMDB) assume o mandato de deputado no lugar de Waguinho, novo prefeito de Belford Roxo. - Dica (PTN)** assume no lugar de Bernardo Rossi, novo prefeito de Petró",https://www.alerj.rj.gov.br/Visualizar/Noticia/39720,corpo
186,52552,2022-02-16,renuncia,"cretaria de Estado de Governo. A vaga de Bacellar, então, caberia a Paulo Bagueira (SDD), que renunciou ao mandato de deputado para permanecer como vice-prefeito de Niterói. """"Hoje é um dia tri",https://www.alerj.rj.gov.br/Visualizar/Noticia/52552,corpo
189,50550,2021-05-11,licenca,"deputado licenciado Bruno Dauaire , que a Assembleia Legislativa do Estado do Rio de Janeiro (Alerj) aprovou nesta terça-feira (11/05), em primeira discussão. O texto ainda precisa ser votado em segu",https://www.alerj.rj.gov.br/Visualizar/Noticia/50550,corpo
189,49862,2020-12-08,outro_provisorio,"vaga deixada pelo deputado Bruno Dauaire (PSC), que assumiu o cargo de secretário Estadual de Desenvolvimento Social e Direitos Humanos. A posse foi oficializada pelo presidente da Casa, deput",https://www.alerj.rj.gov.br/Visualizar/Noticia/49862,corpo
189,50007,2021-01-04,outro_provisorio,"assumiu a vaga de Bruno Dauaire o deputado Elton Cristo (Patriota), segundo suplente do partido. “Estarei empenhado em aprovar projetos relevantes, principalmente para as pessoas da periferia, a",https://www.alerj.rj.gov.br/Visualizar/Noticia/50007,corpo
189,55067,2023-01-03,outro_provisorio,"no lugar de Bruno Dauaire (União) e Jair Bittencourt (PL), que assumiram as secretarias de Estado de Habitação e a de Agricultura, Pecuária, Pesca e Abastecimento, respectivamente. Advogado d",https://www.alerj.rj.gov.br/Visualizar/Noticia/55067,corpo
189,50007,2021-01-04,licenca,"sa. Célia já estava atuando, desde dezembro, como suplente do deputado Bruno Dauaire, que se licenciou para assumir a Secretaria Estadual de Direitos Humanos. Com a mudança, Célia permanecerá",https://www.alerj.rj.gov.br/Visualizar/Noticia/50007,corpo
195,50007,2021-01-04,licenca,"deputados licenciados Com a efetivação do mandato de Célia Jordão, assumiu a vaga de Bruno Dauaire o deputado Elton Cristo (Patriota), segundo suplente do partido. “Estarei empenhado em aprovar projeto",https://www.alerj.rj.gov.br/Visualizar/Noticia/50007,corpo
197,50007,2021-01-04,renuncia,"assumiu a vaga deixada por Chicão Bulhões, atual secretário municipal de Desenvolvimento Econômico, Inovação e Simplificação do Rio, que renunciou ao mandato de deputado estadual para assumir a",https://www.alerj.rj.gov.br/Visualizar/Noticia/50007,corpo
197,50007,2021-01-04,renuncia,"vid-19. Já a deputada Adriana Balthazar (Novo) assumiu a vaga deixada por Chicão Bulhões, atual secretário municipal de Desenvolvimento Econômico, Inovação e Simplificação do Rio, que renunciou ao",https://www.alerj.rj.gov.br/Visualizar/Noticia/50007,corpo
199,45337,2019-03-26,outro_provisorio,"no lugar de Chiquinho da Mangueira (PSC) e Luiz Martins (PDT), que estão afastados por decisão judicial. Perfis Sergio Fernandes tem 38 anos e é advogado. Foi secretário de Estado de Ciência,",https://www.alerj.rj.gov.br/Visualizar/Noticia/45337,corpo
208,55067,2023-01-03,outro_provisorio,"ntrará Átila Nunes (PSD). Já Charlles Batista (PL) substituirá Dr. Serginho (PL), que é o novo Secretário de Estado de Ciência, Tecnologia e Inovação. Também assumem mandatos Elton Cristo (PP) e",https://www.alerj.rj.gov.br/Visualizar/Noticia/55067,corpo
210,50007,2021-01-04,outro_provisorio,"assumiu a vaga de Bruno Dauaire o deputado Elton Cristo (Patriota), segundo suplente do partido. “Estarei empenhado em aprovar projetos relevantes, principalmente para as pessoas da periferia, a",https://www.alerj.rj.gov.br/Visualizar/Noticia/50007,corpo
214,50856,2021-06-24,licenca,deputado licenciado Léo Vieira e do ex-deputado Felipe Peixoto.,https://www.alerj.rj.gov.br/Visualizar/Noticia/50856,corpo
219,48781,2020-05-27,falecimento,"vaga do deputado Gil Vianna, que morreu, na semana passada, vítima da covid-19. Médico cardiologista, Pedro tem 39 anos e é morador do município de Saquarema. A posse foi oficializada pelo preside",https://www.alerj.rj.gov.br/Visualizar/Noticia/48781,corpo
219,48740,2020-05-20,falecimento,"ne em homenagem a todas as vítimas do coronavírus no país e ao deputado Gil Vianna (PSL), que faleceu na noite de ontem em decorrência da doença. Um projeto de resolução para dar ao parlament",https://www.alerj.rj.gov.br/Visualizar/Noticia/48740,corpo
219,48781,2020-05-27,falecimento,"sse de seu mandato nesta quarta-feira (27/05) e vai ocupar a vaga do deputado Gil Vianna, que morreu, na semana passada, vítima da covid-19. Médico cardiologista, Pedro tem 39 anos e é morad",https://www.alerj.rj.gov.br/Visualizar/Noticia/48781,corpo
219,48978,2020-06-30,falecimento,"resolução 401/2020, que concede a Medalha Tiradentes post-mortem ao deputado Gil Vianna, que faleceu em decorrência do coronavírus, no dia 19 de maio. A medalha é a maior honraria do Parlame",https://www.alerj.rj.gov.br/Visualizar/Noticia/48978,corpo
222,51208,2021-08-16,licenca,"deputado licenciado Gustavo Tutuca (MDB), que busca estabelecer medidas de incentivo à inovação e pesquisa científica e tecnológica, objetivando atualizar o Marco Legal de Inovação do Estado. O event",https://www.alerj.rj.gov.br/Visualizar/Noticia/51208,corpo
222,55067,2023-01-03,outro_provisorio,"No lugar de Gustavo Tutuca (PP), que assumiu a Secretaria de Estado de Turismo, entrará Átila Nunes (PSD). Já Charlles Batista (PL) substituirá Dr. Serginho (PL), que é o novo Secretário de E",https://www.alerj.rj.gov.br/Visualizar/Noticia/55067,corpo
222,55067,2023-01-03,outro_provisorio,"(União) será substituído por Sérgio Fernandes (PDT). No lugar de Gustavo Tutuca (PP), que assumiu a Secretaria de Estado de Turismo, entrará Átila Nunes (PSD). Já Charlles Batista (PL) substituirá Dr.",https://www.alerj.rj.gov.br/Visualizar/Noticia/55067,corpo
223,55067,2023-01-03,outro_provisorio,"no lugar de Bruno Dauaire (União) e Jair Bittencourt (PL), que assumiram as secretarias de Estado de Habitação e a de Agricultura, Pecuária, Pesca e Abastecimento, respectivamente. Advogado d",https://www.alerj.rj.gov.br/Visualizar/Noticia/55067,corpo
223,55067,2023-01-03,outro_provisorio,"o Queiroz (PP), que entram no lugar de Bruno Dauaire (União) e Jair Bittencourt (PL), que assumiram as secretarias de Estado de Habitação e a de Agricultura, Pecuária, Pesca e Abastecimento, respectivamen",https://www.alerj.rj.gov.br/Visualizar/Noticia/55067,corpo
226,49531,2020-10-05,falecimento,"vaga do deputado João Peixoto (DC), que morreu, na última quarta-feira (30/09), vítima da covid-19. Na eleição de 2018, Eurico obteve 17.851 votos, sendo suplente pelo Partido Verde (PV), na colig",https://www.alerj.rj.gov.br/Visualizar/Noticia/49531,corpo
226,49514,2020-09-30,falecimento,", nesta quarta-feira (30/09), uma sessão solene em memória do deputado João Peixoto (DC), que morreu em decorrência da covid-19. O presidente da Casa, deputado André Ceciliano (PT), pediu um",https://www.alerj.rj.gov.br/Visualizar/Noticia/49514,corpo
226,49531,2020-10-05,falecimento,"mandato nesta segunda-feira (05/10). Ele vai ocupar a vaga do deputado João Peixoto (DC), que morreu, na última quarta-feira (30/09), vítima da covid-19. Na eleição de 2018, Eurico obteve 17",https://www.alerj.rj.gov.br/Visualizar/Noticia/49531,corpo
227,50007,2021-01-04,outro_provisorio,"vaga deixada por Jorge Felippe Neto, atual Secretário Municipal de Trabalho e Renda do Rio. “Esse é um mandato diferente, de muitos desafios, por conta da questão econômica e da instabilidade",https://www.alerj.rj.gov.br/Visualizar/Noticia/50007,corpo
227,50007,2021-01-04,outro_provisorio,"posse o deputado Felipe Peixoto (PSD), que assume a vaga deixada por Jorge Felippe Neto, atual Secretário Municipal de Trabalho e Renda do Rio. “Esse é um mandato diferente, de muitos desafios, p",https://www.alerj.rj.gov.br/Visualizar/Noticia/50007,corpo
228,50856,2021-06-24,licenca,deputado licenciado Léo Vieira e do ex-deputado Felipe Peixoto.,https://www.alerj.rj.gov.br/Visualizar/Noticia/50856,corpo
230,45337,2019-03-26,outro_provisorio,"no lugar de Chiquinho da Mangueira (PSC) e Luiz Martins (PDT), que estão afastados por decisão judicial. Perfis Sergio Fernandes tem 38 anos e é advogado. Foi secretário de Estado de Ciência,",https://www.alerj.rj.gov.br/Visualizar/Noticia/45337,corpo
237,53852,2022-06-28,outro_provisorio,"NA VAGA DE MÁRCIO PACHECO ELEITO CONSELHEIRO DO TCE Ex-vereador da cidade de Nova Friburgo, Sérgio Louback (PSC) foi empossado como deputado estadual nesta terça-feira (28/06) pelo president",https://www.alerj.rj.gov.br/Visualizar/Noticia/53852,corpo
237,53845,2022-06-29,outro_definitivo,"vaga deixada pelo ex-deputado Márcio Pacheco, que foi eleito conselheiro do Tribunal de Contas do Estado (TCE-RJ) . A Comissão de Constituição e Justiça é a primeira a dar parecer sobre as pro",https://www.alerj.rj.gov.br/Visualizar/Noticia/53845,corpo
237,53852,2022-06-28,outro_definitivo,"plenária. Louback assume a vaga do agora ex-deputado Márcio Pacheco, que tomou posse como conselheiro do Tribunal de Contas do Estado (TCE). Louback foi eleito vereador da cidade de Nova Friburgo, em 201",https://www.alerj.rj.gov.br/Visualizar/Noticia/53852,corpo
237,53845,2022-06-29,outro_definitivo,"a (29/06). Bacellar assume a vaga deixada pelo ex-deputado Márcio Pacheco, que foi eleito conselheiro do Tribunal de Contas do Estado (TCE-RJ) . A Comissão de Constituição e Justiça é a primeira a dar pa",https://www.alerj.rj.gov.br/Visualizar/Noticia/53845,corpo
241,50007,2021-01-04,outro_definitivo,"No lugar de Marina Rocha, que se tornou prefeita de Guapimirim, tomou posse o deputado Wellington José, 1º suplente do PMB, que assume seu primeiro mandato na Casa. “Vamos trabalhar as pautas",https://www.alerj.rj.gov.br/Visualizar/Noticia/50007,corpo
243,50774,2021-06-15,licenca,"deputado licenciado Max Lemos; e de Trabalho e Renda, o deputado Léo Vieira. Além de Max Lemos e Léo Vieira, deixou a Casa o deputado Rodrigo Bacellar, hoje secretário estadual de Governo, e em seu l",https://www.alerj.rj.gov.br/Visualizar/Noticia/50774,corpo
243,50774,2021-06-15,licenca,"deputado licenciado Max Lemos e do presidente do MDB, Leonardo Picciani. Já Jalmir Junior é militar da reserva e já atuou como vereador em São Gonçalo. Casado e pai de dois filhos, é bacharel em Dire",https://www.alerj.rj.gov.br/Visualizar/Noticia/50774,corpo
243,50780,2021-06-16,licenca,"deputado licenciado Max Lemos. A medida autoriza o Governo do Estado a implementar o Programa Titula Rio, com o objetivo de aumentar os procedimentos de titulação e regularização fundiária no estado.",https://www.alerj.rj.gov.br/Visualizar/Noticia/50780,corpo
243,51173,2021-08-10,licenca,"deputado licenciado Max Lemos (PSDB), que assegura o direito ao acompanhante para pacientes que forem realizar cirurgias no aparelho reprodutor. A medida seguirá para sanção ou veto do governador Clá",https://www.alerj.rj.gov.br/Visualizar/Noticia/51173,corpo
243,52659,2022-03-07,licenca,"deputado licenciado Max Lemos (PSDB), sancionada pelo governador Cláudio Castro e publicada no Diário Oficial desta segunda-feira (07/03). De acordo com a Lei, o incentivo será concedido por meio de",https://www.alerj.rj.gov.br/Visualizar/Noticia/52659,corpo
248,50280,2021-03-24,licenca,"deputado licenciado Renan Ferreirinha, que cria o “Selo Escola Amiga da Saúde Mental”, dado às instituições que contribuam com a inclusão social de pessoas com transtornos mentais e com Transtorno do",https://www.alerj.rj.gov.br/Visualizar/Noticia/50280,corpo
248,50007,2021-01-04,outro_provisorio,"assumiu a vaga deixada por Renan Ferreirinha, que ocupa o cargo de secretário municipal de Educação do Rio. “Quero colocar minha experiência à disposição da Alerj e do povo fluminense, para que",https://www.alerj.rj.gov.br/Visualizar/Noticia/50007,corpo
248,54587,2022-10-06,outro_provisorio,"no lugar de Renan Ferreirinha, que deixa a Alerj para voltar a ser secretário de Educação do município do Rio. Segundo suplente do partido, Jari vinha exercendo seu terceiro mandato como vere",https://www.alerj.rj.gov.br/Visualizar/Noticia/54587,corpo
248,50007,2021-01-04,outro_provisorio,"Rubens Bomtempo (PSB) assumiu a vaga deixada por Renan Ferreirinha, que ocupa o cargo de secretário municipal de Educação do Rio. “Quero colocar minha experiência à disposição da Alerj e do povo flum",https://www.alerj.rj.gov.br/Visualizar/Noticia/50007,corpo
250,50007,2021-01-04,outro_definitivo,"a a população de todo o estado”, comentou o deputado. Com a eleição de Renato Cozzolino à prefeitura de Magé, a deputada Célia Jordão (Patriota) assumiu o mandato efetivo na Casa. Célia já esta",https://www.alerj.rj.gov.br/Visualizar/Noticia/50007,corpo
253,51646,2021-10-12,licenca,"deputado licenciado Rodrigo Bacellar, que atualmente é secretário de Estado de Governo. Já o auxílio saúde será concedido a título indenizatório a todos os servidores ativos e inativos do quadro perm",https://www.alerj.rj.gov.br/Visualizar/Noticia/51646,corpo
253,52880,2022-03-31,licenca,"deputado licenciado Rodrigo Bacellar, que cria a Política Estadual de Atenção, Acompanhamento e Tratamento para Pessoas com Traqueostomia e de seus representantes legais, com o Ministério da Saúde e",https://www.alerj.rj.gov.br/Visualizar/Noticia/52880,corpo
253,54575,2022-10-11,outro_provisorio,"vaga do deputado Rodrigo Bacellar, que deixou a Casa para reassumir a Secretaria de Estado de Governo. A deputada ocupou uma cadeira no Legislativo fluminense, no início deste ano, por cerca de tr",https://www.alerj.rj.gov.br/Visualizar/Noticia/54575,corpo
253,51646,2021-10-12,outro_provisorio,"ireito dos servidores”, comentou o deputado licenciado Rodrigo Bacellar, que atualmente é secretário de Estado de Governo. Já o auxílio saúde será concedido a título indenizatório a todos os servidore",https://www.alerj.rj.gov.br/Visualizar/Noticia/51646,corpo
260,45337,2019-03-26,licenca,"ão no Estado. Ele recebeu 33.302 votos nas eleições de 2018. Sergio Louback tem 55 anos e se licenciou do cargo de vereador no município de Nova Friburgo, na região Serrana, para assumir o man",https://www.alerj.rj.gov.br/Visualizar/Noticia/45337,corpo
268,50007,2021-01-04,outro_definitivo,"no lugar de Welberth Rezende, eleito prefeito de Macaé. “Eu não sei que tipo de problemas enfrentaremos daqui pra frente, mas já me coloquei à disposição da presidência da Casa. Acredito que",https://www.alerj.rj.gov.br/Visualizar/Noticia/50007,corpo
268,50007,2021-01-04,outro_definitivo,"suplente da coligação Cidadania/PSDB, que assume o mandato no lugar de Welberth Rezende, eleito prefeito de Macaé. “Eu não sei que tipo de problemas enfrentaremos daqui pra frente, mas já me col",https://www.alerj.rj.gov.br/Visualizar/Noticia/50007,corpo
275,72650,2025-01-02,outro_definitivo,"deixa a Alerj é o petista Andrezinho Ceciliano, empossado prefeito da cidade de Paracambi, e quem assume em seu lugar é Lilian Behring (PCdoB), que está na sua primeira legislatura. A também es",https://www.alerj.rj.gov.br/Visualizar/Noticia/72650,corpo
275,72650,2025-01-02,outro_definitivo,"treantes no Parlamento Outro deputado que deixa a Alerj é o petista Andrezinho Ceciliano, empossado prefeito da cidade de Paracambi, e quem assume em seu lugar é Lilian Behring (PCdoB), que está na",https://www.alerj.rj.gov.br/Visualizar/Noticia/72650,corpo
276,60910,2023-11-01,outro_provisorio,"na vaga de Arthur Monteiro (PODE), que passa a comandar a Secretaria de Estado de Trabalho e Renda – a mudança foi publicada em Diário Oficial. Wellington José já havia sido parlamentar da C",https://www.alerj.rj.gov.br/Visualizar/Noticia/60910,corpo
278,55587,2023-04-11,licenca,"deputado licenciado Bernardo Rossi, que a Assembleia Legislativa do Estado do Rio de Janeiro (Alerj) aprovou em redação final, nesta terça-feira (11/04). A medida segue para o governador Cláudio Cast",https://www.alerj.rj.gov.br/Visualizar/Noticia/55587,corpo
280,83491,2026-03-23,outro_provisorio,"em substituição a Bruno Boaretto (PL), enquanto o ex-secretário de Habitação de Interesse Social Bruno Dauaire reassume a vaga até então ocupada por Daniel Martins (União). Já Anderson Moraes deixo",https://www.alerj.rj.gov.br/Visualizar/Noticia/83491,corpo
281,55480,2023-03-23,licenca,"deputado licenciado Bruno Dauaire (União), que a Assembleia Legislativa do Estado do Rio de Janeiro (Alerj) aprovou em segunda discussão nesta quinta-feira (23/03). A medida segue para o governador C",https://www.alerj.rj.gov.br/Visualizar/Noticia/55480,corpo
281,55588,2023-04-11,licenca,"deputado licenciado Bruno Dauaire, que foi aprovado pela Assembleia Legislativa do Estado do Rio de Janeiro (Alerj), nesta terça-feira (11/04), em segunda discussão. Por ter recebido emendas, o texto",https://www.alerj.rj.gov.br/Visualizar/Noticia/55588,corpo
281,55668,2023-04-19,licenca,"deputado licenciado Bruno Dauaire (União), que foi sancionada com veto parcial pelo governador em exercício Thiago Pampolha e publicada no Diário Oficial desta quarta-feira (19/04). """"Os estabelecime",https://www.alerj.rj.gov.br/Visualizar/Noticia/55668,corpo
281,55668,2023-04-19,licenca,"deputado licenciado Bruno Dauaire. A norma deverá ser regulamentada pelo Governo do Estado por meio de decreto. Veto O Executivo estadual vetou o parágrafo único do artigo 1º, que previa que, em esta",https://www.alerj.rj.gov.br/Visualizar/Noticia/55668,corpo
281,55694,2023-04-25,licenca,"deputado licenciado Bruno Dauaire, que foi aprovado pela Assembleia Legislativa do Estado do Rio de Janeiro (Alerj) nesta terça-feira (25/04), em redação final. A medida segue para o governador Cláud",https://www.alerj.rj.gov.br/Visualizar/Noticia/55694,corpo
281,72650,2025-01-02,outro_provisorio,"vaga do deputado Bruno Dauaire (União), investido no cargo de secretário estadual de Habitação de Interesse Social. Por fim, a deputada Martha Rocha (PDT) se licenciou da Alerj para assumir a Secr",https://www.alerj.rj.gov.br/Visualizar/Noticia/72650,corpo
281,55287,2023-02-13,licenca,"feira (13/02), ao deputado Marcelo Dino (União) na vaga do parlamentar Bruno Dauaire, que se licenciou para assumir a Secretaria Estadual de Habitação. Dino retorna à Casa para cumprir seu seg",https://www.alerj.rj.gov.br/Visualizar/Noticia/55287,corpo
287,55249,2023-02-08,outro_provisorio,"vaga do deputado Chico Machado (SDD), ex-líder do Governo no Parlamento. Já Luiz Cláudio Ribeiro (PSD) substituiu Eduardo Cavaliere (PSD), que deixou o Legislativo para ser secretário da Casa Civi",https://www.alerj.rj.gov.br/Visualizar/Noticia/55249,corpo
289,67750,2024-07-01,outro_provisorio,"vaga deixada por Cláudio Caiado (PSD), que se licenciou para ser o novo secretário Municipal de Habitação da capital fluminense. Natural de Mangaratiba, na Costa Verde, Luiz Cláudio Ribeiro, d",https://www.alerj.rj.gov.br/Visualizar/Noticia/67750,corpo
289,67750,2024-07-01,licenca,"segunda-feira (01/07). Luiz Cláudio assumirá a vaga deixada por Cláudio Caiado (PSD), que se licenciou para ser o novo secretário Municipal de Habitação da capital fluminense. Natural de Manga",https://www.alerj.rj.gov.br/Visualizar/Noticia/67750,corpo
297,59327,2023-09-27,outro_provisorio,"vaga do deputado Douglas Ruas, que passa a estar à frente da Secretaria de Estado das Cidades O deputado delegado Carlos Augusto (PL) assumiu, nesta quarta-feira (27/09), seu mandato na Assembleia",https://www.alerj.rj.gov.br/Visualizar/Noticia/59327,corpo
297,59327,2023-09-27,outro_provisorio,"entrou na vaga de Douglas Ruas (PL), que passa a comandar a Secretaria de Estado das Cidades – a mudança foi publicada em Diário Oficial. Augusto já havia sido parlamentar da Casa na Legislatura",https://www.alerj.rj.gov.br/Visualizar/Noticia/59327,corpo
297,83491,2026-03-23,outro_provisorio,"no lugar de Elton Cristo (PP); Douglas Ruas, que estava na Secretaria das Cidades, volta em substituição a Bruno Boaretto (PL), enquanto o ex-secretário de Habitação de Interesse Social Bruno",https://www.alerj.rj.gov.br/Visualizar/Noticia/83491,corpo
298,65692,2024-05-09,outro_provisorio,"entrou na vaga do deputado Dr. Deodalto, que se licenciou para assumir a Secretaria de Estado de Agricultura, Pecuária, Pesca e Abastecimento. O termo empossando o parlamentar foi publicado no D",https://www.alerj.rj.gov.br/Visualizar/Noticia/65692,corpo
298,65692,2024-05-09,licenca,"egundo suplente do Partido Liberal (PL), ele entrou na vaga do deputado Dr. Deodalto, que se licenciou para assumir a Secretaria de Estado de Agricultura, Pecuária, Pesca e Abastecimento. O te",https://www.alerj.rj.gov.br/Visualizar/Noticia/65692,corpo
298,66952,2024-06-11,licenca,"terça-feira (11/06). O parlamentar assumiu o lugar que era ocupado por Dr. Deodalto, que se licenciou para assumir a Secretaria de Estado de Agricultura, Pesca e Abastecimentos. Nascido e cri",https://www.alerj.rj.gov.br/Visualizar/Noticia/66952,corpo
300,72650,2025-01-02,outro_definitivo,"no lugar de Dr. Serginho (PL), agora prefeito do município de Cabo Frio. O deputado Marcelo Dino (União) também passa a ter o mandato de maneira definitiva, pois herda a vaga de Márcio Canell",https://www.alerj.rj.gov.br/Visualizar/Noticia/72650,corpo
301,72650,2025-01-02,outro_definitivo,"em substituição a Eduardo Cavaliere (PSD), agora vice-prefeito do Rio de Janeiro. Estreantes no Parlamento Outro deputado que deixa a Alerj é o petista Andrezinho Ceciliano, empossado prefeito da c",https://www.alerj.rj.gov.br/Visualizar/Noticia/72650,corpo
303,83491,2026-03-23,outro_provisorio,"no lugar de Elton Cristo (PP); Douglas Ruas, que estava na Secretaria das Cidades, volta em substituição a Bruno Boaretto (PL), enquanto o ex-secretário de Habitação de Interesse Social Bruno",https://www.alerj.rj.gov.br/Visualizar/Noticia/83491,corpo
306,67910,2024-07-16,licenca,DEPUTADO ARTHUR MONTEIRO VOLTA À ALERJ Já o parlamentar Felipinho Ravis se licenciou para assumir a Secretaria Estadual de Trabalho. A Assembleia Legislativa do Estado do Rio,https://www.alerj.rj.gov.br/Visualizar/Noticia/67910,corpo
315,55247,2023-02-06,outro_provisorio,"al da Casa Civil; e Sérgio Fernandes (PSD) vai ocupar a vaga de Guilherme Schleder (PSD), secretário municipal de Esportes do Rio de Janeiro. Perfis dos deputados Elton Cristo , que já foi suplente na",https://www.alerj.rj.gov.br/Visualizar/Noticia/55247,corpo
315,55249,2023-02-08,outro_provisorio,"volta à Alerj o deputado Sérgio Fernandes (PSD), que ocupa a vaga de Guilherme Schleder, atual secretário de Esportes do município do Rio de Janeiro. Deputados falam de suas prioridades para a 13",https://www.alerj.rj.gov.br/Visualizar/Noticia/55249,corpo
315,55287,2023-02-13,outro_provisorio,"o seu terceiro mandato. Já Luiz Cláudio Ribeiro (PSD) substitui Guilherme Schleder (PSD), secretário municipal de Esportes do Rio de Janeiro; e Sérgio Fernandes (PSD) passou a ocupar a vaga de Eduardo",https://www.alerj.rj.gov.br/Visualizar/Noticia/55287,corpo
315,72650,2025-01-02,outro_provisorio,"SD). Ele entra como suplente no lugar do deputado Guilherme Schleder (PSD), que está como secretário municipal de Esporte. Já Marcus Muller (União) assume a vaga do deputado Bruno Dauaire (União), inv",https://www.alerj.rj.gov.br/Visualizar/Noticia/72650,corpo
316,55262,2023-02-15,licenca,"deputado licenciado Gustavo Tutuca, que foi aprovado, em segunda discussão, pela Assembleia Legislativa do Estado do Rio de Janeiro (Alerj), nesta quarta-feira (15/02). A medida segue para o governad",https://www.alerj.rj.gov.br/Visualizar/Noticia/55262,corpo
316,55247,2023-02-06,outro_provisorio,"a (06/02) do Diário Oficial do Legislativo. No lugar do deputado Gustavo Tutuca (PP), que assumiu a Secretaria de Estado de Turismo, entrará Elton Cristo (PP); já Luiz Cláudio Ribeiro (PSD) substituir",https://www.alerj.rj.gov.br/Visualizar/Noticia/55247,corpo
316,55249,2023-02-08,outro_provisorio,"). O deputado Elton Cristo (PP) vai ocupar a cadeira do deputado Gustavo Tutuca (PP), que assumiu a Secretaria de Estado de Turismo . Bernardo Rossi (SDD) retornou à Casa para o terceiro mandato, dest",https://www.alerj.rj.gov.br/Visualizar/Noticia/55249,corpo
316,55287,2023-02-13,outro_provisorio,"uatro deputados suplentes foram empossados. No lugar do deputado Gustavo Tutuca (PP), que assumiu a Secretaria de Estado de Turismo, entrou Elton Cristo (PP). Quem também saiu da Alerj, na última quar",https://www.alerj.rj.gov.br/Visualizar/Noticia/55287,corpo
318,83491,2026-03-23,outro_provisorio,"no lugar de Jair Bittencourt, cuja nomeação para o comando da Secretaria de Governo foi publicada nesta segunda-feira (23/3) em Diário Oficial do Executivo.",https://www.alerj.rj.gov.br/Visualizar/Noticia/83491,corpo
321,86151,2026-07-02,licenca,"uplente do partido, ela foi convocada para assumir a vaga do parlamentar Júlio Rocha, que se licenciou por motivos de saúde, e o Termo de Posse foi publicado no Diário Oficial do Poder Legisla",https://www.alerj.rj.gov.br/Visualizar/Noticia/86151,corpo
322,72650,2025-01-02,outro_definitivo,"no lugar de Léo Vieira (PSC), novo prefeito de São João de Meriti. Knoploch retorna para o seu segundo mandato na Alerj, assim como o delegado Carlos Augusto (PL),que entra no lugar de Dr. Se",https://www.alerj.rj.gov.br/Visualizar/Noticia/72650,corpo
322,72650,2025-01-02,outro_definitivo,"Knoploch (PSC), por exemplo, assume o mandato em definitivo no lugar de Léo Vieira (PSC), novo prefeito de São João de Meriti. Knoploch retorna para o seu segundo mandato na Alerj, assim como o",https://www.alerj.rj.gov.br/Visualizar/Noticia/72650,corpo
328,72650,2025-01-02,outro_definitivo,"a ter o mandato de maneira definitiva, pois herda a vaga de Márcio Canella (União), recém-empossado prefeito de Belford Roxo. Por sua vez, o parlamentar Sérgio Fernandes (PSD) consolida sua presença",https://www.alerj.rj.gov.br/Visualizar/Noticia/72650,corpo
332,72650,2025-01-02,licenca,"retário estadual de Habitação de Interesse Social. Por fim, a deputada Martha Rocha (PDT) se licenciou da Alerj para assumir a Secretaria Municipal de Assistência Social e na sua vaga entra o",https://www.alerj.rj.gov.br/Visualizar/Noticia/72650,corpo
334,66532,2024-06-03,falecimento,"na vaga deixada por Otoni de Paula Pai, que morreu no dia 27 de maio passado em decorrência de um câncer hepático. Atualmente nomeado secretário de Estado de Esporte e Lazer do Rio, Picciani",https://www.alerj.rj.gov.br/Visualizar/Noticia/66532,corpo
334,66471,2024-05-28,falecimento,"iro (Alerj) se despediu, nesta terça-feira (28/05), do deputado Otoni de Paula Pai (MDB), que faleceu aos 71 anos, na madrugada de segunda-feira (27/05), depois de uma luta de seis meses cont",https://www.alerj.rj.gov.br/Visualizar/Noticia/66471,corpo
334,66532,2024-06-03,falecimento,"io Oficial desta segunda-feira (03/06). Ele entra na vaga deixada por Otoni de Paula Pai, que morreu no dia 27 de maio passado em decorrência de um câncer hepático. Atualmente nomeado secret",https://www.alerj.rj.gov.br/Visualizar/Noticia/66532,corpo
334,66731,2024-06-06,falecimento,"nesta quinta-feira (06/06), o Projeto de Lei 86/23, do deputado Otoni de Paula Pai (MDB), que faleceu no final de maio, e da deputada Índia Armelau (PL), que cria o “Programa Além dos Olhos”.",https://www.alerj.rj.gov.br/Visualizar/Noticia/66731,corpo
349,72650,2025-01-02,outro_definitivo,"na vaga de Tande Vieira (Pros) , que tomou posse como prefeito do município de Resende. Suplentes Quem também retorna à Casa para mais um mandato é o deputado Átila Nunes (PSD). Ele entra co",https://www.alerj.rj.gov.br/Visualizar/Noticia/72650,corpo
351,84898,2026-05-22,outro_provisorio,em substituição ao parlamentar afastado Thiago Rangel (Avante). O edital foi publicado no Diário Oficial do Poder Legislativo desta sexta-feira (22/05). Wellington José é o primeiro suplente do Pod,https://www.alerj.rj.gov.br/Visualizar/Noticia/84898,corpo
407,2332,2002-04-11,outro_provisorio,"saída do deputado José Amorim (PPB), que vai assumir o cargo de secretário de Habitação do Município de São João de Meriti, será realizada nessa quinta-feira (11/04), na Alerj, eleição para escolha",https://www.alerj.rj.gov.br/Visualizar/Noticia/2332,corpo
446,9619,2004-12-19,falecimento,"LBANO REIS SERÁ VELADO NA ALERJ, A PARTIR DAS 17H O corpo do deputado Albano Reis (PMDB), que morreu ontem (18/12), será velado no saguão Getúlio Vargas do Palácio Tiradentes, na Alerj, a pa",https://www.alerj.rj.gov.br/Visualizar/Noticia/9619,corpo
451,8019,2004-05-20,licenca,"deputado licenciado Altineu Côrtes (PMDB), que cria o Disque-Qualidade na Alerj. De acordo com o projeto, o objetivo é fiscalizar a qualidade e a eficiência dos produtos e serviços prestados por empr",https://www.alerj.rj.gov.br/Visualizar/Noticia/8019,corpo
451,8152,2004-06-02,licenca,"deputado licenciado Altineu Cortes (PMDB), que outorga à Polícia Militar o título de Defensora da Cidadania e da Paz. """"Policiar o Estado do Rio de Janeiro é um desafio complexo, mas ao mesmo tempo,",https://www.alerj.rj.gov.br/Visualizar/Noticia/8152,corpo
459,9710,2004-12-29,outro_definitivo,"nistração municipal do Rio abrem uma vaga de suplente para o deputado Átila Nunes (PMDB). Eleita prefeita de São Gonçalo, Aparecida Panisset (PFL) dará lugar ao veterano deputado Jorge Guilherme",https://www.alerj.rj.gov.br/Visualizar/Noticia/9710,corpo
459,9713,2004-12-30,outro_definitivo,"nistração municipal do Rio abrem uma vaga de suplente para o deputado Átila Nunes (PMDB). Eleita prefeita de São Gonçalo, Aparecida Panisset (PFL) dará lugar ao veterano deputado Jorge Guilherme",https://www.alerj.rj.gov.br/Visualizar/Noticia/9713,corpo
459,9720,2004-12-31,outro_definitivo,"nistração municipal do Rio abrem uma vaga de suplente para o deputado Átila Nunes (PMDB). Eleita prefeita de São Gonçalo, Aparecida Panisset (PFL) dará lugar ao veterano deputado Jorge Guilherme",https://www.alerj.rj.gov.br/Visualizar/Noticia/9720,corpo
459,9724,2005-01-01,outro_definitivo,"nistração municipal do Rio abrem uma vaga de suplente para o deputado Átila Nunes (PMDB). Eleita prefeita de São Gonçalo, Aparecida Panisset (PFL) dará lugar ao veterano deputado Jorge Guilherme",https://www.alerj.rj.gov.br/Visualizar/Noticia/9724,corpo
459,9726,2005-01-02,outro_definitivo,"nistração municipal do Rio abrem uma vaga de suplente para o deputado Átila Nunes (PMDB). Eleita prefeita de São Gonçalo, Aparecida Panisset (PFL) dará lugar ao veterano deputado Jorge Guilherme",https://www.alerj.rj.gov.br/Visualizar/Noticia/9726,corpo
459,9728,2005-01-03,outro_definitivo,"nistração municipal do Rio abrem uma vaga de suplente para o deputado Átila Nunes (PMDB). Eleita prefeita de São Gonçalo, Aparecida Panisset (PFL) dá lugar ao veterano deputado Jorge Guilherme Go",https://www.alerj.rj.gov.br/Visualizar/Noticia/9728,corpo
459,9735,2005-01-04,outro_definitivo,"nistração municipal do Rio abrem uma vaga de suplente para o deputado Átila Nunes (PMDB). Eleita prefeita de São Gonçalo, Aparecida Panisset (PFL) dá lugar ao veterano deputado Jorge Guilherme Go",https://www.alerj.rj.gov.br/Visualizar/Noticia/9735,corpo
463,15944,2007-01-03,outro_provisorio,"vaga deixada pelo petista Carlos Minc, que deixou a Casa para ocupar a Secretaria estadual de Ambiente. Em seu lugar está o suplente Paulo Roberto Mustrangi (PT). Tanto Leal quanto Mustrangi f",https://www.alerj.rj.gov.br/Visualizar/Noticia/15944,corpo
467,9710,2004-12-29,outro_definitivo,"vaga aberta pelo deputado Comte Bittencourt (PPS), que assume a Vice-Prefeitura de Niterói. O município de Nova Iguaçu também vai aumentar sua bancada de representantes na Alerj. Além do já c",https://www.alerj.rj.gov.br/Visualizar/Noticia/9710,corpo
467,9713,2004-12-30,outro_definitivo,"vaga aberta pelo deputado Comte Bittencourt (PPS), que assume a Vice-Prefeitura de Niterói. O município de Nova Iguaçu também vai aumentar sua bancada de representantes na Alerj. Além do já c",https://www.alerj.rj.gov.br/Visualizar/Noticia/9713,corpo
467,9720,2004-12-31,outro_definitivo,"vaga aberta pelo deputado Comte Bittencourt (PPS), que assume a Vice-Prefeitura de Niterói. O município de Nova Iguaçu também vai aumentar sua bancada de representantes na Alerj. Além do já c",https://www.alerj.rj.gov.br/Visualizar/Noticia/9720,corpo
467,9724,2005-01-01,outro_definitivo,"vaga aberta pelo deputado Comte Bittencourt (PPS), que assume a Vice-Prefeitura de Niterói. O município de Nova Iguaçu também vai aumentar sua bancada de representantes na Alerj. Além do já c",https://www.alerj.rj.gov.br/Visualizar/Noticia/9724,corpo
467,9726,2005-01-02,outro_definitivo,"vaga aberta pelo deputado Comte Bittencourt (PPS), que assume a Vice-Prefeitura de Niterói. O município de Nova Iguaçu também vai aumentar sua bancada de representantes na Alerj. Além do já c",https://www.alerj.rj.gov.br/Visualizar/Noticia/9726,corpo
467,9728,2005-01-03,outro_definitivo,"vaga aberta pelo deputado Comte Bittencourt (PPS), que assumiu a Vice-Prefeitura de Niterói. O município de Nova Iguaçu também vai aumentar sua bancada de representantes na Alerj. Além do já",https://www.alerj.rj.gov.br/Visualizar/Noticia/9728,corpo
467,9735,2005-01-04,outro_definitivo,"como suplente, o niteroiense Adroaldo Peixoto (PSC). Comte Bittencourt já assumiu a Vice-Prefeitura de Niterói e protocolou sua renúncia na Alerj. Nos próximos dias, seu suplente, José Bonifác",https://www.alerj.rj.gov.br/Visualizar/Noticia/9735,corpo
467,9764,2005-01-10,outro_definitivo,"01) a cadeira deixada na Assembléia Legislativa pelo ex-deputado Comte Bittencourt (PPS), eleito vice-prefeito de Niterói no último pleito municipal. Primeiro suplente da coligação PDT-PPS-PTB, José B",https://www.alerj.rj.gov.br/Visualizar/Noticia/9764,corpo
467,9765,2005-01-10,outro_definitivo,"01) a cadeira deixada na Assembléia Legislativa pelo ex-deputado Comte Bittencourt (PPS), eleito vice-prefeito de Niterói no último pleito municipal. Primeiro suplente da coligação PDT-PPS-PTB, José B",https://www.alerj.rj.gov.br/Visualizar/Noticia/9765,corpo
467,9766,2005-01-11,outro_definitivo,"01) a cadeira deixada na Assembléia Legislativa pelo ex-deputado Comte Bittencourt (PPS), eleito vice-prefeito de Niterói no último pleito municipal. Primeiro suplente da coligação PDT-PPS-PTB, José B",https://www.alerj.rj.gov.br/Visualizar/Noticia/9766,corpo
467,12775,2005-12-21,outro_definitivo,"u possível ingresso na Casa, que depende da renúncia do deputado Comte Bittencourt (PPS), eleito vice-prefeito de Niterói. """"Pode ser que o Comte se licencie para ficar com alguma secretaria e eu entr",https://www.alerj.rj.gov.br/Visualizar/Noticia/12775,corpo
476,9710,2004-12-29,licenca,deputado licenciado Eider Dantas (PFL) - atual secretário municipal de Obras do Rio de Janeiro. A efetivação de Renato de Jesus e a permanência de Eider na administração municipal do Rio abrem uma va,https://www.alerj.rj.gov.br/Visualizar/Noticia/9710,corpo
476,9713,2004-12-30,licenca,deputado licenciado Eider Dantas (PFL) - atual secretário municipal de Obras do Rio de Janeiro. A efetivação de Renato de Jesus e a permanência de Eider na administração municipal do Rio abrem uma va,https://www.alerj.rj.gov.br/Visualizar/Noticia/9713,corpo
476,9720,2004-12-31,licenca,deputado licenciado Eider Dantas (PFL) - atual secretário municipal de Obras do Rio de Janeiro. A efetivação de Renato de Jesus e a permanência de Eider na administração municipal do Rio abrem uma va,https://www.alerj.rj.gov.br/Visualizar/Noticia/9720,corpo
476,9724,2005-01-01,licenca,deputado licenciado Eider Dantas (PFL) - atual secretário municipal de Obras do Rio de Janeiro. A efetivação de Renato de Jesus e a permanência de Eider na administração municipal do Rio abrem uma va,https://www.alerj.rj.gov.br/Visualizar/Noticia/9724,corpo
476,9726,2005-01-02,licenca,deputado licenciado Eider Dantas (PFL) - atual secretário municipal de Obras do Rio de Janeiro. A efetivação de Renato de Jesus e a permanência de Eider na administração municipal do Rio abrem uma va,https://www.alerj.rj.gov.br/Visualizar/Noticia/9726,corpo
476,9728,2005-01-03,licenca,deputado licenciado Eider Dantas (PFL) - atual secretário municipal de Obras do Rio de Janeiro. A efetivação de Renato de Jesus e a permanência de Eider na administração municipal do Rio abrem uma va,https://www.alerj.rj.gov.br/Visualizar/Noticia/9728,corpo
476,9735,2005-01-04,licenca,deputado licenciado Eider Dantas (PFL) - atual secretário municipal de Obras do Rio de Janeiro. A efetivação de Renato de Jesus e a permanência de Eider na administração municipal do Rio abrem uma va,https://www.alerj.rj.gov.br/Visualizar/Noticia/9735,corpo
476,12911,2005-12-28,licenca,"deputados licenciados Eider Dantas (PFL), atual secretário municipal de Obras do Rio de Janeiro, e Délio Leal (PMDB), secretário estadual de Desenvolvimento da Baixada e Região Metropolitana.",https://www.alerj.rj.gov.br/Visualizar/Noticia/12911,corpo
476,12912,2005-12-29,licenca,"deputados licenciados Eider Dantas (PFL), atual secretário municipal de Obras do Rio de Janeiro, e Délio Leal (PMDB), secretário estadual de Desenvolvimento da Baixada e Região Metropolitana.",https://www.alerj.rj.gov.br/Visualizar/Noticia/12912,corpo
476,12775,2005-12-21,outro_definitivo,"deixa a Alerj e quem entra na vaga *Eider Dantas (PFL) Voltou em outubro para a Secretaria municipal de Obras, a convite do prefeito reeleito César Maia. *Renato de Jesus (PMDB) Suplente da col",https://www.alerj.rj.gov.br/Visualizar/Noticia/12775,corpo
476,9710,2004-12-29,outro_provisorio,mpenhando suas funções como suplente no lugar do deputado licenciado Eider Dantas (PFL) - atual secretário municipal de Obras do Rio de Janeiro. A efetivação de Renato de Jesus e a permanência de,https://www.alerj.rj.gov.br/Visualizar/Noticia/9710,corpo
476,9713,2004-12-30,outro_provisorio,mpenhando suas funções como suplente no lugar do deputado licenciado Eider Dantas (PFL) - atual secretário municipal de Obras do Rio de Janeiro. A efetivação de Renato de Jesus e a permanência de,https://www.alerj.rj.gov.br/Visualizar/Noticia/9713,corpo
476,9720,2004-12-31,outro_provisorio,mpenhando suas funções como suplente no lugar do deputado licenciado Eider Dantas (PFL) - atual secretário municipal de Obras do Rio de Janeiro. A efetivação de Renato de Jesus e a permanência de,https://www.alerj.rj.gov.br/Visualizar/Noticia/9720,corpo
476,9724,2005-01-01,outro_provisorio,mpenhando suas funções como suplente no lugar do deputado licenciado Eider Dantas (PFL) - atual secretário municipal de Obras do Rio de Janeiro. A efetivação de Renato de Jesus e a permanência de,https://www.alerj.rj.gov.br/Visualizar/Noticia/9724,corpo
476,9726,2005-01-02,outro_provisorio,mpenhando suas funções como suplente no lugar do deputado licenciado Eider Dantas (PFL) - atual secretário municipal de Obras do Rio de Janeiro. A efetivação de Renato de Jesus e a permanência de,https://www.alerj.rj.gov.br/Visualizar/Noticia/9726,corpo
476,9728,2005-01-03,outro_provisorio,mpenhando suas funções como suplente no lugar do deputado licenciado Eider Dantas (PFL) - atual secretário municipal de Obras do Rio de Janeiro. A efetivação de Renato de Jesus e a permanência de,https://www.alerj.rj.gov.br/Visualizar/Noticia/9728,corpo
476,9735,2005-01-04,outro_provisorio,mpenhando suas funções como suplente no lugar do deputado licenciado Eider Dantas (PFL) - atual secretário municipal de Obras do Rio de Janeiro. A efetivação de Renato de Jesus e a permanência de,https://www.alerj.rj.gov.br/Visualizar/Noticia/9735,corpo
476,9737,2005-01-04,outro_provisorio,"do deputado Renato de Jesus (PMDB) e do afastamento do deputado Eider Dantas (PFL), hoje secretário municipal de Obras do Rio de Janeiro, pretende continuar a defender os dois temas que o tornaram co",https://www.alerj.rj.gov.br/Visualizar/Noticia/9737,corpo
476,9738,2005-01-04,outro_provisorio,"do deputado Renato de Jesus (PMDB) e do afastamento do deputado Eider Dantas (PFL), hoje secretário municipal de Obras do Rio de Janeiro, pretende continuar a se dedicar aos dois temas que o tornaram",https://www.alerj.rj.gov.br/Visualizar/Noticia/9738,corpo
476,9743,2005-01-05,outro_provisorio,"do deputado Renato de Jesus (PMDB) e do afastamento do deputado Eider Dantas (PFL), hoje secretário municipal de Obras do Rio de Janeiro, pretende continuar a se dedicar aos dois temas que o tornaram",https://www.alerj.rj.gov.br/Visualizar/Noticia/9743,corpo
476,12911,2005-12-28,outro_provisorio,"Átila Nunes e Claudeci são originariamente dos deputados licenciados Eider Dantas (PFL), atual secretário municipal de Obras do Rio de Janeiro, e Délio Leal (PMDB), secretário estadual de Desenvo",https://www.alerj.rj.gov.br/Visualizar/Noticia/12911,corpo
476,12912,2005-12-29,outro_provisorio,"Átila Nunes e Claudeci são originariamente dos deputados licenciados Eider Dantas (PFL), atual secretário municipal de Obras do Rio de Janeiro, e Délio Leal (PMDB), secretário estadual de Desenvo",https://www.alerj.rj.gov.br/Visualizar/Noticia/12912,corpo
490,11219,2005-08-03,outro_provisorio,"vaga deixada por Hugo Leal, que hoje está à frente da Secretaria de Estado de Justiça e Direitos dos Cidadãos. O político de Campos, segundo na linha sucessória, assume após a desistência form",https://www.alerj.rj.gov.br/Visualizar/Noticia/11219,corpo
490,11229,2005-08-04,outro_provisorio,"na vaga de Hugo Leal (PSC), que deixou a cadeira de deputado estadual para assumir a Secretaria Estadual de Justiça e Direitos do Cidadão.",https://www.alerj.rj.gov.br/Visualizar/Noticia/11229,corpo
490,11232,2005-08-05,outro_provisorio,"na vaga de Hugo Leal (PSC), que deixou a cadeira de deputado estadual para assumir a Secretaria Estadual de Justiça e Direitos do Cidadão.",https://www.alerj.rj.gov.br/Visualizar/Noticia/11232,corpo
490,11134,2005-07-19,outro_provisorio,"O LEAL DEIXA A CASA PARA SER SECRETÁRIO DE JUSTIÇA O deputado Hugo Leal (PSC) foi nomeado Secretário de Estado de Justiça e Direitos dos Cidadãos, nesta terça-feira (19/07), e seu pedido de licença pa",https://www.alerj.rj.gov.br/Visualizar/Noticia/11134,corpo
490,11136,2005-07-20,outro_provisorio,"O LEAL DEIXA A CASA PARA SER SECRETÁRIO DE JUSTIÇA O deputado Hugo Leal (PSC) foi nomeado Secretário de Estado de Justiça e Direitos dos Cidadãos, nesta terça-feira (19/07), e seu pedido de licença pa",https://www.alerj.rj.gov.br/Visualizar/Noticia/11136,corpo
502,10650,2005-05-19,falecimento,"no lugar de Márcio Corrêa (PSB), que morreu num acidente de carro em abril, mas permanece na condição de suplente - ocupando a vaga do atual secretário estadual de Esportes, Francisco de Carv",https://www.alerj.rj.gov.br/Visualizar/Noticia/10650,corpo
502,10652,2005-05-20,falecimento,"no lugar de Márcio Corrêa (PSB), que morreu num acidente de carro em abril, mas permanece na condição de suplente - ocupando a vaga do atual secretário estadual de Esportes, Francisco de Carv",https://www.alerj.rj.gov.br/Visualizar/Noticia/10652,corpo
502,10650,2005-05-19,falecimento,"eal (PSC). Ex-presidente do Detran, o parlamentar assume no lugar de Márcio Corrêa (PSB), que morreu num acidente de carro em abril, mas permanece na condição de suplente - ocupando a vaga d",https://www.alerj.rj.gov.br/Visualizar/Noticia/10650,corpo
502,10652,2005-05-20,falecimento,"eal (PSC). Ex-presidente do Detran, o parlamentar assume no lugar de Márcio Corrêa (PSB), que morreu num acidente de carro em abril, mas permanece na condição de suplente - ocupando a vaga d",https://www.alerj.rj.gov.br/Visualizar/Noticia/10652,corpo
503,7884,2004-05-11,licenca,"deputado licenciado Marco Figueiredo, que desobriga os cidadãos com mais de 46 anos de apresentar certificado de reservista junto aos órgãos públicos estaduais. O projeto retorna ao plenário da Alerj",https://www.alerj.rj.gov.br/Visualizar/Noticia/7884,corpo
503,8013,2004-05-20,licenca,"deputado licenciado Marco Figueiredo (PSC), que desobriga os cidadãos com mais de 46 anos a apresentar certificado de reservista aos órgãos públicos estaduais. """"Desburocratizar a administração públi",https://www.alerj.rj.gov.br/Visualizar/Noticia/8013,corpo
503,8133,2004-06-01,licenca,"deputado licenciado Marco Figueiredo que cria o Programa Estadual de Incentivo ao Turismo para o Idoso. De acordo com o texto, as agências de turismo que aderirem ao projeto serão beneficiadas com a",https://www.alerj.rj.gov.br/Visualizar/Noticia/8133,corpo
503,8137,2004-06-01,licenca,"deputado licenciado Marco Figueiredo que autoriza o poder executivo a criar o """"SOS Animais"""". O projeto visa a combater os maus tratos, exploração e comércio ilegal de animais através de denúncias,",https://www.alerj.rj.gov.br/Visualizar/Noticia/8137,corpo
503,8145,2004-06-01,licenca,"deputado licenciado Marco Figueiredo, o texto visa a combater os maus tratos, exploração e comércio ilegal de animais através de denúncias, fiscalização em locais suspeitos e palestras de conscientiz",https://www.alerj.rj.gov.br/Visualizar/Noticia/8145,corpo
503,8359,2004-06-24,licenca,"deputado licenciado Marco Figueiredo (PSC) que autoriza o Poder Executivo a criar o """"SOS Animais"""". O projeto visa a combater os maus tratos, exploração e comércio ilegal de animais através de denún",https://www.alerj.rj.gov.br/Visualizar/Noticia/8359,corpo
503,8366,2004-06-24,licenca,"deputado licenciado Marco Figueiredo (PSC) que autoriza o Poder Executivo a criar o """"SOS Animais"""". O objetivo é combater os maus tratos, exploração e comércio ilegal de animais através de denúncias",https://www.alerj.rj.gov.br/Visualizar/Noticia/8366,corpo
503,9238,2004-11-04,licenca,"deputado licenciado Marco Figueiredo (PSC), que desobriga os cidadãos com mais de 46 anos a apresentar certificado de reservista aos órgãos públicos estaduais. """"Desburocratizar a administração públi",https://www.alerj.rj.gov.br/Visualizar/Noticia/9238,corpo
503,9386,2004-11-24,licenca,"deputado licenciado Marco Figueiredo, que institui o dia 25 de julho como o Dia Estadual da Cultura e da Paz e adota a Bandeira da Paz. Veto total ao projeto de lei que determina que as empresas de m",https://www.alerj.rj.gov.br/Visualizar/Noticia/9386,corpo
503,9386,2004-11-24,licenca,"deputado licenciado Marco Figueiredo, que autoriza a entrada de agentes sanitários em imóveis abandonados ou fechados. Veto total ao projeto do deputado Luiz Paulo (PSDB), que uniformiza o procedimen",https://www.alerj.rj.gov.br/Visualizar/Noticia/9386,corpo
503,9438,2004-11-29,licenca,"deputado licenciado Marco Figueiredo (PSC), que autoriza o Executivo a determinar a entrada de agentes sanitários em imóveis fechados e abandonados. Veto total ao projeto de lei, de autoria do deputa",https://www.alerj.rj.gov.br/Visualizar/Noticia/9438,corpo
503,9440,2004-11-30,licenca,"deputado licenciado Marco Figueiredo (PSC), que autoriza o Executivo a determinar a entrada de agentes sanitários em imóveis fechados e abandonados. Veto total ao projeto de lei, de autoria do deputa",https://www.alerj.rj.gov.br/Visualizar/Noticia/9440,corpo
503,9737,2005-01-04,licenca,"deputado licenciado Marco Figueiredo (PSC), que comanda a Secretaria estadual de Desenvolvimento da Baixada Fluminense e da Região Metropolitana. Mais recursos para Nova Iguaçu Depois de dez anos, o",https://www.alerj.rj.gov.br/Visualizar/Noticia/9737,corpo
503,9738,2005-01-04,licenca,"deputado licenciado Marco Figueiredo (PSC), que comanda a Secretaria estadual de Desenvolvimento da Baixada Fluminense e da Região Metropolitana. Mais recursos para Nova Iguaçu Depois de dez anos, o",https://www.alerj.rj.gov.br/Visualizar/Noticia/9738,corpo
503,9743,2005-01-05,licenca,"deputado licenciado Marco Figueiredo (PSC), que comanda a Secretaria estadual de Desenvolvimento da Baixada Fluminense e da Região Metropolitana. Mais recursos para Nova Iguaçu Depois de dez anos, o",https://www.alerj.rj.gov.br/Visualizar/Noticia/9743,corpo
503,7266,2004-03-04,outro_provisorio,"em substituição ao deputado Marco Figueiredo (PSC), que se licenciou do mandato para assumir a Secretaria de Estado de Desenvolvimento da Baixada e da Região Metropolitana. Em seu primeiro mandato",https://www.alerj.rj.gov.br/Visualizar/Noticia/7266,corpo
503,7266,2004-03-04,licenca,"etora nesta quarta-feira (03/03), em substituição ao deputado Marco Figueiredo (PSC), que se licenciou do mandato para assumir a Secretaria de Estado de Desenvolvimento da Baixada e da Região",https://www.alerj.rj.gov.br/Visualizar/Noticia/7266,corpo
504,5640,2003-06-10,outro_provisorio,"cadeira deixada por Marcos Abrahão, que foi cassado por quebra de decoro parlamentar no último dia 4. Ele informou que o apelido surgiu há mais de 10 anos, durante uma partida de futebol. """"Receb",https://www.alerj.rj.gov.br/Visualizar/Noticia/5640,corpo
504,7876,2004-05-11,cassacao,"cadeira deixada por Marcos Abrahão, que teve o mandato cassado em junho de 2003 por falta de decoro parlamentar e mantinha-se no cargo por força de uma liminar. No último dia 10, o Órgão Especial",https://www.alerj.rj.gov.br/Visualizar/Noticia/7876,corpo
504,7887,2004-05-12,cassacao,"cadeira deixada por Marcos Abrahão, que teve o mandato cassado em junho de 2003 por falta de decoro parlamentar e mantinha-se no cargo por força de uma liminar. No último dia 10, o Órgão Especial",https://www.alerj.rj.gov.br/Visualizar/Noticia/7887,corpo
504,7909,2004-05-12,cassacao,"cadeira deixada por Marcos Abrahão (PDT), que teve o mandato cassado em junho de 2003 por falta de decoro parlamentar - acusado de participar do assassinato do ex-deputado Valdeci Paiva de Jesus",https://www.alerj.rj.gov.br/Visualizar/Noticia/7909,corpo
504,12822,2005-12-22,outro_provisorio,"cadeira deixada por Marcos Abrahão, cassado por quebra de decoro parlamentar. O recém-empossado deputado Fernando Paulada (PSL) - que recebeu o apelido por conta de uma paulada que tomou na orelh",https://www.alerj.rj.gov.br/Visualizar/Noticia/12822,corpo
505,9752,2005-01-06,outro_definitivo,"vaga do deputado Nelson do Posto, que tomou posse como prefeito de Guapimirim. """"Não vou dizer que não estou feliz, isto seria uma hipocrisia. Essa nova condição me dá mais segurança, obviamente.",https://www.alerj.rj.gov.br/Visualizar/Noticia/9752,corpo
507,15944,2007-01-03,outro_provisorio,"vaga deixada por Noel de Carvalho (PMDB), que assumiu, no último dia 01, a Secretaria estadual de Habitação. Também foi ocupada a vaga deixada pelo petista Carlos Minc, que deixou a Casa para",https://www.alerj.rj.gov.br/Visualizar/Noticia/15944,corpo
508,9710,2004-12-29,outro_definitivo,"orto"""", o deputado também é o autor de 81 leis estaduais. Núbia Cozzolino (PMDB) assume a Prefeitura de Magé e abre espaço para o deputado Iranildo Campos (PP). Em 2002, ambos foram eleitos pel",https://www.alerj.rj.gov.br/Visualizar/Noticia/9710,corpo
508,9713,2004-12-30,outro_definitivo,"orto"""", o deputado também é o autor de 81 leis estaduais. Núbia Cozzolino (PMDB) assume a Prefeitura de Magé e abre espaço para o deputado Iranildo Campos (PP). Em 2002, ambos foram eleitos pel",https://www.alerj.rj.gov.br/Visualizar/Noticia/9713,corpo
508,9720,2004-12-31,outro_definitivo,"orto"""", o deputado também é o autor de 81 leis estaduais. Núbia Cozzolino (PMDB) assume a Prefeitura de Magé e abre espaço para o deputado Iranildo Campos (PP). Em 2002, ambos foram eleitos pel",https://www.alerj.rj.gov.br/Visualizar/Noticia/9720,corpo
508,9724,2005-01-01,outro_definitivo,"orto"""", o deputado também é o autor de 81 leis estaduais. Núbia Cozzolino (PMDB) assume a Prefeitura de Magé e abre espaço para o deputado Iranildo Campos (PP). Em 2002, ambos foram eleitos pel",https://www.alerj.rj.gov.br/Visualizar/Noticia/9724,corpo
508,9726,2005-01-02,outro_definitivo,"orto"""", o deputado também é o autor de 81 leis estaduais. Núbia Cozzolino (PMDB) assume a Prefeitura de Magé e abre espaço para o deputado Iranildo Campos (PP). Em 2002, ambos foram eleitos pel",https://www.alerj.rj.gov.br/Visualizar/Noticia/9726,corpo
508,9728,2005-01-03,outro_definitivo,"rto"""", o deputado também é o autor de 81 leis estaduais. Núbia Cozzolino (PMDB) assumiu a Prefeitura de Magé e abriu espaço para o deputado Iranildo Campos (PP). Em 2002, ambos foram eleitos pe",https://www.alerj.rj.gov.br/Visualizar/Noticia/9728,corpo
508,9735,2005-01-04,outro_definitivo,"rto"""", o deputado também é o autor de 81 leis estaduais. Núbia Cozzolino (PMDB) assumiu a Prefeitura de Magé e abriu espaço para o deputado Iranildo Campos (PP). Em 2002, ambos foram eleitos pe",https://www.alerj.rj.gov.br/Visualizar/Noticia/9735,corpo
509,12775,2005-12-21,outro_definitivo,"plente da coligação Todos pelo Rio Reduto: Belford Roxo 34.213 votos *Otávio Leite (PSDB) Eleito vice-prefeito do município do Rio de Janeiro, na chapa de César Maia (PFL). *Walney Rocha (PMDB) Suplen",https://www.alerj.rj.gov.br/Visualizar/Noticia/12775,corpo
515,12911,2005-12-28,falecimento,"vaga aberta com a morte do deputado Pedro Fernandes, no último dia 27. Ele será o segundo suplente na Alerj da coligação PSDB/PMDB/PFL, partidos que estiveram juntos nas eleições de 2002. O o",https://www.alerj.rj.gov.br/Visualizar/Noticia/12911,corpo
515,12912,2005-12-29,falecimento,"vaga aberta com a morte do deputado Pedro Fernandes, no último dia 27. Ele será o segundo suplente na Alerj da coligação PSDB/PMDB/PFL, partidos que estiveram juntos nas eleições de 2002. O o",https://www.alerj.rj.gov.br/Visualizar/Noticia/12912,corpo
519,9737,2005-01-04,outro_definitivo,"cadeira deixada pelo deputado Rogério do Salão (PL), que se elegeu prefeito de Queimados. Respeito pela polícia José Guilherme Godinho, o Sivuca (PSC), vai para seu quarto mandato prometendo luta",https://www.alerj.rj.gov.br/Visualizar/Noticia/9737,corpo
519,9738,2005-01-04,outro_definitivo,"cadeira deixada pelo deputado Rogério do Salão (PL), que se elegeu prefeito de Queimados. Respeito pela polícia José Guilherme Godinho, o Sivuca (PSC), vai para seu quarto mandato prometendo luta",https://www.alerj.rj.gov.br/Visualizar/Noticia/9738,corpo
519,9743,2005-01-05,outro_definitivo,"cadeira deixada pelo deputado Rogério do Salão (PL), que se elegeu prefeito de Queimados. Respeito pela polícia José Guilherme Godinho, o Sivuca (PSC), vai para seu quarto mandato prometendo luta",https://www.alerj.rj.gov.br/Visualizar/Noticia/9743,corpo
523,9710,2004-12-29,outro_definitivo,"feito eleito de Queimados, Rogério do Salão (PL). A eleição de Uzias Mocotó (PMDB) para a Prefeitura de São João de Meriti faz com que o deputado suplente Doutor Ogando (PSC) seja efetivado na",https://www.alerj.rj.gov.br/Visualizar/Noticia/9710,corpo
523,9713,2004-12-30,outro_definitivo,"feito eleito de Queimados, Rogério do Salão (PL). A eleição de Uzias Mocotó (PMDB) para a Prefeitura de São João de Meriti faz com que o deputado suplente Doutor Ogando (PSC) seja efetivado na",https://www.alerj.rj.gov.br/Visualizar/Noticia/9713,corpo
523,9720,2004-12-31,outro_definitivo,"feito eleito de Queimados, Rogério do Salão (PL). A eleição de Uzias Mocotó (PMDB) para a Prefeitura de São João de Meriti faz com que o deputado suplente Doutor Ogando (PSC) seja efetivado na",https://www.alerj.rj.gov.br/Visualizar/Noticia/9720,corpo
523,9724,2005-01-01,outro_definitivo,"feito eleito de Queimados, Rogério do Salão (PL). A eleição de Uzias Mocotó (PMDB) para a Prefeitura de São João de Meriti faz com que o deputado suplente Doutor Ogando (PSC) seja efetivado na",https://www.alerj.rj.gov.br/Visualizar/Noticia/9724,corpo
523,9726,2005-01-02,outro_definitivo,"feito eleito de Queimados, Rogério do Salão (PL). A eleição de Uzias Mocotó (PMDB) para a Prefeitura de São João de Meriti faz com que o deputado suplente Doutor Ogando (PSC) seja efetivado na",https://www.alerj.rj.gov.br/Visualizar/Noticia/9726,corpo
523,9728,2005-01-03,outro_definitivo,"feito eleito de Queimados, Rogério do Salão (PL). A eleição de Uzias Mocotó (PMDB) para a Prefeitura de São João de Meriti faz com que o deputado suplente Doutor Ogando (PSC) seja efetivado na",https://www.alerj.rj.gov.br/Visualizar/Noticia/9728,corpo
523,9735,2005-01-04,outro_definitivo,"feito eleito de Queimados, Rogério do Salão (PL). A eleição de Uzias Mocotó (PMDB) para a Prefeitura de São João de Meriti faz com que o deputado suplente Doutor Ogando (PSC) seja efetivado na",https://www.alerj.rj.gov.br/Visualizar/Noticia/9735,corpo
526,9710,2004-12-29,outro_definitivo,"m a colocação geral na chapa, e não por partido. Com a posse de Washington Reis (PMDB) na Prefeitura de Duque de Caxias, a Alerj efetiva o mandato do deputado Renato de Jesus (PMDB), cujo redut",https://www.alerj.rj.gov.br/Visualizar/Noticia/9710,corpo
526,9713,2004-12-30,outro_definitivo,"m a colocação geral na chapa, e não por partido. Com a posse de Washington Reis (PMDB) na Prefeitura de Duque de Caxias, a Alerj efetiva o mandato do deputado Renato de Jesus (PMDB), cujo redut",https://www.alerj.rj.gov.br/Visualizar/Noticia/9713,corpo
526,9720,2004-12-31,outro_definitivo,"m a colocação geral na chapa, e não por partido. Com a posse de Washington Reis (PMDB) na Prefeitura de Duque de Caxias, a Alerj efetiva o mandato do deputado Renato de Jesus (PMDB), cujo redut",https://www.alerj.rj.gov.br/Visualizar/Noticia/9720,corpo
526,9724,2005-01-01,outro_definitivo,"m a colocação geral na chapa, e não por partido. Com a posse de Washington Reis (PMDB) na Prefeitura de Duque de Caxias, a Alerj efetiva o mandato do deputado Renato de Jesus (PMDB), cujo redut",https://www.alerj.rj.gov.br/Visualizar/Noticia/9724,corpo
526,9726,2005-01-02,outro_definitivo,"m a colocação geral na chapa, e não por partido. Com a posse de Washington Reis (PMDB) na Prefeitura de Duque de Caxias, a Alerj efetiva o mandato do deputado Renato de Jesus (PMDB), cujo redut",https://www.alerj.rj.gov.br/Visualizar/Noticia/9726,corpo
526,9728,2005-01-03,outro_definitivo,"m a colocação geral na chapa, e não por partido. Com a posse de Washington Reis (PMDB) na Prefeitura de Duque de Caxias, a Alerj efetiva o mandato do deputado Renato de Jesus (PMDB), cujo redut",https://www.alerj.rj.gov.br/Visualizar/Noticia/9728,corpo
526,9735,2005-01-04,outro_definitivo,"m a colocação geral na chapa, e não por partido. Com a posse de Washington Reis (PMDB) na Prefeitura de Duque de Caxias, a Alerj efetiva o mandato do deputado Renato de Jesus (PMDB), cujo redut",https://www.alerj.rj.gov.br/Visualizar/Noticia/9735,corpo
532,22183,2009-01-08,outro_provisorio,"vaga deixada por Iranildo Campos; Alice Tamborindeguy (PSDB) substituiu o tucano Pedro Paulo; Caetano Amado (PL) ocupou a cadeira de Alcides Rolim (PT), e Marcos Soares (PDT) assumiu a vaga da",https://www.alerj.rj.gov.br/Visualizar/Noticia/22183,corpo
545,18184,2007-09-20,licenca,"deputado licenciado Carlos Minc (PT) apresentou o projeto de lei 1775/05, que estabelece multa de 10 mil Ufirs a quem descumprir a lei, de acordo com o potencial de decibéis da fonte de poluição sono",https://www.alerj.rj.gov.br/Visualizar/Noticia/18184,corpo
545,18198,2007-09-20,licenca,"deputado licenciado Carlos Minc (PT), que a Assembléia Legislativa do Rio aprovou, em primeira discussão, nesta quinta-feira (20/09), em plenário. A proposta tem o objetivo de assegurar a aplicação d",https://www.alerj.rj.gov.br/Visualizar/Noticia/18198,corpo
545,18311,2007-09-30,licenca,"deputado licenciado Carlos Minc (PT) apresentou o projeto de lei 1775/05, que estabelece multa de 10 mil Ufirs (cerca de R$ 17 mil) a quem descumprir a lei, de acordo com o potencial de decibéis da f",https://www.alerj.rj.gov.br/Visualizar/Noticia/18311,corpo
545,18323,2007-10-02,licenca,"deputado licenciado Carlos Minc (PT) apresentou o projeto de lei 1775/05, que estabelece multa de 10 mil Ufirs (cerca de R$ 17 mil) a quem descumprir a lei, de acordo com o potencial de decibéis da f",https://www.alerj.rj.gov.br/Visualizar/Noticia/18323,corpo
545,18428,2007-10-11,licenca,"deputado licenciado Carlos Minc (PT), que apresentou o projeto de lei 2762/05, estabelecendo a destinação obrigatória deste percentual. Segundo o texto, que a Assembléia Legislativa do Rio vota nesta",https://www.alerj.rj.gov.br/Visualizar/Noticia/18428,corpo
545,18508,2007-10-25,licenca,"deputado licenciado Carlos Minc (PT), que propõe um conjunto de ações a serem implementadas pelo Governo estadual com o objetivo de informar a população sobre a importância dos cuidados com a higiene",https://www.alerj.rj.gov.br/Visualizar/Noticia/18508,corpo
545,18800,2007-11-14,licenca,"deputado licenciado Carlos Minc (PT), que propõe um conjunto de ações a serem implementadas pelo Governo estadual com o objetivo de informar a população sobre a importância dos cuidados com a higiene",https://www.alerj.rj.gov.br/Visualizar/Noticia/18800,corpo
545,18876,2007-11-21,licenca,"deputado licenciado Carlos Minc (PT), que pretende dar origem a um programa estadual de promoção da saúde bucal. Segundo o texto, o programa será composto de um conjunto de ações a serem implementada",https://www.alerj.rj.gov.br/Visualizar/Noticia/18876,corpo
545,18877,2007-11-22,licenca,"deputado licenciado Carlos Minc (PT), que pretende dar origem a um programa estadual de promoção da saúde bucal. Segundo o texto, o programa será composto de um conjunto de ações a serem implementada",https://www.alerj.rj.gov.br/Visualizar/Noticia/18877,corpo
545,18885,2007-11-22,licenca,"deputado licenciado Carlos Minc (PT), que pretende dar origem a um programa estadual de promoção da saúde bucal. Segundo o texto, o programa será composto de um conjunto de ações a serem implementada",https://www.alerj.rj.gov.br/Visualizar/Noticia/18885,corpo
545,19976,2008-03-18,licenca,"deputado licenciado Carlos Minc (PT), que a Assembléia Legislativa do Rio aprovou, em primeira discussão, nesta terça-feira (18/03). A proposta aprovada inclui um dispositivo na Lei estadual 4151/03,",https://www.alerj.rj.gov.br/Visualizar/Noticia/19976,corpo
545,20081,2008-04-02,licenca,"deputado licenciado Carlos Minc (PT), que a Assembléia Legislativa do Rio aprovou, em segunda discussão, nesta quarta-feira (02/04). A proposta aprovada inclui um dispositivo na Lei estadual 4151/03,",https://www.alerj.rj.gov.br/Visualizar/Noticia/20081,corpo
545,25852,2010-02-09,licenca,"deputado licenciado Carlos Minc (PT). Ele proíbe fabricas e empresas que não possuam equipamentos adequados – e licenciados pelo órgão ambiental competente – de incinerarem, ou incorporarem aos seus",https://www.alerj.rj.gov.br/Visualizar/Noticia/25852,corpo
545,25866,2010-02-09,licenca,"deputado licenciado Carlos Minc (PT), que proíbe fábricas e empresas que não possuam equipamentos adequados – e licenciados pelo órgão ambiental competente – de incinerarem, ou incorporarem aos seus",https://www.alerj.rj.gov.br/Visualizar/Noticia/25866,corpo
545,25969,2010-02-24,licenca,"deputado licenciado Carlos Minc (PT). Ele proíbe fabricas e empresas que não possuam equipamentos adequados – e licenciados pelo órgão ambiental competente – de incinerarem, ou incorporarem aos seus",https://www.alerj.rj.gov.br/Visualizar/Noticia/25969,corpo
545,26261,2010-03-17,licenca,"deputado licenciado Carlos Minc classificou a emenda como irresponsável. “Se tiver um acidente aqui, o impacto ambiental não será no Mato Grosso”, salientou ele. “Será desastroso para o nosso meio am",https://www.alerj.rj.gov.br/Visualizar/Noticia/26261,corpo
546,22321,2009-02-07,licenca,"deputado licenciado Chiquinho da Mangueira, que normatiza as práticas de fabricação, comercialização, estocagem e queima de fogos de artifício no estado. Em 20 artigos, a proposta cria regras para o",https://www.alerj.rj.gov.br/Visualizar/Noticia/22321,corpo
546,22327,2009-02-10,licenca,"deputado licenciado Chiquinho da Mangueira, que normatiza as práticas de fabricação, comercialização, estocagem e queima de fogos de artifício no estado. Em 20 artigos, a proposta cria regras para o",https://www.alerj.rj.gov.br/Visualizar/Noticia/22327,corpo
546,22359,2009-02-11,licenca,"deputado licenciado Chiquinho da Mangueira, que normatiza as práticas de fabricação, comercialização, estocagem e queima de fogos de artifício no estado. Em 20 artigos, a proposta cria regras para o",https://www.alerj.rj.gov.br/Visualizar/Noticia/22359,corpo
546,22706,2009-03-18,licenca,"deputado licenciado Chiquinho da Mangueira (PMDB), o projeto de lei 959/07, que obriga a concessionária a disponibilizar pelo menos dois acessos em cada estação e a instalar escadas rolantes e elevad",https://www.alerj.rj.gov.br/Visualizar/Noticia/22706,corpo
546,22707,2009-03-19,licenca,"deputado licenciado Chiquinho da Mangueira (PMDB), o projeto de lei 959/07, que obriga a concessionária a disponibilizar pelo menos dois acessos em cada estação e a instalar escadas rolantes e elevad",https://www.alerj.rj.gov.br/Visualizar/Noticia/22707,corpo
546,22167,2009-01-05,outro_provisorio,"pós a volta de Carvalho – devido à saída do colega de bancada Chiquinho da Mangueira, que assumiu a Secretaria Municipal de Esporte e Lazer do Rio, equilibrando a dança das cadeiras no partido a ocupa",https://www.alerj.rj.gov.br/Visualizar/Noticia/22167,corpo
546,22174,2009-01-06,outro_provisorio,"ntece no momento em que seu colega de partido Chiquinho da Mangueira se licencia para ser secretário Municipal de Esporte e Lazer do Rio, a situação da bancada do PMDB permanece como está, sem que o d",https://www.alerj.rj.gov.br/Visualizar/Noticia/22174,corpo
546,22183,2009-01-08,outro_provisorio,"ntece no momento em que seu colega de partido Chiquinho da Mangueira se licencia para ser secretário Municipal de Esporte e Lazer do Rio, a situação da bancada do PMDB permanece como está, sem que o d",https://www.alerj.rj.gov.br/Visualizar/Noticia/22183,corpo
551,21127,2008-08-14,outro_provisorio,"cadeira deixada pelo deputado Délio Leal, do mesmo partido. Délio era suplente e teve o mandato efetivado logo após a cassação do ex-deputado Álvaro Lins, há dois dias, por quebra de decoro parla",https://www.alerj.rj.gov.br/Visualizar/Noticia/21127,corpo
568,22167,2009-01-05,outro_definitivo,"NA VAGA DE IRANILDO CAMPOS Ex-prefeito de Três Rios, cidade da região Serrana fluminense, Raleigh Ramalho (PTB) tomou posse nesta segunda-feira (05/01) como suplente na vaga deixada por seu",https://www.alerj.rj.gov.br/Visualizar/Noticia/22167,corpo
568,22183,2009-01-08,outro_provisorio,"vaga deixada por Iranildo Campos; Alice Tamborindeguy (PSDB) substituiu o tucano Pedro Paulo; Caetano Amado (PL) ocupou a cadeira de Alcides Rolim (PT), e Marcos Soares (PDT) assumiu a vaga da",https://www.alerj.rj.gov.br/Visualizar/Noticia/22183,corpo
577,20036,2008-03-26,licenca,"deputado licenciado Marcelino D’Almeida (DEM), também será investigado. O deputado Pedro Paulo (PSDB) será o relator do processo de denúncia contra Figueiredo. Já o processo contra João Pedro e Marce",https://www.alerj.rj.gov.br/Visualizar/Noticia/20036,corpo
577,20131,2008-04-08,licenca,"deputado licenciado Marcelino D’Almeida (DEM), atual secretário de Governo da Prefeitura do Rio, acusou o ex-funcionário da Casa Renato Sivuca Ferreira, o Sivuquinha, de ser o responsável pela nomeaç",https://www.alerj.rj.gov.br/Visualizar/Noticia/20131,corpo
577,20131,2008-04-08,outro_definitivo,"tar da Assembléia Legislativa do Estado, o deputado licenciado Marcelino D’Almeida (DEM), atual secretário de Governo da Prefeitura do Rio, acusou o ex-funcionário da Casa Renato Sivuca Ferreira,",https://www.alerj.rj.gov.br/Visualizar/Noticia/20131,corpo
592,21260,2008-09-06,outro_provisorio,"Palácio Tiradentes. O presidente da comissão, deputado Paulo Ramos (PDT), quer cobrar do secretário de Estado de Saúde e Defesa Civil, Sérgio Côrtes, a promessa de recuperação do hospital após a doaç",https://www.alerj.rj.gov.br/Visualizar/Noticia/21260,corpo
592,21261,2008-09-08,outro_provisorio,"Palácio Tiradentes. O presidente da comissão, deputado Paulo Ramos (PDT), quer cobrar do secretário de Estado de Saúde e Defesa Civil, Sérgio Côrtes, a promessa de recuperação do hospital após a doaç",https://www.alerj.rj.gov.br/Visualizar/Noticia/21261,corpo
592,21262,2008-09-10,outro_provisorio,"Palácio Tiradentes. O presidente da comissão, deputado Paulo Ramos (PDT), quer cobrar do secretário de Estado de Saúde e Defesa Civil, Sérgio Côrtes, a promessa de recuperação do hospital após a doaç",https://www.alerj.rj.gov.br/Visualizar/Noticia/21262,corpo
592,21263,2008-09-11,outro_provisorio,"Palácio Tiradentes. O presidente da comissão, deputado Paulo Ramos (PDT), quer cobrar do secretário de Estado de Saúde e Defesa Civil, Sérgio Côrtes, a promessa de recuperação do hospital após a doaç",https://www.alerj.rj.gov.br/Visualizar/Noticia/21263,corpo
592,24532,2009-09-14,outro_provisorio,"lação Social da Assembleia Legislativa do Rio, deputado Paulo Ramos (PDT), irá convocar o secretário de Estado de Transportes, Julio Lopes, e o presidente do Departamento de Transportes Rodoviários (D",https://www.alerj.rj.gov.br/Visualizar/Noticia/24532,corpo
594,20143,2008-04-09,licenca,"deputado licenciado Pedro Fernandes (DEM), convidado a ser secretário municipal de Meio Ambiente do Rio. “Chego a esta Casa com o principal dever de somar e, principalmente, com a vontade de aprender",https://www.alerj.rj.gov.br/Visualizar/Noticia/20143,corpo
594,20143,2008-04-09,outro_provisorio,"vaga do deputado licenciado Pedro Fernandes (DEM), convidado a ser secretário municipal de Meio Ambiente do Rio. “Chego a esta Casa com o principal dever de somar e, principalmente, com a vontade",https://www.alerj.rj.gov.br/Visualizar/Noticia/20143,corpo
594,20143,2008-04-09,outro_provisorio,"aneiro (UFRJ) assume a vaga do deputado licenciado Pedro Fernandes (DEM), convidado a ser secretário municipal de Meio Ambiente do Rio. “Chego a esta Casa com o principal dever de somar e, principalme",https://www.alerj.rj.gov.br/Visualizar/Noticia/20143,corpo
600,20159,2008-04-10,licenca,"deputado licenciado Rodrigo Dantas (DEM), que deixou a Alerj para ser secretário Municipal de Obras do Rio. “Pretendo dar continuidade aos trabalhos que sempre realizei na Assembléia, priorizando os",https://www.alerj.rj.gov.br/Visualizar/Noticia/20159,corpo
600,20159,2008-04-10,outro_provisorio,"assumiu a vaga do deputado licenciado Rodrigo Dantas (DEM), que deixou a Alerj para ser secretário Municipal de Obras do Rio. “Pretendo dar continuidade aos trabalhos que sempre realizei na Asse",https://www.alerj.rj.gov.br/Visualizar/Noticia/20159,corpo
605,22164,2009-01-05,outro_definitivo,"assumiu a vaga da também pedetista Sheila Gama, eleita vice-prefeita de Nova Iguaçu, outra cidade da Baixada Fluminense. Tamborindeguy, representante do município de São Gonçalo, na região Metro",https://www.alerj.rj.gov.br/Visualizar/Noticia/22164,corpo
605,22167,2009-01-05,outro_definitivo,"assumiu a vaga da também pedetista Sheila Gama. Suplente do ex-deputado Zito (PSDB) – recém-empossado prefeito de Duque de Caxias, na Baixada Fluminense –, Ademir Alves de Melo (PSDB) deverá tom",https://www.alerj.rj.gov.br/Visualizar/Noticia/22167,corpo
605,22183,2009-01-08,outro_provisorio,"assumiu a vaga da também pedetista Sheila Gama. O deputado Noel de Carvalho (PMDB), licenciado desde o início da atual Legislatura, quando assumiu a Secretaria de Estado de Habitação, também ret",https://www.alerj.rj.gov.br/Visualizar/Noticia/22183,corpo
605,22164,2009-01-05,outro_definitivo,"mo dia 1º. O deputado Marcos Soares (PDT) assumiu a vaga da também pedetista Sheila Gama, eleita vice-prefeita de Nova Iguaçu, outra cidade da Baixada Fluminense. Tamborindeguy, representante do munic",https://www.alerj.rj.gov.br/Visualizar/Noticia/22164,corpo
608,21935,2008-12-10,outro_provisorio,"tos de Polícia da Assembléia Legislativa do Rio, deputado Wagner Montes (PDT), convocou o secretário de Estado de Segurança, José Mariano Beltrame, para uma reunião extraordinária que acontecerá nesta",https://www.alerj.rj.gov.br/Visualizar/Noticia/21935,corpo
608,21936,2008-12-11,outro_provisorio,"tos de Polícia da Assembléia Legislativa do Rio, deputado Wagner Montes (PDT), convocou o secretário de Estado de Segurança, José Mariano Beltrame, para uma reunião extraordinária que acontecerá nesta",https://www.alerj.rj.gov.br/Visualizar/Noticia/21936,corpo
610,20133,2008-04-08,licenca,"deputado licenciado Walney Rocha (PTB), que vai assumir o cargo de titular da Secretaria Municipal de Saúde de Nova Iguaçu. O parlamentar recém-empossado garantiu que seu mandato será voltado para pr",https://www.alerj.rj.gov.br/Visualizar/Noticia/20133,corpo
