"origem","tabela","id_mandato","slot","url","trecho","arquivo","status_download","resultado"
"curada_governos","eventos_governos_fonte_oficial.csv","M2022_AC_3_11_10001612476",1,"https://ac24horas.com/2026/04/02/mailza-assis-toma-posse-como-governadora-do-acre/","assumiu oficialmente o comando do Poder Executivo estadual nesta quinta-feira, 2 [...] Ela sucede o agora ex-governador Gladson Cameli, que renunciou ao cargo para disputar uma vaga no Senado Federal.","19726ba06a9ce63ac003fec3b2af88eb.bin","ok","nenhum"
"curada_governos","eventos_governos_fonte_oficial.csv","M2022_AC_3_11_10001612476",2,"https://acrenews.com.br/decisao-serena-escreve-o-governador-gladson-cameli-em-carta-renuncia-lida-agora-ha-pouco-na-assembleia-legislativa/","formalizou nesta segunda-feira, 24, sua renúncia ao cargo ao encaminhar carta à Assembleia Legislativa do Acre. A saída será efetivada no dia 2 de abril, dentro do prazo legal de desincompatibilização","b7306a03126ec8e2701625330456315b.bin","ok","exato"
"curada_governos","eventos_governos_fonte_oficial.csv","M1998_AC_4_451_100000104004511",1,"https://www1.folha.uol.com.br/fsp/brasil/fc0810200204.htm","O vice-governador do Acre, Edson Simões Cadaxo, 82, morreu ontem de manhã, em Cruzeiro do Sul, a cerca de 700 km da capital, vítima de hemorragia digestiva.","f5ae260f2c58e44105b537cf25e63c70.htm","ok","exato"
"curada_governos","eventos_governos_fonte_oficial.csv","M1998_AC_4_451_100000104004511",2,"https://www18.fgv.br/cpdoc/acervo/dicionarios/verbete-biografico/edson-simoes-cadaxo","Com a posse dos novos governantes em 1º de janeiro de 1999, Edson Cadaxo assumiu sua função no Executivo acreano. [...] Faleceu em Rio Banco no dia 7 de outubro de 2002.","bb909db6b11f69133b555e2407b448f4.bin","ok","nenhum"
"curada_governos","eventos_governos_fonte_oficial.csv","M2014_AC_4_13_10000000153",1,"https://www.al.ac.leg.br/?p=24575","Na tarde desta terça-feira (1º) de janeiro, foi realizada na Assembleia Legislativa do Acre (Aleac) a solenidade de posse do governador eleito, Gladson Cameli (PP), e seu vice, Wherles Rocha (PSDB).","249ec7480ece4e6f2f229d6d918eb62e.bin","ok","exato"
"curada_governos","eventos_governos_fonte_oficial.csv","M2014_AC_4_13_10000000153",2,"https://ac24horas.com/2018/11/30/nazare-araujo-nomeia-novo-secretario-da-fazenda-acre-que-tambem-respondera-pela-seaprof/","A governadora em exercício do Acre, Nazaré Araújo, assinou a nomeação do novo secretário de Fazenda. O decreto foi rubricado na quarta-feira, dia 28, e publicado nesta sexta, 30, no Diário Oficial","46381c1923f28838d051a8b500f3e9c8.bin","ok","exato"
"curada_governos","eventos_governos_fonte_oficial.csv","M2022_AC_4_11_10001612477",1,"https://ac24horas.com/2026/04/02/mailza-assis-toma-posse-como-governadora-do-acre/","A governadora do Acre, Mailza Assis Cameli (Progressistas), assumiu oficialmente o comando do Poder Executivo estadual nesta quinta-feira, 2, durante cerimônia realizada em frente ao Palácio Rio Branco","19726ba06a9ce63ac003fec3b2af88eb.bin","ok","exato"
"curada_governos","eventos_governos_fonte_oficial.csv","M2022_AC_4_11_10001612477",2,"https://acrenews.com.br/decisao-serena-escreve-o-governador-gladson-cameli-em-carta-renuncia-lida-agora-ha-pouco-na-assembleia-legislativa/","A saída será efetivada no dia 2 de abril, dentro do prazo legal de desincompatibilização para disputar as eleições de 2026. [...] Com a renúncia, a vice-governadora Mailza Assis assume o comando do Executivo estadual.","b7306a03126ec8e2701625330456315b.bin","ok","nenhum"
"curada_governos","eventos_governos_fonte_oficial.csv","M2002_AL_3_40_202",1,"https://www.gazetadealagoas.com.br/politica/53679/lessa-deixa-governo-para-tentar-senado","O agora ex-governador Ronaldo Lessa (PDT) declarou, na cerimônia de transmissão de cargo para o vice Luis Abílio de Sousa (PDT), ocorrida no início da noite de ontem","24095f50b73fbf4bef9c2fb1f377b6c6.bin","ok","exato"
"curada_governos","eventos_governos_fonte_oficial.csv","M2002_AL_3_40_202",2,"https://www1.folha.uol.com.br/fsp/brasil/fc0104200613.htm","três deixaram os cargos ontem para disputar uma vaga no Senado: Ronaldo Lessa (PDT), de Alagoas, Marconi Perillo (PSDB), Goiás, e Jarbas Vasconcelos (PMDB), Pernambuco.","26512f0af887bd2a13adad3a947fa3a2.htm","ok","exato"
"curada_governos","eventos_governos_fonte_oficial.csv","M2018_AL_3_15_20000621744",1,"https://cgj.tjal.jus.br/?pag=verNoticia&not=20456","Klever Loureiro, governou o Estado de Alagoas do dia 2 de abril ao dia 15 de maio. [...] O desembargador ocupou o cargo após a renúncia do então governador Renan Filho para disputar uma vaga no Senado Federal","c723dbcb718a055535e882d356c69b3b.bin","ok","nenhum"
"curada_governos","eventos_governos_fonte_oficial.csv","M2018_AL_3_15_20000621744",2,"https://www.poder360.com.br/eleicoes/renan-filho-renuncia-ao-governo-de-alagoas-para-disputar-senado/","O governador de Alagoas, Renan Filho (MDB-AL), anunciou neste sábado (2.abr.2022) sua renúncia ao cargo de chefia do Estado","da40cd42a5abe87163dd7134cc6d4e27.bin","ok","exato"
"curada_governos","eventos_governos_fonte_oficial.csv","M2002_AL_4_40_203",1,"https://www.gazetadealagoas.com.br/politica/53644/luis-ablio-assume-hoje-governo-de-al","O vice-governador Luis Abílio de Souza toma posse hoje, às 9 horas, em sessão solene, na Assembléia Legislativa, em substituição ao governador Ronaldo Lessa","9596bb4948c1cfd45fe98ac7b6ffe4cc.bin","ok","exato"
"curada_governos","eventos_governos_fonte_oficial.csv","M2002_AL_4_40_203",2,"https://www.gazetadealagoas.com.br/politica/53679/lessa-deixa-governo-para-tentar-senado","O agora ex-governador Ronaldo Lessa (PDT) declarou, na cerimônia de transmissão de cargo para o vice Luis Abílio de Sousa (PDT), ocorrida no início da noite de ontem","24095f50b73fbf4bef9c2fb1f377b6c6.bin","ok","exato"
"curada_governos","eventos_governos_fonte_oficial.csv","M2010_AL_4_45_20000000302",1,"https://www.gazetadealagoas.com.br/politica/153320/passada-a-eleio-non-diz-que-o-dem-precisa-se-reciclar","O vice-governador José Thomaz Nonô, dirigente estadual do DEM","18d366c8b13dc3ab7f59564cc858d4e7.bin","ok","exato"
"curada_governos","eventos_governos_fonte_oficial.csv","M2010_AL_4_45_20000000302",2,"https://www18.fgv.br/cpdoc/acervo/dicionarios/verbete-biografico/jose-tomas-da-silva-nono-neto","NONÔ, José Tomás *dep. fed. AL 1983-1991; const. 1987-1988; dep. fed. AL 1991-200; vice-governador. 2010-2014","12e830d60a6151a9e23e861634cd08a4.bin","ok","nenhum"
"curada_governos","eventos_governos_fonte_oficial.csv","M2018_AL_4_15_20000621743",1,"https://vicegovernadoria.al.gov.br/vice-governadores/51-paginas/vice-governadores/490-jose-luciano-barbosa-da-silva","embora tenha sido reeleito vice-governador em 2018, conforme a Emenda Constitucional nº 16/1997, José Luciano renunciou ao cargo para assumir a Prefeitura de Arapiraca","0c6a0f659ab03da03dcdd2869904b61c.bin","ok","exato"
"curada_governos","eventos_governos_fonte_oficial.csv","M2018_AL_4_15_20000621743",2,"https://www.gazetadealagoas.com.br/politica/298766/renuncias-tambem-marcam-dia-que-antecede-as-posses","O dia ontem foi de renúncia de cargos para futuros prefeitos [...] Quem também precisou renunciar ao cargo foi o vice-governador Luciano Barbosa (MDB), prefeito eleito de Arapiraca.","b0642421a5fec87fd1605efe265b4fcc.bin","ok","nenhum"
"curada_governos","eventos_governos_fonte_oficial.csv","M2006_AM_3_15_10587",1,"https://web.archive.org/web/20160602233427/http://www.amazonas.am.gov.br/2010/12/posse-de-omar-aziz-e-jos-melo-hoje-no-teatro-amazonas","O engenheiro civil Omar José Abdel Aziz assumiu o Governo do Amazonas no dia 31 de março de 2010, em substituição ao então governador Eduardo Braga, que renunciou para concorrer a uma vaga no Senado Federal.","80aed97872dc8d7eb4c630d932cbe1f5.bin","ok","exato"
"curada_governos","eventos_governos_fonte_oficial.csv","M2006_AM_3_15_10587",2,"https://www.cmm.am.gov.br/memorial/omar-jose-abdel-aziz/","No dia 31 de março de 2010, com a renúncia do Governador do Estado do Amazonas, Omar Aziz assumiu o Governo.","d10325175073eccb99ee1342ff1226f8.bin","ok","exato"
"curada_governos","eventos_governos_fonte_oficial.csv","M2010_AM_3_33_40000000289",1,"https://web.archive.org/web/20140404025122/http://www.amazonas.am.gov.br/2014/03/omar-aziz-declara-que-deixara-governo-no-proximo-dia-4-de-abril/","O governador Omar Aziz declarou na manhã desta terça-feira, dia 25 de março, que renunciará no dia 4 de abril próximo para se candidatar à vaga de senador pelo Amazonas nas próximas Eleições de outubro.","ab6d5340d1314856074b061fbf46a66e.bin","ok","exato"
"curada_governos","eventos_governos_fonte_oficial.csv","M2010_AM_3_33_40000000289",2,"http://g1.globo.com/am/amazonas/noticia/2014/04/jose-melo-assume-o-governo-do-amazonas-nesta-sexta-feira-04.html","O vice-governador do Amazonas, José Melo (PROS), assume o governo do estado nesta sexta-feira (04). A cerimônia de posse será realizada no Teatro Amazonas. Omar Aziz (PSD) deixará o governo para tentar vaga no Senado.","ddc7c5a78e6df28c1d2af80eae6f58b8.html","ok","exato"
"curada_governos","eventos_governos_fonte_oficial.csv","M2014_AM_3_90_40000000487",1,"http://web.archive.org/web/20210523121927/http://www.tse.jus.br/imprensa/noticias-tse/2017/Maio/tse-cassa-governador-do-amazonas-e-determina-nova-eleicao-para-o-cargo","O Tribunal Superior Eleitoral (TSE) confirmou, na sessão desta quinta-feira (4), a cassação do mandato do governador reeleito do Amazonas, José Melo (PROS), e de seu vice, José Henrique de Oliveira, por compra de votos nas eleições de 2014.","0a8e1d1519bac9e853aa27843e8cce95.bin","ok","exato"
"curada_governos","eventos_governos_fonte_oficial.csv","M2014_AM_3_90_40000000487",2,"https://agenciabrasil.ebc.com.br/politica/noticia/2017-05/presidente-da-assembleia-legislativa-do-amazonas-assume-governo-do-am","O termo de posse foi assinado na manhã de hoje (9), por volta das 10h30 [...] um oficial de Justiça [...] notificou o deputado estadual da decisão do Tribunal Superior Eleitoral (TSE) que cassou o mandato do governador José Melo, no dia 4","d079ae2cdc605cd26747a0d696ba0c76.bin","ok","nenhum"
"curada_governos","eventos_governos_fonte_oficial.csv","M2022_AM_3_44_40001619528",1,"https://g1.globo.com/am/amazonas/eleicoes/2026/noticia/2026/05/04/roberto-cidade-e-eleito-governador-do-amazonas-em-eleicao-indireta.ghtml","Wilson Lima e Tadeu de Souza renunciaram aos cargos de governador e vice do Amazonas. As cartas foram publicadas em edição extra do Diário Oficial da Aleam neste sábado (4). [...] As renúncias têm efeito imediato desde 4 de abril de 2026.","0ac516ab4337e070d161de7a3cf85df2.ghtml","ok","nenhum"
"curada_governos","eventos_governos_fonte_oficial.csv","M2022_AM_3_44_40001619528",2,"https://www.acritica.com/politica/wilson-e-tadeu-renunciam-e-roberto-cidade-e-o-novo-governador-do-am-1.400449","Ele assume o cargo interinamente após a renuncia do então governador Wilson Lima e de seu vice, Tadeu de Souza. As cartas de renúncia de ambos foram apresentadas às 23h de ontem, em carta escrita à mão, ao presidente da Assembleia.","a226f99b24338cc320251673ada49d73.bin","ok","exato"
"curada_governos","eventos_governos_fonte_oficial.csv","M2006_AM_4_15_10594",1,"https://web.archive.org/web/20160602233427/http://www.amazonas.am.gov.br/2010/12/posse-de-omar-aziz-e-jos-melo-hoje-no-teatro-amazonas","O engenheiro civil Omar José Abdel Aziz assumiu o Governo do Amazonas no dia 31 de março de 2010, em substituição ao então governador Eduardo Braga, que renunciou para concorrer a uma vaga no Senado Federal.","80aed97872dc8d7eb4c630d932cbe1f5.bin","ok","exato"
"curada_governos","eventos_governos_fonte_oficial.csv","M2006_AM_4_15_10594",2,"https://www.cmm.am.gov.br/memorial/omar-jose-abdel-aziz/","No dia 31 de março de 2010, com a renúncia do Governador do Estado do Amazonas, Omar Aziz assumiu o Governo.","d10325175073eccb99ee1342ff1226f8.bin","ok","exato"
"curada_governos","eventos_governos_fonte_oficial.csv","M2010_AM_4_33_40000000290",1,"https://web.archive.org/web/20140404025122/http://www.amazonas.am.gov.br/2014/03/omar-aziz-declara-que-deixara-governo-no-proximo-dia-4-de-abril/","“Saio dia 4 e passo a faixa ao meu vice-governador José Melo.","ab6d5340d1314856074b061fbf46a66e.bin","ok","exato"
"curada_governos","eventos_governos_fonte_oficial.csv","M2010_AM_4_33_40000000290",2,"http://g1.globo.com/am/amazonas/noticia/2014/04/jose-melo-assume-o-governo-do-amazonas-nesta-sexta-feira-04.html","O vice-governador do Amazonas, José Melo (PROS), assume o governo do estado nesta sexta-feira (04). A cerimônia de posse será realizada no Teatro Amazonas.","ddc7c5a78e6df28c1d2af80eae6f58b8.html","ok","exato"
"curada_governos","eventos_governos_fonte_oficial.csv","M2014_AM_4_90_40000000488",1,"http://web.archive.org/web/20210523121927/http://www.tse.jus.br/imprensa/noticias-tse/2017/Maio/tse-cassa-governador-do-amazonas-e-determina-nova-eleicao-para-o-cargo","O Tribunal Superior Eleitoral (TSE) confirmou, na sessão desta quinta-feira (4), a cassação do mandato do governador reeleito do Amazonas, José Melo (PROS), e de seu vice, José Henrique de Oliveira, por compra de votos nas eleições de 2014.","0a8e1d1519bac9e853aa27843e8cce95.bin","ok","exato"
"curada_governos","eventos_governos_fonte_oficial.csv","M2014_AM_4_90_40000000488",2,"https://agenciabrasil.ebc.com.br/politica/noticia/2017-05/tse-confirma-cassacao-do-governador-do-amazonas-e-decide-por-novas-eleicoes","Por 5 votos a 2, o Tribunal Superior Eleitoral (TSE) confirmou hoje (4) a cassação do mandato do governador do Amazonas, José Melo (Pros). [...] O vice-governador, Henrique de Oliveira (SD), também foi cassado.","ba7f728a03db3362605cab6f84303167.bin","ok","nenhum"
"curada_governos","eventos_governos_fonte_oficial.csv","M2022_AM_4_44_40001619527",1,"https://g1.globo.com/am/amazonas/eleicoes/2026/noticia/2026/05/04/roberto-cidade-e-eleito-governador-do-amazonas-em-eleicao-indireta.ghtml","Wilson Lima e Tadeu de Souza renunciaram aos cargos de governador e vice do Amazonas. As cartas foram publicadas em edição extra do Diário Oficial da Aleam neste sábado (4). [...] As renúncias têm efeito imediato desde 4 de abril de 2026.","0ac516ab4337e070d161de7a3cf85df2.ghtml","ok","nenhum"
"curada_governos","eventos_governos_fonte_oficial.csv","M2022_AM_4_44_40001619527",2,"https://www.acritica.com/politica/wilson-e-tadeu-renunciam-e-roberto-cidade-e-o-novo-governador-do-am-1.400449","Ele assume o cargo interinamente após a renuncia do então governador Wilson Lima e de seu vice, Tadeu de Souza. As cartas de renúncia de ambos foram apresentadas às 23h de ontem, em carta escrita à mão, ao presidente da Assembleia.","a226f99b24338cc320251673ada49d73.bin","ok","exato"
"curada_governos","eventos_governos_fonte_oficial.csv","M1998_AP_3_40_300000303000401",1,"https://www1.folha.uol.com.br/fsp/brasil/fc0904200219.htm","O ex-governador do Amapá João Capiberibe (PSB) disse ontem [...] disse Capiberibe, que renunciou na sexta-feira para concorrer ao Senado.","079eddc90b097f4dde721041de068dac.htm","ok","nenhum"
"curada_governos","eventos_governos_fonte_oficial.csv","M1998_AP_3_40_300000303000401",2,"https://www18.fgv.br/cpdoc/acervo/dicionarios/verbete-biografico/joao-alberto-rodrigues-capiberibe","O segundo governo de João Capiberibe se estendeu até 2002, quando renunciou para concorrer ao Senado Federal.","8a08dc66ecec9aa25d38238c6db8fa8a.bin","ok","exato"
"curada_governos","eventos_governos_fonte_oficial.csv","M2006_AP_3_12_10081",1,"http://g1.globo.com/politica/noticia/2010/09/ex-governador-do-amapa-waldez-goes-tambem-e-preso-diz-advogado.html","Desde 3 abril de 2010, é governador do Amapá. Ele assumiu após Waldez Góes ter deixado o cargo para se candidatar ao Senado.","ce8dbe51f31e844c56d7a60061558b25.html","ok","exato"
"curada_governos","eventos_governos_fonte_oficial.csv","M2006_AP_3_12_10081",2,"https://web.archive.org/web/20110724150414/http://www.istoedinheiro.com.br/noticias/18410_DEZ+GOVERNADORES+DEVEM+DEIXAR+O+CARGO+ATE+SABADO","O governador do Amapá, Waldez Góes (PDT), desincompatibiliza-se até a data máxima prevista, no sábado. Góes concorre ao Senado.","bda6f99e5abb6f9ea593b871d4a0bf07.bin","ok","exato"
"curada_governos","eventos_governos_fonte_oficial.csv","M1998_AP_4_131_300000304001311",1,"https://www18.fgv.br/cpdoc/acervo/dicionarios/verbete-biografico/figueiredo-dalva","Em abril de 2002 assumiu o governo do estado, quando o governador deixou o cargo para se candidatar a uma vaga no Senado Federal.","b804ba0c9ce53c431d29cd1ae50d2d2e.bin","ok","exato"
"curada_governos","eventos_governos_fonte_oficial.csv","M1998_AP_4_131_300000304001311",2,"https://www1.folha.uol.com.br/fsp/brasil/fc0904200219.htm","O ex-governador do Amapá João Capiberibe (PSB) disse ontem [...] disse Capiberibe, que renunciou na sexta-feira para concorrer ao Senado.","079eddc90b097f4dde721041de068dac.htm","ok","nenhum"
"curada_governos","eventos_governos_fonte_oficial.csv","M2006_AP_4_12_10082",1,"http://g1.globo.com/politica/noticia/2010/09/ex-governador-do-amapa-waldez-goes-tambem-e-preso-diz-advogado.html","Em 2006, foi reeleito como vice. Desde 3 abril de 2010, é governador do Amapá. Ele assumiu após Waldez Góes ter deixado o cargo para se candidatar ao Senado.","ce8dbe51f31e844c56d7a60061558b25.html","ok","exato"
"curada_governos","eventos_governos_fonte_oficial.csv","M2006_AP_4_12_10082",2,"https://web.archive.org/web/20110724150414/http://www.istoedinheiro.com.br/noticias/18410_DEZ+GOVERNADORES+DEVEM+DEIXAR+O+CARGO+ATE+SABADO","O governador do Amapá, Waldez Góes (PDT), desincompatibiliza-se até a data máxima prevista, no sábado. Góes concorre ao Senado.","bda6f99e5abb6f9ea593b871d4a0bf07.bin","ok","exato"
"curada_governos","eventos_governos_fonte_oficial.csv","M2014_AP_4_12_30000000099",1,"https://g1.globo.com/ap/amapa/eleicoes/2018/noticia/2018/08/07/vice-governador-do-amapa-papaleo-paes-anuncia-que-vai-renunciar-ao-cargo.ghtml","O vice-governador do Amapá Papaléo Paes ( PSD ) anunciou renúncia do cargo na manhã desta terça-feira (7) após entrevista coletiva no Palácio do Setentrião [...] O pedido de saída foi protocolado na Assembleia Legislativa do Amapá (Alap).","172bd532386d32fec62e2e70f1dc83fe.ghtml","ok","nenhum"
"curada_governos","eventos_governos_fonte_oficial.csv","M2014_AP_4_12_30000000099",2,"https://www.diariodoamapa.com.br/cadernos/politica/medico-papaleo-paes-morre-aos-67-anos-vitima-da-covid-19/","A substituição gerou insatisfação e em 7 de agosto de 2018, Papaléo Paes reuniu a imprensa no Palácio do Setentrião, onde anunciou a renúncia do cargo.","437099949b3e706deb5846497b1b97b1.bin","ok","exato"
"curada_governos","eventos_governos_fonte_oficial.csv","M2018_AP_4_12_30000613619",1,"https://g1.globo.com/ap/amapa/noticia/2023/01/01/clecio-luis-toma-posse-para-o-1o-mandato-como-governador-do-amapa.ghtml","Clécio Luís (Solidariedade), de 50 anos, tomou posse na madrugada deste domingo (1º) como governador do Estado do Amapá [...] Além dele, também foi empossado o vice-governador Antônio Teles Júnior (PDT).","82c6aeedbd3a9b294964d184afdba0d7.ghtml","ok","nenhum"
"curada_governos","eventos_governos_fonte_oficial.csv","M2018_AP_4_12_30000613619",2,"https://www.cnnbrasil.com.br/politica/pesquisa-ipec-governo-do-amapa-clecio-luis-tem-41-jaime-nunes-35/","mostra o ex-prefeito de Macapá Clécio Luís (Solidariedade), com 41%, e o vice-governador do estado Jaime Nunes (PSD), com 35%. O primeiro turno está marcado para 2 de outubro.","6dacd41961ec0ba14a54994a42512833.bin","ok","exato"
"curada_governos","eventos_governos_fonte_oficial.csv","M1998_BA_3_25_500000503000251",1,"https://www.al.ba.gov.br/deputados/ex-deputado-estadual/5000455","vice-governador, 01/01/1999 - 05/04/2002; governador da Bahia de 06/04 a 31/12/2002","08ba750ae8a6f8a3f1b059d58f22e3e7.bin","ok","exato"
"curada_governos","eventos_governos_fonte_oficial.csv","M1998_BA_3_25_500000503000251",2,"https://www1.folha.uol.com.br/folha/brasil/ult96u31011.shtml","Hoje é o último dia útil para os governadores que desejam se candidatar na eleição de outubro deixarem os cargos que ocupam. [...] Veja quem deixa o cargo: [...] Bahia - César Borges (PFL) É candidato ao Senado","e279602bf3f53c5dce6a52396c1e52ed.shtml","ok","nenhum"
"curada_governos","eventos_governos_fonte_oficial.csv","M1998_BA_4_221_500000504002211",1,"https://www.al.ba.gov.br/deputados/ex-deputado-estadual/5000455","vice-governador, 01/01/1999 - 05/04/2002; governador da Bahia de 06/04 a 31/12/2002","08ba750ae8a6f8a3f1b059d58f22e3e7.bin","ok","exato"
"curada_governos","eventos_governos_fonte_oficial.csv","M1998_BA_4_221_500000504002211",2,"https://politicaaovivo.com/agora-com-rui-costa-bahia-tem-oito-ex-governadores-vivos-relembre/","Ocupou o cargo de vice-governador de 1999 até abril de 2002, quando assumiu o governo após a renúncia de César Borges, que se candidatou ao Senado.","200417c84fd8f93640661c555ec0470f.bin","ok","exato"
"curada_governos","eventos_governos_fonte_oficial.csv","M1998_CE_3_45_600000603000451",1,"https://diariodonordeste.verdesmares.com.br/opiniao/colunistas/inacio-aguiar/apos-20-anos-ceara-volta-a-ter-renuncia-de-um-governador-veja-como-e-a-transmissao-do-cargo-1.3212079","Naquele ano, no dia 5 de abril, o gabinete do então governador enviou à Assembleia Legislativa do Estado um termo de transmissão do Cargo [...] Após a renúncia de Tasso Jereissati assumiu o cargo o então vice-governador","ca0698e4b594d56bd4578276a81a3f79.bin","ok","nenhum"
"curada_governos","eventos_governos_fonte_oficial.csv","M1998_CE_3_45_600000603000451",2,"https://www1.folha.uol.com.br/fsp/brasil/fc0704200202.htm","Anteontem, o governador Tasso Jereissati (PSDB), preterido pelo partido em favor do senador José Serra na disputa presidencial, renunciou ao cargo para disputar uma vaga ao Senado.","4273dc65556be775f99d818df9811091.htm","ok","exato"
"curada_governos","eventos_governos_fonte_oficial.csv","M2018_CE_3_13_60000610979",1,"https://www.fortaleza.ce.gov.br/noticias/primeira-mulher-governadora-efetiva-do-ceara-izolda-cela-toma-posse-neste-sabado-02-04","Na ocasião, também foi lida a carta de renúncia do ex-governador Camilo Santana, marcando a descompatibilização do gestor. Na sequência, houve a cerimônia de transmissão do cargo de Camilo Santana para Izolda Cela, no Palácio da Abolição.","e1016b89c569d3f7e771f35d7b1ce9a6.bin","ok","exato"
"curada_governos","eventos_governos_fonte_oficial.csv","M2018_CE_3_13_60000610979",2,"https://g1.globo.com/ce/ceara/eleicoes/2022/noticia/2022/04/02/posse-de-izolda-cela-no-ceara.ghtml","A ex-vice-governadora do Ceará, Izolda Cela (PDT), tomou posse como chefe do Executivo em sessão solene na Assembleia Legislativa na tarde deste sábado (2) . Ela assumiu após a renúncia do ex-governador Camilo Santana (PT).","f84b79c9000f6e5b069cec77a41dfb23.ghtml","ok","nenhum"
"curada_governos","eventos_governos_fonte_oficial.csv","M1998_CE_4_451_600000604004511",1,"https://diariodonordeste.verdesmares.com.br/opiniao/colunistas/inacio-aguiar/apos-20-anos-ceara-volta-a-ter-renuncia-de-um-governador-veja-como-e-a-transmissao-do-cargo-1.3212079","Naquele ano, no dia 5 de abril, o gabinete do então governador enviou à Assembleia Legislativa do Estado um termo de transmissão do Cargo [...] Após a renúncia de Tasso Jereissati assumiu o cargo o então vice-governador","ca0698e4b594d56bd4578276a81a3f79.bin","ok","nenhum"
"curada_governos","eventos_governos_fonte_oficial.csv","M1998_CE_4_451_600000604004511",2,"https://www18.fgv.br/cpdoc/acervo/dicionarios/verbete-biografico/veras-beni","Em abril de 2002 tornou-se governador do estado, em virtude da renúncia de Jereissati, que se afastou do cargo para concorrer às eleições ao Senado Federal.","44ca1573af3f15c29c2c5481953dbc1b.bin","ok","exato"
"curada_governos","eventos_governos_fonte_oficial.csv","M2018_CE_4_13_60000610980",1,"https://www.fortaleza.ce.gov.br/noticias/primeira-mulher-governadora-efetiva-do-ceara-izolda-cela-toma-posse-neste-sabado-02-04","Na ocasião, também foi lida a carta de renúncia do ex-governador Camilo Santana, marcando a descompatibilização do gestor. Na sequência, houve a cerimônia de transmissão do cargo de Camilo Santana para Izolda Cela, no Palácio da Abolição.","e1016b89c569d3f7e771f35d7b1ce9a6.bin","ok","exato"
"curada_governos","eventos_governos_fonte_oficial.csv","M2018_CE_4_13_60000610980",2,"https://g1.globo.com/ce/ceara/eleicoes/2022/noticia/2022/04/02/posse-de-izolda-cela-no-ceara.ghtml","A ex-vice-governadora do Ceará, Izolda Cela (PDT), tomou posse como chefe do Executivo em sessão solene na Assembleia Legislativa na tarde deste sábado (2) .","f84b79c9000f6e5b069cec77a41dfb23.ghtml","ok","nenhum"
"curada_governos","eventos_governos_fonte_oficial.csv","M2002_DF_3_15_512",1,"https://goias.gov.br/vicegovernadoria/joaquim-domingos-roriz/","Renunciou em março de 2006, desincompatibilizando-se e lançou-se candidato senador pelo Distrito Federal na legenda do PMDB. Em seu lugar no governo foi empossada a vice, Maria de Lourdes Abadia.","57005755e3998d31fbd79f129a5fb326.bin","ok","exato"
"curada_governos","eventos_governos_fonte_oficial.csv","M2002_DF_3_15_512",2,"https://www.psdb.org.br/acompanhe/noticias/abadia-assume-o-governo-do-distrito-federal/","Notícias - 31/03/2006 Brasília (31 de março) – A presidente do PSDB Mulher, Maria de Loudes Abadia , assumiu nesta sexta-feira o governo do Distrito Federal, no lugar de Joaquim Roriz (PMDB).","2f259c3bb6506401b2292b5d4d0aee28.bin","ok","nenhum"
"curada_governos","eventos_governos_fonte_oficial.csv","M2006_DF_3_25_10382",1,"https://www.tre-df.jus.br/jurisprudencia/informativo-tematico/perda-de-mandato-eletivo-por-infidelidade-partidaria","Pedido julgado procedente, decretada a perda do direito do requerido de exercer o mandato de Governador do Distrito Federal. (Petição nº 335-69, Acórdão nº 2885, de 16/03/2010",NA,"http_403","sem_arquivo"
"curada_governos","eventos_governos_fonte_oficial.csv","M2006_DF_3_25_10382",2,"https://www.cl.df.gov.br/-/camara-e-notificada-sobre-cassacao-de-arruda-pelo-tre","Publicado em 18/03/2010 [...] a decisão do tribunal de cassar o mandato de governador de José Roberto Arruda, por infidelidade partidária. A decisão judicial foi tomada na última terça-feira (16)","8a4e153b6d8e19b69d325a3d7511a262.bin","ok","nenhum"
"curada_governos","eventos_governos_fonte_oficial.csv","M2022_DF_3_15_70001651044",1,"https://www.cl.df.gov.br/-/celina-leao-toma-posse-como-governadora-do-distrito-federal","Publicado em 30/03/2026 [...] Celina tomou posse após o governador Ibaneis Rocha renunciar ao cargo, no sábado (28), a fim de cumprir o prazo de desincompatibilização exigido pela legislação eleitoral","aa4f74f9e32f11ca057319fddffba0ef.bin","ok","nenhum"
"curada_governos","eventos_governos_fonte_oficial.csv","M2022_DF_3_15_70001651044",2,"https://www.correiobraziliense.com.br/cidades-df/2026/03/7386160-eleicoes-ibaneis-rocha-deixa-o-governo-do-df-para-concorrer-ao-senado.html","o governador do Distrito Federal, Ibaneis Rocha (MDB), formalizou, nesse sábado (28/3), sua saída do cargo para se desincompatibilizar e concorrer a uma vaga ao Senado.","09bba1b23292f89b1c6cb12eb996c9d9.html","ok","exato"
"curada_governos","eventos_governos_fonte_oficial.csv","M2002_DF_4_15_1594",1,"https://www.psdb.org.br/acompanhe/noticias/abadia-assume-o-governo-do-distrito-federal/","Notícias - 31/03/2006 Brasília (31 de março) – A presidente do PSDB Mulher, Maria de Loudes Abadia , assumiu nesta sexta-feira o governo do Distrito Federal, no lugar de Joaquim Roriz (PMDB).","2f259c3bb6506401b2292b5d4d0aee28.bin","ok","nenhum"
"curada_governos","eventos_governos_fonte_oficial.csv","M2002_DF_4_15_1594",2,"https://bernadetealves.com/2023/10/23/abadia-primeira-mulher-a-governar-brasilia-toma-posse-como-academica-no-ihg-df/","Em 2002, foi eleita vice-governadora do Distrito Federal, tendo tomado posse como governadora em 31 de março de 2006, após o afastamento do governador Joaquim Roriz, que se desincompatibilizou para disputar uma vaga no Senado.","4d4fbd6500e932885ed642b127b197b4.bin","ok","exato"
"curada_governos","eventos_governos_fonte_oficial.csv","M2006_DF_4_25_10383",1,"https://www.cl.df.gov.br/-/paulo-octavio-renuncia-em-carta-enviada-a-camara-legislativa","Publicado em 23/02/2010 19h11 Em carta enviada à Câmara Legislativa, o vice-governador Paulo Octávio (sem partido) renunciou oficialmente na tarde desta terça-feira (23), afastando-se do cargo de governador interino","990dcbafbc5ad4cd305f2ca03a7ae983.bin","ok","exato"
"curada_governos","eventos_governos_fonte_oficial.csv","M2006_DF_4_25_10383",2,"https://www.conjur.com.br/2010-fev-23/paulo-octavio-renuncia-cargo-governador-exercicio-df/","Brasília, 23 de fevereiro de 2010 [...] comunico ao Presidente da Câmara Legislativa minha renúncia ao cargo de Vice-Governador do Distrito Federal.","a6c5e0e4d6595cb1752fab9abade2932.bin","ok","nenhum"
"curada_governos","eventos_governos_fonte_oficial.csv","M2022_DF_4_15_70001651045",1,"https://www.cl.df.gov.br/-/celina-leao-toma-posse-como-governadora-do-distrito-federal","Publicado em 30/03/2026 13h05 [...] Em solenidade realizada na Câmara Legislativa, Celina Leão assumiu o Governo do Distrito Federal nesta segunda‑feira (30)","aa4f74f9e32f11ca057319fddffba0ef.bin","ok","nenhum"
"curada_governos","eventos_governos_fonte_oficial.csv","M2022_DF_4_15_70001651045",2,"https://jornaldebrasilia.com.br/brasilia/celina-leao-assume-governo-do-df-apos-renuncia-de-ibaneis-rocha/","A vice-governadora Celina Leão assumiu o cargo de governadora do Distrito Federal nesta segunda-feira, 30 de março, durante sessão solene na Câmara Legislativa do DF.","f15251d23ad98659a18416afb61cc9a8.bin","ok","exato"
"curada_governos","eventos_governos_fonte_oficial.csv","M2022_ES_3_40_80001649123",1,"https://www.agazeta.com.br/es/politica/ricardo-ferraco-toma-posse-como-governador-do-espirito-santo-0426","na tarde desta quinta-feira (2), Ricardo Ferraço (MDB) tomou posse como governador do Espírito Santo, em substituição a Renato Casagrande (PSB), que renunciou ao cargo para concorrer às eleições deste ano, em busca de vaga no Senado.","4abac696a18ed9a23ba0018f565ca421.bin","ok","exato"
"curada_governos","eventos_governos_fonte_oficial.csv","M2022_ES_3_40_80001649123",2,"https://www.montanhascapixabas.com.br/assembleia-legislativa-admite-renuncia-do-governador-renato-casagrande/","a Assembleia Legislativa (Ales) admitiu a carta de renúncia enviada pelo governador Renato Casagrande (PSB). Datada de 30 de março, o chefe do Executivo estadual comunica que deixará o Palácio Anchieta nesta quinta-feira (2)","4950d32bb8b0f570f76505be705c8e75.bin","ok","exato"
"curada_governos","eventos_governos_fonte_oficial.csv","M2002_ES_4_40_148",1,"https://www18.fgv.br/cpdoc/acervo/dicionarios/verbete-biografico/coimbra-lelo","Em 2003, já filiado ao Partido Socialista Brasileiro (PSB), tornou-se Vice-Governador do Espírito Santo, no primeiro governo Paulo Hartung (2003-2007), além de Secretário-Chefe da Casa Civil.","72e08803bc39ec1664cb888f9d49a4af.bin","ok","exato"
"curada_governos","eventos_governos_fonte_oficial.csv","M2002_ES_4_40_148",2,"https://eshoje.com.br/politica/2026/02/mdb-consolida-comando-e-blinda-caminho-de-ricardo-para-2026/","A Executiva também reúne três ex-vice-governadores de Paulo Hartung: Lelo Coimbra (2003–2006), Ricardo Ferraço (2007–2010) e César Colnago (2015–2018).","9cc836f649f75e823e9b29b8208e19c8.bin","ok","exato"
"curada_governos","eventos_governos_fonte_oficial.csv","M2014_ES_4_15_80000000428",1,"https://emdiaes.com.br/politica/cesar-colnago-retorna-ao-palacio-anchieta-para-integrar-equipe-de-ricardo-ferraco/","Entre 2015 e 2018, exerceu o cargo de vice-governador, na gestão de Paulo Hartung (PSD).","1efa1d72203cf7d50bf2cfd3c19848f4.bin","ok","exato"
"curada_governos","eventos_governos_fonte_oficial.csv","M2014_ES_4_15_80000000428",2,"https://eshoje.com.br/politica/2026/02/mdb-consolida-comando-e-blinda-caminho-de-ricardo-para-2026/","A Executiva também reúne três ex-vice-governadores de Paulo Hartung: Lelo Coimbra (2003–2006), Ricardo Ferraço (2007–2010) e César Colnago (2015–2018).","9cc836f649f75e823e9b29b8208e19c8.bin","ok","exato"
"curada_governos","eventos_governos_fonte_oficial.csv","M2022_ES_4_40_80001649124",1,"https://www.agazeta.com.br/es/politica/ricardo-ferraco-toma-posse-como-governador-do-espirito-santo-0426","na tarde desta quinta-feira (2), Ricardo Ferraço (MDB) tomou posse como governador do Espírito Santo, em substituição a Renato Casagrande (PSB), que renunciou ao cargo para concorrer às eleições deste ano, em busca de vaga no Senado.","4abac696a18ed9a23ba0018f565ca421.bin","ok","exato"
"curada_governos","eventos_governos_fonte_oficial.csv","M2022_ES_4_40_80001649124",2,"https://emdiaes.com.br/politica/ricardo-ferraco-toma-posse-como-governador-do-espirito-santo-apos-renuncia-de-casagrande/","Ricardo Ferraço (MDB) assumiu o cargo de governador do Estado do Espírito Santo na tarde desta quinta-feira, 2 de abril de 2026. A posse foi oficializada durante uma sessão solene na Assembleia Legislativa (Ales)","2556641e8fa96c03c74915f2ea7f7eee.bin","ok","exato"
"curada_governos","eventos_governos_fonte_oficial.csv","M2002_GO_3_45_406",1,"https://portal.al.go.leg.br/deputados/perfil-biografico/435","Reeleito Governador do Estado de Goiás, em 2002. Mandato janeiro/2003 a dezembro/2007, desincompatibilizou-se em abril/2006. Eleito Senador, PSDB, em 1º de outubro de 2006.","b1403050dfe07e634428e3838af63be0.bin","ok","exato"
"curada_governos","eventos_governos_fonte_oficial.csv","M2002_GO_3_45_406",2,"https://jotacidade.com/noticias/alcides-rodrigues-eu-fiz-um-grande-esforco-para-solucionar-anseios-e-aspiracoes-do-povo-goiano/","Governador de Goiás entre 31 de março e 31 de dezembro de 2006 e de 1º de janeiro de 2007 a 31 de dezembro de 2010, doutor Alcides Rodrigues (PRP)","7b55edbe0ee6bc3b92970b5982c78c2f.bin","ok","exato"
"curada_governos","eventos_governos_fonte_oficial.csv","M2014_GO_3_45_90000000637",1,"https://portal.al.go.leg.br/noticias/92968/renuncia-de-marconi-perillo","06 de Abril de 2018 às 20:28 [...] Em sessão extraordinária na Assembleia, presidida por José Vitti, na noite dessa sexta-feira, 6, foi lido comunicado no qual Marconi Perillo renunciou ao cargo de Governador do Estado de Goiás.","53b8ac418f6db4d72b738c4ed49e61ca.bin","ok","nenhum"
"curada_governos","eventos_governos_fonte_oficial.csv","M2014_GO_3_45_90000000637",2,"https://www.jornalopcao.com.br/ultimas-noticias/governador-com-mais-tempo-no-cargo-marconi-renuncia-neste-sabado-7-121727/","Marconi assinou o termo de renúncia, se desincompatibilizando do cargo, no Palácio das Esmeraldas. [...] Nesta sexta-feira (6), último dia de seus quatro mandatos",NA,"http_403","sem_arquivo"
"curada_governos","eventos_governos_fonte_oficial.csv","M2022_GO_3_44_90001646326",1,"https://portal.al.go.leg.br/noticias/163542","31 de Março de 2026 às 17:20 [...] o emedebista substituiu definitivamente o então governador Ronaldo Caiado (PSD), que se afastou da gestão para disputar a Presidência da República nas eleições deste ano.","81738fee02023574c81decc592858c08.bin","ok","nenhum"
"curada_governos","eventos_governos_fonte_oficial.csv","M2022_GO_3_44_90001646326",2,"https://g1.globo.com/go/goias/eleicoes/2026/noticia/2026/03/31/ronaldo-caiado-deixa-governo-e-transfere-cargo-a-daniel-vilela.ghtml","Ronaldo Caiado deixou o Governo de Goiás nesta terça-feira (31). Em cerimônia na Assembleia Legislativa de Goiás (Alego), em Goiânia, Daniel Vilela (MDB), que era vice de Caiado, assumiu como novo governador.","1c06e9c48964f4476c5b19494c0709c0.ghtml","ok","exato"
"curada_governos","eventos_governos_fonte_oficial.csv","M2002_GO_4_45_336",1,"https://www18.fgv.br/cpdoc/acervo/dicionarios/verbete-biografico/rodrigues-alcides","Assumiu o as funções de governador em abril de 2006 quando Marconi Perillo renunciou para disputar o mandato de senador.","a61b10468353a2b13ffc025baa054cde.bin","ok","exato"
"curada_governos","eventos_governos_fonte_oficial.csv","M2002_GO_4_45_336",2,"https://jotacidade.com/noticias/alcides-rodrigues-eu-fiz-um-grande-esforco-para-solucionar-anseios-e-aspiracoes-do-povo-goiano/","Governador de Goiás entre 31 de março e 31 de dezembro de 2006 e de 1º de janeiro de 2007 a 31 de dezembro de 2010, doutor Alcides Rodrigues (PRP)","7b55edbe0ee6bc3b92970b5982c78c2f.bin","ok","exato"
"curada_governos","eventos_governos_fonte_oficial.csv","M2006_GO_4_11_10093",1,"https://goias.gov.br/vicegovernadoria/galeria-de-vice-governadores-de-goias/","Lincoln Tejota 2019 – Atual José Eliton 2011 a 2018 Ademir Menezes 2007 a 2011 Alcides Rodrigues 1999 a 2006","f25f88f497809df518778a6ec76e8ea0.bin","ok","exato"
"curada_governos","eventos_governos_fonte_oficial.csv","M2006_GO_4_11_10093",2,"https://portal.al.go.leg.br/noticias/37526","30 de Dezembro de 2010 às 12:44 A transmissão de cargo para o novo governador será feita pelo vice-governador, Ademir Menezes. A solenidade acontece no Palácio das Esmeraldas, às 12.30h.","49efc7aee30d99b6e58fe57537ebe55b.bin","ok","exato"
"curada_governos","eventos_governos_fonte_oficial.csv","M2014_GO_4_45_90000000638",1,"https://portal.al.go.leg.br/noticias/92976","José Eliton é declarado Governador após compromisso de posse 07 de Abril de 2018 às 10:34 [...] acabou de declarar empossado Governador do Estado de Goiás o advogado José Eliton de Figuerêdo Júnior após a leitura do compromisso de posse.","8c610494b672eeff96235fc56e94e417.bin","ok","nenhum"
"curada_governos","eventos_governos_fonte_oficial.csv","M2014_GO_4_45_90000000638",2,"https://www.jornalopcao.com.br/ultimas-noticias/governador-com-mais-tempo-no-cargo-marconi-renuncia-neste-sabado-7-121727/","A missão de guiar nosso Estado, a partir de amanhã, é do governador José Eliton.",NA,"http_403","sem_arquivo"
"curada_governos","eventos_governos_fonte_oficial.csv","M2022_GO_4_44_90001646327",1,"https://portal.al.go.leg.br/noticias/163529","Alego empossa Daniel Vilela como chefe do Executivo Estadual 31 de Março de 2026 às 14:50 [...] o vice-governador Daniel Vilela assumiu, agora a pouco, durante sessão solene realizada na Assembleia Legislativa, o Governo de Goiás","46937839a5b6bcde4f938a7b3843fea3.bin","ok","nenhum"
"curada_governos","eventos_governos_fonte_oficial.csv","M2022_GO_4_44_90001646327",2,"https://g1.globo.com/go/goias/eleicoes/2026/noticia/2026/03/31/ronaldo-caiado-deixa-governo-e-transfere-cargo-a-daniel-vilela.ghtml","Em menos de seis minutos após entrar na Assembleia, Daniel fez o juramento e leu os termos da posse, concluindo com a assinatura do documento.","1c06e9c48964f4476c5b19494c0709c0.ghtml","ok","exato"
"curada_governos","eventos_governos_fonte_oficial.csv","M1998_MA_3_25_100001003000251",1,"https://www1.folha.uol.com.br/folha/brasil/ult96u31013.shtml","Roseana Sarney (PFL) já não é mais governadora do Maranhão. Ela entregou uma carta-renúncia ao presidente da Assembléia Legislativa, deputado Manoel Ribeiro (PSD), no final da manhã de hoje","58ad0a6f8e52e83c0c6896a92b3238ac.shtml","ok","exato"
"curada_governos","eventos_governos_fonte_oficial.csv","M1998_MA_3_25_100001003000251",2,"https://web.archive.org/web/20020409091955id_/http://jbonline.terra.com.br:80/jb/papel/brasil/2002/04/06/jorbra20020406001.html","encontrados na empresa Lunus, de propriedade da ex-governadora do Maranhão e do marido.","769b4a2017fb6cdefa33bf1fbb9e89ea.html","ok","exato"
"curada_governos","eventos_governos_fonte_oficial.csv","M2006_MA_3_12_10095",1,"https://web.archive.org/web/2009id_/http://g1.globo.com/Noticias/Politica/0,,MUL1088314-5601,00-TSE+NEGA+RECURSOS+E+CONFIRMA+CASSACAO+DO+GOVERNADOR+DO+MARANHAO.html","O Tribunal Superior Eleitoral (TSE) confirmou nesta quinta-feira (16), por unanimidade, a cassação dos mandatos do governador do Maranhão, Jackson Lago (PDT), e de seu vice, Luiz Carlos Porto (PPS).","d6fefcd8985551f8578e1414c62c72e6.html","ok","exato"
"curada_governos","eventos_governos_fonte_oficial.csv","M2006_MA_3_12_10095",2,"https://politica.estadao.com.br/noticias/geral,tse-sela-cassacao-de-lago-e-manda-empossar-roseana-ja,356256","O Tribunal Superior Eleitoral (TSE) confirmou ontem a cassação do governador do Maranhão, Jackson Lago (PDT), e de seu vice, Luís Carlos Porto, e determinou que o governo seja imediatamente assumido pela senadora Roseana Sarney (PMDB)","b2d0d00d5adfb23dd89369c5ffc1ad58.bin","ok","exato"
"curada_governos","eventos_governos_fonte_oficial.csv","M2018_MA_3_65_100000603926",1,"https://www.al.ma.leg.br/noticias2/43213","A solenidade foi iniciada com a leitura da Carta Renúncia do governador Flávio Dino, lida pela 1ª secretária da Mesa Diretora, deputada Andreia Rezende (PSB), seguida do juramento à Constituição pelo empossado.","f657eaea5bc3b931701d585cafacac7f.bin","ok","exato"
"curada_governos","eventos_governos_fonte_oficial.csv","M2018_MA_3_65_100000603926",2,"https://jornalpequeno.com.br/2022/04/02/brandao-assume-neste-sabado-o-cargo-de-governador-do-maranhao/","O governador Flávio Dino oficializa neste sábado (2) sua renúncia ao Governo do Maranhão para disputar as eleições de 2022.","cdd8963cc80c5b59c95764deb213209c.bin","ok","exato"
"curada_governos","eventos_governos_fonte_oficial.csv","M1998_MA_4_251_100001004002511",1,"https://www1.folha.uol.com.br/folha/brasil/ult96u31039.shtml","os caciques pefelistas não ficaram na capital maranhense para assistir à transmissão de posse, que ocorreu no final da tarde e foi seguida de uma festa popular. Depois de passar a faixa ao vice, José Reinaldo Tavares (PFL)","115839627cd1136e596f3fbdfd595168.shtml","ok","exato"
"curada_governos","eventos_governos_fonte_oficial.csv","M1998_MA_4_251_100001004002511",2,"https://www1.folha.uol.com.br/folha/brasil/ult96u31013.shtml","Roseana Sarney (PFL) já não é mais governadora do Maranhão. Ela entregou uma carta-renúncia ao presidente da Assembléia Legislativa, deputado Manoel Ribeiro (PSD), no final da manhã de hoje","58ad0a6f8e52e83c0c6896a92b3238ac.shtml","ok","exato"
"curada_governos","eventos_governos_fonte_oficial.csv","M2006_MA_4_12_10112",1,"https://web.archive.org/web/2009id_/http://g1.globo.com/Noticias/Politica/0,,MUL1088314-5601,00-TSE+NEGA+RECURSOS+E+CONFIRMA+CASSACAO+DO+GOVERNADOR+DO+MARANHAO.html","A Corte também decidiu dar posse imediata à senadora Roseana Sarney (PMDB) no cargo de governadora e ao ex-senador João Alberto (PMDB) no de vice.","d6fefcd8985551f8578e1414c62c72e6.html","ok","exato"
"curada_governos","eventos_governos_fonte_oficial.csv","M2006_MA_4_12_10112",2,"https://politica.estadao.com.br/noticias/geral,tse-sela-cassacao-de-lago-e-manda-empossar-roseana-ja,356256","O Tribunal Superior Eleitoral (TSE) confirmou ontem a cassação do governador do Maranhão, Jackson Lago (PDT), e de seu vice, Luís Carlos Porto","b2d0d00d5adfb23dd89369c5ffc1ad58.bin","ok","exato"
"curada_governos","eventos_governos_fonte_oficial.csv","M2010_MA_4_15_100000000205",1,"https://web.archive.org/web/20190725102601id_/http://site.tcema.tc.br/index.php/noticias-internet/268-washington-oliveira-e-empossado-como-conselheiro-do-tce","Em sessão extraordinária realizada nesta segunda-feira (02), o ex-vice governador do Maranhão, Washington Oliveira, foi empossado como conselheiro do Tribunal de Contas do Estado","831f15a25c17183ddf0ca667c3a22896.bin","ok","exato"
"curada_governos","eventos_governos_fonte_oficial.csv","M2010_MA_4_15_100000000205",2,"http://www1.folha.uol.com.br/poder/2014/12/1560261-roseana-sarney-renuncia-ao-governo-do-maranhao.shtml","porque o vice de Roseana, Washington Luiz, renunciou em novembro de 2013 para se tornar conselheiro do Tribunal de Contas do Estado.","31e0e5521b9f0f03efe60378328b86e5.shtml","ok","exato"
"curada_governos","eventos_governos_fonte_oficial.csv","M2018_MA_4_65_100000603919",1,"https://www.al.ma.leg.br/noticias2/43213","A solenidade foi iniciada com a leitura da Carta Renúncia do governador Flávio Dino, lida pela 1ª secretária da Mesa Diretora, deputada Andreia Rezende (PSB), seguida do juramento à Constituição pelo empossado.","f657eaea5bc3b931701d585cafacac7f.bin","ok","exato"
"curada_governos","eventos_governos_fonte_oficial.csv","M2018_MA_4_65_100000603919",2,"https://jornalpequeno.com.br/2022/04/02/brandao-assume-neste-sabado-o-cargo-de-governador-do-maranhao/","A Assembleia Legislativa do Maranhão realizará, na tarde deste sábado (2), a sessão solene de posse do vice Carlos Brandão (PSB) como governador do Estado.","cdd8963cc80c5b59c95764deb213209c.bin","ok","exato"
"curada_governos","eventos_governos_fonte_oficial.csv","M2006_MG_3_45_10104",1,"https://www.almg.gov.br/acompanhe/noticias/arquivos/2010/03/Not_787003.html","No curto comunicado lido na Reunião Ordinária de Plenário desta terça-feira (30/3/10), Aécio agradeceu ao presidente da ALMG, deputado Alberto Pinto Coelho (PP), e informou que deixa a chefia do Executivo cumprindo a Constituição","1e5567afab87085d99b37be0c90ae83c.html","ok","exato"
"curada_governos","eventos_governos_fonte_oficial.csv","M2006_MG_3_45_10104",2,"http://www1.folha.uol.com.br/folha/brasil/ult96u715137.shtml","o governador de Minas, Aécio Neves (PSDB), 50, deixou ontem o cargo e passou o Grande Colar da Inconfidência para o vice Antonio Augusto Junho Anastasia (PSDB), 48, agora o novo governador. Aécio, que renunciou para disputar o Senado","721c699d43b87f1e35961236e5ea134a.shtml","ok","exato"
"curada_governos","eventos_governos_fonte_oficial.csv","M2010_MG_3_45_130000000950",1,"https://www.almg.gov.br/acompanhe/noticias/arquivos/2014/04/2_plenario_renuncia_anastasia.html","Na Reunião Ordinária de Plenário da Assembleia Legislativa de Minas Gerais (ALMG) desta quarta-feira (2/4/14), foi lido ofício do governador Antonio Anastasia comunicando sua renúncia ao cargo a partir desta sexta-feira (4).","8192d530d6bf4492d553a57f2c0d6d80.html","ok","exato"
"curada_governos","eventos_governos_fonte_oficial.csv","M2010_MG_3_45_130000000950",2,"http://www1.folha.uol.com.br/poder/2014/04/1435792-novo-governador-de-mg-toma-posse-e-buscara-apoio-do-pp-a-aecio.shtml","Oficialmente governador de Minas Gerais desde as 10h58 desta sexta-feira (4), Alberto Pinto Coelho (PP) tomou posse na Assembleia Legislativa do Estado","0d34b9f5fb4cf0d782f8c17572ad5fa8.shtml","ok","exato"
"curada_governos","eventos_governos_fonte_oficial.csv","M2022_MG_3_30_130001701690",1,"https://www.almg.gov.br/comunicacao/noticias/arquivos/Assembleia-da-posse-a-novo-governador-de-Minas/","a Assembleia Legislativa de Minas Gerais (ALMG) empossou o novo governador Mateus Simões de Almeida (PSD) , neste domingo (22/3/26). Simões assume no lugar de Romeu Zema (Novo) , que renunciou ao mandato para concorrer a um cargo de nível federal","b972118a2b9b545b4b37b21ca636bace.bin","ok","nenhum"
"curada_governos","eventos_governos_fonte_oficial.csv","M2022_MG_3_30_130001701690",2,"https://www1.folha.uol.com.br/poder/2026/03/zema-renuncia-em-mg-com-ataques-ao-governo-lula.shtml","O governador de Minas Gerais, Romeu Zema (Novo), renunciou ao cargo neste domingo (22) com um discurso marcado por críticas ao governo Lula (PT)","b8e6a9b8fb45d12bf8d0bbec29ad72d0.shtml","ok","exato"
"curada_governos","eventos_governos_fonte_oficial.csv","M2006_MG_4_45_10105",1,"https://www.almg.gov.br/acompanhe/noticias/arquivos/2010/03/Not_787166.html","foram alguns dos compromissos assumidos pelo governador Antonio Augusto Junho Anastasia em seu discurso de posse, na manhã desta quarta-feira (31/3/10). A solenidade foi realizada na Assembleia Legislativa de Minas Gerais","baf83ea2f9104675b6acfcad7c66428a.html","ok","exato"
"curada_governos","eventos_governos_fonte_oficial.csv","M2006_MG_4_45_10105",2,"http://www1.folha.uol.com.br/folha/brasil/ult96u715137.shtml","o governador de Minas, Aécio Neves (PSDB), 50, deixou ontem o cargo e passou o Grande Colar da Inconfidência para o vice Antonio Augusto Junho Anastasia (PSDB), 48, agora o novo governador.","721c699d43b87f1e35961236e5ea134a.shtml","ok","exato"
"curada_governos","eventos_governos_fonte_oficial.csv","M2010_MG_4_45_130000000951",1,"https://www.almg.gov.br/acompanhe/noticias/arquivos/2014/04/04_plenario_posse_alberto_pinto_coelho.html","Ele foi empossado chefe do Poder Executivo estadual em solenidade realizada na Assembleia Legislativa de Minas Gerais (ALMG) nesta sexta-feira (4/4/14).","90c38e7c575e75241cb365be5ce4c3af.html","ok","exato"
"curada_governos","eventos_governos_fonte_oficial.csv","M2010_MG_4_45_130000000951",2,"http://www1.folha.uol.com.br/poder/2014/04/1435792-novo-governador-de-mg-toma-posse-e-buscara-apoio-do-pp-a-aecio.shtml","Oficialmente governador de Minas Gerais desde as 10h58 desta sexta-feira (4), Alberto Pinto Coelho (PP) tomou posse na Assembleia Legislativa do Estado","0d34b9f5fb4cf0d782f8c17572ad5fa8.shtml","ok","exato"
"curada_governos","eventos_governos_fonte_oficial.csv","M2022_MG_4_30_130001701691",1,"https://www.almg.gov.br/comunicacao/noticias/arquivos/Assembleia-da-posse-a-novo-governador-de-Minas/","a Assembleia Legislativa de Minas Gerais (ALMG) empossou o novo governador Mateus Simões de Almeida (PSD) , neste domingo (22/3/26). Simões assume no lugar de Romeu Zema (Novo) , que renunciou ao mandato","b972118a2b9b545b4b37b21ca636bace.bin","ok","nenhum"
"curada_governos","eventos_governos_fonte_oficial.csv","M2022_MG_4_30_130001701691",2,"https://www1.folha.uol.com.br/poder/2026/03/zema-renuncia-em-mg-com-ataques-ao-governo-lula.shtml","O governador de Minas Gerais, Romeu Zema (Novo), renunciou ao cargo neste domingo (22) com um discurso marcado por críticas ao governo Lula (PT)","b8e6a9b8fb45d12bf8d0bbec29ad72d0.shtml","ok","exato"
"curada_governos","eventos_governos_fonte_oficial.csv","M2002_MS_4_13_730",1,"http://www.correiodoestado.com.br/noticias/os-vice-governadores-de-mato-grosso-do-sul/2719","Egon Krackekhe, militante histórico do PT douradense, atuou como vice-governador entre 2003 e 2007, no segundo governo Zeca.","1376988871d6c7cf6db665a3416441c9.bin","ok","exato"
"curada_governos","eventos_governos_fonte_oficial.csv","M1998_MT_3_45_110001103000451",1,"https://web.archive.org/web/20210508030339/https://www.al.mt.gov.br/midia/texto/assembleia-legislativa-empossa-rogerio-salles/visualizar","Sábado, 6 de abril de 2002 00h00 [...] Rogério Salles acaba de ser empossado governador do estado pela Assembléia Legislativa, após a renúncia do titular Dante Martins de Oliveira que se desincompatibilizou","e2cbe9e7215dd2406a6621c7b7fc18ad.bin","ok","nenhum"
"curada_governos","eventos_governos_fonte_oficial.csv","M2006_MT_3_23_10323",1,"https://web.archive.org/web/20100418064131/http://www.mt.gov.br:80/wps/portal/!ut/p/kcxml/04_Sj9SPykssy0xPLMnMz0vM0Y_QjzKLN4p38wPJgFjGpvqRyCIG8Y5wAV-P_NxU_SB9b_0A_YLc0IhyR0dFAC2xHoQ!/delta/base64xml/L0lDU0lKQ1RPN29na21BISEvb0VvUUFBSVFnakZJQUFRaENFSVFqR0VBLzRKRmlDbzBlaDFpY29uUVZHaGQtc0lRIS83XzJfMjFMLzg!?WCM_PORTLET=PC_7_2_21L_WCM&WCM_GLOBAL_CONTEXT=/wps/wcm/connect/e-MatoGrosso/Not%C3%ADcias/Not%C3%ADcias/Confira+lista+do+secretariado+do+governador+Silval+Barbosa&siteArea=Governo&con=Confira+lista+do+secretariado+do+governador+Silval+Barbosa","Confira lista do secretariado do governador Silval Barbosa [...] 31/03/2010 O governador Silval Barbosa (PMDB), empossado há pouco, já divulgou a lista de secretariado que irão acompanhá-lo até o dia 31 de dezembro.","8f4d9703a291e02e8ce59ff6e0b1f789.bin","ok","nenhum"
"curada_governos","eventos_governos_fonte_oficial.csv","M2006_MT_3_23_10323",2,"https://web.archive.org/web/20150101091504/http://noticias.terra.com.br/brasil/politica/blairo-maggi-deixa-governo-de-mt-para-concorrer-ao-senado,238a63fc8940b310VgnCLD200000bbcceb0aRCRD.html","31 de março de 2010 • 13h34 [...] Blairo Maggi (PR), transferiu na manhã desta quarta-feira, o cargo de governador de Mato Grosso para o vice, Silval Barbosa (PMDB). Ambos irão disputar as eleições, Maggi concorre ao Senado","3fc591af1d6be2b10e5e4bd33fba3369.html","ok","nenhum"
"curada_governos","eventos_governos_fonte_oficial.csv","M2022_MT_3_44_110001643543",1,"https://www.secom.mt.gov.br/w/otaviano-pivetta-toma-posse-como-governador-de-mato-grosso-com-foco-em-parcerias-com-munic%C3%ADpios","O governador Otaviano Pivetta tomou posse nesta terça-feira (31.3), em cerimônia na Assembleia Legislativa de Mato Grosso, em Cuiabá. Depois, Otaviano recebeu a faixa governamental do ex-governador Mauro Mendes em evento no Allure Hall.","5d138caf1361503f42c0e7258b716ede.bin","ok","exato"
"curada_governos","eventos_governos_fonte_oficial.csv","M2022_MT_3_44_110001643543",2,"https://www.metropoles.com/brasil/otaviano-pivetta-assume-o-governo-de-mt-nesta-terca-feira-31-3","31/03/2026 11:30 [...] O vice-governador Otaviano Pivetta (Republicanos) assumirá o governo de Mato Grosso nesta terça-feira (31/3) durante evento solene na Assembleia Legislativa, às 14h30. A solenidade marca a saída do governador Mauro Mendes","86bba87407b5576e53ea245b6903330e.bin","ok","nenhum"
"curada_governos","eventos_governos_fonte_oficial.csv","M1998_MT_4_451_110001104004511",1,"https://web.archive.org/web/20210508030339/https://www.al.mt.gov.br/midia/texto/assembleia-legislativa-empossa-rogerio-salles/visualizar","Sábado, 6 de abril de 2002 00h00 [...] Rogério Salles acaba de ser empossado governador do estado pela Assembléia Legislativa, após a renúncia do titular Dante Martins de Oliveira","e2cbe9e7215dd2406a6621c7b7fc18ad.bin","ok","nenhum"
"curada_governos","eventos_governos_fonte_oficial.csv","M2006_MT_4_23_10322",1,"https://web.archive.org/web/20100418064131/http://www.mt.gov.br:80/wps/portal/!ut/p/kcxml/04_Sj9SPykssy0xPLMnMz0vM0Y_QjzKLN4p38wPJgFjGpvqRyCIG8Y5wAV-P_NxU_SB9b_0A_YLc0IhyR0dFAC2xHoQ!/delta/base64xml/L0lDU0lKQ1RPN29na21BISEvb0VvUUFBSVFnakZJQUFRaENFSVFqR0VBLzRKRmlDbzBlaDFpY29uUVZHaGQtc0lRIS83XzJfMjFMLzg!?WCM_PORTLET=PC_7_2_21L_WCM&WCM_GLOBAL_CONTEXT=/wps/wcm/connect/e-MatoGrosso/Not%C3%ADcias/Not%C3%ADcias/Confira+lista+do+secretariado+do+governador+Silval+Barbosa&siteArea=Governo&con=Confira+lista+do+secretariado+do+governador+Silval+Barbosa","31/03/2010 O governador Silval Barbosa (PMDB), empossado há pouco, já divulgou a lista de secretariado que irão acompanhá-lo até o dia 31 de dezembro.","8f4d9703a291e02e8ce59ff6e0b1f789.bin","ok","exato"
"curada_governos","eventos_governos_fonte_oficial.csv","M2006_MT_4_23_10322",2,"https://web.archive.org/web/20150101091504/http://noticias.terra.com.br/brasil/politica/blairo-maggi-deixa-governo-de-mt-para-concorrer-ao-senado,238a63fc8940b310VgnCLD200000bbcceb0aRCRD.html","Blairo Maggi (PR), transferiu na manhã desta quarta-feira, o cargo de governador de Mato Grosso para o vice, Silval Barbosa (PMDB).","3fc591af1d6be2b10e5e4bd33fba3369.html","ok","exato"
"curada_governos","eventos_governos_fonte_oficial.csv","M2014_MT_4_12_110000000002",1,"https://g1.globo.com/mt/mato-grosso/noticia/vice-governador-de-mato-grosso-anuncia-renuncia-do-cargo.ghtml","05/04/2018 15h04 [...] O vice-governador de Mato Grosso, Carlos Fávaro (PSD), anunciou nesta quinta-feira (5) que protocolou na Assembleia Legislativa de Mato Grosso (ALMT) a renúncia ao cargo.","7e5dcf341933df9736fd953cd95fa24f.ghtml","ok","nenhum"
"curada_governos","eventos_governos_fonte_oficial.csv","M2022_MT_4_44_110001643542",1,"https://www.secom.mt.gov.br/w/otaviano-pivetta-toma-posse-como-governador-de-mato-grosso-com-foco-em-parcerias-com-munic%C3%ADpios","O governador Otaviano Pivetta tomou posse nesta terça-feira (31.3), em cerimônia na Assembleia Legislativa de Mato Grosso, em Cuiabá. Depois, Otaviano recebeu a faixa governamental do ex-governador Mauro Mendes em evento no Allure Hall.","5d138caf1361503f42c0e7258b716ede.bin","ok","exato"
"curada_governos","eventos_governos_fonte_oficial.csv","M2022_MT_4_44_110001643542",2,"https://www.metropoles.com/brasil/otaviano-pivetta-assume-o-governo-de-mt-nesta-terca-feira-31-3","O vice-governador Otaviano Pivetta (Republicanos) assumirá o governo de Mato Grosso nesta terça-feira (31/3) durante evento solene na Assembleia Legislativa, às 14h30.","86bba87407b5576e53ea245b6903330e.bin","ok","exato"
"curada_governos","eventos_governos_fonte_oficial.csv","M2022_PA_3_15_140001651993",1,"https://www.alepa.pa.gov.br/Comunicacao/Noticia/11627/mensagem-de-renuncia-de-helder-e-entregue-ao-legislativo-e-marca-transicao-no-governo-do-para","O agora ex-governador Helder Barbalho (MDB) formalizou a renúncia ao cargo de chefe do Executivo estadual ao assinar e encaminhar a mensagem oficial ao Poder Legislativo durante cerimônia realizada nesta quinta-feira, 2 de abril","461c8ce7a9e90c01a70fc6d845f508fa.bin","ok","exato"
"curada_governos","eventos_governos_fonte_oficial.csv","M2022_PA_3_15_140001651993",2,"https://correiodecarajas.com.br/hana-ghassan-toma-posse-como-nova-governadora-do-estado-do-para/","Ela recebeu o cargo das mãos de Helder Barbalho, que renunciou ao mandato para cumprir o prazo de desincompatibilização exigido pela Justiça Eleitoral, já que disputará uma vaga no Senado Federal nas eleições de outubro.","fb9510eeadb1d7b3a915269eb0e66ae2.bin","ok","exato"
"curada_governos","eventos_governos_fonte_oficial.csv","M2018_PA_4_15_140000621336",1,"https://www.alepa.pa.gov.br/Comunicacao/Noticia/6594/deputados-aprovam-projetos-de-lei-e-fazem-arguicao-de-lucio-vale","Lúcio Vale (PL), que deixará o cargo para assumir a vaga de Conselheiro no Tribunal de Contas do Município (TCM-PA)","00b78dd4a95e360d35e0bbe34d6d862c.bin","ok","exato"
"curada_governos","eventos_governos_fonte_oficial.csv","M2018_PA_4_15_140000621336",2,"https://www.oliberal.com/politica/vice-governador-lucio-vale-e-aprovado-por-deputados-para-assumir-cargo-no-tcm-1.377385","Com a saída de Lúcio Vale do Executivo, o cargo de vice-governador ficará vago até o fim da atual administração.","b6a9c08c55dc25dc7d5566a7fa05db0c.bin","ok","exato"
"curada_governos","eventos_governos_fonte_oficial.csv","M2022_PA_4_15_140001651992",1,"https://www.alepa.pa.gov.br/Comunicacao/Noticia/11627/mensagem-de-renuncia-de-helder-e-entregue-ao-legislativo-e-marca-transicao-no-governo-do-para","marcou o cumprimento do rito institucional necessário para a transmissão de cargo e a posse da nova governadora, Hana Ghassan (MDB).","461c8ce7a9e90c01a70fc6d845f508fa.bin","ok","exato"
"curada_governos","eventos_governos_fonte_oficial.csv","M2022_PA_4_15_140001651992",2,"https://correiodecarajas.com.br/hana-ghassan-toma-posse-como-nova-governadora-do-estado-do-para/","Em uma solenidade concorrida realizada na tarde desta quinta-feira (2) no Hangar – Centro de Convenções e Feiras da Amazônia, em Belém, Hana Ghassan Tuma (MDB) assumiu o comando do Poder Executivo Estadual.","fb9510eeadb1d7b3a915269eb0e66ae2.bin","ok","exato"
"curada_governos","eventos_governos_fonte_oficial.csv","M1998_PB_3_15_150001503000151",1,"https://jornaldaparaiba.com.br/politica/governadores-paraiba-segundo-mandato-ze-maranhao","José Maranhão deixou o governo antes do fim do mandato. Em 6 de abril de 2002, renunciou ao cargo para disputar uma vaga no Senado Federal. O vice-governador Roberto Paulino assumiu o comando do estado.","0c9e98a73f6c7005c78d9536ab68f791.bin","ok","exato"
"curada_governos","eventos_governos_fonte_oficial.csv","M1998_PB_3_15_150001503000151",2,"https://www18.fgv.br/cpdoc/acervo/dicionarios/verbete-biografico/jose-targino-maranhao","Em 2002, Maranhão renunciou ao governo estadual para disputar uma vaga de senador, deixando seu vice, Roberto Paulino, à frente do Executivo paraibano.","f67b69b3d9854db2c87da21edc85d122.bin","ok","exato"
"curada_governos","eventos_governos_fonte_oficial.csv","M2006_PB_3_45_10055",1,"https://www.conjur.com.br/2009-fev-17/tse-confirma-cassacao-cunha-lima-governardor-paraiba/","O Tribunal Superior Eleitoral confirmou, nesta terça-feira (17/2), a cassação do governador da Paraíba, Cássio Cunha Lima (PSDB), e de seu vice José Lacerda Neto (DEM). Os dirigentes paraibanos devem deixar o cargo imediatamente","09fd20bc14bfb4e4b28761d530a0cb96.bin","ok","exato"
"curada_governos","eventos_governos_fonte_oficial.csv","M2006_PB_3_45_10055",2,"https://www18.fgv.br/cpdoc/acervo/dicionarios/verbete-biografico/cassio-rodrigues-da-cunha-lima","Todavia, em 17 de fevereiro de 2009 o TSE acabou cassando Cássio Cunha Lima e determinando que José Maranhão assumisse o Executivo paraibano.","fa4961304c11a44b2bc52cafa169c1d7.bin","ok","exato"
"curada_governos","eventos_governos_fonte_oficial.csv","M2022_PB_3_40_150001613757",1,"https://web.archive.org/web/20260519012625/https://ouvidoria.pb.gov.br/noticias/lucas-ribeiro-assume-governo-da-pb","O advogado Lucas Ribeiro, que ocupava o posto de vice-governador do estado, foi conduzido ao posto máximo do Executivo estadual após a renúncia do ex-governador João Azevêdo em decorrência do período de descompatibilização do calendário eleitoral","85dc52efb372b8c1db255f862890e896.bin","ok","exato"
"curada_governos","eventos_governos_fonte_oficial.csv","M2022_PB_3_40_150001613757",2,"https://jornaldaparaiba.com.br/politica/joao-azevedo-renuncia-para-disputar-eleicoes-2026-e-lucas-ribeiro-assume-o-governo-da-pb","O governador João Azevêdo (PSB) renunciou oficialmente ao cargo de governador da Paraíba, nesta quinta-feira (2), para concorrer ao cargo de senador nas eleições deste ano. Com a renúncia, o vice-governador Lucas Ribeiro (PP) assume o cargo","313a297dfd82b69a4907a150da6c39a7.bin","ok","nenhum"
"curada_governos","eventos_governos_fonte_oficial.csv","M1998_PB_4_151_150001504001511",1,"https://jornaldaparaiba.com.br/politica/governadores-paraiba-segundo-mandato-ze-maranhao","Em 6 de abril de 2002, renunciou ao cargo para disputar uma vaga no Senado Federal. O vice-governador Roberto Paulino assumiu o comando do estado.","0c9e98a73f6c7005c78d9536ab68f791.bin","ok","exato"
"curada_governos","eventos_governos_fonte_oficial.csv","M1998_PB_4_151_150001504001511",2,"https://www18.fgv.br/cpdoc/acervo/dicionarios/verbete-biografico/jose-targino-maranhao","Em 2002, Maranhão renunciou ao governo estadual para disputar uma vaga de senador, deixando seu vice, Roberto Paulino, à frente do Executivo paraibano.","f67b69b3d9854db2c87da21edc85d122.bin","ok","exato"
"curada_governos","eventos_governos_fonte_oficial.csv","M2006_PB_4_45_10056",1,"https://noticias.stf.jus.br/postsnoticias/arquivada-acao-do-psdb-em-favor-de-cassio-cunha-lima/","No dia 20 de novembro, o TSE cassou o mandato de Cunha Lima e de seu vice, José Lacerda Neto (DEM), por abuso de poder econômico e político e pela prática de conduta vedada a agente público nas eleições de 2006.","8e186d730a5530c1f46975ec0e189d15.bin","ok","exato"
"curada_governos","eventos_governos_fonte_oficial.csv","M2006_PB_4_45_10056",2,"https://www.conjur.com.br/2009-fev-17/tse-confirma-cassacao-cunha-lima-governardor-paraiba/","O Tribunal Superior Eleitoral confirmou, nesta terça-feira (17/2), a cassação do governador da Paraíba, Cássio Cunha Lima (PSDB), e de seu vice José Lacerda Neto (DEM). Os dirigentes paraibanos devem deixar o cargo imediatamente","09fd20bc14bfb4e4b28761d530a0cb96.bin","ok","exato"
"curada_governos","eventos_governos_fonte_oficial.csv","M2002_PE_3_15_243",1,"https://www25.senado.leg.br/web/atividade/pronunciamentos/-/p/pronunciamento/361583","eu desejo registrar a posse à frente do Governo do Estado de Pernambuco do Vice-Governador Mendonça Filho, em solenidade que transcorreu no dia 31 de março passado, na Assembléia Legislativa do Estado.","250746506ed428ce2146e35bb14c9b5a.bin","ok","exato"
"curada_governos","eventos_governos_fonte_oficial.csv","M2002_PE_3_15_243",2,"https://www1.folha.uol.com.br/fsp/brasil/fc2803200632.htm","O governador de Pernambuco, Jarbas Vasconcelos (PMDB), anunciou ontem que vai se desincompatibilizar do cargo na próxima sexta-feira para disputar uma vaga no Senado.","c52eab1f9ff9f79067e4d6476fe37d7e.htm","ok","exato"
"curada_governos","eventos_governos_fonte_oficial.csv","M2010_PE_3_40_170000000001",1,"https://www.alepe.pe.gov.br/Flip/pubs/diario-oficial-05042014/Flip.pdf","Recife, sábado, 5 de abril de 2014 Poder Legislativo Assembleia empossa João Lyra Neto como governador do Estado Novo chefe do Executivo assumiu cargo na sexta-feira, após renúncia de Eduardo Campos","f2d1cd6158b1616acfdc59af1f8ad0c2.pdf","ok","nenhum"
"curada_governos","eventos_governos_fonte_oficial.csv","M2010_PE_3_40_170000000001",2,"https://psb40.org.br/joao-lyra-neto-assume-o-governo-de-pernambuco/","O relógio marcava 16h quando João Lyra Neto assinou o termo de posse na Assembleia Legislativa de Pernambuco (Alepe), em decorrência da renúncia do ex-governador Eduardo Campos.","dd259802fca719a6fddef3052898cecc.bin","ok","exato"
"curada_governos","eventos_governos_fonte_oficial.csv","M2002_PE_4_15_923",1,"https://www25.senado.leg.br/web/atividade/pronunciamentos/-/p/pronunciamento/361583","eu desejo registrar a posse à frente do Governo do Estado de Pernambuco do Vice-Governador Mendonça Filho, em solenidade que transcorreu no dia 31 de março passado, na Assembléia Legislativa do Estado.","250746506ed428ce2146e35bb14c9b5a.bin","ok","exato"
"curada_governos","eventos_governos_fonte_oficial.csv","M2002_PE_4_15_923",2,"https://www.camara.leg.br/deputados/74428/biografia","Vice-Governador(a), PE, Partido: PFL, Período: 2003 a 2006; Governador(a), PE, Partido: PFL, Período: 2006 a 2006.","343254c39e121274631936b1e5b7672b.bin","ok","exato"
"curada_governos","eventos_governos_fonte_oficial.csv","M2010_PE_4_40_170000000002",1,"https://www.alepe.pe.gov.br/Flip/pubs/diario-oficial-05042014/Flip.pdf","Recife, sábado, 5 de abril de 2014 Poder Legislativo Assembleia empossa João Lyra Neto como governador do Estado Novo chefe do Executivo assumiu cargo na sexta-feira, após renúncia de Eduardo Campos","f2d1cd6158b1616acfdc59af1f8ad0c2.pdf","ok","nenhum"
"curada_governos","eventos_governos_fonte_oficial.csv","M2010_PE_4_40_170000000002",2,"https://psb40.org.br/joao-lyra-neto-assume-o-governo-de-pernambuco/","O povo pernambucano, na tarde desta sexta-feira (04/04), se despediu do ex-governador Eduardo Campos e celebrou a chegada do recém-empossado chefe do Executivo estadual, João Lyra Neto.","dd259802fca719a6fddef3052898cecc.bin","ok","exato"
"curada_governos","eventos_governos_fonte_oficial.csv","M1998_PI_3_15_180001803000151",1,"https://www18.fgv.br/cpdoc/acervo/dicionarios/verbete-biografico/hugo-napoleao-do-rego-neto","Com a cassação do mandato de governador de Mão Santa em 2001 e a decisão TSE de empossar no cargo o segundo colocado no segundo turno, Hugo Napoleão renunciou ao mandato de senador e foi empossado no governo do Piauí","0e663e35cb33265dd0be297afe69238e.bin","ok","exato"
"curada_governos","eventos_governos_fonte_oficial.csv","M1998_PI_3_15_180001803000151",2,"https://pt.wikipedia.org/wiki/M%C3%A3o_Santa","Após julgamento de 7 votos a zero Tribunal Superior Eleitoral cassou seu mandato em 6 de novembro de 2001","6cf227dd171547e4d6b4ec694694b1fd.bin","ok","exato"
"curada_governos","eventos_governos_fonte_oficial.csv","M2006_PI_3_13_10075",1,"https://web.archive.org/web/2010id_/http://www.cidadeverde.com:80/veja-com-exclusividade-carta-de-renuncia-do-governador-wellington-dias-55799","01/04/10, 09:58 Veja com exclusividade carta de renúncia do governador Wellington Dias Wellington Dias entrega o cargo a Wilson Martins em solenidade no Palácio de Karnak, após a posse na Alepi.","0aae217bd3729efeabab8ca9f56312f1.bin","ok","exato"
"curada_governos","eventos_governos_fonte_oficial.csv","M2006_PI_3_13_10075",2,"https://web.archive.org/web/2010id_/http://www.tvcanal13.com.br:80/noticias/emocionados-wdias-renuncia-e-wilson-martins-assume-governo-do-piaui-97865.asp","Na manhã desta quinta-feira (01) aconteceu sessão ordinária na Assembléia Legislativa do Piauí onde Wellington Dias renunciou oficialmente o cargo de governador.","9526115e48f8bf86618cbf5421adc559.asp","ok","exato"
"curada_governos","eventos_governos_fonte_oficial.csv","M2010_PI_3_40_180000000334",1,"http://g1.globo.com/pi/piaui/noticia/2014/04/jose-filho-pmdb-e-empossado-como-novo-governador-do-piaui.html","O vice-governador José Filho (PMDB) assumiu nesta sexta-feira (4) o cargo de chefe do executivo estadual. A posse aconteceu na Assembleia Legislativa após a entrega da carta de renúncia enviada pelo ex-governador Wilson Martins (PSB)","e412a497f0a019defcf1d17ac427634d.html","ok","exato"
"curada_governos","eventos_governos_fonte_oficial.csv","M2010_PI_3_40_180000000334",2,"https://web.archive.org/web/2014id_/http://www.meionorte.com:80/efremribeiro/jose-filho-assume-governo-e-reune-secretariado-na-2-feira-para-tracar-metas-291693.html","O vice-governador Antônio José de Moraes Souza Filho tomou posse nesta sexta-feira, em solenidade na Assembleia Legislativa, e recebeu o cargo de governador no Palácio do Karnak, transmitido por Wilson Martins.","30f2685b3ab77e91997a3925e790f26e.html","ok","exato"
"curada_governos","eventos_governos_fonte_oficial.csv","M2018_PI_3_13_180000614002",1,"https://www.al.pi.leg.br/comunicacao/noticias/wellington-dias-entrega-renuncia-do-cargo-de-governador-a-assembleia","O governador do Piauí, Wellington Dias, apresentou, nesta quinta-feira (31), à Mesa Diretora da Assembleia Legislativa (Alepi), o pedido renúncia do cargo.","c97daddca09c8ab2ae6f5c6f1941c4f5.bin","ok","exato"
"curada_governos","eventos_governos_fonte_oficial.csv","M2018_PI_3_13_180000614002",2,"https://g1.globo.com/pi/piaui/noticia/2022/03/31/quem-e-regina-sousa-pt-a-primeira-mulher-governadora-efetiva-do-piaui-que-assume-nesta-quinta-31.ghtml","O atual governador Wellington Dias (PT) deixa o cargo após dois mandatos consecutivos e deve concorrer ao Senado nas eleições de 2022.","7e577fbf02251e3da2d499376be19f23.ghtml","ok","exato"
"curada_governos","eventos_governos_fonte_oficial.csv","M2006_PI_4_13_10090",1,"https://web.archive.org/web/2010id_/http://www.meionorte.com:80/efremribeiro,wilson-martins-toma-posse-e-convida-emilio-junior-para-secretaria-de-fazenda,120672.html","01/04/2010 - 11h:48 O vice-governador Wilson Martins (PSB) tomou posse na manhã desta quinta-feira na Assembléia Legislativa.","06f32346e916c6acea65fde8f6944eef.html","ok","nenhum"
"curada_governos","eventos_governos_fonte_oficial.csv","M2006_PI_4_13_10090",2,"https://web.archive.org/web/2010id_/http://www.tvcanal13.com.br:80/noticias/emocionados-wdias-renuncia-e-wilson-martins-assume-governo-do-piaui-97865.asp","Wilson Martins foi empossado como novo Governador do Piauí pelo deputado Themístocles Filho, e em seguida recebeu um abraço do ex-governador Wellington Dias.","9526115e48f8bf86618cbf5421adc559.asp","ok","exato"
"curada_governos","eventos_governos_fonte_oficial.csv","M2010_PI_4_40_180000000335",1,"http://g1.globo.com/pi/piaui/noticia/2014/04/jose-filho-pmdb-e-empossado-como-novo-governador-do-piaui.html","O vice-governador José Filho (PMDB) assumiu nesta sexta-feira (4) o cargo de chefe do executivo estadual. A posse aconteceu na Assembleia Legislativa após a entrega da carta de renúncia enviada pelo ex-governador Wilson Martins (PSB)","e412a497f0a019defcf1d17ac427634d.html","ok","exato"
"curada_governos","eventos_governos_fonte_oficial.csv","M2010_PI_4_40_180000000335",2,"https://web.archive.org/web/2014id_/http://www.meionorte.com:80/efremribeiro/jose-filho-assume-governo-e-reune-secretariado-na-2-feira-para-tracar-metas-291693.html","O vice-governador Antônio José de Moraes Souza Filho tomou posse nesta sexta-feira, em solenidade na Assembleia Legislativa, e recebeu o cargo de governador no Palácio do Karnak, transmitido por Wilson Martins.","30f2685b3ab77e91997a3925e790f26e.html","ok","exato"
"curada_governos","eventos_governos_fonte_oficial.csv","M2018_PI_4_13_180000614003",1,"https://www.al.pi.leg.br/comunicacao/noticias/assembleia-legislativa-da-posse-a-regina-sousa-como-governadora-do-piaui","A vice-governadora Regina Sousa (PT) tomou posse na Assembleia Legislativa, na manhã desta quinta-feira, como a primeira governadora do Piauí. A posse aconteceu logo após a leitura da renúncia do governador Wellington Dias","e463e7f4b62901883eaca7b807c3d550.bin","ok","exato"
"curada_governos","eventos_governos_fonte_oficial.csv","M2018_PI_4_13_180000614003",2,"https://g1.globo.com/pi/piaui/noticia/2022/03/31/quem-e-regina-sousa-pt-a-primeira-mulher-governadora-efetiva-do-piaui-que-assume-nesta-quinta-31.ghtml","Maria Regina Sousa, 71 anos, assume nesta quinta-feira (31) o governo do Piauí e se torna a primeira mulher a assumir o cargo efetivamente.","7e577fbf02251e3da2d499376be19f23.ghtml","ok","exato"
"curada_governos","eventos_governos_fonte_oficial.csv","M1998_PR_3_25_160001603000251",1,"https://www.casacivil.pr.gov.br/Pagina/Jaime-Lerner","Eleito governador do Estado do Paraná em 1994 e reeleito em 1998","e16e5f20dba5be43c1909a6eca481ea4.bin","ok","exato"
"curada_governos","eventos_governos_fonte_oficial.csv","M2002_PR_3_15_152",1,"https://www.casacivil.pr.gov.br/Pagina/Governantes-no-Periodo-Republicano","141 - ROBERTO REQUIÃO DE MELLO E SILVA Nascido em Curitiba (PR) - 05.03.1941 Governador (Ver nº 135 e 143) 01.01.2003 a 31.12.2006","fb9bbd8207ed9f84f7ec825d1be0c423.bin","ok","exato"
"curada_governos","eventos_governos_fonte_oficial.csv","M2002_PR_3_15_152",2,"https://www.gazetadopovo.com.br/vida-e-cidadania/pedro-ivo-preside-sua-ultima-sessao-como-presidente-e-faz-balanco-do-periodo-a99dnrz3rgnyblu3pyzs2qs7i/","Mesmo com o retorno do governador Roberto Requião , e do vice Orlando Pessuti, aos cargos nesta terça-feira (7) - e a conseqüente saída de Hermas Brandão do cargo interino de chefe do executivo no mesmo dia","a62ed4ec4d1e9e309fb422c340559c24.bin","ok","nenhum"
"curada_governos","eventos_governos_fonte_oficial.csv","M2006_PR_3_15_10135",1,"https://www.casacivil.pr.gov.br/Pagina/Orlando-Pessuti","Em 2010, no dia 01.04.2010, assumiu definitivamente o Governo do Estado do Paraná, em função da renúncia do governador Roberto Requião.","c69be5aa8de3dfca5a55da13fdf2ccd8.bin","ok","exato"
"curada_governos","eventos_governos_fonte_oficial.csv","M2006_PR_3_15_10135",2,"https://www.gazetadopovo.com.br/vida-publica/carta-de-renuncia-de-requiao-e-lida-na-assembleia-0awpdi52ih6eqroczz79iht1q/","Na carta, o governador afirma que se afasta do cargo a partir do dia 1º de abril em cumprimento de determinação constitucional.","4669700bcfa0e14a16a97750853437eb.bin","ok","exato"
"curada_governos","eventos_governos_fonte_oficial.csv","M2014_PR_3_45_160000000558",1,"https://www.casacivil.pr.gov.br/Pagina/Maria-Aparecida-Borghetti","Nas eleições de 2014, foi candidata a vice-governadora na chapa de reeleição do governador Beto Richa, ambos sendo eleitos. Com a renúncia do titular, tornou-se governadora em 6 de abril de 2018.","476950f498ce0e7f1ba172273a6acbc5.bin","ok","exato"
"curada_governos","eventos_governos_fonte_oficial.csv","M2014_PR_3_45_160000000558",2,"https://www.gazetadopovo.com.br/politica/parana/eleicoes-2018/quem-e-cida-borghetti-a-sucessora-de-richa-no-governo-do-parana-28ertc7nagnx25z271coerhdb/","Desde as 11 horas de sexta-feira (6) , o Paraná é governado por uma mulher pela primeira vez na história de forma definitiva. Cida Borghetti (PP), de 53 anos, assumiu o posto no lugar de Beto Richa (PSDB), que renunciou ao mandato","42ebe8390f47a11b31a8ec3aee644abb.bin","ok","nenhum"
"curada_governos","eventos_governos_fonte_oficial.csv","M1998_PR_4_141_160001604001411",1,"https://www.casacivil.pr.gov.br/Pagina/Governantes-no-Periodo-Republicano","140 - EMILIA DE SALLES BELINATI Nascida em Londrina (PR) - 29.05.1945 Vice-Governadora (Ver nº 138) 01.01.1999 a 01.01.2003","fb9bbd8207ed9f84f7ec825d1be0c423.bin","ok","exato"
"curada_governos","eventos_governos_fonte_oficial.csv","M1998_PR_4_141_160001604001411",2,"https://basearch.coc.fiocruz.br/index.php/emilia-belinati","Vice-governadora do Paraná, 1995-2002","976845e7a87cd54ac266759a961364f0.bin","ok","exato"
"curada_governos","eventos_governos_fonte_oficial.csv","M2006_PR_4_15_11123",1,"https://www.casacivil.pr.gov.br/Pagina/Orlando-Pessuti","Em 2010, no dia 01.04.2010, assumiu definitivamente o Governo do Estado do Paraná, em função da renúncia do governador Roberto Requião.","c69be5aa8de3dfca5a55da13fdf2ccd8.bin","ok","exato"
"curada_governos","eventos_governos_fonte_oficial.csv","M2006_PR_4_15_11123",2,"https://www.gazetadopovo.com.br/vida-publica/carta-de-renuncia-de-requiao-e-lida-na-assembleia-0awpdi52ih6eqroczz79iht1q/","Requião deixa o governo para disputar uma vaga ao Senado. Orlando Pessuti (PMDB) assume na próxima quinta-feira (1º).","4669700bcfa0e14a16a97750853437eb.bin","ok","exato"
"curada_governos","eventos_governos_fonte_oficial.csv","M2014_PR_4_45_160000000559",1,"https://www.casacivil.pr.gov.br/Pagina/Maria-Aparecida-Borghetti","Com a renúncia do titular, tornou-se governadora em 6 de abril de 2018.","476950f498ce0e7f1ba172273a6acbc5.bin","ok","exato"
"curada_governos","eventos_governos_fonte_oficial.csv","M2014_PR_4_45_160000000559",2,"https://www.gazetadopovo.com.br/politica/parana/eleicoes-2018/quem-e-cida-borghetti-a-sucessora-de-richa-no-governo-do-parana-28ertc7nagnx25z271coerhdb/","Desde as 11 horas de sexta-feira (6) , o Paraná é governado por uma mulher pela primeira vez na história de forma definitiva. Cida Borghetti (PP), de 53 anos, assumiu o posto no lugar de Beto Richa (PSDB)","42ebe8390f47a11b31a8ec3aee644abb.bin","ok","nenhum"
"curada_governos","eventos_governos_fonte_oficial.csv","M1998_RJ_3_12_190001903000121",1,"https://www18.fgv.br/cpdoc/acervo/dicionarios/verbete-biografico/benedita-sousa-da-silva","Em 5 de abril de 2002, Benedita assumiu o governo do estado, em substituição a Garotinho que, recém desligado do PDT, renunciou ao cargo para concorrer à presidência da República na legenda do Partido Socialista Brasileiro (PSB).","6f71807877a4f5370eaceb0b509d3b55.bin","ok","exato"
"curada_governos","eventos_governos_fonte_oficial.csv","M1998_RJ_3_12_190001903000121",2,"http://www1.folha.uol.com.br/fsp/brasil/fc0604200211.htm","O Palácio Guanabara, sede do governo do Rio, foi transformado ontem em palco para comício de campanha de Anthony Garotinho (PSB), que renunciou ao governo do Estado no início da noite para concorrer à Presidência.","b8807fdb89262e989c466388f231e984.htm","ok","exato"
"curada_governos","eventos_governos_fonte_oficial.csv","M2010_RJ_3_15_190000000130",1,"http://g1.globo.com/rio-de-janeiro/noticia/2014/04/sergio-cabral-renuncia-atraves-de-carta-lida-em-solenidade-no-rio.html","Sérgio Cabral renunciou na tarde desta quinta-feira (3) ao cargo de governador do Rio de Janeiro, após cumprir dois mandatos. A renúncia foi escrita em uma carta, lida pelo presidente da Assembleia Legislativa do Rio de Janeiro (Alerj)","be518ef67941362cb7cf113b2bd2c22f.html","ok","exato"
"curada_governos","eventos_governos_fonte_oficial.csv","M2010_RJ_3_15_190000000130",2,"http://www1.folha.uol.com.br/poder/2014/04/1435752-novo-governador-do-rio-toma-posse-na-assembleia-legislativa.shtml","Pezão defendeu com veemência seu antecessor Sérgio Cabral (PMDB), que apresentou ontem sua carta de renúncia .","d55bd8eb765feee0fd0025791daf704c.shtml","ok","nenhum"
"curada_governos","eventos_governos_fonte_oficial.csv","M2018_RJ_3_20_190000612301",1,"https://www.alerj.rj.gov.br/Visualizar/Noticia/50487","Por unanimidade, o Tribunal Especial Misto (TEM) decidiu pelo impeachment do governador Wilson Witzel, nesta sexta-feira (30/04).","1183771f8226785d37e1604eb60099fe.bin","ok","exato"
"curada_governos","eventos_governos_fonte_oficial.csv","M2018_RJ_3_20_190000612301",2,"https://g1.globo.com/rj/rio-de-janeiro/noticia/2021/04/30/tribunal-especial-abre-a-sessao-para-decidir-impeachment-de-witzel-1.ghtml","O Tribunal Especial Misto votou de forma unânime na tarde desta sexta-feira (30) pelo impeachment de Wilson Witzel , que perde definitivamente o do cargo de governador do Rio de Janeiro .","cce4d3afff360cde4ae7e2e8198f591a.ghtml","ok","nenhum"
"curada_governos","eventos_governos_fonte_oficial.csv","M2022_RJ_3_22_190001615753",1,"https://g1.globo.com/rj/rio-de-janeiro/noticia/2026/03/23/apos-renuncia-de-castro-presidente-do-tjrj-assume-o-governo-e-tem-48h-para-convocar-eleicao-indireta-entenda.ghtml","Com a renúncia do governador Cláudio Castro (PL) , feita na noite desta segunda-feira (23), o governador em exercício terá até 48 horas para convocar uma eleição indireta que definirá o novo chefe do Palácio Guanabara.","a5f37c24546234d8075e1d3040880faa.ghtml","ok","nenhum"
"curada_governos","eventos_governos_fonte_oficial.csv","M2022_RJ_3_22_190001615753",2,"https://www1.folha.uol.com.br/poder/2026/03/claudio-castro-renuncia-ao-governo-do-rj-saio-com-a-cabeca-erguida.shtml","O governador do Rio de Janeiro , Cláudio Castro ( PL ), afirmou nesta segunda-feira (23) que sai com a """"cabeça erguida"""" do comando do Palácio Guanabara. Castro sai do cargo para se candidatar ao Senado em outubro.","e2dad387675e3ae1f8f965c3b9fe934a.shtml","ok","nenhum"
"curada_governos","eventos_governos_fonte_oficial.csv","M1998_RJ_4_131_190001904001311",1,"https://www18.fgv.br/cpdoc/acervo/dicionarios/verbete-biografico/benedita-sousa-da-silva","Em 5 de abril de 2002, Benedita assumiu o governo do estado, em substituição a Garotinho que, recém desligado do PDT, renunciou ao cargo para concorrer à presidência da República na legenda do Partido Socialista Brasileiro (PSB).","6f71807877a4f5370eaceb0b509d3b55.bin","ok","exato"
"curada_governos","eventos_governos_fonte_oficial.csv","M1998_RJ_4_131_190001904001311",2,"http://www1.folha.uol.com.br/folha/brasil/ult96u31047.shtml","Ao assumir ontem o governo do Rio, a petista Benedita da Silva, 60, disse que estava pegando """"um trem em movimento""""","ae19b8317a5667a19cb4354613493979.shtml","ok","nenhum"
"curada_governos","eventos_governos_fonte_oficial.csv","M2010_RJ_4_15_190000000131",1,"http://www1.folha.uol.com.br/poder/2014/04/1435752-novo-governador-do-rio-toma-posse-na-assembleia-legislativa.shtml","O peemedebista Luiz Fernando Pezão tomou posse oficialmente como governador do Rio na manhã desta sexta-feira (4) no Palácio Tiradentes, sede da Assembleia Legislativa do Estado.","d55bd8eb765feee0fd0025791daf704c.shtml","ok","exato"
"curada_governos","eventos_governos_fonte_oficial.csv","M2010_RJ_4_15_190000000131",2,"http://g1.globo.com/rio-de-janeiro/noticia/2014/04/sergio-cabral-renuncia-atraves-de-carta-lida-em-solenidade-no-rio.html","O cargo está em vacância até sexta-feira (4), quando Luiz Fernando Pezão deixa de ser governador em exercício e toma posse do cargo em definitivo.","be518ef67941362cb7cf113b2bd2c22f.html","ok","exato"
"curada_governos","eventos_governos_fonte_oficial.csv","M2018_RJ_4_20_190000612303",1,"https://www.alerj.rj.gov.br/Visualizar/Noticia/50489","A Assembleia Legislativa do Rio de Janeiro (Alerj) deu posse, neste sábado (01/05), ao governador Cláudio Castro, para exercer o mandato até dezembro de 2022.","928a840043460f04ab3e247a09cbf9db.bin","ok","exato"
"curada_governos","eventos_governos_fonte_oficial.csv","M2018_RJ_4_20_190000612303",2,"https://www1.folha.uol.com.br/poder/2021/05/claudio-castro-toma-posse-como-governador-do-rio-apos-impeachment-de-witzel.shtml","Após o impeachment de Wilson Witzel (PSC) , Cláudio Castro (PSC), aliado do presidente Jair Bolsonaro, assumiu em definitivo o Governo do Rio na manhã deste sábado (1º). A cerimônia de posse ocorreu na Alerj","502fd2ebb7eb47297d390a331b863592.shtml","ok","nenhum"
"curada_governos","eventos_governos_fonte_oficial.csv","M2022_RJ_4_22_190001738844",1,"https://www.alerj.rj.gov.br/Visualizar/Noticia/76016","Logo após o fim da votação que aprovou seu nome ao TCE, Pampolha encaminhou comunicado oficializando sua renúncia ao cargo de vice-governador, que foi lido ainda em plenário pelo presidente da Alerj.","19f893e339a70f68710738f94578deb8.bin","ok","exato"
"curada_governos","eventos_governos_fonte_oficial.csv","M2022_RJ_4_22_190001738844",2,"https://g1.globo.com/rj/rio-de-janeiro/noticia/2025/05/21/alerj-nomeacao-thiago-pampolha-conselheiro-do-tce.ghtml","Logo em seguida à eleição na Alerj , Pampolha apresentou sua renúncia ao cargo de vice-governador, e deve tomar posse no TCE nas próximas horas .","42cfb0897d60e1dd3467cdaa8207ba77.ghtml","ok","nenhum"
"curada_governos","eventos_governos_fonte_oficial.csv","M1998_RN_3_15_200002003000151",1,"https://web.archive.org/web/20021201114319id_/http://www.tribunadonorte.com.br:80/anteriores/020405/politica/poli1.html","foi quem entregou à mesa diretora da Assembléia Legislativa, ontem à tarde, o ofício 089/2002, em que o governador Garibaldi Filho comunicava sua renúncia ao cargo.","92a1de83f89a7cdcc6fbcf297f6a596f.html","ok","exato"
"curada_governos","eventos_governos_fonte_oficial.csv","M1998_RN_3_15_200002003000151",2,"https://www18.fgv.br/cpdoc/acervo/dicionarios/verbete-biografico/fernando-antonio-da-camara-freire","o então governador Garibaldi Alves Filho afastou-se de suas funções para dedicar-se a sua candidatura ao Senado Federal. Por este motivo, em 5 de abril de 2002, Fernando Freire assumiu interinamente o governo do estado.","09d8745718c33c59f850e3d78c4cdacd.bin","ok","exato"
"curada_governos","eventos_governos_fonte_oficial.csv","M2006_RN_3_40_10006",1,"https://www.al.rn.leg.br/noticia/172/assembleia-realiza-posse-do-novo-governador-do-estado","Iberê vai assumir o governo em virtude da desincompatibilização da atual governadora, Wilma Maria de Faria. Durante a sessão, o primeiro secretário da Casa, deputado Ricardo Motta deve ler o ofício de renúncia da governadora","3a67f7dc4c7f60994f1439cf407b1e04.bin","ok","exato"
"curada_governos","eventos_governos_fonte_oficial.csv","M2006_RN_3_40_10006",2,"https://web.archive.org/web/2010id_/http://g1.globo.com:80/Noticias/Politica/0,,MUL1554234-5601,00-DE+OLHO+NO+SENADO+NOVE+GOVERNADORES+RENUNCIAM+AOS+CARGOS.html","Wilma de Faria (PSB) renunciou ao governo do Rio Grande do Norte na quarta e transmitiu o cargo ao vice, Iberê de Souza (PSB).","5ff625dea797944a540404d992ae145f.html","ok","exato"
"curada_governos","eventos_governos_fonte_oficial.csv","M1998_RN_4_111_200002004001111",1,"https://web.archive.org/web/20020502174525id_/http://www.tribunadonorte.com.br:80/anteriores/020406/politica/poli1.html","Fernando Freire recebe o cargo de Garibaldi Filho: uma transição sem interrupções 06/04/02 """"Multiplicar o tempo por três, esticar o dia de trabalho para 72 horas"""", é o mote que o governador Fernando Freire, empossado ontem no cargo","545f9215c14222e3a243798c053d5d29.html","ok","nenhum"
"curada_governos","eventos_governos_fonte_oficial.csv","M1998_RN_4_111_200002004001111",2,"https://www18.fgv.br/cpdoc/acervo/dicionarios/verbete-biografico/fernando-antonio-da-camara-freire","Por este motivo, em 5 de abril de 2002, Fernando Freire assumiu interinamente o governo do estado.","09d8745718c33c59f850e3d78c4cdacd.bin","ok","exato"
"curada_governos","eventos_governos_fonte_oficial.csv","M2006_RN_4_40_10007",1,"https://www.al.rn.leg.br/noticia/171/assembleia-da-posse-a-ibere-ferreira-de-souza","Assembleia dá posse a Iberê Ferreira de Souza 31/03/2010 “Assumo, a partir deste momento, o honroso dever e a grande missão de governar o Rio Grande do Norte.","ff50c75b160d6f225d1068ce45b59c51.bin","ok","exato"
"curada_governos","eventos_governos_fonte_oficial.csv","M2006_RN_4_40_10007",2,"https://web.archive.org/web/2010id_/http://g1.globo.com:80/Noticias/Politica/0,,MUL1554234-5601,00-DE+OLHO+NO+SENADO+NOVE+GOVERNADORES+RENUNCIAM+AOS+CARGOS.html","Wilma de Faria (PSB) renunciou ao governo do Rio Grande do Norte na quarta e transmitiu o cargo ao vice, Iberê de Souza (PSB).","5ff625dea797944a540404d992ae145f.html","ok","exato"
"curada_governos","eventos_governos_fonte_oficial.csv","M2006_RO_3_23_10404",1,"https://tcero.tc.br/2010/04/05/presidente-do-tce-destaca-obras-durante-renuncia-de-cassol-e-posse-de-cahulla/","O ato, ocorrido na última quarta-feira (31), em sessão solene da Assembleia Legislativa, presidida pelo deputado Neodi Carlos","cbed479e1e05b57b6cda0a5e7b738bd1.bin","ok","exato"
"curada_governos","eventos_governos_fonte_oficial.csv","M2006_RO_3_23_10404",2,"https://www.rondoniagora.com/geral/rondonia-completa-39-anos-de-instalacao-relembre-fatos-historicos","Ivo Cassol (PPS), catarinense, entrou em 1º de janeiro de 2003 e saiu em 31 de março de 2010.","1bd01399751b91d31155bd1906e32446.bin","ok","exato"
"curada_governos","eventos_governos_fonte_oficial.csv","M2014_RO_3_15_220000000187",1,"https://rondonia.ro.gov.br/posse-e-transmissao-de-cargo-ao-governador-daniel-pereira/","Daniel Pereira tomou posse nessa sexta-feira, dia 6, na Assembleia Legislativa de Rondônia. Em seguida, o agora ex-governador Confúcio Moura transmitiu o cargo a ele.","2c47a855b491c079c5af60edf2774504.bin","ok","exato"
"curada_governos","eventos_governos_fonte_oficial.csv","M2014_RO_3_15_220000000187",2,"https://psb40.org.br/daniel-pereira-do-psb-assume-o-governo-de-rondonia/","Pereira assume o governo no lugar de Confúcio Moura, que renunciou ao mandato de governador para concorrer a uma vaga no Senado","5b591b5c54a9eb1a9c9ec294c5388048.bin","ok","exato"
"curada_governos","eventos_governos_fonte_oficial.csv","M2006_RO_4_23_10642",1,"https://tcero.tc.br/2010/04/05/presidente-do-tce-destaca-obras-durante-renuncia-de-cassol-e-posse-de-cahulla/","durante a renúncia do ex-governador e posse do novo chefe do Executivo rondoniense, João Cahulla. O ato, ocorrido na última quarta-feira (31), em sessão solene da Assembleia Legislativa","cbed479e1e05b57b6cda0a5e7b738bd1.bin","ok","exato"
"curada_governos","eventos_governos_fonte_oficial.csv","M2006_RO_4_23_10642",2,"https://www.rondoniagora.com/geral/rondonia-completa-39-anos-de-instalacao-relembre-fatos-historicos","Em 2006, João Cahulla foi eleito vice-governador, e em 31 de março de 2010, com a renúncia de Ivo Cassol, assumiu a vaga de governador.","1bd01399751b91d31155bd1906e32446.bin","ok","exato"
"curada_governos","eventos_governos_fonte_oficial.csv","M2014_RO_4_15_220000000188",1,"https://rondonia.ro.gov.br/posse-e-transmissao-de-cargo-ao-governador-daniel-pereira/","Daniel Pereira tomou posse nessa sexta-feira, dia 6, na Assembleia Legislativa de Rondônia. Em seguida, o agora ex-governador Confúcio Moura transmitiu o cargo a ele.","2c47a855b491c079c5af60edf2774504.bin","ok","exato"
"curada_governos","eventos_governos_fonte_oficial.csv","M2014_RO_4_15_220000000188",2,"https://psb40.org.br/daniel-pereira-do-psb-assume-o-governo-de-rondonia/","tomou posse como chefe do Executivo local em ato na Assembleia Legislativa, nesta sexta-feira (6), em Porto Velho.","5b591b5c54a9eb1a9c9ec294c5388048.bin","ok","exato"
"curada_governos","eventos_governos_fonte_oficial.csv","M1998_RR_3_11_230002303000111",1,"https://www12.senado.leg.br/noticias/materias/2002/05/10/mozarildo-destaca-atuacao-do-governo-neudo-campos","O senador registrou que Neudo Campos deixa o governo para concorrer a uma vaga ao Senado","9cacaf6787a6f8e51b0cb9ee22bb3ace.bin","ok","exato"
"curada_governos","eventos_governos_fonte_oficial.csv","M1998_RR_3_11_230002303000111",2,"https://www.imprensaoficial.rr.gov.br/app/_edicoes/2002/04/doe-20020416.pdf","Francisco Flamaríon Portela - Governador do Estado de Roraima",NA,"http_404","sem_arquivo"
"curada_governos","eventos_governos_fonte_oficial.csv","M2002_RR_3_17_388",1,"https://noticias.stf.jus.br/postsnoticias/supremo-mantem-flamarion-portela-afastado-do-cargo-de-governador-em-roraima/","Flamarion foi cassado pelo Tribunal Superior Eleitoral (TSE) em 9 de novembro deste ano, por abuso de poder econômico nas eleições de 2002.","c8e1cba3ea7b977418b16147cea9aff1.bin","ok","exato"
"curada_governos","eventos_governos_fonte_oficial.csv","M2002_RR_3_17_388",2,"https://www1.folha.uol.com.br/fsp/brasil/fc1111200415.htm","o TSE (Tribunal Superior Eleitoral) decidiu anteontem, em definitivo, cassar o mandato de Flamarion, considerado culpado por crimes eleitorais de abuso do poder econômico e político.","d9847337a7461abb92dfa7ec2a5d58ea.htm","ok","exato"
"curada_governos","eventos_governos_fonte_oficial.csv","M2006_RR_3_45_10100",1,"https://www.imprensaoficial.rr.gov.br/app/_edicoes/2007/12/doe-20071211.pdf","Declarar luto oficial em todo Estado de Roraima, por 7 (sete) dias, a contar de 11 de dezembro de 2007, em sinal de pesar pelo falecimento do Excelentíssimo Senhor Governador do Estado de Roraima OTTOMAR DE SOUSA PINTO.",NA,"http_404","sem_arquivo"
"curada_governos","eventos_governos_fonte_oficial.csv","M2006_RR_3_45_10100",2,"https://www.folhabv.com.br/colunas/desde-que-roraima-virou-estado-governo-e-prefeitura-nunca-se-uniram","Com o falecimento de Ottomar, em 11 de dezembro de 2007, assumiu o Governo o vice, José de Anchieta Júnior (2007–2014)","49df29654c1840e3913279f94baf28cf.bin","ok","exato"
"curada_governos","eventos_governos_fonte_oficial.csv","M2010_RR_3_45_230000000057",1,"https://g1.globo.com/rr/roraima/noticia/2014/04/chico-rodrigues-toma-posse-e-fala-em-mudancas-de-secretariado-em-rr.html","Após reconhecer a renúncia de José de Anchieta (PMDB), o presidente da Casa, deputado Chico Guerra (PROS), assumiu o cargo até Rodrigues ser declarado governador e empossado às 20h30.","3d7ccc63f3bfec2b2be0995c67a71609.html","ok","exato"
"curada_governos","eventos_governos_fonte_oficial.csv","M2010_RR_3_45_230000000057",2,"https://www.imprensaoficial.rr.gov.br/app/_edicoes/2014/04/doe-20140407.pdf","Boa Vista-RR, (segunda-feira) 07 de abril de 2014 Diário Oficial Estado de Roraima - ano XXVI Francisco de Assis Rodrigues - Governador do Estado",NA,"http_404","sem_arquivo"
"curada_governos","eventos_governos_fonte_oficial.csv","M2022_RR_3_11_230001604255",1,"https://web.archive.org/web/20260420070659/https://portal.rr.gov.br/antonio-denarium-encerra-ciclo-com-balanco-de-gestao-e-transmite-cargo-de-governador-a-edilson-damiao/","O governador Antonio Denarium assinou, nesta sexta-feira, 27, o termo de renúncia ao cargo durante Sessão Solene realizada na Assembleia Legislativa Estadual. Com o ato, ele transmitiu o Executivo estadual para o agora recém-empossado governador Edilson Damião","22354a1b67e0526ba4f60d2991bc7713.bin","ok","exato"
"curada_governos","eventos_governos_fonte_oficial.csv","M2022_RR_3_11_230001604255",2,"https://www.folhabv.com.br/politica/governador-de-roraima-renuncia-ao-cargo-em-cerimonia-na-assembleia/","Antonio Denarium (Progressistas) renunciou oficialmente ao cargo de governador na noite desta sexta-feira (27), em cerimônia na Assembleia Legislativa (ALE-RR).","ca87527050a812bb81c38d0897653ad3.bin","ok","exato"
"curada_governos","eventos_governos_fonte_oficial.csv","M1998_RR_4_171_230002304001711",1,"https://www.imprensaoficial.rr.gov.br/app/_edicoes/2002/04/doe-20020416.pdf","Francisco Flamaríon Portela - Governador do Estado de Roraima",NA,"http_404","sem_arquivo"
"curada_governos","eventos_governos_fonte_oficial.csv","M1998_RR_4_171_230002304001711",2,"https://www12.senado.leg.br/noticias/materias/2002/05/10/mozarildo-destaca-atuacao-do-governo-neudo-campos","O senador registrou que Neudo Campos deixa o governo para concorrer a uma vaga ao Senado","9cacaf6787a6f8e51b0cb9ee22bb3ace.bin","ok","exato"
"curada_governos","eventos_governos_fonte_oficial.csv","M2002_RR_4_17_229",1,"https://www.imprensaoficial.rr.gov.br/app/_edicoes/2004/11/doe-20041110.pdf","OTTOMAR DE SOUSA PINTO GOVERNADOR DO ESTADO DE RORAIMA ERCI MORAES VICE-GOVERNADOR",NA,"http_404","sem_arquivo"
"curada_governos","eventos_governos_fonte_oficial.csv","M2002_RR_4_17_229",2,"https://www.folhabv.com.br/cotidiano/morre-ex-vice-governador-de-roraima-erci-de-moraes/","Já em 2004, por decisão do Tribunal Superior Eleitoral (TSE), ele foi diplomado e empossado como vice-governador de Roraima, após Flamarion Portela ter sido cassado e Ottomar ter assumido o cargo em seu lugar.","5a95084386a7a16400e51161c8e10893.bin","ok","exato"
"curada_governos","eventos_governos_fonte_oficial.csv","M2006_RR_4_45_10101",1,"https://www.psdb.org.br/acompanhe/noticias/anchieta-junior-toma-posse-como-governador-de-roraima/","O presidente da Assembléia Legislativa, Mecias de Jesus deu posse, na manhã desta sexta-feira (14), ao novo governador do Estado de Roraima, José de Anchieta Junior.","0ab965c9500012d7aabe9df774e7d32f.bin","ok","exato"
"curada_governos","eventos_governos_fonte_oficial.csv","M2006_RR_4_45_10101",2,"https://www.imprensaoficial.rr.gov.br/app/_edicoes/2007/12/doe-20071211.pdf","Palácio Senador Hélio Campos/RR, 11 de dezembro de 2007. JOSÉ DE ANCHIETA JUNIOR Governador, em exercício, do Estado de Roraima",NA,"http_404","sem_arquivo"
"curada_governos","eventos_governos_fonte_oficial.csv","M2010_RR_4_45_230000000058",1,"https://g1.globo.com/rr/roraima/noticia/2014/04/chico-rodrigues-toma-posse-e-fala-em-mudancas-de-secretariado-em-rr.html","O novo governador de Roraima, Chico Rodrigues (PSB), tomou posse na noite desta sexta-feira (4) em uma cerimônia na Assembleia Legislativa do Estado.","3d7ccc63f3bfec2b2be0995c67a71609.html","ok","exato"
"curada_governos","eventos_governos_fonte_oficial.csv","M2010_RR_4_45_230000000058",2,"https://www.imprensaoficial.rr.gov.br/app/_edicoes/2014/04/doe-20140407.pdf","Boa Vista-RR, (segunda-feira) 07 de abril de 2014 Diário Oficial Estado de Roraima - ano XXVI Francisco de Assis Rodrigues - Governador do Estado",NA,"http_404","sem_arquivo"
"curada_governos","eventos_governos_fonte_oficial.csv","M2014_RR_4_11_230000000005",1,"https://www.imprensaoficial.rr.gov.br/app/_edicoes/2018/01/doe-20180126.pdf","Boa Vista, sexta-feira, 26 de janeiro de 2018 www.imprensaoficial.rr.gov.br VICE-GOVERNADOR DO ESTADO DE RORAIMA SECRETARIADO",NA,"http_404","sem_arquivo"
"curada_governos","eventos_governos_fonte_oficial.csv","M2014_RR_4_11_230000000005",2,"https://g1.globo.com/rr/roraima/noticia/vice-governador-de-rr-renuncia-ao-cargo-e-cita-incompatibilidade-com-gestao-da-governadora.ghtml","O vice-governador de Roraima, Paulo César Quartiero (Sem partido) entregou uma carta de renúncia à Assembleia Legislativa de Roraima (Ale-RR) e deixou o cargo. Uma sessão extraordinária ocorreu nesta sexta-feira (26) na Casa por convocação dele.","549195d73bca57dcc4b737354e40e85d.ghtml","ok","exato"
"curada_governos","eventos_governos_fonte_oficial.csv","M2022_RR_4_11_230001604254",1,"https://web.archive.org/web/20260420070659/https://portal.rr.gov.br/antonio-denarium-encerra-ciclo-com-balanco-de-gestao-e-transmite-cargo-de-governador-a-edilson-damiao/","O governador Antonio Denarium assinou, nesta sexta-feira, 27, o termo de renúncia ao cargo durante Sessão Solene realizada na Assembleia Legislativa Estadual. Com o ato, ele transmitiu o Executivo estadual para o agora recém-empossado governador Edilson Damião","22354a1b67e0526ba4f60d2991bc7713.bin","ok","exato"
"curada_governos","eventos_governos_fonte_oficial.csv","M2022_RR_4_11_230001604254",2,"https://g1.globo.com/politica/eleicoes/2026/noticia/2026/03/27/edilson-damiao-toma-posse-como-governador-de-roraima-apos-renuncia-de-denarium.ghtml","Ex-vice, Edilson Damião tomou posse como governador de Roraima nesta sexta-feira (27), em cerimônia na Ale-RR.","0cae9db716ada2afce51cfe26021973f.ghtml","ok","exato"
"curada_governos","eventos_governos_fonte_oficial.csv","M2018_RS_3_45_210000622367",1,"https://www.palaciopiratini.rs.gov.br/ranolfo-vieira","Com a renúncia de Leite, Ranolfo se tornou governador em 31 de março de 2022.","06b01e54d89e940b188648da39c4b13d.bin","ok","exato"
"curada_governos","eventos_governos_fonte_oficial.csv","M2018_RS_3_45_210000622367",2,"https://agenciabrasil.ebc.com.br/politica/noticia/2022-03/governador-do-rs-oficializa-renuncia","O governador do Rio Grande do Sul, Eduardo Leite, oficializou sua renúncia do comando do estado nesta quinta-feira (31) para disputar as eleições de 2022.","3d0156ebdd89bf9ab6d5663b6c368c0c.bin","ok","exato"
"curada_governos","eventos_governos_fonte_oficial.csv","M2018_RS_4_45_210000622362",1,"https://agenciabrasil.ebc.com.br/politica/noticia/2022-03/governador-do-rs-oficializa-renuncia","O governo do Rio Grande do Sul será assumido pelo vice-governador, Ranolfo Vieira Júnior.","3d0156ebdd89bf9ab6d5663b6c368c0c.bin","ok","exato"
"curada_governos","eventos_governos_fonte_oficial.csv","M2018_RS_4_45_210000622362",2,"https://www.brasildefato.com.br/2022/04/01/eduardo-leite-renuncia-e-vice-assume-como-governador-do-rio-grande-do-sul/","Em sessão solene realizada no final da tarde de quinta-feira (31), na Assembleia Legislativa, Ranolfo Vieira Júnior (PSDB) tomou posse como novo chefe do executivo gaúcho.","22f07e10545f593e461a000e871186f2.bin","ok","exato"
"curada_governos","eventos_governos_fonte_oficial.csv","M2002_SC_3_15_187",1,"https://web.archive.org/web/20220102133340/https://www.scm.sc.gov.br/scm/cool_timeline/eduardo-pinho-moreira-2006-2007/","Exerceu o mandato de 1º de janeiro de 2003 a 7 de julho de 2006. Nesta data assumiu o Governo do Estado, com a renúncia do então governador Luiz Henrique da Silveira, que deixou o Executivo para se dedicar à campanha.","1bf920456be62b099362f368a05681dc.bin","ok","exato"
"curada_governos","eventos_governos_fonte_oficial.csv","M2002_SC_3_15_187",2,"https://memoriapolitica.alesc.sc.gov.br/biografia/1158-Eduardo_Pinho_Moreira","Assumiu interinamente o Governo do Estado, de 9 de abril a 6 de julho de 2006.","45807fe503fa9ed724aa78fd1465c028.bin","ok","exato"
"curada_governos","eventos_governos_fonte_oficial.csv","M2006_SC_3_15_10022",1,"https://web.archive.org/web/20181130114354/http://www.scm.sc.gov.br:80/scm/cool_timeline/luiz-henrique-da-silveira/","Renunciou ao cargo de Governador em 25 de março de 2010 para concorrer a uma vaga no Senador Federal.","5f346ea82e09162b870b472fbf128faa.bin","ok","exato"
"curada_governos","eventos_governos_fonte_oficial.csv","M2006_SC_3_15_10022",2,"https://memoriapolitica.alesc.sc.gov.br/biografia/638-Luiz_Henrique_da_Silveira","Deixou o cargo de Governador, em 25 de março de 2010, para disputar o de Senador, sendo substituído pelo Vice-Governador, Leonel Pavan .","573e606ce83bdeb063258c65de4fe3f8.bin","ok","nenhum"
"curada_governos","eventos_governos_fonte_oficial.csv","M2014_SC_3_55_240000000207",1,"https://agenciaal.alesc.sc.gov.br/index.php/noticia_single/eduardo-pinho-moreira-toma-posse-como-governador-titular-em-solenidade-na-a","Moreira foi reeleito vice-governador em 2014, na chapa encabeçada por Raimundo Colombo, que entregou carta de renúncia ao Parlamento Catarinense na quinta-feira (5), desincompatibilizando-se do cargo para concorrer ao Senado Federal","e8d0a9de6fcfb1e17fb491670f61f5f7.bin","ok","exato"
"curada_governos","eventos_governos_fonte_oficial.csv","M2014_SC_3_55_240000000207",2,"https://g1.globo.com/sc/santa-catarina/noticia/colombo-entrega-carta-de-renuncia-na-alesc-para-disputar-eleicoes.ghtml","O governador licenciado Raimundo Colombo (PSD) entregou pessoalmente na Assembleia Legislativa de Santa Catarina (Alesc) nesta quinta-feira (5) a carta de renúncia ao cargo do chefe de poder Executivo estadual.","70b3d5f3941dbcfa49d5268ae943e2ec.ghtml","ok","exato"
"curada_governos","eventos_governos_fonte_oficial.csv","M2002_SC_4_15_189",1,"https://web.archive.org/web/20220102133340/https://www.scm.sc.gov.br/scm/cool_timeline/eduardo-pinho-moreira-2006-2007/","Exerceu o mandato de 1º de janeiro de 2003 a 7 de julho de 2006. Nesta data assumiu o Governo do Estado, com a renúncia do então governador Luiz Henrique da Silveira","1bf920456be62b099362f368a05681dc.bin","ok","exato"
"curada_governos","eventos_governos_fonte_oficial.csv","M2002_SC_4_15_189",2,"https://memoriapolitica.alesc.sc.gov.br/biografia/1158-Eduardo_Pinho_Moreira","Assumiu interinamente o Governo do Estado, de 9 de abril a 6 de julho de 2006.","45807fe503fa9ed724aa78fd1465c028.bin","ok","exato"
"curada_governos","eventos_governos_fonte_oficial.csv","M2006_SC_4_15_10025",1,"https://web.archive.org/web/20220102133611/https://www.scm.sc.gov.br/scm/cool_timeline/leonel-arcangelo-pavan/","Em 25 de março de 2010, com a renúncia do titular Luiz Henrique da Silveira para disputar uma vaga no Senado federal, Leonel Pavan na qualidade de vice-governador assumiu o Governo do Estado de Santa Catarina","b37bbbd6002fe53778acdf3316be3a32.bin","ok","exato"
"curada_governos","eventos_governos_fonte_oficial.csv","M2006_SC_4_15_10025",2,"https://memoriapolitica.alesc.sc.gov.br/biografia/960-Leonel_Pavan","Leonel Pavan assumiu interinamente algumas vezes como Governador do Estado e, com a renúncia do titular que concorreu ao Senado, tornou-se efetivo de 25 de março a 31 de dezembro de 2010.","b44c97762632c20cf103086142629d6d.bin","ok","exato"
"curada_governos","eventos_governos_fonte_oficial.csv","M2014_SC_4_55_240000000208",1,"https://agenciaal.alesc.sc.gov.br/index.php/noticia_single/eduardo-pinho-moreira-toma-posse-como-governador-titular-em-solenidade-na-a","O governador em exercício, Eduardo Pinho Moreira, tomou posse como titular do cargo durante sessão solene realizada no Plenário Osni Régis da Assembleia Legislativa, na manhã desta sexta-feira (6)","e8d0a9de6fcfb1e17fb491670f61f5f7.bin","ok","exato"
"curada_governos","eventos_governos_fonte_oficial.csv","M2014_SC_4_55_240000000208",2,"https://g1.globo.com/sc/santa-catarina/noticia/pinho-moreira-toma-posse-como-governador-de-sc.ghtml","Eduardo Pinho Moreira (MDB) tomou posse como governador de Santa Catarina na manhã desta sexta-feira (6). A cerimônia começou por volta das 10h30 na Assembleia Legislativa de Santa Catarina (Alesc) em Florianópolis .","a45807e8ac728d57a5897bab0fdf2f90.ghtml","ok","nenhum"
"curada_governos","eventos_governos_fonte_oficial.csv","M2010_SE_3_13_260000000173",1,"https://memoria.ebc.com.br/agenciabrasil/noticia/2013-12-02/morre-governador-de-sergipe-marcelo-deda","Morre o governador de Sergipe, Marcelo Déda 02/12/2013 - 5h47 Política Marcos Chagas Repórter da Agência Brasil Brasília - Morreu hoje (2), aos 53 anos, o governador de Sergipe, Marcelo Déda.","5013167b6591413f50761cbe0fe7a8c0.bin","ok","nenhum"
"curada_governos","eventos_governos_fonte_oficial.csv","M2010_SE_3_13_260000000173",2,"http://g1.globo.com/se/sergipe/noticia/2013/12/morre-o-governador-de-sergipe-marcelo-deda.html","O governador de Sergipe, Marcelo Déda (PT), de 53 anos, morreu às 4h45 desta segunda-feira (2) no Hospital Sírio-Libanês, em São Paulo","5442eb52721448623ef19fb7ead51234.html","ok","exato"
"curada_governos","eventos_governos_fonte_oficial.csv","M2014_SE_3_15_260000000077",1,"https://al.se.leg.br/renuncia-casa-legislativa-recebe-oficio-de-renuncia-do-governador-de-sergipe/","O governador do Estado de Sergipe, Jackson Barreto, emitiu ofício nesta última sexta-feira, dia 06 de abril, informando ao então presidente da Assembleia Legislativa de Sergipe, Luciano Bispo","58edfd5bbf6f4785c6ab6a1da914503d.bin","ok","nenhum"
"curada_governos","eventos_governos_fonte_oficial.csv","M2014_SE_3_15_260000000077",2,"https://g1.globo.com/se/sergipe/noticia/jackson-barreto-deixa-governo-de-sergipe-para-concorrer-ao-senado.ghtml","O governador de Sergipe, Jackson Barreto (MDB), deixou o cargo nesta sexta-feira (6). Quem assume o governo é Belivaldo chagas (PSD) que, até então, era o vice-governador.","39f6f6235aa6c014ac8f169052ac1712.ghtml","ok","exato"
"curada_governos","eventos_governos_fonte_oficial.csv","M2010_SE_4_13_260000000174",1,"http://g1.globo.com/se/sergipe/noticia/2013/12/jackson-barreto-toma-posse-como-governador-em-sergipe.html","No fim da manhã desta terça-feira (10), o governador em exercício Jackson Barreto (PMDB) tomou posse em definitivo do cargo de governador de Sergipe durante solenidade realizada na Assembleia Legislativa de Sergipe, em Aracaju.","c66f06514998292122f32d890948ebe3.html","ok","exato"
"curada_governos","eventos_governos_fonte_oficial.csv","M2010_SE_4_13_260000000174",2,"https://memoria.ebc.com.br/agenciabrasil/noticia/2013-12-02/morre-governador-de-sergipe-marcelo-deda","Advogado formado pela Universidade Federal de Sergipe, o político estava no segundo mandato. No seu lugar assumirá o vice-governador, Jackson Barreto, do PMDB.","5013167b6591413f50761cbe0fe7a8c0.bin","ok","exato"
"curada_governos","eventos_governos_fonte_oficial.csv","M2014_SE_4_15_260000000078",1,"https://al.se.leg.br/belivaldo-chagas-toma-posse-como-governador-na-alese/","O governador de Sergipe, Belivaldo Chagas (PSD), tomou posse na manhã deste sábado (07) no plenário Pedro Barreto de Andrade da Assembleia Legislativa de Sergipe (Alese), após a saída de Jackson Barreto (MDB)","b52edf1a8a9b1caabca1cf48dd91bc50.bin","ok","nenhum"
"curada_governos","eventos_governos_fonte_oficial.csv","M2014_SE_4_15_260000000078",2,"https://g1.globo.com/se/sergipe/noticia/jackson-barreto-deixa-governo-de-sergipe-para-concorrer-ao-senado.ghtml","O vice-governador Belivaldo Chagas assumiu o governo do estado neste sábado (7).","39f6f6235aa6c014ac8f169052ac1712.ghtml","ok","exato"
"curada_governos","eventos_governos_fonte_oficial.csv","M1998_SP_3_45_250002503000451",1,"http://www1.folha.uol.com.br/folha/brasil/ult96u16330.shtml","O governador licenciado de São Paulo, Mário Covas (PSDB), acaba de morrer, aos 70, de falência múltipla dos órgãos, após ficar internado no Incor (Instituto do Coração) por nove dias.","222f205c4aabaa913552320397562a45.shtml","ok","exato"
"curada_governos","eventos_governos_fonte_oficial.csv","M1998_SP_3_45_250002503000451",2,"https://www18.fgv.br/cpdoc/acervo/dicionarios/verbete-biografico/mario-covas-junior","Durante o carnaval de 2001, passou mal em Bertioga (SP ) e foi levado de helicóptero ao Incor. Faleceu nesse hospital em 6 de março de 2001.","de7a371a801e880882f9f8f60846d421.bin","ok","nenhum"
"curada_governos","eventos_governos_fonte_oficial.csv","M2002_SP_3_45_5515",1,"https://www.al.sp.gov.br/noticia/?id=265531","Foi entregue à Assembléia Legislativa, às 19h20 desta quinta-feira, 30/3, a carta de renúncia de Geraldo Alckmin ao cargo de governador do Estado. Alckmin está se afastando em definitivo do governo paulista para concorrer à Presidência da República.","0940b9296d361e0959cd31ec90c44a51.bin","ok","exato"
"curada_governos","eventos_governos_fonte_oficial.csv","M2002_SP_3_45_5515",2,"http://www1.folha.uol.com.br/folha/brasil/ult96u77188.shtml","Cláudio Lembo (PFL) assumiu nesta sexta-feira o cargo de governador do Estado de São Paulo no lugar do tucano Geraldo Alckmin, que renunciou para concorrer à Presidência da República.","6e05b75b1f3decc1dab0ac55262592be.shtml","ok","exato"
"curada_governos","eventos_governos_fonte_oficial.csv","M2006_SP_3_45_10106",1,"https://www1.folha.uol.com.br/poder/2010/04/715682-serra-formaliza-renuncia-ao-governo-de-sao-paulo.shtml","me afasto definitivamente do cargo de Governador do Estado no dia 2 de abril de 2010."""" O vice, Alberto Goldman, ex-deputado federal pelo mesmo partido, assumirá o governo paulista até o final da gestão, em dezembro.","c1077cc56a350e8162e62bb292dac606.shtml","ok","nenhum"
"curada_governos","eventos_governos_fonte_oficial.csv","M2006_SP_3_45_10106",2,"https://www18.fgv.br/cpdoc/acervo/dicionarios/verbete-biografico/goldman-alberto","Assumiu oficialmente o Governo do estado de São Paulo em 02 de abril de 2010, devido à desincompatibilização e renúncia de José Serra para disputar as eleições presidenciais em Outubro.","24a270a2e0e6174b9a975f8fccb84668.bin","ok","exato"
"curada_governos","eventos_governos_fonte_oficial.csv","M2014_SP_3_45_250000001672",1,"https://www1.folha.uol.com.br/poder/2018/04/alckmin-baixa-tom-em-criticas-ao-pt-ao-deixar-governo-franca-cutuca-doria.shtml","Ao transmitir o cargo de governador de São Paulo, nesta sexta-feira (6) para disputar a eleição presidencial, Geraldo Alckmin (PSDB) baixou o tom nas críticas ao PT","672fe8531ee188d0e0698f8e2b327965.shtml","ok","exato"
"curada_governos","eventos_governos_fonte_oficial.csv","M2014_SP_3_45_250000001672",2,"https://www.camara.leg.br/deputados/141497/biografia","Vice-Governador(a), SP, Partido: PSB, Período: 2015 a 2018; Governador(a), SP, Partido: PSB, Período: 2018 a 2019.","8bed74019d42b066369bfd00943b32bd.bin","ok","exato"
"curada_governos","eventos_governos_fonte_oficial.csv","M2018_SP_3_45_250000612596",1,"https://g1.globo.com/sp/sao-paulo/noticia/2022/04/01/rodrigo-garcia-toma-posse-como-governador-de-sp.ghtml","Nesta quinta-feira (31), João Doria ( PSDB ) oficializou, em pronunciamento no Palácio dos Bandeirantes, a sua saída do governo de São Paulo e afirmou que vai manter a sua pré-candidatura à Presidência da República pelo partido.","5be490830ce02368c728e94f77aac8f4.ghtml","ok","nenhum"
"curada_governos","eventos_governos_fonte_oficial.csv","M2018_SP_3_45_250000612596",2,"https://www1.folha.uol.com.br/poder/2022/04/rodrigo-antecipa-tom-de-campanha-em-1a-agenda-como-governador-de-sp.shtml","O tucano assumiu o Governo de São Paulo após a renúncia de Doria na quinta-feira (31).","456067c2503fc4a209ac42f1781268dd.shtml","ok","exato"
"curada_governos","eventos_governos_fonte_oficial.csv","M1998_SP_4_451_250002504004511",1,"http://www1.folha.uol.com.br/folha/brasil/ult96u16360.shtml","Geraldo Alckmin (PSDB) assumiu automaticamente o governo de São Paulo com a morte do governador Mário Covas. Não é necessário cerimônias oficiais para que ele tome posse do cargo.","85aa8539d597c16d415f8917b45fafe0.shtml","ok","nenhum"
"curada_governos","eventos_governos_fonte_oficial.csv","M1998_SP_4_451_250002504004511",2,"https://www18.fgv.br/cpdoc/acervo/dicionarios/verbete-biografico/alckmin-filho-geraldo","Em 2001 voltou a assumir o governo do estado em substituição a Mário Covas, que se afastou por motivo de doença e veio a falecer em 6 de março.","347c12b88dc3b148a39ecf83aeabb571.bin","ok","exato"
"curada_governos","eventos_governos_fonte_oficial.csv","M2002_SP_4_45_5601",1,"https://www.al.sp.gov.br/noticia/?id=265531","Cláudio Lembo assumirá o governo pelos nove meses restantes, de 31 de março a 31 de dezembro de 2006, conforme manda o artigo 38 da Constituição paulista.","0940b9296d361e0959cd31ec90c44a51.bin","ok","exato"
"curada_governos","eventos_governos_fonte_oficial.csv","M2002_SP_4_45_5601",2,"http://www1.folha.uol.com.br/folha/brasil/ult96u77188.shtml","Cláudio Lembo (PFL) assumiu nesta sexta-feira o cargo de governador do Estado de São Paulo no lugar do tucano Geraldo Alckmin, que renunciou para concorrer à Presidência da República. Lembo tomou posse em cerimônia na Assembléia Legislativa","6e05b75b1f3decc1dab0ac55262592be.shtml","ok","nenhum"
"curada_governos","eventos_governos_fonte_oficial.csv","M2006_SP_4_45_10107",1,"https://www18.fgv.br/cpdoc/acervo/dicionarios/verbete-biografico/goldman-alberto","Assumiu oficialmente o Governo do estado de São Paulo em 02 de abril de 2010, devido à desincompatibilização e renúncia de José Serra para disputar as eleições presidenciais em Outubro.","24a270a2e0e6174b9a975f8fccb84668.bin","ok","exato"
"curada_governos","eventos_governos_fonte_oficial.csv","M2006_SP_4_45_10107",2,"https://www1.folha.uol.com.br/poder/2010/04/715682-serra-formaliza-renuncia-ao-governo-de-sao-paulo.shtml","me afasto definitivamente do cargo de Governador do Estado no dia 2 de abril de 2010."""" O vice, Alberto Goldman, ex-deputado federal pelo mesmo partido, assumirá o governo paulista até o final da gestão, em dezembro.","c1077cc56a350e8162e62bb292dac606.shtml","ok","nenhum"
"curada_governos","eventos_governos_fonte_oficial.csv","M2014_SP_4_45_250000001673",1,"https://www1.folha.uol.com.br/poder/2018/04/alckmin-baixa-tom-em-criticas-ao-pt-ao-deixar-governo-franca-cutuca-doria.shtml","O vice, Márcio França (PSB), assumiu o governo com um discurso pautado pelo valor da lealdade, no que deve ser a tônica de sua campanha à reeleição contra o agora ex-prefeito João Doria (PSDB).","672fe8531ee188d0e0698f8e2b327965.shtml","ok","exato"
"curada_governos","eventos_governos_fonte_oficial.csv","M2014_SP_4_45_250000001673",2,"https://www.camara.leg.br/deputados/141497/biografia","Vice-Governador(a), SP, Partido: PSB, Período: 2015 a 2018; Governador(a), SP, Partido: PSB, Período: 2018 a 2019.","8bed74019d42b066369bfd00943b32bd.bin","ok","exato"
"curada_governos","eventos_governos_fonte_oficial.csv","M2018_SP_4_45_250000612597",1,"https://g1.globo.com/sp/sao-paulo/noticia/2022/04/01/rodrigo-garcia-toma-posse-como-governador-de-sp.ghtml","Rodrigo Garcia ( PSDB ), eleito como vice-governador na chapa com João Doria nas eleições de 2018, tomou posse como novo governador de São Paulo na manhã desta sexta-feira (1°).","5be490830ce02368c728e94f77aac8f4.ghtml","ok","nenhum"
"curada_governos","eventos_governos_fonte_oficial.csv","M2018_SP_4_45_250000612597",2,"https://www1.folha.uol.com.br/poder/2022/04/rodrigo-antecipa-tom-de-campanha-em-1a-agenda-como-governador-de-sp.shtml","O tucano assumiu o Governo de São Paulo após a renúncia de Doria na quinta-feira (31).","456067c2503fc4a209ac42f1781268dd.shtml","ok","exato"
"curada_governos","eventos_governos_fonte_oficial.csv","M2006_TO_3_15_10254",1,"https://www1.folha.uol.com.br/fsp/brasil/fc0909200912.htm","O TSE (Tribunal Superior Eleitoral) confirmou na noite de ontem, por unanimidade, a cassação do mandato do governador do Tocantins, Marcelo Miranda (PMDB), e de seu vice, Paulo Sidnei Antunes (PPS), por abuso de poder político em 2006","39a90d763e1c0773cd9963320db1a328.htm","ok","exato"
"curada_governos","eventos_governos_fonte_oficial.csv","M2006_TO_3_15_10254",2,"https://g1.globo.com/to/tocantins/noticia/2019/01/01/tocantins-ja-teve-sete-governadores-mas-apenas-quatro-foram-eleitos-pelo-povo.ghtml","Carlos Gaguim - Era presidente da Assembleia Legislativa e assumiu em 9 de setembro de 2009 após a primeira cassação de Marcelo Miranda.","e0f5b887fc5dc8383f280c3046010fd6.ghtml","ok","exato"
"curada_governos","eventos_governos_fonte_oficial.csv","M2010_TO_3_45_270000000075",1,"http://g1.globo.com/to/tocantins/noticia/2014/04/depois-da-renuncia-de-siqueira-deputado-volta-ser-governador.html","Eram 21h02, pelo horário de Brasília, quando a carta de renúncia do governador do Tocantins, Siqueira Campos (PSDB), foi lida em sessão extraordinária na Assembleia Legislativa do Estado, em Palmas.","e12095f82537390c9435489264bb6438.html","ok","exato"
"curada_governos","eventos_governos_fonte_oficial.csv","M2010_TO_3_45_270000000075",2,"https://doe.to.gov.br/diario/2508/download","Palácio Araguaia, em Palmas, aos 4 dias do mês de abril de 2014; 193o da Independência, 126o da República e 26o do Estado. SANDOVAL LÔBO CARDOSO Governador do Estado","435062703211538520b09d3a31ba5d8a.bin","ok","exato"
"curada_governos","eventos_governos_fonte_oficial.csv","M2014_TO_3_15_270000000009",1,"https://noticias.stf.jus.br/postsnoticias/ministro-nega-pedidos-para-suspender-decisao-do-tse-que-cassou-governador-e-vice-do-tocantins/","Os mandados do governador e de sua vice foram cassados pelo TSE em sessão realizada no dia 22 de março, por arrecadação ilícita de recursos (artigo 30-A da Lei n° 9.504/1997) para a campanha de governador em 2014.","cb09d493dc6f3c6765355c252eb69a45.bin","ok","exato"
"curada_governos","eventos_governos_fonte_oficial.csv","M2014_TO_3_15_270000000009",2,"https://g1.globo.com/to/tocantins/noticia/carlesse-assume-governo-e-afirma-que-vai-recontratar-secretarios-escolhidos-em-marco.ghtml","O governador interino Mauro Carlesse (PHS) assumiu na tarde desta quinta-feira (19) o governo do estado.","981be490f402020968bb9a4a822090a2.ghtml","ok","exato"
"curada_governos","eventos_governos_fonte_oficial.csv","M2018_TO_3_31_270000618815",1,"https://veja.abril.com.br/politica/mauro-carlesse-governador-afastado-do-tocantins-renuncia-ao-cargo/","O governador do Tocantins, Mauro Carlesse (União-TO), que foi afastado em outubro, por decisão do Superior Tribunal de Justiça (STJ), acaba de renunciar ao cargo.","7e0903be9235752077ddfb779624389f.bin","ok","exato"
"curada_governos","eventos_governos_fonte_oficial.csv","M2018_TO_3_31_270000618815",2,"https://doe.to.gov.br/diario/4587/download","Palácio Araguaia, em Palmas, aos 11 dias do mês de março de 2022; 201o da Independência, 134o da República e 34o do Estado. WANDERLEI BARBOSA CASTRO Governador do Estado","feeedc4c62dcd3c393204d2f0fc3da80.bin","ok","nenhum"
"curada_governos","eventos_governos_fonte_oficial.csv","M2006_TO_4_15_10263",1,"https://www1.folha.uol.com.br/fsp/brasil/fc0909200912.htm","Marcelo Miranda (PMDB) e o vice, Paulo Antunes (PPS), têm de deixar cargo; tribunal determina que haja eleição indireta","39a90d763e1c0773cd9963320db1a328.htm","ok","exato"
"curada_governos","eventos_governos_fonte_oficial.csv","M2006_TO_4_15_10263",2,"http://www.conjur.com.br/2009-jun-26/governador-tocantins-terceiro-cassado-tse-2009","O Tribunal Superior Eleitoral cassou o mandato do governador de Tocantins, Marcelo Miranda (PMDB), e de seu vice, Paulo Sidnei (PPS), por abuso de poder político praticado em 2006.","7b63a55040bae3d3610e9786c93336d5.bin","ok","exato"
"curada_governos","eventos_governos_fonte_oficial.csv","M2010_TO_4_45_270000000076",1,"http://g1.globo.com/to/tocantins/noticia/2014/04/joao-oliveira-renuncia-ao-cargo-de-vice-governador-do-tocantins.html","A carta de renúncia foi entregue à Assembleia Legislativa na noite desta quinta-feira (3) e o documento foi publicado no Diário Oficial do Estado nesta sexta-feira (4).","4228cd1a57f2ad89d18ecfb3d4c316fc.html","ok","exato"
"curada_governos","eventos_governos_fonte_oficial.csv","M2010_TO_4_45_270000000076",2,"http://g1.globo.com/to/tocantins/noticia/2014/04/depois-da-renuncia-de-siqueira-deputado-volta-ser-governador.html","Ele assumiu o cargo porque o vice-governador João Oliveira (DEM), também renunciou à função na noite de quinta-feira (3).","e12095f82537390c9435489264bb6438.html","ok","exato"
"curada_governos","eventos_governos_fonte_oficial.csv","M2014_TO_4_15_270000000721",1,"https://noticias.stf.jus.br/postsnoticias/ministro-nega-pedidos-para-suspender-decisao-do-tse-que-cassou-governador-e-vice-do-tocantins/","negou pedidos do MDB estadual (PET 7598) e da vice-governadora afastada Cláudia Lelis (PET 7609) para atribuir efeito suspensivo ao recurso que questiona decisão do Tribunal Superior Eleitoral (TSE) que cassou o diploma do governador e da vice.","cb09d493dc6f3c6765355c252eb69a45.bin","ok","exato"
"curada_governos","eventos_governos_fonte_oficial.csv","M2014_TO_4_15_270000000721",2,"https://g1.globo.com/to/tocantins/noticia/governador-do-tocantins-tem-mandato-cassado-por-caixa-dois-nas-eleicoes-de-2014.ghtml","O Tribunal Superior Eleitoral (TSE) cassou na manhã desta quinta-feira (22) os diplomas do governador Marcelo Miranda (MDB) e da vice-governadora Cláudia Lelis (PV).","7ee50127888572c7961ffed75813d1c5.ghtml","ok","exato"
"curada_governos","eventos_governos_fonte_oficial.csv","M2018_TO_4_31_270000618816",1,"https://doe.to.gov.br/diario/4587/download","Palácio Araguaia, em Palmas, aos 11 dias do mês de março de 2022; 201o da Independência, 134o da República e 34o do Estado. WANDERLEI BARBOSA CASTRO Governador do Estado","feeedc4c62dcd3c393204d2f0fc3da80.bin","ok","nenhum"
"curada_governos","eventos_governos_fonte_oficial.csv","M2018_TO_4_31_270000618816",2,"https://veja.abril.com.br/politica/mauro-carlesse-governador-afastado-do-tocantins-renuncia-ao-cargo/","Com a renúncia de Carlesse, o Tocantins continua com o governador Wanderlei Barbosa Castro (Republicanos).","7e0903be9235752077ddfb779624389f.bin","ok","exato"
"curada_governos","eventos_governos_fonte_oficial.csv","M1998_PI_4_651_180001804006511",1,"https://www18.fgv.br/cpdoc/acervo/dicionarios/verbete-biografico/osmar-junior","Em novembro de 2001, a chapa foi cassada pelo Tribunal Superior Eleitoral (TSE) por abuso de poder econômico e uso da máquina pública para promoção pessoal","729bb203c66acbb23e893dff6f623eb7.bin","ok","exato"
"curada_governos","eventos_governos_fonte_oficial.csv","M1998_PI_4_651_180001804006511",2,"https://www18.fgv.br/cpdoc/acervo/dicionarios/verbete-biografico/hugo-napoleao-do-rego-neto","Com a cassação do mandato de governador de Mão Santa em 2001 e a decisão TSE de empossar no cargo o segundo colocado no segundo turno","0e663e35cb33265dd0be297afe69238e.bin","ok","exato"
"curada_presidencia","eventos_presidencia_fonte_oficial.csv","M1998_BR_1_45_280002801000451",1,"https://www.gov.br/secretariageral/pt-br/centrais-de-conteudo/biblioteca-da-pr/galeria-dos-ex-presidentes/fernando-henrique-cardoso","Período de Governo Presidente da República de 01/01/1999 a 31/12/2002","df3af32fa62c86129cd3d3995909ff6f.bin","ok","nenhum"
"curada_presidencia","eventos_presidencia_fonte_oficial.csv","M1998_BR_2_251_280002802002511",1,"https://www.gov.br/secretariageral/pt-br/centrais-de-conteudo/biblioteca-da-pr/galeria-dos-ex-presidentes/fernando-henrique-cardoso","Período de Governo Presidente da República de 01/01/1999 a 31/12/2002","df3af32fa62c86129cd3d3995909ff6f.bin","ok","nenhum"
"curada_presidencia","eventos_presidencia_fonte_oficial.csv","M2002_BR_1_13_9574",1,"https://www.gov.br/secretariageral/pt-br/centrais-de-conteudo/biblioteca-da-pr/galeria-dos-ex-presidentes/luiz-inacio-lula-da-silva","Período de Governo Presidente da República de 01/01/2003 a 31/01/2006","402e94c2d526a5bf52bb1f875f008b96.bin","ok","nenhum"
"curada_presidencia","eventos_presidencia_fonte_oficial.csv","M2002_BR_2_13_9575",1,"https://www.gov.br/secretariageral/pt-br/centrais-de-conteudo/biblioteca-da-pr/galeria-dos-ex-presidentes/luiz-inacio-lula-da-silva","Período de Governo Presidente da República de 01/01/2003 a 31/01/2006","402e94c2d526a5bf52bb1f875f008b96.bin","ok","nenhum"
"curada_presidencia","eventos_presidencia_fonte_oficial.csv","M2006_BR_1_13_23",1,"https://www.gov.br/secretariageral/pt-br/centrais-de-conteudo/biblioteca-da-pr/galeria-dos-ex-presidentes/luiz-inacio-lula-da-silva","Período de Governo Presidente da República de 01/01/2007 a 31/01/2010","402e94c2d526a5bf52bb1f875f008b96.bin","ok","nenhum"
"curada_presidencia","eventos_presidencia_fonte_oficial.csv","M2006_BR_2_13_24",1,"https://www.gov.br/secretariageral/pt-br/centrais-de-conteudo/biblioteca-da-pr/galeria-dos-ex-presidentes/luiz-inacio-lula-da-silva","Período de Governo Presidente da República de 01/01/2007 a 31/01/2010","402e94c2d526a5bf52bb1f875f008b96.bin","ok","nenhum"
"curada_presidencia","eventos_presidencia_fonte_oficial.csv","M2010_BR_1_13_280000000005",1,"https://www.gov.br/secretariageral/pt-br/centrais-de-conteudo/biblioteca-da-pr/galeria-dos-ex-presidentes/dilma-vana-rousseff","de 01/01/2011 a 31/12/2014","583183a2e4c561cc21fcdc5e9be0f209.bin","ok","exato"
"curada_presidencia","eventos_presidencia_fonte_oficial.csv","M2010_BR_2_13_280000000006",1,"https://www.gov.br/secretariageral/pt-br/centrais-de-conteudo/biblioteca-da-pr/galeria-dos-ex-presidentes/dilma-vana-rousseff","de 01/01/2011 a 31/12/2014","583183a2e4c561cc21fcdc5e9be0f209.bin","ok","exato"
"curada_presidencia","eventos_presidencia_fonte_oficial.csv","M2014_BR_1_13_280000000083",1,"https://www.gov.br/secretariageral/pt-br/centrais-de-conteudo/biblioteca-da-pr/galeria-dos-ex-presidentes/dilma-vana-rousseff","Em 31 de agosto de 2016 o processo de impeachment foi definido em votação no Senado Federal, com 61 votos a favor do impeachment e 20 contrários","583183a2e4c561cc21fcdc5e9be0f209.bin","ok","exato"
"curada_presidencia","eventos_presidencia_fonte_oficial.csv","M2014_BR_1_13_280000000083",2,"https://www12.senado.leg.br/noticias/materias/2016/08/31/dilma-rousseff-perde-o-mandato-e-michel-temer-toma-posse-ainda-hoje","Por 61 votos a 20, o Senado decidiu que ela perde o mandato e que Michel Temer deve ser empossado definitivamente na presidência da República.","c565c91fdf63f19b3e16e9aac5461540.bin","ok","exato"
"curada_presidencia","eventos_presidencia_fonte_oficial.csv","M2014_BR_2_13_280000000084",1,"https://www12.senado.leg.br/noticias/materias/2016/08/31/dilma-rousseff-perde-o-mandato-e-michel-temer-toma-posse-ainda-hoje","Por 61 votos a 20, o Senado decidiu que ela perde o mandato e que Michel Temer deve ser empossado definitivamente na presidência da República.","c565c91fdf63f19b3e16e9aac5461540.bin","ok","exato"
"curada_presidencia","eventos_presidencia_fonte_oficial.csv","M2014_BR_2_13_280000000084",2,"https://www.gov.br/secretariageral/pt-br/centrais-de-conteudo/biblioteca-da-pr/galeria-dos-ex-presidentes/dilma-vana-rousseff","Em 31 de agosto de 2016 o processo de impeachment foi definido em votação no Senado Federal","583183a2e4c561cc21fcdc5e9be0f209.bin","ok","exato"
"curada_presidencia","eventos_presidencia_fonte_oficial.csv","M2018_BR_1_17_280000614517",1,"https://www12.senado.leg.br/noticias/materias/2023/01/01/congresso-empossa-lula-e-alckmin-na-presidencia-da-republica","Na mesma solenidade, realizada no Plenário da Câmara dos Deputados, tomou posse o vice-presidente Geraldo Alckmin.","10f94c3cf99aa1c80da984be72284a82.bin","ok","exato"
"curada_presidencia","eventos_presidencia_fonte_oficial.csv","M2018_BR_2_17_280000614518",1,"https://www12.senado.leg.br/noticias/materias/2023/01/01/congresso-empossa-lula-e-alckmin-na-presidencia-da-republica","Na mesma solenidade, realizada no Plenário da Câmara dos Deputados, tomou posse o vice-presidente Geraldo Alckmin.","10f94c3cf99aa1c80da984be72284a82.bin","ok","exato"
"curada_presidencia","eventos_presidencia_fonte_oficial.csv","M2022_BR_1_13_280001607829",1,"https://www12.senado.leg.br/noticias/materias/2023/01/01/congresso-empossa-lula-e-alckmin-na-presidencia-da-republica","Na mesma solenidade, realizada no Plenário da Câmara dos Deputados, tomou posse o vice-presidente Geraldo Alckmin.","10f94c3cf99aa1c80da984be72284a82.bin","ok","exato"
"curada_presidencia","eventos_presidencia_fonte_oficial.csv","M2022_BR_2_13_280001607830",1,"https://www12.senado.leg.br/noticias/materias/2023/01/01/congresso-empossa-lula-e-alckmin-na-presidencia-da-republica","Na mesma solenidade, realizada no Plenário da Câmara dos Deputados, tomou posse o vice-presidente Geraldo Alckmin.","10f94c3cf99aa1c80da984be72284a82.bin","ok","exato"
"candidato","eventos_governos_fonte_oficial.csv","M1998_CE_3_45_600000603000451",1,"http://www.al.ce.gov.br/edicoes-inesp/download/1193","Eleito, em 1998, vice-governador na chapa de Tasso Jereissati, exerceu este cargo de maneira plena. Com a renúncia do titular para concorrer à vaga no Senado Federal, Beni Veras assumiu o Governo do Estado, no período de 5 de abril de 2002 a 1° de janeiro de 2003.","1168e4767877fce65e613e514e47eea3.bin","ok","nenhum"
"candidato","eventos_governos_fonte_oficial.csv","M2002_DF_4_15_1594",1,"https://www.sinj.df.gov.br/sinj/BaixarArquivoDiario.aspx?id_file=c76c5a31-bf9c-3970-b700-bc376e7c8ff1","JOAQUIM DOMINGOS RORIZ Governador MARIA DE LOURDES ABADIA Vice-Governadora (cabeçalho do Diário Oficial do Distrito Federal, Seção I, Ano XL, Nº 64, Brasília-DF, sexta-feira, 31 de março de 2006)","0757a97ab31e764f807f51cecf6fca53.aspx","ok","nenhum"
"candidato","eventos_governos_fonte_oficial.csv","M2002_DF_4_15_1594",2,"https://www.sinj.df.gov.br/sinj/BaixarArquivoDiario.aspx?id_file=b09f1c32-1350-333c-86eb-d2c3261bd75d","MARIA DE LOURDES ABADIA Governadora (cabeçalho do Diário Oficial do Distrito Federal, Seção I, Ano XL, Nº 66, Brasília-DF, terça-feira, 4 de abril de 2006)","343ea092ddb331d7844149fd6e762e5f.aspx","ok","nenhum"
"candidato","eventos_governos_fonte_oficial.csv","M2006_AP_3_12_10081",1,"https://seadantigo.portal.ap.gov.br/diario/DOEn4709.pdf","Antônio Waldez Góes da Silva Governador Pedro Paulo Dias de Carvalho Vice-Governador Macapá-Amapá 31 de Março de 2010 -Quarta feira Circulação: 31.03.2010 às 17:00h Tiragem: 800 exemplares com 32 páginas N° 4709","6a79a5b10105a4cd67955bafb9417061.pdf","ok","nenhum"
"candidato","eventos_governos_fonte_oficial.csv","M2006_AP_3_12_10081",2,"https://seadantigo.portal.ap.gov.br/diario/DOEn4710.pdf","Macapá-Amapá Pedro Paulo Dias de Carvalho 05 de Abril de 2010 - Segunda feira Governador Circulação: 07.04.2010 às 15:00h Tiragem: 800 exemplares com 28 páginas N° 4710","ad4670143c79ebb387eaaf5c78aebc58.pdf","ok","nenhum"
"candidato","eventos_governos_fonte_oficial.csv","M2006_AP_4_12_10082",1,"https://seadantigo.portal.ap.gov.br/diario/DOEn4709.pdf","Antônio Waldez Góes da Silva Governador Pedro Paulo Dias de Carvalho Vice-Governador Macapá-Amapá 31 de Março de 2010 -Quarta feira Circulação: 31.03.2010 às 17:00h Tiragem: 800 exemplares com 32 páginas N° 4709","6a79a5b10105a4cd67955bafb9417061.pdf","ok","nenhum"
"candidato","eventos_governos_fonte_oficial.csv","M2006_AP_4_12_10082",2,"https://seadantigo.portal.ap.gov.br/diario/DOEn4710.pdf","Macapá-Amapá Pedro Paulo Dias de Carvalho 05 de Abril de 2010 - Segunda feira Governador Circulação: 07.04.2010 às 15:00h Tiragem: 800 exemplares com 28 páginas N° 4710","ad4670143c79ebb387eaaf5c78aebc58.pdf","ok","nenhum"
"candidato","eventos_governos_fonte_oficial.csv","M2006_MA_3_12_10095",1,"https://memoria.ebc.com.br/agenciabrasil/noticia/2009-04-16/tse-confirma-cassacao-de-jackson-lago-e-posse-de-roseana-sarney-no-governo-do-maranhao","O Tribunal Superior Eleitoral rejeitou hoje (16) à noite recursos contra a cassação dos mandatos do governador do Maranhão, Jackson Lago (PDT), e de seu vice, Luís Carlos Porto, decretada em 4 de março último.","6acf5711b9c929d37ffe27e0f4506799.bin","ok","nenhum"
"candidato","eventos_governos_fonte_oficial.csv","M2006_MA_4_12_10112",1,"https://memoria.ebc.com.br/agenciabrasil/noticia/2009-04-16/tse-confirma-cassacao-de-jackson-lago-e-posse-de-roseana-sarney-no-governo-do-maranhao","O Tribunal Superior Eleitoral rejeitou hoje (16) à noite recursos contra a cassação dos mandatos do governador do Maranhão, Jackson Lago (PDT), e de seu vice, Luís Carlos Porto, decretada em 4 de março último.","6acf5711b9c929d37ffe27e0f4506799.bin","ok","nenhum"
"candidato","eventos_governos_fonte_oficial.csv","M2006_PI_3_13_10075",1,"http://www.diariooficial.pi.gov.br/diario/201004/DIARIO06_6aafeaefd1.pdf","GOVERNADOR DO ESTADO DO PIAUÍ Wilson Nunes Martins VICE-GOVERNADOR ... Teresina - Quinta-feira, 1º de abril de 2010 • Nº 61","d92abaf1cf9bbda880da1bb972d3a7b2.pdf","ok","parcial"
"candidato","eventos_governos_fonte_oficial.csv","M2006_PI_3_13_10075",2,"http://www.diariooficial.pi.gov.br/diario/201004/DIARIO06_ef5123f3d5.pdf","GABINETE DO VICE-GOVERNADOR DECRETO DE 01 DE ABRIL DE 2010 O GOVERNADOR DO ESTADO DO PIAUÍ ... RESOLVE EXONERAR, A PEDIDO ... ELIZABETE RODRIGUES DE OLIVEIRA, do Cargo em Comissão, de Coordenador de Intercâmbio ... do Gabinete do Vice-Governador, com efeitos a partir de 01 de Abril de 2010.","bbee06e6d0f95ebc3a97b0a8c0977667.pdf","ok","parcial"
"candidato","eventos_governos_fonte_oficial.csv","M2006_PI_4_13_10090",1,"http://www.diariooficial.pi.gov.br/diario/201004/DIARIO06_6aafeaefd1.pdf","GOVERNADOR DO ESTADO DO PIAUÍ Wilson Nunes Martins VICE-GOVERNADOR ... Teresina - Quinta-feira, 1º de abril de 2010 • Nº 61","d92abaf1cf9bbda880da1bb972d3a7b2.pdf","ok","parcial"
"candidato","eventos_governos_fonte_oficial.csv","M2006_PI_4_13_10090",2,"http://www.diariooficial.pi.gov.br/diario/201004/DIARIO06_ef5123f3d5.pdf","GABINETE DO VICE-GOVERNADOR DECRETO DE 01 DE ABRIL DE 2010 O GOVERNADOR DO ESTADO DO PIAUÍ ... RESOLVE EXONERAR, A PEDIDO ... ELIZABETE RODRIGUES DE OLIVEIRA, do Cargo em Comissão, de Coordenador de Intercâmbio ... do Gabinete do Vice-Governador, com efeitos a partir de 01 de Abril de 2010.","bbee06e6d0f95ebc3a97b0a8c0977667.pdf","ok","parcial"
"candidato","eventos_governos_fonte_oficial.csv","M2006_TO_3_15_10254",1,"https://doe.to.gov.br/diario/1268/download","O PRESIDENTE DA ASSEMBLEIA LEGISLATIVA, NO EXERCÍCIO DO CARGO DE GOVERNADOR DO ESTADO DO TOCANTINS, resolve EXONERAR ... a partir de 9 de setembro de 2009. Palácio Araguaia, em Palmas, aos 9 dias do mês de setembro de 2009. CARLOS HENRIQUE AMORIM, Governador do Estado interino.","e2dbdb3119411d58a83097d2e57c0d97.bin","ok","nenhum"
"candidato","eventos_governos_fonte_oficial.csv","M2006_TO_3_15_10254",2,"https://doe.to.gov.br/diario/1269/download","Art. 1o Vagos os cargos de Governador e Vice-Governador do Estado do Tocantins, nos dois últimos anos de mandato, a eleição para preenchimento dos cargos é feita pelo sufrágio dos Deputados integrantes da Assembleia Legislativa em sessão pública e por meio de votação nominal e secreta.","ae24735c5c29e1b5f249115e6a257855.bin","ok","nenhum"
"candidato","eventos_governos_fonte_oficial.csv","M2006_TO_4_15_10263",1,"https://doe.to.gov.br/diario/1269/download","Art. 1o Vagos os cargos de Governador e Vice-Governador do Estado do Tocantins, nos dois últimos anos de mandato, a eleição para preenchimento dos cargos é feita pelo sufrágio dos Deputados integrantes da Assembleia Legislativa em sessão pública e por meio de votação nominal e secreta.","ae24735c5c29e1b5f249115e6a257855.bin","ok","nenhum"
"candidato","eventos_governos_fonte_oficial.csv","M2006_TO_4_15_10263",2,"https://doe.to.gov.br/diario/1268/download","O PRESIDENTE DA ASSEMBLEIA LEGISLATIVA, NO EXERCÍCIO DO CARGO DE GOVERNADOR DO ESTADO DO TOCANTINS, resolve EXONERAR ... a partir de 9 de setembro de 2009. Palácio Araguaia, em Palmas, aos 9 dias do mês de setembro de 2009. CARLOS HENRIQUE AMORIM, Governador do Estado interino.","e2dbdb3119411d58a83097d2e57c0d97.bin","ok","nenhum"
"candidato","eventos_governos_fonte_oficial.csv","M2010_PI_3_40_180000000334",1,"http://www.diariooficial.pi.gov.br/diario/201404/DIARIO07_c9bc168665.pdf","GOVERNADOR DO ESTADO DO PIAUÍ Antonio José  de Moraes Souza Filho VICE-GOVERNADOR ... Teresina(PI) - Sexta-feira, 4 de abril de 2014 • Nº 64","b3146780f6112e7ad316a77c527ec423.pdf","ok","parcial"
"candidato","eventos_governos_fonte_oficial.csv","M2010_PI_4_40_180000000335",1,"http://www.diariooficial.pi.gov.br/diario/201404/DIARIO07_c9bc168665.pdf","GOVERNADOR DO ESTADO DO PIAUÍ Antonio José  de Moraes Souza Filho VICE-GOVERNADOR ... Teresina(PI) - Sexta-feira, 4 de abril de 2014 • Nº 64","b3146780f6112e7ad316a77c527ec423.pdf","ok","parcial"
"candidato","eventos_governos_fonte_oficial.csv","M2010_RJ_3_15_190000000130",1,"https://agenciabrasil.ebc.com.br/politica/noticia/2014-04/cabral-renuncia-e-pezao-e-convocado-para-assumir-o-cargo-de-governador-do","O presidente da Assembleia Legislativa do Estado do Rio de Janeiro (Alerj), Paulo Melo (PMDB), recebeu hoje (3) a carta-renúncia do governador Sérgio Cabral Filho","80cc28c361b4e75f4cb9a4df5ebb1077.bin","ok","exato"
"candidato","eventos_governos_fonte_oficial.csv","M2014_RO_3_15_220000000187",1,"https://rondonia.ro.gov.br/posse-e-transmissao-de-cargo-ao-governador-daniel-pereira/","Daniel Pereira tomou posse nessa sexta-feira, dia 6, na Assembleia Legislativa de Rondônia. Em seguida, o agora ex-governador Confúcio Moura transmitiu o cargo a ele.","2c47a855b491c079c5af60edf2774504.bin","ok","exato"
"candidato","eventos_governos_fonte_oficial.csv","M2014_RO_4_15_220000000188",1,"https://rondonia.ro.gov.br/posse-e-transmissao-de-cargo-ao-governador-daniel-pereira/","Daniel Pereira tomou posse nessa sexta-feira, dia 6, na Assembleia Legislativa de Rondônia. Em seguida, o agora ex-governador Confúcio Moura transmitiu o cargo a ele.","2c47a855b491c079c5af60edf2774504.bin","ok","exato"
"candidato","eventos_governos_fonte_oficial.csv","M2018_CE_3_13_60000610979",1,"https://www.fortaleza.ce.gov.br/noticias/primeira-mulher-governadora-efetiva-do-ceara-izolda-cela-toma-posse-neste-sabado-02-04","Na ocasião, também foi lida a carta de renúncia do ex-governador Camilo Santana, marcando a descompatibilização do gestor. Na sequência, houve a cerimônia de transmissão do cargo de Camilo Santana para Izolda Cela, no Palácio da Abolição.","e1016b89c569d3f7e771f35d7b1ce9a6.bin","ok","exato"
"candidato","eventos_governos_fonte_oficial.csv","M2018_CE_4_13_60000610980",1,"https://www.fortaleza.ce.gov.br/noticias/primeira-mulher-governadora-efetiva-do-ceara-izolda-cela-toma-posse-neste-sabado-02-04","Na ocasião, também foi lida a carta de renúncia do ex-governador Camilo Santana, marcando a descompatibilização do gestor. Na sequência, houve a cerimônia de transmissão do cargo de Camilo Santana para Izolda Cela, no Palácio da Abolição.","e1016b89c569d3f7e771f35d7b1ce9a6.bin","ok","exato"
"candidato","eventos_governos_fonte_oficial.csv","M2018_MA_3_65_100000603926",1,"https://www.al.ma.leg.br/noticias2/43213","A solenidade foi iniciada com a leitura da Carta Renúncia do governador Flávio Dino, lida pela 1ª secretária da Mesa Diretora, deputada Andreia Rezende (PSB), seguida do juramento à Constituição pelo empossado.","f657eaea5bc3b931701d585cafacac7f.bin","ok","exato"
"candidato","eventos_governos_fonte_oficial.csv","M2018_MA_4_65_100000603919",1,"https://www.al.ma.leg.br/noticias2/43213","A solenidade foi iniciada com a leitura da Carta Renúncia do governador Flávio Dino, lida pela 1ª secretária da Mesa Diretora, deputada Andreia Rezende (PSB), seguida do juramento à Constituição pelo empossado.","f657eaea5bc3b931701d585cafacac7f.bin","ok","exato"
"candidato","eventos_governos_fonte_oficial.csv","M2018_PA_4_15_140000621336",1,"https://www.alepa.pa.gov.br/Comunicacao/Noticia/6594/deputados-aprovam-projetos-de-lei-e-fazem-arguicao-de-lucio-vale","Lúcio Vale (PL), que deixará o cargo para assumir a vaga de Conselheiro no Tribunal de Contas do Município (TCM-PA)","00b78dd4a95e360d35e0bbe34d6d862c.bin","ok","exato"
"candidato","eventos_governos_fonte_oficial.csv","M2018_RJ_3_20_190000612301",1,"https://www.alerj.rj.gov.br/Visualizar/Noticia/50487","Por unanimidade, o Tribunal Especial Misto (TEM) decidiu pelo impeachment do governador Wilson Witzel, nesta sexta-feira (30/04).","1183771f8226785d37e1604eb60099fe.bin","ok","exato"
"candidato","eventos_governos_fonte_oficial.csv","M2018_RJ_4_20_190000612303",1,"https://www.alerj.rj.gov.br/Visualizar/Noticia/50489","A Assembleia Legislativa do Rio de Janeiro (Alerj) deu posse, neste sábado (01/05), ao governador Cláudio Castro, para exercer o mandato até dezembro de 2022.","928a840043460f04ab3e247a09cbf9db.bin","ok","exato"
"candidato","eventos_governos_fonte_oficial.csv","M2018_RS_3_45_210000622367",1,"https://www.palaciopiratini.rs.gov.br/ranolfo-vieira","Com a renúncia de Leite, Ranolfo se tornou governador em 31 de março de 2022.","06b01e54d89e940b188648da39c4b13d.bin","ok","exato"
"candidato","eventos_governos_fonte_oficial.csv","M2022_AC_3_11_10001612476",1,"https://sapl.al.ac.leg.br/media/sapl/public/materialegislativa/2026/19142/msg-n-2379-poder_executivo.pdf","Comunico a Vossa Excelência, com fundamento no art. 76 da Constituição do Estado do Acre que, nos termos do § 6º do art. 14 da Constituição da República, decidi renunciar ao cargo de Governador do Estado do Acre, com efeitos a contar de 2 de abril de 2026.","2f20b10196f2dd20574e84299877429d.pdf","ok","nenhum"
"candidato","eventos_governos_fonte_oficial.csv","M2022_AC_3_11_10001612476",2,"https://sapl.al.ac.leg.br/materia/19142","Ficha de tramitacao da Mensagem do Executivo (registrada como Mensagem no 1/2026 no SAPL da Aleac, correspondente a Mensagem Governamental no 2379, de 23/03/2026).","d116f81d7763821ea436d25ce818821e.bin","ok","nenhum"
"candidato","eventos_governos_fonte_oficial.csv","M2022_AC_4_11_10001612477",1,"https://sapl.al.ac.leg.br/media/sapl/public/materialegislativa/2026/19142/msg-n-2379-poder_executivo.pdf","nossa Vice-Governadora do Estado, Mailza Assis Cameli, assumirá a chefia do Poder Executivo estadual, garantindo a continuidade das políticas públicas e das ações governamentais em curso, preservando os compromissos assumidos com a população do Estado do Acre.","2f20b10196f2dd20574e84299877429d.pdf","ok","nenhum"
"candidato","eventos_governos_fonte_oficial.csv","M2022_AC_4_11_10001612477",2,"https://sapl.al.ac.leg.br/materia/19142","Ficha de tramitacao da Mensagem do Executivo (registrada como Mensagem no 1/2026 no SAPL da Aleac, correspondente a Mensagem Governamental no 2379, de 23/03/2026).","d116f81d7763821ea436d25ce818821e.bin","ok","nenhum"
"candidato","eventos_governos_fonte_oficial.csv","M2022_AM_3_44_40001619528",1,"https://www.aleam.gov.br/diario/edicao-no2419/","EU, WILSON MIRANDA LIMA, GOVERNADOR DO ESTADO DO AMAZONAS, [...] COMUNICAR MINHA RENÚNCIA AO CARGO DE GOVERNADOR DO ESTADO, EM CARÁTER IRREVOGÁVEL E IRRETRATÁVEL. [...] ESTA RENÚNCIA PRODUZ EFEITOS IMEDIATOS A PARTIR DESTA DATA DE 4 DE ABRIL DE 2026.","d5a70aab36fb9a6ed75c387fd3620593.bin","ok","nenhum"
"candidato","eventos_governos_fonte_oficial.csv","M2022_AM_4_44_40001619527",1,"https://www.aleam.gov.br/diario/edicao-no2419/","Tadeu de Souza Silva, Vice Governador do Estado do Amazonas, [...] venho, respeitosamente, [...] comunicar minha RENÚNCIA ao cargo de Vice-Governador do Estado. [...] Manaus, 04 de abril de 2026. Tadeu de Souza Silva. Vice-Governador","d5a70aab36fb9a6ed75c387fd3620593.bin","ok","nenhum"
"candidato","eventos_governos_fonte_oficial.csv","M2022_MT_3_44_110001643543",1,"https://www.secom.mt.gov.br/w/otaviano-pivetta-toma-posse-como-governador-de-mato-grosso-com-foco-em-parcerias-com-munic%C3%ADpios","O governador Otaviano Pivetta tomou posse nesta terça-feira (31.3), em cerimônia na Assembleia Legislativa de Mato Grosso, em Cuiabá. Depois, Otaviano recebeu a faixa governamental do ex-governador Mauro Mendes em evento no Allure Hall.","5d138caf1361503f42c0e7258b716ede.bin","ok","exato"
"candidato","eventos_governos_fonte_oficial.csv","M2022_MT_4_44_110001643542",1,"https://www.secom.mt.gov.br/w/otaviano-pivetta-toma-posse-como-governador-de-mato-grosso-com-foco-em-parcerias-com-munic%C3%ADpios","O governador Otaviano Pivetta tomou posse nesta terça-feira (31.3), em cerimônia na Assembleia Legislativa de Mato Grosso, em Cuiabá. Depois, Otaviano recebeu a faixa governamental do ex-governador Mauro Mendes em evento no Allure Hall.","5d138caf1361503f42c0e7258b716ede.bin","ok","exato"
"candidato","eventos_governos_fonte_oficial.csv","M2022_PB_3_40_150001613757",1,"https://web.archive.org/web/20260519012625/https://ouvidoria.pb.gov.br/noticias/lucas-ribeiro-assume-governo-da-pb","O advogado Lucas Ribeiro, que ocupava o posto de vice-governador do estado, foi conduzido ao posto máximo do Executivo estadual após a renúncia do ex-governador João Azevêdo em decorrência do período de descompatibilização do calendário eleitoral","85dc52efb372b8c1db255f862890e896.bin","ok","exato"
"candidato","eventos_governos_fonte_oficial.csv","M2022_RJ_3_22_190001615753",1,"https://agenciabrasil.ebc.com.br/politica/noticia/2026-03/entenda-o-que-acontece-no-rio-com-renuncia-de-claudio-castro","O ex-governador do Rio de Janeiro, Cláudio Castro, renunciou nesta segunda-feira (23) ao cargo","2442b319d90a274c37cd3015d3083078.bin","ok","exato"
"candidato","eventos_governos_fonte_oficial.csv","M2022_RJ_4_22_190001738844",1,"https://www.alerj.rj.gov.br/Visualizar/Noticia/76016","Logo após o fim da votação que aprovou seu nome ao TCE, Pampolha encaminhou comunicado oficializando sua renúncia ao cargo de vice-governador, que foi lido ainda em plenário pelo presidente da Alerj.","19f893e339a70f68710738f94578deb8.bin","ok","exato"
"candidato","eventos_governos_fonte_oficial.csv","M2022_RR_3_11_230001604255",1,"https://web.archive.org/web/20260420070659/https://portal.rr.gov.br/antonio-denarium-encerra-ciclo-com-balanco-de-gestao-e-transmite-cargo-de-governador-a-edilson-damiao/","O governador Antonio Denarium assinou, nesta sexta-feira, 27, o termo de renúncia ao cargo durante Sessão Solene realizada na Assembleia Legislativa Estadual. Com o ato, ele transmitiu o Executivo estadual para o agora recém-empossado governador Edilson Damião","22354a1b67e0526ba4f60d2991bc7713.bin","ok","exato"
"candidato","eventos_governos_fonte_oficial.csv","M2022_RR_4_11_230001604254",1,"https://web.archive.org/web/20260420070659/https://portal.rr.gov.br/antonio-denarium-encerra-ciclo-com-balanco-de-gestao-e-transmite-cargo-de-governador-a-edilson-damiao/","O governador Antonio Denarium assinou, nesta sexta-feira, 27, o termo de renúncia ao cargo durante Sessão Solene realizada na Assembleia Legislativa Estadual. Com o ato, ele transmitiu o Executivo estadual para o agora recém-empossado governador Edilson Damião","22354a1b67e0526ba4f60d2991bc7713.bin","ok","exato"
