"tabela","id_mandato","sg_uf","ano_eleicao","cargo","nome","forma","url_1","tipo_1","url_2","tipo_2","tipo_declarado","tem_oficial","tem_noticia_oficial","so_imprensa_ou_referencia","melhor_tipo"
"eventos_governos_fonte_oficial.csv","M2022_AC_3_11_10001612476","AC","2022","GOVERNADOR","GLADSON DE LIMA CAMELI","renuncia","https://ac24horas.com/2026/04/02/mailza-assis-toma-posse-como-governadora-do-acre/","imprensa","https://acrenews.com.br/decisao-serena-escreve-o-governador-gladson-cameli-em-carta-renuncia-lida-agora-ha-pouco-na-assembleia-legislativa/","imprensa",NA,FALSE,FALSE,TRUE,"imprensa"
"eventos_governos_fonte_oficial.csv","M1998_AC_4_451_100000104004511","AC","1998","VICE-GOVERNADOR","EDSON SIMÕES CADAXO","falecimento","https://www1.folha.uol.com.br/fsp/brasil/fc0810200204.htm","imprensa","https://www18.fgv.br/cpdoc/acervo/dicionarios/verbete-biografico/edson-simoes-cadaxo","referencia_academica",NA,FALSE,FALSE,TRUE,"referencia_academica"
"eventos_governos_fonte_oficial.csv","M2014_AC_4_13_10000000153","AC","2014","VICE-GOVERNADOR","MARIA NAZARETH MELLO DE ARAUJO LAMBERT","fim_regular","https://www.al.ac.leg.br/?p=24575","oficial","https://ac24horas.com/2018/11/30/nazare-araujo-nomeia-novo-secretario-da-fazenda-acre-que-tambem-respondera-pela-seaprof/","imprensa",NA,TRUE,FALSE,FALSE,"oficial"
"eventos_governos_fonte_oficial.csv","M2022_AC_4_11_10001612477","AC","2022","VICE-GOVERNADOR","MAILZA ASSIS DA SILVA","assumiu_titular","https://ac24horas.com/2026/04/02/mailza-assis-toma-posse-como-governadora-do-acre/","imprensa","https://acrenews.com.br/decisao-serena-escreve-o-governador-gladson-cameli-em-carta-renuncia-lida-agora-ha-pouco-na-assembleia-legislativa/","imprensa",NA,FALSE,FALSE,TRUE,"imprensa"
"eventos_governos_fonte_oficial.csv","M2002_AL_3_40_202","AL","2002","GOVERNADOR","RONALDO AUGUSTO LESSA SANTOS","renuncia","https://www.gazetadealagoas.com.br/politica/53679/lessa-deixa-governo-para-tentar-senado","imprensa","https://www1.folha.uol.com.br/fsp/brasil/fc0104200613.htm","imprensa",NA,FALSE,FALSE,TRUE,"imprensa"
"eventos_governos_fonte_oficial.csv","M2018_AL_3_15_20000621744","AL","2018","GOVERNADOR","JOSÉ RENAN VASCONCELOS CALHEIROS FILHO","renuncia","https://cgj.tjal.jus.br/?pag=verNoticia&not=20456","noticia_oficial","https://www.poder360.com.br/eleicoes/renan-filho-renuncia-ao-governo-de-alagoas-para-disputar-senado/","imprensa",NA,FALSE,TRUE,FALSE,"noticia_oficial"
"eventos_governos_fonte_oficial.csv","M2002_AL_4_40_203","AL","2002","VICE-GOVERNADOR","LUIS ABILIO DE SOUSA NETO","assumiu_titular","https://www.gazetadealagoas.com.br/politica/53644/luis-ablio-assume-hoje-governo-de-al","imprensa","https://www.gazetadealagoas.com.br/politica/53679/lessa-deixa-governo-para-tentar-senado","imprensa",NA,FALSE,FALSE,TRUE,"imprensa"
"eventos_governos_fonte_oficial.csv","M2010_AL_4_45_20000000302","AL","2010","VICE-GOVERNADOR","JOSE THOMAZ DA SILVA NONO NETTO","fim_regular","https://www.gazetadealagoas.com.br/politica/153320/passada-a-eleio-non-diz-que-o-dem-precisa-se-reciclar","imprensa","https://www18.fgv.br/cpdoc/acervo/dicionarios/verbete-biografico/jose-tomas-da-silva-nono-neto","referencia_academica",NA,FALSE,FALSE,TRUE,"referencia_academica"
"eventos_governos_fonte_oficial.csv","M2018_AL_4_15_20000621743","AL","2018","VICE-GOVERNADOR","JOSE LUCIANO BARBOSA DA SILVA","renuncia","https://vicegovernadoria.al.gov.br/vice-governadores/51-paginas/vice-governadores/490-jose-luciano-barbosa-da-silva","oficial","https://www.gazetadealagoas.com.br/politica/298766/renuncias-tambem-marcam-dia-que-antecede-as-posses","imprensa",NA,TRUE,FALSE,FALSE,"oficial"
"eventos_governos_fonte_oficial.csv","M2006_AM_3_15_10587","AM","2006","GOVERNADOR","CARLOS EDUARDO DE SOUZA BRAGA","renuncia","https://web.archive.org/web/20160602233427/http://www.amazonas.am.gov.br/2010/12/posse-de-omar-aziz-e-jos-melo-hoje-no-teatro-amazonas","oficial","https://www.cmm.am.gov.br/memorial/omar-jose-abdel-aziz/","oficial",NA,TRUE,FALSE,FALSE,"oficial"
"eventos_governos_fonte_oficial.csv","M2010_AM_3_33_40000000289","AM","2010","GOVERNADOR","OMAR JOSÉ ABDEL AZIZ","renuncia","https://web.archive.org/web/20140404025122/http://www.amazonas.am.gov.br/2014/03/omar-aziz-declara-que-deixara-governo-no-proximo-dia-4-de-abril/","oficial","http://g1.globo.com/am/amazonas/noticia/2014/04/jose-melo-assume-o-governo-do-amazonas-nesta-sexta-feira-04.html","imprensa",NA,TRUE,FALSE,FALSE,"oficial"
"eventos_governos_fonte_oficial.csv","M2014_AM_3_90_40000000487","AM","2014","GOVERNADOR","JOSÉ MELO DE OLIVEIRA","cassacao","http://web.archive.org/web/20210523121927/http://www.tse.jus.br/imprensa/noticias-tse/2017/Maio/tse-cassa-governador-do-amazonas-e-determina-nova-eleicao-para-o-cargo","noticia_oficial","https://agenciabrasil.ebc.com.br/politica/noticia/2017-05/presidente-da-assembleia-legislativa-do-amazonas-assume-governo-do-am","imprensa",NA,FALSE,TRUE,FALSE,"noticia_oficial"
"eventos_governos_fonte_oficial.csv","M2022_AM_3_44_40001619528","AM","2022","GOVERNADOR","WILSON MIRANDA LIMA","renuncia","https://g1.globo.com/am/amazonas/eleicoes/2026/noticia/2026/05/04/roberto-cidade-e-eleito-governador-do-amazonas-em-eleicao-indireta.ghtml","imprensa","https://www.acritica.com/politica/wilson-e-tadeu-renunciam-e-roberto-cidade-e-o-novo-governador-do-am-1.400449","imprensa",NA,FALSE,FALSE,TRUE,"imprensa"
"eventos_governos_fonte_oficial.csv","M2006_AM_4_15_10594","AM","2006","VICE-GOVERNADOR","OMAR JOSÉ ABDEL AZIZ","assumiu_titular","https://web.archive.org/web/20160602233427/http://www.amazonas.am.gov.br/2010/12/posse-de-omar-aziz-e-jos-melo-hoje-no-teatro-amazonas","oficial","https://www.cmm.am.gov.br/memorial/omar-jose-abdel-aziz/","oficial",NA,TRUE,FALSE,FALSE,"oficial"
"eventos_governos_fonte_oficial.csv","M2010_AM_4_33_40000000290","AM","2010","VICE-GOVERNADOR","JOSÉ MELO DE OLIVEIRA","assumiu_titular","https://web.archive.org/web/20140404025122/http://www.amazonas.am.gov.br/2014/03/omar-aziz-declara-que-deixara-governo-no-proximo-dia-4-de-abril/","oficial","http://g1.globo.com/am/amazonas/noticia/2014/04/jose-melo-assume-o-governo-do-amazonas-nesta-sexta-feira-04.html","imprensa",NA,TRUE,FALSE,FALSE,"oficial"
"eventos_governos_fonte_oficial.csv","M2014_AM_4_90_40000000488","AM","2014","VICE-GOVERNADOR","JOSÉ HENRIQUE OLIVEIRA","cassacao","http://web.archive.org/web/20210523121927/http://www.tse.jus.br/imprensa/noticias-tse/2017/Maio/tse-cassa-governador-do-amazonas-e-determina-nova-eleicao-para-o-cargo","noticia_oficial","https://agenciabrasil.ebc.com.br/politica/noticia/2017-05/tse-confirma-cassacao-do-governador-do-amazonas-e-decide-por-novas-eleicoes","imprensa",NA,FALSE,TRUE,FALSE,"noticia_oficial"
"eventos_governos_fonte_oficial.csv","M2022_AM_4_44_40001619527","AM","2022","VICE-GOVERNADOR","TADEU DE SOUZA SILVA","renuncia","https://g1.globo.com/am/amazonas/eleicoes/2026/noticia/2026/05/04/roberto-cidade-e-eleito-governador-do-amazonas-em-eleicao-indireta.ghtml","imprensa","https://www.acritica.com/politica/wilson-e-tadeu-renunciam-e-roberto-cidade-e-o-novo-governador-do-am-1.400449","imprensa",NA,FALSE,FALSE,TRUE,"imprensa"
"eventos_governos_fonte_oficial.csv","M1998_AP_3_40_300000303000401","AP","1998","GOVERNADOR","JOAO ALBERTO RODRIGUES CAPIBERIBE","renuncia","https://www1.folha.uol.com.br/fsp/brasil/fc0904200219.htm","imprensa","https://www18.fgv.br/cpdoc/acervo/dicionarios/verbete-biografico/joao-alberto-rodrigues-capiberibe","referencia_academica",NA,FALSE,FALSE,TRUE,"referencia_academica"
"eventos_governos_fonte_oficial.csv","M2006_AP_3_12_10081","AP","2006","GOVERNADOR","ANTONIO WALDEZ GÓES DA SILVA","renuncia","http://g1.globo.com/politica/noticia/2010/09/ex-governador-do-amapa-waldez-goes-tambem-e-preso-diz-advogado.html","imprensa","https://web.archive.org/web/20110724150414/http://www.istoedinheiro.com.br/noticias/18410_DEZ+GOVERNADORES+DEVEM+DEIXAR+O+CARGO+ATE+SABADO","imprensa",NA,FALSE,FALSE,TRUE,"imprensa"
"eventos_governos_fonte_oficial.csv","M1998_AP_4_131_300000304001311","AP","1998","VICE-GOVERNADOR","MARIA DALVA DE SOUZA FIGUEIREDO","assumiu_titular","https://www18.fgv.br/cpdoc/acervo/dicionarios/verbete-biografico/figueiredo-dalva","referencia_academica","https://www1.folha.uol.com.br/fsp/brasil/fc0904200219.htm","imprensa",NA,FALSE,FALSE,TRUE,"referencia_academica"
"eventos_governos_fonte_oficial.csv","M2006_AP_4_12_10082","AP","2006","VICE-GOVERNADOR","PEDRO PAULO DIAS DE CARVALHO","assumiu_titular","http://g1.globo.com/politica/noticia/2010/09/ex-governador-do-amapa-waldez-goes-tambem-e-preso-diz-advogado.html","imprensa","https://web.archive.org/web/20110724150414/http://www.istoedinheiro.com.br/noticias/18410_DEZ+GOVERNADORES+DEVEM+DEIXAR+O+CARGO+ATE+SABADO","imprensa",NA,FALSE,FALSE,TRUE,"imprensa"
"eventos_governos_fonte_oficial.csv","M2014_AP_4_12_30000000099","AP","2014","VICE-GOVERNADOR","JOÃO BOSCO PAPALÉO PAES","renuncia","https://g1.globo.com/ap/amapa/eleicoes/2018/noticia/2018/08/07/vice-governador-do-amapa-papaleo-paes-anuncia-que-vai-renunciar-ao-cargo.ghtml","imprensa","https://www.diariodoamapa.com.br/cadernos/politica/medico-papaleo-paes-morre-aos-67-anos-vitima-da-covid-19/","imprensa",NA,FALSE,FALSE,TRUE,"imprensa"
"eventos_governos_fonte_oficial.csv","M2018_AP_4_12_30000613619","AP","2018","VICE-GOVERNADOR","JAIME DOMINGUEZ NUNES","fim_regular","https://g1.globo.com/ap/amapa/noticia/2023/01/01/clecio-luis-toma-posse-para-o-1o-mandato-como-governador-do-amapa.ghtml","imprensa","https://www.cnnbrasil.com.br/politica/pesquisa-ipec-governo-do-amapa-clecio-luis-tem-41-jaime-nunes-35/","imprensa",NA,FALSE,FALSE,TRUE,"imprensa"
"eventos_governos_fonte_oficial.csv","M1998_BA_3_25_500000503000251","BA","1998","GOVERNADOR","CÉSAR AUGUSTO RABELLO BORGES","renuncia","https://www.al.ba.gov.br/deputados/ex-deputado-estadual/5000455","oficial","https://www1.folha.uol.com.br/folha/brasil/ult96u31011.shtml","imprensa",NA,TRUE,FALSE,FALSE,"oficial"
"eventos_governos_fonte_oficial.csv","M1998_BA_4_221_500000504002211","BA","1998","VICE-GOVERNADOR","OTTO ROBERTO MENDONCA DE ALENCAR","assumiu_titular","https://www.al.ba.gov.br/deputados/ex-deputado-estadual/5000455","oficial","https://politicaaovivo.com/agora-com-rui-costa-bahia-tem-oito-ex-governadores-vivos-relembre/","imprensa",NA,TRUE,FALSE,FALSE,"oficial"
"eventos_governos_fonte_oficial.csv","M1998_CE_3_45_600000603000451","CE","1998","GOVERNADOR","TASSO RIBEIRO JEREISSATI","renuncia","https://diariodonordeste.verdesmares.com.br/opiniao/colunistas/inacio-aguiar/apos-20-anos-ceara-volta-a-ter-renuncia-de-um-governador-veja-como-e-a-transmissao-do-cargo-1.3212079","imprensa","https://www1.folha.uol.com.br/fsp/brasil/fc0704200202.htm","imprensa",NA,FALSE,FALSE,TRUE,"imprensa"
"eventos_governos_fonte_oficial.csv","M2018_CE_3_13_60000610979","CE","2018","GOVERNADOR","CAMILO SOBREIRA DE SANTANA","renuncia","https://www.fortaleza.ce.gov.br/noticias/primeira-mulher-governadora-efetiva-do-ceara-izolda-cela-toma-posse-neste-sabado-02-04","noticia_oficial","https://g1.globo.com/ce/ceara/eleicoes/2022/noticia/2022/04/02/posse-de-izolda-cela-no-ceara.ghtml","imprensa",NA,FALSE,TRUE,FALSE,"noticia_oficial"
"eventos_governos_fonte_oficial.csv","M1998_CE_4_451_600000604004511","CE","1998","VICE-GOVERNADOR","BENEDITO CLAYTON VERAS ALCÂNTARA","assumiu_titular","https://diariodonordeste.verdesmares.com.br/opiniao/colunistas/inacio-aguiar/apos-20-anos-ceara-volta-a-ter-renuncia-de-um-governador-veja-como-e-a-transmissao-do-cargo-1.3212079","imprensa","https://www18.fgv.br/cpdoc/acervo/dicionarios/verbete-biografico/veras-beni","referencia_academica",NA,FALSE,FALSE,TRUE,"referencia_academica"
"eventos_governos_fonte_oficial.csv","M2018_CE_4_13_60000610980","CE","2018","VICE-GOVERNADOR","MARIA IZOLDA CELA DE ARRUDA COELHO","assumiu_titular","https://www.fortaleza.ce.gov.br/noticias/primeira-mulher-governadora-efetiva-do-ceara-izolda-cela-toma-posse-neste-sabado-02-04","noticia_oficial","https://g1.globo.com/ce/ceara/eleicoes/2022/noticia/2022/04/02/posse-de-izolda-cela-no-ceara.ghtml","imprensa",NA,FALSE,TRUE,FALSE,"noticia_oficial"
"eventos_governos_fonte_oficial.csv","M2002_DF_3_15_512","DF","2002","GOVERNADOR","JOAQUIM DOMINGOS RORIZ","renuncia","https://goias.gov.br/vicegovernadoria/joaquim-domingos-roriz/","oficial","https://www.psdb.org.br/acompanhe/noticias/abadia-assume-o-governo-do-distrito-federal/","imprensa",NA,TRUE,FALSE,FALSE,"oficial"
"eventos_governos_fonte_oficial.csv","M2006_DF_3_25_10382","DF","2006","GOVERNADOR","JOSÉ ROBERTO ARRUDA","cassacao","https://www.tre-df.jus.br/jurisprudencia/informativo-tematico/perda-de-mandato-eletivo-por-infidelidade-partidaria","oficial","https://www.cl.df.gov.br/-/camara-e-notificada-sobre-cassacao-de-arruda-pelo-tre","oficial",NA,TRUE,FALSE,FALSE,"oficial"
"eventos_governos_fonte_oficial.csv","M2022_DF_3_15_70001651044","DF","2022","GOVERNADOR","IBANEIS ROCHA BARROS JÚNIOR","renuncia","https://www.cl.df.gov.br/-/celina-leao-toma-posse-como-governadora-do-distrito-federal","oficial","https://www.correiobraziliense.com.br/cidades-df/2026/03/7386160-eleicoes-ibaneis-rocha-deixa-o-governo-do-df-para-concorrer-ao-senado.html","imprensa",NA,TRUE,FALSE,FALSE,"oficial"
"eventos_governos_fonte_oficial.csv","M2002_DF_4_15_1594","DF","2002","VICE-GOVERNADOR","MARIA DE LOURDES ABADIA","assumiu_titular","https://www.psdb.org.br/acompanhe/noticias/abadia-assume-o-governo-do-distrito-federal/","imprensa","https://bernadetealves.com/2023/10/23/abadia-primeira-mulher-a-governar-brasilia-toma-posse-como-academica-no-ihg-df/","imprensa",NA,FALSE,FALSE,TRUE,"imprensa"
"eventos_governos_fonte_oficial.csv","M2006_DF_4_25_10383","DF","2006","VICE-GOVERNADOR","PAULO OCTÁVIO ALVES PEREIRA","renuncia","https://www.cl.df.gov.br/-/paulo-octavio-renuncia-em-carta-enviada-a-camara-legislativa","oficial","https://www.conjur.com.br/2010-fev-23/paulo-octavio-renuncia-cargo-governador-exercicio-df/","imprensa",NA,TRUE,FALSE,FALSE,"oficial"
"eventos_governos_fonte_oficial.csv","M2022_DF_4_15_70001651045","DF","2022","VICE-GOVERNADOR","CELINA LEÃO HIZIM FERREIRA","assumiu_titular","https://www.cl.df.gov.br/-/celina-leao-toma-posse-como-governadora-do-distrito-federal","oficial","https://jornaldebrasilia.com.br/brasilia/celina-leao-assume-governo-do-df-apos-renuncia-de-ibaneis-rocha/","imprensa",NA,TRUE,FALSE,FALSE,"oficial"
"eventos_governos_fonte_oficial.csv","M2022_ES_3_40_80001649123","ES","2022","GOVERNADOR","JOSÉ RENATO CASAGRANDE","renuncia","https://www.agazeta.com.br/es/politica/ricardo-ferraco-toma-posse-como-governador-do-espirito-santo-0426","imprensa","https://www.montanhascapixabas.com.br/assembleia-legislativa-admite-renuncia-do-governador-renato-casagrande/","imprensa",NA,FALSE,FALSE,TRUE,"imprensa"
"eventos_governos_fonte_oficial.csv","M2002_ES_4_40_148","ES","2002","VICE-GOVERNADOR","WELINGTON COIMBRA","fim_regular","https://www18.fgv.br/cpdoc/acervo/dicionarios/verbete-biografico/coimbra-lelo","referencia_academica","https://eshoje.com.br/politica/2026/02/mdb-consolida-comando-e-blinda-caminho-de-ricardo-para-2026/","imprensa",NA,FALSE,FALSE,TRUE,"referencia_academica"
"eventos_governos_fonte_oficial.csv","M2014_ES_4_15_80000000428","ES","2014","VICE-GOVERNADOR","CÉSAR ROBERTO COLNAGHI","fim_regular","https://emdiaes.com.br/politica/cesar-colnago-retorna-ao-palacio-anchieta-para-integrar-equipe-de-ricardo-ferraco/","imprensa","https://eshoje.com.br/politica/2026/02/mdb-consolida-comando-e-blinda-caminho-de-ricardo-para-2026/","imprensa",NA,FALSE,FALSE,TRUE,"imprensa"
"eventos_governos_fonte_oficial.csv","M2022_ES_4_40_80001649124","ES","2022","VICE-GOVERNADOR","RICARDO DE REZENDE FERRAÇO","assumiu_titular","https://www.agazeta.com.br/es/politica/ricardo-ferraco-toma-posse-como-governador-do-espirito-santo-0426","imprensa","https://emdiaes.com.br/politica/ricardo-ferraco-toma-posse-como-governador-do-espirito-santo-apos-renuncia-de-casagrande/","imprensa",NA,FALSE,FALSE,TRUE,"imprensa"
"eventos_governos_fonte_oficial.csv","M2002_GO_3_45_406","GO","2002","GOVERNADOR","MARCONI FERREIRA PERILLO JUNIOR","renuncia","https://portal.al.go.leg.br/deputados/perfil-biografico/435","oficial","https://jotacidade.com/noticias/alcides-rodrigues-eu-fiz-um-grande-esforco-para-solucionar-anseios-e-aspiracoes-do-povo-goiano/","imprensa",NA,TRUE,FALSE,FALSE,"oficial"
"eventos_governos_fonte_oficial.csv","M2014_GO_3_45_90000000637","GO","2014","GOVERNADOR","MARCONI FERREIRA PERILLO JUNIOR","renuncia","https://portal.al.go.leg.br/noticias/92968/renuncia-de-marconi-perillo","noticia_oficial","https://www.jornalopcao.com.br/ultimas-noticias/governador-com-mais-tempo-no-cargo-marconi-renuncia-neste-sabado-7-121727/","imprensa",NA,FALSE,TRUE,FALSE,"noticia_oficial"
"eventos_governos_fonte_oficial.csv","M2022_GO_3_44_90001646326","GO","2022","GOVERNADOR","RONALDO RAMOS CAIADO","renuncia","https://portal.al.go.leg.br/noticias/163542","noticia_oficial","https://g1.globo.com/go/goias/eleicoes/2026/noticia/2026/03/31/ronaldo-caiado-deixa-governo-e-transfere-cargo-a-daniel-vilela.ghtml","imprensa",NA,FALSE,TRUE,FALSE,"noticia_oficial"
"eventos_governos_fonte_oficial.csv","M2002_GO_4_45_336","GO","2002","VICE-GOVERNADOR","ALCIDES RODRIGUES FILHO","assumiu_titular","https://www18.fgv.br/cpdoc/acervo/dicionarios/verbete-biografico/rodrigues-alcides","referencia_academica","https://jotacidade.com/noticias/alcides-rodrigues-eu-fiz-um-grande-esforco-para-solucionar-anseios-e-aspiracoes-do-povo-goiano/","imprensa",NA,FALSE,FALSE,TRUE,"referencia_academica"
"eventos_governos_fonte_oficial.csv","M2006_GO_4_11_10093","GO","2006","VICE-GOVERNADOR","ADEMIR DE OLIVEIRA MENEZES","fim_regular","https://goias.gov.br/vicegovernadoria/galeria-de-vice-governadores-de-goias/","oficial","https://portal.al.go.leg.br/noticias/37526","noticia_oficial",NA,TRUE,TRUE,FALSE,"oficial"
"eventos_governos_fonte_oficial.csv","M2014_GO_4_45_90000000638","GO","2014","VICE-GOVERNADOR","JOSÉ ELITON DE FIGUEREDO JUNIOR","assumiu_titular","https://portal.al.go.leg.br/noticias/92976","noticia_oficial","https://www.jornalopcao.com.br/ultimas-noticias/governador-com-mais-tempo-no-cargo-marconi-renuncia-neste-sabado-7-121727/","imprensa",NA,FALSE,TRUE,FALSE,"noticia_oficial"
"eventos_governos_fonte_oficial.csv","M2022_GO_4_44_90001646327","GO","2022","VICE-GOVERNADOR","DANIEL ELIAS CARVALHO VILELA","assumiu_titular","https://portal.al.go.leg.br/noticias/163529","noticia_oficial","https://g1.globo.com/go/goias/eleicoes/2026/noticia/2026/03/31/ronaldo-caiado-deixa-governo-e-transfere-cargo-a-daniel-vilela.ghtml","imprensa",NA,FALSE,TRUE,FALSE,"noticia_oficial"
"eventos_governos_fonte_oficial.csv","M1998_MA_3_25_100001003000251","MA","1998","GOVERNADOR","ROSEANA SARNEY MURAD","renuncia","https://www1.folha.uol.com.br/folha/brasil/ult96u31013.shtml","imprensa","https://web.archive.org/web/20020409091955id_/http://jbonline.terra.com.br:80/jb/papel/brasil/2002/04/06/jorbra20020406001.html","imprensa",NA,FALSE,FALSE,TRUE,"imprensa"
"eventos_governos_fonte_oficial.csv","M2006_MA_3_12_10095","MA","2006","GOVERNADOR","JACKSON KEPLER LAGO","cassacao","https://web.archive.org/web/2009id_/http://g1.globo.com/Noticias/Politica/0,,MUL1088314-5601,00-TSE+NEGA+RECURSOS+E+CONFIRMA+CASSACAO+DO+GOVERNADOR+DO+MARANHAO.html","imprensa","https://politica.estadao.com.br/noticias/geral,tse-sela-cassacao-de-lago-e-manda-empossar-roseana-ja,356256","imprensa",NA,FALSE,FALSE,TRUE,"imprensa"
"eventos_governos_fonte_oficial.csv","M2018_MA_3_65_100000603926","MA","2018","GOVERNADOR","FLÁVIO DINO DE CASTRO E COSTA","renuncia","https://www.al.ma.leg.br/noticias2/43213","noticia_oficial","https://jornalpequeno.com.br/2022/04/02/brandao-assume-neste-sabado-o-cargo-de-governador-do-maranhao/","imprensa",NA,FALSE,TRUE,FALSE,"noticia_oficial"
"eventos_governos_fonte_oficial.csv","M1998_MA_4_251_100001004002511","MA","1998","VICE-GOVERNADOR","JOSÉ REINALDO CARNEIRO TAVARES","assumiu_titular","https://www1.folha.uol.com.br/folha/brasil/ult96u31039.shtml","imprensa","https://www1.folha.uol.com.br/folha/brasil/ult96u31013.shtml","imprensa",NA,FALSE,FALSE,TRUE,"imprensa"
"eventos_governos_fonte_oficial.csv","M2006_MA_4_12_10112","MA","2006","VICE-GOVERNADOR","LUIS CARLOS PORTO","cassacao","https://web.archive.org/web/2009id_/http://g1.globo.com/Noticias/Politica/0,,MUL1088314-5601,00-TSE+NEGA+RECURSOS+E+CONFIRMA+CASSACAO+DO+GOVERNADOR+DO+MARANHAO.html","imprensa","https://politica.estadao.com.br/noticias/geral,tse-sela-cassacao-de-lago-e-manda-empossar-roseana-ja,356256","imprensa",NA,FALSE,FALSE,TRUE,"imprensa"
"eventos_governos_fonte_oficial.csv","M2010_MA_4_15_100000000205","MA","2010","VICE-GOVERNADOR","JOAQUIM WASHINGTON LUIZ DE OLIVEIRA","renuncia","https://web.archive.org/web/20190725102601id_/http://site.tcema.tc.br/index.php/noticias-internet/268-washington-oliveira-e-empossado-como-conselheiro-do-tce","noticia_oficial","http://www1.folha.uol.com.br/poder/2014/12/1560261-roseana-sarney-renuncia-ao-governo-do-maranhao.shtml","imprensa",NA,FALSE,TRUE,FALSE,"noticia_oficial"
"eventos_governos_fonte_oficial.csv","M2018_MA_4_65_100000603919","MA","2018","VICE-GOVERNADOR","CARLOS ORLEANS BRANDÃO JÚNIOR","assumiu_titular","https://www.al.ma.leg.br/noticias2/43213","noticia_oficial","https://jornalpequeno.com.br/2022/04/02/brandao-assume-neste-sabado-o-cargo-de-governador-do-maranhao/","imprensa",NA,FALSE,TRUE,FALSE,"noticia_oficial"
"eventos_governos_fonte_oficial.csv","M2006_MG_3_45_10104","MG","2006","GOVERNADOR","AÉCIO NEVES DA CUNHA","renuncia","https://www.almg.gov.br/acompanhe/noticias/arquivos/2010/03/Not_787003.html","noticia_oficial","http://www1.folha.uol.com.br/folha/brasil/ult96u715137.shtml","imprensa",NA,FALSE,TRUE,FALSE,"noticia_oficial"
"eventos_governos_fonte_oficial.csv","M2010_MG_3_45_130000000950","MG","2010","GOVERNADOR","ANTONIO AUGUSTO JUNHO ANASTASIA","renuncia","https://www.almg.gov.br/acompanhe/noticias/arquivos/2014/04/2_plenario_renuncia_anastasia.html","noticia_oficial","http://www1.folha.uol.com.br/poder/2014/04/1435792-novo-governador-de-mg-toma-posse-e-buscara-apoio-do-pp-a-aecio.shtml","imprensa",NA,FALSE,TRUE,FALSE,"noticia_oficial"
"eventos_governos_fonte_oficial.csv","M2022_MG_3_30_130001701690","MG","2022","GOVERNADOR","ROMEU ZEMA NETO","renuncia","https://www.almg.gov.br/comunicacao/noticias/arquivos/Assembleia-da-posse-a-novo-governador-de-Minas/","noticia_oficial","https://www1.folha.uol.com.br/poder/2026/03/zema-renuncia-em-mg-com-ataques-ao-governo-lula.shtml","imprensa",NA,FALSE,TRUE,FALSE,"noticia_oficial"
"eventos_governos_fonte_oficial.csv","M2006_MG_4_45_10105","MG","2006","VICE-GOVERNADOR","ANTONIO AUGUSTO JUNHO ANASTASIA","assumiu_titular","https://www.almg.gov.br/acompanhe/noticias/arquivos/2010/03/Not_787166.html","noticia_oficial","http://www1.folha.uol.com.br/folha/brasil/ult96u715137.shtml","imprensa",NA,FALSE,TRUE,FALSE,"noticia_oficial"
"eventos_governos_fonte_oficial.csv","M2010_MG_4_45_130000000951","MG","2010","VICE-GOVERNADOR","ALBERTO PINTO COELHO JUNIOR","assumiu_titular","https://www.almg.gov.br/acompanhe/noticias/arquivos/2014/04/04_plenario_posse_alberto_pinto_coelho.html","noticia_oficial","http://www1.folha.uol.com.br/poder/2014/04/1435792-novo-governador-de-mg-toma-posse-e-buscara-apoio-do-pp-a-aecio.shtml","imprensa",NA,FALSE,TRUE,FALSE,"noticia_oficial"
"eventos_governos_fonte_oficial.csv","M2022_MG_4_30_130001701691","MG","2022","VICE-GOVERNADOR","MATEUS SIMÕES DE ALMEIDA","assumiu_titular","https://www.almg.gov.br/comunicacao/noticias/arquivos/Assembleia-da-posse-a-novo-governador-de-Minas/","noticia_oficial","https://www1.folha.uol.com.br/poder/2026/03/zema-renuncia-em-mg-com-ataques-ao-governo-lula.shtml","imprensa",NA,FALSE,TRUE,FALSE,"noticia_oficial"
"eventos_governos_fonte_oficial.csv","M2002_MS_4_13_730","MS","2002","VICE-GOVERNADOR","EGON KRAKHECKE","fim_regular","http://www.correiodoestado.com.br/noticias/os-vice-governadores-de-mato-grosso-do-sul/2719","imprensa","",NA,NA,FALSE,FALSE,TRUE,"imprensa"
"eventos_governos_fonte_oficial.csv","M1998_MT_3_45_110001103000451","MT","1998","GOVERNADOR","DANTE MARTINS DE OLIVEIRA","renuncia","https://web.archive.org/web/20210508030339/https://www.al.mt.gov.br/midia/texto/assembleia-legislativa-empossa-rogerio-salles/visualizar","oficial","",NA,NA,TRUE,FALSE,FALSE,"oficial"
"eventos_governos_fonte_oficial.csv","M2006_MT_3_23_10323","MT","2006","GOVERNADOR","BLAIRO BORGES MAGGI","renuncia","https://web.archive.org/web/20100418064131/http://www.mt.gov.br:80/wps/portal/!ut/p/kcxml/04_Sj9SPykssy0xPLMnMz0vM0Y_QjzKLN4p38wPJgFjGpvqRyCIG8Y5wAV-P_NxU_SB9b_0A_YLc0IhyR0dFAC2xHoQ!/delta/base64xml/L0lDU0lKQ1RPN29na21BISEvb0VvUUFBSVFnakZJQUFRaENFSVFqR0VBLzRKRmlDbzBlaDFpY29uUVZHaGQtc0lRIS83XzJfMjFMLzg!?WCM_PORTLET=PC_7_2_21L_WCM&WCM_GLOBAL_CONTEXT=/wps/wcm/connect/e-MatoGrosso/Not%C3%ADcias/Not%C3%ADcias/Confira+lista+do+secretariado+do+governador+Silval+Barbosa&siteArea=Governo&con=Confira+lista+do+secretariado+do+governador+Silval+Barbosa","oficial","https://web.archive.org/web/20150101091504/http://noticias.terra.com.br/brasil/politica/blairo-maggi-deixa-governo-de-mt-para-concorrer-ao-senado,238a63fc8940b310VgnCLD200000bbcceb0aRCRD.html","imprensa",NA,TRUE,FALSE,FALSE,"oficial"
"eventos_governos_fonte_oficial.csv","M2022_MT_3_44_110001643543","MT","2022","GOVERNADOR","MAURO MENDES FERREIRA","renuncia","https://www.secom.mt.gov.br/w/otaviano-pivetta-toma-posse-como-governador-de-mato-grosso-com-foco-em-parcerias-com-munic%C3%ADpios","oficial","https://www.metropoles.com/brasil/otaviano-pivetta-assume-o-governo-de-mt-nesta-terca-feira-31-3","imprensa",NA,TRUE,FALSE,FALSE,"oficial"
"eventos_governos_fonte_oficial.csv","M1998_MT_4_451_110001104004511","MT","1998","VICE-GOVERNADOR","JOSÉ ROGERIO SALLES","assumiu_titular","https://web.archive.org/web/20210508030339/https://www.al.mt.gov.br/midia/texto/assembleia-legislativa-empossa-rogerio-salles/visualizar","oficial","",NA,NA,TRUE,FALSE,FALSE,"oficial"
"eventos_governos_fonte_oficial.csv","M2006_MT_4_23_10322","MT","2006","VICE-GOVERNADOR","SILVAL DA CUNHA BARBOSA","assumiu_titular","https://web.archive.org/web/20100418064131/http://www.mt.gov.br:80/wps/portal/!ut/p/kcxml/04_Sj9SPykssy0xPLMnMz0vM0Y_QjzKLN4p38wPJgFjGpvqRyCIG8Y5wAV-P_NxU_SB9b_0A_YLc0IhyR0dFAC2xHoQ!/delta/base64xml/L0lDU0lKQ1RPN29na21BISEvb0VvUUFBSVFnakZJQUFRaENFSVFqR0VBLzRKRmlDbzBlaDFpY29uUVZHaGQtc0lRIS83XzJfMjFMLzg!?WCM_PORTLET=PC_7_2_21L_WCM&WCM_GLOBAL_CONTEXT=/wps/wcm/connect/e-MatoGrosso/Not%C3%ADcias/Not%C3%ADcias/Confira+lista+do+secretariado+do+governador+Silval+Barbosa&siteArea=Governo&con=Confira+lista+do+secretariado+do+governador+Silval+Barbosa","oficial","https://web.archive.org/web/20150101091504/http://noticias.terra.com.br/brasil/politica/blairo-maggi-deixa-governo-de-mt-para-concorrer-ao-senado,238a63fc8940b310VgnCLD200000bbcceb0aRCRD.html","imprensa",NA,TRUE,FALSE,FALSE,"oficial"
"eventos_governos_fonte_oficial.csv","M2014_MT_4_12_110000000002","MT","2014","VICE-GOVERNADOR","CARLOS HENRIQUE BAQUETA FÁVARO","renuncia","https://g1.globo.com/mt/mato-grosso/noticia/vice-governador-de-mato-grosso-anuncia-renuncia-do-cargo.ghtml","imprensa","",NA,NA,FALSE,FALSE,TRUE,"imprensa"
"eventos_governos_fonte_oficial.csv","M2022_MT_4_44_110001643542","MT","2022","VICE-GOVERNADOR","OTAVIANO OLAVO PIVETTA","assumiu_titular","https://www.secom.mt.gov.br/w/otaviano-pivetta-toma-posse-como-governador-de-mato-grosso-com-foco-em-parcerias-com-munic%C3%ADpios","oficial","https://www.metropoles.com/brasil/otaviano-pivetta-assume-o-governo-de-mt-nesta-terca-feira-31-3","imprensa",NA,TRUE,FALSE,FALSE,"oficial"
"eventos_governos_fonte_oficial.csv","M2022_PA_3_15_140001651993","PA","2022","GOVERNADOR","HELDER ZAHLUTH BARBALHO","renuncia","https://www.alepa.pa.gov.br/Comunicacao/Noticia/11627/mensagem-de-renuncia-de-helder-e-entregue-ao-legislativo-e-marca-transicao-no-governo-do-para","noticia_oficial","https://correiodecarajas.com.br/hana-ghassan-toma-posse-como-nova-governadora-do-estado-do-para/","imprensa",NA,FALSE,TRUE,FALSE,"noticia_oficial"
"eventos_governos_fonte_oficial.csv","M2018_PA_4_15_140000621336","PA","2018","VICE-GOVERNADOR","LUCIO DUTRA VALE","renuncia","https://www.alepa.pa.gov.br/Comunicacao/Noticia/6594/deputados-aprovam-projetos-de-lei-e-fazem-arguicao-de-lucio-vale","noticia_oficial","https://www.oliberal.com/politica/vice-governador-lucio-vale-e-aprovado-por-deputados-para-assumir-cargo-no-tcm-1.377385","imprensa",NA,FALSE,TRUE,FALSE,"noticia_oficial"
"eventos_governos_fonte_oficial.csv","M2022_PA_4_15_140001651992","PA","2022","VICE-GOVERNADOR","HANA GHASSAN TUMA","assumiu_titular","https://www.alepa.pa.gov.br/Comunicacao/Noticia/11627/mensagem-de-renuncia-de-helder-e-entregue-ao-legislativo-e-marca-transicao-no-governo-do-para","noticia_oficial","https://correiodecarajas.com.br/hana-ghassan-toma-posse-como-nova-governadora-do-estado-do-para/","imprensa",NA,FALSE,TRUE,FALSE,"noticia_oficial"
"eventos_governos_fonte_oficial.csv","M1998_PB_3_15_150001503000151","PB","1998","GOVERNADOR","JOSÉ TARGINO MARANHÃO","renuncia","https://jornaldaparaiba.com.br/politica/governadores-paraiba-segundo-mandato-ze-maranhao","imprensa","https://www18.fgv.br/cpdoc/acervo/dicionarios/verbete-biografico/jose-targino-maranhao","referencia_academica",NA,FALSE,FALSE,TRUE,"referencia_academica"
"eventos_governos_fonte_oficial.csv","M2006_PB_3_45_10055","PB","2006","GOVERNADOR","CASSIO RODRIGUES DA CUNHA LIMA","cassacao","https://www.conjur.com.br/2009-fev-17/tse-confirma-cassacao-cunha-lima-governardor-paraiba/","imprensa","https://www18.fgv.br/cpdoc/acervo/dicionarios/verbete-biografico/cassio-rodrigues-da-cunha-lima","referencia_academica",NA,FALSE,FALSE,TRUE,"referencia_academica"
"eventos_governos_fonte_oficial.csv","M2022_PB_3_40_150001613757","PB","2022","GOVERNADOR","JOÃO AZEVEDO LINS FILHO","renuncia","https://web.archive.org/web/20260519012625/https://ouvidoria.pb.gov.br/noticias/lucas-ribeiro-assume-governo-da-pb","noticia_oficial","https://jornaldaparaiba.com.br/politica/joao-azevedo-renuncia-para-disputar-eleicoes-2026-e-lucas-ribeiro-assume-o-governo-da-pb","imprensa",NA,FALSE,TRUE,FALSE,"noticia_oficial"
"eventos_governos_fonte_oficial.csv","M1998_PB_4_151_150001504001511","PB","1998","VICE-GOVERNADOR","ANTONIO ROBERTO DE SOUSA PAULINO","assumiu_titular","https://jornaldaparaiba.com.br/politica/governadores-paraiba-segundo-mandato-ze-maranhao","imprensa","https://www18.fgv.br/cpdoc/acervo/dicionarios/verbete-biografico/jose-targino-maranhao","referencia_academica",NA,FALSE,FALSE,TRUE,"referencia_academica"
"eventos_governos_fonte_oficial.csv","M2006_PB_4_45_10056","PB","2006","VICE-GOVERNADOR","JOSÉ LACERDA NETO","cassacao","https://noticias.stf.jus.br/postsnoticias/arquivada-acao-do-psdb-em-favor-de-cassio-cunha-lima/","noticia_oficial","https://www.conjur.com.br/2009-fev-17/tse-confirma-cassacao-cunha-lima-governardor-paraiba/","imprensa",NA,FALSE,TRUE,FALSE,"noticia_oficial"
"eventos_governos_fonte_oficial.csv","M2002_PE_3_15_243","PE","2002","GOVERNADOR","JARBAS DE ANDRADE VASCONCELOS","renuncia","https://www25.senado.leg.br/web/atividade/pronunciamentos/-/p/pronunciamento/361583","oficial","https://www1.folha.uol.com.br/fsp/brasil/fc2803200632.htm","imprensa",NA,TRUE,FALSE,FALSE,"oficial"
"eventos_governos_fonte_oficial.csv","M2010_PE_3_40_170000000001","PE","2010","GOVERNADOR","EDUARDO HENRIQUE ACCIOLY CAMPOS","renuncia","https://www.alepe.pe.gov.br/Flip/pubs/diario-oficial-05042014/Flip.pdf","oficial","https://psb40.org.br/joao-lyra-neto-assume-o-governo-de-pernambuco/","imprensa",NA,TRUE,FALSE,FALSE,"oficial"
"eventos_governos_fonte_oficial.csv","M2002_PE_4_15_923","PE","2002","VICE-GOVERNADOR","JOSÉ MENDONÇA BEZERRA FILHO","assumiu_titular","https://www25.senado.leg.br/web/atividade/pronunciamentos/-/p/pronunciamento/361583","oficial","https://www.camara.leg.br/deputados/74428/biografia","oficial",NA,TRUE,FALSE,FALSE,"oficial"
"eventos_governos_fonte_oficial.csv","M2010_PE_4_40_170000000002","PE","2010","VICE-GOVERNADOR","JOAO SOARES LYRA NETO","assumiu_titular","https://www.alepe.pe.gov.br/Flip/pubs/diario-oficial-05042014/Flip.pdf","oficial","https://psb40.org.br/joao-lyra-neto-assume-o-governo-de-pernambuco/","imprensa",NA,TRUE,FALSE,FALSE,"oficial"
"eventos_governos_fonte_oficial.csv","M1998_PI_3_15_180001803000151","PI","1998","GOVERNADOR","FRANCISCO DE ASSIS DE MORAES SOUZA","cassacao","https://www18.fgv.br/cpdoc/acervo/dicionarios/verbete-biografico/hugo-napoleao-do-rego-neto","referencia_academica","https://pt.wikipedia.org/wiki/M%C3%A3o_Santa","wikipedia",NA,FALSE,FALSE,TRUE,"referencia_academica"
"eventos_governos_fonte_oficial.csv","M2006_PI_3_13_10075","PI","2006","GOVERNADOR","JOSE WELLINGTON BARROSO DE ARAUJO DIAS","renuncia","https://web.archive.org/web/2010id_/http://www.cidadeverde.com:80/veja-com-exclusividade-carta-de-renuncia-do-governador-wellington-dias-55799","imprensa","https://web.archive.org/web/2010id_/http://www.tvcanal13.com.br:80/noticias/emocionados-wdias-renuncia-e-wilson-martins-assume-governo-do-piaui-97865.asp","imprensa",NA,FALSE,FALSE,TRUE,"imprensa"
"eventos_governos_fonte_oficial.csv","M2010_PI_3_40_180000000334","PI","2010","GOVERNADOR","WILSON NUNES MARTINS","renuncia","http://g1.globo.com/pi/piaui/noticia/2014/04/jose-filho-pmdb-e-empossado-como-novo-governador-do-piaui.html","imprensa","https://web.archive.org/web/2014id_/http://www.meionorte.com:80/efremribeiro/jose-filho-assume-governo-e-reune-secretariado-na-2-feira-para-tracar-metas-291693.html","imprensa",NA,FALSE,FALSE,TRUE,"imprensa"
"eventos_governos_fonte_oficial.csv","M2018_PI_3_13_180000614002","PI","2018","GOVERNADOR","JOSE WELLINGTON BARROSO DE ARAUJO DIAS","renuncia","https://www.al.pi.leg.br/comunicacao/noticias/wellington-dias-entrega-renuncia-do-cargo-de-governador-a-assembleia","noticia_oficial","https://g1.globo.com/pi/piaui/noticia/2022/03/31/quem-e-regina-sousa-pt-a-primeira-mulher-governadora-efetiva-do-piaui-que-assume-nesta-quinta-31.ghtml","imprensa",NA,FALSE,TRUE,FALSE,"noticia_oficial"
"eventos_governos_fonte_oficial.csv","M2006_PI_4_13_10090","PI","2006","VICE-GOVERNADOR","WILSON NUNES MARTINS","assumiu_titular","https://web.archive.org/web/2010id_/http://www.meionorte.com:80/efremribeiro,wilson-martins-toma-posse-e-convida-emilio-junior-para-secretaria-de-fazenda,120672.html","imprensa","https://web.archive.org/web/2010id_/http://www.tvcanal13.com.br:80/noticias/emocionados-wdias-renuncia-e-wilson-martins-assume-governo-do-piaui-97865.asp","imprensa",NA,FALSE,FALSE,TRUE,"imprensa"
"eventos_governos_fonte_oficial.csv","M2010_PI_4_40_180000000335","PI","2010","VICE-GOVERNADOR","ANTONIO JOSE DE MORAES SOUZA FILHO","assumiu_titular","http://g1.globo.com/pi/piaui/noticia/2014/04/jose-filho-pmdb-e-empossado-como-novo-governador-do-piaui.html","imprensa","https://web.archive.org/web/2014id_/http://www.meionorte.com:80/efremribeiro/jose-filho-assume-governo-e-reune-secretariado-na-2-feira-para-tracar-metas-291693.html","imprensa",NA,FALSE,FALSE,TRUE,"imprensa"
"eventos_governos_fonte_oficial.csv","M2018_PI_4_13_180000614003","PI","2018","VICE-GOVERNADOR","MARIA REGINA SOUSA","assumiu_titular","https://www.al.pi.leg.br/comunicacao/noticias/assembleia-legislativa-da-posse-a-regina-sousa-como-governadora-do-piaui","noticia_oficial","https://g1.globo.com/pi/piaui/noticia/2022/03/31/quem-e-regina-sousa-pt-a-primeira-mulher-governadora-efetiva-do-piaui-que-assume-nesta-quinta-31.ghtml","imprensa",NA,FALSE,TRUE,FALSE,"noticia_oficial"
"eventos_governos_fonte_oficial.csv","M1998_PR_3_25_160001603000251","PR","1998","GOVERNADOR","JAIME LERNER","fim_regular","https://www.casacivil.pr.gov.br/Pagina/Jaime-Lerner","oficial","",NA,NA,TRUE,FALSE,FALSE,"oficial"
"eventos_governos_fonte_oficial.csv","M2002_PR_3_15_152","PR","2002","GOVERNADOR","ROBERTO REQUIÃO DE MELLO E SILVA","fim_regular","https://www.casacivil.pr.gov.br/Pagina/Governantes-no-Periodo-Republicano","oficial","https://www.gazetadopovo.com.br/vida-e-cidadania/pedro-ivo-preside-sua-ultima-sessao-como-presidente-e-faz-balanco-do-periodo-a99dnrz3rgnyblu3pyzs2qs7i/","imprensa",NA,TRUE,FALSE,FALSE,"oficial"
"eventos_governos_fonte_oficial.csv","M2006_PR_3_15_10135","PR","2006","GOVERNADOR","ROBERTO REQUIÃO DE MELLO E SILVA","renuncia","https://www.casacivil.pr.gov.br/Pagina/Orlando-Pessuti","oficial","https://www.gazetadopovo.com.br/vida-publica/carta-de-renuncia-de-requiao-e-lida-na-assembleia-0awpdi52ih6eqroczz79iht1q/","imprensa",NA,TRUE,FALSE,FALSE,"oficial"
"eventos_governos_fonte_oficial.csv","M2014_PR_3_45_160000000558","PR","2014","GOVERNADOR","CARLOS ALBERTO RICHA","renuncia","https://www.casacivil.pr.gov.br/Pagina/Maria-Aparecida-Borghetti","oficial","https://www.gazetadopovo.com.br/politica/parana/eleicoes-2018/quem-e-cida-borghetti-a-sucessora-de-richa-no-governo-do-parana-28ertc7nagnx25z271coerhdb/","imprensa",NA,TRUE,FALSE,FALSE,"oficial"
"eventos_governos_fonte_oficial.csv","M1998_PR_4_141_160001604001411","PR","1998","VICE-GOVERNADOR","EMILIA DE SALLES BELINATI","fim_regular","https://www.casacivil.pr.gov.br/Pagina/Governantes-no-Periodo-Republicano","oficial","https://basearch.coc.fiocruz.br/index.php/emilia-belinati","imprensa",NA,TRUE,FALSE,FALSE,"oficial"
"eventos_governos_fonte_oficial.csv","M2006_PR_4_15_11123","PR","2006","VICE-GOVERNADOR","ORLANDO PESSUTI","assumiu_titular","https://www.casacivil.pr.gov.br/Pagina/Orlando-Pessuti","oficial","https://www.gazetadopovo.com.br/vida-publica/carta-de-renuncia-de-requiao-e-lida-na-assembleia-0awpdi52ih6eqroczz79iht1q/","imprensa",NA,TRUE,FALSE,FALSE,"oficial"
"eventos_governos_fonte_oficial.csv","M2014_PR_4_45_160000000559","PR","2014","VICE-GOVERNADOR","MARIA APARECIDA BORGHETTI","assumiu_titular","https://www.casacivil.pr.gov.br/Pagina/Maria-Aparecida-Borghetti","oficial","https://www.gazetadopovo.com.br/politica/parana/eleicoes-2018/quem-e-cida-borghetti-a-sucessora-de-richa-no-governo-do-parana-28ertc7nagnx25z271coerhdb/","imprensa",NA,TRUE,FALSE,FALSE,"oficial"
"eventos_governos_fonte_oficial.csv","M1998_RJ_3_12_190001903000121","RJ","1998","GOVERNADOR","ANTHONY WILLIAN GAROTINHO MATHEUS DE OLIVEIRA","renuncia","https://www18.fgv.br/cpdoc/acervo/dicionarios/verbete-biografico/benedita-sousa-da-silva","referencia_academica","http://www1.folha.uol.com.br/fsp/brasil/fc0604200211.htm","imprensa",NA,FALSE,FALSE,TRUE,"referencia_academica"
"eventos_governos_fonte_oficial.csv","M2010_RJ_3_15_190000000130","RJ","2010","GOVERNADOR","SERGIO DE OLIVEIRA CABRAL SANTOS FILHO","renuncia","http://g1.globo.com/rio-de-janeiro/noticia/2014/04/sergio-cabral-renuncia-atraves-de-carta-lida-em-solenidade-no-rio.html","imprensa","http://www1.folha.uol.com.br/poder/2014/04/1435752-novo-governador-do-rio-toma-posse-na-assembleia-legislativa.shtml","imprensa",NA,FALSE,FALSE,TRUE,"imprensa"
"eventos_governos_fonte_oficial.csv","M2018_RJ_3_20_190000612301","RJ","2018","GOVERNADOR","WILSON JOSÉ WITZEL","impeachment","https://www.alerj.rj.gov.br/Visualizar/Noticia/50487","noticia_oficial","https://g1.globo.com/rj/rio-de-janeiro/noticia/2021/04/30/tribunal-especial-abre-a-sessao-para-decidir-impeachment-de-witzel-1.ghtml","imprensa",NA,FALSE,TRUE,FALSE,"noticia_oficial"
"eventos_governos_fonte_oficial.csv","M2022_RJ_3_22_190001615753","RJ","2022","GOVERNADOR","CLÁUDIO BOMFIM DE CASTRO E SILVA","renuncia","https://g1.globo.com/rj/rio-de-janeiro/noticia/2026/03/23/apos-renuncia-de-castro-presidente-do-tjrj-assume-o-governo-e-tem-48h-para-convocar-eleicao-indireta-entenda.ghtml","imprensa","https://www1.folha.uol.com.br/poder/2026/03/claudio-castro-renuncia-ao-governo-do-rj-saio-com-a-cabeca-erguida.shtml","imprensa",NA,FALSE,FALSE,TRUE,"imprensa"
"eventos_governos_fonte_oficial.csv","M1998_RJ_4_131_190001904001311","RJ","1998","VICE-GOVERNADOR","BENEDITA SOUZA DA SILVA SAMPAIO","assumiu_titular","https://www18.fgv.br/cpdoc/acervo/dicionarios/verbete-biografico/benedita-sousa-da-silva","referencia_academica","http://www1.folha.uol.com.br/folha/brasil/ult96u31047.shtml","imprensa",NA,FALSE,FALSE,TRUE,"referencia_academica"
"eventos_governos_fonte_oficial.csv","M2010_RJ_4_15_190000000131","RJ","2010","VICE-GOVERNADOR","LUIZ FERNANDO DE SOUZA","assumiu_titular","http://www1.folha.uol.com.br/poder/2014/04/1435752-novo-governador-do-rio-toma-posse-na-assembleia-legislativa.shtml","imprensa","http://g1.globo.com/rio-de-janeiro/noticia/2014/04/sergio-cabral-renuncia-atraves-de-carta-lida-em-solenidade-no-rio.html","imprensa",NA,FALSE,FALSE,TRUE,"imprensa"
"eventos_governos_fonte_oficial.csv","M2018_RJ_4_20_190000612303","RJ","2018","VICE-GOVERNADOR","CLÁUDIO BOMFIM DE CASTRO E SILVA","assumiu_titular","https://www.alerj.rj.gov.br/Visualizar/Noticia/50489","noticia_oficial","https://www1.folha.uol.com.br/poder/2021/05/claudio-castro-toma-posse-como-governador-do-rio-apos-impeachment-de-witzel.shtml","imprensa",NA,FALSE,TRUE,FALSE,"noticia_oficial"
"eventos_governos_fonte_oficial.csv","M2022_RJ_4_22_190001738844","RJ","2022","VICE-GOVERNADOR","THIAGO PAMPOLHA GONÇALVES","renuncia","https://www.alerj.rj.gov.br/Visualizar/Noticia/76016","noticia_oficial","https://g1.globo.com/rj/rio-de-janeiro/noticia/2025/05/21/alerj-nomeacao-thiago-pampolha-conselheiro-do-tce.ghtml","imprensa",NA,FALSE,TRUE,FALSE,"noticia_oficial"
"eventos_governos_fonte_oficial.csv","M1998_RN_3_15_200002003000151","RN","1998","GOVERNADOR","GARIBALDI ALVES FILHO","renuncia","https://web.archive.org/web/20021201114319id_/http://www.tribunadonorte.com.br:80/anteriores/020405/politica/poli1.html","imprensa","https://www18.fgv.br/cpdoc/acervo/dicionarios/verbete-biografico/fernando-antonio-da-camara-freire","referencia_academica",NA,FALSE,FALSE,TRUE,"referencia_academica"
"eventos_governos_fonte_oficial.csv","M2006_RN_3_40_10006","RN","2006","GOVERNADOR","WILMA MARIA DE FARIA","renuncia","https://www.al.rn.leg.br/noticia/172/assembleia-realiza-posse-do-novo-governador-do-estado","noticia_oficial","https://web.archive.org/web/2010id_/http://g1.globo.com:80/Noticias/Politica/0,,MUL1554234-5601,00-DE+OLHO+NO+SENADO+NOVE+GOVERNADORES+RENUNCIAM+AOS+CARGOS.html","imprensa",NA,FALSE,TRUE,FALSE,"noticia_oficial"
"eventos_governos_fonte_oficial.csv","M1998_RN_4_111_200002004001111","RN","1998","VICE-GOVERNADOR","FERNANDO ANTÔNIO DA CÂMARA FREIRE","assumiu_titular","https://web.archive.org/web/20020502174525id_/http://www.tribunadonorte.com.br:80/anteriores/020406/politica/poli1.html","imprensa","https://www18.fgv.br/cpdoc/acervo/dicionarios/verbete-biografico/fernando-antonio-da-camara-freire","referencia_academica",NA,FALSE,FALSE,TRUE,"referencia_academica"
"eventos_governos_fonte_oficial.csv","M2006_RN_4_40_10007","RN","2006","VICE-GOVERNADOR","IBERÊ PAIVA FERREIRA DE SOUZA","assumiu_titular","https://www.al.rn.leg.br/noticia/171/assembleia-da-posse-a-ibere-ferreira-de-souza","noticia_oficial","https://web.archive.org/web/2010id_/http://g1.globo.com:80/Noticias/Politica/0,,MUL1554234-5601,00-DE+OLHO+NO+SENADO+NOVE+GOVERNADORES+RENUNCIAM+AOS+CARGOS.html","imprensa",NA,FALSE,TRUE,FALSE,"noticia_oficial"
"eventos_governos_fonte_oficial.csv","M2006_RO_3_23_10404","RO","2006","GOVERNADOR","IVO NARCISO CASSOL","renuncia","https://tcero.tc.br/2010/04/05/presidente-do-tce-destaca-obras-durante-renuncia-de-cassol-e-posse-de-cahulla/","oficial","https://www.rondoniagora.com/geral/rondonia-completa-39-anos-de-instalacao-relembre-fatos-historicos","imprensa",NA,TRUE,FALSE,FALSE,"oficial"
"eventos_governos_fonte_oficial.csv","M2014_RO_3_15_220000000187","RO","2014","GOVERNADOR","CONFUCIO AIRES MOURA","renuncia","https://rondonia.ro.gov.br/posse-e-transmissao-de-cargo-ao-governador-daniel-pereira/","oficial","https://psb40.org.br/daniel-pereira-do-psb-assume-o-governo-de-rondonia/","imprensa",NA,TRUE,FALSE,FALSE,"oficial"
"eventos_governos_fonte_oficial.csv","M2006_RO_4_23_10642","RO","2006","VICE-GOVERNADOR","JOÃO APARECIDO CAHULLA","assumiu_titular","https://tcero.tc.br/2010/04/05/presidente-do-tce-destaca-obras-durante-renuncia-de-cassol-e-posse-de-cahulla/","oficial","https://www.rondoniagora.com/geral/rondonia-completa-39-anos-de-instalacao-relembre-fatos-historicos","imprensa",NA,TRUE,FALSE,FALSE,"oficial"
"eventos_governos_fonte_oficial.csv","M2014_RO_4_15_220000000188","RO","2014","VICE-GOVERNADOR","DANIEL PEREIRA","assumiu_titular","https://rondonia.ro.gov.br/posse-e-transmissao-de-cargo-ao-governador-daniel-pereira/","oficial","https://psb40.org.br/daniel-pereira-do-psb-assume-o-governo-de-rondonia/","imprensa",NA,TRUE,FALSE,FALSE,"oficial"
"eventos_governos_fonte_oficial.csv","M1998_RR_3_11_230002303000111","RR","1998","GOVERNADOR","NEUDO RIBEIRO CAMPOS","renuncia","https://www12.senado.leg.br/noticias/materias/2002/05/10/mozarildo-destaca-atuacao-do-governo-neudo-campos","noticia_oficial","https://www.imprensaoficial.rr.gov.br/app/_edicoes/2002/04/doe-20020416.pdf","oficial",NA,TRUE,TRUE,FALSE,"oficial"
"eventos_governos_fonte_oficial.csv","M2002_RR_3_17_388","RR","2002","GOVERNADOR","FRANCISCO FLAMARION PORTELA","cassacao","https://noticias.stf.jus.br/postsnoticias/supremo-mantem-flamarion-portela-afastado-do-cargo-de-governador-em-roraima/","noticia_oficial","https://www1.folha.uol.com.br/fsp/brasil/fc1111200415.htm","imprensa",NA,FALSE,TRUE,FALSE,"noticia_oficial"
"eventos_governos_fonte_oficial.csv","M2006_RR_3_45_10100","RR","2006","GOVERNADOR","OTTOMAR DE SOUSA PINTO","falecimento","https://www.imprensaoficial.rr.gov.br/app/_edicoes/2007/12/doe-20071211.pdf","oficial","https://www.folhabv.com.br/colunas/desde-que-roraima-virou-estado-governo-e-prefeitura-nunca-se-uniram","imprensa",NA,TRUE,FALSE,FALSE,"oficial"
"eventos_governos_fonte_oficial.csv","M2010_RR_3_45_230000000057","RR","2010","GOVERNADOR","JOSE DE ANCHIETA JUNIOR","renuncia","https://g1.globo.com/rr/roraima/noticia/2014/04/chico-rodrigues-toma-posse-e-fala-em-mudancas-de-secretariado-em-rr.html","imprensa","https://www.imprensaoficial.rr.gov.br/app/_edicoes/2014/04/doe-20140407.pdf","oficial",NA,TRUE,FALSE,FALSE,"oficial"
"eventos_governos_fonte_oficial.csv","M2022_RR_3_11_230001604255","RR","2022","GOVERNADOR","ANTONIO OLIVERIO GARCIA DE ALMEIDA","renuncia","https://web.archive.org/web/20260420070659/https://portal.rr.gov.br/antonio-denarium-encerra-ciclo-com-balanco-de-gestao-e-transmite-cargo-de-governador-a-edilson-damiao/","oficial","https://www.folhabv.com.br/politica/governador-de-roraima-renuncia-ao-cargo-em-cerimonia-na-assembleia/","imprensa",NA,TRUE,FALSE,FALSE,"oficial"
"eventos_governos_fonte_oficial.csv","M1998_RR_4_171_230002304001711","RR","1998","VICE-GOVERNADOR","FRANCISCO FLAMARION PORTELA","assumiu_titular","https://www.imprensaoficial.rr.gov.br/app/_edicoes/2002/04/doe-20020416.pdf","oficial","https://www12.senado.leg.br/noticias/materias/2002/05/10/mozarildo-destaca-atuacao-do-governo-neudo-campos","noticia_oficial",NA,TRUE,TRUE,FALSE,"oficial"
"eventos_governos_fonte_oficial.csv","M2002_RR_4_17_229","RR","2002","VICE-GOVERNADOR","SALOMÃO AFONSO DE SOUZA CRUZ","cassacao","https://www.imprensaoficial.rr.gov.br/app/_edicoes/2004/11/doe-20041110.pdf","oficial","https://www.folhabv.com.br/cotidiano/morre-ex-vice-governador-de-roraima-erci-de-moraes/","imprensa",NA,TRUE,FALSE,FALSE,"oficial"
"eventos_governos_fonte_oficial.csv","M2006_RR_4_45_10101","RR","2006","VICE-GOVERNADOR","JOSE DE ANCHIETA JUNIOR","assumiu_titular","https://www.psdb.org.br/acompanhe/noticias/anchieta-junior-toma-posse-como-governador-de-roraima/","imprensa","https://www.imprensaoficial.rr.gov.br/app/_edicoes/2007/12/doe-20071211.pdf","oficial",NA,TRUE,FALSE,FALSE,"oficial"
"eventos_governos_fonte_oficial.csv","M2010_RR_4_45_230000000058","RR","2010","VICE-GOVERNADOR","FRANCISCO DE ASSIS RODRIGUES","assumiu_titular","https://g1.globo.com/rr/roraima/noticia/2014/04/chico-rodrigues-toma-posse-e-fala-em-mudancas-de-secretariado-em-rr.html","imprensa","https://www.imprensaoficial.rr.gov.br/app/_edicoes/2014/04/doe-20140407.pdf","oficial",NA,TRUE,FALSE,FALSE,"oficial"
"eventos_governos_fonte_oficial.csv","M2014_RR_4_11_230000000005","RR","2014","VICE-GOVERNADOR","PAULO CESAR JUSTO QUARTIERO","renuncia","https://www.imprensaoficial.rr.gov.br/app/_edicoes/2018/01/doe-20180126.pdf","oficial","https://g1.globo.com/rr/roraima/noticia/vice-governador-de-rr-renuncia-ao-cargo-e-cita-incompatibilidade-com-gestao-da-governadora.ghtml","imprensa",NA,TRUE,FALSE,FALSE,"oficial"
"eventos_governos_fonte_oficial.csv","M2022_RR_4_11_230001604254","RR","2022","VICE-GOVERNADOR","EDILSON DAMIÃO LIMA","assumiu_titular","https://web.archive.org/web/20260420070659/https://portal.rr.gov.br/antonio-denarium-encerra-ciclo-com-balanco-de-gestao-e-transmite-cargo-de-governador-a-edilson-damiao/","oficial","https://g1.globo.com/politica/eleicoes/2026/noticia/2026/03/27/edilson-damiao-toma-posse-como-governador-de-roraima-apos-renuncia-de-denarium.ghtml","imprensa",NA,TRUE,FALSE,FALSE,"oficial"
"eventos_governos_fonte_oficial.csv","M2018_RS_3_45_210000622367","RS","2018","GOVERNADOR","EDUARDO FIGUEIREDO CAVALHEIRO LEITE","renuncia","https://www.palaciopiratini.rs.gov.br/ranolfo-vieira","oficial","https://agenciabrasil.ebc.com.br/politica/noticia/2022-03/governador-do-rs-oficializa-renuncia","imprensa",NA,TRUE,FALSE,FALSE,"oficial"
"eventos_governos_fonte_oficial.csv","M2018_RS_4_45_210000622362","RS","2018","VICE-GOVERNADOR","RANOLFO VIEIRA JUNIOR","assumiu_titular","https://agenciabrasil.ebc.com.br/politica/noticia/2022-03/governador-do-rs-oficializa-renuncia","imprensa","https://www.brasildefato.com.br/2022/04/01/eduardo-leite-renuncia-e-vice-assume-como-governador-do-rio-grande-do-sul/","imprensa",NA,FALSE,FALSE,TRUE,"imprensa"
"eventos_governos_fonte_oficial.csv","M2002_SC_3_15_187","SC","2002","GOVERNADOR","LUIZ HENRIQUE DA SILVEIRA","renuncia","https://web.archive.org/web/20220102133340/https://www.scm.sc.gov.br/scm/cool_timeline/eduardo-pinho-moreira-2006-2007/","oficial","https://memoriapolitica.alesc.sc.gov.br/biografia/1158-Eduardo_Pinho_Moreira","oficial",NA,TRUE,FALSE,FALSE,"oficial"
"eventos_governos_fonte_oficial.csv","M2006_SC_3_15_10022","SC","2006","GOVERNADOR","LUIZ HENRIQUE DA SILVEIRA","renuncia","https://web.archive.org/web/20181130114354/http://www.scm.sc.gov.br:80/scm/cool_timeline/luiz-henrique-da-silveira/","oficial","https://memoriapolitica.alesc.sc.gov.br/biografia/638-Luiz_Henrique_da_Silveira","oficial",NA,TRUE,FALSE,FALSE,"oficial"
"eventos_governos_fonte_oficial.csv","M2014_SC_3_55_240000000207","SC","2014","GOVERNADOR","JOÃO RAIMUNDO COLOMBO","renuncia","https://agenciaal.alesc.sc.gov.br/index.php/noticia_single/eduardo-pinho-moreira-toma-posse-como-governador-titular-em-solenidade-na-a","noticia_oficial","https://g1.globo.com/sc/santa-catarina/noticia/colombo-entrega-carta-de-renuncia-na-alesc-para-disputar-eleicoes.ghtml","imprensa",NA,FALSE,TRUE,FALSE,"noticia_oficial"
"eventos_governos_fonte_oficial.csv","M2002_SC_4_15_189","SC","2002","VICE-GOVERNADOR","EDUARDO PINHO MOREIRA","assumiu_titular","https://web.archive.org/web/20220102133340/https://www.scm.sc.gov.br/scm/cool_timeline/eduardo-pinho-moreira-2006-2007/","oficial","https://memoriapolitica.alesc.sc.gov.br/biografia/1158-Eduardo_Pinho_Moreira","oficial",NA,TRUE,FALSE,FALSE,"oficial"
"eventos_governos_fonte_oficial.csv","M2006_SC_4_15_10025","SC","2006","VICE-GOVERNADOR","LEONEL ARCANGELO PAVAN","assumiu_titular","https://web.archive.org/web/20220102133611/https://www.scm.sc.gov.br/scm/cool_timeline/leonel-arcangelo-pavan/","oficial","https://memoriapolitica.alesc.sc.gov.br/biografia/960-Leonel_Pavan","oficial",NA,TRUE,FALSE,FALSE,"oficial"
"eventos_governos_fonte_oficial.csv","M2014_SC_4_55_240000000208","SC","2014","VICE-GOVERNADOR","EDUARDO PINHO MOREIRA","assumiu_titular","https://agenciaal.alesc.sc.gov.br/index.php/noticia_single/eduardo-pinho-moreira-toma-posse-como-governador-titular-em-solenidade-na-a","noticia_oficial","https://g1.globo.com/sc/santa-catarina/noticia/pinho-moreira-toma-posse-como-governador-de-sc.ghtml","imprensa",NA,FALSE,TRUE,FALSE,"noticia_oficial"
"eventos_governos_fonte_oficial.csv","M2010_SE_3_13_260000000173","SE","2010","GOVERNADOR","MARCELO DEDA CHAGAS","falecimento","https://memoria.ebc.com.br/agenciabrasil/noticia/2013-12-02/morre-governador-de-sergipe-marcelo-deda","imprensa","http://g1.globo.com/se/sergipe/noticia/2013/12/morre-o-governador-de-sergipe-marcelo-deda.html","imprensa",NA,FALSE,FALSE,TRUE,"imprensa"
"eventos_governos_fonte_oficial.csv","M2014_SE_3_15_260000000077","SE","2014","GOVERNADOR","JACKSON BARRETO DE LIMA","renuncia","https://al.se.leg.br/renuncia-casa-legislativa-recebe-oficio-de-renuncia-do-governador-de-sergipe/","oficial","https://g1.globo.com/se/sergipe/noticia/jackson-barreto-deixa-governo-de-sergipe-para-concorrer-ao-senado.ghtml","imprensa",NA,TRUE,FALSE,FALSE,"oficial"
"eventos_governos_fonte_oficial.csv","M2010_SE_4_13_260000000174","SE","2010","VICE-GOVERNADOR","JACKSON BARRETO DE LIMA","assumiu_titular","http://g1.globo.com/se/sergipe/noticia/2013/12/jackson-barreto-toma-posse-como-governador-em-sergipe.html","imprensa","https://memoria.ebc.com.br/agenciabrasil/noticia/2013-12-02/morre-governador-de-sergipe-marcelo-deda","imprensa",NA,FALSE,FALSE,TRUE,"imprensa"
"eventos_governos_fonte_oficial.csv","M2014_SE_4_15_260000000078","SE","2014","VICE-GOVERNADOR","BELIVALDO CHAGAS SILVA","assumiu_titular","https://al.se.leg.br/belivaldo-chagas-toma-posse-como-governador-na-alese/","oficial","https://g1.globo.com/se/sergipe/noticia/jackson-barreto-deixa-governo-de-sergipe-para-concorrer-ao-senado.ghtml","imprensa",NA,TRUE,FALSE,FALSE,"oficial"
"eventos_governos_fonte_oficial.csv","M1998_SP_3_45_250002503000451","SP","1998","GOVERNADOR","MÁRIO COVAS JUNIOR","falecimento","http://www1.folha.uol.com.br/folha/brasil/ult96u16330.shtml","imprensa","https://www18.fgv.br/cpdoc/acervo/dicionarios/verbete-biografico/mario-covas-junior","referencia_academica",NA,FALSE,FALSE,TRUE,"referencia_academica"
"eventos_governos_fonte_oficial.csv","M2002_SP_3_45_5515","SP","2002","GOVERNADOR","GERALDO JOSÉ RODRIGUES ALCKMIN FILHO","renuncia","https://www.al.sp.gov.br/noticia/?id=265531","noticia_oficial","http://www1.folha.uol.com.br/folha/brasil/ult96u77188.shtml","imprensa",NA,FALSE,TRUE,FALSE,"noticia_oficial"
"eventos_governos_fonte_oficial.csv","M2006_SP_3_45_10106","SP","2006","GOVERNADOR","JOSÉ SERRA","renuncia","https://www1.folha.uol.com.br/poder/2010/04/715682-serra-formaliza-renuncia-ao-governo-de-sao-paulo.shtml","imprensa","https://www18.fgv.br/cpdoc/acervo/dicionarios/verbete-biografico/goldman-alberto","referencia_academica",NA,FALSE,FALSE,TRUE,"referencia_academica"
"eventos_governos_fonte_oficial.csv","M2014_SP_3_45_250000001672","SP","2014","GOVERNADOR","GERALDO JOSÉ RODRIGUES ALCKMIN FILHO","renuncia","https://www1.folha.uol.com.br/poder/2018/04/alckmin-baixa-tom-em-criticas-ao-pt-ao-deixar-governo-franca-cutuca-doria.shtml","imprensa","https://www.camara.leg.br/deputados/141497/biografia","oficial",NA,TRUE,FALSE,FALSE,"oficial"
"eventos_governos_fonte_oficial.csv","M2018_SP_3_45_250000612596","SP","2018","GOVERNADOR","JOÃO AGRIPINO DA COSTA DORIA JUNIOR","renuncia","https://g1.globo.com/sp/sao-paulo/noticia/2022/04/01/rodrigo-garcia-toma-posse-como-governador-de-sp.ghtml","imprensa","https://www1.folha.uol.com.br/poder/2022/04/rodrigo-antecipa-tom-de-campanha-em-1a-agenda-como-governador-de-sp.shtml","imprensa",NA,FALSE,FALSE,TRUE,"imprensa"
"eventos_governos_fonte_oficial.csv","M1998_SP_4_451_250002504004511","SP","1998","VICE-GOVERNADOR","GERALDO JOSÉ RODRIGUES ALCKMIN FILHO","assumiu_titular","http://www1.folha.uol.com.br/folha/brasil/ult96u16360.shtml","imprensa","https://www18.fgv.br/cpdoc/acervo/dicionarios/verbete-biografico/alckmin-filho-geraldo","referencia_academica",NA,FALSE,FALSE,TRUE,"referencia_academica"
"eventos_governos_fonte_oficial.csv","M2002_SP_4_45_5601","SP","2002","VICE-GOVERNADOR","CLAUDIO SALVADOR LEMBO","assumiu_titular","https://www.al.sp.gov.br/noticia/?id=265531","noticia_oficial","http://www1.folha.uol.com.br/folha/brasil/ult96u77188.shtml","imprensa",NA,FALSE,TRUE,FALSE,"noticia_oficial"
"eventos_governos_fonte_oficial.csv","M2006_SP_4_45_10107","SP","2006","VICE-GOVERNADOR","ALBERTO GOLDMAN","assumiu_titular","https://www18.fgv.br/cpdoc/acervo/dicionarios/verbete-biografico/goldman-alberto","referencia_academica","https://www1.folha.uol.com.br/poder/2010/04/715682-serra-formaliza-renuncia-ao-governo-de-sao-paulo.shtml","imprensa",NA,FALSE,FALSE,TRUE,"referencia_academica"
"eventos_governos_fonte_oficial.csv","M2014_SP_4_45_250000001673","SP","2014","VICE-GOVERNADOR","MÁRCIO LUIZ FRANÇA GOMES","assumiu_titular","https://www1.folha.uol.com.br/poder/2018/04/alckmin-baixa-tom-em-criticas-ao-pt-ao-deixar-governo-franca-cutuca-doria.shtml","imprensa","https://www.camara.leg.br/deputados/141497/biografia","oficial",NA,TRUE,FALSE,FALSE,"oficial"
"eventos_governos_fonte_oficial.csv","M2018_SP_4_45_250000612597","SP","2018","VICE-GOVERNADOR","RODRIGO GARCIA","assumiu_titular","https://g1.globo.com/sp/sao-paulo/noticia/2022/04/01/rodrigo-garcia-toma-posse-como-governador-de-sp.ghtml","imprensa","https://www1.folha.uol.com.br/poder/2022/04/rodrigo-antecipa-tom-de-campanha-em-1a-agenda-como-governador-de-sp.shtml","imprensa",NA,FALSE,FALSE,TRUE,"imprensa"
"eventos_governos_fonte_oficial.csv","M2006_TO_3_15_10254","TO","2006","GOVERNADOR","MARCELO DE CARVALHO MIRANDA","cassacao","https://www1.folha.uol.com.br/fsp/brasil/fc0909200912.htm","imprensa","https://g1.globo.com/to/tocantins/noticia/2019/01/01/tocantins-ja-teve-sete-governadores-mas-apenas-quatro-foram-eleitos-pelo-povo.ghtml","imprensa",NA,FALSE,FALSE,TRUE,"imprensa"
"eventos_governos_fonte_oficial.csv","M2010_TO_3_45_270000000075","TO","2010","GOVERNADOR","JOSÉ WILSON SIQUEIRA CAMPOS","renuncia","http://g1.globo.com/to/tocantins/noticia/2014/04/depois-da-renuncia-de-siqueira-deputado-volta-ser-governador.html","imprensa","https://doe.to.gov.br/diario/2508/download","oficial",NA,TRUE,FALSE,FALSE,"oficial"
"eventos_governos_fonte_oficial.csv","M2014_TO_3_15_270000000009","TO","2014","GOVERNADOR","MARCELO DE CARVALHO MIRANDA","cassacao","https://noticias.stf.jus.br/postsnoticias/ministro-nega-pedidos-para-suspender-decisao-do-tse-que-cassou-governador-e-vice-do-tocantins/","noticia_oficial","https://g1.globo.com/to/tocantins/noticia/carlesse-assume-governo-e-afirma-que-vai-recontratar-secretarios-escolhidos-em-marco.ghtml","imprensa",NA,FALSE,TRUE,FALSE,"noticia_oficial"
"eventos_governos_fonte_oficial.csv","M2018_TO_3_31_270000618815","TO","2018","GOVERNADOR","MAURO CARLESSE","renuncia","https://veja.abril.com.br/politica/mauro-carlesse-governador-afastado-do-tocantins-renuncia-ao-cargo/","imprensa","https://doe.to.gov.br/diario/4587/download","oficial",NA,TRUE,FALSE,FALSE,"oficial"
"eventos_governos_fonte_oficial.csv","M2006_TO_4_15_10263","TO","2006","VICE-GOVERNADOR","PAULO SIDNEI ANTUNES","cassacao","https://www1.folha.uol.com.br/fsp/brasil/fc0909200912.htm","imprensa","http://www.conjur.com.br/2009-jun-26/governador-tocantins-terceiro-cassado-tse-2009","imprensa",NA,FALSE,FALSE,TRUE,"imprensa"
"eventos_governos_fonte_oficial.csv","M2010_TO_4_45_270000000076","TO","2010","VICE-GOVERNADOR","JOÃO OLIVEIRA DE SOUSA","renuncia","http://g1.globo.com/to/tocantins/noticia/2014/04/joao-oliveira-renuncia-ao-cargo-de-vice-governador-do-tocantins.html","imprensa","http://g1.globo.com/to/tocantins/noticia/2014/04/depois-da-renuncia-de-siqueira-deputado-volta-ser-governador.html","imprensa",NA,FALSE,FALSE,TRUE,"imprensa"
"eventos_governos_fonte_oficial.csv","M2014_TO_4_15_270000000721","TO","2014","VICE-GOVERNADOR","CLAUDIA TELLES DE MENEZES PIRES MARTINS LELIS","cassacao","https://noticias.stf.jus.br/postsnoticias/ministro-nega-pedidos-para-suspender-decisao-do-tse-que-cassou-governador-e-vice-do-tocantins/","noticia_oficial","https://g1.globo.com/to/tocantins/noticia/governador-do-tocantins-tem-mandato-cassado-por-caixa-dois-nas-eleicoes-de-2014.ghtml","imprensa",NA,FALSE,TRUE,FALSE,"noticia_oficial"
"eventos_governos_fonte_oficial.csv","M2018_TO_4_31_270000618816","TO","2018","VICE-GOVERNADOR","WANDERLEI BARBOSA CASTRO","assumiu_titular","https://doe.to.gov.br/diario/4587/download","oficial","https://veja.abril.com.br/politica/mauro-carlesse-governador-afastado-do-tocantins-renuncia-ao-cargo/","imprensa",NA,TRUE,FALSE,FALSE,"oficial"
"eventos_governos_fonte_oficial.csv","M1998_PI_4_651_180001804006511","PI","1998","VICE-GOVERNADOR","OSMAR RIBEIRO DE ALMEIDA JUNIOR","cassacao","https://www18.fgv.br/cpdoc/acervo/dicionarios/verbete-biografico/osmar-junior","referencia_academica","https://www18.fgv.br/cpdoc/acervo/dicionarios/verbete-biografico/hugo-napoleao-do-rego-neto","referencia_academica",NA,FALSE,FALSE,TRUE,"referencia_academica"
"eventos_presidencia_fonte_oficial.csv","M1998_BR_1_45_280002801000451","BR","1998","PRESIDENTE","FERNANDO HENRIQUE CARDOSO","fim_regular","https://www.gov.br/secretariageral/pt-br/centrais-de-conteudo/biblioteca-da-pr/galeria-dos-ex-presidentes/fernando-henrique-cardoso","oficial","",NA,NA,TRUE,FALSE,FALSE,"oficial"
"eventos_presidencia_fonte_oficial.csv","M1998_BR_2_251_280002802002511","BR","1998","VICE-PRESIDENTE","MARCO ANTONIO DE OLIVEIRA MACIEL","fim_regular","https://www.gov.br/secretariageral/pt-br/centrais-de-conteudo/biblioteca-da-pr/galeria-dos-ex-presidentes/fernando-henrique-cardoso","oficial","",NA,NA,TRUE,FALSE,FALSE,"oficial"
"eventos_presidencia_fonte_oficial.csv","M2002_BR_1_13_9574","BR","2002","PRESIDENTE","LUIZ INÁCIO LULA DA SILVA","fim_regular","https://www.gov.br/secretariageral/pt-br/centrais-de-conteudo/biblioteca-da-pr/galeria-dos-ex-presidentes/luiz-inacio-lula-da-silva","oficial","",NA,NA,TRUE,FALSE,FALSE,"oficial"
"eventos_presidencia_fonte_oficial.csv","M2002_BR_2_13_9575","BR","2002","VICE-PRESIDENTE","JOSÉ ALENCAR GOMES DA SILVA","fim_regular","https://www.gov.br/secretariageral/pt-br/centrais-de-conteudo/biblioteca-da-pr/galeria-dos-ex-presidentes/luiz-inacio-lula-da-silva","oficial","",NA,NA,TRUE,FALSE,FALSE,"oficial"
"eventos_presidencia_fonte_oficial.csv","M2006_BR_1_13_23","BR","2006","PRESIDENTE","LUIZ INÁCIO LULA DA SILVA","fim_regular","https://www.gov.br/secretariageral/pt-br/centrais-de-conteudo/biblioteca-da-pr/galeria-dos-ex-presidentes/luiz-inacio-lula-da-silva","oficial","",NA,NA,TRUE,FALSE,FALSE,"oficial"
"eventos_presidencia_fonte_oficial.csv","M2006_BR_2_13_24","BR","2006","VICE-PRESIDENTE","JOSÉ ALENCAR GOMES DA SILVA","fim_regular","https://www.gov.br/secretariageral/pt-br/centrais-de-conteudo/biblioteca-da-pr/galeria-dos-ex-presidentes/luiz-inacio-lula-da-silva","oficial","",NA,NA,TRUE,FALSE,FALSE,"oficial"
"eventos_presidencia_fonte_oficial.csv","M2010_BR_1_13_280000000005","BR","2010","PRESIDENTE","DILMA VANA ROUSSEFF","fim_regular","https://www.gov.br/secretariageral/pt-br/centrais-de-conteudo/biblioteca-da-pr/galeria-dos-ex-presidentes/dilma-vana-rousseff","oficial","",NA,NA,TRUE,FALSE,FALSE,"oficial"
"eventos_presidencia_fonte_oficial.csv","M2010_BR_2_13_280000000006","BR","2010","VICE-PRESIDENTE","MICHEL MIGUEL ELIAS TEMER LULIA","fim_regular","https://www.gov.br/secretariageral/pt-br/centrais-de-conteudo/biblioteca-da-pr/galeria-dos-ex-presidentes/dilma-vana-rousseff","oficial","",NA,NA,TRUE,FALSE,FALSE,"oficial"
"eventos_presidencia_fonte_oficial.csv","M2014_BR_1_13_280000000083","BR","2014","PRESIDENTE","DILMA VANA ROUSSEFF","impeachment","https://www.gov.br/secretariageral/pt-br/centrais-de-conteudo/biblioteca-da-pr/galeria-dos-ex-presidentes/dilma-vana-rousseff","oficial","https://www12.senado.leg.br/noticias/materias/2016/08/31/dilma-rousseff-perde-o-mandato-e-michel-temer-toma-posse-ainda-hoje","noticia_oficial",NA,TRUE,TRUE,FALSE,"oficial"
"eventos_presidencia_fonte_oficial.csv","M2014_BR_2_13_280000000084","BR","2014","VICE-PRESIDENTE","MICHEL MIGUEL ELIAS TEMER LULIA","assumiu_titular","https://www12.senado.leg.br/noticias/materias/2016/08/31/dilma-rousseff-perde-o-mandato-e-michel-temer-toma-posse-ainda-hoje","noticia_oficial","https://www.gov.br/secretariageral/pt-br/centrais-de-conteudo/biblioteca-da-pr/galeria-dos-ex-presidentes/dilma-vana-rousseff","oficial",NA,TRUE,TRUE,FALSE,"oficial"
"eventos_presidencia_fonte_oficial.csv","M2018_BR_1_17_280000614517","BR","2018","PRESIDENTE","JAIR MESSIAS BOLSONARO","fim_regular","https://www12.senado.leg.br/noticias/materias/2023/01/01/congresso-empossa-lula-e-alckmin-na-presidencia-da-republica","noticia_oficial","",NA,NA,FALSE,TRUE,FALSE,"noticia_oficial"
"eventos_presidencia_fonte_oficial.csv","M2018_BR_2_17_280000614518","BR","2018","VICE-PRESIDENTE","ANTONIO HAMILTON MARTINS MOURÃO","fim_regular","https://www12.senado.leg.br/noticias/materias/2023/01/01/congresso-empossa-lula-e-alckmin-na-presidencia-da-republica","noticia_oficial","",NA,NA,FALSE,TRUE,FALSE,"noticia_oficial"
"eventos_presidencia_fonte_oficial.csv","M2022_BR_1_13_280001607829","BR","2022","PRESIDENTE","LUIZ INÁCIO LULA DA SILVA","em_curso","https://www12.senado.leg.br/noticias/materias/2023/01/01/congresso-empossa-lula-e-alckmin-na-presidencia-da-republica","noticia_oficial","",NA,NA,FALSE,TRUE,FALSE,"noticia_oficial"
"eventos_presidencia_fonte_oficial.csv","M2022_BR_2_13_280001607830","BR","2022","VICE-PRESIDENTE","GERALDO JOSÉ RODRIGUES ALCKMIN FILHO","em_curso","https://www12.senado.leg.br/noticias/materias/2023/01/01/congresso-empossa-lula-e-alckmin-na-presidencia-da-republica","noticia_oficial","",NA,NA,FALSE,TRUE,FALSE,"noticia_oficial"
"eventos_assembleias_fonte_oficial.csv","M1998_DF_8_11123_700000708111231","DF","1998","DEPUTADO ESTADUAL/DISTRITAL","Adão (Carlos) Xavier","licenca","https://www.cl.df.gov.br/documents/5744400/28266712/Deputados+eleitos+e+movimenta%C3%A7%C3%B5es+-+Planilha.xlsx/11f0b744-a69c-bdd1-0437-8d60fc2cf148?t=1740145715216","oficial",NA,NA,"memorial_casa",TRUE,FALSE,FALSE,"oficial"
"eventos_assembleias_fonte_oficial.csv","M1998_DF_8_11123_700000708111231","DF","1998","DEPUTADO ESTADUAL/DISTRITAL","Adão (Carlos) Xavier","retorno","https://www.cl.df.gov.br/documents/5744400/28266712/Deputados+eleitos+e+movimenta%C3%A7%C3%B5es+-+Planilha.xlsx/11f0b744-a69c-bdd1-0437-8d60fc2cf148?t=1740145715216","oficial",NA,NA,"memorial_casa",TRUE,FALSE,FALSE,"oficial"
"eventos_assembleias_fonte_oficial.csv","M1998_DF_8_15115_700000708151151","DF","1998","DEPUTADO ESTADUAL/DISTRITAL","Edimar Pireneus","licenca","https://www.cl.df.gov.br/documents/5744400/28266712/Deputados+eleitos+e+movimenta%C3%A7%C3%B5es+-+Planilha.xlsx/11f0b744-a69c-bdd1-0437-8d60fc2cf148?t=1740145715216","oficial",NA,NA,"memorial_casa",TRUE,FALSE,FALSE,"oficial"
"eventos_assembleias_fonte_oficial.csv","M1998_DF_8_15123_700000708151231","DF","1998","DEPUTADO ESTADUAL/DISTRITAL","Daniel Marques","licenca","https://www.cl.df.gov.br/documents/5744400/28266712/Deputados+eleitos+e+movimenta%C3%A7%C3%B5es+-+Planilha.xlsx/11f0b744-a69c-bdd1-0437-8d60fc2cf148?t=1740145715216","oficial",NA,NA,"memorial_casa",TRUE,FALSE,FALSE,"oficial"
"eventos_assembleias_fonte_oficial.csv","M1998_DF_8_15123_700000708151231","DF","1998","DEPUTADO ESTADUAL/DISTRITAL","Daniel Marques","retorno","https://www.cl.df.gov.br/documents/5744400/28266712/Deputados+eleitos+e+movimenta%C3%A7%C3%B5es+-+Planilha.xlsx/11f0b744-a69c-bdd1-0437-8d60fc2cf148?t=1740145715216","oficial",NA,NA,"memorial_casa",TRUE,FALSE,FALSE,"oficial"
"eventos_assembleias_fonte_oficial.csv","M1998_DF_8_15123_700000708151231","DF","1998","DEPUTADO ESTADUAL/DISTRITAL","Daniel Marques","licenca","https://www.cl.df.gov.br/documents/5744400/28266712/Deputados+eleitos+e+movimenta%C3%A7%C3%B5es+-+Planilha.xlsx/11f0b744-a69c-bdd1-0437-8d60fc2cf148?t=1740145715216","oficial",NA,NA,"memorial_casa",TRUE,FALSE,FALSE,"oficial"
"eventos_assembleias_fonte_oficial.csv","M1998_DF_8_15123_700000708151231","DF","1998","DEPUTADO ESTADUAL/DISTRITAL","Daniel Marques","retorno","https://www.cl.df.gov.br/documents/5744400/28266712/Deputados+eleitos+e+movimenta%C3%A7%C3%B5es+-+Planilha.xlsx/11f0b744-a69c-bdd1-0437-8d60fc2cf148?t=1740145715216","oficial",NA,NA,"memorial_casa",TRUE,FALSE,FALSE,"oficial"
"eventos_assembleias_fonte_oficial.csv","M1998_DF_8_15123_700000708151231","DF","1998","DEPUTADO ESTADUAL/DISTRITAL","Daniel Marques","licenca","https://www.cl.df.gov.br/documents/5744400/28266712/Deputados+eleitos+e+movimenta%C3%A7%C3%B5es+-+Planilha.xlsx/11f0b744-a69c-bdd1-0437-8d60fc2cf148?t=1740145715216","oficial",NA,NA,"memorial_casa",TRUE,FALSE,FALSE,"oficial"
"eventos_assembleias_fonte_oficial.csv","M1998_DF_8_15133_700000708151331","DF","1998","DEPUTADO ESTADUAL/DISTRITAL","Odilon Aires","licenca","https://www.cl.df.gov.br/documents/5744400/28266712/Deputados+eleitos+e+movimenta%C3%A7%C3%B5es+-+Planilha.xlsx/11f0b744-a69c-bdd1-0437-8d60fc2cf148?t=1740145715216","oficial",NA,NA,"memorial_casa",TRUE,FALSE,FALSE,"oficial"
"eventos_assembleias_fonte_oficial.csv","M1998_DF_8_15133_700000708151331","DF","1998","DEPUTADO ESTADUAL/DISTRITAL","Odilon Aires","retorno","https://www.cl.df.gov.br/documents/5744400/28266712/Deputados+eleitos+e+movimenta%C3%A7%C3%B5es+-+Planilha.xlsx/11f0b744-a69c-bdd1-0437-8d60fc2cf148?t=1740145715216","oficial",NA,NA,"memorial_casa",TRUE,FALSE,FALSE,"oficial"
"eventos_assembleias_fonte_oficial.csv","M1998_DF_8_15689_700000708156891","DF","1998","DEPUTADO ESTADUAL/DISTRITAL","Eurides Brito","licenca","https://www.cl.df.gov.br/documents/5744400/28266712/Deputados+eleitos+e+movimenta%C3%A7%C3%B5es+-+Planilha.xlsx/11f0b744-a69c-bdd1-0437-8d60fc2cf148?t=1740145715216","oficial",NA,NA,"memorial_casa",TRUE,FALSE,FALSE,"oficial"
"eventos_assembleias_fonte_oficial.csv","M1998_DF_8_15689_700000708156891","DF","1998","DEPUTADO ESTADUAL/DISTRITAL","Eurides Brito","retorno","https://www.cl.df.gov.br/documents/5744400/28266712/Deputados+eleitos+e+movimenta%C3%A7%C3%B5es+-+Planilha.xlsx/11f0b744-a69c-bdd1-0437-8d60fc2cf148?t=1740145715216","oficial",NA,NA,"memorial_casa",TRUE,FALSE,FALSE,"oficial"
"eventos_assembleias_fonte_oficial.csv","M1998_DF_8_22111_700000708221111","DF","1998","DEPUTADO ESTADUAL/DISTRITAL","Renato Rainha","renuncia","https://www.cl.df.gov.br/documents/5744400/28266712/Deputados+eleitos+e+movimenta%C3%A7%C3%B5es+-+Planilha.xlsx/11f0b744-a69c-bdd1-0437-8d60fc2cf148?t=1740145715216","oficial",NA,NA,"memorial_casa",TRUE,FALSE,FALSE,"oficial"
"eventos_assembleias_fonte_oficial.csv","M1998_DF_8_22221_700000708222211","DF","1998","DEPUTADO ESTADUAL/DISTRITAL","Agrício Braga","licenca","https://www.cl.df.gov.br/documents/5744400/28266712/Deputados+eleitos+e+movimenta%C3%A7%C3%B5es+-+Planilha.xlsx/11f0b744-a69c-bdd1-0437-8d60fc2cf148?t=1740145715216","oficial",NA,NA,"memorial_casa",TRUE,FALSE,FALSE,"oficial"
"eventos_assembleias_fonte_oficial.csv","M1998_DF_8_22221_700000708222211","DF","1998","DEPUTADO ESTADUAL/DISTRITAL","Agrício Braga","retorno","https://www.cl.df.gov.br/documents/5744400/28266712/Deputados+eleitos+e+movimenta%C3%A7%C3%B5es+-+Planilha.xlsx/11f0b744-a69c-bdd1-0437-8d60fc2cf148?t=1740145715216","oficial",NA,NA,"memorial_casa",TRUE,FALSE,FALSE,"oficial"
"eventos_assembleias_fonte_oficial.csv","M1998_DF_8_25138_700000708251381","DF","1998","DEPUTADO ESTADUAL/DISTRITAL","Aguinaldo de Jesus","licenca","https://www.cl.df.gov.br/documents/5744400/28266712/Deputados+eleitos+e+movimenta%C3%A7%C3%B5es+-+Planilha.xlsx/11f0b744-a69c-bdd1-0437-8d60fc2cf148?t=1740145715216","oficial",NA,NA,"memorial_casa",TRUE,FALSE,FALSE,"oficial"
"eventos_assembleias_fonte_oficial.csv","M1998_DF_8_25138_700000708251381","DF","1998","DEPUTADO ESTADUAL/DISTRITAL","Aguinaldo de Jesus","retorno","https://www.cl.df.gov.br/documents/5744400/28266712/Deputados+eleitos+e+movimenta%C3%A7%C3%B5es+-+Planilha.xlsx/11f0b744-a69c-bdd1-0437-8d60fc2cf148?t=1740145715216","oficial",NA,NA,"memorial_casa",TRUE,FALSE,FALSE,"oficial"
"eventos_assembleias_fonte_oficial.csv","M1998_DF_8_45199_700000708451991","DF","1998","DEPUTADO ESTADUAL/DISTRITAL","Anilcéia Machado","licenca","https://www.cl.df.gov.br/documents/5744400/28266712/Deputados+eleitos+e+movimenta%C3%A7%C3%B5es+-+Planilha.xlsx/11f0b744-a69c-bdd1-0437-8d60fc2cf148?t=1740145715216","oficial",NA,NA,"memorial_casa",TRUE,FALSE,FALSE,"oficial"
"eventos_assembleias_fonte_oficial.csv","M1998_DF_8_45199_700000708451991","DF","1998","DEPUTADO ESTADUAL/DISTRITAL","Anilcéia Machado","retorno","https://www.cl.df.gov.br/documents/5744400/28266712/Deputados+eleitos+e+movimenta%C3%A7%C3%B5es+-+Planilha.xlsx/11f0b744-a69c-bdd1-0437-8d60fc2cf148?t=1740145715216","oficial",NA,NA,"memorial_casa",TRUE,FALSE,FALSE,"oficial"
"eventos_assembleias_fonte_oficial.csv",NA,"DF","1998","DEPUTADO ESTADUAL/DISTRITAL","Nijed Zakhour","efetivacao_suplente","https://www.cl.df.gov.br/documents/5744400/28266712/Deputados+eleitos+e+movimenta%C3%A7%C3%B5es+-+Planilha.xlsx/11f0b744-a69c-bdd1-0437-8d60fc2cf148?t=1740145715216","oficial",NA,NA,"memorial_casa",TRUE,FALSE,FALSE,"oficial"
"eventos_assembleias_fonte_oficial.csv","M2002_DF_8_11122_731","DF","2002","DEPUTADO ESTADUAL/DISTRITAL","Wigberto Tartuce","licenca","https://www.cl.df.gov.br/documents/5744400/28266712/Deputados+eleitos+e+movimenta%C3%A7%C3%B5es+-+Planilha.xlsx/11f0b744-a69c-bdd1-0437-8d60fc2cf148?t=1740145715216","oficial",NA,NA,"memorial_casa",TRUE,FALSE,FALSE,"oficial"
"eventos_assembleias_fonte_oficial.csv","M2002_DF_8_11122_731","DF","2002","DEPUTADO ESTADUAL/DISTRITAL","Wigberto Tartuce","licenca","https://www.cl.df.gov.br/documents/5744400/28266712/Deputados+eleitos+e+movimenta%C3%A7%C3%B5es+-+Planilha.xlsx/11f0b744-a69c-bdd1-0437-8d60fc2cf148?t=1740145715216","oficial",NA,NA,"memorial_casa",TRUE,FALSE,FALSE,"oficial"
"eventos_assembleias_fonte_oficial.csv","M2002_DF_8_11122_731","DF","2002","DEPUTADO ESTADUAL/DISTRITAL","Wigberto Tartuce","licenca","https://www.cl.df.gov.br/documents/5744400/28266712/Deputados+eleitos+e+movimenta%C3%A7%C3%B5es+-+Planilha.xlsx/11f0b744-a69c-bdd1-0437-8d60fc2cf148?t=1740145715216","oficial",NA,NA,"memorial_casa",TRUE,FALSE,FALSE,"oficial"
"eventos_assembleias_fonte_oficial.csv","M2002_DF_8_11122_731","DF","2002","DEPUTADO ESTADUAL/DISTRITAL","Wigberto Tartuce","licenca","https://www.cl.df.gov.br/documents/5744400/28266712/Deputados+eleitos+e+movimenta%C3%A7%C3%B5es+-+Planilha.xlsx/11f0b744-a69c-bdd1-0437-8d60fc2cf148?t=1740145715216","oficial",NA,NA,"memorial_casa",TRUE,FALSE,FALSE,"oficial"
"eventos_assembleias_fonte_oficial.csv","M2002_DF_8_11122_731","DF","2002","DEPUTADO ESTADUAL/DISTRITAL","Wigberto Tartuce","retorno","https://www.cl.df.gov.br/documents/5744400/28266712/Deputados+eleitos+e+movimenta%C3%A7%C3%B5es+-+Planilha.xlsx/11f0b744-a69c-bdd1-0437-8d60fc2cf148?t=1740145715216","oficial",NA,NA,"memorial_casa",TRUE,FALSE,FALSE,"oficial"
"eventos_assembleias_fonte_oficial.csv","M2002_DF_8_15151_631","DF","2002","DEPUTADO ESTADUAL/DISTRITAL","Gim Argello","licenca","https://www.cl.df.gov.br/documents/5744400/28266712/Deputados+eleitos+e+movimenta%C3%A7%C3%B5es+-+Planilha.xlsx/11f0b744-a69c-bdd1-0437-8d60fc2cf148?t=1740145715216","oficial",NA,NA,"memorial_casa",TRUE,FALSE,FALSE,"oficial"
"eventos_assembleias_fonte_oficial.csv","M2002_DF_8_15151_631","DF","2002","DEPUTADO ESTADUAL/DISTRITAL","Gim Argello","retorno","https://www.cl.df.gov.br/documents/5744400/28266712/Deputados+eleitos+e+movimenta%C3%A7%C3%B5es+-+Planilha.xlsx/11f0b744-a69c-bdd1-0437-8d60fc2cf148?t=1740145715216","oficial",NA,NA,"memorial_casa",TRUE,FALSE,FALSE,"oficial"
"eventos_assembleias_fonte_oficial.csv","M2002_DF_8_15222_594","DF","2002","DEPUTADO ESTADUAL/DISTRITAL","Leonardo Prudente","licenca","https://www.cl.df.gov.br/documents/5744400/28266712/Deputados+eleitos+e+movimenta%C3%A7%C3%B5es+-+Planilha.xlsx/11f0b744-a69c-bdd1-0437-8d60fc2cf148?t=1740145715216","oficial",NA,NA,"memorial_casa",TRUE,FALSE,FALSE,"oficial"
"eventos_assembleias_fonte_oficial.csv","M2002_DF_8_15222_594","DF","2002","DEPUTADO ESTADUAL/DISTRITAL","Leonardo Prudente","retorno","https://www.cl.df.gov.br/documents/5744400/28266712/Deputados+eleitos+e+movimenta%C3%A7%C3%B5es+-+Planilha.xlsx/11f0b744-a69c-bdd1-0437-8d60fc2cf148?t=1740145715216","oficial",NA,NA,"memorial_casa",TRUE,FALSE,FALSE,"oficial"
"eventos_assembleias_fonte_oficial.csv","M2002_DF_8_25000_532","DF","2002","DEPUTADO ESTADUAL/DISTRITAL","Izalci Lucas","licenca","https://www.cl.df.gov.br/documents/5744400/28266712/Deputados+eleitos+e+movimenta%C3%A7%C3%B5es+-+Planilha.xlsx/11f0b744-a69c-bdd1-0437-8d60fc2cf148?t=1740145715216","oficial",NA,NA,"memorial_casa",TRUE,FALSE,FALSE,"oficial"
"eventos_assembleias_fonte_oficial.csv","M2002_DF_8_25000_532","DF","2002","DEPUTADO ESTADUAL/DISTRITAL","Izalci Lucas","retorno","https://www.cl.df.gov.br/documents/5744400/28266712/Deputados+eleitos+e+movimenta%C3%A7%C3%B5es+-+Planilha.xlsx/11f0b744-a69c-bdd1-0437-8d60fc2cf148?t=1740145715216","oficial",NA,NA,"memorial_casa",TRUE,FALSE,FALSE,"oficial"
"eventos_assembleias_fonte_oficial.csv","M2002_DF_8_25000_532","DF","2002","DEPUTADO ESTADUAL/DISTRITAL","Izalci Lucas","licenca","https://www.cl.df.gov.br/documents/5744400/28266712/Deputados+eleitos+e+movimenta%C3%A7%C3%B5es+-+Planilha.xlsx/11f0b744-a69c-bdd1-0437-8d60fc2cf148?t=1740145715216","oficial",NA,NA,"memorial_casa",TRUE,FALSE,FALSE,"oficial"
"eventos_assembleias_fonte_oficial.csv","M2002_DF_8_25000_532","DF","2002","DEPUTADO ESTADUAL/DISTRITAL","Izalci Lucas","retorno","https://www.cl.df.gov.br/documents/5744400/28266712/Deputados+eleitos+e+movimenta%C3%A7%C3%B5es+-+Planilha.xlsx/11f0b744-a69c-bdd1-0437-8d60fc2cf148?t=1740145715216","oficial",NA,NA,"memorial_casa",TRUE,FALSE,FALSE,"oficial"
"eventos_assembleias_fonte_oficial.csv","M2002_DF_8_25999_520","DF","2002","DEPUTADO ESTADUAL/DISTRITAL","Jorge Cauhy","licenca","https://www.cl.df.gov.br/documents/5744400/28266712/Deputados+eleitos+e+movimenta%C3%A7%C3%B5es+-+Planilha.xlsx/11f0b744-a69c-bdd1-0437-8d60fc2cf148?t=1740145715216","oficial",NA,NA,"memorial_casa",TRUE,FALSE,FALSE,"oficial"
"eventos_assembleias_fonte_oficial.csv","M2002_DF_8_41041_1123","DF","2002","DEPUTADO ESTADUAL/DISTRITAL","Pedro Passos","licenca","https://www.cl.df.gov.br/documents/5744400/28266712/Deputados+eleitos+e+movimenta%C3%A7%C3%B5es+-+Planilha.xlsx/11f0b744-a69c-bdd1-0437-8d60fc2cf148?t=1740145715216","oficial",NA,NA,"memorial_casa",TRUE,FALSE,FALSE,"oficial"
"eventos_assembleias_fonte_oficial.csv","M2002_DF_8_41041_1123","DF","2002","DEPUTADO ESTADUAL/DISTRITAL","Pedro Passos","retorno","https://www.cl.df.gov.br/documents/5744400/28266712/Deputados+eleitos+e+movimenta%C3%A7%C3%B5es+-+Planilha.xlsx/11f0b744-a69c-bdd1-0437-8d60fc2cf148?t=1740145715216","oficial",NA,NA,"memorial_casa",TRUE,FALSE,FALSE,"oficial"
"eventos_assembleias_fonte_oficial.csv","M2002_DF_8_41041_1123","DF","2002","DEPUTADO ESTADUAL/DISTRITAL","Pedro Passos","licenca","https://www.cl.df.gov.br/documents/5744400/28266712/Deputados+eleitos+e+movimenta%C3%A7%C3%B5es+-+Planilha.xlsx/11f0b744-a69c-bdd1-0437-8d60fc2cf148?t=1740145715216","oficial",NA,NA,"memorial_casa",TRUE,FALSE,FALSE,"oficial"
"eventos_assembleias_fonte_oficial.csv","M2002_DF_8_41041_1123","DF","2002","DEPUTADO ESTADUAL/DISTRITAL","Pedro Passos","retorno","https://www.cl.df.gov.br/documents/5744400/28266712/Deputados+eleitos+e+movimenta%C3%A7%C3%B5es+-+Planilha.xlsx/11f0b744-a69c-bdd1-0437-8d60fc2cf148?t=1740145715216","oficial",NA,NA,"memorial_casa",TRUE,FALSE,FALSE,"oficial"
"eventos_assembleias_fonte_oficial.csv","M2002_DF_8_41123_1082","DF","2002","DEPUTADO ESTADUAL/DISTRITAL","Carlos Xavier","cassacao","https://www.cl.df.gov.br/documents/5744400/28266712/Deputados+eleitos+e+movimenta%C3%A7%C3%B5es+-+Planilha.xlsx/11f0b744-a69c-bdd1-0437-8d60fc2cf148?t=1740145715216","oficial",NA,NA,"memorial_casa",TRUE,FALSE,FALSE,"oficial"
"eventos_assembleias_fonte_oficial.csv","M2002_DF_8_41515_1114","DF","2002","DEPUTADO ESTADUAL/DISTRITAL","Rôney Nemer","licenca","https://www.cl.df.gov.br/documents/5744400/28266712/Deputados+eleitos+e+movimenta%C3%A7%C3%B5es+-+Planilha.xlsx/11f0b744-a69c-bdd1-0437-8d60fc2cf148?t=1740145715216","oficial",NA,NA,"memorial_casa",TRUE,FALSE,FALSE,"oficial"
"eventos_assembleias_fonte_oficial.csv","M2002_DF_8_41515_1114","DF","2002","DEPUTADO ESTADUAL/DISTRITAL","Rôney Nemer","retorno","https://www.cl.df.gov.br/documents/5744400/28266712/Deputados+eleitos+e+movimenta%C3%A7%C3%B5es+-+Planilha.xlsx/11f0b744-a69c-bdd1-0437-8d60fc2cf148?t=1740145715216","oficial",NA,NA,"memorial_casa",TRUE,FALSE,FALSE,"oficial"
"eventos_assembleias_fonte_oficial.csv","M2002_DF_8_45199_695","DF","2002","DEPUTADO ESTADUAL/DISTRITAL","Anilcéia Machado","renuncia","https://www.cl.df.gov.br/documents/5744400/28266712/Deputados+eleitos+e+movimenta%C3%A7%C3%B5es+-+Planilha.xlsx/11f0b744-a69c-bdd1-0437-8d60fc2cf148?t=1740145715216","oficial",NA,NA,"memorial_casa",TRUE,FALSE,FALSE,"oficial"
"eventos_assembleias_fonte_oficial.csv",NA,"DF","2002","DEPUTADO ESTADUAL/DISTRITAL","Wilson Lima","efetivacao_suplente","https://www.cl.df.gov.br/documents/5744400/28266712/Deputados+eleitos+e+movimenta%C3%A7%C3%B5es+-+Planilha.xlsx/11f0b744-a69c-bdd1-0437-8d60fc2cf148?t=1740145715216","oficial",NA,NA,"memorial_casa",TRUE,FALSE,FALSE,"oficial"
"eventos_assembleias_fonte_oficial.csv",NA,"DF","2002","DEPUTADO ESTADUAL/DISTRITAL","Ivelise Longhi","efetivacao_suplente","https://www.cl.df.gov.br/documents/5744400/28266712/Deputados+eleitos+e+movimenta%C3%A7%C3%B5es+-+Planilha.xlsx/11f0b744-a69c-bdd1-0437-8d60fc2cf148?t=1740145715216","oficial",NA,NA,"memorial_casa",TRUE,FALSE,FALSE,"oficial"
"eventos_assembleias_fonte_oficial.csv","M2006_DF_8_11234_10775","DF","2006","DEPUTADO ESTADUAL/DISTRITAL","Benedito Domingos","licenca","https://www.cl.df.gov.br/documents/5744400/28266712/Deputados+eleitos+e+movimenta%C3%A7%C3%B5es+-+Planilha.xlsx/11f0b744-a69c-bdd1-0437-8d60fc2cf148?t=1740145715216","oficial",NA,NA,"memorial_casa",TRUE,FALSE,FALSE,"oficial"
"eventos_assembleias_fonte_oficial.csv","M2006_DF_8_11234_10775","DF","2006","DEPUTADO ESTADUAL/DISTRITAL","Benedito Domingos","retorno","https://www.cl.df.gov.br/documents/5744400/28266712/Deputados+eleitos+e+movimenta%C3%A7%C3%B5es+-+Planilha.xlsx/11f0b744-a69c-bdd1-0437-8d60fc2cf148?t=1740145715216","oficial",NA,NA,"memorial_casa",TRUE,FALSE,FALSE,"oficial"
"eventos_assembleias_fonte_oficial.csv","M2006_DF_8_15151_10219","DF","2006","DEPUTADO ESTADUAL/DISTRITAL","Pedro Passos","renuncia","https://www.cl.df.gov.br/documents/5744400/28266712/Deputados+eleitos+e+movimenta%C3%A7%C3%B5es+-+Planilha.xlsx/11f0b744-a69c-bdd1-0437-8d60fc2cf148?t=1740145715216","oficial",NA,NA,"memorial_casa",TRUE,FALSE,FALSE,"oficial"
"eventos_assembleias_fonte_oficial.csv","M2006_DF_8_15154_10220","DF","2006","DEPUTADO ESTADUAL/DISTRITAL","Rôney Nemer","licenca","https://www.cl.df.gov.br/documents/5744400/28266712/Deputados+eleitos+e+movimenta%C3%A7%C3%B5es+-+Planilha.xlsx/11f0b744-a69c-bdd1-0437-8d60fc2cf148?t=1740145715216","oficial",NA,NA,"memorial_casa",TRUE,FALSE,FALSE,"oficial"
"eventos_assembleias_fonte_oficial.csv","M2006_DF_8_15154_10220","DF","2006","DEPUTADO ESTADUAL/DISTRITAL","Rôney Nemer","retorno","https://www.cl.df.gov.br/documents/5744400/28266712/Deputados+eleitos+e+movimenta%C3%A7%C3%B5es+-+Planilha.xlsx/11f0b744-a69c-bdd1-0437-8d60fc2cf148?t=1740145715216","oficial",NA,NA,"memorial_casa",TRUE,FALSE,FALSE,"oficial"
"eventos_assembleias_fonte_oficial.csv","M2006_DF_8_15154_10220","DF","2006","DEPUTADO ESTADUAL/DISTRITAL","Rôney Nemer","licenca","https://www.cl.df.gov.br/documents/5744400/28266712/Deputados+eleitos+e+movimenta%C3%A7%C3%B5es+-+Planilha.xlsx/11f0b744-a69c-bdd1-0437-8d60fc2cf148?t=1740145715216","oficial",NA,NA,"memorial_casa",TRUE,FALSE,FALSE,"oficial"
"eventos_assembleias_fonte_oficial.csv","M2006_DF_8_15154_10220","DF","2006","DEPUTADO ESTADUAL/DISTRITAL","Rôney Nemer","retorno","https://www.cl.df.gov.br/documents/5744400/28266712/Deputados+eleitos+e+movimenta%C3%A7%C3%B5es+-+Planilha.xlsx/11f0b744-a69c-bdd1-0437-8d60fc2cf148?t=1740145715216","oficial",NA,NA,"memorial_casa",TRUE,FALSE,FALSE,"oficial"
"eventos_assembleias_fonte_oficial.csv","M2006_DF_8_17123_10721","DF","2006","DEPUTADO ESTADUAL/DISTRITAL","Raimundo Ribeiro","licenca","https://www.cl.df.gov.br/documents/5744400/28266712/Deputados+eleitos+e+movimenta%C3%A7%C3%B5es+-+Planilha.xlsx/11f0b744-a69c-bdd1-0437-8d60fc2cf148?t=1740145715216","oficial",NA,NA,"memorial_casa",TRUE,FALSE,FALSE,"oficial"
"eventos_assembleias_fonte_oficial.csv","M2006_DF_8_17123_10721","DF","2006","DEPUTADO ESTADUAL/DISTRITAL","Raimundo Ribeiro","retorno","https://www.cl.df.gov.br/documents/5744400/28266712/Deputados+eleitos+e+movimenta%C3%A7%C3%B5es+-+Planilha.xlsx/11f0b744-a69c-bdd1-0437-8d60fc2cf148?t=1740145715216","oficial",NA,NA,"memorial_casa",TRUE,FALSE,FALSE,"oficial"
"eventos_assembleias_fonte_oficial.csv","M2006_DF_8_17123_10721","DF","2006","DEPUTADO ESTADUAL/DISTRITAL","Raimundo Ribeiro","licenca","https://www.cl.df.gov.br/documents/5744400/28266712/Deputados+eleitos+e+movimenta%C3%A7%C3%B5es+-+Planilha.xlsx/11f0b744-a69c-bdd1-0437-8d60fc2cf148?t=1740145715216","oficial",NA,NA,"memorial_casa",TRUE,FALSE,FALSE,"oficial"
"eventos_assembleias_fonte_oficial.csv","M2006_DF_8_17123_10721","DF","2006","DEPUTADO ESTADUAL/DISTRITAL","Raimundo Ribeiro","retorno","https://www.cl.df.gov.br/documents/5744400/28266712/Deputados+eleitos+e+movimenta%C3%A7%C3%B5es+-+Planilha.xlsx/11f0b744-a69c-bdd1-0437-8d60fc2cf148?t=1740145715216","oficial",NA,NA,"memorial_casa",TRUE,FALSE,FALSE,"oficial"
"eventos_assembleias_fonte_oficial.csv","M2006_DF_8_22000_10043","DF","2006","DEPUTADO ESTADUAL/DISTRITAL","Aguinaldo de Jesus","licenca","https://www.cl.df.gov.br/documents/5744400/28266712/Deputados+eleitos+e+movimenta%C3%A7%C3%B5es+-+Planilha.xlsx/11f0b744-a69c-bdd1-0437-8d60fc2cf148?t=1740145715216","oficial",NA,NA,"memorial_casa",TRUE,FALSE,FALSE,"oficial"
"eventos_assembleias_fonte_oficial.csv","M2006_DF_8_22000_10043","DF","2006","DEPUTADO ESTADUAL/DISTRITAL","Aguinaldo de Jesus","retorno","https://www.cl.df.gov.br/documents/5744400/28266712/Deputados+eleitos+e+movimenta%C3%A7%C3%B5es+-+Planilha.xlsx/11f0b744-a69c-bdd1-0437-8d60fc2cf148?t=1740145715216","oficial",NA,NA,"memorial_casa",TRUE,FALSE,FALSE,"oficial"
"eventos_assembleias_fonte_oficial.csv","M2006_DF_8_22000_10043","DF","2006","DEPUTADO ESTADUAL/DISTRITAL","Aguinaldo de Jesus","licenca","https://www.cl.df.gov.br/documents/5744400/28266712/Deputados+eleitos+e+movimenta%C3%A7%C3%B5es+-+Planilha.xlsx/11f0b744-a69c-bdd1-0437-8d60fc2cf148?t=1740145715216","oficial",NA,NA,"memorial_casa",TRUE,FALSE,FALSE,"oficial"
"eventos_assembleias_fonte_oficial.csv","M2006_DF_8_22000_10043","DF","2006","DEPUTADO ESTADUAL/DISTRITAL","Aguinaldo de Jesus","retorno","https://www.cl.df.gov.br/documents/5744400/28266712/Deputados+eleitos+e+movimenta%C3%A7%C3%B5es+-+Planilha.xlsx/11f0b744-a69c-bdd1-0437-8d60fc2cf148?t=1740145715216","oficial",NA,NA,"memorial_casa",TRUE,FALSE,FALSE,"oficial"
"eventos_assembleias_fonte_oficial.csv","M2006_DF_8_22000_10043","DF","2006","DEPUTADO ESTADUAL/DISTRITAL","Aguinaldo de Jesus","licenca","https://www.cl.df.gov.br/documents/5744400/28266712/Deputados+eleitos+e+movimenta%C3%A7%C3%B5es+-+Planilha.xlsx/11f0b744-a69c-bdd1-0437-8d60fc2cf148?t=1740145715216","oficial",NA,NA,"memorial_casa",TRUE,FALSE,FALSE,"oficial"
"eventos_assembleias_fonte_oficial.csv","M2006_DF_8_22000_10043","DF","2006","DEPUTADO ESTADUAL/DISTRITAL","Aguinaldo de Jesus","retorno","https://www.cl.df.gov.br/documents/5744400/28266712/Deputados+eleitos+e+movimenta%C3%A7%C3%B5es+-+Planilha.xlsx/11f0b744-a69c-bdd1-0437-8d60fc2cf148?t=1740145715216","oficial",NA,NA,"memorial_casa",TRUE,FALSE,FALSE,"oficial"
"eventos_assembleias_fonte_oficial.csv","M2006_DF_8_23456_10093","DF","2006","DEPUTADO ESTADUAL/DISTRITAL","Alírio Neto","licenca","https://www.cl.df.gov.br/documents/5744400/28266712/Deputados+eleitos+e+movimenta%C3%A7%C3%B5es+-+Planilha.xlsx/11f0b744-a69c-bdd1-0437-8d60fc2cf148?t=1740145715216","oficial",NA,NA,"memorial_casa",TRUE,FALSE,FALSE,"oficial"
"eventos_assembleias_fonte_oficial.csv","M2006_DF_8_23456_10093","DF","2006","DEPUTADO ESTADUAL/DISTRITAL","Alírio Neto","retorno","https://www.cl.df.gov.br/documents/5744400/28266712/Deputados+eleitos+e+movimenta%C3%A7%C3%B5es+-+Planilha.xlsx/11f0b744-a69c-bdd1-0437-8d60fc2cf148?t=1740145715216","oficial",NA,NA,"memorial_casa",TRUE,FALSE,FALSE,"oficial"
"eventos_assembleias_fonte_oficial.csv","M2006_DF_8_23456_10093","DF","2006","DEPUTADO ESTADUAL/DISTRITAL","Alírio Neto","licenca","https://www.cl.df.gov.br/documents/5744400/28266712/Deputados+eleitos+e+movimenta%C3%A7%C3%B5es+-+Planilha.xlsx/11f0b744-a69c-bdd1-0437-8d60fc2cf148?t=1740145715216","oficial",NA,NA,"memorial_casa",TRUE,FALSE,FALSE,"oficial"
"eventos_assembleias_fonte_oficial.csv","M2006_DF_8_23456_10093","DF","2006","DEPUTADO ESTADUAL/DISTRITAL","Alírio Neto","retorno","https://www.cl.df.gov.br/documents/5744400/28266712/Deputados+eleitos+e+movimenta%C3%A7%C3%B5es+-+Planilha.xlsx/11f0b744-a69c-bdd1-0437-8d60fc2cf148?t=1740145715216","oficial",NA,NA,"memorial_casa",TRUE,FALSE,FALSE,"oficial"
"eventos_assembleias_fonte_oficial.csv","M2006_DF_8_25123_10293","DF","2006","DEPUTADO ESTADUAL/DISTRITAL","Paulo Roriz","licenca","https://www.cl.df.gov.br/documents/5744400/28266712/Deputados+eleitos+e+movimenta%C3%A7%C3%B5es+-+Planilha.xlsx/11f0b744-a69c-bdd1-0437-8d60fc2cf148?t=1740145715216","oficial",NA,NA,"memorial_casa",TRUE,FALSE,FALSE,"oficial"
"eventos_assembleias_fonte_oficial.csv","M2006_DF_8_25123_10293","DF","2006","DEPUTADO ESTADUAL/DISTRITAL","Paulo Roriz","retorno","https://www.cl.df.gov.br/documents/5744400/28266712/Deputados+eleitos+e+movimenta%C3%A7%C3%B5es+-+Planilha.xlsx/11f0b744-a69c-bdd1-0437-8d60fc2cf148?t=1740145715216","oficial",NA,NA,"memorial_casa",TRUE,FALSE,FALSE,"oficial"
"eventos_assembleias_fonte_oficial.csv","M2006_DF_8_25123_10293","DF","2006","DEPUTADO ESTADUAL/DISTRITAL","Paulo Roriz","licenca","https://www.cl.df.gov.br/documents/5744400/28266712/Deputados+eleitos+e+movimenta%C3%A7%C3%B5es+-+Planilha.xlsx/11f0b744-a69c-bdd1-0437-8d60fc2cf148?t=1740145715216","oficial",NA,NA,"memorial_casa",TRUE,FALSE,FALSE,"oficial"
"eventos_assembleias_fonte_oficial.csv","M2006_DF_8_25123_10293","DF","2006","DEPUTADO ESTADUAL/DISTRITAL","Paulo Roriz","retorno","https://www.cl.df.gov.br/documents/5744400/28266712/Deputados+eleitos+e+movimenta%C3%A7%C3%B5es+-+Planilha.xlsx/11f0b744-a69c-bdd1-0437-8d60fc2cf148?t=1740145715216","oficial",NA,NA,"memorial_casa",TRUE,FALSE,FALSE,"oficial"
"eventos_assembleias_fonte_oficial.csv","M2006_DF_8_25123_10293","DF","2006","DEPUTADO ESTADUAL/DISTRITAL","Paulo Roriz","licenca","https://www.cl.df.gov.br/documents/5744400/28266712/Deputados+eleitos+e+movimenta%C3%A7%C3%B5es+-+Planilha.xlsx/11f0b744-a69c-bdd1-0437-8d60fc2cf148?t=1740145715216","oficial",NA,NA,"memorial_casa",TRUE,FALSE,FALSE,"oficial"
"eventos_assembleias_fonte_oficial.csv","M2006_DF_8_25123_10293","DF","2006","DEPUTADO ESTADUAL/DISTRITAL","Paulo Roriz","retorno","https://www.cl.df.gov.br/documents/5744400/28266712/Deputados+eleitos+e+movimenta%C3%A7%C3%B5es+-+Planilha.xlsx/11f0b744-a69c-bdd1-0437-8d60fc2cf148?t=1740145715216","oficial",NA,NA,"memorial_casa",TRUE,FALSE,FALSE,"oficial"
"eventos_assembleias_fonte_oficial.csv","M2006_DF_8_25123_10293","DF","2006","DEPUTADO ESTADUAL/DISTRITAL","Paulo Roriz","licenca","https://www.cl.df.gov.br/documents/5744400/28266712/Deputados+eleitos+e+movimenta%C3%A7%C3%B5es+-+Planilha.xlsx/11f0b744-a69c-bdd1-0437-8d60fc2cf148?t=1740145715216","oficial",NA,NA,"memorial_casa",TRUE,FALSE,FALSE,"oficial"
"eventos_assembleias_fonte_oficial.csv","M2006_DF_8_25123_10293","DF","2006","DEPUTADO ESTADUAL/DISTRITAL","Paulo Roriz","retorno","https://www.cl.df.gov.br/documents/5744400/28266712/Deputados+eleitos+e+movimenta%C3%A7%C3%B5es+-+Planilha.xlsx/11f0b744-a69c-bdd1-0437-8d60fc2cf148?t=1740145715216","oficial",NA,NA,"memorial_casa",TRUE,FALSE,FALSE,"oficial"
"eventos_assembleias_fonte_oficial.csv","M2006_DF_8_25123_10293","DF","2006","DEPUTADO ESTADUAL/DISTRITAL","Paulo Roriz","licenca","https://www.cl.df.gov.br/documents/5744400/28266712/Deputados+eleitos+e+movimenta%C3%A7%C3%B5es+-+Planilha.xlsx/11f0b744-a69c-bdd1-0437-8d60fc2cf148?t=1740145715216","oficial",NA,NA,"memorial_casa",TRUE,FALSE,FALSE,"oficial"
"eventos_assembleias_fonte_oficial.csv","M2006_DF_8_25123_10293","DF","2006","DEPUTADO ESTADUAL/DISTRITAL","Paulo Roriz","retorno","https://www.cl.df.gov.br/documents/5744400/28266712/Deputados+eleitos+e+movimenta%C3%A7%C3%B5es+-+Planilha.xlsx/11f0b744-a69c-bdd1-0437-8d60fc2cf148?t=1740145715216","oficial",NA,NA,"memorial_casa",TRUE,FALSE,FALSE,"oficial"
"eventos_assembleias_fonte_oficial.csv","M2006_DF_8_25125_10294","DF","2006","DEPUTADO ESTADUAL/DISTRITAL","Eliana Pedrosa","licenca","https://www.cl.df.gov.br/documents/5744400/28266712/Deputados+eleitos+e+movimenta%C3%A7%C3%B5es+-+Planilha.xlsx/11f0b744-a69c-bdd1-0437-8d60fc2cf148?t=1740145715216","oficial",NA,NA,"memorial_casa",TRUE,FALSE,FALSE,"oficial"
"eventos_assembleias_fonte_oficial.csv","M2006_DF_8_25125_10294","DF","2006","DEPUTADO ESTADUAL/DISTRITAL","Eliana Pedrosa","retorno","https://www.cl.df.gov.br/documents/5744400/28266712/Deputados+eleitos+e+movimenta%C3%A7%C3%B5es+-+Planilha.xlsx/11f0b744-a69c-bdd1-0437-8d60fc2cf148?t=1740145715216","oficial",NA,NA,"memorial_casa",TRUE,FALSE,FALSE,"oficial"
"eventos_assembleias_fonte_oficial.csv","M2006_DF_8_25125_10294","DF","2006","DEPUTADO ESTADUAL/DISTRITAL","Eliana Pedrosa","licenca","https://www.cl.df.gov.br/documents/5744400/28266712/Deputados+eleitos+e+movimenta%C3%A7%C3%B5es+-+Planilha.xlsx/11f0b744-a69c-bdd1-0437-8d60fc2cf148?t=1740145715216","oficial",NA,NA,"memorial_casa",TRUE,FALSE,FALSE,"oficial"
"eventos_assembleias_fonte_oficial.csv","M2006_DF_8_25125_10294","DF","2006","DEPUTADO ESTADUAL/DISTRITAL","Eliana Pedrosa","retorno","https://www.cl.df.gov.br/documents/5744400/28266712/Deputados+eleitos+e+movimenta%C3%A7%C3%B5es+-+Planilha.xlsx/11f0b744-a69c-bdd1-0437-8d60fc2cf148?t=1740145715216","oficial",NA,NA,"memorial_casa",TRUE,FALSE,FALSE,"oficial"
"eventos_assembleias_fonte_oficial.csv","M2006_DF_8_25125_10294","DF","2006","DEPUTADO ESTADUAL/DISTRITAL","Eliana Pedrosa","licenca","https://www.cl.df.gov.br/documents/5744400/28266712/Deputados+eleitos+e+movimenta%C3%A7%C3%B5es+-+Planilha.xlsx/11f0b744-a69c-bdd1-0437-8d60fc2cf148?t=1740145715216","oficial",NA,NA,"memorial_casa",TRUE,FALSE,FALSE,"oficial"
"eventos_assembleias_fonte_oficial.csv","M2006_DF_8_25125_10294","DF","2006","DEPUTADO ESTADUAL/DISTRITAL","Eliana Pedrosa","retorno","https://www.cl.df.gov.br/documents/5744400/28266712/Deputados+eleitos+e+movimenta%C3%A7%C3%B5es+-+Planilha.xlsx/11f0b744-a69c-bdd1-0437-8d60fc2cf148?t=1740145715216","oficial",NA,NA,"memorial_casa",TRUE,FALSE,FALSE,"oficial"
"eventos_assembleias_fonte_oficial.csv","M2006_DF_8_25125_10294","DF","2006","DEPUTADO ESTADUAL/DISTRITAL","Eliana Pedrosa","licenca","https://www.cl.df.gov.br/documents/5744400/28266712/Deputados+eleitos+e+movimenta%C3%A7%C3%B5es+-+Planilha.xlsx/11f0b744-a69c-bdd1-0437-8d60fc2cf148?t=1740145715216","oficial",NA,NA,"memorial_casa",TRUE,FALSE,FALSE,"oficial"
"eventos_assembleias_fonte_oficial.csv","M2006_DF_8_25125_10294","DF","2006","DEPUTADO ESTADUAL/DISTRITAL","Eliana Pedrosa","retorno","https://www.cl.df.gov.br/documents/5744400/28266712/Deputados+eleitos+e+movimenta%C3%A7%C3%B5es+-+Planilha.xlsx/11f0b744-a69c-bdd1-0437-8d60fc2cf148?t=1740145715216","oficial",NA,NA,"memorial_casa",TRUE,FALSE,FALSE,"oficial"
"eventos_assembleias_fonte_oficial.csv","M2006_DF_8_25125_10294","DF","2006","DEPUTADO ESTADUAL/DISTRITAL","Eliana Pedrosa","licenca","https://www.cl.df.gov.br/documents/5744400/28266712/Deputados+eleitos+e+movimenta%C3%A7%C3%B5es+-+Planilha.xlsx/11f0b744-a69c-bdd1-0437-8d60fc2cf148?t=1740145715216","oficial",NA,NA,"memorial_casa",TRUE,FALSE,FALSE,"oficial"
"eventos_assembleias_fonte_oficial.csv","M2006_DF_8_25125_10294","DF","2006","DEPUTADO ESTADUAL/DISTRITAL","Eliana Pedrosa","retorno","https://www.cl.df.gov.br/documents/5744400/28266712/Deputados+eleitos+e+movimenta%C3%A7%C3%B5es+-+Planilha.xlsx/11f0b744-a69c-bdd1-0437-8d60fc2cf148?t=1740145715216","oficial",NA,NA,"memorial_casa",TRUE,FALSE,FALSE,"oficial"
"eventos_assembleias_fonte_oficial.csv","M2006_DF_8_25125_10294","DF","2006","DEPUTADO ESTADUAL/DISTRITAL","Eliana Pedrosa","licenca","https://www.cl.df.gov.br/documents/5744400/28266712/Deputados+eleitos+e+movimenta%C3%A7%C3%B5es+-+Planilha.xlsx/11f0b744-a69c-bdd1-0437-8d60fc2cf148?t=1740145715216","oficial",NA,NA,"memorial_casa",TRUE,FALSE,FALSE,"oficial"
"eventos_assembleias_fonte_oficial.csv","M2006_DF_8_25125_10294","DF","2006","DEPUTADO ESTADUAL/DISTRITAL","Eliana Pedrosa","retorno","https://www.cl.df.gov.br/documents/5744400/28266712/Deputados+eleitos+e+movimenta%C3%A7%C3%B5es+-+Planilha.xlsx/11f0b744-a69c-bdd1-0437-8d60fc2cf148?t=1740145715216","oficial",NA,NA,"memorial_casa",TRUE,FALSE,FALSE,"oficial"
"eventos_assembleias_fonte_oficial.csv","M2006_DF_8_25222_10306","DF","2006","DEPUTADO ESTADUAL/DISTRITAL","Leonardo Prudente","renuncia","https://www.cl.df.gov.br/documents/5744400/28266712/Deputados+eleitos+e+movimenta%C3%A7%C3%B5es+-+Planilha.xlsx/11f0b744-a69c-bdd1-0437-8d60fc2cf148?t=1740145715216","oficial",NA,NA,"memorial_casa",TRUE,FALSE,FALSE,"oficial"
"eventos_assembleias_fonte_oficial.csv","M2006_DF_8_25444_10322","DF","2006","DEPUTADO ESTADUAL/DISTRITAL","Brunelli","renuncia","https://www.cl.df.gov.br/documents/5744400/28266712/Deputados+eleitos+e+movimenta%C3%A7%C3%B5es+-+Planilha.xlsx/11f0b744-a69c-bdd1-0437-8d60fc2cf148?t=1740145715216","oficial",NA,NA,"memorial_casa",TRUE,FALSE,FALSE,"oficial"
"eventos_assembleias_fonte_oficial.csv","M2006_DF_8_33389_10838","DF","2006","DEPUTADO ESTADUAL/DISTRITAL","Aylton Gomes","licenca","https://www.cl.df.gov.br/documents/5744400/28266712/Deputados+eleitos+e+movimenta%C3%A7%C3%B5es+-+Planilha.xlsx/11f0b744-a69c-bdd1-0437-8d60fc2cf148?t=1740145715216","oficial",NA,NA,"memorial_casa",TRUE,FALSE,FALSE,"oficial"
"eventos_assembleias_fonte_oficial.csv","M2006_DF_8_33389_10838","DF","2006","DEPUTADO ESTADUAL/DISTRITAL","Aylton Gomes","retorno","https://www.cl.df.gov.br/documents/5744400/28266712/Deputados+eleitos+e+movimenta%C3%A7%C3%B5es+-+Planilha.xlsx/11f0b744-a69c-bdd1-0437-8d60fc2cf148?t=1740145715216","oficial",NA,NA,"memorial_casa",TRUE,FALSE,FALSE,"oficial"
"eventos_assembleias_fonte_oficial.csv","M2006_DF_8_33389_10838","DF","2006","DEPUTADO ESTADUAL/DISTRITAL","Aylton Gomes","licenca","https://www.cl.df.gov.br/documents/5744400/28266712/Deputados+eleitos+e+movimenta%C3%A7%C3%B5es+-+Planilha.xlsx/11f0b744-a69c-bdd1-0437-8d60fc2cf148?t=1740145715216","oficial",NA,NA,"memorial_casa",TRUE,FALSE,FALSE,"oficial"
"eventos_assembleias_fonte_oficial.csv","M2006_DF_8_33389_10838","DF","2006","DEPUTADO ESTADUAL/DISTRITAL","Aylton Gomes","retorno","https://www.cl.df.gov.br/documents/5744400/28266712/Deputados+eleitos+e+movimenta%C3%A7%C3%B5es+-+Planilha.xlsx/11f0b744-a69c-bdd1-0437-8d60fc2cf148?t=1740145715216","oficial",NA,NA,"memorial_casa",TRUE,FALSE,FALSE,"oficial"
"eventos_assembleias_fonte_oficial.csv","M2006_DF_8_33389_10838","DF","2006","DEPUTADO ESTADUAL/DISTRITAL","Aylton Gomes","licenca","https://www.cl.df.gov.br/documents/5744400/28266712/Deputados+eleitos+e+movimenta%C3%A7%C3%B5es+-+Planilha.xlsx/11f0b744-a69c-bdd1-0437-8d60fc2cf148?t=1740145715216","oficial",NA,NA,"memorial_casa",TRUE,FALSE,FALSE,"oficial"
"eventos_assembleias_fonte_oficial.csv","M2006_DF_8_33389_10838","DF","2006","DEPUTADO ESTADUAL/DISTRITAL","Aylton Gomes","retorno","https://www.cl.df.gov.br/documents/5744400/28266712/Deputados+eleitos+e+movimenta%C3%A7%C3%B5es+-+Planilha.xlsx/11f0b744-a69c-bdd1-0437-8d60fc2cf148?t=1740145715216","oficial",NA,NA,"memorial_casa",TRUE,FALSE,FALSE,"oficial"
"eventos_assembleias_fonte_oficial.csv","M2006_DF_8_33389_10838","DF","2006","DEPUTADO ESTADUAL/DISTRITAL","Aylton Gomes","licenca","https://www.cl.df.gov.br/documents/5744400/28266712/Deputados+eleitos+e+movimenta%C3%A7%C3%B5es+-+Planilha.xlsx/11f0b744-a69c-bdd1-0437-8d60fc2cf148?t=1740145715216","oficial",NA,NA,"memorial_casa",TRUE,FALSE,FALSE,"oficial"
"eventos_assembleias_fonte_oficial.csv","M2006_DF_8_33389_10838","DF","2006","DEPUTADO ESTADUAL/DISTRITAL","Aylton Gomes","retorno","https://www.cl.df.gov.br/documents/5744400/28266712/Deputados+eleitos+e+movimenta%C3%A7%C3%B5es+-+Planilha.xlsx/11f0b744-a69c-bdd1-0437-8d60fc2cf148?t=1740145715216","oficial",NA,NA,"memorial_casa",TRUE,FALSE,FALSE,"oficial"
"eventos_assembleias_fonte_oficial.csv","M2006_DF_8_40123_10450","DF","2006","DEPUTADO ESTADUAL/DISTRITAL","Rogério Ulysses","cassacao","https://www.cl.df.gov.br/documents/5744400/28266712/Deputados+eleitos+e+movimenta%C3%A7%C3%B5es+-+Planilha.xlsx/11f0b744-a69c-bdd1-0437-8d60fc2cf148?t=1740145715216","oficial",NA,NA,"memorial_casa",TRUE,FALSE,FALSE,"oficial"
"eventos_assembleias_fonte_oficial.csv","M2006_DF_8_40123_10450","DF","2006","DEPUTADO ESTADUAL/DISTRITAL","Rogério Ulysses","retorno","https://www.cl.df.gov.br/documents/5744400/28266712/Deputados+eleitos+e+movimenta%C3%A7%C3%B5es+-+Planilha.xlsx/11f0b744-a69c-bdd1-0437-8d60fc2cf148?t=1740145715216","oficial",NA,NA,"memorial_casa",TRUE,FALSE,FALSE,"oficial"
"eventos_assembleias_fonte_oficial.csv","M2006_DF_8_56123_10860","DF","2006","DEPUTADO ESTADUAL/DISTRITAL","Wilson Lima","licenca","https://www.cl.df.gov.br/documents/5744400/28266712/Deputados+eleitos+e+movimenta%C3%A7%C3%B5es+-+Planilha.xlsx/11f0b744-a69c-bdd1-0437-8d60fc2cf148?t=1740145715216","oficial",NA,NA,"memorial_casa",TRUE,FALSE,FALSE,"oficial"
"eventos_assembleias_fonte_oficial.csv","M2006_DF_8_56123_10860","DF","2006","DEPUTADO ESTADUAL/DISTRITAL","Wilson Lima","retorno","https://www.cl.df.gov.br/documents/5744400/28266712/Deputados+eleitos+e+movimenta%C3%A7%C3%B5es+-+Planilha.xlsx/11f0b744-a69c-bdd1-0437-8d60fc2cf148?t=1740145715216","oficial",NA,NA,"memorial_casa",TRUE,FALSE,FALSE,"oficial"
"eventos_assembleias_fonte_oficial.csv",NA,"DF","2006","DEPUTADO ESTADUAL/DISTRITAL","Eurides Brito da Silva","efetivacao_suplente","https://www.cl.df.gov.br/documents/5744400/28266712/Deputados+eleitos+e+movimenta%C3%A7%C3%B5es+-+Planilha.xlsx/11f0b744-a69c-bdd1-0437-8d60fc2cf148?t=1740145715216","oficial",NA,NA,"memorial_casa",TRUE,FALSE,FALSE,"oficial"
"eventos_assembleias_fonte_oficial.csv",NA,"DF","2006","DEPUTADO ESTADUAL/DISTRITAL","Raad Massouh","efetivacao_suplente","https://www.cl.df.gov.br/documents/5744400/28266712/Deputados+eleitos+e+movimenta%C3%A7%C3%B5es+-+Planilha.xlsx/11f0b744-a69c-bdd1-0437-8d60fc2cf148?t=1740145715216","oficial",NA,NA,"memorial_casa",TRUE,FALSE,FALSE,"oficial"
"eventos_assembleias_fonte_oficial.csv",NA,"DF","2006","DEPUTADO ESTADUAL/DISTRITAL","Geraldo Naves","efetivacao_suplente","https://www.cl.df.gov.br/documents/5744400/28266712/Deputados+eleitos+e+movimenta%C3%A7%C3%B5es+-+Planilha.xlsx/11f0b744-a69c-bdd1-0437-8d60fc2cf148?t=1740145715216","oficial",NA,NA,"memorial_casa",TRUE,FALSE,FALSE,"oficial"
"eventos_assembleias_fonte_oficial.csv","M2010_DF_8_13113_70000001001","DF","2010","DEPUTADO ESTADUAL/DISTRITAL","Arlete Sampaio","licenca","https://www.cl.df.gov.br/documents/5744400/28266712/Deputados+eleitos+e+movimenta%C3%A7%C3%B5es+-+Planilha.xlsx/11f0b744-a69c-bdd1-0437-8d60fc2cf148?t=1740145715216","oficial",NA,NA,"memorial_casa",TRUE,FALSE,FALSE,"oficial"
"eventos_assembleias_fonte_oficial.csv","M2010_DF_8_14014_70000000685","DF","2010","DEPUTADO ESTADUAL/DISTRITAL","Cristiano Araújo","licenca","https://www.cl.df.gov.br/documents/5744400/28266712/Deputados+eleitos+e+movimenta%C3%A7%C3%B5es+-+Planilha.xlsx/11f0b744-a69c-bdd1-0437-8d60fc2cf148?t=1740145715216","oficial",NA,NA,"memorial_casa",TRUE,FALSE,FALSE,"oficial"
"eventos_assembleias_fonte_oficial.csv","M2010_DF_8_20123_70000000812","DF","2010","DEPUTADO ESTADUAL/DISTRITAL","Wellington Luiz","licenca","https://www.cl.df.gov.br/documents/5744400/28266712/Deputados+eleitos+e+movimenta%C3%A7%C3%B5es+-+Planilha.xlsx/11f0b744-a69c-bdd1-0437-8d60fc2cf148?t=1740145715216","oficial",NA,NA,"memorial_casa",TRUE,FALSE,FALSE,"oficial"
"eventos_assembleias_fonte_oficial.csv","M2010_DF_8_23456_70000000571","DF","2010","DEPUTADO ESTADUAL/DISTRITAL","Alírio Neto","licenca","https://www.cl.df.gov.br/documents/5744400/28266712/Deputados+eleitos+e+movimenta%C3%A7%C3%B5es+-+Planilha.xlsx/11f0b744-a69c-bdd1-0437-8d60fc2cf148?t=1740145715216","oficial",NA,NA,"memorial_casa",TRUE,FALSE,FALSE,"oficial"
"eventos_assembleias_fonte_oficial.csv","M2010_DF_8_25100_70000001121","DF","2010","DEPUTADO ESTADUAL/DISTRITAL","Raad Massouh","licenca","https://www.cl.df.gov.br/documents/5744400/28266712/Deputados+eleitos+e+movimenta%C3%A7%C3%B5es+-+Planilha.xlsx/11f0b744-a69c-bdd1-0437-8d60fc2cf148?t=1740145715216","oficial",NA,NA,"memorial_casa",TRUE,FALSE,FALSE,"oficial"
"eventos_assembleias_fonte_oficial.csv","M2010_DF_8_25100_70000001121","DF","2010","DEPUTADO ESTADUAL/DISTRITAL","Raad Massouh","retorno","https://www.cl.df.gov.br/documents/5744400/28266712/Deputados+eleitos+e+movimenta%C3%A7%C3%B5es+-+Planilha.xlsx/11f0b744-a69c-bdd1-0437-8d60fc2cf148?t=1740145715216","oficial",NA,NA,"memorial_casa",TRUE,FALSE,FALSE,"oficial"
"eventos_assembleias_fonte_oficial.csv","M2010_DF_8_25100_70000001121","DF","2010","DEPUTADO ESTADUAL/DISTRITAL","Raad Massouh","licenca","https://www.cl.df.gov.br/documents/5744400/28266712/Deputados+eleitos+e+movimenta%C3%A7%C3%B5es+-+Planilha.xlsx/11f0b744-a69c-bdd1-0437-8d60fc2cf148?t=1740145715216","oficial",NA,NA,"memorial_casa",TRUE,FALSE,FALSE,"oficial"
"eventos_assembleias_fonte_oficial.csv","M2010_DF_8_25100_70000001121","DF","2010","DEPUTADO ESTADUAL/DISTRITAL","Raad Massouh","retorno","https://www.cl.df.gov.br/documents/5744400/28266712/Deputados+eleitos+e+movimenta%C3%A7%C3%B5es+-+Planilha.xlsx/11f0b744-a69c-bdd1-0437-8d60fc2cf148?t=1740145715216","oficial",NA,NA,"memorial_casa",TRUE,FALSE,FALSE,"oficial"
"eventos_assembleias_fonte_oficial.csv","M2010_DF_8_25100_70000001121","DF","2010","DEPUTADO ESTADUAL/DISTRITAL","Raad Massouh","cassacao","https://www.cl.df.gov.br/documents/5744400/28266712/Deputados+eleitos+e+movimenta%C3%A7%C3%B5es+-+Planilha.xlsx/11f0b744-a69c-bdd1-0437-8d60fc2cf148?t=1740145715216","oficial",NA,NA,"memorial_casa",TRUE,FALSE,FALSE,"oficial"
"eventos_assembleias_fonte_oficial.csv",NA,"DF","2010","DEPUTADO ESTADUAL/DISTRITAL","Paulo Roriz","efetivacao_suplente","https://www.cl.df.gov.br/documents/5744400/28266712/Deputados+eleitos+e+movimenta%C3%A7%C3%B5es+-+Planilha.xlsx/11f0b744-a69c-bdd1-0437-8d60fc2cf148?t=1740145715216","oficial",NA,NA,"memorial_casa",TRUE,FALSE,FALSE,"oficial"
"eventos_assembleias_fonte_oficial.csv","M2014_DF_8_12345_70000000557","DF","2014","DEPUTADO ESTADUAL/DISTRITAL","Joe Valle","licenca","https://www.cl.df.gov.br/documents/5744400/28266712/Deputados+eleitos+e+movimenta%C3%A7%C3%B5es+-+Planilha.xlsx/11f0b744-a69c-bdd1-0437-8d60fc2cf148?t=1740145715216","oficial",NA,NA,"memorial_casa",TRUE,FALSE,FALSE,"oficial"
"eventos_assembleias_fonte_oficial.csv","M2014_DF_8_12345_70000000557","DF","2014","DEPUTADO ESTADUAL/DISTRITAL","Joe Valle","retorno","https://www.cl.df.gov.br/documents/5744400/28266712/Deputados+eleitos+e+movimenta%C3%A7%C3%B5es+-+Planilha.xlsx/11f0b744-a69c-bdd1-0437-8d60fc2cf148?t=1740145715216","oficial",NA,NA,"memorial_casa",TRUE,FALSE,FALSE,"oficial"
"eventos_assembleias_fonte_oficial.csv","M2018_DF_8_44222_70000614991","DF","2018","DEPUTADO ESTADUAL/DISTRITAL","Daniel Donizet","licenca","https://www.cl.df.gov.br/documents/5744400/28266712/Deputados+eleitos+e+movimenta%C3%A7%C3%B5es+-+Planilha.xlsx/11f0b744-a69c-bdd1-0437-8d60fc2cf148?t=1740145715216","oficial",NA,NA,"memorial_casa",TRUE,FALSE,FALSE,"oficial"
"eventos_assembleias_fonte_oficial.csv","M2018_DF_8_44222_70000614991","DF","2018","DEPUTADO ESTADUAL/DISTRITAL","Daniel Donizet","retorno","https://www.cl.df.gov.br/documents/5744400/28266712/Deputados+eleitos+e+movimenta%C3%A7%C3%B5es+-+Planilha.xlsx/11f0b744-a69c-bdd1-0437-8d60fc2cf148?t=1740145715216","oficial",NA,NA,"memorial_casa",TRUE,FALSE,FALSE,"oficial"
"eventos_assembleias_fonte_oficial.csv","M2018_DF_8_90190_70000605604","DF","2018","DEPUTADO ESTADUAL/DISTRITAL","Delegado Fernando Fernandes","licenca","https://www.cl.df.gov.br/documents/5744400/28266712/Deputados+eleitos+e+movimenta%C3%A7%C3%B5es+-+Planilha.xlsx/11f0b744-a69c-bdd1-0437-8d60fc2cf148?t=1740145715216","oficial",NA,NA,"memorial_casa",TRUE,FALSE,FALSE,"oficial"
"eventos_assembleias_fonte_oficial.csv","M2018_DF_8_90190_70000605604","DF","2018","DEPUTADO ESTADUAL/DISTRITAL","Delegado Fernando Fernandes","retorno","https://www.cl.df.gov.br/documents/5744400/28266712/Deputados+eleitos+e+movimenta%C3%A7%C3%B5es+-+Planilha.xlsx/11f0b744-a69c-bdd1-0437-8d60fc2cf148?t=1740145715216","oficial",NA,NA,"memorial_casa",TRUE,FALSE,FALSE,"oficial"
"eventos_assembleias_fonte_oficial.csv","M2002_ES_7_11110_539","ES","2002","DEPUTADO ESTADUAL/DISTRITAL","Gilson Antonio de Sales Amaro","renuncia","https://www.al.es.gov.br/appdata/anexos_internet/DiariosPDF/2004/DPL______30.12.2004-0003.pdf","oficial",NA,NA,"diario_oficial",TRUE,FALSE,FALSE,"oficial"
"eventos_assembleias_fonte_oficial.csv","M2002_ES_7_13120_217","ES","2002","DEPUTADO ESTADUAL/DISTRITAL","Helder Ignácio Salomão","renuncia","https://www.al.es.gov.br/appdata/anexos_internet/DiariosPDF/2005/DPL______04.01.2005-0104.pdf","oficial",NA,NA,"diario_oficial",TRUE,FALSE,FALSE,"oficial"
"eventos_assembleias_fonte_oficial.csv","M2002_ES_7_15789_494","ES","2002","DEPUTADO ESTADUAL/DISTRITAL","Luiz Carlos Moreira","cassacao","https://www.al.es.gov.br/appdata/anexos_internet/DiariosPDF/2006/DPL______04.10.2006-0015.pdf","oficial",NA,NA,"diario_oficial",TRUE,FALSE,FALSE,"oficial"
"eventos_assembleias_fonte_oficial.csv","M2002_ES_7_23000_42","ES","2002","DEPUTADO ESTADUAL/DISTRITAL","Anselmo Tose","licenca","https://www.al.es.gov.br/appdata/anexos_internet/DiariosPDF/2005/DPL______07.06.2005-0009.pdf","oficial",NA,NA,"diario_oficial",TRUE,FALSE,FALSE,"oficial"
"eventos_assembleias_fonte_oficial.csv","M2002_ES_7_33678_457","ES","2002","DEPUTADO ESTADUAL/DISTRITAL","Edson Vargas Barbosa","falecimento","https://www.al.es.gov.br/appdata/anexos_internet/DiariosPDF/2006/DPL______24.01.2006-0024.pdf","oficial",NA,NA,"diario_oficial",TRUE,FALSE,FALSE,"oficial"
"eventos_assembleias_fonte_oficial.csv","M2006_ES_7_13123_10464","ES","2006","DEPUTADO ESTADUAL/DISTRITAL","Carlos Casteglione","renuncia","https://www.al.es.gov.br/appdata/anexos_internet/DiariosPDF/2008/DPL______31.12.2008.pdf","oficial",NA,NA,"diario_oficial",TRUE,FALSE,FALSE,"oficial"
"eventos_assembleias_fonte_oficial.csv","M2006_ES_7_15555_10222","ES","2006","DEPUTADO ESTADUAL/DISTRITAL","Guerino Zanon","renuncia","https://www.al.es.gov.br/appdata/anexos_internet/DiariosPDF/2008/DPL______31.12.2008.pdf","oficial",NA,NA,"diario_oficial",TRUE,FALSE,FALSE,"oficial"
"eventos_assembleias_fonte_oficial.csv","M2006_ES_7_22333_10402","ES","2006","DEPUTADO ESTADUAL/DISTRITAL","ROBSON VAILLANT","afastamento","https://www.al.es.gov.br/appdata/anexos_sptl/frequencia_plenario/FrequenciaPlenario022010.pdf","oficial",NA,NA,"portal_casa",TRUE,FALSE,FALSE,"oficial"
"eventos_assembleias_fonte_oficial.csv","M2006_ES_7_33000_10079","ES","2006","DEPUTADO ESTADUAL/DISTRITAL","Jardel dos Idosos","cassacao","https://www.al.es.gov.br/appdata/anexos_internet/DiariosPDF/2008/DPL______22.09.2008-0004.pdf","oficial",NA,NA,"diario_oficial",TRUE,FALSE,FALSE,"oficial"
"eventos_assembleias_fonte_oficial.csv","M2006_ES_7_40222_10486","ES","2006","DEPUTADO ESTADUAL/DISTRITAL","Luciano Henrique Sordine Pereira","cassacao","https://www.al.es.gov.br/appdata/anexos_internet/DiariosPDF/2010/DPL______09.08.2010-0003.pdf","oficial",NA,NA,"diario_oficial",TRUE,FALSE,FALSE,"oficial"
"eventos_assembleias_fonte_oficial.csv","M2006_ES_7_44321_10277","ES","2006","DEPUTADO ESTADUAL/DISTRITAL","Elion Vargas Teixeira","renuncia","https://www.al.es.gov.br/appdata/anexos_internet/DiariosPDF/2008/DPL______03.06.2008-0004.pdf","oficial",NA,NA,"diario_oficial",TRUE,FALSE,FALSE,"oficial"
"eventos_assembleias_fonte_oficial.csv","M2010_ES_7_12500_80000000561","ES","2010","DEPUTADO ESTADUAL/DISTRITAL","Marcelo Coelho","renuncia","https://www.al.es.gov.br/appdata/anexos_internet/DiariosPDF/2013/DPL______16.01.2013-0011_v2.pdf","oficial",NA,NA,"diario_oficial",TRUE,FALSE,FALSE,"oficial"
"eventos_assembleias_fonte_oficial.csv","M2010_ES_7_15311_80000000524","ES","2010","DEPUTADO ESTADUAL/DISTRITAL","Sérgio Manoel Nader Borges","renuncia","https://www.al.es.gov.br/appdata/anexos_internet/DiariosPDF/2013/DPL______08.11.2013-0003.pdf","oficial",NA,NA,"diario_oficial",TRUE,FALSE,FALSE,"oficial"
"eventos_assembleias_fonte_oficial.csv","M2010_ES_7_22345_80000000024","ES","2010","DEPUTADO ESTADUAL/DISTRITAL","Glauber Coelho","falecimento","https://www.al.es.gov.br/appdata/anexos_internet/DiariosPDF/2014/DPL______29.08.2014-0080_v2.pdf","oficial",NA,NA,"diario_oficial",TRUE,FALSE,FALSE,"oficial"
"eventos_assembleias_fonte_oficial.csv","M2010_ES_7_23123_80000000633","ES","2010","DEPUTADO ESTADUAL/DISTRITAL","Luciano Rezende","renuncia","https://www.al.es.gov.br/appdata/anexos_internet/DiariosPDF/2013/DPL______16.01.2013-0011_v2.pdf","oficial",NA,NA,"diario_oficial",TRUE,FALSE,FALSE,"oficial"
"eventos_assembleias_fonte_oficial.csv","M2010_ES_7_25025_80000000427","ES","2010","DEPUTADO ESTADUAL/DISTRITAL","Rodney Miranda","renuncia","https://www.al.es.gov.br/appdata/anexos_internet/DiariosPDF/2013/DPL______15.01.2013-0051_v2.pdf","oficial",NA,NA,"diario_oficial",TRUE,FALSE,FALSE,"oficial"
"eventos_assembleias_fonte_oficial.csv","M2010_ES_7_25222_80000000735","ES","2010","DEPUTADO ESTADUAL/DISTRITAL","Luciano Henrique Sordine Pereira","renuncia","https://www.al.es.gov.br/appdata/anexos_internet/DiariosPDF/2013/DPL______10.01.2013-0003_v2.pdf","oficial",NA,NA,"diario_oficial",TRUE,FALSE,FALSE,"oficial"
"eventos_assembleias_fonte_oficial.csv","M2010_ES_7_40123_80000000521","ES","2010","DEPUTADO ESTADUAL/DISTRITAL","Rodrigo Chamoun","renuncia","https://www.al.es.gov.br/appdata/anexos_internet/DiariosPDF/2012/DPL______30.03.2012-0087.pdf","oficial",NA,NA,"diario_oficial",TRUE,FALSE,FALSE,"oficial"
"eventos_assembleias_fonte_oficial.csv","M2010_ES_7_44789_80000000229","ES","2010","DEPUTADO ESTADUAL/DISTRITAL","Henrique Vargas","renuncia","https://www.al.es.gov.br/appdata/anexos_internet/DiariosPDF/2013/DPL______16.01.2013-0011_v2.pdf","oficial",NA,NA,"diario_oficial",TRUE,FALSE,FALSE,"oficial"
"eventos_assembleias_fonte_oficial.csv","M2014_ES_7_11000_80000000109","ES","2014","DEPUTADO ESTADUAL/DISTRITAL","João Carlos Lorenzoni","renuncia","https://www.al.es.gov.br/appdata/anexos_internet/DiariosPDF/2016/DPL______22.12.2016-0003.pdf","oficial",NA,NA,"diario_oficial",TRUE,FALSE,FALSE,"oficial"
"eventos_assembleias_fonte_oficial.csv","M2014_ES_7_13123_80000000422","ES","2014","DEPUTADO ESTADUAL/DISTRITAL","Rodrigo Coelho do Carmo","renuncia","https://www.al.es.gov.br/appdata/anexos_internet/DiariosPDF/2018/DPL______14.08.2018-0021.pdf","oficial",NA,NA,"diario_oficial",TRUE,FALSE,FALSE,"oficial"
"eventos_assembleias_fonte_oficial.csv","M2014_ES_7_15555_80000000655","ES","2014","DEPUTADO ESTADUAL/DISTRITAL","Guerino Luiz Zanon","renuncia","https://www.al.es.gov.br/appdata/anexos_internet/DiariosPDF/2016/DPL______22.12.2016-0003.pdf","oficial",NA,NA,"diario_oficial",TRUE,FALSE,FALSE,"oficial"
"eventos_assembleias_fonte_oficial.csv","M2014_ES_7_25123_80000000685","ES","2014","DEPUTADO ESTADUAL/DISTRITAL","Edson Magalhães","renuncia","https://www.al.es.gov.br/appdata/anexos_internet/DiariosPDF/2017/DPL______14.02.2017-0061.pdf","oficial",NA,NA,"diario_oficial",TRUE,FALSE,FALSE,"oficial"
"eventos_assembleias_fonte_oficial.csv","M2014_ES_7_44567_80000000603","ES","2014","DEPUTADO ESTADUAL/DISTRITAL","Almir Vieira","cassacao","https://www.al.es.gov.br/appdata/anexos_internet/DiariosPDF/2018/DPL______15.06.2018-0039.pdf","oficial",NA,NA,"diario_oficial",TRUE,FALSE,FALSE,"oficial"
"eventos_assembleias_fonte_oficial.csv","M2018_ES_7_27444_80000625548","ES","2018","DEPUTADO ESTADUAL/DISTRITAL","Euclério Sampaio","renuncia","https://www.al.es.gov.br/appdata/anexos_internet/DiariosPDF/2021/DPL______04.01.2021_O-0003.pdf","oficial",NA,NA,"diario_oficial",TRUE,FALSE,FALSE,"oficial"
"eventos_assembleias_fonte_oficial.csv","M2018_ES_7_44444_80000624435","ES","2018","DEPUTADO ESTADUAL/DISTRITAL","Lorenzo Pazolini","renuncia","https://www.al.es.gov.br/appdata/anexos_internet/DiariosPDF/2021/DPL______04.01.2021_O-0003.pdf","oficial",NA,NA,"diario_oficial",TRUE,FALSE,FALSE,"oficial"
"eventos_assembleias_fonte_oficial.csv","M2018_ES_7_55555_80000622479","ES","2018","DEPUTADO ESTADUAL/DISTRITAL","Enivaldo dos Anjos","renuncia","https://www.al.es.gov.br/appdata/anexos_internet/DiariosPDF/2021/DPL______04.01.2021_O-0003.pdf","oficial",NA,NA,"diario_oficial",TRUE,FALSE,FALSE,"oficial"
"eventos_assembleias_fonte_oficial.csv","M2022_ES_7_11100_80001649877","ES","2022","DEPUTADO ESTADUAL/DISTRITAL","Theodorico de Assis Ferraço","renuncia","https://www.al.es.gov.br/appdata/anexos_internet/DiariosPDF/2025/DPL______02.01.2025_O-0003.pdf","oficial",NA,NA,"diario_oficial",TRUE,FALSE,FALSE,"oficial"
"eventos_assembleias_fonte_oficial.csv","M2022_ES_7_19000_80001609612","ES","2022","DEPUTADO ESTADUAL/DISTRITAL","Lucas Scaramussa","renuncia","https://www.al.es.gov.br/appdata/anexos_internet/DiariosPDF/2025/DPL______03.01.2025_O-0006.pdf","oficial",NA,NA,"diario_oficial",TRUE,FALSE,FALSE,"oficial"
"eventos_assembleias_fonte_oficial.csv","M1998_GO_7_11116_900000907111161","GO","1998","DEPUTADO ESTADUAL/DISTRITAL","Sebastião Monteiro Guimarães Filho","licenca","https://publicacoes.al.go.leg.br/biblioteca/o_legislativo_em_goias_vol1_2edicao.pdf","oficial",NA,NA,"memorial_casa",TRUE,FALSE,FALSE,"oficial"
"eventos_assembleias_fonte_oficial.csv","M1998_GO_7_11116_900000907111161","GO","1998","DEPUTADO ESTADUAL/DISTRITAL","Sebastião Monteiro Guimarães Filho","retorno","https://publicacoes.al.go.leg.br/biblioteca/o_legislativo_em_goias_vol1_2edicao.pdf","oficial",NA,NA,"memorial_casa",TRUE,FALSE,FALSE,"oficial"
"eventos_assembleias_fonte_oficial.csv","M1998_GO_7_11116_900000907111161","GO","1998","DEPUTADO ESTADUAL/DISTRITAL","Sebastião Monteiro Guimarães Filho","licenca","https://publicacoes.al.go.leg.br/biblioteca/o_legislativo_em_goias_vol1_2edicao.pdf","oficial",NA,NA,"memorial_casa",TRUE,FALSE,FALSE,"oficial"
"eventos_assembleias_fonte_oficial.csv","M1998_GO_7_11116_900000907111161","GO","1998","DEPUTADO ESTADUAL/DISTRITAL","Sebastião Monteiro Guimarães Filho","renuncia","https://publicacoes.al.go.leg.br/biblioteca/o_legislativo_em_goias_vol1_2edicao.pdf","oficial",NA,NA,"memorial_casa",TRUE,FALSE,FALSE,"oficial"
"eventos_assembleias_fonte_oficial.csv","M1998_GO_7_15111_900000907151111","GO","1998","DEPUTADO ESTADUAL/DISTRITAL","Adib Elias","renuncia","https://portal.al.go.leg.br/deputados/perfil-biografico/114","oficial",NA,NA,"portal_casa",TRUE,FALSE,FALSE,"oficial"
"eventos_assembleias_fonte_oficial.csv","M1998_GO_7_15135_900000907151351","GO","1998","DEPUTADO ESTADUAL/DISTRITAL","Nelson Antônio da Silva","licenca","https://publicacoes.al.go.leg.br/biblioteca/o_legislativo_em_goias_vol1_2edicao.pdf","oficial",NA,NA,"memorial_casa",TRUE,FALSE,FALSE,"oficial"
"eventos_assembleias_fonte_oficial.csv","M1998_GO_7_15135_900000907151351","GO","1998","DEPUTADO ESTADUAL/DISTRITAL","Nelson Antônio da Silva","retorno","https://publicacoes.al.go.leg.br/biblioteca/o_legislativo_em_goias_vol1_2edicao.pdf","oficial",NA,NA,"memorial_casa",TRUE,FALSE,FALSE,"oficial"
"eventos_assembleias_fonte_oficial.csv","M1998_GO_7_15141_900000907151411","GO","1998","DEPUTADO ESTADUAL/DISTRITAL","José Essado Neto","renuncia","https://publicacoes.al.go.leg.br/biblioteca/o_legislativo_em_goias_vol1_2edicao.pdf","oficial",NA,NA,"memorial_casa",TRUE,FALSE,FALSE,"oficial"
"eventos_assembleias_fonte_oficial.csv","M1998_GO_7_18181_900000907181811","GO","1998","DEPUTADO ESTADUAL/DISTRITAL","Rosiron Wayne de Oliveira","licenca","https://publicacoes.al.go.leg.br/biblioteca/o_legislativo_em_goias_vol1_2edicao.pdf","oficial",NA,NA,"memorial_casa",TRUE,FALSE,FALSE,"oficial"
"eventos_assembleias_fonte_oficial.csv","M1998_GO_7_20111_900000907201111","GO","1998","DEPUTADO ESTADUAL/DISTRITAL","Ronildo Naves de Oliveira","falecimento","https://publicacoes.al.go.leg.br/biblioteca/o_legislativo_em_goias_vol1_2edicao.pdf","oficial",NA,NA,"memorial_casa",TRUE,FALSE,FALSE,"oficial"
"eventos_assembleias_fonte_oficial.csv","M1998_GO_7_22123_900000907221231","GO","1998","DEPUTADO ESTADUAL/DISTRITAL","Antonino Camilo de Andrade","licenca","https://publicacoes.al.go.leg.br/biblioteca/o_legislativo_em_goias_vol1_2edicao.pdf","oficial",NA,NA,"memorial_casa",TRUE,FALSE,FALSE,"oficial"
"eventos_assembleias_fonte_oficial.csv","M1998_GO_7_22123_900000907221231","GO","1998","DEPUTADO ESTADUAL/DISTRITAL","Antonino Camilo de Andrade","retorno","https://publicacoes.al.go.leg.br/biblioteca/o_legislativo_em_goias_vol1_2edicao.pdf","oficial",NA,NA,"memorial_casa",TRUE,FALSE,FALSE,"oficial"
"eventos_assembleias_fonte_oficial.csv","M1998_GO_7_22123_900000907221231","GO","1998","DEPUTADO ESTADUAL/DISTRITAL","Antonino Camilo de Andrade","licenca","https://publicacoes.al.go.leg.br/biblioteca/o_legislativo_em_goias_vol1_2edicao.pdf","oficial",NA,NA,"memorial_casa",TRUE,FALSE,FALSE,"oficial"
"eventos_assembleias_fonte_oficial.csv","M1998_GO_7_25111_900000907251111","GO","1998","DEPUTADO ESTADUAL/DISTRITAL","Jalles Fontoura de Siqueira","licenca","https://publicacoes.al.go.leg.br/biblioteca/o_legislativo_em_goias_vol1_2edicao.pdf","oficial",NA,NA,"memorial_casa",TRUE,FALSE,FALSE,"oficial"
"eventos_assembleias_fonte_oficial.csv","M1998_GO_7_25111_900000907251111","GO","1998","DEPUTADO ESTADUAL/DISTRITAL","Jalles Fontoura de Siqueira","retorno","https://publicacoes.al.go.leg.br/biblioteca/o_legislativo_em_goias_vol1_2edicao.pdf","oficial",NA,NA,"memorial_casa",TRUE,FALSE,FALSE,"oficial"
"eventos_assembleias_fonte_oficial.csv","M1998_GO_7_25999_900000907259991","GO","1998","DEPUTADO ESTADUAL/DISTRITAL","Célio Antônio da Silveira","licenca","https://publicacoes.al.go.leg.br/biblioteca/o_legislativo_em_goias_vol1_2edicao.pdf","oficial",NA,NA,"memorial_casa",TRUE,FALSE,FALSE,"oficial"
"eventos_assembleias_fonte_oficial.csv","M1998_GO_7_25999_900000907259991","GO","1998","DEPUTADO ESTADUAL/DISTRITAL","Célio Antônio da Silveira","retorno","https://publicacoes.al.go.leg.br/biblioteca/o_legislativo_em_goias_vol1_2edicao.pdf","oficial",NA,NA,"memorial_casa",TRUE,FALSE,FALSE,"oficial"
"eventos_assembleias_fonte_oficial.csv","M1998_GO_7_41123_900000907411231","GO","1998","DEPUTADO ESTADUAL/DISTRITAL","Paulo Rodrigues de Freitas","renuncia","https://publicacoes.al.go.leg.br/biblioteca/o_legislativo_em_goias_vol1_2edicao.pdf","oficial",NA,NA,"memorial_casa",TRUE,FALSE,FALSE,"oficial"
"eventos_assembleias_fonte_oficial.csv","M1998_GO_7_41155_900000907411551","GO","1998","DEPUTADO ESTADUAL/DISTRITAL","Dr. George Morais","renuncia","https://portal.al.go.leg.br/deputados/perfil-biografico/815","oficial",NA,NA,"portal_casa",TRUE,FALSE,FALSE,"oficial"
"eventos_assembleias_fonte_oficial.csv","M1998_GO_7_45111_900000907451111","GO","1998","DEPUTADO ESTADUAL/DISTRITAL","Luiz Moura","renuncia","https://portal.al.go.leg.br/deputados/perfil-biografico/489","oficial",NA,NA,"portal_casa",TRUE,FALSE,FALSE,"oficial"
"eventos_assembleias_fonte_oficial.csv","M1998_GO_7_45150_900000907451501","GO","1998","DEPUTADO ESTADUAL/DISTRITAL","Sebastião Joaquim Pereira Neto Tejota","renuncia","https://publicacoes.al.go.leg.br/biblioteca/o_legislativo_em_goias_vol1_2edicao.pdf","oficial",NA,NA,"memorial_casa",TRUE,FALSE,FALSE,"oficial"
"eventos_assembleias_fonte_oficial.csv","M1998_GO_7_45151_900000907451511","GO","1998","DEPUTADO ESTADUAL/DISTRITAL","Honor Cruvinel de Oliveira","licenca","https://publicacoes.al.go.leg.br/biblioteca/o_legislativo_em_goias_vol1_2edicao.pdf","oficial",NA,NA,"memorial_casa",TRUE,FALSE,FALSE,"oficial"
"eventos_assembleias_fonte_oficial.csv","M1998_GO_7_45151_900000907451511","GO","1998","DEPUTADO ESTADUAL/DISTRITAL","Honor Cruvinel de Oliveira","retorno","https://publicacoes.al.go.leg.br/biblioteca/o_legislativo_em_goias_vol1_2edicao.pdf","oficial",NA,NA,"memorial_casa",TRUE,FALSE,FALSE,"oficial"
"eventos_assembleias_fonte_oficial.csv","M1998_GO_7_45155_900000907451551","GO","1998","DEPUTADO ESTADUAL/DISTRITAL","José Luciano da Fonseca","falecimento","https://publicacoes.al.go.leg.br/biblioteca/o_legislativo_em_goias_vol1_2edicao.pdf","oficial",NA,NA,"memorial_casa",TRUE,FALSE,FALSE,"oficial"
"eventos_assembleias_fonte_oficial.csv","M1998_GO_7_65123_900000907651231","GO","1998","DEPUTADO ESTADUAL/DISTRITAL","Denise Aparecida Carvalho","licenca","https://publicacoes.al.go.leg.br/biblioteca/o_legislativo_em_goias_vol1_2edicao.pdf","oficial",NA,NA,"memorial_casa",TRUE,FALSE,FALSE,"oficial"
"eventos_assembleias_fonte_oficial.csv",NA,"GO","1998","DEPUTADO ESTADUAL/DISTRITAL","Raquel Rodrigues","posse_suplente","https://portal.al.go.leg.br/deputados/perfil-biografico/159","oficial",NA,NA,"portal_casa",TRUE,FALSE,FALSE,"oficial"
"eventos_assembleias_fonte_oficial.csv","M2002_GO_7_11477_782","GO","2002","DEPUTADO ESTADUAL/DISTRITAL","Raquel Mendes Vieira Rodrigues","renuncia","https://publicacoes.al.go.leg.br/biblioteca/o_legislativo_em_goias_vol1_2edicao.pdf","oficial",NA,NA,"memorial_casa",TRUE,FALSE,FALSE,"oficial"
"eventos_assembleias_fonte_oficial.csv","M2002_GO_7_15111_345","GO","2002","DEPUTADO ESTADUAL/DISTRITAL","Magda Mofatto Hon","renuncia","https://publicacoes.al.go.leg.br/biblioteca/o_legislativo_em_goias_vol1_2edicao.pdf","oficial",NA,NA,"memorial_casa",TRUE,FALSE,FALSE,"oficial"
"eventos_assembleias_fonte_oficial.csv","M2002_GO_7_15147_244","GO","2002","DEPUTADO ESTADUAL/DISTRITAL","José Gomes da Rocha","renuncia","https://publicacoes.al.go.leg.br/biblioteca/o_legislativo_em_goias_vol1_2edicao.pdf","oficial",NA,NA,"memorial_casa",TRUE,FALSE,FALSE,"oficial"
"eventos_assembleias_fonte_oficial.csv","M2002_GO_7_22777_1150","GO","2002","DEPUTADO ESTADUAL/DISTRITAL","Walter Inácio do Nascimento","licenca","https://publicacoes.al.go.leg.br/biblioteca/o_legislativo_em_goias_vol1_2edicao.pdf","oficial",NA,NA,"memorial_casa",TRUE,FALSE,FALSE,"oficial"
"eventos_assembleias_fonte_oficial.csv","M2002_GO_7_22777_1150","GO","2002","DEPUTADO ESTADUAL/DISTRITAL","Walter Inácio do Nascimento","retorno","https://publicacoes.al.go.leg.br/biblioteca/o_legislativo_em_goias_vol1_2edicao.pdf","oficial",NA,NA,"memorial_casa",TRUE,FALSE,FALSE,"oficial"
"eventos_assembleias_fonte_oficial.csv","M2002_GO_7_22777_1150","GO","2002","DEPUTADO ESTADUAL/DISTRITAL","Walter Inácio do Nascimento","licenca","https://publicacoes.al.go.leg.br/biblioteca/o_legislativo_em_goias_vol1_2edicao.pdf","oficial",NA,NA,"memorial_casa",TRUE,FALSE,FALSE,"oficial"
"eventos_assembleias_fonte_oficial.csv","M2002_GO_7_22777_1150","GO","2002","DEPUTADO ESTADUAL/DISTRITAL","Walter Inácio do Nascimento","licenca","https://publicacoes.al.go.leg.br/biblioteca/o_legislativo_em_goias_vol1_2edicao.pdf","oficial",NA,NA,"memorial_casa",TRUE,FALSE,FALSE,"oficial"
"eventos_assembleias_fonte_oficial.csv","M2002_GO_7_23450_606","GO","2002","DEPUTADO ESTADUAL/DISTRITAL","Heleandro Ferreira de Sena","licenca","https://publicacoes.al.go.leg.br/biblioteca/o_legislativo_em_goias_vol1_2edicao.pdf","oficial",NA,NA,"memorial_casa",TRUE,FALSE,FALSE,"oficial"
"eventos_assembleias_fonte_oficial.csv","M2002_GO_7_25456_842","GO","2002","DEPUTADO ESTADUAL/DISTRITAL","Francisco Gomes de Abreu","licenca","https://publicacoes.al.go.leg.br/biblioteca/o_legislativo_em_goias_vol1_2edicao.pdf","oficial",NA,NA,"memorial_casa",TRUE,FALSE,FALSE,"oficial"
"eventos_assembleias_fonte_oficial.csv","M2002_GO_7_25456_842","GO","2002","DEPUTADO ESTADUAL/DISTRITAL","Francisco Gomes de Abreu","retorno","https://publicacoes.al.go.leg.br/biblioteca/o_legislativo_em_goias_vol1_2edicao.pdf","oficial",NA,NA,"memorial_casa",TRUE,FALSE,FALSE,"oficial"
"eventos_assembleias_fonte_oficial.csv","M2002_GO_7_25999_820","GO","2002","DEPUTADO ESTADUAL/DISTRITAL","Célio Antônio da Silveira","renuncia","https://publicacoes.al.go.leg.br/biblioteca/o_legislativo_em_goias_vol1_2edicao.pdf","oficial",NA,NA,"memorial_casa",TRUE,FALSE,FALSE,"oficial"
"eventos_assembleias_fonte_oficial.csv","M2002_GO_7_44631_642","GO","2002","DEPUTADO ESTADUAL/DISTRITAL","Misael Pereira de Oliveira","licenca","https://publicacoes.al.go.leg.br/biblioteca/o_legislativo_em_goias_vol1_2edicao.pdf","oficial",NA,NA,"memorial_casa",TRUE,FALSE,FALSE,"oficial"
"eventos_assembleias_fonte_oficial.csv","M2002_GO_7_44631_642","GO","2002","DEPUTADO ESTADUAL/DISTRITAL","Misael Pereira de Oliveira","retorno","https://publicacoes.al.go.leg.br/biblioteca/o_legislativo_em_goias_vol1_2edicao.pdf","oficial",NA,NA,"memorial_casa",TRUE,FALSE,FALSE,"oficial"
"eventos_assembleias_fonte_oficial.csv","M2002_GO_7_45150_837","GO","2002","DEPUTADO ESTADUAL/DISTRITAL","Sebastião Tejota","nao_tomou_posse","https://portal.al.go.leg.br/deputados/perfil-biografico/166","oficial",NA,NA,"portal_casa",TRUE,FALSE,FALSE,"oficial"
"eventos_assembleias_fonte_oficial.csv","M2002_GO_7_45455_793","GO","2002","DEPUTADO ESTADUAL/DISTRITAL","Carla Cíntia Santillo","renuncia","https://publicacoes.al.go.leg.br/biblioteca/o_legislativo_em_goias_vol1_2edicao.pdf","oficial",NA,NA,"memorial_casa",TRUE,FALSE,FALSE,"oficial"
"eventos_assembleias_fonte_oficial.csv","M2002_GO_7_45678_738","GO","2002","DEPUTADO ESTADUAL/DISTRITAL","Honor Cruvinel de Oliveira","licenca","https://publicacoes.al.go.leg.br/biblioteca/o_legislativo_em_goias_vol1_2edicao.pdf","oficial",NA,NA,"memorial_casa",TRUE,FALSE,FALSE,"oficial"
"eventos_assembleias_fonte_oficial.csv","M2002_GO_7_45678_738","GO","2002","DEPUTADO ESTADUAL/DISTRITAL","Honor Cruvinel de Oliveira","retorno","https://publicacoes.al.go.leg.br/biblioteca/o_legislativo_em_goias_vol1_2edicao.pdf","oficial",NA,NA,"memorial_casa",TRUE,FALSE,FALSE,"oficial"
"eventos_assembleias_fonte_oficial.csv","M2002_GO_7_45690_1369","GO","2002","DEPUTADO ESTADUAL/DISTRITAL","Daniel Messac de Morais","retorno","https://publicacoes.al.go.leg.br/biblioteca/o_legislativo_em_goias_vol1_2edicao.pdf","oficial",NA,NA,"memorial_casa",TRUE,FALSE,FALSE,"oficial"
"eventos_assembleias_fonte_oficial.csv","M2006_GO_7_15123_10540","GO","2006","DEPUTADO ESTADUAL/DISTRITAL","José Nelto Lagares das Mercez","cassacao","https://saba.al.go.leg.br/v1/view/transparencia/public/KZfdxJcsLw-1fxy1M3Hb_g==","oficial",NA,NA,"diario_oficial",TRUE,FALSE,FALSE,"oficial"
"eventos_assembleias_fonte_oficial.csv","M2006_GO_7_15678_10585","GO","2006","DEPUTADO ESTADUAL/DISTRITAL","Thiago Peixoto","licenca","https://saba.al.go.leg.br/v1/view/transparencia/public/TrFtrXjtrzzHFeEBcsxOcA==","oficial",NA,NA,"diario_oficial",TRUE,FALSE,FALSE,"oficial"
"eventos_assembleias_fonte_oficial.csv","M2006_GO_7_45321_10330","GO","2006","DEPUTADO ESTADUAL/DISTRITAL","Flávia Morais","licenca","https://saba.al.go.leg.br/v1/view/transparencia/public/fkdaokDjA5PADkrjstc2Vg==","oficial",NA,NA,"diario_oficial",TRUE,FALSE,FALSE,"oficial"
"eventos_assembleias_fonte_oficial.csv","M2006_GO_7_45321_10330","GO","2006","DEPUTADO ESTADUAL/DISTRITAL","Flávia Morais","retorno","https://saba.al.go.leg.br/v1/view/transparencia/public/bMJ53lwjL48UzSk5zP_e-Q==","oficial",NA,NA,"diario_oficial",TRUE,FALSE,FALSE,"oficial"
"eventos_assembleias_fonte_oficial.csv","M2006_GO_7_45321_10330","GO","2006","DEPUTADO ESTADUAL/DISTRITAL","Flávia Morais","cassacao","https://saba.al.go.leg.br/v1/view/transparencia/public/rYLzH39dtbJiVvw--C5MEg==","oficial",NA,NA,"diario_oficial",TRUE,FALSE,FALSE,"oficial"
"eventos_assembleias_fonte_oficial.csv",NA,"GO","2006","DEPUTADO ESTADUAL/DISTRITAL","Daniel Messac","posse_suplente","https://saba.al.go.leg.br/v1/view/transparencia/public/fkdaokDjA5PADkrjstc2Vg==","oficial",NA,NA,"diario_oficial",TRUE,FALSE,FALSE,"oficial"
"eventos_assembleias_fonte_oficial.csv",NA,"GO","2006","DEPUTADO ESTADUAL/DISTRITAL","José Essado Neto","posse_suplente","https://saba.al.go.leg.br/v1/view/transparencia/public/TrFtrXjtrzzHFeEBcsxOcA==","oficial",NA,NA,"diario_oficial",TRUE,FALSE,FALSE,"oficial"
"eventos_assembleias_fonte_oficial.csv","M2010_GO_7_11234_90000000497","GO","2010","DEPUTADO ESTADUAL/DISTRITAL","Evandro Magal","renuncia","https://portal.al.go.leg.br/deputados/perfil-biografico/9","oficial",NA,NA,"portal_casa",TRUE,FALSE,FALSE,"oficial"
"eventos_assembleias_fonte_oficial.csv","M2010_GO_7_12631_90000000272","GO","2010","DEPUTADO ESTADUAL/DISTRITAL","Misael Oliveira","renuncia","https://portal.al.go.leg.br/deputados/perfil-biografico/24","oficial",NA,NA,"portal_casa",TRUE,FALSE,FALSE,"oficial"
"eventos_assembleias_fonte_oficial.csv","M2010_GO_7_14040_90000000314","GO","2010","DEPUTADO ESTADUAL/DISTRITAL","Hildo do Candango","renuncia","https://portal.al.go.leg.br/deputados/perfil-biografico/66","oficial",NA,NA,"portal_casa",TRUE,FALSE,FALSE,"oficial"
"eventos_assembleias_fonte_oficial.csv","M2010_GO_7_14333_90000000295","GO","2010","DEPUTADO ESTADUAL/DISTRITAL","Cristóvão Tormin","renuncia","https://portal.al.go.leg.br/deputados/perfil-biografico/6","oficial",NA,NA,"portal_casa",TRUE,FALSE,FALSE,"oficial"
"eventos_assembleias_fonte_oficial.csv","M2010_GO_7_25555_90000000068","GO","2010","DEPUTADO ESTADUAL/DISTRITAL","Nilo Resende","renuncia","https://portal.al.go.leg.br/deputados/perfil-biografico/25","oficial",NA,NA,"portal_casa",TRUE,FALSE,FALSE,"oficial"
"eventos_assembleias_fonte_oficial.csv","M2010_GO_7_45222_90000000057","GO","2010","DEPUTADO ESTADUAL/DISTRITAL","Jardel Sebba","renuncia","https://portal.al.go.leg.br/deputados/perfil-biografico/16","oficial",NA,NA,"portal_casa",TRUE,FALSE,FALSE,"oficial"
"eventos_assembleias_fonte_oficial.csv","M2010_GO_7_45555_90000000050","GO","2010","DEPUTADO ESTADUAL/DISTRITAL","Helder Valin","renuncia","https://portal.al.go.leg.br/deputados/perfil-biografico/11","oficial",NA,NA,"portal_casa",TRUE,FALSE,FALSE,"oficial"
"eventos_assembleias_fonte_oficial.csv","M2010_GO_7_45745_90000000060","GO","2010","DEPUTADO ESTADUAL/DISTRITAL","Jânio Darrot","licenca","https://portal.al.go.leg.br/deputados/perfil-biografico/73","oficial",NA,NA,"portal_casa",TRUE,FALSE,FALSE,"oficial"
"eventos_assembleias_fonte_oficial.csv","M2010_GO_7_45745_90000000060","GO","2010","DEPUTADO ESTADUAL/DISTRITAL","Jânio Darrot","retorno","https://portal.al.go.leg.br/deputados/perfil-biografico/73","oficial",NA,NA,"portal_casa",TRUE,FALSE,FALSE,"oficial"
"eventos_assembleias_fonte_oficial.csv","M2010_GO_7_45745_90000000060","GO","2010","DEPUTADO ESTADUAL/DISTRITAL","Jânio Darrot","renuncia","https://portal.al.go.leg.br/deputados/perfil-biografico/73","oficial",NA,NA,"portal_casa",TRUE,FALSE,FALSE,"oficial"
"eventos_assembleias_fonte_oficial.csv","M2014_GO_7_13215_90000000339","GO","2014","DEPUTADO ESTADUAL/DISTRITAL","Renato de Castro","renuncia","https://portal.al.go.leg.br/deputados/perfil-biografico/128","oficial",NA,NA,"portal_casa",TRUE,FALSE,FALSE,"oficial"
"eventos_assembleias_fonte_oficial.csv","M2014_GO_7_14147_90000000917","GO","2014","DEPUTADO ESTADUAL/DISTRITAL","Zé Antônio","renuncia","https://portal.al.go.leg.br/deputados/perfil-biografico/113","oficial",NA,NA,"portal_casa",TRUE,FALSE,FALSE,"oficial"
"eventos_assembleias_fonte_oficial.csv","M2014_GO_7_14800_90000000928","GO","2014","DEPUTADO ESTADUAL/DISTRITAL","Valcenôr Braz","licenca","https://portal.al.go.leg.br/deputados/perfil-biografico/69","oficial",NA,NA,"portal_casa",TRUE,FALSE,FALSE,"oficial"
"eventos_assembleias_fonte_oficial.csv","M2014_GO_7_14800_90000000928","GO","2014","DEPUTADO ESTADUAL/DISTRITAL","Valcenôr Braz","retorno","https://portal.al.go.leg.br/deputados/perfil-biografico/69","oficial",NA,NA,"portal_casa",TRUE,FALSE,FALSE,"oficial"
"eventos_assembleias_fonte_oficial.csv","M2014_GO_7_14800_90000000928","GO","2014","DEPUTADO ESTADUAL/DISTRITAL","Valcenôr Braz","renuncia","https://portal.al.go.leg.br/deputados/perfil-biografico/69","oficial",NA,NA,"portal_casa",TRUE,FALSE,FALSE,"oficial"
"eventos_assembleias_fonte_oficial.csv","M2014_GO_7_15111_90000000657","GO","2014","DEPUTADO ESTADUAL/DISTRITAL","Adib Elias","renuncia","https://portal.al.go.leg.br/deputados/perfil-biografico/114","oficial",NA,NA,"portal_casa",TRUE,FALSE,FALSE,"oficial"
"eventos_assembleias_fonte_oficial.csv","M2014_GO_7_15800_90000000668","GO","2014","DEPUTADO ESTADUAL/DISTRITAL","Ernesto Roller","renuncia","https://portal.al.go.leg.br/deputados/perfil-biografico/45","oficial",NA,NA,"portal_casa",TRUE,FALSE,FALSE,"oficial"
"eventos_assembleias_fonte_oficial.csv","M2014_GO_7_55555_90000000959","GO","2014","DEPUTADO ESTADUAL/DISTRITAL","Lincoln Graziane Pereira da Rocha","renuncia","https://saba.al.go.leg.br/v1/view/transparencia/public/E79oCrHSfxVnTxiHis2HPw==","oficial",NA,NA,"diario_oficial",TRUE,FALSE,FALSE,"oficial"
"eventos_assembleias_fonte_oficial.csv","M2018_GO_7_15123_90000610590","GO","2018","DEPUTADO ESTADUAL/DISTRITAL","Humberto Aidar","renuncia","https://portal.al.go.leg.br/deputados/perfil-biografico/13","oficial",NA,NA,"portal_casa",TRUE,FALSE,FALSE,"oficial"
"eventos_assembleias_fonte_oficial.csv","M2018_GO_7_25678_90000608267","GO","2018","DEPUTADO ESTADUAL/DISTRITAL","Iso Moreira","falecimento","https://portal.al.go.leg.br/deputados/perfil-biografico/15","oficial",NA,NA,"portal_casa",TRUE,FALSE,FALSE,"oficial"
"eventos_assembleias_fonte_oficial.csv","M2018_GO_7_45333_90000620427","GO","2018","DEPUTADO ESTADUAL/DISTRITAL","Diego Sorgatto","renuncia","https://portal.al.go.leg.br/deputados/perfil-biografico/118","oficial",NA,NA,"portal_casa",TRUE,FALSE,FALSE,"oficial"
"eventos_assembleias_fonte_oficial.csv","M2018_GO_7_90100_90000607671","GO","2018","DEPUTADO ESTADUAL/DISTRITAL","Vinícius Cirqueira","cassacao","https://portal.al.go.leg.br/deputados/perfil-biografico/151","oficial",NA,NA,"portal_casa",TRUE,FALSE,FALSE,"oficial"
"eventos_assembleias_fonte_oficial.csv","M2022_GO_7_44500_90001648408","GO","2022","DEPUTADO ESTADUAL/DISTRITAL","Renato de Castro","renuncia","https://portal.al.go.leg.br/deputados/perfil-biografico/128","oficial",NA,NA,"portal_casa",TRUE,FALSE,FALSE,"oficial"
"eventos_assembleias_fonte_oficial.csv","M1998_MT_7_15150_110001107151501","MT","1998","DEPUTADO ESTADUAL/DISTRITAL","Nico Baracat","licenca","https://www.iomat.mt.gov.br/portal/edicoes/download/12244/24","oficial",NA,NA,"diario_oficial",TRUE,FALSE,FALSE,"oficial"
"eventos_assembleias_fonte_oficial.csv","M1998_MT_7_15150_110001107151501","MT","1998","DEPUTADO ESTADUAL/DISTRITAL","Nico Baracat","licenca","https://www.iomat.mt.gov.br/portal/edicoes/download/12833/8","oficial",NA,NA,"diario_oficial",TRUE,FALSE,FALSE,"oficial"
"eventos_assembleias_fonte_oficial.csv","M1998_MT_7_15152_110001107151521","MT","1998","DEPUTADO ESTADUAL/DISTRITAL","Zé Carlos do Pátio","licenca","https://www.iomat.mt.gov.br/portal/edicoes/download/12619/22","oficial",NA,NA,"diario_oficial",TRUE,FALSE,FALSE,"oficial"
"eventos_assembleias_fonte_oficial.csv","M1998_MT_7_22123_110001107221231","MT","1998","DEPUTADO ESTADUAL/DISTRITAL","Herminio J. Barreto","licenca","https://www.iomat.mt.gov.br/portal/edicoes/download/12618/25","oficial",NA,NA,"diario_oficial",TRUE,FALSE,FALSE,"oficial"
"eventos_assembleias_fonte_oficial.csv","M1998_MT_7_22150_110001107221501","MT","1998","DEPUTADO ESTADUAL/DISTRITAL","Amador Tut","licenca","https://www.iomat.mt.gov.br/portal/edicoes/download/12549/34","oficial",NA,NA,"diario_oficial",TRUE,FALSE,FALSE,"oficial"
"eventos_assembleias_fonte_oficial.csv","M1998_MT_7_22150_110001107221501","MT","1998","DEPUTADO ESTADUAL/DISTRITAL","Amador Tut","licenca","https://www.iomat.mt.gov.br/portal/edicoes/download/12910/22","oficial",NA,NA,"diario_oficial",TRUE,FALSE,FALSE,"oficial"
"eventos_assembleias_fonte_oficial.csv","M1998_MT_7_23110_110001107231101","MT","1998","DEPUTADO ESTADUAL/DISTRITAL","Jair Mariano","licenca","https://www.iomat.mt.gov.br/portal/edicoes/download/12437/17","oficial",NA,NA,"diario_oficial",TRUE,FALSE,FALSE,"oficial"
"eventos_assembleias_fonte_oficial.csv","M1998_MT_7_25123_110001107251231","MT","1998","DEPUTADO ESTADUAL/DISTRITAL","Moacir Pires","licenca","https://www.iomat.mt.gov.br/portal/edicoes/download/12437/17","oficial",NA,NA,"diario_oficial",TRUE,FALSE,FALSE,"oficial"
"eventos_assembleias_fonte_oficial.csv","M1998_MT_7_25151_110001107251511","MT","1998","DEPUTADO ESTADUAL/DISTRITAL","Romoaldo Júnior","licenca","https://www.iomat.mt.gov.br/portal/edicoes/download/12244/24","oficial",NA,NA,"diario_oficial",TRUE,FALSE,FALSE,"oficial"
"eventos_assembleias_fonte_oficial.csv","M1998_MT_7_25151_110001107251511","MT","1998","DEPUTADO ESTADUAL/DISTRITAL","Romoaldo Júnior","licenca","https://www.iomat.mt.gov.br/portal/edicoes/download/12549/34","oficial",NA,NA,"diario_oficial",TRUE,FALSE,FALSE,"oficial"
"eventos_assembleias_fonte_oficial.csv","M1998_MT_7_25151_110001107251511","MT","1998","DEPUTADO ESTADUAL/DISTRITAL","Romoaldo Júnior","renuncia","https://storage.al.mt.gov.br/api/v1/download/default/172081","oficial",NA,NA,"portal_casa",TRUE,FALSE,FALSE,"oficial"
"eventos_assembleias_fonte_oficial.csv","M1998_MT_7_25225_110001107252251","MT","1998","DEPUTADO ESTADUAL/DISTRITAL","Emanuel Pinheiro","licenca","https://www.iomat.mt.gov.br/portal/edicoes/download/12549/34","oficial",NA,NA,"diario_oficial",TRUE,FALSE,FALSE,"oficial"
"eventos_assembleias_fonte_oficial.csv","M1998_MT_7_25240_110001107252401","MT","1998","DEPUTADO ESTADUAL/DISTRITAL","Benedito Pinto","licenca","https://www.iomat.mt.gov.br/portal/edicoes/download/12497/25","oficial",NA,NA,"diario_oficial",TRUE,FALSE,FALSE,"oficial"
"eventos_assembleias_fonte_oficial.csv","M1998_MT_7_40140_110001107401401","MT","1998","DEPUTADO ESTADUAL/DISTRITAL","Eliene","licenca","https://www.iomat.mt.gov.br/portal/edicoes/download/12568/20","oficial",NA,NA,"diario_oficial",TRUE,FALSE,FALSE,"oficial"
"eventos_assembleias_fonte_oficial.csv","M1998_MT_7_40140_110001107401401","MT","1998","DEPUTADO ESTADUAL/DISTRITAL","Eliene","licenca","https://www.iomat.mt.gov.br/portal/edicoes/download/12927/26","oficial",NA,NA,"diario_oficial",TRUE,FALSE,FALSE,"oficial"
"eventos_assembleias_fonte_oficial.csv","M1998_MT_7_45000_110001107450001","MT","1998","DEPUTADO ESTADUAL/DISTRITAL","Chico Daltro","licenca","https://www.iomat.mt.gov.br/portal/edicoes/download/12225/11","oficial",NA,NA,"diario_oficial",TRUE,FALSE,FALSE,"oficial"
"eventos_assembleias_fonte_oficial.csv","M1998_MT_7_45111_110001107451111","MT","1998","DEPUTADO ESTADUAL/DISTRITAL","Alencar Soares","licenca","https://www.iomat.mt.gov.br/portal/edicoes/download/12833/8","oficial",NA,NA,"diario_oficial",TRUE,FALSE,FALSE,"oficial"
"eventos_assembleias_fonte_oficial.csv","M1998_MT_7_45645_110001107456451","MT","1998","DEPUTADO ESTADUAL/DISTRITAL","Carlão Nascimento","licenca","https://www.iomat.mt.gov.br/portal/edicoes/download/12507/30","oficial",NA,NA,"diario_oficial",TRUE,FALSE,FALSE,"oficial"
"eventos_assembleias_fonte_oficial.csv","M1998_MT_7_45645_110001107456451","MT","1998","DEPUTADO ESTADUAL/DISTRITAL","Carlos Carlão Pereira do Nascimento","licenca","https://www.iomat.mt.gov.br/portal/edicoes/download/13139/37","oficial",NA,NA,"diario_oficial",TRUE,FALSE,FALSE,"oficial"
"eventos_assembleias_fonte_oficial.csv",NA,"MT","1998","DEPUTADO ESTADUAL/DISTRITAL","Campos Neto","efetivacao_suplente","https://storage.al.mt.gov.br/api/v1/download/default/172081","oficial",NA,NA,"portal_casa",TRUE,FALSE,FALSE,"oficial"
"eventos_assembleias_fonte_oficial.csv",NA,"MT","1998","DEPUTADO ESTADUAL/DISTRITAL","GONCALO DOMINGOS DE CAMPOS NETO","efetivacao_suplente","https://almt.eloweb.net/portaltransparencia-api/api/servidores/","oficial",NA,NA,"portal_casa",TRUE,FALSE,FALSE,"oficial"
"eventos_assembleias_fonte_oficial.csv","M2002_MT_7_15555_398","MT","2002","DEPUTADO ESTADUAL/DISTRITAL","Silval da Cunha Barbosa","renuncia","https://storage.al.mt.gov.br/api/v1/download/default/627230","oficial",NA,NA,"portal_casa",TRUE,FALSE,FALSE,"oficial"
"eventos_assembleias_fonte_oficial.csv","M2002_MT_7_15555_398","MT","2002","DEPUTADO ESTADUAL/DISTRITAL","SILVAL DA CUNHA BARBOSA","renuncia","https://almt.eloweb.net/portaltransparencia-api/api/servidores/","oficial",NA,NA,"portal_casa",TRUE,FALSE,FALSE,"oficial"
"eventos_assembleias_fonte_oficial.csv","M2002_MT_7_15777_368","MT","2002","DEPUTADO ESTADUAL/DISTRITAL","Nataniel de Jesus","licenca","https://storage.al.mt.gov.br/api/v1/download/default/172620","oficial",NA,NA,"portal_casa",TRUE,FALSE,FALSE,"oficial"
"eventos_assembleias_fonte_oficial.csv","M2002_MT_7_22122_174","MT","2002","DEPUTADO ESTADUAL/DISTRITAL","Humberto Bosaipo","licenca","https://storage.al.mt.gov.br/api/v1/download/default/173112","oficial",NA,NA,"portal_casa",TRUE,FALSE,FALSE,"oficial"
"eventos_assembleias_fonte_oficial.csv","M2002_MT_7_23456_134","MT","2002","DEPUTADO ESTADUAL/DISTRITAL","Carlos Brito","licenca","https://storage.al.mt.gov.br/api/v1/download/default/172432","oficial",NA,NA,"portal_casa",TRUE,FALSE,FALSE,"oficial"
"eventos_assembleias_fonte_oficial.csv","M2002_MT_7_45111_218","MT","2002","DEPUTADO ESTADUAL/DISTRITAL","ALENCAR SOARES FILHO","renuncia","https://almt.eloweb.net/portaltransparencia-api/api/servidores/","oficial",NA,NA,"portal_casa",TRUE,FALSE,FALSE,"oficial"
"eventos_assembleias_fonte_oficial.csv",NA,"MT","2002","DEPUTADO ESTADUAL/DISTRITAL","Ana Carla Muniz","posse_suplente","https://storage.al.mt.gov.br/api/v1/download/default/172433","oficial",NA,NA,"portal_casa",TRUE,FALSE,FALSE,"oficial"
"eventos_assembleias_fonte_oficial.csv",NA,"MT","2002","DEPUTADO ESTADUAL/DISTRITAL","Wilson Teixeira Dentinho","posse_suplente","https://storage.al.mt.gov.br/api/v1/download/default/172488","oficial",NA,NA,"portal_casa",TRUE,FALSE,FALSE,"oficial"
"eventos_assembleias_fonte_oficial.csv",NA,"MT","2002","DEPUTADO ESTADUAL/DISTRITAL","Clóvis Roberto","posse_suplente","https://storage.al.mt.gov.br/api/v1/download/default/172497","oficial",NA,NA,"portal_casa",TRUE,FALSE,FALSE,"oficial"
"eventos_assembleias_fonte_oficial.csv",NA,"MT","2002","DEPUTADO ESTADUAL/DISTRITAL","Juliano Jorge Boraczynski","posse_suplente","https://storage.al.mt.gov.br/api/v1/download/default/172513","oficial",NA,NA,"portal_casa",TRUE,FALSE,FALSE,"oficial"
"eventos_assembleias_fonte_oficial.csv",NA,"MT","2002","DEPUTADO ESTADUAL/DISTRITAL","Aparecido Alves","posse_suplente","https://storage.al.mt.gov.br/api/v1/download/default/172516","oficial",NA,NA,"portal_casa",TRUE,FALSE,FALSE,"oficial"
"eventos_assembleias_fonte_oficial.csv",NA,"MT","2002","DEPUTADO ESTADUAL/DISTRITAL","Dimas Melo","posse_suplente","https://storage.al.mt.gov.br/api/v1/download/default/172520","oficial",NA,NA,"portal_casa",TRUE,FALSE,FALSE,"oficial"
"eventos_assembleias_fonte_oficial.csv",NA,"MT","2002","DEPUTADO ESTADUAL/DISTRITAL","Wagner Ramos","posse_suplente","https://storage.al.mt.gov.br/api/v1/download/default/172531","oficial",NA,NA,"portal_casa",TRUE,FALSE,FALSE,"oficial"
"eventos_assembleias_fonte_oficial.csv",NA,"MT","2002","DEPUTADO ESTADUAL/DISTRITAL","Gilmar Fabris","posse_suplente","https://storage.al.mt.gov.br/api/v1/download/default/172564","oficial",NA,NA,"portal_casa",TRUE,FALSE,FALSE,"oficial"
"eventos_assembleias_fonte_oficial.csv",NA,"MT","2002","DEPUTADO ESTADUAL/DISTRITAL","Sidney Salomé","posse_suplente","https://storage.al.mt.gov.br/api/v1/download/default/172621","oficial",NA,NA,"portal_casa",TRUE,FALSE,FALSE,"oficial"
"eventos_assembleias_fonte_oficial.csv",NA,"MT","2002","DEPUTADO ESTADUAL/DISTRITAL","Da Silva","posse_suplente","https://storage.al.mt.gov.br/api/v1/download/default/172704","oficial",NA,NA,"portal_casa",TRUE,FALSE,FALSE,"oficial"
"eventos_assembleias_fonte_oficial.csv",NA,"MT","2002","DEPUTADO ESTADUAL/DISTRITAL","Juarez Costa","posse_suplente","https://storage.al.mt.gov.br/api/v1/download/default/172746","oficial",NA,NA,"portal_casa",TRUE,FALSE,FALSE,"oficial"
"eventos_assembleias_fonte_oficial.csv",NA,"MT","2002","DEPUTADO ESTADUAL/DISTRITAL","Robson Silva","posse_suplente","https://storage.al.mt.gov.br/api/v1/download/default/172840","oficial",NA,NA,"portal_casa",TRUE,FALSE,FALSE,"oficial"
"eventos_assembleias_fonte_oficial.csv",NA,"MT","2002","DEPUTADO ESTADUAL/DISTRITAL","Naildo Lopes","posse_suplente","https://storage.al.mt.gov.br/api/v1/download/default/173108","oficial",NA,NA,"portal_casa",TRUE,FALSE,FALSE,"oficial"
"eventos_assembleias_fonte_oficial.csv",NA,"MT","2002","DEPUTADO ESTADUAL/DISTRITAL","Juliano Jorge Boraczynski","posse_suplente","https://storage.al.mt.gov.br/api/v1/download/default/173113","oficial",NA,NA,"portal_casa",TRUE,FALSE,FALSE,"oficial"
"eventos_assembleias_fonte_oficial.csv","M2006_MT_7_11234_10069","MT","2006","DEPUTADO ESTADUAL/DISTRITAL","José Geraldo Riva","cassacao","https://storage.al.mt.gov.br/api/v1/download/default/688628","oficial",NA,NA,"portal_casa",TRUE,FALSE,FALSE,"oficial"
"eventos_assembleias_fonte_oficial.csv","M2006_MT_7_11777_10074","MT","2006","DEPUTADO ESTADUAL/DISTRITAL","Campos Neto","renuncia","https://storage.al.mt.gov.br/api/v1/download/default/173684","oficial",NA,NA,"portal_casa",TRUE,FALSE,FALSE,"oficial"
"eventos_assembleias_fonte_oficial.csv","M2006_MT_7_11777_10074","MT","2006","DEPUTADO ESTADUAL/DISTRITAL","GONCALO DOMINGOS DE CAMPOS NETO","renuncia","https://almt.eloweb.net/portaltransparencia-api/api/servidores/","oficial",NA,NA,"portal_casa",TRUE,FALSE,FALSE,"oficial"
"eventos_assembleias_fonte_oficial.csv","M2006_MT_7_14789_10262","MT","2006","DEPUTADO ESTADUAL/DISTRITAL","Chico Galindo","renuncia","https://storage.al.mt.gov.br/api/v1/download/default/173605","oficial",NA,NA,"portal_casa",TRUE,FALSE,FALSE,"oficial"
"eventos_assembleias_fonte_oficial.csv","M2006_MT_7_14789_10262","MT","2006","DEPUTADO ESTADUAL/DISTRITAL","FRANCISCO BELLO GALINDO FILHO","renuncia","https://almt.eloweb.net/portaltransparencia-api/api/servidores/","oficial",NA,NA,"portal_casa",TRUE,FALSE,FALSE,"oficial"
"eventos_assembleias_fonte_oficial.csv","M2006_MT_7_15015_10296","MT","2006","DEPUTADO ESTADUAL/DISTRITAL","Walter Machado Rabello Júnior","cassacao","https://www.iomat.mt.gov.br/portal/edicoes/download/1758/56","oficial",NA,NA,"diario_oficial",TRUE,FALSE,FALSE,"oficial"
"eventos_assembleias_fonte_oficial.csv","M2006_MT_7_15152_10299","MT","2006","DEPUTADO ESTADUAL/DISTRITAL","Zé Carlos do Pátio","renuncia","https://storage.al.mt.gov.br/api/v1/download/default/173602","oficial",NA,NA,"portal_casa",TRUE,FALSE,FALSE,"oficial"
"eventos_assembleias_fonte_oficial.csv","M2006_MT_7_15200_10303","MT","2006","DEPUTADO ESTADUAL/DISTRITAL","Juarez Costa","renuncia","https://storage.al.mt.gov.br/api/v1/download/default/688638","oficial",NA,NA,"portal_casa",TRUE,FALSE,FALSE,"oficial"
"eventos_assembleias_fonte_oficial.csv","M2006_MT_7_15200_10303","MT","2006","DEPUTADO ESTADUAL/DISTRITAL","JUAREZ ALVES DA COSTA","renuncia","https://almt.eloweb.net/portaltransparencia-api/api/servidores/","oficial",NA,NA,"portal_casa",TRUE,FALSE,FALSE,"oficial"
"eventos_assembleias_fonte_oficial.csv","M2006_MT_7_25105_10328","MT","2006","DEPUTADO ESTADUAL/DISTRITAL","Gilmar Fabris","fim_regular","https://storage.al.mt.gov.br/api/v1/download/default/173981","oficial",NA,NA,"portal_casa",TRUE,FALSE,FALSE,"oficial"
"eventos_assembleias_fonte_oficial.csv","M2006_MT_7_25123_10335","MT","2006","DEPUTADO ESTADUAL/DISTRITAL","Dr. Walace","fim_regular","https://storage.al.mt.gov.br/api/v1/download/default/173990","oficial",NA,NA,"portal_casa",TRUE,FALSE,FALSE,"oficial"
"eventos_assembleias_fonte_oficial.csv","M2006_MT_7_25150_10324","MT","2006","DEPUTADO ESTADUAL/DISTRITAL","Humberto Bosaipo","renuncia","https://storage.al.mt.gov.br/api/v1/download/default/602938","oficial",NA,NA,"portal_casa",TRUE,FALSE,FALSE,"oficial"
"eventos_assembleias_fonte_oficial.csv","M2006_MT_7_25150_10324","MT","2006","DEPUTADO ESTADUAL/DISTRITAL","HUMBERTO MELO BOSAIPO","renuncia","https://almt.eloweb.net/portaltransparencia-api/api/servidores/","oficial",NA,NA,"portal_casa",TRUE,FALSE,FALSE,"oficial"
"eventos_assembleias_fonte_oficial.csv",NA,"MT","2006","DEPUTADO ESTADUAL/DISTRITAL","Wagner Ramos","efetivacao_suplente","https://storage.al.mt.gov.br/api/v1/download/default/602938","oficial",NA,NA,"portal_casa",TRUE,FALSE,FALSE,"oficial"
"eventos_assembleias_fonte_oficial.csv",NA,"MT","2006","DEPUTADO ESTADUAL/DISTRITAL","Pedro Satélite","posse_suplente","https://storage.al.mt.gov.br/api/v1/download/default/602938","oficial",NA,NA,"portal_casa",TRUE,FALSE,FALSE,"oficial"
"eventos_assembleias_fonte_oficial.csv",NA,"MT","2006","DEPUTADO ESTADUAL/DISTRITAL","Nilson Santos","efetivacao_suplente","https://storage.al.mt.gov.br/api/v1/download/default/173606","oficial",NA,NA,"portal_casa",TRUE,FALSE,FALSE,"oficial"
"eventos_assembleias_fonte_oficial.csv",NA,"MT","2006","DEPUTADO ESTADUAL/DISTRITAL","Profª Vilma","efetivacao_suplente","https://storage.al.mt.gov.br/api/v1/download/default/173606","oficial",NA,NA,"portal_casa",TRUE,FALSE,FALSE,"oficial"
"eventos_assembleias_fonte_oficial.csv",NA,"MT","2006","DEPUTADO ESTADUAL/DISTRITAL","Dr. Antônio Azambuja","efetivacao_suplente","https://storage.al.mt.gov.br/api/v1/download/default/173685","oficial",NA,NA,"portal_casa",TRUE,FALSE,FALSE,"oficial"
"eventos_assembleias_fonte_oficial.csv","M2010_MT_7_11015_110000000303","MT","2010","DEPUTADO ESTADUAL/DISTRITAL","Walter Machado Rabello Júnior","falecimento","https://www.iomat.mt.gov.br/portal/edicoes/download/3867/35","oficial",NA,NA,"diario_oficial",TRUE,FALSE,FALSE,"oficial"
"eventos_assembleias_fonte_oficial.csv","M2010_MT_7_15000_110000000130","MT","2010","DEPUTADO ESTADUAL/DISTRITAL","Wallace dos Santos Guimarães","renuncia","https://www.iomat.mt.gov.br/portal/edicoes/download/3304/14","oficial",NA,NA,"diario_oficial",TRUE,FALSE,FALSE,"oficial"
"eventos_assembleias_fonte_oficial.csv","M2010_MT_7_15123_110000000116","MT","2010","DEPUTADO ESTADUAL/DISTRITAL","Nilson José dos Santos","renuncia","https://www.iomat.mt.gov.br/portal/edicoes/download/3304/14","oficial",NA,NA,"diario_oficial",TRUE,FALSE,FALSE,"oficial"
"eventos_assembleias_fonte_oficial.csv","M2010_MT_7_22333_110000000118","MT","2010","DEPUTADO ESTADUAL/DISTRITAL","Sérgio Ricardo de Almeida","renuncia","https://storage.al.mt.gov.br/api/v1/download/default/688574","oficial",NA,NA,"portal_casa",TRUE,FALSE,FALSE,"oficial"
"eventos_assembleias_fonte_oficial.csv","M2010_MT_7_23123_110000000487","MT","2010","DEPUTADO ESTADUAL/DISTRITAL","Percival dos Santos Muniz","renuncia","https://www.iomat.mt.gov.br/portal/edicoes/download/3304/14","oficial",NA,NA,"diario_oficial",TRUE,FALSE,FALSE,"oficial"
"eventos_assembleias_fonte_oficial.csv",NA,"MT","2010","DEPUTADO ESTADUAL/DISTRITAL","Ondanir Bortolini","posse_suplente","https://storage.al.mt.gov.br/api/v1/download/default/174005","oficial",NA,NA,"portal_casa",TRUE,FALSE,FALSE,"oficial"
"eventos_assembleias_fonte_oficial.csv",NA,"MT","2010","DEPUTADO ESTADUAL/DISTRITAL","Emanuel Pinheiro","posse_suplente","https://storage.al.mt.gov.br/api/v1/download/default/174005","oficial",NA,NA,"portal_casa",TRUE,FALSE,FALSE,"oficial"
"eventos_assembleias_fonte_oficial.csv",NA,"MT","2010","DEPUTADO ESTADUAL/DISTRITAL","Luiz Carlos Magalhães Silva","posse_suplente","https://storage.al.mt.gov.br/api/v1/download/default/174005","oficial",NA,NA,"portal_casa",TRUE,FALSE,FALSE,"oficial"
"eventos_assembleias_fonte_oficial.csv",NA,"MT","2010","DEPUTADO ESTADUAL/DISTRITAL","Carlos Avalone","posse_suplente","https://storage.al.mt.gov.br/api/v1/download/default/174061","oficial",NA,NA,"portal_casa",TRUE,FALSE,FALSE,"oficial"
"eventos_assembleias_fonte_oficial.csv",NA,"MT","2010","DEPUTADO ESTADUAL/DISTRITAL","Alexandre Cesar","posse_suplente","https://storage.al.mt.gov.br/api/v1/download/default/174064","oficial",NA,NA,"portal_casa",TRUE,FALSE,FALSE,"oficial"
"eventos_assembleias_fonte_oficial.csv",NA,"MT","2010","DEPUTADO ESTADUAL/DISTRITAL","Valdizete Martins Nogueira","posse_suplente","https://storage.al.mt.gov.br/api/v1/download/default/174240","oficial",NA,NA,"portal_casa",TRUE,FALSE,FALSE,"oficial"
"eventos_assembleias_fonte_oficial.csv",NA,"MT","2010","DEPUTADO ESTADUAL/DISTRITAL","Ondanir Bortolini (Nininho)","efetivacao_suplente","https://storage.al.mt.gov.br/api/v1/download/default/174267","oficial",NA,NA,"portal_casa",TRUE,FALSE,FALSE,"oficial"
"eventos_assembleias_fonte_oficial.csv",NA,"MT","2010","DEPUTADO ESTADUAL/DISTRITAL","Deucimar Aparecido da Silva","posse_suplente","https://storage.al.mt.gov.br/api/v1/download/default/171182","oficial",NA,NA,"portal_casa",TRUE,FALSE,FALSE,"oficial"
"eventos_assembleias_fonte_oficial.csv","M2014_MT_7_15200_110000000354","MT","2014","DEPUTADO ESTADUAL/DISTRITAL","Baiano Filho","licenca","https://storage.al.mt.gov.br/api/v1/download/default/177441","oficial",NA,NA,"portal_casa",TRUE,FALSE,FALSE,"oficial"
"eventos_assembleias_fonte_oficial.csv","M2014_MT_7_22007_110000000366","MT","2014","DEPUTADO ESTADUAL/DISTRITAL","Emanuel Pinheiro","renuncia","https://storage.al.mt.gov.br/api/v1/download/default/174721","oficial",NA,NA,"portal_casa",TRUE,FALSE,FALSE,"oficial"
"eventos_assembleias_fonte_oficial.csv","M2014_MT_7_22007_110000000366","MT","2014","DEPUTADO ESTADUAL/DISTRITAL","Emanuel Pinheiro","renuncia","https://storage.al.mt.gov.br/api/v1/download/default/174748","oficial",NA,NA,"portal_casa",TRUE,FALSE,FALSE,"oficial"
"eventos_assembleias_fonte_oficial.csv","M2014_MT_7_55055_110000000277","MT","2014","DEPUTADO ESTADUAL/DISTRITAL","Walter Machado Rabello Júnior","falecimento","https://www.iomat.mt.gov.br/portal/edicoes/download/3867/35","oficial",NA,NA,"diario_oficial",TRUE,FALSE,FALSE,"oficial"
"eventos_assembleias_fonte_oficial.csv","M2014_MT_7_77000_110000000223","MT","2014","DEPUTADO ESTADUAL/DISTRITAL","Zé Carlos do Pátio","renuncia","https://storage.al.mt.gov.br/api/v1/download/default/174721","oficial",NA,NA,"portal_casa",TRUE,FALSE,FALSE,"oficial"
"eventos_assembleias_fonte_oficial.csv","M2014_MT_7_77000_110000000223","MT","2014","DEPUTADO ESTADUAL/DISTRITAL","Zé Carlos do Pátio","renuncia","https://storage.al.mt.gov.br/api/v1/download/default/174748","oficial",NA,NA,"portal_casa",TRUE,FALSE,FALSE,"oficial"
"eventos_assembleias_fonte_oficial.csv",NA,"MT","2014","DEPUTADO ESTADUAL/DISTRITAL","Maria Izaura Dias Alfonso","posse_suplente","https://storage.al.mt.gov.br/api/v1/download/default/171338","oficial",NA,NA,"portal_casa",TRUE,FALSE,FALSE,"oficial"
"eventos_assembleias_fonte_oficial.csv",NA,"MT","2014","DEPUTADO ESTADUAL/DISTRITAL","Adriano Aparecido Silva","posse_suplente","https://storage.al.mt.gov.br/api/v1/download/default/174721","oficial",NA,NA,"portal_casa",TRUE,FALSE,FALSE,"oficial"
"eventos_assembleias_fonte_oficial.csv",NA,"MT","2014","DEPUTADO ESTADUAL/DISTRITAL","Allan Kardec Pinto Acosta Benitez","efetivacao_suplente","https://storage.al.mt.gov.br/api/v1/download/default/174748","oficial",NA,NA,"portal_casa",TRUE,FALSE,FALSE,"oficial"
"eventos_assembleias_fonte_oficial.csv",NA,"MT","2014","DEPUTADO ESTADUAL/DISTRITAL","Adalto de Freitas Filho","efetivacao_suplente","https://storage.al.mt.gov.br/api/v1/download/default/174748","oficial",NA,NA,"portal_casa",TRUE,FALSE,FALSE,"oficial"
"eventos_assembleias_fonte_oficial.csv",NA,"MT","2014","DEPUTADO ESTADUAL/DISTRITAL","Meraldo Figueiredo Sá","posse_suplente","https://storage.al.mt.gov.br/api/v1/download/default/688384","oficial",NA,NA,"portal_casa",TRUE,FALSE,FALSE,"oficial"
"eventos_assembleias_fonte_oficial.csv",NA,"MT","2014","DEPUTADO ESTADUAL/DISTRITAL","Ademir Antonio Brunetto","posse_suplente","https://storage.al.mt.gov.br/api/v1/download/default/177441","oficial",NA,NA,"portal_casa",TRUE,FALSE,FALSE,"oficial"
"eventos_assembleias_fonte_oficial.csv","M2018_MT_7_12300_110000623366","MT","2018","DEPUTADO ESTADUAL/DISTRITAL","Prof. Allan Kardec","licenca","https://diariooficial.al.mt.gov.br/publicacoes/16953/","oficial",NA,NA,"diario_oficial",TRUE,FALSE,FALSE,"oficial"
"eventos_assembleias_fonte_oficial.csv","M2018_MT_7_15015_110000623368","MT","2018","DEPUTADO ESTADUAL/DISTRITAL","Janaina Riva","licenca","https://diariooficial.al.mt.gov.br/publicacoes/16934/","oficial",NA,NA,"diario_oficial",TRUE,FALSE,FALSE,"oficial"
"eventos_assembleias_fonte_oficial.csv","M2018_MT_7_15152_110000623374","MT","2018","DEPUTADO ESTADUAL/DISTRITAL","Thiago Silva","licenca","https://diariooficial.al.mt.gov.br/publicacoes/16935/","oficial",NA,NA,"diario_oficial",TRUE,FALSE,FALSE,"oficial"
"eventos_assembleias_fonte_oficial.csv","M2018_MT_7_17000_110000609523","MT","2018","DEPUTADO ESTADUAL/DISTRITAL","Silvio Fávero","falecimento","https://diariooficial.al.mt.gov.br/publicacoes/10539/","oficial",NA,NA,"diario_oficial",TRUE,FALSE,FALSE,"oficial"
"eventos_assembleias_fonte_oficial.csv","M2018_MT_7_43444_110000614590","MT","2018","DEPUTADO ESTADUAL/DISTRITAL","Faissal","licenca","https://diariooficial.al.mt.gov.br/publicacoes/16834/","oficial",NA,NA,"diario_oficial",TRUE,FALSE,FALSE,"oficial"
"eventos_assembleias_fonte_oficial.csv","M2018_MT_7_45000_110000622536","MT","2018","DEPUTADO ESTADUAL/DISTRITAL","Guilherme Antônio Maluf","renuncia","https://diariooficial.al.mt.gov.br/publicacoes/5695/","oficial",NA,NA,"diario_oficial",TRUE,FALSE,FALSE,"oficial"
"eventos_assembleias_fonte_oficial.csv",NA,"MT","2018","DEPUTADO ESTADUAL/DISTRITAL","Romoaldo Aloizio Boraczynski Junior","posse_suplente","https://diariooficial.al.mt.gov.br/publicacoes/5505/","oficial",NA,NA,"diario_oficial",TRUE,FALSE,FALSE,"oficial"
"eventos_assembleias_fonte_oficial.csv",NA,"MT","2018","DEPUTADO ESTADUAL/DISTRITAL","Carlos Avalone Junior","efetivacao_suplente","https://diariooficial.al.mt.gov.br/publicacoes/5702/","oficial",NA,NA,"diario_oficial",TRUE,FALSE,FALSE,"oficial"
"eventos_assembleias_fonte_oficial.csv",NA,"MT","2018","DEPUTADO ESTADUAL/DISTRITAL","Antônio Ferreira de Souza","posse_suplente","https://diariooficial.al.mt.gov.br/publicacoes/5998/","oficial",NA,NA,"diario_oficial",TRUE,FALSE,FALSE,"oficial"
"eventos_assembleias_fonte_oficial.csv",NA,"MT","2018","DEPUTADO ESTADUAL/DISTRITAL","Oscar Martins Bezerra","posse_suplente","https://diariooficial.al.mt.gov.br/publicacoes/6871/","oficial",NA,NA,"diario_oficial",TRUE,FALSE,FALSE,"oficial"
"eventos_assembleias_fonte_oficial.csv",NA,"MT","2018","DEPUTADO ESTADUAL/DISTRITAL","Saturnino Masson","posse_suplente","https://diariooficial.al.mt.gov.br/publicacoes/6959/","oficial",NA,NA,"diario_oficial",TRUE,FALSE,FALSE,"oficial"
"eventos_assembleias_fonte_oficial.csv",NA,"MT","2018","DEPUTADO ESTADUAL/DISTRITAL","Juarez Pereira Vidal","posse_suplente","https://diariooficial.al.mt.gov.br/publicacoes/8575/","oficial",NA,NA,"diario_oficial",TRUE,FALSE,FALSE,"oficial"
"eventos_assembleias_fonte_oficial.csv",NA,"MT","2018","DEPUTADO ESTADUAL/DISTRITAL","Pedro Inacio Wiegert","posse_suplente","https://diariooficial.al.mt.gov.br/publicacoes/9062/","oficial",NA,NA,"diario_oficial",TRUE,FALSE,FALSE,"oficial"
"eventos_assembleias_fonte_oficial.csv",NA,"MT","2018","DEPUTADO ESTADUAL/DISTRITAL","Silvano Ferreira do Amaral","posse_suplente","https://diariooficial.al.mt.gov.br/publicacoes/9080/","oficial",NA,NA,"diario_oficial",TRUE,FALSE,FALSE,"oficial"
"eventos_assembleias_fonte_oficial.csv",NA,"MT","2018","DEPUTADO ESTADUAL/DISTRITAL","Henrique Lopes do Nascimento","posse_suplente","https://diariooficial.al.mt.gov.br/publicacoes/9565/","oficial",NA,NA,"diario_oficial",TRUE,FALSE,FALSE,"oficial"
"eventos_assembleias_fonte_oficial.csv",NA,"MT","2018","DEPUTADO ESTADUAL/DISTRITAL","Gilberto Moacir Cattani","efetivacao_suplente","https://diariooficial.al.mt.gov.br/publicacoes/10539/","oficial",NA,NA,"diario_oficial",TRUE,FALSE,FALSE,"oficial"
"eventos_assembleias_fonte_oficial.csv",NA,"MT","2018","DEPUTADO ESTADUAL/DISTRITAL","Túlio Aurélio Campos Fontes","posse_suplente","https://diariooficial.al.mt.gov.br/publicacoes/11980/","oficial",NA,NA,"diario_oficial",TRUE,FALSE,FALSE,"oficial"
"eventos_assembleias_fonte_oficial.csv",NA,"MT","2018","DEPUTADO ESTADUAL/DISTRITAL","Sérgio Ribeiro Araújo","posse_suplente","https://diariooficial.al.mt.gov.br/publicacoes/12706/","oficial",NA,NA,"diario_oficial",TRUE,FALSE,FALSE,"oficial"
"eventos_assembleias_fonte_oficial.csv",NA,"MT","2018","DEPUTADO ESTADUAL/DISTRITAL","Suelme Evangelista Fernandes","posse_suplente","https://diariooficial.al.mt.gov.br/publicacoes/12960/","oficial",NA,NA,"diario_oficial",TRUE,FALSE,FALSE,"oficial"
"eventos_assembleias_fonte_oficial.csv",NA,"MT","2018","DEPUTADO ESTADUAL/DISTRITAL","Valdeniria Dutra Ferreira","posse_suplente","https://diariooficial.al.mt.gov.br/publicacoes/15022/","oficial",NA,NA,"diario_oficial",TRUE,FALSE,FALSE,"oficial"
"eventos_assembleias_fonte_oficial.csv","M2022_MT_7_14100_110001635705","MT","2022","DEPUTADO ESTADUAL/DISTRITAL","Cláudio Ferreira de Souza","renuncia","https://diariooficial.al.mt.gov.br/publicacoes/26840/","oficial",NA,NA,"diario_oficial",TRUE,FALSE,FALSE,"oficial"
"eventos_assembleias_fonte_oficial.csv",NA,"MT","2022","DEPUTADO ESTADUAL/DISTRITAL","Francisco Guarnieri de Lima (Chico Guarnieri)","efetivacao_suplente","https://diariooficial.al.mt.gov.br/publicacoes/26846/","oficial",NA,NA,"diario_oficial",TRUE,FALSE,FALSE,"oficial"
"eventos_assembleias_fonte_oficial.csv","M2018_PA_7_22222_140000604209","PA","2018","DEPUTADO ESTADUAL/DISTRITAL","Renato Ogawa (PL)","renuncia","https://www.alepa.pa.gov.br/Comunicacao/Noticia/5818/novos-deputados-assumem-mandato-legislativo","noticia_oficial",NA,NA,"noticia_casa",FALSE,TRUE,FALSE,"noticia_oficial"
"eventos_assembleias_fonte_oficial.csv","M2018_PA_7_45678_140000614283","PA","2018","DEPUTADO ESTADUAL/DISTRITAL","Dr. Daniel Santos (MDB)","renuncia","https://www.alepa.pa.gov.br/Comunicacao/Noticia/6696/nova-mesa-diretora-e-empossada-e--chicao-assume-a-presidencia-para-o-bienio-20212023","noticia_oficial",NA,NA,"noticia_casa",FALSE,TRUE,FALSE,"noticia_oficial"
"eventos_assembleias_fonte_oficial.csv",NA,"PA","2018","DEPUTADO ESTADUAL/DISTRITAL","Adriano Coelho (PDT)","posse_suplente","https://www.alepa.pa.gov.br/Comunicacao/Noticia/9586/deputado-adriano-coelho-e-empossado-na-alepa","noticia_oficial",NA,NA,"noticia_casa",FALSE,TRUE,FALSE,"noticia_oficial"
"eventos_assembleias_fonte_oficial.csv",NA,"PA","2018","DEPUTADO ESTADUAL/DISTRITAL","José Maria Tapajós (PL)","posse_suplente","https://www.alepa.pa.gov.br/Comunicacao/Noticia/5818/novos-deputados-assumem-mandato-legislativo","noticia_oficial",NA,NA,"noticia_casa",FALSE,TRUE,FALSE,"noticia_oficial"
"eventos_assembleias_fonte_oficial.csv","M1998_SC_7_13133_240002407131331","SC","1998","DEPUTADO ESTADUAL/DISTRITAL","Pedro Uczai","renuncia","http://www2.alesc.sc.gov.br/diarios/pdf/4815dia.pdf","oficial",NA,NA,"diario_oficial",TRUE,FALSE,FALSE,"oficial"
"eventos_assembleias_fonte_oficial.csv","M1998_SC_7_13200_240002407132001","SC","1998","DEPUTADO ESTADUAL/DISTRITAL","Neodi Saretta","renuncia","http://www2.alesc.sc.gov.br/diarios/pdf/4815dia.pdf","oficial",NA,NA,"diario_oficial",TRUE,FALSE,FALSE,"oficial"
"eventos_assembleias_fonte_oficial.csv","M1998_SC_7_15180_240002407151801","SC","1998","DEPUTADO ESTADUAL/DISTRITAL","Moacir Sopelsa","licenca","http://www2.alesc.sc.gov.br/diarios/pdf/5048dia.PDF","oficial",NA,NA,"diario_oficial",TRUE,FALSE,FALSE,"oficial"
"eventos_assembleias_fonte_oficial.csv","M1998_SC_7_15194_240002407151941","SC","1998","DEPUTADO ESTADUAL/DISTRITAL","Luiz Herbst","renuncia","http://www2.alesc.sc.gov.br/diarios/pdf/4727dia.pdf","oficial",NA,NA,"diario_oficial",TRUE,FALSE,FALSE,"oficial"
"eventos_assembleias_fonte_oficial.csv","M1998_SC_7_25123_240002407251231","SC","1998","DEPUTADO ESTADUAL/DISTRITAL","Paulo Roberto Bornhausen","licenca","http://www2.alesc.sc.gov.br/diarios/pdf/4698dia.pdf","oficial",NA,NA,"diario_oficial",TRUE,FALSE,FALSE,"oficial"
"eventos_assembleias_fonte_oficial.csv","M1998_SC_7_25123_240002407251231","SC","1998","DEPUTADO ESTADUAL/DISTRITAL","Paulo Bornhausen","afastamento","http://www2.alesc.sc.gov.br/diarios/pdf/4712dia.pdf","oficial",NA,NA,"diario_oficial",TRUE,FALSE,FALSE,"oficial"
"eventos_assembleias_fonte_oficial.csv","M1998_SC_7_25222_240002407252221","SC","1998","DEPUTADO ESTADUAL/DISTRITAL","Ciro Roza","renuncia","http://www2.alesc.sc.gov.br/diarios/pdf/4815dia.pdf","oficial",NA,NA,"diario_oficial",TRUE,FALSE,FALSE,"oficial"
"eventos_assembleias_fonte_oficial.csv","M1998_SC_7_25456_240002407254561","SC","1998","DEPUTADO ESTADUAL/DISTRITAL","Wilson Wan-Dall","renuncia","https://memoriapolitica.alesc.sc.gov.br/biografia/931-Wilson_Wan_Dall","oficial",NA,NA,"memorial_casa",TRUE,FALSE,FALSE,"oficial"
"eventos_assembleias_fonte_oficial.csv","M1998_SC_7_45623_240002407456231","SC","1998","DEPUTADO ESTADUAL/DISTRITAL","Jaime Duarte","licenca","https://memoriapolitica.alesc.sc.gov.br/biografia/413-Jaime_Duarte","oficial",NA,NA,"memorial_casa",TRUE,FALSE,FALSE,"oficial"
"eventos_assembleias_fonte_oficial.csv",NA,"SC","1998","DEPUTADO ESTADUAL/DISTRITAL","Clésio Salvaro","efetivacao_suplente","http://www2.alesc.sc.gov.br/diarios/pdf/4712dia.pdf","oficial",NA,NA,"diario_oficial",TRUE,FALSE,FALSE,"oficial"
"eventos_assembleias_fonte_oficial.csv",NA,"SC","1998","DEPUTADO ESTADUAL/DISTRITAL","João Henrique Blasi","efetivacao_suplente","http://www2.alesc.sc.gov.br/diarios/pdf/4727dia.pdf","oficial",NA,NA,"diario_oficial",TRUE,FALSE,FALSE,"oficial"
"eventos_assembleias_fonte_oficial.csv",NA,"SC","1998","DEPUTADO ESTADUAL/DISTRITAL","Afrânio Boppré","efetivacao_suplente","http://www2.alesc.sc.gov.br/diarios/pdf/4815dia.pdf","oficial",NA,NA,"diario_oficial",TRUE,FALSE,FALSE,"oficial"
"eventos_assembleias_fonte_oficial.csv",NA,"SC","1998","DEPUTADO ESTADUAL/DISTRITAL","José Paulo Serafim","efetivacao_suplente","http://www2.alesc.sc.gov.br/diarios/pdf/4815dia.pdf","oficial",NA,NA,"diario_oficial",TRUE,FALSE,FALSE,"oficial"
"eventos_assembleias_fonte_oficial.csv",NA,"SC","1998","DEPUTADO ESTADUAL/DISTRITAL","Júlio Garcia","efetivacao_suplente","http://www2.alesc.sc.gov.br/diarios/pdf/4815dia.pdf","oficial",NA,NA,"diario_oficial",TRUE,FALSE,FALSE,"oficial"
"eventos_assembleias_fonte_oficial.csv","M2002_SC_7_13111_174","SC","2002","DEPUTADO ESTADUAL/DISTRITAL","Volnei Morastoni","renuncia","http://www2.alesc.sc.gov.br/diarios/pdf/5364dia.pdf","oficial",NA,NA,"diario_oficial",TRUE,FALSE,FALSE,"oficial"
"eventos_assembleias_fonte_oficial.csv","M2002_SC_7_25100_458","SC","2002","DEPUTADO ESTADUAL/DISTRITAL","Cesar Souza","licenca","http://www2.alesc.sc.gov.br/diarios/pdf/5654dia.pdf","oficial",NA,NA,"diario_oficial",TRUE,FALSE,FALSE,"oficial"
"eventos_assembleias_fonte_oficial.csv","M2002_SC_7_25100_458","SC","2002","DEPUTADO ESTADUAL/DISTRITAL","Cesar Souza","retorno","http://www2.alesc.sc.gov.br/diarios/pdf/5674dia.pdf","oficial",NA,NA,"diario_oficial",TRUE,FALSE,FALSE,"oficial"
"eventos_assembleias_fonte_oficial.csv","M2002_SC_7_25123_472","SC","2002","DEPUTADO ESTADUAL/DISTRITAL","João Rodrigues","renuncia","http://www2.alesc.sc.gov.br/diarios/pdf/5359dia.pdf","oficial",NA,NA,"diario_oficial",TRUE,FALSE,FALSE,"oficial"
"eventos_assembleias_fonte_oficial.csv","M2002_SC_7_25888_473","SC","2002","DEPUTADO ESTADUAL/DISTRITAL","João Paulo Kleinübing","renuncia","http://www2.alesc.sc.gov.br/diarios/pdf/5359dia.pdf","oficial",NA,NA,"diario_oficial",TRUE,FALSE,FALSE,"oficial"
"eventos_assembleias_fonte_oficial.csv","M2002_SC_7_45678_254","SC","2002","DEPUTADO ESTADUAL/DISTRITAL","Luiz Eduardo Cherem","licenca","http://www2.alesc.sc.gov.br/diarios/pdf/5268dia.pdf","oficial",NA,NA,"diario_oficial",TRUE,FALSE,FALSE,"oficial"
"eventos_assembleias_fonte_oficial.csv","M2002_SC_7_45678_254","SC","2002","DEPUTADO ESTADUAL/DISTRITAL","Luiz Eduardo Cherem","licenca","http://www2.alesc.sc.gov.br/diarios/pdf/5647dia.pdf","oficial",NA,NA,"diario_oficial",TRUE,FALSE,FALSE,"oficial"
"eventos_assembleias_fonte_oficial.csv","M2002_SC_7_45678_254","SC","2002","DEPUTADO ESTADUAL/DISTRITAL","Luiz Eduardo Cherem","afastamento","http://www2.alesc.sc.gov.br/diarios/pdf/5671dia.pdf","oficial",NA,NA,"diario_oficial",TRUE,FALSE,FALSE,"oficial"
"eventos_assembleias_fonte_oficial.csv",NA,"SC","2002","DEPUTADO ESTADUAL/DISTRITAL","Antônio Aguiar","efetivacao_suplente","http://www2.alesc.sc.gov.br/diarios/pdf/5358dia.pdf","oficial",NA,NA,"diario_oficial",TRUE,FALSE,FALSE,"oficial"
"eventos_assembleias_fonte_oficial.csv",NA,"SC","2002","DEPUTADO ESTADUAL/DISTRITAL","Gelson Merísio","efetivacao_suplente","http://www2.alesc.sc.gov.br/diarios/pdf/5358dia.pdf","oficial",NA,NA,"diario_oficial",TRUE,FALSE,FALSE,"oficial"
"eventos_assembleias_fonte_oficial.csv","M2006_SC_7_11233_10494","SC","2006","DEPUTADO ESTADUAL/DISTRITAL","Reno Caramori","licenca","http://www2.alesc.sc.gov.br/diarios/pdf/6221dia.pdf","oficial",NA,NA,"diario_oficial",TRUE,FALSE,FALSE,"oficial"
"eventos_assembleias_fonte_oficial.csv","M2006_SC_7_11611_10505","SC","2006","DEPUTADO ESTADUAL/DISTRITAL","Jandir Bellini","renuncia","http://www2.alesc.sc.gov.br/diarios/pdf/5986dia.pdf","oficial",NA,NA,"diario_oficial",TRUE,FALSE,FALSE,"oficial"
"eventos_assembleias_fonte_oficial.csv","M2006_SC_7_15215_10044","SC","2006","DEPUTADO ESTADUAL/DISTRITAL","João Henrique Blasi","renuncia","http://www2.alesc.sc.gov.br/diarios/pdf/5826dia.pdf","oficial",NA,NA,"diario_oficial",TRUE,FALSE,FALSE,"oficial"
"eventos_assembleias_fonte_oficial.csv","M2006_SC_7_15220_10045","SC","2006","DEPUTADO ESTADUAL/DISTRITAL","Herneus de Nadal","renuncia","http://www2.alesc.sc.gov.br/diarios/pdf/6063dia.pdf","oficial",NA,NA,"diario_oficial",TRUE,FALSE,FALSE,"oficial"
"eventos_assembleias_fonte_oficial.csv","M2006_SC_7_25111_10079","SC","2006","DEPUTADO ESTADUAL/DISTRITAL","Julio Garcia","renuncia","http://www2.alesc.sc.gov.br/diarios/pdf/6082dia.pdf","oficial",NA,NA,"diario_oficial",TRUE,FALSE,FALSE,"oficial"
"eventos_assembleias_fonte_oficial.csv","M2006_SC_7_45110_10159","SC","2006","DEPUTADO ESTADUAL/DISTRITAL","Clésio Salvaro","renuncia","http://www2.alesc.sc.gov.br/diarios/pdf/5988dia.pdf","oficial",NA,NA,"diario_oficial",TRUE,FALSE,FALSE,"oficial"
"eventos_assembleias_fonte_oficial.csv",NA,"SC","2006","DEPUTADO ESTADUAL/DISTRITAL","Serafim Venzon","efetivacao_suplente","http://www2.alesc.sc.gov.br/diarios/pdf/5983dia.pdf","oficial",NA,NA,"diario_oficial",TRUE,FALSE,FALSE,"oficial"
"eventos_assembleias_fonte_oficial.csv","M2010_SC_7_15001_240000000306","SC","2010","DEPUTADO ESTADUAL/DISTRITAL","Elizeu Mattos","renuncia","http://www2.alesc.sc.gov.br/diarios/pdf/6502dia.pdf","oficial",NA,NA,"diario_oficial",TRUE,FALSE,FALSE,"oficial"
"eventos_assembleias_fonte_oficial.csv","M2010_SC_7_25100_240000000341","SC","2010","DEPUTADO ESTADUAL/DISTRITAL","Cesar Souza Júnior","renuncia","http://www2.alesc.sc.gov.br/diarios/pdf/6502dia.pdf","oficial",NA,NA,"diario_oficial",TRUE,FALSE,FALSE,"oficial"
"eventos_assembleias_fonte_oficial.csv","M2010_SC_7_25800_240000000354","SC","2010","DEPUTADO ESTADUAL/DISTRITAL","Jorge Teixeira","afastamento","http://www2.alesc.sc.gov.br/diarios/pdf/6717dia.pdf","oficial",NA,NA,"diario_oficial",TRUE,FALSE,FALSE,"oficial"
"eventos_assembleias_fonte_oficial.csv","M2010_SC_7_45678_240000000279","SC","2010","DEPUTADO ESTADUAL/DISTRITAL","Luiz Eduardo Cherem","renuncia","http://www2.alesc.sc.gov.br/diarios/pdf/6717dia.pdf","oficial",NA,NA,"diario_oficial",TRUE,FALSE,FALSE,"oficial"
"eventos_assembleias_fonte_oficial.csv","M2014_SC_7_15010_240000000271","SC","2014","DEPUTADO ESTADUAL/DISTRITAL","Aldo Schneider","falecimento","http://www2.alesc.sc.gov.br/diarios/pdf/7351dia.pdf","oficial",NA,NA,"diario_oficial",TRUE,FALSE,FALSE,"oficial"
"eventos_assembleias_fonte_oficial.csv","M2014_SC_7_15650_240000000281","SC","2014","DEPUTADO ESTADUAL/DISTRITAL","Gean Loureiro","renuncia","http://www2.alesc.sc.gov.br/diarios/pdf/7087dia.pdf","oficial",NA,NA,"diario_oficial",TRUE,FALSE,FALSE,"oficial"
"eventos_assembleias_fonte_oficial.csv","M2014_SC_7_45999_240000000413","SC","2014","DEPUTADO ESTADUAL/DISTRITAL","Dr. Vicente Caropreso","licenca","https://memoriapolitica.alesc.sc.gov.br/biografia/989-Dr_Vicente_Caropreso","oficial",NA,NA,"memorial_casa",TRUE,FALSE,FALSE,"oficial"
"eventos_assembleias_fonte_oficial.csv","M2014_SC_7_55111_240000000258","SC","2014","DEPUTADO ESTADUAL/DISTRITAL","José Nei Ascari","renuncia","http://www2.alesc.sc.gov.br/diarios/pdf/7193dia.pdf","oficial",NA,NA,"diario_oficial",TRUE,FALSE,FALSE,"oficial"
"eventos_assembleias_fonte_oficial.csv","M2014_SC_7_55858_240000000260","SC","2014","DEPUTADO ESTADUAL/DISTRITAL","Milton Hobus","licenca","https://memoriapolitica.alesc.sc.gov.br/biografia/1052-Milton_Hobus","oficial",NA,NA,"memorial_casa",TRUE,FALSE,FALSE,"oficial"
"eventos_assembleias_fonte_oficial.csv","M2014_SC_7_55858_240000000260","SC","2014","DEPUTADO ESTADUAL/DISTRITAL","Milton Hobus","retorno","https://memoriapolitica.alesc.sc.gov.br/biografia/1052-Milton_Hobus","oficial",NA,NA,"memorial_casa",TRUE,FALSE,FALSE,"oficial"
"eventos_assembleias_fonte_oficial.csv","M2018_SC_7_11130_240000627262","SC","2018","DEPUTADO ESTADUAL/DISTRITAL","Altair Silva","licenca","https://memoriapolitica.alesc.sc.gov.br/biografia/1021-Altair_Silva","oficial",NA,NA,"memorial_casa",TRUE,FALSE,FALSE,"oficial"
"eventos_assembleias_fonte_oficial.csv","M2018_SC_7_11130_240000627262","SC","2018","DEPUTADO ESTADUAL/DISTRITAL","Altair Silva","afastamento","https://memoriapolitica.alesc.sc.gov.br/biografia/1021-Altair_Silva","oficial",NA,NA,"memorial_casa",TRUE,FALSE,FALSE,"oficial"
"eventos_assembleias_fonte_oficial.csv","M2018_SC_7_12345_240000622590","SC","2018","DEPUTADO ESTADUAL/DISTRITAL","Rodrigo Minotto","licenca","https://memoriapolitica.alesc.sc.gov.br/biografia/985-Rodrigo_Minotto","oficial",NA,NA,"memorial_casa",TRUE,FALSE,FALSE,"oficial"
"eventos_assembleias_fonte_oficial.csv","M2018_SC_7_13601_240000624373","SC","2018","DEPUTADO ESTADUAL/DISTRITAL","Luciane Carminatti","licenca","https://memoriapolitica.alesc.sc.gov.br/biografia/974-Luciane_Carminatti","oficial",NA,NA,"memorial_casa",TRUE,FALSE,FALSE,"oficial"
"eventos_assembleias_fonte_oficial.csv","M2018_SC_7_13987_240000624361","SC","2018","DEPUTADO ESTADUAL/DISTRITAL","Padre Pedro Baldissera","licenca","https://memoriapolitica.alesc.sc.gov.br/biografia/981-Padre_Pedro_Baldissera","oficial",NA,NA,"memorial_casa",TRUE,FALSE,FALSE,"oficial"
"eventos_assembleias_fonte_oficial.csv","M2018_SC_7_13987_240000624361","SC","2018","DEPUTADO ESTADUAL/DISTRITAL","Padre Pedro Baldissera","licenca","https://memoriapolitica.alesc.sc.gov.br/biografia/981-Padre_Pedro_Baldissera","oficial",NA,NA,"memorial_casa",TRUE,FALSE,FALSE,"oficial"
"eventos_assembleias_fonte_oficial.csv","M2018_SC_7_13987_240000624361","SC","2018","DEPUTADO ESTADUAL/DISTRITAL","Padre Pedro Baldissera","licenca","https://memoriapolitica.alesc.sc.gov.br/biografia/981-Padre_Pedro_Baldissera","oficial",NA,NA,"memorial_casa",TRUE,FALSE,FALSE,"oficial"
"eventos_assembleias_fonte_oficial.csv","M2018_SC_7_15150_240000609585","SC","2018","DEPUTADO ESTADUAL/DISTRITAL","Luiz Fernando Vampiro","licenca","https://memoriapolitica.alesc.sc.gov.br/biografia/988-Luiz_Fernando_Vampiro","oficial",NA,NA,"memorial_casa",TRUE,FALSE,FALSE,"oficial"
"eventos_assembleias_fonte_oficial.csv","M2018_SC_7_15655_240000609568","SC","2018","DEPUTADO ESTADUAL/DISTRITAL","Fernando Krelling","licenca","https://memoriapolitica.alesc.sc.gov.br/biografia/1010-Fernando_Krelling","oficial",NA,NA,"memorial_casa",TRUE,FALSE,FALSE,"oficial"
"eventos_assembleias_fonte_oficial.csv","M2018_SC_7_17193_240000609691","SC","2018","DEPUTADO ESTADUAL/DISTRITAL","Coronel Mocellin","licenca","https://memoriapolitica.alesc.sc.gov.br/biografia/1009-Coronel_Mocellin","oficial",NA,NA,"memorial_casa",TRUE,FALSE,FALSE,"oficial"
"eventos_assembleias_fonte_oficial.csv","M2018_SC_7_22022_240000609796","SC","2018","DEPUTADO ESTADUAL/DISTRITAL","Nilso Berlanda","licenca","https://memoriapolitica.alesc.sc.gov.br/biografia/1116-Nilso_Berlanda","oficial",NA,NA,"memorial_casa",TRUE,FALSE,FALSE,"oficial"
"eventos_assembleias_fonte_oficial.csv","M2018_SC_7_22222_240000609795","SC","2018","DEPUTADO ESTADUAL/DISTRITAL","Mauricio Eskudlark","licenca","https://memoriapolitica.alesc.sc.gov.br/biografia/977-Mauricio_Eskudlark","oficial",NA,NA,"memorial_casa",TRUE,FALSE,FALSE,"oficial"
"eventos_assembleias_fonte_oficial.csv","M2018_SC_7_45999_240000609619","SC","2018","DEPUTADO ESTADUAL/DISTRITAL","Dr. Vicente Caropreso","licenca","https://memoriapolitica.alesc.sc.gov.br/biografia/989-Dr_Vicente_Caropreso","oficial",NA,NA,"memorial_casa",TRUE,FALSE,FALSE,"oficial"
"eventos_assembleias_fonte_oficial.csv","M2018_SC_7_55111_240000627250","SC","2018","DEPUTADO ESTADUAL/DISTRITAL","Julio Garcia","licenca","https://memoriapolitica.alesc.sc.gov.br/biografia/971-Jean_Kuhlmann","oficial",NA,NA,"memorial_casa",TRUE,FALSE,FALSE,"oficial"
"eventos_assembleias_fonte_oficial.csv","M2018_SC_7_55858_240000627238","SC","2018","DEPUTADO ESTADUAL/DISTRITAL","Milton Hobus","licenca","https://memoriapolitica.alesc.sc.gov.br/biografia/1052-Milton_Hobus","oficial",NA,NA,"memorial_casa",TRUE,FALSE,FALSE,"oficial"
"eventos_assembleias_fonte_oficial.csv","M2022_SC_7_14181_240001614282","SC","2022","DEPUTADO ESTADUAL/DISTRITAL","Delegado Egídio","renuncia","http://www2.alesc.sc.gov.br/diarios/pdf/8715diaicp.pdf","oficial",NA,NA,"diario_oficial",TRUE,FALSE,FALSE,"oficial"
"eventos_assembleias_fonte_oficial.csv","M1998_TO_7_25112_270002707251121","TO","1998","DEPUTADO ESTADUAL/DISTRITAL","Marcelo Miranda","renuncia","https://www.al.to.leg.br/assets/galeriahistorica/presidentes/marcelo-miranda.html","oficial",NA,NA,"memorial_casa",TRUE,FALSE,FALSE,"oficial"
"eventos_assembleias_fonte_oficial.csv","M2002_TO_7_15153_109","TO","2002","DEPUTADO ESTADUAL/DISTRITAL","Paulo Sidnei","renuncia","https://www.al.to.leg.br/arquivo/8550","oficial",NA,NA,"diario_oficial",TRUE,FALSE,FALSE,"oficial"
"eventos_assembleias_fonte_oficial.csv","M2006_TO_7_15123_10442","TO","2006","DEPUTADO ESTADUAL/DISTRITAL","Josi Nunes","licenca","https://www.al.to.leg.br/arquivo/11975","oficial",NA,NA,"diario_oficial",TRUE,FALSE,FALSE,"oficial"
"eventos_assembleias_fonte_oficial.csv","M2006_TO_7_15333_10450","TO","2006","DEPUTADO ESTADUAL/DISTRITAL","Carlos Henrique Gaguim","renuncia","https://www.al.to.leg.br/arquivo/23029","oficial",NA,NA,"diario_oficial",TRUE,FALSE,FALSE,"oficial"
"eventos_assembleias_fonte_oficial.csv","M2006_TO_7_22111_10163","TO","2006","DEPUTADO ESTADUAL/DISTRITAL","Fabion Gomes","renuncia","https://www.al.to.leg.br/arquivo/15178","oficial",NA,NA,"diario_oficial",TRUE,FALSE,FALSE,"oficial"
"eventos_assembleias_fonte_oficial.csv","M2006_TO_7_23222_10288","TO","2006","DEPUTADO ESTADUAL/DISTRITAL","Eduardo do Dertins","licenca","https://www.al.to.leg.br/arquivo/22816","oficial",NA,NA,"diario_oficial",TRUE,FALSE,FALSE,"oficial"
"eventos_assembleias_fonte_oficial.csv","M2006_TO_7_25678_10426","TO","2006","DEPUTADO ESTADUAL/DISTRITAL","Valuar Barros","renuncia","https://www.al.to.leg.br/arquivo/15178","oficial",NA,NA,"diario_oficial",TRUE,FALSE,FALSE,"oficial"
"eventos_assembleias_fonte_oficial.csv",NA,"TO","2006","DEPUTADO ESTADUAL/DISTRITAL","Pedro Lima Santos; Antonio Poincaré Andrade Filho","posse_suplente","https://www.al.to.leg.br/arquivo/15212","oficial",NA,NA,"diario_oficial",TRUE,FALSE,FALSE,"oficial"
"eventos_assembleias_fonte_oficial.csv",NA,"TO","2006","DEPUTADO ESTADUAL/DISTRITAL","Osires Rodrigues Damaso","efetivacao_suplente","https://www.al.to.leg.br/arquivo/23029","oficial",NA,NA,"diario_oficial",TRUE,FALSE,FALSE,"oficial"
"eventos_assembleias_fonte_oficial.csv","M2010_TO_7_11610_270000000066","TO","2010","DEPUTADO ESTADUAL/DISTRITAL","Raimundo Palito","afastamento","https://www.al.to.leg.br/arquivo/30620","oficial",NA,NA,"diario_oficial",TRUE,FALSE,FALSE,"oficial"
"eventos_assembleias_fonte_oficial.csv","M2010_TO_7_11610_270000000066","TO","2010","DEPUTADO ESTADUAL/DISTRITAL","Raimundo Palito","afastamento","https://www.al.to.leg.br/arquivo/34320","oficial",NA,NA,"diario_oficial",TRUE,FALSE,FALSE,"oficial"
"eventos_assembleias_fonte_oficial.csv","M2010_TO_7_11610_270000000066","TO","2010","DEPUTADO ESTADUAL/DISTRITAL","Raimundo Palito","afastamento","https://www.al.to.leg.br/arquivo/35108","oficial",NA,NA,"diario_oficial",TRUE,FALSE,FALSE,"oficial"
"eventos_assembleias_fonte_oficial.csv","M2010_TO_7_15222_270000000070","TO","2010","DEPUTADO ESTADUAL/DISTRITAL","Sandoval Cardoso","afastamento","https://www.al.to.leg.br/arquivo/29175","oficial",NA,NA,"diario_oficial",TRUE,FALSE,FALSE,"oficial"
"eventos_assembleias_fonte_oficial.csv","M2010_TO_7_15222_270000000070","TO","2010","DEPUTADO ESTADUAL/DISTRITAL","Sandoval Cardoso","afastamento","https://www.al.to.leg.br/arquivo/30497","oficial",NA,NA,"diario_oficial",TRUE,FALSE,FALSE,"oficial"
"eventos_assembleias_fonte_oficial.csv","M2010_TO_7_15222_270000000070","TO","2010","DEPUTADO ESTADUAL/DISTRITAL","Sandoval Cardoso","renuncia","https://www.al.to.leg.br/arquivo/35038","oficial",NA,NA,"diario_oficial",TRUE,FALSE,FALSE,"oficial"
"eventos_assembleias_fonte_oficial.csv","M2010_TO_7_23400_270000000059","TO","2010","DEPUTADO ESTADUAL/DISTRITAL","Manoel Queiroz","licenca","https://www.al.to.leg.br/arquivo/27764","oficial",NA,NA,"diario_oficial",TRUE,FALSE,FALSE,"oficial"
"eventos_assembleias_fonte_oficial.csv","M2010_TO_7_23400_270000000059","TO","2010","DEPUTADO ESTADUAL/DISTRITAL","Manoel Queiroz","licenca","https://www.al.to.leg.br/arquivo/34634","oficial",NA,NA,"diario_oficial",TRUE,FALSE,FALSE,"oficial"
"eventos_assembleias_fonte_oficial.csv","M2010_TO_7_23400_270000000059","TO","2010","DEPUTADO ESTADUAL/DISTRITAL","Manoel Queiroz","licenca","https://www.al.to.leg.br/arquivo/35221","oficial",NA,NA,"diario_oficial",TRUE,FALSE,FALSE,"oficial"
"eventos_assembleias_fonte_oficial.csv","M2010_TO_7_45555_270000000319","TO","2010","DEPUTADO ESTADUAL/DISTRITAL","Freire Júnior","afastamento","https://www.al.to.leg.br/arquivo/28360","oficial",NA,NA,"diario_oficial",TRUE,FALSE,FALSE,"oficial"
"eventos_assembleias_fonte_oficial.csv","M2014_TO_7_13413_270000000383","TO","2014","DEPUTADO ESTADUAL/DISTRITAL","Paulo Mourão","licenca","https://www.al.to.leg.br/arquivo/38729","oficial",NA,NA,"diario_oficial",TRUE,FALSE,FALSE,"oficial"
"eventos_assembleias_fonte_oficial.csv","M2014_TO_7_14143_270000000248","TO","2014","DEPUTADO ESTADUAL/DISTRITAL","Mauro Carlesse","afastamento","https://www.al.to.leg.br/arquivo/43931","oficial",NA,NA,"diario_oficial",TRUE,FALSE,FALSE,"oficial"
"eventos_assembleias_fonte_oficial.csv","M2014_TO_7_14143_270000000248","TO","2014","DEPUTADO ESTADUAL/DISTRITAL","Mauro Carlesse","renuncia","https://www.al.to.leg.br/arquivo/45126","oficial",NA,NA,"diario_oficial",TRUE,FALSE,FALSE,"oficial"
"eventos_assembleias_fonte_oficial.csv","M2014_TO_7_14777_270000000246","TO","2014","DEPUTADO ESTADUAL/DISTRITAL","Eduardo Siqueira Campos","licenca","https://www.al.to.leg.br/arquivo/40681","oficial",NA,NA,"diario_oficial",TRUE,FALSE,FALSE,"oficial"
"eventos_assembleias_fonte_oficial.csv","M2014_TO_7_15100_270000000028","TO","2014","DEPUTADO ESTADUAL/DISTRITAL","Rocha Miranda","licenca","https://www.al.to.leg.br/arquivo/42103","oficial",NA,NA,"diario_oficial",TRUE,FALSE,FALSE,"oficial"
"eventos_assembleias_fonte_oficial.csv","M2014_TO_7_23222_270000000268","TO","2014","DEPUTADO ESTADUAL/DISTRITAL","Eduardo do Dertins","licenca","https://www.al.to.leg.br/arquivo/40873","oficial",NA,NA,"diario_oficial",TRUE,FALSE,FALSE,"oficial"
"eventos_assembleias_fonte_oficial.csv","M2014_TO_7_28777_270000000215","TO","2014","DEPUTADO ESTADUAL/DISTRITAL","Júnior Evangelista","licenca","https://www.al.to.leg.br/arquivo/41311","oficial",NA,NA,"diario_oficial",TRUE,FALSE,FALSE,"oficial"
"eventos_assembleias_fonte_oficial.csv","M2014_TO_7_28777_270000000215","TO","2014","DEPUTADO ESTADUAL/DISTRITAL","Júnior Evangelista","afastamento","https://www.al.to.leg.br/arquivo/43510","oficial",NA,NA,"diario_oficial",TRUE,FALSE,FALSE,"oficial"
"eventos_assembleias_fonte_oficial.csv","M2014_TO_7_40000_270000000165","TO","2014","DEPUTADO ESTADUAL/DISTRITAL","Ricardo Ayres","afastamento","https://www.al.to.leg.br/arquivo/40875","oficial",NA,NA,"diario_oficial",TRUE,FALSE,FALSE,"oficial"
"eventos_assembleias_fonte_oficial.csv","M2014_TO_7_40000_270000000165","TO","2014","DEPUTADO ESTADUAL/DISTRITAL","Ricardo Ayres","afastamento","https://www.al.to.leg.br/arquivo/42744","oficial",NA,NA,"diario_oficial",TRUE,FALSE,FALSE,"oficial"
"eventos_assembleias_fonte_oficial.csv","M2014_TO_7_77100_270000000227","TO","2014","DEPUTADO ESTADUAL/DISTRITAL","Wanderlei Barbosa","renuncia","https://www.al.to.leg.br/arquivo/45126","oficial",NA,NA,"diario_oficial",TRUE,FALSE,FALSE,"oficial"
"eventos_assembleias_fonte_oficial.csv","M2014_TO_7_77700_270000000226","TO","2014","DEPUTADO ESTADUAL/DISTRITAL","Vilmar de Oliveira","licenca","https://www.al.to.leg.br/arquivo/40950","oficial",NA,NA,"diario_oficial",TRUE,FALSE,FALSE,"oficial"
"eventos_assembleias_fonte_oficial.csv","M2022_TO_7_22111_270001643584","TO","2022","DEPUTADO ESTADUAL/DISTRITAL","Fabion Gomes de Sousa","renuncia","https://www.al.to.leg.br/arquivo/72721","oficial",NA,NA,"diario_oficial",TRUE,FALSE,FALSE,"oficial"
"eventos_assembleias_fonte_oficial.csv",NA,"TO","2022","DEPUTADO ESTADUAL/DISTRITAL","Danilo Alencar de Andrade","efetivacao_suplente","https://www.al.to.leg.br/arquivo/72853","oficial",NA,NA,"diario_oficial",TRUE,FALSE,FALSE,"oficial"
"composicao_final_assembleias_fonte_oficial.csv","M2014_DF_8_10123_70000000591","DF","2014","DEPUTADO ESTADUAL/DISTRITAL","JULIO CESAR RIBEIRO","composicao_em_exercicio","https://dados.cl.df.gov.br/dataset/f046427e-51b2-49e8-afe5-945e82b55ce9/resource/43481657-ef9b-42c0-b35c-b256c4957a4f/download/2018-12-quadro-desmonstrativo-de-pessoal.csv","oficial",NA,NA,"portal_casa",TRUE,FALSE,FALSE,"oficial"
"composicao_final_assembleias_fonte_oficial.csv","M2014_DF_8_12123_70000000580","DF","2014","DEPUTADO ESTADUAL/DISTRITAL","CELINA LEAO HIZIM FERREIRA","composicao_em_exercicio","https://dados.cl.df.gov.br/dataset/f046427e-51b2-49e8-afe5-945e82b55ce9/resource/43481657-ef9b-42c0-b35c-b256c4957a4f/download/2018-12-quadro-desmonstrativo-de-pessoal.csv","oficial",NA,NA,"portal_casa",TRUE,FALSE,FALSE,"oficial"
"composicao_final_assembleias_fonte_oficial.csv","M2014_DF_8_12345_70000000557","DF","2014","DEPUTADO ESTADUAL/DISTRITAL","JOE CARLO VIANA VALLE","composicao_em_exercicio","https://dados.cl.df.gov.br/dataset/f046427e-51b2-49e8-afe5-945e82b55ce9/resource/43481657-ef9b-42c0-b35c-b256c4957a4f/download/2018-12-quadro-desmonstrativo-de-pessoal.csv","oficial",NA,NA,"portal_casa",TRUE,FALSE,FALSE,"oficial"
"composicao_final_assembleias_fonte_oficial.csv","M2014_DF_8_12512_70000000572","DF","2014","DEPUTADO ESTADUAL/DISTRITAL","REGINALDO VERAS COELHO","composicao_em_exercicio","https://dados.cl.df.gov.br/dataset/f046427e-51b2-49e8-afe5-945e82b55ce9/resource/43481657-ef9b-42c0-b35c-b256c4957a4f/download/2018-12-quadro-desmonstrativo-de-pessoal.csv","oficial",NA,NA,"portal_casa",TRUE,FALSE,FALSE,"oficial"
"composicao_final_assembleias_fonte_oficial.csv","M2014_DF_8_13013_70000001132","DF","2014","DEPUTADO ESTADUAL/DISTRITAL","RICARDO VALE DA SILVA","composicao_em_exercicio","https://dados.cl.df.gov.br/dataset/f046427e-51b2-49e8-afe5-945e82b55ce9/resource/43481657-ef9b-42c0-b35c-b256c4957a4f/download/2018-12-quadro-desmonstrativo-de-pessoal.csv","oficial",NA,NA,"portal_casa",TRUE,FALSE,FALSE,"oficial"
"composicao_final_assembleias_fonte_oficial.csv","M2014_DF_8_13100_70000001130","DF","2014","DEPUTADO ESTADUAL/DISTRITAL","FRANCISCO DOMINGOS DOS SANTOS","composicao_em_exercicio","https://dados.cl.df.gov.br/dataset/f046427e-51b2-49e8-afe5-945e82b55ce9/resource/43481657-ef9b-42c0-b35c-b256c4957a4f/download/2018-12-quadro-desmonstrativo-de-pessoal.csv","oficial",NA,NA,"portal_casa",TRUE,FALSE,FALSE,"oficial"
"composicao_final_assembleias_fonte_oficial.csv","M2014_DF_8_13222_70000001188","DF","2014","DEPUTADO ESTADUAL/DISTRITAL","WASNY NAKLE DE ROURE","composicao_em_exercicio","https://dados.cl.df.gov.br/dataset/f046427e-51b2-49e8-afe5-945e82b55ce9/resource/43481657-ef9b-42c0-b35c-b256c4957a4f/download/2018-12-quadro-desmonstrativo-de-pessoal.csv","oficial",NA,NA,"portal_casa",TRUE,FALSE,FALSE,"oficial"
"composicao_final_assembleias_fonte_oficial.csv","M2014_DF_8_14014_70000000728","DF","2014","DEPUTADO ESTADUAL/DISTRITAL","CHRISTIANNO NOGUEIRA ARAUJO","composicao_em_exercicio","https://dados.cl.df.gov.br/dataset/f046427e-51b2-49e8-afe5-945e82b55ce9/resource/43481657-ef9b-42c0-b35c-b256c4957a4f/download/2018-12-quadro-desmonstrativo-de-pessoal.csv","oficial",NA,NA,"portal_casa",TRUE,FALSE,FALSE,"oficial"
"composicao_final_assembleias_fonte_oficial.csv","M2014_DF_8_15000_70000000887","DF","2014","DEPUTADO ESTADUAL/DISTRITAL","ROBERIO BANDEIRA DE NEGREIROS FILHO","composicao_em_exercicio","https://dados.cl.df.gov.br/dataset/f046427e-51b2-49e8-afe5-945e82b55ce9/resource/43481657-ef9b-42c0-b35c-b256c4957a4f/download/2018-12-quadro-desmonstrativo-de-pessoal.csv","oficial",NA,NA,"portal_casa",TRUE,FALSE,FALSE,"oficial"
"composicao_final_assembleias_fonte_oficial.csv","M2014_DF_8_15123_70000000884","DF","2014","DEPUTADO ESTADUAL/DISTRITAL","WELLINGTON LUIZ DE SOUZA SILVA","composicao_em_exercicio","https://dados.cl.df.gov.br/dataset/f046427e-51b2-49e8-afe5-945e82b55ce9/resource/43481657-ef9b-42c0-b35c-b256c4957a4f/download/2018-12-quadro-desmonstrativo-de-pessoal.csv","oficial",NA,NA,"portal_casa",TRUE,FALSE,FALSE,"oficial"
"composicao_final_assembleias_fonte_oficial.csv","M2014_DF_8_15222_70000000845","DF","2014","DEPUTADO ESTADUAL/DISTRITAL","RAFAEL CAVALCANTI PRUDENTE","composicao_em_exercicio","https://dados.cl.df.gov.br/dataset/f046427e-51b2-49e8-afe5-945e82b55ce9/resource/43481657-ef9b-42c0-b35c-b256c4957a4f/download/2018-12-quadro-desmonstrativo-de-pessoal.csv","oficial",NA,NA,"portal_casa",TRUE,FALSE,FALSE,"oficial"
"composicao_final_assembleias_fonte_oficial.csv","M2014_DF_8_19123_70000000310","DF","2014","DEPUTADO ESTADUAL/DISTRITAL","RODRIGO GERMANO DELMASSO MARTINS","composicao_em_exercicio","https://dados.cl.df.gov.br/dataset/f046427e-51b2-49e8-afe5-945e82b55ce9/resource/43481657-ef9b-42c0-b35c-b256c4957a4f/download/2018-12-quadro-desmonstrativo-de-pessoal.csv","oficial",NA,NA,"portal_casa",TRUE,FALSE,FALSE,"oficial"
"composicao_final_assembleias_fonte_oficial.csv","M2014_DF_8_22122_70000000685","DF","2014","DEPUTADO ESTADUAL/DISTRITAL","RENATO ANDRADE DOS SANTOS","composicao_em_exercicio","https://dados.cl.df.gov.br/dataset/f046427e-51b2-49e8-afe5-945e82b55ce9/resource/43481657-ef9b-42c0-b35c-b256c4957a4f/download/2018-12-quadro-desmonstrativo-de-pessoal.csv","oficial",NA,NA,"portal_casa",TRUE,FALSE,FALSE,"oficial"
"composicao_final_assembleias_fonte_oficial.csv","M2014_DF_8_28028_70000000047","DF","2014","DEPUTADO ESTADUAL/DISTRITAL","LILIANE MARIA RORIZ","composicao_em_exercicio","https://dados.cl.df.gov.br/dataset/f046427e-51b2-49e8-afe5-945e82b55ce9/resource/43481657-ef9b-42c0-b35c-b256c4957a4f/download/2018-12-quadro-desmonstrativo-de-pessoal.csv","oficial",NA,NA,"portal_casa",TRUE,FALSE,FALSE,"oficial"
"composicao_final_assembleias_fonte_oficial.csv","M2014_DF_8_28123_70000000046","DF","2014","DEPUTADO ESTADUAL/DISTRITAL","JUAREZ CARLOS DE LIMA OLIVEIRA","composicao_em_exercicio","https://dados.cl.df.gov.br/dataset/f046427e-51b2-49e8-afe5-945e82b55ce9/resource/43481657-ef9b-42c0-b35c-b256c4957a4f/download/2018-12-quadro-desmonstrativo-de-pessoal.csv","oficial",NA,NA,"portal_casa",TRUE,FALSE,FALSE,"oficial"
"composicao_final_assembleias_fonte_oficial.csv","M2014_DF_8_31456_70000000116","DF","2014","DEPUTADO ESTADUAL/DISTRITAL","IVONILDO ANTONIO LIRA DE MEDEIROS DA SILVA","composicao_em_exercicio","https://dados.cl.df.gov.br/dataset/f046427e-51b2-49e8-afe5-945e82b55ce9/resource/43481657-ef9b-42c0-b35c-b256c4957a4f/download/2018-12-quadro-desmonstrativo-de-pessoal.csv","oficial",NA,NA,"portal_casa",TRUE,FALSE,FALSE,"oficial"
"composicao_final_assembleias_fonte_oficial.csv","M2014_DF_8_36123_70000000620","DF","2014","DEPUTADO ESTADUAL/DISTRITAL","AGACIEL DA SILVA MAIA","composicao_em_exercicio","https://dados.cl.df.gov.br/dataset/f046427e-51b2-49e8-afe5-945e82b55ce9/resource/43481657-ef9b-42c0-b35c-b256c4957a4f/download/2018-12-quadro-desmonstrativo-de-pessoal.csv","oficial",NA,NA,"portal_casa",TRUE,FALSE,FALSE,"oficial"
"composicao_final_assembleias_fonte_oficial.csv","M2014_DF_8_43123_70000000265","DF","2014","DEPUTADO ESTADUAL/DISTRITAL","ISRAEL MATOS BATISTA","composicao_em_exercicio","https://dados.cl.df.gov.br/dataset/f046427e-51b2-49e8-afe5-945e82b55ce9/resource/43481657-ef9b-42c0-b35c-b256c4957a4f/download/2018-12-quadro-desmonstrativo-de-pessoal.csv","oficial",NA,NA,"portal_casa",TRUE,FALSE,FALSE,"oficial"
"composicao_final_assembleias_fonte_oficial.csv","M2014_DF_8_45678_70000001047","DF","2014","DEPUTADO ESTADUAL/DISTRITAL","RAIMUNDO DA SILVA RIBEIRO NETO","composicao_em_exercicio","https://dados.cl.df.gov.br/dataset/f046427e-51b2-49e8-afe5-945e82b55ce9/resource/43481657-ef9b-42c0-b35c-b256c4957a4f/download/2018-12-quadro-desmonstrativo-de-pessoal.csv","oficial",NA,NA,"portal_casa",TRUE,FALSE,FALSE,"oficial"
"composicao_final_assembleias_fonte_oficial.csv","M2014_DF_8_51456_70000000389","DF","2014","DEPUTADO ESTADUAL/DISTRITAL","LUZIA DE LOURDES MOREIRA DE PAULA","composicao_em_exercicio","https://dados.cl.df.gov.br/dataset/f046427e-51b2-49e8-afe5-945e82b55ce9/resource/43481657-ef9b-42c0-b35c-b256c4957a4f/download/2018-12-quadro-desmonstrativo-de-pessoal.csv","oficial",NA,NA,"portal_casa",TRUE,FALSE,FALSE,"oficial"
"composicao_final_assembleias_fonte_oficial.csv","M2014_DF_8_54444_70000000350","DF","2014","DEPUTADO ESTADUAL/DISTRITAL","TELMA RUFINO ALVES","composicao_em_exercicio","https://dados.cl.df.gov.br/dataset/f046427e-51b2-49e8-afe5-945e82b55ce9/resource/43481657-ef9b-42c0-b35c-b256c4957a4f/download/2018-12-quadro-desmonstrativo-de-pessoal.csv","oficial",NA,NA,"portal_casa",TRUE,FALSE,FALSE,"oficial"
"composicao_final_assembleias_fonte_oficial.csv","M2014_DF_8_77777_70000000543","DF","2014","DEPUTADO ESTADUAL/DISTRITAL","SANDRA FARAJ CAVALCANTE","composicao_em_exercicio","https://dados.cl.df.gov.br/dataset/f046427e-51b2-49e8-afe5-945e82b55ce9/resource/43481657-ef9b-42c0-b35c-b256c4957a4f/download/2018-12-quadro-desmonstrativo-de-pessoal.csv","oficial",NA,NA,"portal_casa",TRUE,FALSE,FALSE,"oficial"
"composicao_final_assembleias_fonte_oficial.csv","M2018_DF_8_10123_70000608909","DF","2018","DEPUTADO ESTADUAL/DISTRITAL","MARCOS MARTINS MACHADO","composicao_em_exercicio","https://dados.cl.df.gov.br/dataset/f046427e-51b2-49e8-afe5-945e82b55ce9/resource/298cde89-6e51-4642-bc94-23a12f13ebf1/download/2022-12-quadro-desmonstrativo-de-pessoal.csv","oficial",NA,NA,"portal_casa",TRUE,FALSE,FALSE,"oficial"
"composicao_final_assembleias_fonte_oficial.csv","M2018_DF_8_10456_70000608912","DF","2018","DEPUTADO ESTADUAL/DISTRITAL","RODRIGO GERMANO DELMASSO MARTINS","composicao_em_exercicio","https://dados.cl.df.gov.br/dataset/f046427e-51b2-49e8-afe5-945e82b55ce9/resource/298cde89-6e51-4642-bc94-23a12f13ebf1/download/2022-12-quadro-desmonstrativo-de-pessoal.csv","oficial",NA,NA,"portal_casa",TRUE,FALSE,FALSE,"oficial"
"composicao_final_assembleias_fonte_oficial.csv","M2018_DF_8_11234_70000601715","DF","2018","DEPUTADO ESTADUAL/DISTRITAL","VALDELINO RODRIGUES BARCELOS","composicao_em_exercicio","https://dados.cl.df.gov.br/dataset/f046427e-51b2-49e8-afe5-945e82b55ce9/resource/298cde89-6e51-4642-bc94-23a12f13ebf1/download/2022-12-quadro-desmonstrativo-de-pessoal.csv","oficial",NA,NA,"portal_casa",TRUE,FALSE,FALSE,"oficial"
"composicao_final_assembleias_fonte_oficial.csv","M2018_DF_8_12123_70000607609","DF","2018","DEPUTADO ESTADUAL/DISTRITAL","FRANCISCO CLAUDIO DE ABRANTES","composicao_em_exercicio","https://dados.cl.df.gov.br/dataset/f046427e-51b2-49e8-afe5-945e82b55ce9/resource/298cde89-6e51-4642-bc94-23a12f13ebf1/download/2022-12-quadro-desmonstrativo-de-pessoal.csv","oficial",NA,NA,"portal_casa",TRUE,FALSE,FALSE,"oficial"
"composicao_final_assembleias_fonte_oficial.csv","M2018_DF_8_12345_70000607617","DF","2018","DEPUTADO ESTADUAL/DISTRITAL","REGINALDO VERAS COELHO","composicao_em_exercicio","https://dados.cl.df.gov.br/dataset/f046427e-51b2-49e8-afe5-945e82b55ce9/resource/298cde89-6e51-4642-bc94-23a12f13ebf1/download/2022-12-quadro-desmonstrativo-de-pessoal.csv","oficial",NA,NA,"portal_casa",TRUE,FALSE,FALSE,"oficial"
"composicao_final_assembleias_fonte_oficial.csv","M2018_DF_8_13100_70000610817","DF","2018","DEPUTADO ESTADUAL/DISTRITAL","FRANCISCO DOMINGOS DOS SANTOS","composicao_em_exercicio","https://dados.cl.df.gov.br/dataset/f046427e-51b2-49e8-afe5-945e82b55ce9/resource/298cde89-6e51-4642-bc94-23a12f13ebf1/download/2022-12-quadro-desmonstrativo-de-pessoal.csv","oficial",NA,NA,"portal_casa",TRUE,FALSE,FALSE,"oficial"
"composicao_final_assembleias_fonte_oficial.csv","M2018_DF_8_13131_70000610807","DF","2018","DEPUTADO ESTADUAL/DISTRITAL","ARLETE AVELAR SAMPAIO","composicao_em_exercicio","https://dados.cl.df.gov.br/dataset/f046427e-51b2-49e8-afe5-945e82b55ce9/resource/298cde89-6e51-4642-bc94-23a12f13ebf1/download/2022-12-quadro-desmonstrativo-de-pessoal.csv","oficial",NA,NA,"portal_casa",TRUE,FALSE,FALSE,"oficial"
"composicao_final_assembleias_fonte_oficial.csv","M2018_DF_8_14900_70000615687","DF","2018","DEPUTADO ESTADUAL/DISTRITAL","JAQUELINE ANGELA DA SILVA","composicao_em_exercicio","https://dados.cl.df.gov.br/dataset/f046427e-51b2-49e8-afe5-945e82b55ce9/resource/298cde89-6e51-4642-bc94-23a12f13ebf1/download/2022-12-quadro-desmonstrativo-de-pessoal.csv","oficial",NA,NA,"portal_casa",TRUE,FALSE,FALSE,"oficial"
"composicao_final_assembleias_fonte_oficial.csv","M2018_DF_8_15222_70000614448","DF","2018","DEPUTADO ESTADUAL/DISTRITAL","RAFAEL CAVALCANTI PRUDENTE","composicao_em_exercicio","https://dados.cl.df.gov.br/dataset/f046427e-51b2-49e8-afe5-945e82b55ce9/resource/298cde89-6e51-4642-bc94-23a12f13ebf1/download/2022-12-quadro-desmonstrativo-de-pessoal.csv","oficial",NA,NA,"portal_casa",TRUE,FALSE,FALSE,"oficial"
"composicao_final_assembleias_fonte_oficial.csv","M2018_DF_8_18061_70000612417","DF","2018","DEPUTADO ESTADUAL/DISTRITAL","LEANDRO ANTONIO GRASS PEIXOTO","composicao_em_exercicio","https://dados.cl.df.gov.br/dataset/f046427e-51b2-49e8-afe5-945e82b55ce9/resource/298cde89-6e51-4642-bc94-23a12f13ebf1/download/2022-12-quadro-desmonstrativo-de-pessoal.csv","oficial",NA,NA,"portal_casa",TRUE,FALSE,FALSE,"oficial"
"composicao_final_assembleias_fonte_oficial.csv","M2018_DF_8_19200_70000614564","DF","2018","DEPUTADO ESTADUAL/DISTRITAL","JORGE VIANA DE SOUSA","composicao_em_exercicio","https://dados.cl.df.gov.br/dataset/f046427e-51b2-49e8-afe5-945e82b55ce9/resource/298cde89-6e51-4642-bc94-23a12f13ebf1/download/2022-12-quadro-desmonstrativo-de-pessoal.csv","oficial",NA,NA,"portal_casa",TRUE,FALSE,FALSE,"oficial"
"composicao_final_assembleias_fonte_oficial.csv","M2018_DF_8_20000_70000627444","DF","2018","DEPUTADO ESTADUAL/DISTRITAL","IOLANDO ALMEIDA DE SOUZA","composicao_em_exercicio","https://dados.cl.df.gov.br/dataset/f046427e-51b2-49e8-afe5-945e82b55ce9/resource/298cde89-6e51-4642-bc94-23a12f13ebf1/download/2022-12-quadro-desmonstrativo-de-pessoal.csv","oficial",NA,NA,"portal_casa",TRUE,FALSE,FALSE,"oficial"
"composicao_final_assembleias_fonte_oficial.csv","M2018_DF_8_22123_70000611641","DF","2018","DEPUTADO ESTADUAL/DISTRITAL","AGACIEL DA SILVA MAIA","composicao_em_exercicio","https://dados.cl.df.gov.br/dataset/f046427e-51b2-49e8-afe5-945e82b55ce9/resource/298cde89-6e51-4642-bc94-23a12f13ebf1/download/2022-12-quadro-desmonstrativo-de-pessoal.csv","oficial",NA,NA,"portal_casa",TRUE,FALSE,FALSE,"oficial"
"composicao_final_assembleias_fonte_oficial.csv","M2018_DF_8_30444_70000602365","DF","2018","DEPUTADO ESTADUAL/DISTRITAL","JULIA LUCY MARQUES ARAUJO","composicao_em_exercicio","https://dados.cl.df.gov.br/dataset/f046427e-51b2-49e8-afe5-945e82b55ce9/resource/298cde89-6e51-4642-bc94-23a12f13ebf1/download/2022-12-quadro-desmonstrativo-de-pessoal.csv","oficial",NA,NA,"portal_casa",TRUE,FALSE,FALSE,"oficial"
"composicao_final_assembleias_fonte_oficial.csv","M2018_DF_8_31190_70000604873","DF","2018","DEPUTADO ESTADUAL/DISTRITAL","JOAO HERMETO DE OLIVEIRA NETO","composicao_em_exercicio","https://dados.cl.df.gov.br/dataset/f046427e-51b2-49e8-afe5-945e82b55ce9/resource/298cde89-6e51-4642-bc94-23a12f13ebf1/download/2022-12-quadro-desmonstrativo-de-pessoal.csv","oficial",NA,NA,"portal_casa",TRUE,FALSE,FALSE,"oficial"
"composicao_final_assembleias_fonte_oficial.csv","M2018_DF_8_36000_70000616373","DF","2018","DEPUTADO ESTADUAL/DISTRITAL","EDUARDO WEYNE PEDROSA","composicao_em_exercicio","https://dados.cl.df.gov.br/dataset/f046427e-51b2-49e8-afe5-945e82b55ce9/resource/298cde89-6e51-4642-bc94-23a12f13ebf1/download/2022-12-quadro-desmonstrativo-de-pessoal.csv","oficial",NA,NA,"portal_casa",TRUE,FALSE,FALSE,"oficial"
"composicao_final_assembleias_fonte_oficial.csv","M2018_DF_8_40193_70000620310","DF","2018","DEPUTADO ESTADUAL/DISTRITAL","ROOSEVELT VILELA PIRES","composicao_em_exercicio","https://dados.cl.df.gov.br/dataset/f046427e-51b2-49e8-afe5-945e82b55ce9/resource/298cde89-6e51-4642-bc94-23a12f13ebf1/download/2022-12-quadro-desmonstrativo-de-pessoal.csv","oficial",NA,NA,"portal_casa",TRUE,FALSE,FALSE,"oficial"
"composicao_final_assembleias_fonte_oficial.csv","M2018_DF_8_44222_70000614991","DF","2018","DEPUTADO ESTADUAL/DISTRITAL","DANIEL XAVIER DONIZET","composicao_em_exercicio","https://dados.cl.df.gov.br/dataset/f046427e-51b2-49e8-afe5-945e82b55ce9/resource/298cde89-6e51-4642-bc94-23a12f13ebf1/download/2022-12-quadro-desmonstrativo-de-pessoal.csv","oficial",NA,NA,"portal_casa",TRUE,FALSE,FALSE,"oficial"
"composicao_final_assembleias_fonte_oficial.csv","M2018_DF_8_50123_70000602732","DF","2018","DEPUTADO ESTADUAL/DISTRITAL","FABIO FELIX SILVEIRA","composicao_em_exercicio","https://dados.cl.df.gov.br/dataset/f046427e-51b2-49e8-afe5-945e82b55ce9/resource/298cde89-6e51-4642-bc94-23a12f13ebf1/download/2022-12-quadro-desmonstrativo-de-pessoal.csv","oficial",NA,NA,"portal_casa",TRUE,FALSE,FALSE,"oficial"
"composicao_final_assembleias_fonte_oficial.csv","M2018_DF_8_55000_70000614552","DF","2018","DEPUTADO ESTADUAL/DISTRITAL","ROBERIO BANDEIRA DE NEGREIROS FILHO","composicao_em_exercicio","https://dados.cl.df.gov.br/dataset/f046427e-51b2-49e8-afe5-945e82b55ce9/resource/298cde89-6e51-4642-bc94-23a12f13ebf1/download/2022-12-quadro-desmonstrativo-de-pessoal.csv","oficial",NA,NA,"portal_casa",TRUE,FALSE,FALSE,"oficial"
"composicao_final_assembleias_fonte_oficial.csv","M2018_DF_8_70200_70000600750","DF","2018","DEPUTADO ESTADUAL/DISTRITAL","REGINALDO ROCHA SARDINHA GOES","composicao_em_exercicio","https://dados.cl.df.gov.br/dataset/f046427e-51b2-49e8-afe5-945e82b55ce9/resource/298cde89-6e51-4642-bc94-23a12f13ebf1/download/2022-12-quadro-desmonstrativo-de-pessoal.csv","oficial",NA,NA,"portal_casa",TRUE,FALSE,FALSE,"oficial"
"composicao_final_assembleias_fonte_oficial.csv","M2018_DF_8_70888_70000600747","DF","2018","DEPUTADO ESTADUAL/DISTRITAL","JOAO ALVES CARDOSO","composicao_em_exercicio","https://dados.cl.df.gov.br/dataset/f046427e-51b2-49e8-afe5-945e82b55ce9/resource/298cde89-6e51-4642-bc94-23a12f13ebf1/download/2022-12-quadro-desmonstrativo-de-pessoal.csv","oficial",NA,NA,"portal_casa",TRUE,FALSE,FALSE,"oficial"
"composicao_final_assembleias_fonte_oficial.csv","M2018_DF_8_90190_70000605604","DF","2018","DEPUTADO ESTADUAL/DISTRITAL","FERNANDO BATISTA FERNANDES","composicao_em_exercicio","https://dados.cl.df.gov.br/dataset/f046427e-51b2-49e8-afe5-945e82b55ce9/resource/298cde89-6e51-4642-bc94-23a12f13ebf1/download/2022-12-quadro-desmonstrativo-de-pessoal.csv","oficial",NA,NA,"portal_casa",TRUE,FALSE,FALSE,"oficial"
"composicao_final_assembleias_fonte_oficial.csv","M1998_ES_7_13456_800000807134561","ES","1998","DEPUTADO ESTADUAL/DISTRITAL","CLAUDIO HUMBERTO VEREZA LODI","composicao_concluiu_mandato","https://www.al.es.gov.br/Transparencia/ListagemServidoresVinculosData?id=000059&situacao=","oficial",NA,NA,"portal_casa",TRUE,FALSE,FALSE,"oficial"
"composicao_final_assembleias_fonte_oficial.csv","M1998_ES_7_15311_800000807153111","ES","1998","DEPUTADO ESTADUAL/DISTRITAL","SERGIO MANOEL NADER BORGES","composicao_concluiu_mandato","https://www.al.es.gov.br/Transparencia/ListagemServidoresVinculosData?id=000092&situacao=","oficial",NA,NA,"portal_casa",TRUE,FALSE,FALSE,"oficial"
"composicao_final_assembleias_fonte_oficial.csv","M2002_ES_7_11000_538","ES","2002","DEPUTADO ESTADUAL/DISTRITAL","REGINALDO ALMEIDA","composicao_em_exercicio","https://www.al.es.gov.br/appdata/anexos_internet/DiariosPDF/2007/DPL______15.01.2007-0003.pdf","oficial",NA,NA,"portal_casa",TRUE,FALSE,FALSE,"oficial"
"composicao_final_assembleias_fonte_oficial.csv","M2002_ES_7_11190_535","ES","2002","DEPUTADO ESTADUAL/DISTRITAL","HERALDO MUSSO","composicao_em_exercicio","https://www.al.es.gov.br/appdata/anexos_internet/DiariosPDF/2007/DPL______15.01.2007-0003.pdf","oficial",NA,NA,"portal_casa",TRUE,FALSE,FALSE,"oficial"
"composicao_final_assembleias_fonte_oficial.csv","M2002_ES_7_11222_541","ES","2002","DEPUTADO ESTADUAL/DISTRITAL","FÁTIMA COUZI","composicao_em_exercicio","https://www.al.es.gov.br/appdata/anexos_internet/DiariosPDF/2007/DPL______15.01.2007-0003.pdf","oficial",NA,NA,"portal_casa",TRUE,FALSE,FALSE,"oficial"
"composicao_final_assembleias_fonte_oficial.csv","M2002_ES_7_12190_321","ES","2002","DEPUTADO ESTADUAL/DISTRITAL","CABO ELSON","composicao_em_exercicio","https://www.al.es.gov.br/appdata/anexos_internet/DiariosPDF/2007/DPL______15.01.2007-0003.pdf","oficial",NA,NA,"portal_casa",TRUE,FALSE,FALSE,"oficial"
"composicao_final_assembleias_fonte_oficial.csv","M2002_ES_7_12345_291","ES","2002","DEPUTADO ESTADUAL/DISTRITAL","SUELI VIDIGAL","composicao_em_exercicio","https://www.al.es.gov.br/appdata/anexos_internet/DiariosPDF/2007/DPL______15.01.2007-0003.pdf","oficial",NA,NA,"portal_casa",TRUE,FALSE,FALSE,"oficial"
"composicao_final_assembleias_fonte_oficial.csv","M2002_ES_7_13021_269","ES","2002","DEPUTADO ESTADUAL/DISTRITAL","CARLOS CASTEGLIONE","composicao_em_exercicio","https://www.al.es.gov.br/appdata/anexos_internet/DiariosPDF/2007/DPL______15.01.2007-0003.pdf","oficial",NA,NA,"portal_casa",TRUE,FALSE,FALSE,"oficial"
"composicao_final_assembleias_fonte_oficial.csv","M2002_ES_7_13213_272","ES","2002","DEPUTADO ESTADUAL/DISTRITAL","BRICE BRAGATO","composicao_em_exercicio","https://www.al.es.gov.br/appdata/anexos_internet/DiariosPDF/2007/DPL______15.01.2007-0003.pdf","oficial",NA,NA,"portal_casa",TRUE,FALSE,FALSE,"oficial"
"composicao_final_assembleias_fonte_oficial.csv","M2002_ES_7_13456_250","ES","2002","DEPUTADO ESTADUAL/DISTRITAL","CLÁUDIO VEREZA","composicao_em_exercicio","https://www.al.es.gov.br/appdata/anexos_internet/DiariosPDF/2007/DPL______15.01.2007-0003.pdf","oficial",NA,NA,"portal_casa",TRUE,FALSE,FALSE,"oficial"
"composicao_final_assembleias_fonte_oficial.csv","M2002_ES_7_14008_208","ES","2002","DEPUTADO ESTADUAL/DISTRITAL","GEOVANI SILVA","composicao_em_exercicio","https://www.al.es.gov.br/appdata/anexos_internet/DiariosPDF/2007/DPL______15.01.2007-0003.pdf","oficial",NA,NA,"portal_casa",TRUE,FALSE,FALSE,"oficial"
"composicao_final_assembleias_fonte_oficial.csv","M2002_ES_7_14444_237","ES","2002","DEPUTADO ESTADUAL/DISTRITAL","EUCLÉRIO SAMPAIO","composicao_em_exercicio","https://www.al.es.gov.br/appdata/anexos_internet/DiariosPDF/2007/DPL______15.01.2007-0003.pdf","oficial",NA,NA,"portal_casa",TRUE,FALSE,FALSE,"oficial"
"composicao_final_assembleias_fonte_oficial.csv","M2002_ES_7_14456_228","ES","2002","DEPUTADO ESTADUAL/DISTRITAL","MARCELO SANTOS","composicao_em_exercicio","https://www.al.es.gov.br/appdata/anexos_internet/DiariosPDF/2007/DPL______15.01.2007-0003.pdf","oficial",NA,NA,"portal_casa",TRUE,FALSE,FALSE,"oficial"
"composicao_final_assembleias_fonte_oficial.csv","M2002_ES_7_15311_499","ES","2002","DEPUTADO ESTADUAL/DISTRITAL","SÉRGIO BORGES","composicao_em_exercicio","https://www.al.es.gov.br/appdata/anexos_internet/DiariosPDF/2007/DPL______15.01.2007-0003.pdf","oficial",NA,NA,"portal_casa",TRUE,FALSE,FALSE,"oficial"
"composicao_final_assembleias_fonte_oficial.csv","M2002_ES_7_20000_76","ES","2002","DEPUTADO ESTADUAL/DISTRITAL","DÉLIO IGLESIAS","composicao_em_exercicio","https://www.al.es.gov.br/appdata/anexos_internet/DiariosPDF/2007/DPL______15.01.2007-0003.pdf","oficial",NA,NA,"portal_casa",TRUE,FALSE,FALSE,"oficial"
"composicao_final_assembleias_fonte_oficial.csv","M2002_ES_7_22333_444","ES","2002","DEPUTADO ESTADUAL/DISTRITAL","ROBSON VAILLANT","composicao_em_exercicio","https://www.al.es.gov.br/appdata/anexos_internet/DiariosPDF/2007/DPL______15.01.2007-0003.pdf","oficial",NA,NA,"portal_casa",TRUE,FALSE,FALSE,"oficial"
"composicao_final_assembleias_fonte_oficial.csv","M2002_ES_7_22800_357","ES","2002","DEPUTADO ESTADUAL/DISTRITAL","CLAUDIO THIAGO","composicao_em_exercicio","https://www.al.es.gov.br/appdata/anexos_internet/DiariosPDF/2007/DPL______15.01.2007-0003.pdf","oficial",NA,NA,"portal_casa",TRUE,FALSE,FALSE,"oficial"
"composicao_final_assembleias_fonte_oficial.csv","M2002_ES_7_23000_42","ES","2002","DEPUTADO ESTADUAL/DISTRITAL","Anselmo Tose","composicao_licenciado","https://www.al.es.gov.br/appdata/anexos_internet/DiariosPDF/2005/DPL______07.06.2005-0009.pdf ; https://www.al.es.gov.br/appdata/anexos_internet/DiariosPDF/2006/DPL______14.11.2006-0021.pdf","oficial",NA,NA,"diario_oficial",TRUE,FALSE,FALSE,"oficial"
"composicao_final_assembleias_fonte_oficial.csv","M2002_ES_7_23456_57","ES","2002","DEPUTADO ESTADUAL/DISTRITAL","CÉSAR COLNAGO","composicao_em_exercicio","https://www.al.es.gov.br/appdata/anexos_internet/DiariosPDF/2007/DPL______15.01.2007-0003.pdf","oficial",NA,NA,"portal_casa",TRUE,FALSE,FALSE,"oficial"
"composicao_final_assembleias_fonte_oficial.csv","M2002_ES_7_25222_412","ES","2002","DEPUTADO ESTADUAL/DISTRITAL","JOSÉ ESMERALDO","composicao_em_exercicio","https://www.al.es.gov.br/appdata/anexos_internet/DiariosPDF/2007/DPL______15.01.2007-0003.pdf","oficial",NA,NA,"portal_casa",TRUE,FALSE,FALSE,"oficial"
"composicao_final_assembleias_fonte_oficial.csv","M2002_ES_7_25555_428","ES","2002","DEPUTADO ESTADUAL/DISTRITAL","ZÉ RAMOS","composicao_em_exercicio","https://www.al.es.gov.br/appdata/anexos_internet/DiariosPDF/2007/DPL______15.01.2007-0003.pdf","oficial",NA,NA,"portal_casa",TRUE,FALSE,FALSE,"oficial"
"composicao_final_assembleias_fonte_oficial.csv","M2002_ES_7_25789_400","ES","2002","DEPUTADO ESTADUAL/DISTRITAL","GILSON GOMES","composicao_licenciado","https://www.al.es.gov.br/appdata/anexos_internet/DiariosPDF/2007/DPL______15.01.2007-0003.pdf","oficial",NA,NA,"portal_casa",TRUE,FALSE,FALSE,"oficial"
"composicao_final_assembleias_fonte_oficial.csv","M2002_ES_7_36333_367","ES","2002","DEPUTADO ESTADUAL/DISTRITAL","JOSÉ TASSO ANDRADE","composicao_em_exercicio","https://www.al.es.gov.br/appdata/anexos_internet/DiariosPDF/2007/DPL______15.01.2007-0003.pdf","oficial",NA,NA,"portal_casa",TRUE,FALSE,FALSE,"oficial"
"composicao_final_assembleias_fonte_oficial.csv","M2002_ES_7_40240_290","ES","2002","DEPUTADO ESTADUAL/DISTRITAL","PAULO FOLETTO","composicao_em_exercicio","https://www.al.es.gov.br/appdata/anexos_internet/DiariosPDF/2007/DPL______15.01.2007-0003.pdf","oficial",NA,NA,"portal_casa",TRUE,FALSE,FALSE,"oficial"
"composicao_final_assembleias_fonte_oficial.csv","M2002_ES_7_40800_346","ES","2002","DEPUTADO ESTADUAL/DISTRITAL","JANETE DE SÁ","composicao_em_exercicio","https://www.al.es.gov.br/appdata/anexos_internet/DiariosPDF/2007/DPL______15.01.2007-0003.pdf","oficial",NA,NA,"portal_casa",TRUE,FALSE,FALSE,"oficial"
"composicao_final_assembleias_fonte_oficial.csv","M2002_ES_7_45123_488","ES","2002","DEPUTADO ESTADUAL/DISTRITAL","MARIAZINHA V. LUCAS","composicao_em_exercicio","https://www.al.es.gov.br/appdata/anexos_internet/DiariosPDF/2007/DPL______15.01.2007-0003.pdf","oficial",NA,NA,"portal_casa",TRUE,FALSE,FALSE,"oficial"
"composicao_final_assembleias_fonte_oficial.csv","M2002_ES_7_45145_489","ES","2002","DEPUTADO ESTADUAL/DISTRITAL","RUDINHO DE SOUZA","composicao_em_exercicio","https://www.al.es.gov.br/appdata/anexos_internet/DiariosPDF/2007/DPL______15.01.2007-0003.pdf","oficial",NA,NA,"portal_casa",TRUE,FALSE,FALSE,"oficial"
"composicao_final_assembleias_fonte_oficial.csv","M2006_ES_7_11000_10561","ES","2006","DEPUTADO ESTADUAL/DISTRITAL","CACAU LORENZONI","composicao_em_exercicio","https://www.al.es.gov.br/appdata/anexos_sptl/frequencia_plenario/FrequenciaPlenario012011.pdf","oficial",NA,NA,"portal_casa",TRUE,FALSE,FALSE,"oficial"
"composicao_final_assembleias_fonte_oficial.csv","M2006_ES_7_12444_10432","ES","2006","DEPUTADO ESTADUAL/DISTRITAL","EUCLÉRIO SAMPAIO","composicao_em_exercicio","https://www.al.es.gov.br/appdata/anexos_sptl/frequencia_plenario/FrequenciaPlenario012011.pdf","oficial",NA,NA,"portal_casa",TRUE,FALSE,FALSE,"oficial"
"composicao_final_assembleias_fonte_oficial.csv","M2006_ES_7_12450_10433","ES","2006","DEPUTADO ESTADUAL/DISTRITAL","APARECIDA DENADAI","composicao_em_exercicio","https://www.al.es.gov.br/appdata/anexos_sptl/frequencia_plenario/FrequenciaPlenario012011.pdf","oficial",NA,NA,"portal_casa",TRUE,FALSE,FALSE,"oficial"
"composicao_final_assembleias_fonte_oficial.csv","M2006_ES_7_12600_10438","ES","2006","DEPUTADO ESTADUAL/DISTRITAL","DA VITÓRIA","composicao_em_exercicio","https://www.al.es.gov.br/appdata/anexos_sptl/frequencia_plenario/FrequenciaPlenario012011.pdf","oficial",NA,NA,"portal_casa",TRUE,FALSE,FALSE,"oficial"
"composicao_final_assembleias_fonte_oficial.csv","M2006_ES_7_12789_10443","ES","2006","DEPUTADO ESTADUAL/DISTRITAL","DOUTOR WOLMAR CAMPOSTRINI","composicao_em_exercicio","https://www.al.es.gov.br/appdata/anexos_sptl/frequencia_plenario/FrequenciaPlenario012011.pdf","oficial",NA,NA,"portal_casa",TRUE,FALSE,FALSE,"oficial"
"composicao_final_assembleias_fonte_oficial.csv","M2006_ES_7_13456_10476","ES","2006","DEPUTADO ESTADUAL/DISTRITAL","CLÁUDIO VEREZA","composicao_em_exercicio","https://www.al.es.gov.br/appdata/anexos_sptl/frequencia_plenario/FrequenciaPlenario012011.pdf","oficial",NA,NA,"portal_casa",TRUE,FALSE,FALSE,"oficial"
"composicao_final_assembleias_fonte_oficial.csv","M2006_ES_7_14100_10190","ES","2006","DEPUTADO ESTADUAL/DISTRITAL","DOUTOR HÉRCULES","composicao_em_exercicio","https://www.al.es.gov.br/appdata/anexos_sptl/frequencia_plenario/FrequenciaPlenario012011.pdf","oficial",NA,NA,"portal_casa",TRUE,FALSE,FALSE,"oficial"
"composicao_final_assembleias_fonte_oficial.csv","M2006_ES_7_14111_10191","ES","2006","DEPUTADO ESTADUAL/DISTRITAL","THEODORICO FERRAÇO","composicao_em_exercicio","https://www.al.es.gov.br/appdata/anexos_sptl/frequencia_plenario/FrequenciaPlenario012011.pdf","oficial",NA,NA,"portal_casa",TRUE,FALSE,FALSE,"oficial"
"composicao_final_assembleias_fonte_oficial.csv","M2006_ES_7_14456_10198","ES","2006","DEPUTADO ESTADUAL/DISTRITAL","MARCELO SANTOS","composicao_em_exercicio","https://www.al.es.gov.br/appdata/anexos_sptl/frequencia_plenario/FrequenciaPlenario012011.pdf","oficial",NA,NA,"portal_casa",TRUE,FALSE,FALSE,"oficial"
"composicao_final_assembleias_fonte_oficial.csv","M2006_ES_7_14500_10199","ES","2006","DEPUTADO ESTADUAL/DISTRITAL","LUZIA TOLEDO","composicao_em_exercicio","https://www.al.es.gov.br/appdata/anexos_sptl/frequencia_plenario/FrequenciaPlenario012011.pdf","oficial",NA,NA,"portal_casa",TRUE,FALSE,FALSE,"oficial"
"composicao_final_assembleias_fonte_oficial.csv","M2006_ES_7_15311_10218","ES","2006","DEPUTADO ESTADUAL/DISTRITAL","SÉRGIO BORGES","composicao_em_exercicio","https://www.al.es.gov.br/appdata/anexos_sptl/frequencia_plenario/FrequenciaPlenario012011.pdf","oficial",NA,NA,"portal_casa",TRUE,FALSE,FALSE,"oficial"
"composicao_final_assembleias_fonte_oficial.csv","M2006_ES_7_15789_10227","ES","2006","DEPUTADO ESTADUAL/DISTRITAL","LUIZ CARLOS MOREIRA","composicao_em_exercicio","https://www.al.es.gov.br/appdata/anexos_sptl/frequencia_plenario/FrequenciaPlenario012011.pdf","oficial",NA,NA,"portal_casa",TRUE,FALSE,FALSE,"oficial"
"composicao_final_assembleias_fonte_oficial.csv","M2006_ES_7_20000_10070","ES","2006","DEPUTADO ESTADUAL/DISTRITAL","REGINALDO ALMEIDA","composicao_em_exercicio","https://www.al.es.gov.br/appdata/anexos_sptl/frequencia_plenario/FrequenciaPlenario012011.pdf","oficial",NA,NA,"portal_casa",TRUE,FALSE,FALSE,"oficial"
"composicao_final_assembleias_fonte_oficial.csv","M2006_ES_7_22000_10390","ES","2006","DEPUTADO ESTADUAL/DISTRITAL","VANDINHO LEITE","composicao_licenciado","https://www.al.es.gov.br/appdata/anexos_sptl/frequencia_plenario/FrequenciaPlenario012011.pdf","oficial",NA,NA,"portal_casa",TRUE,FALSE,FALSE,"oficial"
"composicao_final_assembleias_fonte_oficial.csv","M2006_ES_7_22333_10402","ES","2006","DEPUTADO ESTADUAL/DISTRITAL","ROBSON VAILLANT","composicao_licenciado","https://www.al.es.gov.br/appdata/anexos_sptl/frequencia_plenario/FrequenciaPlenario012011.pdf","oficial",NA,NA,"portal_casa",TRUE,FALSE,FALSE,"oficial"
"composicao_final_assembleias_fonte_oficial.csv","M2006_ES_7_25000_10233","ES","2006","DEPUTADO ESTADUAL/DISTRITAL","ELCIO ALVARES","composicao_em_exercicio","https://www.al.es.gov.br/appdata/anexos_sptl/frequencia_plenario/FrequenciaPlenario012011.pdf","oficial",NA,NA,"portal_casa",TRUE,FALSE,FALSE,"oficial"
"composicao_final_assembleias_fonte_oficial.csv","M2006_ES_7_25179_10238","ES","2006","DEPUTADO ESTADUAL/DISTRITAL","GIULIANNO","composicao_em_exercicio","https://www.al.es.gov.br/appdata/anexos_sptl/frequencia_plenario/FrequenciaPlenario012011.pdf","oficial",NA,NA,"portal_casa",TRUE,FALSE,FALSE,"oficial"
"composicao_final_assembleias_fonte_oficial.csv","M2006_ES_7_25800_10243","ES","2006","DEPUTADO ESTADUAL/DISTRITAL","ATAYDE ARMANI","composicao_em_exercicio","https://www.al.es.gov.br/appdata/anexos_sptl/frequencia_plenario/FrequenciaPlenario012011.pdf","oficial",NA,NA,"portal_casa",TRUE,FALSE,FALSE,"oficial"
"composicao_final_assembleias_fonte_oficial.csv","M2006_ES_7_26123_10314","ES","2006","DEPUTADO ESTADUAL/DISTRITAL","FREITAS","composicao_em_exercicio","https://www.al.es.gov.br/appdata/anexos_sptl/frequencia_plenario/FrequenciaPlenario012011.pdf","oficial",NA,NA,"portal_casa",TRUE,FALSE,FALSE,"oficial"
"composicao_final_assembleias_fonte_oficial.csv","M2006_ES_7_26555_10328","ES","2006","DEPUTADO ESTADUAL/DISTRITAL","DOUTOR RAFAEL FAVATTO","composicao_em_exercicio","https://www.al.es.gov.br/appdata/anexos_sptl/frequencia_plenario/FrequenciaPlenario012011.pdf","oficial",NA,NA,"portal_casa",TRUE,FALSE,FALSE,"oficial"
"composicao_final_assembleias_fonte_oficial.csv","M2006_ES_7_40123_10484","ES","2006","DEPUTADO ESTADUAL/DISTRITAL","RODRIGO CHAMOUN","composicao_em_exercicio","https://www.al.es.gov.br/appdata/anexos_sptl/frequencia_plenario/FrequenciaPlenario012011.pdf","oficial",NA,NA,"portal_casa",TRUE,FALSE,FALSE,"oficial"
"composicao_final_assembleias_fonte_oficial.csv","M2006_ES_7_40240_10487","ES","2006","DEPUTADO ESTADUAL/DISTRITAL","PAULO FOLETTO","composicao_em_exercicio","https://www.al.es.gov.br/appdata/anexos_sptl/frequencia_plenario/FrequenciaPlenario012011.pdf","oficial",NA,NA,"portal_casa",TRUE,FALSE,FALSE,"oficial"
"composicao_final_assembleias_fonte_oficial.csv","M2006_ES_7_40800_10501","ES","2006","DEPUTADO ESTADUAL/DISTRITAL","JANETE DE SÁ","composicao_em_exercicio","https://www.al.es.gov.br/appdata/anexos_sptl/frequencia_plenario/FrequenciaPlenario012011.pdf","oficial",NA,NA,"portal_casa",TRUE,FALSE,FALSE,"oficial"
"composicao_final_assembleias_fonte_oficial.csv","M2006_ES_7_45678_10266","ES","2006","DEPUTADO ESTADUAL/DISTRITAL","CÉSAR COLNAGO","composicao_em_exercicio","https://www.al.es.gov.br/appdata/anexos_sptl/frequencia_plenario/FrequenciaPlenario012011.pdf","oficial",NA,NA,"portal_casa",TRUE,FALSE,FALSE,"oficial"
"composicao_final_assembleias_fonte_oficial.csv","M2006_ES_7_70123_10163","ES","2006","DEPUTADO ESTADUAL/DISTRITAL","WANILDO SARNÁGLIA","composicao_em_exercicio","https://www.al.es.gov.br/appdata/anexos_sptl/frequencia_plenario/FrequenciaPlenario012011.pdf","oficial",NA,NA,"portal_casa",TRUE,FALSE,FALSE,"oficial"
"composicao_final_assembleias_fonte_oficial.csv","M2010_ES_7_12100_80000000563","ES","2010","DEPUTADO ESTADUAL/DISTRITAL","MARIA APARECIDA DE NADAI","composicao_em_exercicio","http://www.al.es.gov.br/appdata/anexos_sptl/transparencia/transparencia_2015.csv ; https://www.al.es.gov.br/Transparencia/ListagemServidoresVinculosData?id=000434&situacao=","oficial",NA,NA,"portal_casa",TRUE,FALSE,FALSE,"oficial"
"composicao_final_assembleias_fonte_oficial.csv","M2010_ES_7_12345_80000000559","ES","2010","DEPUTADO ESTADUAL/DISTRITAL","LUIZ CANDIDO DURAO","composicao_em_exercicio","http://www.al.es.gov.br/appdata/anexos_sptl/transparencia/transparencia_2015.csv ; https://www.al.es.gov.br/Transparencia/ListagemServidoresVinculosData?id=000460&situacao=","oficial",NA,NA,"portal_casa",TRUE,FALSE,FALSE,"oficial"
"composicao_final_assembleias_fonte_oficial.csv","M2010_ES_7_12600_80000000554","ES","2010","DEPUTADO ESTADUAL/DISTRITAL","JOSIAS MARIO DA VITORIA","composicao_em_exercicio","http://www.al.es.gov.br/appdata/anexos_sptl/transparencia/transparencia_2015.csv ; https://www.al.es.gov.br/Transparencia/ListagemServidoresVinculosData?id=000439&situacao=","oficial",NA,NA,"portal_casa",TRUE,FALSE,FALSE,"oficial"
"composicao_final_assembleias_fonte_oficial.csv","M2010_ES_7_13013_80000000518","ES","2010","DEPUTADO ESTADUAL/DISTRITAL","ROBERTO CARLOS TELES BRAGA","composicao_em_exercicio","http://www.al.es.gov.br/appdata/anexos_sptl/transparencia/transparencia_2015.csv ; https://www.al.es.gov.br/Transparencia/ListagemServidoresVinculosData?id=000452&situacao=","oficial",NA,NA,"portal_casa",TRUE,FALSE,FALSE,"oficial"
"composicao_final_assembleias_fonte_oficial.csv","M2010_ES_7_13120_80000000503","ES","2010","DEPUTADO ESTADUAL/DISTRITAL","LUCIA HELENA DORNELLAS","composicao_em_exercicio","http://www.al.es.gov.br/appdata/anexos_sptl/transparencia/transparencia_2015.csv ; https://www.al.es.gov.br/Transparencia/ListagemServidoresVinculosData?id=000459&situacao=","oficial",NA,NA,"portal_casa",TRUE,FALSE,FALSE,"oficial"
"composicao_final_assembleias_fonte_oficial.csv","M2010_ES_7_13130_80000000484","ES","2010","DEPUTADO ESTADUAL/DISTRITAL","GENIVALDO JOSE LIEVORE","composicao_em_exercicio","http://www.al.es.gov.br/appdata/anexos_sptl/transparencia/transparencia_2015.csv ; https://www.al.es.gov.br/Transparencia/ListagemServidoresVinculosData?id=000457&situacao=","oficial",NA,NA,"portal_casa",TRUE,FALSE,FALSE,"oficial"
"composicao_final_assembleias_fonte_oficial.csv","M2010_ES_7_13456_80000000471","ES","2010","DEPUTADO ESTADUAL/DISTRITAL","CLAUDIO HUMBERTO VEREZA LODI","composicao_em_exercicio","http://www.al.es.gov.br/appdata/anexos_sptl/transparencia/transparencia_2015.csv ; https://www.al.es.gov.br/Transparencia/ListagemServidoresVinculosData?id=000059&situacao=","oficial",NA,NA,"portal_casa",TRUE,FALSE,FALSE,"oficial"
"composicao_final_assembleias_fonte_oficial.csv","M2010_ES_7_14014_80000000356","ES","2010","DEPUTADO ESTADUAL/DISTRITAL","JOSE CARLOS ELIAS","composicao_em_exercicio","http://www.al.es.gov.br/appdata/anexos_sptl/transparencia/transparencia_2015.csv ; https://www.al.es.gov.br/Transparencia/ListagemServidoresVinculosData?id=000458&situacao=","oficial",NA,NA,"portal_casa",TRUE,FALSE,FALSE,"oficial"
"composicao_final_assembleias_fonte_oficial.csv","M2010_ES_7_15100_80000000487","ES","2010","DEPUTADO ESTADUAL/DISTRITAL","HERCULES SILVEIRA","composicao_em_exercicio","http://www.al.es.gov.br/appdata/anexos_sptl/transparencia/transparencia_2015.csv ; https://www.al.es.gov.br/Transparencia/ListagemServidoresVinculosData?id=000430&situacao=","oficial",NA,NA,"portal_casa",TRUE,FALSE,FALSE,"oficial"
"composicao_final_assembleias_fonte_oficial.csv","M2010_ES_7_15123_80000000462","ES","2010","DEPUTADO ESTADUAL/DISTRITAL","ALEXANDRE MARCELO COUTINHO SANTOS","composicao_em_exercicio","http://www.al.es.gov.br/appdata/anexos_sptl/transparencia/transparencia_2015.csv ; https://www.al.es.gov.br/Transparencia/ListagemServidoresVinculosData?id=000405&situacao=","oficial",NA,NA,"portal_casa",TRUE,FALSE,FALSE,"oficial"
"composicao_final_assembleias_fonte_oficial.csv","M2010_ES_7_15500_80000000507","ES","2010","DEPUTADO ESTADUAL/DISTRITAL","LUZIA ALVES TOLEDO","composicao_em_exercicio","http://www.al.es.gov.br/appdata/anexos_sptl/transparencia/transparencia_2015.csv ; https://www.al.es.gov.br/Transparencia/ListagemServidoresVinculosData?id=000426&situacao=","oficial",NA,NA,"portal_casa",TRUE,FALSE,FALSE,"oficial"
"composicao_final_assembleias_fonte_oficial.csv","M2010_ES_7_15678_80000000525","ES","2010","DEPUTADO ESTADUAL/DISTRITAL","SOLANGE SIQUEIRA LUBE","composicao_em_exercicio","http://www.al.es.gov.br/appdata/anexos_sptl/transparencia/transparencia_2015.csv ; https://www.al.es.gov.br/Transparencia/ListagemServidoresVinculosData?id=000455&situacao=","oficial",NA,NA,"portal_casa",TRUE,FALSE,FALSE,"oficial"
"composicao_final_assembleias_fonte_oficial.csv","M2010_ES_7_22000_80000000058","ES","2010","DEPUTADO ESTADUAL/DISTRITAL","VANDERSON ALONSO LEITE","composicao_em_exercicio","http://www.al.es.gov.br/appdata/anexos_sptl/transparencia/transparencia_2015.csv ; https://www.al.es.gov.br/Transparencia/ListagemServidoresVinculosData?id=000435&situacao=","oficial",NA,NA,"portal_casa",TRUE,FALSE,FALSE,"oficial"
"composicao_final_assembleias_fonte_oficial.csv","M2010_ES_7_22300_80000000023","ES","2010","DEPUTADO ESTADUAL/DISTRITAL","GILSON DOS SANTOS LOPES FILHO","composicao_em_exercicio","http://www.al.es.gov.br/appdata/anexos_sptl/transparencia/transparencia_2015.csv ; https://www.al.es.gov.br/Transparencia/ListagemServidoresVinculosData?id=000089&situacao=","oficial",NA,NA,"portal_casa",TRUE,FALSE,FALSE,"oficial"
"composicao_final_assembleias_fonte_oficial.csv","M2010_ES_7_22444_80000000026","ES","2010","DEPUTADO ESTADUAL/DISTRITAL","JOSE ESMERALDO DE FREITAS","composicao_em_exercicio","http://www.al.es.gov.br/appdata/anexos_sptl/transparencia/transparencia_2015.csv ; https://www.al.es.gov.br/Transparencia/ListagemServidoresVinculosData?id=000403&situacao=","oficial",NA,NA,"portal_casa",TRUE,FALSE,FALSE,"oficial"
"composicao_final_assembleias_fonte_oficial.csv","M2010_ES_7_25000_80000000404","ES","2010","DEPUTADO ESTADUAL/DISTRITAL","ELCIO ALVARES","composicao_em_exercicio","http://www.al.es.gov.br/appdata/anexos_sptl/transparencia/transparencia_2015.csv ; https://www.al.es.gov.br/Transparencia/ListagemServidoresVinculosData?id=000436&situacao=","oficial",NA,NA,"portal_casa",TRUE,FALSE,FALSE,"oficial"
"composicao_final_assembleias_fonte_oficial.csv","M2010_ES_7_25100_80000000431","ES","2010","DEPUTADO ESTADUAL/DISTRITAL","THEODORICO DE ASSIS FERRACO","composicao_em_exercicio","http://www.al.es.gov.br/appdata/anexos_sptl/transparencia/transparencia_2015.csv ; https://www.al.es.gov.br/Transparencia/ListagemServidoresVinculosData?id=000446&situacao=","oficial",NA,NA,"portal_casa",TRUE,FALSE,FALSE,"oficial"
"composicao_final_assembleias_fonte_oficial.csv","M2010_ES_7_25800_80000000402","ES","2010","DEPUTADO ESTADUAL/DISTRITAL","ATAYDES ANTONIO ARMANI","composicao_em_exercicio","http://www.al.es.gov.br/appdata/anexos_sptl/transparencia/transparencia_2015.csv ; https://www.al.es.gov.br/Transparencia/ListagemServidoresVinculosData?id=000444&situacao=","oficial",NA,NA,"portal_casa",TRUE,FALSE,FALSE,"oficial"
"composicao_final_assembleias_fonte_oficial.csv","M2010_ES_7_40100_80000000499","ES","2010","DEPUTADO ESTADUAL/DISTRITAL","JOSE EUSTAQUIO DE FREITAS","composicao_em_exercicio","http://www.al.es.gov.br/appdata/anexos_sptl/transparencia/transparencia_2015.csv ; https://www.al.es.gov.br/Transparencia/ListagemServidoresVinculosData?id=000429&situacao=","oficial",NA,NA,"portal_casa",TRUE,FALSE,FALSE,"oficial"
"composicao_final_assembleias_fonte_oficial.csv","M2010_ES_7_43123_80000000315","ES","2010","DEPUTADO ESTADUAL/DISTRITAL","SANDRO HELENO GOMES DE SOUZA","composicao_em_exercicio","http://www.al.es.gov.br/appdata/anexos_sptl/transparencia/transparencia_2015.csv ; https://www.al.es.gov.br/Transparencia/ListagemServidoresVinculosData?id=000461&situacao=","oficial",NA,NA,"portal_casa",TRUE,FALSE,FALSE,"oficial"
"composicao_final_assembleias_fonte_oficial.csv","M2010_ES_7_43456_80000000286","ES","2010","DEPUTADO ESTADUAL/DISTRITAL","GILDEVAN ALVES FERNANDES","composicao_em_exercicio","http://www.al.es.gov.br/appdata/anexos_sptl/transparencia/transparencia_2015.csv ; https://www.al.es.gov.br/Transparencia/ListagemServidoresVinculosData?id=000464&situacao=","oficial",NA,NA,"portal_casa",TRUE,FALSE,FALSE,"oficial"
"composicao_final_assembleias_fonte_oficial.csv","M2010_ES_7_44569_80000000220","ES","2010","DEPUTADO ESTADUAL/DISTRITAL","DARY ALVES PAGUNG","composicao_em_exercicio","http://www.al.es.gov.br/appdata/anexos_sptl/transparencia/transparencia_2015.csv ; https://www.al.es.gov.br/Transparencia/ListagemServidoresVinculosData?id=000450&situacao=","oficial",NA,NA,"portal_casa",TRUE,FALSE,FALSE,"oficial"
"composicao_final_assembleias_fonte_oficial.csv","M2014_ES_7_11190_80000000144","ES","2014","DEPUTADO ESTADUAL/DISTRITAL","ERICK CABRAL MUSSO","composicao_em_exercicio","http://www.al.es.gov.br/appdata/anexos_sptl/transparencia/transparencia_2019.csv ; https://www.al.es.gov.br/Transparencia/ListagemServidoresVinculosData?id=000475&situacao=","oficial",NA,NA,"portal_casa",TRUE,FALSE,FALSE,"oficial"
"composicao_final_assembleias_fonte_oficial.csv","M2014_ES_7_12444_80000000372","ES","2014","DEPUTADO ESTADUAL/DISTRITAL","EUCLERIO DE AZEVEDO SAMPAIO JUNIOR","composicao_em_exercicio","http://www.al.es.gov.br/appdata/anexos_sptl/transparencia/transparencia_2019.csv ; https://www.al.es.gov.br/Transparencia/ListagemServidoresVinculosData?id=000407&situacao=","oficial",NA,NA,"portal_casa",TRUE,FALSE,FALSE,"oficial"
"composicao_final_assembleias_fonte_oficial.csv","M2014_ES_7_12600_80000000377","ES","2014","DEPUTADO ESTADUAL/DISTRITAL","JOSIAS MARIO DA VITORIA","composicao_em_exercicio","http://www.al.es.gov.br/appdata/anexos_sptl/transparencia/transparencia_2019.csv ; https://www.al.es.gov.br/Transparencia/ListagemServidoresVinculosData?id=000439&situacao=","oficial",NA,NA,"portal_casa",TRUE,FALSE,FALSE,"oficial"
"composicao_final_assembleias_fonte_oficial.csv","M2014_ES_7_13333_80000000415","ES","2014","DEPUTADO ESTADUAL/DISTRITAL","HONORIO JOSE DE SIQUEIRA","composicao_em_exercicio","http://www.al.es.gov.br/appdata/anexos_sptl/transparencia/transparencia_2019.csv ; https://www.al.es.gov.br/Transparencia/ListagemServidoresVinculosData?id=000470&situacao=","oficial",NA,NA,"portal_casa",TRUE,FALSE,FALSE,"oficial"
"composicao_final_assembleias_fonte_oficial.csv","M2014_ES_7_13690_80000000417","ES","2014","DEPUTADO ESTADUAL/DISTRITAL","JOSE CARLOS NUNES DA SILVA","composicao_em_exercicio","http://www.al.es.gov.br/appdata/anexos_sptl/transparencia/transparencia_2019.csv ; https://www.al.es.gov.br/Transparencia/ListagemServidoresVinculosData?id=000481&situacao=","oficial",NA,NA,"portal_casa",TRUE,FALSE,FALSE,"oficial"
"composicao_final_assembleias_fonte_oficial.csv","M2014_ES_7_15100_80000000653","ES","2014","DEPUTADO ESTADUAL/DISTRITAL","HERCULES SILVEIRA","composicao_em_exercicio","http://www.al.es.gov.br/appdata/anexos_sptl/transparencia/transparencia_2019.csv ; https://www.al.es.gov.br/Transparencia/ListagemServidoresVinculosData?id=000430&situacao=","oficial",NA,NA,"portal_casa",TRUE,FALSE,FALSE,"oficial"
"composicao_final_assembleias_fonte_oficial.csv","M2014_ES_7_15123_80000000651","ES","2014","DEPUTADO ESTADUAL/DISTRITAL","ALEXANDRE MARCELO COUTINHO SANTOS","composicao_em_exercicio","http://www.al.es.gov.br/appdata/anexos_sptl/transparencia/transparencia_2019.csv ; https://www.al.es.gov.br/Transparencia/ListagemServidoresVinculosData?id=000405&situacao=","oficial",NA,NA,"portal_casa",TRUE,FALSE,FALSE,"oficial"
"composicao_final_assembleias_fonte_oficial.csv","M2014_ES_7_15500_80000000656","ES","2014","DEPUTADO ESTADUAL/DISTRITAL","LUZIA ALVES TOLEDO","composicao_em_exercicio","http://www.al.es.gov.br/appdata/anexos_sptl/transparencia/transparencia_2019.csv ; https://www.al.es.gov.br/Transparencia/ListagemServidoresVinculosData?id=000426&situacao=","oficial",NA,NA,"portal_casa",TRUE,FALSE,FALSE,"oficial"
"composicao_final_assembleias_fonte_oficial.csv","M2014_ES_7_22300_80000000018","ES","2014","DEPUTADO ESTADUAL/DISTRITAL","GILSON DOS SANTOS LOPES FILHO","composicao_em_exercicio","http://www.al.es.gov.br/appdata/anexos_sptl/transparencia/transparencia_2019.csv ; https://www.al.es.gov.br/Transparencia/ListagemServidoresVinculosData?id=000089&situacao=","oficial",NA,NA,"portal_casa",TRUE,FALSE,FALSE,"oficial"
"composicao_final_assembleias_fonte_oficial.csv","M2014_ES_7_23000_80000000291","ES","2014","DEPUTADO ESTADUAL/DISTRITAL","AMARO ROCHA NASCIMENTO NETO","composicao_em_exercicio","http://www.al.es.gov.br/appdata/anexos_sptl/transparencia/transparencia_2019.csv ; https://www.al.es.gov.br/Transparencia/ListagemServidoresVinculosData?id=000477&situacao=","oficial",NA,NA,"portal_casa",TRUE,FALSE,FALSE,"oficial"
"composicao_final_assembleias_fonte_oficial.csv","M2014_ES_7_23123_80000000297","ES","2014","DEPUTADO ESTADUAL/DISTRITAL","SANDRO HELENO GOMES DE SOUZA","composicao_em_exercicio","http://www.al.es.gov.br/appdata/anexos_sptl/transparencia/transparencia_2019.csv ; https://www.al.es.gov.br/Transparencia/ListagemServidoresVinculosData?id=000461&situacao=","oficial",NA,NA,"portal_casa",TRUE,FALSE,FALSE,"oficial"
"composicao_final_assembleias_fonte_oficial.csv","M2014_ES_7_25100_80000000692","ES","2014","DEPUTADO ESTADUAL/DISTRITAL","THEODORICO DE ASSIS FERRACO","composicao_em_exercicio","http://www.al.es.gov.br/appdata/anexos_sptl/transparencia/transparencia_2019.csv ; https://www.al.es.gov.br/Transparencia/ListagemServidoresVinculosData?id=000446&situacao=","oficial",NA,NA,"portal_casa",TRUE,FALSE,FALSE,"oficial"
"composicao_final_assembleias_fonte_oficial.csv","M2014_ES_7_28100_80000000197","ES","2014","DEPUTADO ESTADUAL/DISTRITAL","MARCOS BRUNO BASTOS","composicao_em_exercicio","http://www.al.es.gov.br/appdata/anexos_sptl/transparencia/transparencia_2019.csv ; https://www.al.es.gov.br/Transparencia/ListagemServidoresVinculosData?id=000479&situacao=","oficial",NA,NA,"portal_casa",TRUE,FALSE,FALSE,"oficial"
"composicao_final_assembleias_fonte_oficial.csv","M2014_ES_7_33800_80000000336","ES","2014","DEPUTADO ESTADUAL/DISTRITAL","JANETE SANTOS DE SA","composicao_em_exercicio","http://www.al.es.gov.br/appdata/anexos_sptl/transparencia/transparencia_2019.csv ; https://www.al.es.gov.br/Transparencia/ListagemServidoresVinculosData?id=000415&situacao=","oficial",NA,NA,"portal_casa",TRUE,FALSE,FALSE,"oficial"
"composicao_final_assembleias_fonte_oficial.csv","M2014_ES_7_36036_80000000220","ES","2014","DEPUTADO ESTADUAL/DISTRITAL","MARIA ELIANA DADALTO MELO","composicao_em_exercicio","http://www.al.es.gov.br/appdata/anexos_sptl/transparencia/transparencia_2019.csv ; https://www.al.es.gov.br/Transparencia/ListagemServidoresVinculosData?id=000472&situacao=","oficial",NA,NA,"portal_casa",TRUE,FALSE,FALSE,"oficial"
"composicao_final_assembleias_fonte_oficial.csv","M2014_ES_7_40011_80000000300","ES","2014","DEPUTADO ESTADUAL/DISTRITAL","BRUNO LAMAS SILVA","composicao_em_exercicio","http://www.al.es.gov.br/appdata/anexos_sptl/transparencia/transparencia_2019.csv ; https://www.al.es.gov.br/Transparencia/ListagemServidoresVinculosData?id=000476&situacao=","oficial",NA,NA,"portal_casa",TRUE,FALSE,FALSE,"oficial"
"composicao_final_assembleias_fonte_oficial.csv","M2014_ES_7_40100_80000000305","ES","2014","DEPUTADO ESTADUAL/DISTRITAL","JOSE EUSTAQUIO DE FREITAS","composicao_em_exercicio","http://www.al.es.gov.br/appdata/anexos_sptl/transparencia/transparencia_2019.csv ; https://www.al.es.gov.br/Transparencia/ListagemServidoresVinculosData?id=000429&situacao=","oficial",NA,NA,"portal_casa",TRUE,FALSE,FALSE,"oficial"
"composicao_final_assembleias_fonte_oficial.csv","M2014_ES_7_43456_80000000038","ES","2014","DEPUTADO ESTADUAL/DISTRITAL","GILDEVAN ALVES FERNANDES","composicao_em_exercicio","http://www.al.es.gov.br/appdata/anexos_sptl/transparencia/transparencia_2019.csv ; https://www.al.es.gov.br/Transparencia/ListagemServidoresVinculosData?id=000464&situacao=","oficial",NA,NA,"portal_casa",TRUE,FALSE,FALSE,"oficial"
"composicao_final_assembleias_fonte_oficial.csv","M2014_ES_7_44300_80000000612","ES","2014","DEPUTADO ESTADUAL/DISTRITAL","HUDSON SOARES LEAL","composicao_em_exercicio","http://www.al.es.gov.br/appdata/anexos_sptl/transparencia/transparencia_2019.csv ; https://www.al.es.gov.br/Transparencia/ListagemServidoresVinculosData?id=000478&situacao=","oficial",NA,NA,"portal_casa",TRUE,FALSE,FALSE,"oficial"
"composicao_final_assembleias_fonte_oficial.csv","M2014_ES_7_44569_80000000594","ES","2014","DEPUTADO ESTADUAL/DISTRITAL","DARY ALVES PAGUNG","composicao_em_exercicio","http://www.al.es.gov.br/appdata/anexos_sptl/transparencia/transparencia_2019.csv ; https://www.al.es.gov.br/Transparencia/ListagemServidoresVinculosData?id=000450&situacao=","oficial",NA,NA,"portal_casa",TRUE,FALSE,FALSE,"oficial"
"composicao_final_assembleias_fonte_oficial.csv","M2014_ES_7_45456_80000000584","ES","2014","DEPUTADO ESTADUAL/DISTRITAL","SERGIO MAJESKI","composicao_em_exercicio","http://www.al.es.gov.br/appdata/anexos_sptl/transparencia/transparencia_2019.csv ; https://www.al.es.gov.br/Transparencia/ListagemServidoresVinculosData?id=000473&situacao=","oficial",NA,NA,"portal_casa",TRUE,FALSE,FALSE,"oficial"
"composicao_final_assembleias_fonte_oficial.csv","M2014_ES_7_45500_80000000572","ES","2014","DEPUTADO ESTADUAL/DISTRITAL","MARCOS ANTONIO MANSOR","composicao_em_exercicio","http://www.al.es.gov.br/appdata/anexos_sptl/transparencia/transparencia_2019.csv ; https://www.al.es.gov.br/Transparencia/ListagemServidoresVinculosData?id=000468&situacao=","oficial",NA,NA,"portal_casa",TRUE,FALSE,FALSE,"oficial"
"composicao_final_assembleias_fonte_oficial.csv","M2014_ES_7_51555_80000000678","ES","2014","DEPUTADO ESTADUAL/DISTRITAL","RAFAEL FAVATTO GARCIA","composicao_em_exercicio","http://www.al.es.gov.br/appdata/anexos_sptl/transparencia/transparencia_2019.csv ; https://www.al.es.gov.br/Transparencia/ListagemServidoresVinculosData?id=000440&situacao=","oficial",NA,NA,"portal_casa",TRUE,FALSE,FALSE,"oficial"
"composicao_final_assembleias_fonte_oficial.csv","M2014_ES_7_55555_80000000329","ES","2014","DEPUTADO ESTADUAL/DISTRITAL","ENIVALDO EUZEBIO DOS ANJOS","composicao_em_exercicio","http://www.al.es.gov.br/appdata/anexos_sptl/transparencia/transparencia_2019.csv ; https://www.al.es.gov.br/Transparencia/ListagemServidoresVinculosData?id=000061&situacao=","oficial",NA,NA,"portal_casa",TRUE,FALSE,FALSE,"oficial"
"composicao_final_assembleias_fonte_oficial.csv","M2014_ES_7_77333_80000000525","ES","2014","DEPUTADO ESTADUAL/DISTRITAL","RAQUEL FERREIRA MAGESTE LESSA","composicao_em_exercicio","http://www.al.es.gov.br/appdata/anexos_sptl/transparencia/transparencia_2019.csv ; https://www.al.es.gov.br/Transparencia/ListagemServidoresVinculosData?id=000471&situacao=","oficial",NA,NA,"portal_casa",TRUE,FALSE,FALSE,"oficial"
"composicao_final_assembleias_fonte_oficial.csv","M2018_ES_7_10190_80000607507","ES","2018","DEPUTADO ESTADUAL/DISTRITAL","ERICK CABRAL MUSSO","composicao_em_exercicio","https://www.al.es.gov.br/DadosAbertos/RemuneracaoDataParlamentar?ano=2023&matricula=00047501 ; https://www.al.es.gov.br/Transparencia/ListagemServidoresVinculosData?id=000475&situacao=","oficial",NA,NA,"portal_casa",TRUE,FALSE,FALSE,"oficial"
"composicao_final_assembleias_fonte_oficial.csv","M2018_ES_7_10300_80000607509","ES","2018","DEPUTADO ESTADUAL/DISTRITAL","HUDSON SOARES LEAL","composicao_em_exercicio","https://www.al.es.gov.br/DadosAbertos/RemuneracaoDataParlamentar?ano=2023&matricula=00047801 ; https://www.al.es.gov.br/Transparencia/ListagemServidoresVinculosData?id=000478&situacao=","oficial",NA,NA,"portal_casa",TRUE,FALSE,FALSE,"oficial"
"composicao_final_assembleias_fonte_oficial.csv","M2018_ES_7_11011_80000619556","ES","2018","DEPUTADO ESTADUAL/DISTRITAL","RENZO DE VASCONCELOS","composicao_em_exercicio","https://www.al.es.gov.br/DadosAbertos/RemuneracaoDataParlamentar?ano=2023&matricula=00049201 ; https://www.al.es.gov.br/Transparencia/ListagemServidoresVinculosData?id=000492&situacao=","oficial",NA,NA,"portal_casa",TRUE,FALSE,FALSE,"oficial"
"composicao_final_assembleias_fonte_oficial.csv","M2018_ES_7_12123_80000622478","ES","2018","DEPUTADO ESTADUAL/DISTRITAL","ALEXANDRE MARCELO COUTINHO SANTOS","composicao_em_exercicio","https://www.al.es.gov.br/DadosAbertos/RemuneracaoDataParlamentar?ano=2023&matricula=00040501 ; https://www.al.es.gov.br/Transparencia/ListagemServidoresVinculosData?id=000405&situacao=","oficial",NA,NA,"portal_casa",TRUE,FALSE,FALSE,"oficial"
"composicao_final_assembleias_fonte_oficial.csv","M2018_ES_7_13133_80000626755","ES","2018","DEPUTADO ESTADUAL/DISTRITAL","IRINY NICOLAU CORRES LOPES","composicao_em_exercicio","https://www.al.es.gov.br/DadosAbertos/RemuneracaoDataParlamentar?ano=2023&matricula=00048701 ; https://www.al.es.gov.br/Transparencia/ListagemServidoresVinculosData?id=000487&situacao=","oficial",NA,NA,"portal_casa",TRUE,FALSE,FALSE,"oficial"
"composicao_final_assembleias_fonte_oficial.csv","M2018_ES_7_14123_80000627601","ES","2018","DEPUTADO ESTADUAL/DISTRITAL","ADILSON ESPINDULA","composicao_em_exercicio","https://www.al.es.gov.br/DadosAbertos/RemuneracaoDataParlamentar?ano=2023&matricula=00049301 ; https://www.al.es.gov.br/Transparencia/ListagemServidoresVinculosData?id=000493&situacao=","oficial",NA,NA,"portal_casa",TRUE,FALSE,FALSE,"oficial"
"composicao_final_assembleias_fonte_oficial.csv","M2018_ES_7_15100_80000625045","ES","2018","DEPUTADO ESTADUAL/DISTRITAL","HERCULES SILVEIRA","composicao_em_exercicio","https://www.al.es.gov.br/DadosAbertos/RemuneracaoDataParlamentar?ano=2023&matricula=00043001 ; https://www.al.es.gov.br/Transparencia/ListagemServidoresVinculosData?id=000430&situacao=","oficial",NA,NA,"portal_casa",TRUE,FALSE,FALSE,"oficial"
"composicao_final_assembleias_fonte_oficial.csv","M2018_ES_7_15222_80000625044","ES","2018","DEPUTADO ESTADUAL/DISTRITAL","JOSE ESMERALDO DE FREITAS","composicao_em_exercicio","https://www.al.es.gov.br/DadosAbertos/RemuneracaoDataParlamentar?ano=2023&matricula=00040304 ; https://www.al.es.gov.br/Transparencia/ListagemServidoresVinculosData?id=000403&situacao=","oficial",NA,NA,"portal_casa",TRUE,FALSE,FALSE,"oficial"
"composicao_final_assembleias_fonte_oficial.csv","M2018_ES_7_17017_80000607532","ES","2018","DEPUTADO ESTADUAL/DISTRITAL","ADONIAS MARQUES DE ABREU","composicao_em_exercicio","https://www.al.es.gov.br/DadosAbertos/RemuneracaoDataParlamentar?ano=2023&matricula=00048401 ; https://www.al.es.gov.br/Transparencia/ListagemServidoresVinculosData?id=000484&situacao=","oficial",NA,NA,"portal_casa",TRUE,FALSE,FALSE,"oficial"
"composicao_final_assembleias_fonte_oficial.csv","M2018_ES_7_17190_80000607537","ES","2018","DEPUTADO ESTADUAL/DISTRITAL","LUCINIO CASTELO DE ASSUMÇÃO","composicao_em_exercicio","https://www.al.es.gov.br/DadosAbertos/RemuneracaoDataParlamentar?ano=2023&matricula=00049401 ; https://www.al.es.gov.br/Transparencia/ListagemServidoresVinculosData?id=000494&situacao=","oficial",NA,NA,"portal_casa",TRUE,FALSE,FALSE,"oficial"
"composicao_final_assembleias_fonte_oficial.csv","M2018_ES_7_17777_80000607534","ES","2018","DEPUTADO ESTADUAL/DISTRITAL","DANILO BAHIENSE MOREIRA","composicao_em_exercicio","https://www.al.es.gov.br/DadosAbertos/RemuneracaoDataParlamentar?ano=2023&matricula=00048801 ; https://www.al.es.gov.br/Transparencia/ListagemServidoresVinculosData?id=000488&situacao=","oficial",NA,NA,"portal_casa",TRUE,FALSE,FALSE,"oficial"
"composicao_final_assembleias_fonte_oficial.csv","M2018_ES_7_17800_80000607533","ES","2018","DEPUTADO ESTADUAL/DISTRITAL","ALEXANDRE QUINTINO MOREIRA","composicao_em_exercicio","https://www.al.es.gov.br/DadosAbertos/RemuneracaoDataParlamentar?ano=2023&matricula=00048501 ; https://www.al.es.gov.br/Transparencia/ListagemServidoresVinculosData?id=000485&situacao=","oficial",NA,NA,"portal_casa",TRUE,FALSE,FALSE,"oficial"
"composicao_final_assembleias_fonte_oficial.csv","M2018_ES_7_18123_80000624540","ES","2018","DEPUTADO ESTADUAL/DISTRITAL","ALEXANDRE ARAUJO MARÇAL","composicao_em_exercicio","https://www.al.es.gov.br/DadosAbertos/RemuneracaoDataParlamentar?ano=2023&matricula=00048301 ; https://www.al.es.gov.br/Transparencia/ListagemServidoresVinculosData?id=000483&situacao=","oficial",NA,NA,"portal_casa",TRUE,FALSE,FALSE,"oficial"
"composicao_final_assembleias_fonte_oficial.csv","M2018_ES_7_23123_80000619972","ES","2018","DEPUTADO ESTADUAL/DISTRITAL","FABRICIO GANDINE AQUINO","composicao_em_exercicio","https://www.al.es.gov.br/DadosAbertos/RemuneracaoDataParlamentar?ano=2023&matricula=00049001 ; https://www.al.es.gov.br/Transparencia/ListagemServidoresVinculosData?id=000490&situacao=","oficial",NA,NA,"portal_casa",TRUE,FALSE,FALSE,"oficial"
"composicao_final_assembleias_fonte_oficial.csv","M2018_ES_7_25100_80000622509","ES","2018","DEPUTADO ESTADUAL/DISTRITAL","THEODORICO DE ASSIS FERRACO","composicao_em_exercicio","https://www.al.es.gov.br/DadosAbertos/RemuneracaoDataParlamentar?ano=2023&matricula=00044601 ; https://www.al.es.gov.br/Transparencia/ListagemServidoresVinculosData?id=000446&situacao=","oficial",NA,NA,"portal_casa",TRUE,FALSE,FALSE,"oficial"
"composicao_final_assembleias_fonte_oficial.csv","M2018_ES_7_33800_80000624524","ES","2018","DEPUTADO ESTADUAL/DISTRITAL","JANETE SANTOS DE SA","composicao_em_exercicio","https://www.al.es.gov.br/DadosAbertos/RemuneracaoDataParlamentar?ano=2023&matricula=00041502 ; https://www.al.es.gov.br/Transparencia/ListagemServidoresVinculosData?id=000415&situacao=","oficial",NA,NA,"portal_casa",TRUE,FALSE,FALSE,"oficial"
"composicao_final_assembleias_fonte_oficial.csv","M2018_ES_7_40011_80000625547","ES","2018","DEPUTADO ESTADUAL/DISTRITAL","BRUNO LAMAS SILVA","composicao_em_exercicio","https://www.al.es.gov.br/DadosAbertos/RemuneracaoDataParlamentar?ano=2023&matricula=00047601 ; https://www.al.es.gov.br/Transparencia/ListagemServidoresVinculosData?id=000476&situacao=","oficial",NA,NA,"portal_casa",TRUE,FALSE,FALSE,"oficial"
"composicao_final_assembleias_fonte_oficial.csv","M2018_ES_7_40456_80000625539","ES","2018","DEPUTADO ESTADUAL/DISTRITAL","SERGIO MAJESKI","composicao_em_exercicio","https://www.al.es.gov.br/DadosAbertos/RemuneracaoDataParlamentar?ano=2023&matricula=00047301 ; https://www.al.es.gov.br/Transparencia/ListagemServidoresVinculosData?id=000473&situacao=","oficial",NA,NA,"portal_casa",TRUE,FALSE,FALSE,"oficial"
"composicao_final_assembleias_fonte_oficial.csv","M2018_ES_7_43000_80000617542","ES","2018","DEPUTADO ESTADUAL/DISTRITAL","MARCOS ANTONIO FERNANDES GARCIA","composicao_em_exercicio","https://www.al.es.gov.br/DadosAbertos/RemuneracaoDataParlamentar?ano=2023&matricula=00049601 ; https://www.al.es.gov.br/Transparencia/ListagemServidoresVinculosData?id=000496&situacao=","oficial",NA,NA,"portal_casa",TRUE,FALSE,FALSE,"oficial"
"composicao_final_assembleias_fonte_oficial.csv","M2018_ES_7_43043_80000617541","ES","2018","DEPUTADO ESTADUAL/DISTRITAL","LUCIANO MANOEL MACHADO","composicao_em_exercicio","https://www.al.es.gov.br/DadosAbertos/RemuneracaoDataParlamentar?ano=2023&matricula=00048601 ; https://www.al.es.gov.br/Transparencia/ListagemServidoresVinculosData?id=000486&situacao=","oficial",NA,NA,"portal_casa",TRUE,FALSE,FALSE,"oficial"
"composicao_final_assembleias_fonte_oficial.csv","M2018_ES_7_44569_80000624424","ES","2018","DEPUTADO ESTADUAL/DISTRITAL","DARY ALVES PAGUNG","composicao_em_exercicio","https://www.al.es.gov.br/DadosAbertos/RemuneracaoDataParlamentar?ano=2023&matricula=00045001 ; https://www.al.es.gov.br/Transparencia/ListagemServidoresVinculosData?id=000450&situacao=","oficial",NA,NA,"portal_casa",TRUE,FALSE,FALSE,"oficial"
"composicao_final_assembleias_fonte_oficial.csv","M2018_ES_7_45000_80000613537","ES","2018","DEPUTADO ESTADUAL/DISTRITAL","EMILIO MAMERI NETO","composicao_em_exercicio","https://www.al.es.gov.br/DadosAbertos/RemuneracaoDataParlamentar?ano=2023&matricula=00048901 ; https://www.al.es.gov.br/Transparencia/ListagemServidoresVinculosData?id=000489&situacao=","oficial",NA,NA,"portal_casa",TRUE,FALSE,FALSE,"oficial"
"composicao_final_assembleias_fonte_oficial.csv","M2018_ES_7_45500_80000613565","ES","2018","DEPUTADO ESTADUAL/DISTRITAL","MARCOS ANTONIO MANSOR","composicao_em_exercicio","https://www.al.es.gov.br/DadosAbertos/RemuneracaoDataParlamentar?ano=2023&matricula=00046801 ; https://www.al.es.gov.br/Transparencia/ListagemServidoresVinculosData?id=000468&situacao=","oficial",NA,NA,"portal_casa",TRUE,FALSE,FALSE,"oficial"
"composicao_final_assembleias_fonte_oficial.csv","M2018_ES_7_45678_80000613531","ES","2018","DEPUTADO ESTADUAL/DISTRITAL","VANDERSON ALONSO LEITE","composicao_em_exercicio","https://www.al.es.gov.br/DadosAbertos/RemuneracaoDataParlamentar?ano=2023&matricula=00043502 ; https://www.al.es.gov.br/Transparencia/ListagemServidoresVinculosData?id=000435&situacao=","oficial",NA,NA,"portal_casa",TRUE,FALSE,FALSE,"oficial"
"composicao_final_assembleias_fonte_oficial.csv","M2018_ES_7_51555_80000624535","ES","2018","DEPUTADO ESTADUAL/DISTRITAL","RAFAEL FAVATTO GARCIA","composicao_em_exercicio","https://www.al.es.gov.br/DadosAbertos/RemuneracaoDataParlamentar?ano=2023&matricula=00044002 ; https://www.al.es.gov.br/Transparencia/ListagemServidoresVinculosData?id=000440&situacao=","oficial",NA,NA,"portal_casa",TRUE,FALSE,FALSE,"oficial"
"composicao_final_assembleias_fonte_oficial.csv","M2018_ES_7_70333_80000619976","ES","2018","DEPUTADO ESTADUAL/DISTRITAL","CARLOS VON SCHILGEN FERREIRA","composicao_em_exercicio","https://www.al.es.gov.br/DadosAbertos/RemuneracaoDataParlamentar?ano=2023&matricula=00049501 ; https://www.al.es.gov.br/Transparencia/ListagemServidoresVinculosData?id=000495&situacao=","oficial",NA,NA,"portal_casa",TRUE,FALSE,FALSE,"oficial"
"composicao_final_assembleias_fonte_oficial.csv","M2018_ES_7_90333_80000619579","ES","2018","DEPUTADO ESTADUAL/DISTRITAL","RAQUEL FERREIRA MAGESTE LESSA","composicao_em_exercicio","https://www.al.es.gov.br/DadosAbertos/RemuneracaoDataParlamentar?ano=2023&matricula=00047101 ; https://www.al.es.gov.br/Transparencia/ListagemServidoresVinculosData?id=000471&situacao=","oficial",NA,NA,"portal_casa",TRUE,FALSE,FALSE,"oficial"
"composicao_final_assembleias_fonte_oficial.csv","M1998_GO_7_11105_900000907111051","GO","1998","DEPUTADO ESTADUAL/DISTRITAL","Nédio Leite de Assunção","composicao_concluiu_mandato","https://publicacoes.al.go.leg.br/biblioteca/o_legislativo_em_goias_vol1_2edicao.pdf","oficial",NA,NA,"memorial_casa",TRUE,FALSE,FALSE,"oficial"
"composicao_final_assembleias_fonte_oficial.csv","M1998_GO_7_11111_900000907111111","GO","1998","DEPUTADO ESTADUAL/DISTRITAL","Lila Maria Spadoni Lemes","composicao_concluiu_mandato","https://publicacoes.al.go.leg.br/biblioteca/o_legislativo_em_goias_vol1_2edicao.pdf","oficial",NA,NA,"memorial_casa",TRUE,FALSE,FALSE,"oficial"
"composicao_final_assembleias_fonte_oficial.csv","M1998_GO_7_12644_900000907126441","GO","1998","DEPUTADO ESTADUAL/DISTRITAL","Maria Isaura Lemos","composicao_concluiu_mandato","https://publicacoes.al.go.leg.br/biblioteca/o_legislativo_em_goias_vol1_2edicao.pdf","oficial",NA,NA,"memorial_casa",TRUE,FALSE,FALSE,"oficial"
"composicao_final_assembleias_fonte_oficial.csv","M1998_GO_7_13230_900000907132301","GO","1998","DEPUTADO ESTADUAL/DISTRITAL","Rubens Otoni Gomide","composicao_concluiu_mandato","https://publicacoes.al.go.leg.br/biblioteca/o_legislativo_em_goias_vol1_2edicao.pdf","oficial",NA,NA,"memorial_casa",TRUE,FALSE,FALSE,"oficial"
"composicao_final_assembleias_fonte_oficial.csv","M1998_GO_7_15115_900000907151151","GO","1998","DEPUTADO ESTADUAL/DISTRITAL","Onaide Silva Santillo","composicao_concluiu_mandato","https://publicacoes.al.go.leg.br/biblioteca/o_legislativo_em_goias_vol1_2edicao.pdf","oficial",NA,NA,"memorial_casa",TRUE,FALSE,FALSE,"oficial"
"composicao_final_assembleias_fonte_oficial.csv","M1998_GO_7_15116_900000907151161","GO","1998","DEPUTADO ESTADUAL/DISTRITAL","Rogério Carlos Troncoso Chaves","composicao_concluiu_mandato","https://publicacoes.al.go.leg.br/biblioteca/o_legislativo_em_goias_vol1_2edicao.pdf","oficial",NA,NA,"memorial_casa",TRUE,FALSE,FALSE,"oficial"
"composicao_final_assembleias_fonte_oficial.csv","M1998_GO_7_15118_900000907151181","GO","1998","DEPUTADO ESTADUAL/DISTRITAL","Lamis Chedraoui Cosac","composicao_concluiu_mandato","https://publicacoes.al.go.leg.br/biblioteca/o_legislativo_em_goias_vol1_2edicao.pdf","oficial",NA,NA,"memorial_casa",TRUE,FALSE,FALSE,"oficial"
"composicao_final_assembleias_fonte_oficial.csv","M1998_GO_7_15121_900000907151211","GO","1998","DEPUTADO ESTADUAL/DISTRITAL","Antônio Ribeiro Borges","composicao_concluiu_mandato","https://publicacoes.al.go.leg.br/biblioteca/o_legislativo_em_goias_vol1_2edicao.pdf","oficial",NA,NA,"memorial_casa",TRUE,FALSE,FALSE,"oficial"
"composicao_final_assembleias_fonte_oficial.csv","M1998_GO_7_15123_900000907151231","GO","1998","DEPUTADO ESTADUAL/DISTRITAL","José Nelto Lagares das Mercês","composicao_concluiu_mandato","https://publicacoes.al.go.leg.br/biblioteca/o_legislativo_em_goias_vol1_2edicao.pdf","oficial",NA,NA,"memorial_casa",TRUE,FALSE,FALSE,"oficial"
"composicao_final_assembleias_fonte_oficial.csv","M1998_GO_7_15126_900000907151261","GO","1998","DEPUTADO ESTADUAL/DISTRITAL","Maria Roselene Deusdará Cruvinel","composicao_concluiu_mandato","https://publicacoes.al.go.leg.br/biblioteca/o_legislativo_em_goias_vol1_2edicao.pdf","oficial",NA,NA,"memorial_casa",TRUE,FALSE,FALSE,"oficial"
"composicao_final_assembleias_fonte_oficial.csv","M1998_GO_7_15131_900000907151311","GO","1998","DEPUTADO ESTADUAL/DISTRITAL","Marcelo de Araújo Melo","composicao_concluiu_mandato","https://publicacoes.al.go.leg.br/biblioteca/o_legislativo_em_goias_vol1_2edicao.pdf","oficial",NA,NA,"memorial_casa",TRUE,FALSE,FALSE,"oficial"
"composicao_final_assembleias_fonte_oficial.csv","M1998_GO_7_15134_900000907151341","GO","1998","DEPUTADO ESTADUAL/DISTRITAL","Gilberto Batista Naves","composicao_concluiu_mandato","https://publicacoes.al.go.leg.br/biblioteca/o_legislativo_em_goias_vol1_2edicao.pdf","oficial",NA,NA,"memorial_casa",TRUE,FALSE,FALSE,"oficial"
"composicao_final_assembleias_fonte_oficial.csv","M1998_GO_7_15135_900000907151351","GO","1998","DEPUTADO ESTADUAL/DISTRITAL","Nelson Antônio da Silva","composicao_concluiu_mandato","https://publicacoes.al.go.leg.br/biblioteca/o_legislativo_em_goias_vol1_2edicao.pdf","oficial",NA,NA,"memorial_casa",TRUE,FALSE,FALSE,"oficial"
"composicao_final_assembleias_fonte_oficial.csv","M1998_GO_7_15136_900000907151361","GO","1998","DEPUTADO ESTADUAL/DISTRITAL","Liosmar Evaristo Mendanha","composicao_concluiu_mandato","https://publicacoes.al.go.leg.br/biblioteca/o_legislativo_em_goias_vol1_2edicao.pdf","oficial",NA,NA,"memorial_casa",TRUE,FALSE,FALSE,"oficial"
"composicao_final_assembleias_fonte_oficial.csv","M1998_GO_7_15160_900000907151601","GO","1998","DEPUTADO ESTADUAL/DISTRITAL","Geraldo Lemos Scarulles","composicao_concluiu_mandato","https://publicacoes.al.go.leg.br/biblioteca/o_legislativo_em_goias_vol1_2edicao.pdf","oficial",NA,NA,"memorial_casa",TRUE,FALSE,FALSE,"oficial"
"composicao_final_assembleias_fonte_oficial.csv","M1998_GO_7_15170_900000907151701","GO","1998","DEPUTADO ESTADUAL/DISTRITAL","Iram de Almeida Saraiva Júnior","composicao_concluiu_mandato","https://publicacoes.al.go.leg.br/biblioteca/o_legislativo_em_goias_vol1_2edicao.pdf","oficial",NA,NA,"memorial_casa",TRUE,FALSE,FALSE,"oficial"
"composicao_final_assembleias_fonte_oficial.csv","M1998_GO_7_15180_900000907151801","GO","1998","DEPUTADO ESTADUAL/DISTRITAL","Kennedy de Sousa Trindade","composicao_concluiu_mandato","https://publicacoes.al.go.leg.br/biblioteca/o_legislativo_em_goias_vol1_2edicao.pdf","oficial",NA,NA,"memorial_casa",TRUE,FALSE,FALSE,"oficial"
"composicao_final_assembleias_fonte_oficial.csv","M1998_GO_7_15190_900000907151901","GO","1998","DEPUTADO ESTADUAL/DISTRITAL","João Sandes Júnior","composicao_concluiu_mandato","https://publicacoes.al.go.leg.br/biblioteca/o_legislativo_em_goias_vol1_2edicao.pdf","oficial",NA,NA,"memorial_casa",TRUE,FALSE,FALSE,"oficial"
"composicao_final_assembleias_fonte_oficial.csv","M1998_GO_7_18151_900000907181511","GO","1998","DEPUTADO ESTADUAL/DISTRITAL","Afrêni Gonçalves Leite","composicao_concluiu_mandato","https://publicacoes.al.go.leg.br/biblioteca/o_legislativo_em_goias_vol1_2edicao.pdf","oficial",NA,NA,"memorial_casa",TRUE,FALSE,FALSE,"oficial"
"composicao_final_assembleias_fonte_oficial.csv","M1998_GO_7_18181_900000907181811","GO","1998","DEPUTADO ESTADUAL/DISTRITAL","Rosiron Wayne de Oliveira","composicao_licenciado","https://publicacoes.al.go.leg.br/biblioteca/o_legislativo_em_goias_vol1_2edicao.pdf","oficial",NA,NA,"memorial_casa",TRUE,FALSE,FALSE,"oficial"
"composicao_final_assembleias_fonte_oficial.csv","M1998_GO_7_22123_900000907221231","GO","1998","DEPUTADO ESTADUAL/DISTRITAL","Antonino Camilo de Andrade","composicao_concluiu_mandato","https://publicacoes.al.go.leg.br/biblioteca/o_legislativo_em_goias_vol1_2edicao.pdf","oficial",NA,NA,"memorial_casa",TRUE,FALSE,FALSE,"oficial"
"composicao_final_assembleias_fonte_oficial.csv","M1998_GO_7_22144_900000907221441","GO","1998","DEPUTADO ESTADUAL/DISTRITAL","Abdul Hamid Sebba","composicao_concluiu_mandato","https://publicacoes.al.go.leg.br/biblioteca/o_legislativo_em_goias_vol1_2edicao.pdf","oficial",NA,NA,"memorial_casa",TRUE,FALSE,FALSE,"oficial"
"composicao_final_assembleias_fonte_oficial.csv","M1998_GO_7_22200_900000907222001","GO","1998","DEPUTADO ESTADUAL/DISTRITAL","Jardel Sebba","composicao_concluiu_mandato","https://publicacoes.al.go.leg.br/biblioteca/o_legislativo_em_goias_vol1_2edicao.pdf","oficial",NA,NA,"memorial_casa",TRUE,FALSE,FALSE,"oficial"
"composicao_final_assembleias_fonte_oficial.csv","M1998_GO_7_22210_900000907222101","GO","1998","DEPUTADO ESTADUAL/DISTRITAL","Agenor de Castro Curado","composicao_concluiu_mandato","https://publicacoes.al.go.leg.br/biblioteca/o_legislativo_em_goias_vol1_2edicao.pdf","oficial",NA,NA,"memorial_casa",TRUE,FALSE,FALSE,"oficial"
"composicao_final_assembleias_fonte_oficial.csv","M1998_GO_7_25111_900000907251111","GO","1998","DEPUTADO ESTADUAL/DISTRITAL","Jalles Fontoura de Siqueira","composicao_concluiu_mandato","https://publicacoes.al.go.leg.br/biblioteca/o_legislativo_em_goias_vol1_2edicao.pdf","oficial",NA,NA,"memorial_casa",TRUE,FALSE,FALSE,"oficial"
"composicao_final_assembleias_fonte_oficial.csv","M1998_GO_7_25999_900000907259991","GO","1998","DEPUTADO ESTADUAL/DISTRITAL","Célio Antônio da Silveira","composicao_concluiu_mandato","https://publicacoes.al.go.leg.br/biblioteca/o_legislativo_em_goias_vol1_2edicao.pdf","oficial",NA,NA,"memorial_casa",TRUE,FALSE,FALSE,"oficial"
"composicao_final_assembleias_fonte_oficial.csv","M1998_GO_7_41111_900000907411111","GO","1998","DEPUTADO ESTADUAL/DISTRITAL","Lívio Luciano Carneiro de Queiroz","composicao_concluiu_mandato","https://publicacoes.al.go.leg.br/biblioteca/o_legislativo_em_goias_vol1_2edicao.pdf","oficial",NA,NA,"memorial_casa",TRUE,FALSE,FALSE,"oficial"
"composicao_final_assembleias_fonte_oficial.csv","M1998_GO_7_41141_900000907411411","GO","1998","DEPUTADO ESTADUAL/DISTRITAL","Helder Valin Barbosa","composicao_concluiu_mandato","https://publicacoes.al.go.leg.br/biblioteca/o_legislativo_em_goias_vol1_2edicao.pdf","oficial",NA,NA,"memorial_casa",TRUE,FALSE,FALSE,"oficial"
"composicao_final_assembleias_fonte_oficial.csv","M1998_GO_7_45133_900000907451331","GO","1998","DEPUTADO ESTADUAL/DISTRITAL","Samuel Guilsimar de Almeida","composicao_concluiu_mandato","https://publicacoes.al.go.leg.br/biblioteca/o_legislativo_em_goias_vol1_2edicao.pdf","oficial",NA,NA,"memorial_casa",TRUE,FALSE,FALSE,"oficial"
"composicao_final_assembleias_fonte_oficial.csv","M1998_GO_7_45151_900000907451511","GO","1998","DEPUTADO ESTADUAL/DISTRITAL","Honor Cruvinel de Oliveira","composicao_concluiu_mandato","https://publicacoes.al.go.leg.br/biblioteca/o_legislativo_em_goias_vol1_2edicao.pdf","oficial",NA,NA,"memorial_casa",TRUE,FALSE,FALSE,"oficial"
"composicao_final_assembleias_fonte_oficial.csv","M1998_GO_7_45177_900000907451771","GO","1998","DEPUTADO ESTADUAL/DISTRITAL","Benedito Lopes Marinho","composicao_concluiu_mandato","https://publicacoes.al.go.leg.br/biblioteca/o_legislativo_em_goias_vol1_2edicao.pdf","oficial",NA,NA,"memorial_casa",TRUE,FALSE,FALSE,"oficial"
"composicao_final_assembleias_fonte_oficial.csv","M1998_GO_7_65123_900000907651231","GO","1998","DEPUTADO ESTADUAL/DISTRITAL","Denise Aparecida Carvalho","composicao_licenciado","https://publicacoes.al.go.leg.br/biblioteca/o_legislativo_em_goias_vol1_2edicao.pdf","oficial",NA,NA,"memorial_casa",TRUE,FALSE,FALSE,"oficial"
"composicao_final_assembleias_fonte_oficial.csv","M2002_GO_7_11111_791","GO","2002","DEPUTADO ESTADUAL/DISTRITAL","Nédio Leite","composicao_em_exercicio","http://web.archive.org/web/20070117204033/http://www.assembleia.go.gov.br:80/list_dep.asp","oficial",NA,NA,"wayback_portal_casa",TRUE,FALSE,FALSE,"oficial"
"composicao_final_assembleias_fonte_oficial.csv","M2002_GO_7_11116_888","GO","2002","DEPUTADO ESTADUAL/DISTRITAL","Ernesto Roller","composicao_em_exercicio","http://web.archive.org/web/20070117204033/http://www.assembleia.go.gov.br:80/list_dep.asp","oficial",NA,NA,"wayback_portal_casa",TRUE,FALSE,FALSE,"oficial"
"composicao_final_assembleias_fonte_oficial.csv","M2002_GO_7_11500_808","GO","2002","DEPUTADO ESTADUAL/DISTRITAL","Ozair José da Silva","composicao_em_exercicio","http://web.archive.org/web/20070117204033/http://www.assembleia.go.gov.br:80/list_dep.asp","oficial",NA,NA,"wayback_portal_casa",TRUE,FALSE,FALSE,"oficial"
"composicao_final_assembleias_fonte_oficial.csv","M2002_GO_7_12644_751","GO","2002","DEPUTADO ESTADUAL/DISTRITAL","Maria Isaura Lemos","composicao_em_exercicio","http://web.archive.org/web/20070117204033/http://www.assembleia.go.gov.br:80/list_dep.asp","oficial",NA,NA,"wayback_portal_casa",TRUE,FALSE,FALSE,"oficial"
"composicao_final_assembleias_fonte_oficial.csv","M2002_GO_7_13103_541","GO","2002","DEPUTADO ESTADUAL/DISTRITAL","Ivan Ornelas","composicao_em_exercicio","http://web.archive.org/web/20070117204033/http://www.assembleia.go.gov.br:80/list_dep.asp","oficial",NA,NA,"wayback_portal_casa",TRUE,FALSE,FALSE,"oficial"
"composicao_final_assembleias_fonte_oficial.csv","M2002_GO_7_13188_597","GO","2002","DEPUTADO ESTADUAL/DISTRITAL","Luis Cesar Bueno","composicao_em_exercicio","http://web.archive.org/web/20070117204033/http://www.assembleia.go.gov.br:80/list_dep.asp","oficial",NA,NA,"wayback_portal_casa",TRUE,FALSE,FALSE,"oficial"
"composicao_final_assembleias_fonte_oficial.csv","M2002_GO_7_13513_572","GO","2002","DEPUTADO ESTADUAL/DISTRITAL","Paulo Garcia","composicao_em_exercicio","http://web.archive.org/web/20070117204033/http://www.assembleia.go.gov.br:80/list_dep.asp","oficial",NA,NA,"wayback_portal_casa",TRUE,FALSE,FALSE,"oficial"
"composicao_final_assembleias_fonte_oficial.csv","M2002_GO_7_13789_583","GO","2002","DEPUTADO ESTADUAL/DISTRITAL","Mauro Rubem","composicao_em_exercicio","http://web.archive.org/web/20070117204033/http://www.assembleia.go.gov.br:80/list_dep.asp","oficial",NA,NA,"wayback_portal_casa",TRUE,FALSE,FALSE,"oficial"
"composicao_final_assembleias_fonte_oficial.csv","M2002_GO_7_15123_247","GO","2002","DEPUTADO ESTADUAL/DISTRITAL","José Nelto","composicao_em_exercicio","http://web.archive.org/web/20070117204033/http://www.assembleia.go.gov.br:80/list_dep.asp","oficial",NA,NA,"wayback_portal_casa",TRUE,FALSE,FALSE,"oficial"
"composicao_final_assembleias_fonte_oficial.csv","M2002_GO_7_15131_250","GO","2002","DEPUTADO ESTADUAL/DISTRITAL","Marcelo Melo","composicao_em_exercicio","http://web.archive.org/web/20070117204033/http://www.assembleia.go.gov.br:80/list_dep.asp","oficial",NA,NA,"wayback_portal_casa",TRUE,FALSE,FALSE,"oficial"
"composicao_final_assembleias_fonte_oficial.csv","M2002_GO_7_15134_384","GO","2002","DEPUTADO ESTADUAL/DISTRITAL","Mara Naves","composicao_em_exercicio","http://web.archive.org/web/20070117204033/http://www.assembleia.go.gov.br:80/list_dep.asp","oficial",NA,NA,"wayback_portal_casa",TRUE,FALSE,FALSE,"oficial"
"composicao_final_assembleias_fonte_oficial.csv","M2002_GO_7_15135_313","GO","2002","DEPUTADO ESTADUAL/DISTRITAL","Romilton Moraes","composicao_em_exercicio","http://web.archive.org/web/20070117204033/http://www.assembleia.go.gov.br:80/list_dep.asp","oficial",NA,NA,"wayback_portal_casa",TRUE,FALSE,FALSE,"oficial"
"composicao_final_assembleias_fonte_oficial.csv","M2002_GO_7_15151_263","GO","2002","DEPUTADO ESTADUAL/DISTRITAL","Rachel Azeredo","composicao_em_exercicio","http://web.archive.org/web/20070117204033/http://www.assembleia.go.gov.br:80/list_dep.asp","oficial",NA,NA,"wayback_portal_casa",TRUE,FALSE,FALSE,"oficial"
"composicao_final_assembleias_fonte_oficial.csv","M2002_GO_7_15152_281","GO","2002","DEPUTADO ESTADUAL/DISTRITAL","Fernando Netto","composicao_em_exercicio","http://web.archive.org/web/20070117204033/http://www.assembleia.go.gov.br:80/list_dep.asp","oficial",NA,NA,"wayback_portal_casa",TRUE,FALSE,FALSE,"oficial"
"composicao_final_assembleias_fonte_oficial.csv","M2002_GO_7_15170_284","GO","2002","DEPUTADO ESTADUAL/DISTRITAL","Wagner Guimarães","composicao_em_exercicio","http://web.archive.org/web/20070117204033/http://www.assembleia.go.gov.br:80/list_dep.asp","oficial",NA,NA,"wayback_portal_casa",TRUE,FALSE,FALSE,"oficial"
"composicao_final_assembleias_fonte_oficial.csv","M2002_GO_7_18123_689","GO","2002","DEPUTADO ESTADUAL/DISTRITAL","Abdul Sebba","composicao_em_exercicio","http://web.archive.org/web/20070117204033/http://www.assembleia.go.gov.br:80/list_dep.asp","oficial",NA,NA,"wayback_portal_casa",TRUE,FALSE,FALSE,"oficial"
"composicao_final_assembleias_fonte_oficial.csv","M2002_GO_7_22777_1150","GO","2002","DEPUTADO ESTADUAL/DISTRITAL","Walter Inácio do Nascimento","composicao_licenciado","https://publicacoes.al.go.leg.br/biblioteca/o_legislativo_em_goias_vol1_2edicao.pdf","oficial",NA,NA,"memorial_casa",TRUE,FALSE,FALSE,"oficial"
"composicao_final_assembleias_fonte_oficial.csv","M2002_GO_7_23450_606","GO","2002","DEPUTADO ESTADUAL/DISTRITAL","Leandro Sena","composicao_em_exercicio","http://web.archive.org/web/20070117204033/http://www.assembleia.go.gov.br:80/list_dep.asp","oficial",NA,NA,"wayback_portal_casa",TRUE,FALSE,FALSE,"oficial"
"composicao_final_assembleias_fonte_oficial.csv","M2002_GO_7_25456_842","GO","2002","DEPUTADO ESTADUAL/DISTRITAL","Chico Abreu","composicao_em_exercicio","http://web.archive.org/web/20070117204033/http://www.assembleia.go.gov.br:80/list_dep.asp","oficial",NA,NA,"wayback_portal_casa",TRUE,FALSE,FALSE,"oficial"
"composicao_final_assembleias_fonte_oficial.csv","M2002_GO_7_25555_934","GO","2002","DEPUTADO ESTADUAL/DISTRITAL","Nilo Resende","composicao_em_exercicio","http://web.archive.org/web/20070117204033/http://www.assembleia.go.gov.br:80/list_dep.asp","oficial",NA,NA,"wayback_portal_casa",TRUE,FALSE,FALSE,"oficial"
"composicao_final_assembleias_fonte_oficial.csv","M2002_GO_7_27800_327","GO","2002","DEPUTADO ESTADUAL/DISTRITAL","Daniel Goulart","composicao_em_exercicio","http://web.archive.org/web/20070117204033/http://www.assembleia.go.gov.br:80/list_dep.asp","oficial",NA,NA,"wayback_portal_casa",TRUE,FALSE,FALSE,"oficial"
"composicao_final_assembleias_fonte_oficial.csv","M2002_GO_7_40180_207","GO","2002","DEPUTADO ESTADUAL/DISTRITAL","Kennedy Trindade","composicao_em_exercicio","http://web.archive.org/web/20070117204033/http://www.assembleia.go.gov.br:80/list_dep.asp","oficial",NA,NA,"wayback_portal_casa",TRUE,FALSE,FALSE,"oficial"
"composicao_final_assembleias_fonte_oficial.csv","M2002_GO_7_41111_964","GO","2002","DEPUTADO ESTADUAL/DISTRITAL","Livio Luciano","composicao_em_exercicio","http://web.archive.org/web/20070117204033/http://www.assembleia.go.gov.br:80/list_dep.asp","oficial",NA,NA,"wayback_portal_casa",TRUE,FALSE,FALSE,"oficial"
"composicao_final_assembleias_fonte_oficial.csv","M2002_GO_7_44631_642","GO","2002","DEPUTADO ESTADUAL/DISTRITAL","Misael Pereira","composicao_em_exercicio","http://web.archive.org/web/20070117204033/http://www.assembleia.go.gov.br:80/list_dep.asp","oficial",NA,NA,"wayback_portal_casa",TRUE,FALSE,FALSE,"oficial"
"composicao_final_assembleias_fonte_oficial.csv","M2002_GO_7_45121_1209","GO","2002","DEPUTADO ESTADUAL/DISTRITAL","Welington Camargo","composicao_em_exercicio","http://web.archive.org/web/20070117204033/http://www.assembleia.go.gov.br:80/list_dep.asp","oficial",NA,NA,"wayback_portal_casa",TRUE,FALSE,FALSE,"oficial"
"composicao_final_assembleias_fonte_oficial.csv","M2002_GO_7_45133_884","GO","2002","DEPUTADO ESTADUAL/DISTRITAL","Samuel Almeida","composicao_em_exercicio","http://web.archive.org/web/20070117204033/http://www.assembleia.go.gov.br:80/list_dep.asp","oficial",NA,NA,"wayback_portal_casa",TRUE,FALSE,FALSE,"oficial"
"composicao_final_assembleias_fonte_oficial.csv","M2002_GO_7_45222_835","GO","2002","DEPUTADO ESTADUAL/DISTRITAL","Jardel Sebba","composicao_em_exercicio","http://web.archive.org/web/20070117204033/http://www.assembleia.go.gov.br:80/list_dep.asp","oficial",NA,NA,"wayback_portal_casa",TRUE,FALSE,FALSE,"oficial"
"composicao_final_assembleias_fonte_oficial.csv","M2002_GO_7_45321_746","GO","2002","DEPUTADO ESTADUAL/DISTRITAL","Flávia Morais","composicao_em_exercicio","http://web.archive.org/web/20070117204033/http://www.assembleia.go.gov.br:80/list_dep.asp","oficial",NA,NA,"wayback_portal_casa",TRUE,FALSE,FALSE,"oficial"
"composicao_final_assembleias_fonte_oficial.csv","M2002_GO_7_45369_811","GO","2002","DEPUTADO ESTADUAL/DISTRITAL","Laudeni Lemes","composicao_em_exercicio","http://web.archive.org/web/20070117204033/http://www.assembleia.go.gov.br:80/list_dep.asp","oficial",NA,NA,"wayback_portal_casa",TRUE,FALSE,FALSE,"oficial"
"composicao_final_assembleias_fonte_oficial.csv","M2002_GO_7_45555_846","GO","2002","DEPUTADO ESTADUAL/DISTRITAL","Helder Valin","composicao_em_exercicio","http://web.archive.org/web/20070117204033/http://www.assembleia.go.gov.br:80/list_dep.asp","oficial",NA,NA,"wayback_portal_casa",TRUE,FALSE,FALSE,"oficial"
"composicao_final_assembleias_fonte_oficial.csv","M2002_GO_7_45600_878","GO","2002","DEPUTADO ESTADUAL/DISTRITAL","Padre Ferreira","composicao_em_exercicio","http://web.archive.org/web/20070117204033/http://www.assembleia.go.gov.br:80/list_dep.asp","oficial",NA,NA,"wayback_portal_casa",TRUE,FALSE,FALSE,"oficial"
"composicao_final_assembleias_fonte_oficial.csv","M2002_GO_7_45678_738","GO","2002","DEPUTADO ESTADUAL/DISTRITAL","Honor Cruvinel","composicao_em_exercicio","http://web.archive.org/web/20070117204033/http://www.assembleia.go.gov.br:80/list_dep.asp","oficial",NA,NA,"wayback_portal_casa",TRUE,FALSE,FALSE,"oficial"
"composicao_final_assembleias_fonte_oficial.csv","M2002_GO_7_45690_1369","GO","2002","DEPUTADO ESTADUAL/DISTRITAL","Daniel Messac","composicao_em_exercicio","http://web.archive.org/web/20070117204033/http://www.assembleia.go.gov.br:80/list_dep.asp","oficial",NA,NA,"wayback_portal_casa",TRUE,FALSE,FALSE,"oficial"
"composicao_final_assembleias_fonte_oficial.csv","M2002_GO_7_45780_733","GO","2002","DEPUTADO ESTADUAL/DISTRITAL","Iso Moreira","composicao_em_exercicio","http://web.archive.org/web/20070117204033/http://www.assembleia.go.gov.br:80/list_dep.asp","oficial",NA,NA,"wayback_portal_casa",TRUE,FALSE,FALSE,"oficial"
"composicao_final_assembleias_fonte_oficial.csv","M2002_GO_7_65123_557","GO","2002","DEPUTADO ESTADUAL/DISTRITAL","Fábio Tokarski","composicao_em_exercicio","http://web.archive.org/web/20070117204033/http://www.assembleia.go.gov.br:80/list_dep.asp","oficial",NA,NA,"wayback_portal_casa",TRUE,FALSE,FALSE,"oficial"
"composicao_final_assembleias_fonte_oficial.csv","M2006_GO_7_11116_10301","GO","2006","DEPUTADO ESTADUAL/DISTRITAL","ERNESTO ROLLER","composicao_em_exercicio","https://saba.al.go.leg.br/v1/view/transparencia/public/O__exqBdHZS7UKhu7rPRfg==","oficial",NA,NA,"diario_oficial",TRUE,FALSE,FALSE,"oficial"
"composicao_final_assembleias_fonte_oficial.csv","M2006_GO_7_11500_10312","GO","2006","DEPUTADO ESTADUAL/DISTRITAL","OZAIR JOSÉ","composicao_em_exercicio","https://saba.al.go.leg.br/v1/view/transparencia/public/O__exqBdHZS7UKhu7rPRfg==","oficial",NA,NA,"diario_oficial",TRUE,FALSE,FALSE,"oficial"
"composicao_final_assembleias_fonte_oficial.csv","M2006_GO_7_12631_10623","GO","2006","DEPUTADO ESTADUAL/DISTRITAL","MISAEL OLIVEIRA","composicao_em_exercicio","https://saba.al.go.leg.br/v1/view/transparencia/public/O__exqBdHZS7UKhu7rPRfg==","oficial",NA,NA,"diario_oficial",TRUE,FALSE,FALSE,"oficial"
"composicao_final_assembleias_fonte_oficial.csv","M2006_GO_7_12644_10625","GO","2006","DEPUTADO ESTADUAL/DISTRITAL","ISAURA LEMOS","composicao_em_exercicio","https://saba.al.go.leg.br/v1/view/transparencia/public/O__exqBdHZS7UKhu7rPRfg==","oficial",NA,NA,"diario_oficial",TRUE,FALSE,FALSE,"oficial"
"composicao_final_assembleias_fonte_oficial.csv","M2006_GO_7_13188_10196","GO","2006","DEPUTADO ESTADUAL/DISTRITAL","LUIS CESAR BUENO","composicao_em_exercicio","https://saba.al.go.leg.br/v1/view/transparencia/public/O__exqBdHZS7UKhu7rPRfg==","oficial",NA,NA,"diario_oficial",TRUE,FALSE,FALSE,"oficial"
"composicao_final_assembleias_fonte_oficial.csv","M2006_GO_7_13789_10221","GO","2006","DEPUTADO ESTADUAL/DISTRITAL","MAURO RUBEM","composicao_em_exercicio","https://saba.al.go.leg.br/v1/view/transparencia/public/O__exqBdHZS7UKhu7rPRfg==","oficial",NA,NA,"diario_oficial",TRUE,FALSE,FALSE,"oficial"
"composicao_final_assembleias_fonte_oficial.csv","M2006_GO_7_13800_10222","GO","2006","DEPUTADO ESTADUAL/DISTRITAL","HUMBERTO AIDAR","composicao_em_exercicio","https://saba.al.go.leg.br/v1/view/transparencia/public/O__exqBdHZS7UKhu7rPRfg==","oficial",NA,NA,"diario_oficial",TRUE,FALSE,FALSE,"oficial"
"composicao_final_assembleias_fonte_oficial.csv","M2006_GO_7_14014_10458","GO","2006","DEPUTADO ESTADUAL/DISTRITAL","FREI VALDAIR","composicao_em_exercicio","https://saba.al.go.leg.br/v1/view/transparencia/public/O__exqBdHZS7UKhu7rPRfg==","oficial",NA,NA,"diario_oficial",TRUE,FALSE,FALSE,"oficial"
"composicao_final_assembleias_fonte_oficial.csv","M2006_GO_7_14133_10464","GO","2006","DEPUTADO ESTADUAL/DISTRITAL","MARLÚCIO PEREIRA","composicao_em_exercicio","https://saba.al.go.leg.br/v1/view/transparencia/public/O__exqBdHZS7UKhu7rPRfg==","oficial",NA,NA,"diario_oficial",TRUE,FALSE,FALSE,"oficial"
"composicao_final_assembleias_fonte_oficial.csv","M2006_GO_7_14190_10470","GO","2006","DEPUTADO ESTADUAL/DISTRITAL","CORONEL QUEIROZ","composicao_em_exercicio","https://saba.al.go.leg.br/v1/view/transparencia/public/O__exqBdHZS7UKhu7rPRfg==","oficial",NA,NA,"diario_oficial",TRUE,FALSE,FALSE,"oficial"
"composicao_final_assembleias_fonte_oficial.csv","M2006_GO_7_14333_10476","GO","2006","DEPUTADO ESTADUAL/DISTRITAL","CRISTÓVÃO TORMIN","composicao_em_exercicio","https://saba.al.go.leg.br/v1/view/transparencia/public/O__exqBdHZS7UKhu7rPRfg==","oficial",NA,NA,"diario_oficial",TRUE,FALSE,FALSE,"oficial"
"composicao_final_assembleias_fonte_oficial.csv","M2006_GO_7_15007_10531","GO","2006","DEPUTADO ESTADUAL/DISTRITAL","MIGUEL ÂNGELO","composicao_em_exercicio","https://saba.al.go.leg.br/v1/view/transparencia/public/O__exqBdHZS7UKhu7rPRfg==","oficial",NA,NA,"diario_oficial",TRUE,FALSE,FALSE,"oficial"
"composicao_final_assembleias_fonte_oficial.csv","M2006_GO_7_15015_10533","GO","2006","DEPUTADO ESTADUAL/DISTRITAL","SAMUEL BELCHIOR","composicao_em_exercicio","https://saba.al.go.leg.br/v1/view/transparencia/public/O__exqBdHZS7UKhu7rPRfg==","oficial",NA,NA,"diario_oficial",TRUE,FALSE,FALSE,"oficial"
"composicao_final_assembleias_fonte_oficial.csv","M2006_GO_7_15100_10534","GO","2006","DEPUTADO ESTADUAL/DISTRITAL","LUIZ CARLOS DO CARMO","composicao_em_exercicio","https://saba.al.go.leg.br/v1/view/transparencia/public/O__exqBdHZS7UKhu7rPRfg==","oficial",NA,NA,"diario_oficial",TRUE,FALSE,FALSE,"oficial"
"composicao_final_assembleias_fonte_oficial.csv","M2006_GO_7_15111_10535","GO","2006","DEPUTADO ESTADUAL/DISTRITAL","ADRIETE ELIAS","composicao_em_exercicio","https://saba.al.go.leg.br/v1/view/transparencia/public/O__exqBdHZS7UKhu7rPRfg==","oficial",NA,NA,"diario_oficial",TRUE,FALSE,FALSE,"oficial"
"composicao_final_assembleias_fonte_oficial.csv","M2006_GO_7_15134_10542","GO","2006","DEPUTADO ESTADUAL/DISTRITAL","MARA NAVES","composicao_em_exercicio","https://saba.al.go.leg.br/v1/view/transparencia/public/O__exqBdHZS7UKhu7rPRfg==","oficial",NA,NA,"diario_oficial",TRUE,FALSE,FALSE,"oficial"
"composicao_final_assembleias_fonte_oficial.csv","M2006_GO_7_15135_10543","GO","2006","DEPUTADO ESTADUAL/DISTRITAL","ROMILTON MORAES","composicao_em_exercicio","https://saba.al.go.leg.br/v1/view/transparencia/public/O__exqBdHZS7UKhu7rPRfg==","oficial",NA,NA,"diario_oficial",TRUE,FALSE,FALSE,"oficial"
"composicao_final_assembleias_fonte_oficial.csv","M2006_GO_7_15170_10554","GO","2006","DEPUTADO ESTADUAL/DISTRITAL","WAGNER GUIMARÃES","composicao_em_exercicio","https://saba.al.go.leg.br/v1/view/transparencia/public/O__exqBdHZS7UKhu7rPRfg==","oficial",NA,NA,"diario_oficial",TRUE,FALSE,FALSE,"oficial"
"composicao_final_assembleias_fonte_oficial.csv","M2006_GO_7_15601_10580","GO","2006","DEPUTADO ESTADUAL/DISTRITAL","PAULO CEZAR","composicao_em_exercicio","https://saba.al.go.leg.br/v1/view/transparencia/public/O__exqBdHZS7UKhu7rPRfg==","oficial",NA,NA,"diario_oficial",TRUE,FALSE,FALSE,"oficial"
"composicao_final_assembleias_fonte_oficial.csv","M2006_GO_7_15678_10585","GO","2006","DEPUTADO ESTADUAL/DISTRITAL","Thiago Peixoto","composicao_licenciado","https://saba.al.go.leg.br/v1/view/transparencia/public/O__exqBdHZS7UKhu7rPRfg==","oficial",NA,NA,"diario_oficial",TRUE,FALSE,FALSE,"oficial"
"composicao_final_assembleias_fonte_oficial.csv","M2006_GO_7_20223_10641","GO","2006","DEPUTADO ESTADUAL/DISTRITAL","VANUZA VALADARES","composicao_em_exercicio","https://saba.al.go.leg.br/v1/view/transparencia/public/O__exqBdHZS7UKhu7rPRfg==","oficial",NA,NA,"diario_oficial",TRUE,FALSE,FALSE,"oficial"
"composicao_final_assembleias_fonte_oficial.csv","M2006_GO_7_22122_10492","GO","2006","DEPUTADO ESTADUAL/DISTRITAL","ÁLVARO GUIMARÃES","composicao_em_exercicio","https://saba.al.go.leg.br/v1/view/transparencia/public/O__exqBdHZS7UKhu7rPRfg==","oficial",NA,NA,"diario_oficial",TRUE,FALSE,FALSE,"oficial"
"composicao_final_assembleias_fonte_oficial.csv","M2006_GO_7_22222_10498","GO","2006","DEPUTADO ESTADUAL/DISTRITAL","CILENE GUIMARÃES","composicao_em_exercicio","https://saba.al.go.leg.br/v1/view/transparencia/public/O__exqBdHZS7UKhu7rPRfg==","oficial",NA,NA,"diario_oficial",TRUE,FALSE,FALSE,"oficial"
"composicao_final_assembleias_fonte_oficial.csv","M2006_GO_7_22640_10512","GO","2006","DEPUTADO ESTADUAL/DISTRITAL","DOUTOR VALDIR","composicao_em_exercicio","https://saba.al.go.leg.br/v1/view/transparencia/public/O__exqBdHZS7UKhu7rPRfg==","oficial",NA,NA,"diario_oficial",TRUE,FALSE,FALSE,"oficial"
"composicao_final_assembleias_fonte_oficial.csv","M2006_GO_7_22690_10514","GO","2006","DEPUTADO ESTADUAL/DISTRITAL","CLÁUDIO MEIRELLES","composicao_em_exercicio","https://saba.al.go.leg.br/v1/view/transparencia/public/O__exqBdHZS7UKhu7rPRfg==","oficial",NA,NA,"diario_oficial",TRUE,FALSE,FALSE,"oficial"
"composicao_final_assembleias_fonte_oficial.csv","M2006_GO_7_25111_10021","GO","2006","DEPUTADO ESTADUAL/DISTRITAL","HELIO DE SOUSA","composicao_em_exercicio","https://saba.al.go.leg.br/v1/view/transparencia/public/O__exqBdHZS7UKhu7rPRfg==","oficial",NA,NA,"diario_oficial",TRUE,FALSE,FALSE,"oficial"
"composicao_final_assembleias_fonte_oficial.csv","M2006_GO_7_25555_10031","GO","2006","DEPUTADO ESTADUAL/DISTRITAL","NILO RESENDE","composicao_em_exercicio","https://saba.al.go.leg.br/v1/view/transparencia/public/O__exqBdHZS7UKhu7rPRfg==","oficial",NA,NA,"diario_oficial",TRUE,FALSE,FALSE,"oficial"
"composicao_final_assembleias_fonte_oficial.csv","M2006_GO_7_40123_10157","GO","2006","DEPUTADO ESTADUAL/DISTRITAL","BETINHA TEJOTA","composicao_em_exercicio","https://saba.al.go.leg.br/v1/view/transparencia/public/O__exqBdHZS7UKhu7rPRfg==","oficial",NA,NA,"diario_oficial",TRUE,FALSE,FALSE,"oficial"
"composicao_final_assembleias_fonte_oficial.csv","M2006_GO_7_45100_10321","GO","2006","DEPUTADO ESTADUAL/DISTRITAL","TÚLIO ISAC","composicao_em_exercicio","https://saba.al.go.leg.br/v1/view/transparencia/public/O__exqBdHZS7UKhu7rPRfg==","oficial",NA,NA,"diario_oficial",TRUE,FALSE,FALSE,"oficial"
"composicao_final_assembleias_fonte_oficial.csv","M2006_GO_7_45123_10323","GO","2006","DEPUTADO ESTADUAL/DISTRITAL","FÁBIO SOUSA","composicao_em_exercicio","https://saba.al.go.leg.br/v1/view/transparencia/public/O__exqBdHZS7UKhu7rPRfg==","oficial",NA,NA,"diario_oficial",TRUE,FALSE,FALSE,"oficial"
"composicao_final_assembleias_fonte_oficial.csv","M2006_GO_7_45133_10325","GO","2006","DEPUTADO ESTADUAL/DISTRITAL","SAMUEL ALMEIDA","composicao_em_exercicio","https://saba.al.go.leg.br/v1/view/transparencia/public/O__exqBdHZS7UKhu7rPRfg==","oficial",NA,NA,"diario_oficial",TRUE,FALSE,FALSE,"oficial"
"composicao_final_assembleias_fonte_oficial.csv","M2006_GO_7_45222_10329","GO","2006","DEPUTADO ESTADUAL/DISTRITAL","JARDEL SEBBA","composicao_em_exercicio","https://saba.al.go.leg.br/v1/view/transparencia/public/O__exqBdHZS7UKhu7rPRfg==","oficial",NA,NA,"diario_oficial",TRUE,FALSE,FALSE,"oficial"
"composicao_final_assembleias_fonte_oficial.csv","M2006_GO_7_45555_10338","GO","2006","DEPUTADO ESTADUAL/DISTRITAL","HELDER VALIN","composicao_em_exercicio","https://saba.al.go.leg.br/v1/view/transparencia/public/O__exqBdHZS7UKhu7rPRfg==","oficial",NA,NA,"diario_oficial",TRUE,FALSE,FALSE,"oficial"
"composicao_final_assembleias_fonte_oficial.csv","M2006_GO_7_45600_10340","GO","2006","DEPUTADO ESTADUAL/DISTRITAL","PADRE FERREIRA","composicao_em_exercicio","https://saba.al.go.leg.br/v1/view/transparencia/public/O__exqBdHZS7UKhu7rPRfg==","oficial",NA,NA,"diario_oficial",TRUE,FALSE,FALSE,"oficial"
"composicao_final_assembleias_fonte_oficial.csv","M2006_GO_7_45678_10343","GO","2006","DEPUTADO ESTADUAL/DISTRITAL","HONOR CRUVINEL","composicao_em_exercicio","https://saba.al.go.leg.br/v1/view/transparencia/public/O__exqBdHZS7UKhu7rPRfg==","oficial",NA,NA,"diario_oficial",TRUE,FALSE,FALSE,"oficial"
"composicao_final_assembleias_fonte_oficial.csv","M2006_GO_7_45780_10347","GO","2006","DEPUTADO ESTADUAL/DISTRITAL","ISO MOREIRA","composicao_em_exercicio","https://saba.al.go.leg.br/v1/view/transparencia/public/O__exqBdHZS7UKhu7rPRfg==","oficial",NA,NA,"diario_oficial",TRUE,FALSE,FALSE,"oficial"
"composicao_final_assembleias_fonte_oficial.csv","M2006_GO_7_45800_10349","GO","2006","DEPUTADO ESTADUAL/DISTRITAL","DANIEL GOULART","composicao_em_exercicio","https://saba.al.go.leg.br/v1/view/transparencia/public/O__exqBdHZS7UKhu7rPRfg==","oficial",NA,NA,"diario_oficial",TRUE,FALSE,FALSE,"oficial"
"composicao_final_assembleias_fonte_oficial.csv","M2006_GO_7_70123_10400","GO","2006","DEPUTADO ESTADUAL/DISTRITAL","WELLINGTON VALIM","composicao_em_exercicio","https://saba.al.go.leg.br/v1/view/transparencia/public/O__exqBdHZS7UKhu7rPRfg==","oficial",NA,NA,"diario_oficial",TRUE,FALSE,FALSE,"oficial"
"composicao_final_assembleias_fonte_oficial.csv","M2006_GO_7_70170_10404","GO","2006","DEPUTADO ESTADUAL/DISTRITAL","TIÃOZINHO COSTA","composicao_em_exercicio","https://saba.al.go.leg.br/v1/view/transparencia/public/O__exqBdHZS7UKhu7rPRfg==","oficial",NA,NA,"diario_oficial",TRUE,FALSE,FALSE,"oficial"
"composicao_final_assembleias_fonte_oficial.csv","M2010_GO_7_10190_90000000658","GO","2010","DEPUTADO ESTADUAL/DISTRITAL","JUNIO ALVES DE ARAUJO","composicao_em_exercicio","https://transparencia.al.go.leg.br/api/transparencia/remuneracoes?ano=2015&mes=1&vinculo=DEPUTADOS&remuneracao_anterior=true","oficial",NA,NA,"portal_casa",TRUE,FALSE,FALSE,"oficial"
"composicao_final_assembleias_fonte_oficial.csv","M2010_GO_7_12345_90000000263","GO","2010","DEPUTADO ESTADUAL/DISTRITAL","MARIA ISAURA LEMOS","composicao_em_exercicio","https://transparencia.al.go.leg.br/api/transparencia/remuneracoes?ano=2015&mes=1&vinculo=DEPUTADOS&remuneracao_anterior=true","oficial",NA,NA,"portal_casa",TRUE,FALSE,FALSE,"oficial"
"composicao_final_assembleias_fonte_oficial.csv","M2010_GO_7_12640_90000000247","GO","2010","DEPUTADO ESTADUAL/DISTRITAL","JOSE RODRIGUES DE LIMA NETO","composicao_em_exercicio","https://transparencia.al.go.leg.br/api/transparencia/remuneracoes?ano=2015&mes=1&vinculo=DEPUTADOS&remuneracao_anterior=true","oficial",NA,NA,"portal_casa",TRUE,FALSE,FALSE,"oficial"
"composicao_final_assembleias_fonte_oficial.csv","M2010_GO_7_13188_90000000345","GO","2010","DEPUTADO ESTADUAL/DISTRITAL","LUIS CESAR BUENO E FREITAS","composicao_em_exercicio","https://transparencia.al.go.leg.br/api/transparencia/remuneracoes?ano=2015&mes=1&vinculo=DEPUTADOS&remuneracao_anterior=true","oficial",NA,NA,"portal_casa",TRUE,FALSE,FALSE,"oficial"
"composicao_final_assembleias_fonte_oficial.csv","M2010_GO_7_13230_90000000343","GO","2010","DEPUTADO ESTADUAL/DISTRITAL","KARLOS MARCIO VIEIRA CABRAL","composicao_em_exercicio","https://transparencia.al.go.leg.br/api/transparencia/remuneracoes?ano=2015&mes=1&vinculo=DEPUTADOS&remuneracao_anterior=true","oficial",NA,NA,"portal_casa",TRUE,FALSE,FALSE,"oficial"
"composicao_final_assembleias_fonte_oficial.csv","M2010_GO_7_13789_90000000349","GO","2010","DEPUTADO ESTADUAL/DISTRITAL","MAURO RUBEM DE MENEZES JONAS","composicao_em_exercicio","https://transparencia.al.go.leg.br/api/transparencia/remuneracoes?ano=2015&mes=1&vinculo=DEPUTADOS&remuneracao_anterior=true","oficial",NA,NA,"portal_casa",TRUE,FALSE,FALSE,"oficial"
"composicao_final_assembleias_fonte_oficial.csv","M2010_GO_7_13800_90000000341","GO","2010","DEPUTADO ESTADUAL/DISTRITAL","JOSE HUMBERTO AIDAR","composicao_em_exercicio","https://transparencia.al.go.leg.br/api/transparencia/remuneracoes?ano=2015&mes=1&vinculo=DEPUTADOS&remuneracao_anterior=true","oficial",NA,NA,"portal_casa",TRUE,FALSE,FALSE,"oficial"
"composicao_final_assembleias_fonte_oficial.csv","M2010_GO_7_14141_90000000304","GO","2010","DEPUTADO ESTADUAL/DISTRITAL","HENRIQUE PAULISTA ARANTES","composicao_em_exercicio","https://transparencia.al.go.leg.br/api/transparencia/remuneracoes?ano=2015&mes=1&vinculo=DEPUTADOS&remuneracao_anterior=true","oficial",NA,NA,"portal_casa",TRUE,FALSE,FALSE,"oficial"
"composicao_final_assembleias_fonte_oficial.csv","M2010_GO_7_14800_90000000318","GO","2010","DEPUTADO ESTADUAL/DISTRITAL","VALCENOR BRAZ DE QUEIROZ","composicao_em_exercicio","https://transparencia.al.go.leg.br/api/transparencia/remuneracoes?ano=2015&mes=1&vinculo=DEPUTADOS&remuneracao_anterior=true","oficial",NA,NA,"portal_casa",TRUE,FALSE,FALSE,"oficial"
"composicao_final_assembleias_fonte_oficial.csv","M2010_GO_7_15010_90000000682","GO","2010","DEPUTADO ESTADUAL/DISTRITAL","DANIEL ELIAS CARVALHO VILELA","composicao_em_exercicio","https://transparencia.al.go.leg.br/api/transparencia/remuneracoes?ano=2015&mes=1&vinculo=DEPUTADOS&remuneracao_anterior=true","oficial",NA,NA,"portal_casa",TRUE,FALSE,FALSE,"oficial"
"composicao_final_assembleias_fonte_oficial.csv","M2010_GO_7_15015_90000000708","GO","2010","DEPUTADO ESTADUAL/DISTRITAL","SAMUEL PACHECO MOURA BELCHIOR","composicao_em_exercicio","https://transparencia.al.go.leg.br/api/transparencia/remuneracoes?ano=2015&mes=1&vinculo=DEPUTADOS&remuneracao_anterior=true","oficial",NA,NA,"portal_casa",TRUE,FALSE,FALSE,"oficial"
"composicao_final_assembleias_fonte_oficial.csv","M2010_GO_7_15100_90000000694","GO","2010","DEPUTADO ESTADUAL/DISTRITAL","LUIZ CARLOS DO CARMO","composicao_em_exercicio","https://transparencia.al.go.leg.br/api/transparencia/remuneracoes?ano=2015&mes=1&vinculo=DEPUTADOS&remuneracao_anterior=true","oficial",NA,NA,"portal_casa",TRUE,FALSE,FALSE,"oficial"
"composicao_final_assembleias_fonte_oficial.csv","M2010_GO_7_15200_90000000713","GO","2010","DEPUTADO ESTADUAL/DISTRITAL","WOLNEY WAGNER DE SIQUEIRA JUNIOR","composicao_em_exercicio","https://transparencia.al.go.leg.br/api/transparencia/remuneracoes?ano=2015&mes=1&vinculo=DEPUTADOS&remuneracao_anterior=true","oficial",NA,NA,"portal_casa",TRUE,FALSE,FALSE,"oficial"
"composicao_final_assembleias_fonte_oficial.csv","M2010_GO_7_15215_90000000687","GO","2010","DEPUTADO ESTADUAL/DISTRITAL","FRANCISCO RODRIGUES VALE JUNIOR","composicao_em_exercicio","https://transparencia.al.go.leg.br/api/transparencia/remuneracoes?ano=2015&mes=1&vinculo=DEPUTADOS&remuneracao_anterior=true","oficial",NA,NA,"portal_casa",TRUE,FALSE,FALSE,"oficial"
"composicao_final_assembleias_fonte_oficial.csv","M2010_GO_7_15601_90000000702","GO","2010","DEPUTADO ESTADUAL/DISTRITAL","PAULO CEZAR MARTINS","composicao_em_exercicio","https://transparencia.al.go.leg.br/api/transparencia/remuneracoes?ano=2015&mes=1&vinculo=DEPUTADOS&remuneracao_anterior=true","oficial",NA,NA,"portal_casa",TRUE,FALSE,FALSE,"oficial"
"composicao_final_assembleias_fonte_oficial.csv","M2010_GO_7_15700_90000000679","GO","2010","DEPUTADO ESTADUAL/DISTRITAL","BRUNO REGIANY PEIXOTO PIMENTA","composicao_em_exercicio","https://transparencia.al.go.leg.br/api/transparencia/remuneracoes?ano=2015&mes=1&vinculo=DEPUTADOS&remuneracao_anterior=true","oficial",NA,NA,"portal_casa",TRUE,FALSE,FALSE,"oficial"
"composicao_final_assembleias_fonte_oficial.csv","M2010_GO_7_15888_90000000700","GO","2010","DEPUTADO ESTADUAL/DISTRITAL","NELIO FORTUNATO DE OLIVEIRA","composicao_em_exercicio","https://transparencia.al.go.leg.br/api/transparencia/remuneracoes?ano=2015&mes=1&vinculo=DEPUTADOS&remuneracao_anterior=true","oficial",NA,NA,"portal_casa",TRUE,FALSE,FALSE,"oficial"
"composicao_final_assembleias_fonte_oficial.csv","M2010_GO_7_19000_90000000531","GO","2010","DEPUTADO ESTADUAL/DISTRITAL","FRANCISCO ANTONIO DE CARVALHO GEDDA","composicao_em_exercicio","https://transparencia.al.go.leg.br/api/transparencia/remuneracoes?ano=2015&mes=1&vinculo=DEPUTADOS&remuneracao_anterior=true","oficial",NA,NA,"portal_casa",TRUE,FALSE,FALSE,"oficial"
"composicao_final_assembleias_fonte_oficial.csv","M2010_GO_7_19456_90000000532","GO","2010","DEPUTADO ESTADUAL/DISTRITAL","FREDERICO FONSECA NASCIMENTO","composicao_em_exercicio","https://transparencia.al.go.leg.br/api/transparencia/remuneracoes?ano=2015&mes=1&vinculo=DEPUTADOS&remuneracao_anterior=true","oficial",NA,NA,"portal_casa",TRUE,FALSE,FALSE,"oficial"
"composicao_final_assembleias_fonte_oficial.csv","M2010_GO_7_20013_90000000229","GO","2010","DEPUTADO ESTADUAL/DISTRITAL","CARLOS ANTONIO DE SOUSA COSTA","composicao_em_exercicio","https://transparencia.al.go.leg.br/api/transparencia/remuneracoes?ano=2015&mes=1&vinculo=DEPUTADOS&remuneracao_anterior=true","oficial",NA,NA,"portal_casa",TRUE,FALSE,FALSE,"oficial"
"composicao_final_assembleias_fonte_oficial.csv","M2010_GO_7_22122_90000000514","GO","2010","DEPUTADO ESTADUAL/DISTRITAL","ALVARO SOARES GUIMARAES","composicao_em_exercicio","https://transparencia.al.go.leg.br/api/transparencia/remuneracoes?ano=2015&mes=1&vinculo=DEPUTADOS&remuneracao_anterior=true","oficial",NA,NA,"portal_casa",TRUE,FALSE,FALSE,"oficial"
"composicao_final_assembleias_fonte_oficial.csv","M2010_GO_7_22456_90000000483","GO","2010","DEPUTADO ESTADUAL/DISTRITAL","ADEMIR DE OLIVEIRA MENEZES","composicao_em_exercicio","https://transparencia.al.go.leg.br/api/transparencia/remuneracoes?ano=2015&mes=1&vinculo=DEPUTADOS&remuneracao_anterior=true","oficial",NA,NA,"portal_casa",TRUE,FALSE,FALSE,"oficial"
"composicao_final_assembleias_fonte_oficial.csv","M2010_GO_7_22690_90000000492","GO","2010","DEPUTADO ESTADUAL/DISTRITAL","CLAUDIO OLINTO MEIRELLES","composicao_em_exercicio","https://transparencia.al.go.leg.br/api/transparencia/remuneracoes?ano=2015&mes=1&vinculo=DEPUTADOS&remuneracao_anterior=true","oficial",NA,NA,"portal_casa",TRUE,FALSE,FALSE,"oficial"
"composicao_final_assembleias_fonte_oficial.csv","M2010_GO_7_23145_90000000725","GO","2010","DEPUTADO ESTADUAL/DISTRITAL","JOAQUIM ALVES DE CASTRO NETO","composicao_licenciado","https://transparencia.al.go.leg.br/api/transparencia/remuneracoes?ano=2015&mes=1&vinculo=DEPUTADOS&remuneracao_anterior=true","oficial",NA,NA,"portal_casa",TRUE,FALSE,FALSE,"oficial"
"composicao_final_assembleias_fonte_oficial.csv","M2010_GO_7_25111_90000000051","GO","2010","DEPUTADO ESTADUAL/DISTRITAL","HELIO ANTONIO DE SOUSA","composicao_em_exercicio","https://transparencia.al.go.leg.br/api/transparencia/remuneracoes?ano=2015&mes=1&vinculo=DEPUTADOS&remuneracao_anterior=true","oficial",NA,NA,"portal_casa",TRUE,FALSE,FALSE,"oficial"
"composicao_final_assembleias_fonte_oficial.csv","M2010_GO_7_28123_90000000651","GO","2010","DEPUTADO ESTADUAL/DISTRITAL","JOSE ANTONIO VITTI","composicao_em_exercicio","https://transparencia.al.go.leg.br/api/transparencia/remuneracoes?ano=2015&mes=1&vinculo=DEPUTADOS&remuneracao_anterior=true","oficial",NA,NA,"portal_casa",TRUE,FALSE,FALSE,"oficial"
"composicao_final_assembleias_fonte_oficial.csv","M2010_GO_7_33789_90000000015","GO","2010","DEPUTADO ESTADUAL/DISTRITAL","ELIAS MONTEIRO LIMA","composicao_em_exercicio","https://transparencia.al.go.leg.br/api/transparencia/remuneracoes?ano=2015&mes=1&vinculo=DEPUTADOS&remuneracao_anterior=true","oficial",NA,NA,"portal_casa",TRUE,FALSE,FALSE,"oficial"
"composicao_final_assembleias_fonte_oficial.csv","M2010_GO_7_45100_90000000073","GO","2010","DEPUTADO ESTADUAL/DISTRITAL","TULIO ISAC CARNEIRO","composicao_em_exercicio","https://transparencia.al.go.leg.br/api/transparencia/remuneracoes?ano=2015&mes=1&vinculo=DEPUTADOS&remuneracao_anterior=true","oficial",NA,NA,"portal_casa",TRUE,FALSE,FALSE,"oficial"
"composicao_final_assembleias_fonte_oficial.csv","M2010_GO_7_45123_90000000048","GO","2010","DEPUTADO ESTADUAL/DISTRITAL","FABIO FERNANDES DE SOUSA","composicao_em_exercicio","https://transparencia.al.go.leg.br/api/transparencia/remuneracoes?ano=2015&mes=1&vinculo=DEPUTADOS&remuneracao_anterior=true","oficial",NA,NA,"portal_casa",TRUE,FALSE,FALSE,"oficial"
"composicao_final_assembleias_fonte_oficial.csv","M2010_GO_7_45645_90000000072","GO","2010","DEPUTADO ESTADUAL/DISTRITAL","SONIA CHAVES DE FREITAS CARVALHO NASCIMENTO","composicao_em_exercicio","https://transparencia.al.go.leg.br/api/transparencia/remuneracoes?ano=2015&mes=1&vinculo=DEPUTADOS&remuneracao_anterior=true","oficial",NA,NA,"portal_casa",TRUE,FALSE,FALSE,"oficial"
"composicao_final_assembleias_fonte_oficial.csv","M2010_GO_7_45690_90000000042","GO","2010","DEPUTADO ESTADUAL/DISTRITAL","DANIEL MESSAC DE MORAIS","composicao_em_exercicio","https://transparencia.al.go.leg.br/api/transparencia/remuneracoes?ano=2015&mes=1&vinculo=DEPUTADOS&remuneracao_anterior=true","oficial",NA,NA,"portal_casa",TRUE,FALSE,FALSE,"oficial"
"composicao_final_assembleias_fonte_oficial.csv","M2010_GO_7_45780_90000000039","GO","2010","DEPUTADO ESTADUAL/DISTRITAL","ALOISIO MOREIRA DOS SANTOS","composicao_em_exercicio","https://transparencia.al.go.leg.br/api/transparencia/remuneracoes?ano=2015&mes=1&vinculo=DEPUTADOS&remuneracao_anterior=true","oficial",NA,NA,"portal_casa",TRUE,FALSE,FALSE,"oficial"
"composicao_final_assembleias_fonte_oficial.csv","M2010_GO_7_70777_90000000729","GO","2010","DEPUTADO ESTADUAL/DISTRITAL","LINCOLN GRAZIANI PEREIRA DA ROCHA","composicao_em_exercicio","https://transparencia.al.go.leg.br/api/transparencia/remuneracoes?ano=2015&mes=1&vinculo=DEPUTADOS&remuneracao_anterior=true","oficial",NA,NA,"portal_casa",TRUE,FALSE,FALSE,"oficial"
"composicao_final_assembleias_fonte_oficial.csv","M2014_GO_7_10123_90000000573","GO","2014","DEPUTADO ESTADUAL/DISTRITAL","JEFERSON RODRIGUES LEMOS","composicao_em_exercicio","https://transparencia.al.go.leg.br/api/transparencia/remuneracoes?ano=2019&mes=1&vinculo=DEPUTADOS&remuneracao_anterior=true","oficial",NA,NA,"portal_casa",TRUE,FALSE,FALSE,"oficial"
"composicao_final_assembleias_fonte_oficial.csv","M2014_GO_7_12012_90000000372","GO","2014","DEPUTADO ESTADUAL/DISTRITAL","ANTONIO CARLOS CAETANO DE MORAIS","composicao_em_exercicio","https://transparencia.al.go.leg.br/api/transparencia/remuneracoes?ano=2019&mes=1&vinculo=DEPUTADOS&remuneracao_anterior=true","oficial",NA,NA,"portal_casa",TRUE,FALSE,FALSE,"oficial"
"composicao_final_assembleias_fonte_oficial.csv","M2014_GO_7_13123_90000000326","GO","2014","DEPUTADO ESTADUAL/DISTRITAL","ADRIANA SAUTHIER ACCORSI","composicao_em_exercicio","https://transparencia.al.go.leg.br/api/transparencia/remuneracoes?ano=2019&mes=1&vinculo=DEPUTADOS&remuneracao_anterior=true","oficial",NA,NA,"portal_casa",TRUE,FALSE,FALSE,"oficial"
"composicao_final_assembleias_fonte_oficial.csv","M2014_GO_7_13188_90000000320","GO","2014","DEPUTADO ESTADUAL/DISTRITAL","LUIS CESAR BUENO E FREITAS","composicao_em_exercicio","https://transparencia.al.go.leg.br/api/transparencia/remuneracoes?ano=2019&mes=1&vinculo=DEPUTADOS&remuneracao_anterior=true","oficial",NA,NA,"portal_casa",TRUE,FALSE,FALSE,"oficial"
"composicao_final_assembleias_fonte_oficial.csv","M2014_GO_7_13800_90000000317","GO","2014","DEPUTADO ESTADUAL/DISTRITAL","JOSE HUMBERTO AIDAR","composicao_em_exercicio","https://transparencia.al.go.leg.br/api/transparencia/remuneracoes?ano=2019&mes=1&vinculo=DEPUTADOS&remuneracao_anterior=true","oficial",NA,NA,"portal_casa",TRUE,FALSE,FALSE,"oficial"
"composicao_final_assembleias_fonte_oficial.csv","M2014_GO_7_14123_90000000927","GO","2014","DEPUTADO ESTADUAL/DISTRITAL","TALLES ALVES BARRETO","composicao_em_exercicio","https://transparencia.al.go.leg.br/api/transparencia/remuneracoes?ano=2019&mes=1&vinculo=DEPUTADOS&remuneracao_anterior=true","oficial",NA,NA,"portal_casa",TRUE,FALSE,FALSE,"oficial"
"composicao_final_assembleias_fonte_oficial.csv","M2014_GO_7_14133_90000000922","GO","2014","DEPUTADO ESTADUAL/DISTRITAL","MARLUCIO PEREIRA DA SILVA","composicao_em_exercicio","https://transparencia.al.go.leg.br/api/transparencia/remuneracoes?ano=2019&mes=1&vinculo=DEPUTADOS&remuneracao_anterior=true","oficial",NA,NA,"portal_casa",TRUE,FALSE,FALSE,"oficial"
"composicao_final_assembleias_fonte_oficial.csv","M2014_GO_7_14141_90000000914","GO","2014","DEPUTADO ESTADUAL/DISTRITAL","HENRIQUE PAULISTA ARANTES","composicao_em_exercicio","https://transparencia.al.go.leg.br/api/transparencia/remuneracoes?ano=2019&mes=1&vinculo=DEPUTADOS&remuneracao_anterior=true","oficial",NA,NA,"portal_casa",TRUE,FALSE,FALSE,"oficial"
"composicao_final_assembleias_fonte_oficial.csv","M2014_GO_7_15123_90000000659","GO","2014","DEPUTADO ESTADUAL/DISTRITAL","JOSE NELTO LAGARES DAS MERCEZ","composicao_em_exercicio","https://transparencia.al.go.leg.br/api/transparencia/remuneracoes?ano=2019&mes=1&vinculo=DEPUTADOS&remuneracao_anterior=true","oficial",NA,NA,"portal_casa",TRUE,FALSE,FALSE,"oficial"
"composicao_final_assembleias_fonte_oficial.csv","M2014_GO_7_15601_90000000661","GO","2014","DEPUTADO ESTADUAL/DISTRITAL","PAULO CEZAR MARTINS","composicao_em_exercicio","https://transparencia.al.go.leg.br/api/transparencia/remuneracoes?ano=2019&mes=1&vinculo=DEPUTADOS&remuneracao_anterior=true","oficial",NA,NA,"portal_casa",TRUE,FALSE,FALSE,"oficial"
"composicao_final_assembleias_fonte_oficial.csv","M2014_GO_7_15700_90000000662","GO","2014","DEPUTADO ESTADUAL/DISTRITAL","BRUNO REGIANY PEIXOTO PIMENTA","composicao_em_exercicio","https://transparencia.al.go.leg.br/api/transparencia/remuneracoes?ano=2019&mes=1&vinculo=DEPUTADOS&remuneracao_anterior=true","oficial",NA,NA,"portal_casa",TRUE,FALSE,FALSE,"oficial"
"composicao_final_assembleias_fonte_oficial.csv","M2014_GO_7_17000_90000000442","GO","2014","DEPUTADO ESTADUAL/DISTRITAL","LUCAS PINHEIRO BRANDAO CALIL","composicao_em_exercicio","https://transparencia.al.go.leg.br/api/transparencia/remuneracoes?ano=2019&mes=1&vinculo=DEPUTADOS&remuneracao_anterior=true","oficial",NA,NA,"portal_casa",TRUE,FALSE,FALSE,"oficial"
"composicao_final_assembleias_fonte_oficial.csv","M2014_GO_7_20012_90000000125","GO","2014","DEPUTADO ESTADUAL/DISTRITAL","SIMEYZON SINELIZ FERNANDES DA SILVEIRA","composicao_em_exercicio","https://transparencia.al.go.leg.br/api/transparencia/remuneracoes?ano=2019&mes=1&vinculo=DEPUTADOS&remuneracao_anterior=true","oficial",NA,NA,"portal_casa",TRUE,FALSE,FALSE,"oficial"
"composicao_final_assembleias_fonte_oficial.csv","M2014_GO_7_22122_90000000942","GO","2014","DEPUTADO ESTADUAL/DISTRITAL","ALVARO SOARES GUIMARAES","composicao_em_exercicio","https://transparencia.al.go.leg.br/api/transparencia/remuneracoes?ano=2019&mes=1&vinculo=DEPUTADOS&remuneracao_anterior=true","oficial",NA,NA,"portal_casa",TRUE,FALSE,FALSE,"oficial"
"composicao_final_assembleias_fonte_oficial.csv","M2014_GO_7_22690_90000000934","GO","2014","DEPUTADO ESTADUAL/DISTRITAL","CLAUDIO OLINTO MEIRELLES","composicao_em_exercicio","https://transparencia.al.go.leg.br/api/transparencia/remuneracoes?ano=2019&mes=1&vinculo=DEPUTADOS&remuneracao_anterior=true","oficial",NA,NA,"portal_casa",TRUE,FALSE,FALSE,"oficial"
"composicao_final_assembleias_fonte_oficial.csv","M2014_GO_7_25111_90000000642","GO","2014","DEPUTADO ESTADUAL/DISTRITAL","HELIO ANTONIO DE SOUSA","composicao_em_exercicio","https://transparencia.al.go.leg.br/api/transparencia/remuneracoes?ano=2019&mes=1&vinculo=DEPUTADOS&remuneracao_anterior=true","oficial",NA,NA,"portal_casa",TRUE,FALSE,FALSE,"oficial"
"composicao_final_assembleias_fonte_oficial.csv","M2014_GO_7_28600_90000000824","GO","2014","DEPUTADO ESTADUAL/DISTRITAL","CHARLES BENTO EVANGELISTA","composicao_em_exercicio","https://transparencia.al.go.leg.br/api/transparencia/remuneracoes?ano=2019&mes=1&vinculo=DEPUTADOS&remuneracao_anterior=true","oficial",NA,NA,"portal_casa",TRUE,FALSE,FALSE,"oficial"
"composicao_final_assembleias_fonte_oficial.csv","M2014_GO_7_31221_90000000529","GO","2014","DEPUTADO ESTADUAL/DISTRITAL","JEAN CARLO DOS SANTOS","composicao_em_exercicio","https://transparencia.al.go.leg.br/api/transparencia/remuneracoes?ano=2019&mes=1&vinculo=DEPUTADOS&remuneracao_anterior=true","oficial",NA,NA,"portal_casa",TRUE,FALSE,FALSE,"oficial"
"composicao_final_assembleias_fonte_oficial.csv","M2014_GO_7_31789_90000000542","GO","2014","DEPUTADO ESTADUAL/DISTRITAL","FRANCISCO SOBRINHO DE OLIVEIRA","composicao_em_exercicio","https://transparencia.al.go.leg.br/api/transparencia/remuneracoes?ano=2019&mes=1&vinculo=DEPUTADOS&remuneracao_anterior=true","oficial",NA,NA,"portal_casa",TRUE,FALSE,FALSE,"oficial"
"composicao_final_assembleias_fonte_oficial.csv","M2014_GO_7_33456_90000000399","GO","2014","DEPUTADO ESTADUAL/DISTRITAL","ELIANE GONCALVES PINHEIRO","composicao_em_exercicio","https://transparencia.al.go.leg.br/api/transparencia/remuneracoes?ano=2019&mes=1&vinculo=DEPUTADOS&remuneracao_anterior=true","oficial",NA,NA,"portal_casa",TRUE,FALSE,FALSE,"oficial"
"composicao_final_assembleias_fonte_oficial.csv","M2014_GO_7_44190_90000000101","GO","2014","DEPUTADO ESTADUAL/DISTRITAL","JUNIO ALVES DE ARAUJO","composicao_em_exercicio","https://transparencia.al.go.leg.br/api/transparencia/remuneracoes?ano=2019&mes=1&vinculo=DEPUTADOS&remuneracao_anterior=true","oficial",NA,NA,"portal_casa",TRUE,FALSE,FALSE,"oficial"
"composicao_final_assembleias_fonte_oficial.csv","M2014_GO_7_45000_90000001010","GO","2014","DEPUTADO ESTADUAL/DISTRITAL","MARCO AURELIO DE SENE PALMERSTON XAVIER","composicao_em_exercicio","https://transparencia.al.go.leg.br/api/transparencia/remuneracoes?ano=2019&mes=1&vinculo=DEPUTADOS&remuneracao_anterior=true","oficial",NA,NA,"portal_casa",TRUE,FALSE,FALSE,"oficial"
"composicao_final_assembleias_fonte_oficial.csv","M2014_GO_7_45045_90000001001","GO","2014","DEPUTADO ESTADUAL/DISTRITAL","LEDA BORGES DE MOURA","composicao_em_exercicio","https://transparencia.al.go.leg.br/api/transparencia/remuneracoes?ano=2019&mes=1&vinculo=DEPUTADOS&remuneracao_anterior=true","oficial",NA,NA,"portal_casa",TRUE,FALSE,FALSE,"oficial"
"composicao_final_assembleias_fonte_oficial.csv","M2014_GO_7_45111_90000000995","GO","2014","DEPUTADO ESTADUAL/DISTRITAL","MANOEL JOSE DE OLIVEIRA","composicao_em_exercicio","https://transparencia.al.go.leg.br/api/transparencia/remuneracoes?ano=2019&mes=1&vinculo=DEPUTADOS&remuneracao_anterior=true","oficial",NA,NA,"portal_casa",TRUE,FALSE,FALSE,"oficial"
"composicao_final_assembleias_fonte_oficial.csv","M2014_GO_7_45222_90000001014","GO","2014","DEPUTADO ESTADUAL/DISTRITAL","GUSTAVO KOPPAN FAIAD SEBBA","composicao_em_exercicio","https://transparencia.al.go.leg.br/api/transparencia/remuneracoes?ano=2019&mes=1&vinculo=DEPUTADOS&remuneracao_anterior=true","oficial",NA,NA,"portal_casa",TRUE,FALSE,FALSE,"oficial"
"composicao_final_assembleias_fonte_oficial.csv","M2014_GO_7_45321_90000000932","GO","2014","DEPUTADO ESTADUAL/DISTRITAL","NEDIO LEITE ASSUNCAO","composicao_em_exercicio","https://transparencia.al.go.leg.br/api/transparencia/remuneracoes?ano=2019&mes=1&vinculo=DEPUTADOS&remuneracao_anterior=true","oficial",NA,NA,"portal_casa",TRUE,FALSE,FALSE,"oficial"
"composicao_final_assembleias_fonte_oficial.csv","M2014_GO_7_45678_90000001015","GO","2014","DEPUTADO ESTADUAL/DISTRITAL","JOSE ANTONIO VITTI","composicao_em_exercicio","https://transparencia.al.go.leg.br/api/transparencia/remuneracoes?ano=2019&mes=1&vinculo=DEPUTADOS&remuneracao_anterior=true","oficial",NA,NA,"portal_casa",TRUE,FALSE,FALSE,"oficial"
"composicao_final_assembleias_fonte_oficial.csv","M2014_GO_7_45780_90000001018","GO","2014","DEPUTADO ESTADUAL/DISTRITAL","ALOISIO MOREIRA DOS SANTOS","composicao_em_exercicio","https://transparencia.al.go.leg.br/api/transparencia/remuneracoes?ano=2019&mes=1&vinculo=DEPUTADOS&remuneracao_anterior=true","oficial",NA,NA,"portal_casa",TRUE,FALSE,FALSE,"oficial"
"composicao_final_assembleias_fonte_oficial.csv","M2014_GO_7_55000_90000000960","GO","2014","DEPUTADO ESTADUAL/DISTRITAL","LISSAUER VIEIRA","composicao_em_exercicio","https://transparencia.al.go.leg.br/api/transparencia/remuneracoes?ano=2019&mes=1&vinculo=DEPUTADOS&remuneracao_anterior=true","oficial",NA,NA,"portal_casa",TRUE,FALSE,FALSE,"oficial"
"composicao_final_assembleias_fonte_oficial.csv","M2014_GO_7_55123_90000000970","GO","2014","DEPUTADO ESTADUAL/DISTRITAL","VIRMONDES BORGES CRUVINEL FILHO","composicao_em_exercicio","https://transparencia.al.go.leg.br/api/transparencia/remuneracoes?ano=2019&mes=1&vinculo=DEPUTADOS&remuneracao_anterior=true","oficial",NA,NA,"portal_casa",TRUE,FALSE,FALSE,"oficial"
"composicao_final_assembleias_fonte_oficial.csv","M2014_GO_7_55255_90000000951","GO","2014","DEPUTADO ESTADUAL/DISTRITAL","FRANCISCO RODRIGUES VALE JUNIOR","composicao_em_exercicio","https://transparencia.al.go.leg.br/api/transparencia/remuneracoes?ano=2019&mes=1&vinculo=DEPUTADOS&remuneracao_anterior=true","oficial",NA,NA,"portal_casa",TRUE,FALSE,FALSE,"oficial"
"composicao_final_assembleias_fonte_oficial.csv","M2014_GO_7_55333_90000000947","GO","2014","DEPUTADO ESTADUAL/DISTRITAL","DIEGO VAZ SORGATO","composicao_em_exercicio","https://transparencia.al.go.leg.br/api/transparencia/remuneracoes?ano=2019&mes=1&vinculo=DEPUTADOS&remuneracao_anterior=true","oficial",NA,NA,"portal_casa",TRUE,FALSE,FALSE,"oficial"
"composicao_final_assembleias_fonte_oficial.csv","M2014_GO_7_65123_90000000781","GO","2014","DEPUTADO ESTADUAL/DISTRITAL","MARIA ISAURA LEMOS","composicao_em_exercicio","https://transparencia.al.go.leg.br/api/transparencia/remuneracoes?ano=2019&mes=1&vinculo=DEPUTADOS&remuneracao_anterior=true","oficial",NA,NA,"portal_casa",TRUE,FALSE,FALSE,"oficial"
"composicao_final_assembleias_fonte_oficial.csv","M2014_GO_7_77123_90000000783","GO","2014","DEPUTADO ESTADUAL/DISTRITAL","CARLOS ANTONIO DE SOUSA COSTA","composicao_em_exercicio","https://transparencia.al.go.leg.br/api/transparencia/remuneracoes?ano=2019&mes=1&vinculo=DEPUTADOS&remuneracao_anterior=true","oficial",NA,NA,"portal_casa",TRUE,FALSE,FALSE,"oficial"
"composicao_final_assembleias_fonte_oficial.csv","M2014_GO_7_90111_90000001039","GO","2014","DEPUTADO ESTADUAL/DISTRITAL","SERGIO DE SOUZA BRAVO","composicao_em_exercicio","https://transparencia.al.go.leg.br/api/transparencia/remuneracoes?ano=2019&mes=1&vinculo=DEPUTADOS&remuneracao_anterior=true","oficial",NA,NA,"portal_casa",TRUE,FALSE,FALSE,"oficial"
"composicao_final_assembleias_fonte_oficial.csv","M2018_GO_7_10010_90000610565","GO","2018","DEPUTADO ESTADUAL/DISTRITAL","ALYSSON FRANCISCO DE LIMA","composicao_em_exercicio","https://transparencia.al.go.leg.br/api/transparencia/remuneracoes?ano=2023&mes=1&vinculo=DEPUTADOS&remuneracao_anterior=true","oficial",NA,NA,"portal_casa",TRUE,FALSE,FALSE,"oficial"
"composicao_final_assembleias_fonte_oficial.csv","M2018_GO_7_10123_90000610569","GO","2018","DEPUTADO ESTADUAL/DISTRITAL","JEFERSON RODRIGUES LEMOS","composicao_em_exercicio","https://transparencia.al.go.leg.br/api/transparencia/remuneracoes?ano=2023&mes=1&vinculo=DEPUTADOS&remuneracao_anterior=true","oficial",NA,NA,"portal_casa",TRUE,FALSE,FALSE,"oficial"
"composicao_final_assembleias_fonte_oficial.csv","M2018_GO_7_11900_90000618348","GO","2018","DEPUTADO ESTADUAL/DISTRITAL","ADAILTON FLORENTINO DO NASCIMENTO","composicao_em_exercicio","https://transparencia.al.go.leg.br/api/transparencia/remuneracoes?ano=2023&mes=1&vinculo=DEPUTADOS&remuneracao_anterior=true","oficial",NA,NA,"portal_casa",TRUE,FALSE,FALSE,"oficial"
"composicao_final_assembleias_fonte_oficial.csv","M2018_GO_7_12456_90000624219","GO","2018","DEPUTADO ESTADUAL/DISTRITAL","KARLOS MARCIO VIEIRA CABRAL","composicao_em_exercicio","https://transparencia.al.go.leg.br/api/transparencia/remuneracoes?ano=2023&mes=1&vinculo=DEPUTADOS&remuneracao_anterior=true","oficial",NA,NA,"portal_casa",TRUE,FALSE,FALSE,"oficial"
"composicao_final_assembleias_fonte_oficial.csv","M2018_GO_7_13123_90000619098","GO","2018","DEPUTADO ESTADUAL/DISTRITAL","ADRIANA SAUTHIER ACCORSI","composicao_em_exercicio","https://transparencia.al.go.leg.br/api/transparencia/remuneracoes?ano=2023&mes=1&vinculo=DEPUTADOS&remuneracao_anterior=true","oficial",NA,NA,"portal_casa",TRUE,FALSE,FALSE,"oficial"
"composicao_final_assembleias_fonte_oficial.csv","M2018_GO_7_13456_90000619100","GO","2018","DEPUTADO ESTADUAL/DISTRITAL","ANTONIO ROBERTO OTONI GOMIDE","composicao_em_exercicio","https://transparencia.al.go.leg.br/api/transparencia/remuneracoes?ano=2023&mes=1&vinculo=DEPUTADOS&remuneracao_anterior=true","oficial",NA,NA,"portal_casa",TRUE,FALSE,FALSE,"oficial"
"composicao_final_assembleias_fonte_oficial.csv","M2018_GO_7_14141_90000615128","GO","2018","DEPUTADO ESTADUAL/DISTRITAL","HENRIQUE PAULISTA ARANTES","composicao_em_exercicio","https://transparencia.al.go.leg.br/api/transparencia/remuneracoes?ano=2023&mes=1&vinculo=DEPUTADOS&remuneracao_anterior=true","oficial",NA,NA,"portal_casa",TRUE,FALSE,FALSE,"oficial"
"composicao_final_assembleias_fonte_oficial.csv","M2018_GO_7_15601_90000610592","GO","2018","DEPUTADO ESTADUAL/DISTRITAL","PAULO CEZAR MARTINS","composicao_em_exercicio","https://transparencia.al.go.leg.br/api/transparencia/remuneracoes?ano=2023&mes=1&vinculo=DEPUTADOS&remuneracao_anterior=true","oficial",NA,NA,"portal_casa",TRUE,FALSE,FALSE,"oficial"
"composicao_final_assembleias_fonte_oficial.csv","M2018_GO_7_15700_90000610597","GO","2018","DEPUTADO ESTADUAL/DISTRITAL","BRUNO REGIANY PEIXOTO PIMENTA","composicao_em_exercicio","https://transparencia.al.go.leg.br/api/transparencia/remuneracoes?ano=2023&mes=1&vinculo=DEPUTADOS&remuneracao_anterior=true","oficial",NA,NA,"portal_casa",TRUE,FALSE,FALSE,"oficial"
"composicao_final_assembleias_fonte_oficial.csv","M2018_GO_7_17197_90000616708","GO","2018","DEPUTADO ESTADUAL/DISTRITAL","HUMBERTO TEOFILO DE MENEZES NETO","composicao_em_exercicio","https://transparencia.al.go.leg.br/api/transparencia/remuneracoes?ano=2023&mes=1&vinculo=DEPUTADOS&remuneracao_anterior=true","oficial",NA,NA,"portal_casa",TRUE,FALSE,FALSE,"oficial"
"composicao_final_assembleias_fonte_oficial.csv","M2018_GO_7_17400_90000616713","GO","2018","DEPUTADO ESTADUAL/DISTRITAL","PAULO CEZAR KRAUSPENHAR","composicao_em_exercicio","https://transparencia.al.go.leg.br/api/transparencia/remuneracoes?ano=2023&mes=1&vinculo=DEPUTADOS&remuneracao_anterior=true","oficial",NA,NA,"portal_casa",TRUE,FALSE,FALSE,"oficial"
"composicao_final_assembleias_fonte_oficial.csv","M2018_GO_7_20100_90000608300","GO","2018","DEPUTADO ESTADUAL/DISTRITAL","HENRIQUE CESAR PEREIRA","composicao_em_exercicio","https://transparencia.al.go.leg.br/api/transparencia/remuneracoes?ano=2023&mes=1&vinculo=DEPUTADOS&remuneracao_anterior=true","oficial",NA,NA,"portal_casa",TRUE,FALSE,FALSE,"oficial"
"composicao_final_assembleias_fonte_oficial.csv","M2018_GO_7_23123_90000620460","GO","2018","DEPUTADO ESTADUAL/DISTRITAL","VIRMONDES BORGES CRUVINEL FILHO","composicao_em_exercicio","https://transparencia.al.go.leg.br/api/transparencia/remuneracoes?ano=2023&mes=1&vinculo=DEPUTADOS&remuneracao_anterior=true","oficial",NA,NA,"portal_casa",TRUE,FALSE,FALSE,"oficial"
"composicao_final_assembleias_fonte_oficial.csv","M2018_GO_7_25010_90000608270","GO","2018","DEPUTADO ESTADUAL/DISTRITAL","FRANCISCO GRIMALDI DE LIMA","composicao_em_exercicio","https://transparencia.al.go.leg.br/api/transparencia/remuneracoes?ano=2023&mes=1&vinculo=DEPUTADOS&remuneracao_anterior=true","oficial",NA,NA,"portal_casa",TRUE,FALSE,FALSE,"oficial"
"composicao_final_assembleias_fonte_oficial.csv","M2018_GO_7_25025_90000608268","GO","2018","DEPUTADO ESTADUAL/DISTRITAL","ANTONIO CARLOS CAETANO DE MORAES","composicao_em_exercicio","https://transparencia.al.go.leg.br/api/transparencia/remuneracoes?ano=2023&mes=1&vinculo=DEPUTADOS&remuneracao_anterior=true","oficial",NA,NA,"portal_casa",TRUE,FALSE,FALSE,"oficial"
"composicao_final_assembleias_fonte_oficial.csv","M2018_GO_7_25122_90000608252","GO","2018","DEPUTADO ESTADUAL/DISTRITAL","ALVARO SOARES GUIMARAES","composicao_em_exercicio","https://transparencia.al.go.leg.br/api/transparencia/remuneracoes?ano=2023&mes=1&vinculo=DEPUTADOS&remuneracao_anterior=true","oficial",NA,NA,"portal_casa",TRUE,FALSE,FALSE,"oficial"
"composicao_final_assembleias_fonte_oficial.csv","M2018_GO_7_27123_90000618930","GO","2018","DEPUTADO ESTADUAL/DISTRITAL","RAFAEL MAGALHAES DE GOUVEIA","composicao_em_exercicio","https://transparencia.al.go.leg.br/api/transparencia/remuneracoes?ano=2023&mes=1&vinculo=DEPUTADOS&remuneracao_anterior=true","oficial",NA,NA,"portal_casa",TRUE,FALSE,FALSE,"oficial"
"composicao_final_assembleias_fonte_oficial.csv","M2018_GO_7_27900_90000618884","GO","2018","DEPUTADO ESTADUAL/DISTRITAL","JOSE ANTONIO PRADO NUNES CARVALHO","composicao_em_exercicio","https://transparencia.al.go.leg.br/api/transparencia/remuneracoes?ano=2023&mes=1&vinculo=DEPUTADOS&remuneracao_anterior=true","oficial",NA,NA,"portal_casa",TRUE,FALSE,FALSE,"oficial"
"composicao_final_assembleias_fonte_oficial.csv","M2018_GO_7_28028_90000610440","GO","2018","DEPUTADO ESTADUAL/DISTRITAL","JULIO PINA NETO","composicao_em_exercicio","https://transparencia.al.go.leg.br/api/transparencia/remuneracoes?ano=2023&mes=1&vinculo=DEPUTADOS&remuneracao_anterior=true","oficial",NA,NA,"portal_casa",TRUE,FALSE,FALSE,"oficial"
"composicao_final_assembleias_fonte_oficial.csv","M2018_GO_7_28600_90000610441","GO","2018","DEPUTADO ESTADUAL/DISTRITAL","CHARLES BENTO EVANGELISTA","composicao_em_exercicio","https://transparencia.al.go.leg.br/api/transparencia/remuneracoes?ano=2023&mes=1&vinculo=DEPUTADOS&remuneracao_anterior=true","oficial",NA,NA,"portal_casa",TRUE,FALSE,FALSE,"oficial"
"composicao_final_assembleias_fonte_oficial.csv","M2018_GO_7_36690_90000608276","GO","2018","DEPUTADO ESTADUAL/DISTRITAL","CLAUDIO OLINTO MEIRELLES","composicao_em_exercicio","https://transparencia.al.go.leg.br/api/transparencia/remuneracoes?ano=2023&mes=1&vinculo=DEPUTADOS&remuneracao_anterior=true","oficial",NA,NA,"portal_casa",TRUE,FALSE,FALSE,"oficial"
"composicao_final_assembleias_fonte_oficial.csv","M2018_GO_7_40123_90000620444","GO","2018","DEPUTADO ESTADUAL/DISTRITAL","LISSAUER VIEIRA","composicao_em_exercicio","https://transparencia.al.go.leg.br/api/transparencia/remuneracoes?ano=2023&mes=1&vinculo=DEPUTADOS&remuneracao_anterior=true","oficial",NA,NA,"portal_casa",TRUE,FALSE,FALSE,"oficial"
"composicao_final_assembleias_fonte_oficial.csv","M2018_GO_7_43444_90000621708","GO","2018","DEPUTADO ESTADUAL/DISTRITAL","EDUARDO JOSE DO PRADO","composicao_em_exercicio","https://transparencia.al.go.leg.br/api/transparencia/remuneracoes?ano=2023&mes=1&vinculo=DEPUTADOS&remuneracao_anterior=true","oficial",NA,NA,"portal_casa",TRUE,FALSE,FALSE,"oficial"
"composicao_final_assembleias_fonte_oficial.csv","M2018_GO_7_44000_90000618659","GO","2018","DEPUTADO ESTADUAL/DISTRITAL","AMAURI RIBEIRO","composicao_em_exercicio","https://transparencia.al.go.leg.br/api/transparencia/remuneracoes?ano=2023&mes=1&vinculo=DEPUTADOS&remuneracao_anterior=true","oficial",NA,NA,"portal_casa",TRUE,FALSE,FALSE,"oficial"
"composicao_final_assembleias_fonte_oficial.csv","M2018_GO_7_44190_90000618685","GO","2018","DEPUTADO ESTADUAL/DISTRITAL","JUNIO ALVES DE ARAUJO","composicao_em_exercicio","https://transparencia.al.go.leg.br/api/transparencia/remuneracoes?ano=2023&mes=1&vinculo=DEPUTADOS&remuneracao_anterior=true","oficial",NA,NA,"portal_casa",TRUE,FALSE,FALSE,"oficial"
"composicao_final_assembleias_fonte_oficial.csv","M2018_GO_7_45045_90000620423","GO","2018","DEPUTADO ESTADUAL/DISTRITAL","LEDA BORGES DE MOURA","composicao_em_exercicio","https://transparencia.al.go.leg.br/api/transparencia/remuneracoes?ano=2023&mes=1&vinculo=DEPUTADOS&remuneracao_anterior=true","oficial",NA,NA,"portal_casa",TRUE,FALSE,FALSE,"oficial"
"composicao_final_assembleias_fonte_oficial.csv","M2018_GO_7_45123_90000620416","GO","2018","DEPUTADO ESTADUAL/DISTRITAL","TALLES ALVES BARRETO","composicao_em_exercicio","https://transparencia.al.go.leg.br/api/transparencia/remuneracoes?ano=2023&mes=1&vinculo=DEPUTADOS&remuneracao_anterior=true","oficial",NA,NA,"portal_casa",TRUE,FALSE,FALSE,"oficial"
"composicao_final_assembleias_fonte_oficial.csv","M2018_GO_7_45222_90000620431","GO","2018","DEPUTADO ESTADUAL/DISTRITAL","GUSTAVO KOPPAN FAIAD SEBBA","composicao_em_exercicio","https://transparencia.al.go.leg.br/api/transparencia/remuneracoes?ano=2023&mes=1&vinculo=DEPUTADOS&remuneracao_anterior=true","oficial",NA,NA,"portal_casa",TRUE,FALSE,FALSE,"oficial"
"composicao_final_assembleias_fonte_oficial.csv","M2018_GO_7_45555_90000620422","GO","2018","DEPUTADO ESTADUAL/DISTRITAL","SEBASTIAO MONTEIRO GUIMARAES FILHO","composicao_em_exercicio","https://transparencia.al.go.leg.br/api/transparencia/remuneracoes?ano=2023&mes=1&vinculo=DEPUTADOS&remuneracao_anterior=true","oficial",NA,NA,"portal_casa",TRUE,FALSE,FALSE,"oficial"
"composicao_final_assembleias_fonte_oficial.csv","M2018_GO_7_45678_90000620428","GO","2018","DEPUTADO ESTADUAL/DISTRITAL","HELIO ANTONIO DE SOUSA","composicao_em_exercicio","https://transparencia.al.go.leg.br/api/transparencia/remuneracoes?ano=2023&mes=1&vinculo=DEPUTADOS&remuneracao_anterior=true","oficial",NA,NA,"portal_casa",TRUE,FALSE,FALSE,"oficial"
"composicao_final_assembleias_fonte_oficial.csv","M2018_GO_7_51123_90000620641","GO","2018","DEPUTADO ESTADUAL/DISTRITAL","WAGNER CAMARGO NETO","composicao_licenciado","https://transparencia.al.go.leg.br/api/transparencia/remuneracoes?ano=2023&mes=1&vinculo=DEPUTADOS&remuneracao_anterior=true","oficial",NA,NA,"portal_casa",TRUE,FALSE,FALSE,"oficial"
"composicao_final_assembleias_fonte_oficial.csv","M2018_GO_7_55000_90000615110","GO","2018","DEPUTADO ESTADUAL/DISTRITAL","LUCAS PINHEIRO BRANDAO CALIL","composicao_em_exercicio","https://transparencia.al.go.leg.br/api/transparencia/remuneracoes?ano=2023&mes=1&vinculo=DEPUTADOS&remuneracao_anterior=true","oficial",NA,NA,"portal_casa",TRUE,FALSE,FALSE,"oficial"
"composicao_final_assembleias_fonte_oficial.csv","M2018_GO_7_55555_90000615118","GO","2018","DEPUTADO ESTADUAL/DISTRITAL","WILDE LOPES RORIZ","composicao_em_exercicio","https://transparencia.al.go.leg.br/api/transparencia/remuneracoes?ano=2023&mes=1&vinculo=DEPUTADOS&remuneracao_anterior=true","oficial",NA,NA,"portal_casa",TRUE,FALSE,FALSE,"oficial"
"composicao_final_assembleias_fonte_oficial.csv","M2018_GO_7_77077_90000602547","GO","2018","DEPUTADO ESTADUAL/DISTRITAL","THIAGO ALBERNAZ PEREIRA","composicao_em_exercicio","https://transparencia.al.go.leg.br/api/transparencia/remuneracoes?ano=2023&mes=1&vinculo=DEPUTADOS&remuneracao_anterior=true","oficial",NA,NA,"portal_casa",TRUE,FALSE,FALSE,"oficial"
"composicao_final_assembleias_fonte_oficial.csv","M2018_GO_7_77200_90000602572","GO","2018","DEPUTADO ESTADUAL/DISTRITAL","AMILTON BATISTA DE FARIA FILHO","composicao_em_exercicio","https://transparencia.al.go.leg.br/api/transparencia/remuneracoes?ano=2023&mes=1&vinculo=DEPUTADOS&remuneracao_anterior=true","oficial",NA,NA,"portal_casa",TRUE,FALSE,FALSE,"oficial"
"composicao_final_assembleias_fonte_oficial.csv","M2018_GO_7_90500_90000607652","GO","2018","DEPUTADO ESTADUAL/DISTRITAL","CAIRO SALIM MARCELINO LOPES","composicao_em_exercicio","https://transparencia.al.go.leg.br/api/transparencia/remuneracoes?ano=2023&mes=1&vinculo=DEPUTADOS&remuneracao_anterior=true","oficial",NA,NA,"portal_casa",TRUE,FALSE,FALSE,"oficial"
"composicao_final_assembleias_fonte_oficial.csv","M2018_GO_7_90555_90000607667","GO","2018","DEPUTADO ESTADUAL/DISTRITAL","RUBENS MARQUES VIEIRA DOS SANTOS","composicao_em_exercicio","https://transparencia.al.go.leg.br/api/transparencia/remuneracoes?ano=2023&mes=1&vinculo=DEPUTADOS&remuneracao_anterior=true","oficial",NA,NA,"portal_casa",TRUE,FALSE,FALSE,"oficial"
"composicao_final_assembleias_fonte_oficial.csv","M1998_MT_7_11133_110001107111331","MT","1998","DEPUTADO ESTADUAL/DISTRITAL","José Carlos Freitas","composicao_em_exercicio","https://storage.al.mt.gov.br/api/v1/download/default/172429","oficial",NA,NA,"portal_casa",TRUE,FALSE,FALSE,"oficial"
"composicao_final_assembleias_fonte_oficial.csv","M1998_MT_7_13131_110001107131311","MT","1998","DEPUTADO ESTADUAL/DISTRITAL","Gilney Viana","composicao_licenciado","https://storage.al.mt.gov.br/api/v1/download/default/172429","oficial",NA,NA,"portal_casa",TRUE,FALSE,FALSE,"oficial"
"composicao_final_assembleias_fonte_oficial.csv","M1998_MT_7_13222_110001107132221","MT","1998","DEPUTADO ESTADUAL/DISTRITAL","Serys Slhessarenko","composicao_em_exercicio","https://storage.al.mt.gov.br/api/v1/download/default/172429","oficial",NA,NA,"portal_casa",TRUE,FALSE,FALSE,"oficial"
"composicao_final_assembleias_fonte_oficial.csv","M1998_MT_7_14111_110001107141111","MT","1998","DEPUTADO ESTADUAL/DISTRITAL","Joaquim Sucena","composicao_em_exercicio","https://storage.al.mt.gov.br/api/v1/download/default/172429","oficial",NA,NA,"portal_casa",TRUE,FALSE,FALSE,"oficial"
"composicao_final_assembleias_fonte_oficial.csv","M1998_MT_7_14140_110001107141401","MT","1998","DEPUTADO ESTADUAL/DISTRITAL","Silval Barbosa","composicao_em_exercicio","https://storage.al.mt.gov.br/api/v1/download/default/172429","oficial",NA,NA,"portal_casa",TRUE,FALSE,FALSE,"oficial"
"composicao_final_assembleias_fonte_oficial.csv","M1998_MT_7_15150_110001107151501","MT","1998","DEPUTADO ESTADUAL/DISTRITAL","Nico Baracat","composicao_em_exercicio","https://storage.al.mt.gov.br/api/v1/download/default/172429","oficial",NA,NA,"portal_casa",TRUE,FALSE,FALSE,"oficial"
"composicao_final_assembleias_fonte_oficial.csv","M1998_MT_7_15152_110001107151521","MT","1998","DEPUTADO ESTADUAL/DISTRITAL","Zé Carlos do Pátio","composicao_em_exercicio","https://storage.al.mt.gov.br/api/v1/download/default/172429","oficial",NA,NA,"portal_casa",TRUE,FALSE,FALSE,"oficial"
"composicao_final_assembleias_fonte_oficial.csv","M1998_MT_7_15163_110001107151631","MT","1998","DEPUTADO ESTADUAL/DISTRITAL","Pedro Satélite","composicao_em_exercicio","https://storage.al.mt.gov.br/api/v1/download/default/172429","oficial",NA,NA,"portal_casa",TRUE,FALSE,FALSE,"oficial"
"composicao_final_assembleias_fonte_oficial.csv","M1998_MT_7_15666_110001107156661","MT","1998","DEPUTADO ESTADUAL/DISTRITAL","Wilson Teixeira Dentinho","composicao_em_exercicio","https://storage.al.mt.gov.br/api/v1/download/default/172429","oficial",NA,NA,"portal_casa",TRUE,FALSE,FALSE,"oficial"
"composicao_final_assembleias_fonte_oficial.csv","M1998_MT_7_22123_110001107221231","MT","1998","DEPUTADO ESTADUAL/DISTRITAL","J. Barreto","composicao_em_exercicio","https://storage.al.mt.gov.br/api/v1/download/default/172429","oficial",NA,NA,"portal_casa",TRUE,FALSE,FALSE,"oficial"
"composicao_final_assembleias_fonte_oficial.csv","M1998_MT_7_22150_110001107221501","MT","1998","DEPUTADO ESTADUAL/DISTRITAL","Amador Tut","composicao_em_exercicio","https://storage.al.mt.gov.br/api/v1/download/default/172429","oficial",NA,NA,"portal_casa",TRUE,FALSE,FALSE,"oficial"
"composicao_final_assembleias_fonte_oficial.csv","M1998_MT_7_23110_110001107231101","MT","1998","DEPUTADO ESTADUAL/DISTRITAL","Jair Mariano","composicao_licenciado","https://storage.al.mt.gov.br/api/v1/download/default/172429","oficial",NA,NA,"portal_casa",TRUE,FALSE,FALSE,"oficial"
"composicao_final_assembleias_fonte_oficial.csv","M1998_MT_7_25123_110001107251231","MT","1998","DEPUTADO ESTADUAL/DISTRITAL","Moacir Pires","composicao_licenciado","https://storage.al.mt.gov.br/api/v1/download/default/172429","oficial",NA,NA,"portal_casa",TRUE,FALSE,FALSE,"oficial"
"composicao_final_assembleias_fonte_oficial.csv","M1998_MT_7_25150_110001107251501","MT","1998","DEPUTADO ESTADUAL/DISTRITAL","Humberto Bosaipo","composicao_em_exercicio","https://storage.al.mt.gov.br/api/v1/download/default/172429","oficial",NA,NA,"portal_casa",TRUE,FALSE,FALSE,"oficial"
"composicao_final_assembleias_fonte_oficial.csv","M1998_MT_7_25225_110001107252251","MT","1998","DEPUTADO ESTADUAL/DISTRITAL","Emanuel Pinheiro","composicao_em_exercicio","https://storage.al.mt.gov.br/api/v1/download/default/172429","oficial",NA,NA,"portal_casa",TRUE,FALSE,FALSE,"oficial"
"composicao_final_assembleias_fonte_oficial.csv","M1998_MT_7_25240_110001107252401","MT","1998","DEPUTADO ESTADUAL/DISTRITAL","Benedito Pinto","composicao_em_exercicio","https://storage.al.mt.gov.br/api/v1/download/default/172429","oficial",NA,NA,"portal_casa",TRUE,FALSE,FALSE,"oficial"
"composicao_final_assembleias_fonte_oficial.csv","M1998_MT_7_40140_110001107401401","MT","1998","DEPUTADO ESTADUAL/DISTRITAL","Eliene","composicao_em_exercicio","https://storage.al.mt.gov.br/api/v1/download/default/172429","oficial",NA,NA,"portal_casa",TRUE,FALSE,FALSE,"oficial"
"composicao_final_assembleias_fonte_oficial.csv","M1998_MT_7_45000_110001107450001","MT","1998","DEPUTADO ESTADUAL/DISTRITAL","Chico Daltro","composicao_em_exercicio","https://storage.al.mt.gov.br/api/v1/download/default/172429","oficial",NA,NA,"portal_casa",TRUE,FALSE,FALSE,"oficial"
"composicao_final_assembleias_fonte_oficial.csv","M1998_MT_7_45100_110001107451001","MT","1998","DEPUTADO ESTADUAL/DISTRITAL","Riva","composicao_em_exercicio","https://storage.al.mt.gov.br/api/v1/download/default/172429","oficial",NA,NA,"portal_casa",TRUE,FALSE,FALSE,"oficial"
"composicao_final_assembleias_fonte_oficial.csv","M1998_MT_7_45111_110001107451111","MT","1998","DEPUTADO ESTADUAL/DISTRITAL","Alencar Soares","composicao_em_exercicio","https://storage.al.mt.gov.br/api/v1/download/default/172429","oficial",NA,NA,"portal_casa",TRUE,FALSE,FALSE,"oficial"
"composicao_final_assembleias_fonte_oficial.csv","M1998_MT_7_45200_110001107452001","MT","1998","DEPUTADO ESTADUAL/DISTRITAL","Rene Barbour","composicao_em_exercicio","https://storage.al.mt.gov.br/api/v1/download/default/172429","oficial",NA,NA,"portal_casa",TRUE,FALSE,FALSE,"oficial"
"composicao_final_assembleias_fonte_oficial.csv","M1998_MT_7_45645_110001107456451","MT","1998","DEPUTADO ESTADUAL/DISTRITAL","Carlão Nascimento","composicao_em_exercicio","https://storage.al.mt.gov.br/api/v1/download/default/172429","oficial",NA,NA,"portal_casa",TRUE,FALSE,FALSE,"oficial"
"composicao_final_assembleias_fonte_oficial.csv","M1998_MT_7_45678_110001107456781","MT","1998","DEPUTADO ESTADUAL/DISTRITAL","Carlos Brito","composicao_licenciado","https://storage.al.mt.gov.br/api/v1/download/default/172429","oficial",NA,NA,"portal_casa",TRUE,FALSE,FALSE,"oficial"
"composicao_final_assembleias_fonte_oficial.csv","M2002_MT_7_11133_96","MT","2002","DEPUTADO ESTADUAL/DISTRITAL","José Carlos Freitas","composicao_em_exercicio","https://storage.al.mt.gov.br/api/v1/download/default/627230","oficial",NA,NA,"portal_casa",TRUE,FALSE,FALSE,"oficial"
"composicao_final_assembleias_fonte_oficial.csv","M2002_MT_7_13566_244","MT","2002","DEPUTADO ESTADUAL/DISTRITAL","Ságuas","composicao_em_exercicio","https://storage.al.mt.gov.br/api/v1/download/default/627230","oficial",NA,NA,"portal_casa",TRUE,FALSE,FALSE,"oficial"
"composicao_final_assembleias_fonte_oficial.csv","M2002_MT_7_13678_249","MT","2002","DEPUTADO ESTADUAL/DISTRITAL","Verinha Araújo","composicao_em_exercicio","https://storage.al.mt.gov.br/api/v1/download/default/627230","oficial",NA,NA,"portal_casa",TRUE,FALSE,FALSE,"oficial"
"composicao_final_assembleias_fonte_oficial.csv","M2002_MT_7_14567_537","MT","2002","DEPUTADO ESTADUAL/DISTRITAL","Sebastião Rezende","composicao_em_exercicio","https://storage.al.mt.gov.br/api/v1/download/default/627230","oficial",NA,NA,"portal_casa",TRUE,FALSE,FALSE,"oficial"
"composicao_final_assembleias_fonte_oficial.csv","M2002_MT_7_15152_364","MT","2002","DEPUTADO ESTADUAL/DISTRITAL","Zé Carlos do Pátio","composicao_em_exercicio","https://storage.al.mt.gov.br/api/v1/download/default/627230","oficial",NA,NA,"portal_casa",TRUE,FALSE,FALSE,"oficial"
"composicao_final_assembleias_fonte_oficial.csv","M2002_MT_7_15777_368","MT","2002","DEPUTADO ESTADUAL/DISTRITAL","Nataniel de Jesus","composicao_em_exercicio","https://storage.al.mt.gov.br/api/v1/download/default/627230","oficial",NA,NA,"portal_casa",TRUE,FALSE,FALSE,"oficial"
"composicao_final_assembleias_fonte_oficial.csv","M2002_MT_7_22122_174","MT","2002","DEPUTADO ESTADUAL/DISTRITAL","Humberto Bosaipo","composicao_em_exercicio","https://storage.al.mt.gov.br/api/v1/download/default/627230","oficial",NA,NA,"portal_casa",TRUE,FALSE,FALSE,"oficial"
"composicao_final_assembleias_fonte_oficial.csv","M2002_MT_7_22123_170","MT","2002","DEPUTADO ESTADUAL/DISTRITAL","J. Barreto","composicao_em_exercicio","https://storage.al.mt.gov.br/api/v1/download/default/627230","oficial",NA,NA,"portal_casa",TRUE,FALSE,FALSE,"oficial"
"composicao_final_assembleias_fonte_oficial.csv","M2002_MT_7_23456_134","MT","2002","DEPUTADO ESTADUAL/DISTRITAL","Carlos Brito","composicao_em_exercicio","https://storage.al.mt.gov.br/api/v1/download/default/627230","oficial",NA,NA,"portal_casa",TRUE,FALSE,FALSE,"oficial"
"composicao_final_assembleias_fonte_oficial.csv","M2002_MT_7_23666_137","MT","2002","DEPUTADO ESTADUAL/DISTRITAL","João Malheiros","composicao_em_exercicio","https://storage.al.mt.gov.br/api/v1/download/default/627230","oficial",NA,NA,"portal_casa",TRUE,FALSE,FALSE,"oficial"
"composicao_final_assembleias_fonte_oficial.csv","M2002_MT_7_25000_189","MT","2002","DEPUTADO ESTADUAL/DISTRITAL","Joaquim Sucena","composicao_em_exercicio","https://storage.al.mt.gov.br/api/v1/download/default/627230","oficial",NA,NA,"portal_casa",TRUE,FALSE,FALSE,"oficial"
"composicao_final_assembleias_fonte_oficial.csv","M2002_MT_7_25125_191","MT","2002","DEPUTADO ESTADUAL/DISTRITAL","Campos Neto","composicao_em_exercicio","https://storage.al.mt.gov.br/api/v1/download/default/627230","oficial",NA,NA,"portal_casa",TRUE,FALSE,FALSE,"oficial"
"composicao_final_assembleias_fonte_oficial.csv","M2002_MT_7_25800_199","MT","2002","DEPUTADO ESTADUAL/DISTRITAL","Zeca D’Ávila","composicao_em_exercicio","https://storage.al.mt.gov.br/api/v1/download/default/627230","oficial",NA,NA,"portal_casa",TRUE,FALSE,FALSE,"oficial"
"composicao_final_assembleias_fonte_oficial.csv","M2002_MT_7_33633_181","MT","2002","DEPUTADO ESTADUAL/DISTRITAL","Sérgio Ricardo","composicao_em_exercicio","https://storage.al.mt.gov.br/api/v1/download/default/627230","oficial",NA,NA,"portal_casa",TRUE,FALSE,FALSE,"oficial"
"composicao_final_assembleias_fonte_oficial.csv","M2002_MT_7_40040_326","MT","2002","DEPUTADO ESTADUAL/DISTRITAL","Mauro Savi","composicao_em_exercicio","https://storage.al.mt.gov.br/api/v1/download/default/627230","oficial",NA,NA,"portal_casa",TRUE,FALSE,FALSE,"oficial"
"composicao_final_assembleias_fonte_oficial.csv","M2002_MT_7_40140_307","MT","2002","DEPUTADO ESTADUAL/DISTRITAL","Eliene","composicao_em_exercicio","https://storage.al.mt.gov.br/api/v1/download/default/173184","oficial",NA,NA,"portal_casa",TRUE,FALSE,FALSE,"oficial"
"composicao_final_assembleias_fonte_oficial.csv","M2002_MT_7_45000_211","MT","2002","DEPUTADO ESTADUAL/DISTRITAL","Chico Daltro","composicao_em_exercicio","https://storage.al.mt.gov.br/api/v1/download/default/627230","oficial",NA,NA,"portal_casa",TRUE,FALSE,FALSE,"oficial"
"composicao_final_assembleias_fonte_oficial.csv","M2002_MT_7_45100_206","MT","2002","DEPUTADO ESTADUAL/DISTRITAL","Riva","composicao_em_exercicio","https://storage.al.mt.gov.br/api/v1/download/default/627230","oficial",NA,NA,"portal_casa",TRUE,FALSE,FALSE,"oficial"
"composicao_final_assembleias_fonte_oficial.csv","M2002_MT_7_45145_213","MT","2002","DEPUTADO ESTADUAL/DISTRITAL","Dilceu Dal Bosco","composicao_em_exercicio","https://storage.al.mt.gov.br/api/v1/download/default/627230","oficial",NA,NA,"portal_casa",TRUE,FALSE,FALSE,"oficial"
"composicao_final_assembleias_fonte_oficial.csv","M2002_MT_7_45163_219","MT","2002","DEPUTADO ESTADUAL/DISTRITAL","Pedro Satélite","composicao_em_exercicio","https://storage.al.mt.gov.br/api/v1/download/default/627230","oficial",NA,NA,"portal_casa",TRUE,FALSE,FALSE,"oficial"
"composicao_final_assembleias_fonte_oficial.csv","M2002_MT_7_45200_209","MT","2002","DEPUTADO ESTADUAL/DISTRITAL","Renê Barbour","composicao_em_exercicio","https://storage.al.mt.gov.br/api/v1/download/default/627230","oficial",NA,NA,"portal_casa",TRUE,FALSE,FALSE,"oficial"
"composicao_final_assembleias_fonte_oficial.csv","M2002_MT_7_45645_222","MT","2002","DEPUTADO ESTADUAL/DISTRITAL","Carlão Nascimento","composicao_em_exercicio","https://storage.al.mt.gov.br/api/v1/download/default/627230","oficial",NA,NA,"portal_casa",TRUE,FALSE,FALSE,"oficial"
"composicao_final_assembleias_fonte_oficial.csv","M2006_MT_7_11011_10059","MT","2006","DEPUTADO ESTADUAL/DISTRITAL","Maksuês Leite","composicao_em_exercicio","https://storage.al.mt.gov.br/api/v1/download/default/173998","oficial",NA,NA,"portal_casa",TRUE,FALSE,FALSE,"oficial"
"composicao_final_assembleias_fonte_oficial.csv","M2006_MT_7_11222_10067","MT","2006","DEPUTADO ESTADUAL/DISTRITAL","Airton Português","composicao_em_exercicio","https://storage.al.mt.gov.br/api/v1/download/default/173998","oficial",NA,NA,"portal_casa",TRUE,FALSE,FALSE,"oficial"
"composicao_final_assembleias_fonte_oficial.csv","M2006_MT_7_12333_10034","MT","2006","DEPUTADO ESTADUAL/DISTRITAL","Otaviano Pivetta","composicao_em_exercicio","https://storage.al.mt.gov.br/api/v1/download/default/173998","oficial",NA,NA,"portal_casa",TRUE,FALSE,FALSE,"oficial"
"composicao_final_assembleias_fonte_oficial.csv","M2006_MT_7_13000_10221","MT","2006","DEPUTADO ESTADUAL/DISTRITAL","Ademir Brunetto","composicao_em_exercicio","https://storage.al.mt.gov.br/api/v1/download/default/173998","oficial",NA,NA,"portal_casa",TRUE,FALSE,FALSE,"oficial"
"composicao_final_assembleias_fonte_oficial.csv","M2006_MT_7_13566_10231","MT","2006","DEPUTADO ESTADUAL/DISTRITAL","Ságuas","composicao_em_exercicio","https://storage.al.mt.gov.br/api/v1/download/default/173998","oficial",NA,NA,"portal_casa",TRUE,FALSE,FALSE,"oficial"
"composicao_final_assembleias_fonte_oficial.csv","M2006_MT_7_15456_10361","MT","2006","DEPUTADO ESTADUAL/DISTRITAL","Adalto de Freitas - Daltinho","composicao_em_exercicio","https://storage.al.mt.gov.br/api/v1/download/default/173998","oficial",NA,NA,"portal_casa",TRUE,FALSE,FALSE,"oficial"
"composicao_final_assembleias_fonte_oficial.csv","M2006_MT_7_23023_10338","MT","2006","DEPUTADO ESTADUAL/DISTRITAL","Sebastião Rezende","composicao_em_exercicio","https://storage.al.mt.gov.br/api/v1/download/default/173998","oficial",NA,NA,"portal_casa",TRUE,FALSE,FALSE,"oficial"
"composicao_final_assembleias_fonte_oficial.csv","M2006_MT_7_23040_10171","MT","2006","DEPUTADO ESTADUAL/DISTRITAL","Mauro Savi","composicao_em_exercicio","https://storage.al.mt.gov.br/api/v1/download/default/173998","oficial",NA,NA,"portal_casa",TRUE,FALSE,FALSE,"oficial"
"composicao_final_assembleias_fonte_oficial.csv","M2006_MT_7_23123_10174","MT","2006","DEPUTADO ESTADUAL/DISTRITAL","Percival Muniz","composicao_em_exercicio","https://storage.al.mt.gov.br/api/v1/download/default/173998","oficial",NA,NA,"portal_casa",TRUE,FALSE,FALSE,"oficial"
"composicao_final_assembleias_fonte_oficial.csv","M2006_MT_7_23444_10180","MT","2006","DEPUTADO ESTADUAL/DISTRITAL","Sérgio Ricardo","composicao_em_exercicio","https://storage.al.mt.gov.br/api/v1/download/default/173998","oficial",NA,NA,"portal_casa",TRUE,FALSE,FALSE,"oficial"
"composicao_final_assembleias_fonte_oficial.csv","M2006_MT_7_23666_10184","MT","2006","DEPUTADO ESTADUAL/DISTRITAL","João Malheiros","composicao_em_exercicio","https://storage.al.mt.gov.br/api/v1/download/default/173998","oficial",NA,NA,"portal_casa",TRUE,FALSE,FALSE,"oficial"
"composicao_final_assembleias_fonte_oficial.csv","M2006_MT_7_25105_10328","MT","2006","DEPUTADO ESTADUAL/DISTRITAL","Gilmar Fabris","composicao_licenciado","https://storage.al.mt.gov.br/api/v1/download/default/173981","oficial",NA,NA,"portal_casa",TRUE,FALSE,FALSE,"oficial"
"composicao_final_assembleias_fonte_oficial.csv","M2006_MT_7_25123_10335","MT","2006","DEPUTADO ESTADUAL/DISTRITAL","Dr. Walace","composicao_licenciado","https://storage.al.mt.gov.br/api/v1/download/default/173990","oficial",NA,NA,"portal_casa",TRUE,FALSE,FALSE,"oficial"
"composicao_final_assembleias_fonte_oficial.csv","M2006_MT_7_25125_10325","MT","2006","DEPUTADO ESTADUAL/DISTRITAL","Dilceu Dal Bosco","composicao_em_exercicio","https://storage.al.mt.gov.br/api/v1/download/default/173998","oficial",NA,NA,"portal_casa",TRUE,FALSE,FALSE,"oficial"
"composicao_final_assembleias_fonte_oficial.csv","M2006_MT_7_25456_10330","MT","2006","DEPUTADO ESTADUAL/DISTRITAL","José Domingos Fraga","composicao_em_exercicio","https://storage.al.mt.gov.br/api/v1/download/default/173998","oficial",NA,NA,"portal_casa",TRUE,FALSE,FALSE,"oficial"
"composicao_final_assembleias_fonte_oficial.csv","M2006_MT_7_45000_10204","MT","2006","DEPUTADO ESTADUAL/DISTRITAL","Guilherme Maluf","composicao_em_exercicio","https://storage.al.mt.gov.br/api/v1/download/default/173998","oficial",NA,NA,"portal_casa",TRUE,FALSE,FALSE,"oficial"
"composicao_final_assembleias_fonte_oficial.csv","M2006_MT_7_45678_10209","MT","2006","DEPUTADO ESTADUAL/DISTRITAL","Chica Nunes","composicao_em_exercicio","https://storage.al.mt.gov.br/api/v1/download/default/173998","oficial",NA,NA,"portal_casa",TRUE,FALSE,FALSE,"oficial"
"composicao_final_assembleias_fonte_oficial.csv","M2010_MT_7_11211_110000000318","MT","2010","DEPUTADO ESTADUAL/DISTRITAL","Dr. Antônio Azambuja","composicao_em_exercicio","https://storage.al.mt.gov.br/api/v1/download/default/174686","oficial",NA,NA,"portal_casa",TRUE,FALSE,FALSE,"oficial"
"composicao_final_assembleias_fonte_oficial.csv","M2010_MT_7_11222_110000000461","MT","2010","DEPUTADO ESTADUAL/DISTRITAL","Airton Português","composicao_em_exercicio","https://storage.al.mt.gov.br/api/v1/download/default/174686","oficial",NA,NA,"portal_casa",TRUE,FALSE,FALSE,"oficial"
"composicao_final_assembleias_fonte_oficial.csv","M2010_MT_7_11234_110000000313","MT","2010","DEPUTADO ESTADUAL/DISTRITAL","Riva","composicao_em_exercicio","https://storage.al.mt.gov.br/api/v1/download/default/174686","oficial",NA,NA,"portal_casa",TRUE,FALSE,FALSE,"oficial"
"composicao_final_assembleias_fonte_oficial.csv","M2010_MT_7_11456_110000000298","MT","2010","DEPUTADO ESTADUAL/DISTRITAL","Ezequiel Fonseca","composicao_em_exercicio","https://storage.al.mt.gov.br/api/v1/download/default/174686","oficial",NA,NA,"portal_casa",TRUE,FALSE,FALSE,"oficial"
"composicao_final_assembleias_fonte_oficial.csv","M2010_MT_7_12345_110000000577","MT","2010","DEPUTADO ESTADUAL/DISTRITAL","Zeca Viana","composicao_em_exercicio","https://storage.al.mt.gov.br/api/v1/download/default/174686","oficial",NA,NA,"portal_casa",TRUE,FALSE,FALSE,"oficial"
"composicao_final_assembleias_fonte_oficial.csv","M2010_MT_7_13000_110000000132","MT","2010","DEPUTADO ESTADUAL/DISTRITAL","Ademir Brunetto","composicao_em_exercicio","https://storage.al.mt.gov.br/api/v1/download/default/174686","oficial",NA,NA,"portal_casa",TRUE,FALSE,FALSE,"oficial"
"composicao_final_assembleias_fonte_oficial.csv","M2010_MT_7_14650_110000000380","MT","2010","DEPUTADO ESTADUAL/DISTRITAL","Luiz Marinho","composicao_em_exercicio","https://storage.al.mt.gov.br/api/v1/download/default/174686","oficial",NA,NA,"portal_casa",TRUE,FALSE,FALSE,"oficial"
"composicao_final_assembleias_fonte_oficial.csv","M2010_MT_7_15015_110000000100","MT","2010","DEPUTADO ESTADUAL/DISTRITAL","Teté Bezerra","composicao_em_exercicio","https://storage.al.mt.gov.br/api/v1/download/default/174686","oficial",NA,NA,"portal_casa",TRUE,FALSE,FALSE,"oficial"
"composicao_final_assembleias_fonte_oficial.csv","M2010_MT_7_15151_110000000145","MT","2010","DEPUTADO ESTADUAL/DISTRITAL","Romoaldo Júnior","composicao_em_exercicio","https://storage.al.mt.gov.br/api/v1/download/default/174686","oficial",NA,NA,"portal_casa",TRUE,FALSE,FALSE,"oficial"
"composicao_final_assembleias_fonte_oficial.csv","M2010_MT_7_15200_110000000110","MT","2010","DEPUTADO ESTADUAL/DISTRITAL","Baiano Filho","composicao_em_exercicio","https://storage.al.mt.gov.br/api/v1/download/default/174686","oficial",NA,NA,"portal_casa",TRUE,FALSE,FALSE,"oficial"
"composicao_final_assembleias_fonte_oficial.csv","M2010_MT_7_22022_110000000124","MT","2010","DEPUTADO ESTADUAL/DISTRITAL","Sebastião Rezende","composicao_em_exercicio","https://storage.al.mt.gov.br/api/v1/download/default/174686","oficial",NA,NA,"portal_casa",TRUE,FALSE,FALSE,"oficial"
"composicao_final_assembleias_fonte_oficial.csv","M2010_MT_7_22040_110000000114","MT","2010","DEPUTADO ESTADUAL/DISTRITAL","Mauro Savi","composicao_em_exercicio","https://storage.al.mt.gov.br/api/v1/download/default/174686","oficial",NA,NA,"portal_casa",TRUE,FALSE,FALSE,"oficial"
"composicao_final_assembleias_fonte_oficial.csv","M2010_MT_7_22123_110000000454","MT","2010","DEPUTADO ESTADUAL/DISTRITAL","Hermínio J. Barreto","composicao_em_exercicio","https://storage.al.mt.gov.br/api/v1/download/default/174686","oficial",NA,NA,"portal_casa",TRUE,FALSE,FALSE,"oficial"
"composicao_final_assembleias_fonte_oficial.csv","M2010_MT_7_22666_110000000109","MT","2010","DEPUTADO ESTADUAL/DISTRITAL","João Malheiros","composicao_em_exercicio","https://storage.al.mt.gov.br/api/v1/download/default/174686","oficial",NA,NA,"portal_casa",TRUE,FALSE,FALSE,"oficial"
"composicao_final_assembleias_fonte_oficial.csv","M2010_MT_7_22999_110000000455","MT","2010","DEPUTADO ESTADUAL/DISTRITAL","Wagner Ramos","composicao_em_exercicio","https://storage.al.mt.gov.br/api/v1/download/default/174686","oficial",NA,NA,"portal_casa",TRUE,FALSE,FALSE,"oficial"
"composicao_final_assembleias_fonte_oficial.csv","M2010_MT_7_25125_110000000046","MT","2010","DEPUTADO ESTADUAL/DISTRITAL","Dilmar Dal Bosco","composicao_em_exercicio","https://storage.al.mt.gov.br/api/v1/download/default/174686","oficial",NA,NA,"portal_casa",TRUE,FALSE,FALSE,"oficial"
"composicao_final_assembleias_fonte_oficial.csv","M2010_MT_7_25456_110000000057","MT","2010","DEPUTADO ESTADUAL/DISTRITAL","José Domingos Fraga","composicao_em_exercicio","https://storage.al.mt.gov.br/api/v1/download/default/174686","oficial",NA,NA,"portal_casa",TRUE,FALSE,FALSE,"oficial"
"composicao_final_assembleias_fonte_oficial.csv","M2010_MT_7_40300_110000000195","MT","2010","DEPUTADO ESTADUAL/DISTRITAL","Luciane Bezerra","composicao_em_exercicio","https://storage.al.mt.gov.br/api/v1/download/default/174686","oficial",NA,NA,"portal_casa",TRUE,FALSE,FALSE,"oficial"
"composicao_final_assembleias_fonte_oficial.csv","M2010_MT_7_45000_110000000077","MT","2010","DEPUTADO ESTADUAL/DISTRITAL","Guilherme Maluf","composicao_em_exercicio","https://storage.al.mt.gov.br/api/v1/download/default/174686","oficial",NA,NA,"portal_casa",TRUE,FALSE,FALSE,"oficial"
"composicao_final_assembleias_fonte_oficial.csv","M2014_MT_7_12345_110000000097","MT","2014","DEPUTADO ESTADUAL/DISTRITAL","Zeca Viana","composicao_em_exercicio","https://storage.al.mt.gov.br/api/v1/download/default/185696","oficial",NA,NA,"portal_casa",TRUE,FALSE,FALSE,"oficial"
"composicao_final_assembleias_fonte_oficial.csv","M2014_MT_7_12612_110000000098","MT","2014","DEPUTADO ESTADUAL/DISTRITAL","Dr. Leonardo","composicao_em_exercicio","https://storage.al.mt.gov.br/api/v1/download/default/185696","oficial",NA,NA,"portal_casa",TRUE,FALSE,FALSE,"oficial"
"composicao_final_assembleias_fonte_oficial.csv","M2014_MT_7_13123_110000000334","MT","2014","DEPUTADO ESTADUAL/DISTRITAL","Valdir Barranco","composicao_em_exercicio","https://storage.al.mt.gov.br/api/v1/download/default/185696","oficial",NA,NA,"portal_casa",TRUE,FALSE,FALSE,"oficial"
"composicao_final_assembleias_fonte_oficial.csv","M2014_MT_7_15123_110000000362","MT","2014","DEPUTADO ESTADUAL/DISTRITAL","Silvano Amaral","composicao_em_exercicio","https://storage.al.mt.gov.br/api/v1/download/default/185696","oficial",NA,NA,"portal_casa",TRUE,FALSE,FALSE,"oficial"
"composicao_final_assembleias_fonte_oficial.csv","M2014_MT_7_15151_110000000361","MT","2014","DEPUTADO ESTADUAL/DISTRITAL","Romoaldo Júnior","composicao_em_exercicio","https://storage.al.mt.gov.br/api/v1/download/default/185696","oficial",NA,NA,"portal_casa",TRUE,FALSE,FALSE,"oficial"
"composicao_final_assembleias_fonte_oficial.csv","M2014_MT_7_15200_110000000354","MT","2014","DEPUTADO ESTADUAL/DISTRITAL","Baiano Filho","composicao_em_exercicio","https://storage.al.mt.gov.br/api/v1/download/default/185696","oficial",NA,NA,"portal_casa",TRUE,FALSE,FALSE,"oficial"
"composicao_final_assembleias_fonte_oficial.csv","M2014_MT_7_22022_110000000378","MT","2014","DEPUTADO ESTADUAL/DISTRITAL","Sebastião Rezende","composicao_em_exercicio","https://storage.al.mt.gov.br/api/v1/download/default/185696","oficial",NA,NA,"portal_casa",TRUE,FALSE,FALSE,"oficial"
"composicao_final_assembleias_fonte_oficial.csv","M2014_MT_7_22040_110000000374","MT","2014","DEPUTADO ESTADUAL/DISTRITAL","Mauro Savi","composicao_em_exercicio","https://storage.al.mt.gov.br/api/v1/download/default/185696","oficial",NA,NA,"portal_casa",TRUE,FALSE,FALSE,"oficial"
"composicao_final_assembleias_fonte_oficial.csv","M2014_MT_7_22345_110000000376","MT","2014","DEPUTADO ESTADUAL/DISTRITAL","Nininho","composicao_em_exercicio","https://storage.al.mt.gov.br/api/v1/download/default/185696","oficial",NA,NA,"portal_casa",TRUE,FALSE,FALSE,"oficial"
"composicao_final_assembleias_fonte_oficial.csv","M2014_MT_7_22999_110000000370","MT","2014","DEPUTADO ESTADUAL/DISTRITAL","Wagner Ramos","composicao_em_exercicio","https://storage.al.mt.gov.br/api/v1/download/default/185696","oficial",NA,NA,"portal_casa",TRUE,FALSE,FALSE,"oficial"
"composicao_final_assembleias_fonte_oficial.csv","M2014_MT_7_25125_110000000084","MT","2014","DEPUTADO ESTADUAL/DISTRITAL","Dilmar Dal Bosco","composicao_em_exercicio","https://storage.al.mt.gov.br/api/v1/download/default/185696","oficial",NA,NA,"portal_casa",TRUE,FALSE,FALSE,"oficial"
"composicao_final_assembleias_fonte_oficial.csv","M2014_MT_7_40000_110000000210","MT","2014","DEPUTADO ESTADUAL/DISTRITAL","Max Russi","composicao_em_exercicio","https://storage.al.mt.gov.br/api/v1/download/default/185696","oficial",NA,NA,"portal_casa",TRUE,FALSE,FALSE,"oficial"
"composicao_final_assembleias_fonte_oficial.csv","M2014_MT_7_40300_110000000211","MT","2014","DEPUTADO ESTADUAL/DISTRITAL","Oscar Bezerra","composicao_em_exercicio","https://storage.al.mt.gov.br/api/v1/download/default/185696","oficial",NA,NA,"portal_casa",TRUE,FALSE,FALSE,"oficial"
"composicao_final_assembleias_fonte_oficial.csv","M2014_MT_7_40650_110000000204","MT","2014","DEPUTADO ESTADUAL/DISTRITAL","Eduardo Botelho","composicao_em_exercicio","https://storage.al.mt.gov.br/api/v1/download/default/185696","oficial",NA,NA,"portal_casa",TRUE,FALSE,FALSE,"oficial"
"composicao_final_assembleias_fonte_oficial.csv","M2014_MT_7_43333_110000000081","MT","2014","DEPUTADO ESTADUAL/DISTRITAL","Wancley Carvalho","composicao_em_exercicio","https://storage.al.mt.gov.br/api/v1/download/default/185696","oficial",NA,NA,"portal_casa",TRUE,FALSE,FALSE,"oficial"
"composicao_final_assembleias_fonte_oficial.csv","M2014_MT_7_45000_110000000111","MT","2014","DEPUTADO ESTADUAL/DISTRITAL","Guilherme Maluf","composicao_em_exercicio","https://storage.al.mt.gov.br/api/v1/download/default/185696","oficial",NA,NA,"portal_casa",TRUE,FALSE,FALSE,"oficial"
"composicao_final_assembleias_fonte_oficial.csv","M2014_MT_7_45100_110000000120","MT","2014","DEPUTADO ESTADUAL/DISTRITAL","Wilson Santos","composicao_em_exercicio","https://storage.al.mt.gov.br/api/v1/download/default/185696","oficial",NA,NA,"portal_casa",TRUE,FALSE,FALSE,"oficial"
"composicao_final_assembleias_fonte_oficial.csv","M2014_MT_7_45222_110000000117","MT","2014","DEPUTADO ESTADUAL/DISTRITAL","Saturnino Masson","composicao_em_exercicio","https://storage.al.mt.gov.br/api/v1/download/default/185696","oficial",NA,NA,"portal_casa",TRUE,FALSE,FALSE,"oficial"
"composicao_final_assembleias_fonte_oficial.csv","M2014_MT_7_55123_110000000283","MT","2014","DEPUTADO ESTADUAL/DISTRITAL","Janaina Riva","composicao_em_exercicio","https://storage.al.mt.gov.br/api/v1/download/default/185696","oficial",NA,NA,"portal_casa",TRUE,FALSE,FALSE,"oficial"
"composicao_final_assembleias_fonte_oficial.csv","M2014_MT_7_55163_110000000274","MT","2014","DEPUTADO ESTADUAL/DISTRITAL","Pedro Satélite","composicao_em_exercicio","https://storage.al.mt.gov.br/api/v1/download/default/185696","oficial",NA,NA,"portal_casa",TRUE,FALSE,FALSE,"oficial"
"composicao_final_assembleias_fonte_oficial.csv","M2014_MT_7_55456_110000000443","MT","2014","DEPUTADO ESTADUAL/DISTRITAL","Zé Domingos Fraga","composicao_em_exercicio","https://storage.al.mt.gov.br/api/v1/download/default/185696","oficial",NA,NA,"portal_casa",TRUE,FALSE,FALSE,"oficial"
"composicao_final_assembleias_fonte_oficial.csv","M2018_MT_7_10000_110000621220","MT","2018","DEPUTADO ESTADUAL/DISTRITAL","VALMIR MORETTO","composicao_em_exercicio","https://storage.al.mt.gov.br/api/v1/download/default/562965","oficial",NA,NA,"portal_casa",TRUE,FALSE,FALSE,"oficial"
"composicao_final_assembleias_fonte_oficial.csv","M2018_MT_7_11456_110000613880","MT","2018","DEPUTADO ESTADUAL/DISTRITAL","PAULO ARAÚJO","composicao_em_exercicio","https://storage.al.mt.gov.br/api/v1/download/default/562965","oficial",NA,NA,"portal_casa",TRUE,FALSE,FALSE,"oficial"
"composicao_final_assembleias_fonte_oficial.csv","M2018_MT_7_12300_110000623366","MT","2018","DEPUTADO ESTADUAL/DISTRITAL","Prof. Allan Kardec","composicao_licenciado","https://diariooficial.al.mt.gov.br/publicacoes/16953/","oficial",NA,NA,"diario_oficial",TRUE,FALSE,FALSE,"oficial"
"composicao_final_assembleias_fonte_oficial.csv","M2018_MT_7_13123_110000621205","MT","2018","DEPUTADO ESTADUAL/DISTRITAL","VALDIR BARRANCO","composicao_em_exercicio","https://storage.al.mt.gov.br/api/v1/download/default/562965","oficial",NA,NA,"portal_casa",TRUE,FALSE,FALSE,"oficial"
"composicao_final_assembleias_fonte_oficial.csv","M2018_MT_7_13130_110000621198","MT","2018","DEPUTADO ESTADUAL/DISTRITAL","LÚDIO CABRAL","composicao_em_exercicio","https://storage.al.mt.gov.br/api/v1/download/default/562965","oficial",NA,NA,"portal_casa",TRUE,FALSE,FALSE,"oficial"
"composicao_final_assembleias_fonte_oficial.csv","M2018_MT_7_15015_110000623368","MT","2018","DEPUTADO ESTADUAL/DISTRITAL","Janaina Riva","composicao_licenciado","https://diariooficial.al.mt.gov.br/publicacoes/16934/","oficial",NA,NA,"diario_oficial",TRUE,FALSE,FALSE,"oficial"
"composicao_final_assembleias_fonte_oficial.csv","M2018_MT_7_15152_110000623374","MT","2018","DEPUTADO ESTADUAL/DISTRITAL","Thiago Silva","composicao_licenciado","https://diariooficial.al.mt.gov.br/publicacoes/16935/","oficial",NA,NA,"diario_oficial",TRUE,FALSE,FALSE,"oficial"
"composicao_final_assembleias_fonte_oficial.csv","M2018_MT_7_15678_110000623398","MT","2018","DEPUTADO ESTADUAL/DISTRITAL","DR. JOÃO","composicao_em_exercicio","https://storage.al.mt.gov.br/api/v1/download/default/562965","oficial",NA,NA,"portal_casa",TRUE,FALSE,FALSE,"oficial"
"composicao_final_assembleias_fonte_oficial.csv","M2018_MT_7_17133_110000609520","MT","2018","DEPUTADO ESTADUAL/DISTRITAL","DELEGADO CLAUDINEI","composicao_em_exercicio","https://storage.al.mt.gov.br/api/v1/download/default/562965","oficial",NA,NA,"portal_casa",TRUE,FALSE,FALSE,"oficial"
"composicao_final_assembleias_fonte_oficial.csv","M2018_MT_7_20020_110000623390","MT","2018","DEPUTADO ESTADUAL/DISTRITAL","XUXU DAL MOLIN","composicao_em_exercicio","https://storage.al.mt.gov.br/api/v1/download/default/562965","oficial",NA,NA,"portal_casa",TRUE,FALSE,FALSE,"oficial"
"composicao_final_assembleias_fonte_oficial.csv","M2018_MT_7_20123_110000623391","MT","2018","DEPUTADO ESTADUAL/DISTRITAL","SEBASTIÃO REZENDE","composicao_em_exercicio","https://storage.al.mt.gov.br/api/v1/download/default/562965","oficial",NA,NA,"portal_casa",TRUE,FALSE,FALSE,"oficial"
"composicao_final_assembleias_fonte_oficial.csv","M2018_MT_7_25125_110000623353","MT","2018","DEPUTADO ESTADUAL/DISTRITAL","DILMAR DAL BOSCO","composicao_em_exercicio","https://storage.al.mt.gov.br/api/v1/download/default/562965","oficial",NA,NA,"portal_casa",TRUE,FALSE,FALSE,"oficial"
"composicao_final_assembleias_fonte_oficial.csv","M2018_MT_7_25650_110000623357","MT","2018","DEPUTADO ESTADUAL/DISTRITAL","EDUARDO BOTELHO","composicao_em_exercicio","https://storage.al.mt.gov.br/api/v1/download/default/562965","oficial",NA,NA,"portal_casa",TRUE,FALSE,FALSE,"oficial"
"composicao_final_assembleias_fonte_oficial.csv","M2018_MT_7_27123_110000621651","MT","2018","DEPUTADO ESTADUAL/DISTRITAL","ULYSSES MORAES","composicao_em_exercicio","https://storage.al.mt.gov.br/api/v1/download/default/562965","oficial",NA,NA,"portal_casa",TRUE,FALSE,FALSE,"oficial"
"composicao_final_assembleias_fonte_oficial.csv","M2018_MT_7_27190_110000621645","MT","2018","DEPUTADO ESTADUAL/DISTRITAL","ELIZEU NASCIMENTO","composicao_em_exercicio","https://storage.al.mt.gov.br/api/v1/download/default/562965","oficial",NA,NA,"portal_casa",TRUE,FALSE,FALSE,"oficial"
"composicao_final_assembleias_fonte_oficial.csv","M2018_MT_7_40000_110000612604","MT","2018","DEPUTADO ESTADUAL/DISTRITAL","MAX RUSSI","composicao_em_exercicio","https://storage.al.mt.gov.br/api/v1/download/default/562965","oficial",NA,NA,"portal_casa",TRUE,FALSE,FALSE,"oficial"
"composicao_final_assembleias_fonte_oficial.csv","M2018_MT_7_40999_110000612634","MT","2018","DEPUTADO ESTADUAL/DISTRITAL","DR. EUGÊNIO","composicao_em_exercicio","https://storage.al.mt.gov.br/api/v1/download/default/562965","oficial",NA,NA,"portal_casa",TRUE,FALSE,FALSE,"oficial"
"composicao_final_assembleias_fonte_oficial.csv","M2018_MT_7_43333_110000614609","MT","2018","DEPUTADO ESTADUAL/DISTRITAL","DR. GIMENEZ","composicao_em_exercicio","https://storage.al.mt.gov.br/api/v1/download/default/562965","oficial",NA,NA,"portal_casa",TRUE,FALSE,FALSE,"oficial"
"composicao_final_assembleias_fonte_oficial.csv","M2018_MT_7_43444_110000614590","MT","2018","DEPUTADO ESTADUAL/DISTRITAL","Faissal","composicao_licenciado","https://diariooficial.al.mt.gov.br/publicacoes/16834/","oficial",NA,NA,"diario_oficial",TRUE,FALSE,FALSE,"oficial"
"composicao_final_assembleias_fonte_oficial.csv","M2018_MT_7_45100_110000622539","MT","2018","DEPUTADO ESTADUAL/DISTRITAL","WILSON SANTOS","composicao_em_exercicio","https://storage.al.mt.gov.br/api/v1/download/default/562965","oficial",NA,NA,"portal_casa",TRUE,FALSE,FALSE,"oficial"
"composicao_final_assembleias_fonte_oficial.csv","M2018_MT_7_55123_110000623389","MT","2018","DEPUTADO ESTADUAL/DISTRITAL","NININHO","composicao_em_exercicio","https://storage.al.mt.gov.br/api/v1/download/default/562965","oficial",NA,NA,"portal_casa",TRUE,FALSE,FALSE,"oficial"
"composicao_final_assembleias_fonte_oficial.csv","M2018_MT_7_90789_110000613871","MT","2018","DEPUTADO ESTADUAL/DISTRITAL","JOÃO BATISTA DO SINDSPEN","composicao_em_exercicio","https://storage.al.mt.gov.br/api/v1/download/default/562965","oficial",NA,NA,"portal_casa",TRUE,FALSE,FALSE,"oficial"
"composicao_final_assembleias_fonte_oficial.csv","M1998_PA_7_11110_140001407111101","PA","1998","DEPUTADO ESTADUAL/DISTRITAL","José Neto","composicao_em_exercicio","https://web.archive.org/web/20030109103746/http://www.alepa.pa.gov.br:80/deputados.htm","oficial",NA,NA,"wayback_portal_casa",TRUE,FALSE,FALSE,"oficial"
"composicao_final_assembleias_fonte_oficial.csv","M1998_PA_7_11115_140001407111151","PA","1998","DEPUTADO ESTADUAL/DISTRITAL","Cipriano Sabino","composicao_em_exercicio","https://web.archive.org/web/20030109103746/http://www.alepa.pa.gov.br:80/deputados.htm","oficial",NA,NA,"wayback_portal_casa",TRUE,FALSE,FALSE,"oficial"
"composicao_final_assembleias_fonte_oficial.csv","M1998_PA_7_11120_140001407111201","PA","1998","DEPUTADO ESTADUAL/DISTRITAL","Antenor Bararu","composicao_em_exercicio","https://web.archive.org/web/20030109103746/http://www.alepa.pa.gov.br:80/deputados.htm","oficial",NA,NA,"wayback_portal_casa",TRUE,FALSE,FALSE,"oficial"
"composicao_final_assembleias_fonte_oficial.csv","M1998_PA_7_12101_140001407121011","PA","1998","DEPUTADO ESTADUAL/DISTRITAL","Zequinha Marinho","composicao_em_exercicio","https://web.archive.org/web/20030109103746/http://www.alepa.pa.gov.br:80/deputados.htm","oficial",NA,NA,"wayback_portal_casa",TRUE,FALSE,FALSE,"oficial"
"composicao_final_assembleias_fonte_oficial.csv","M1998_PA_7_12120_140001407121201","PA","1998","DEPUTADO ESTADUAL/DISTRITAL","Luís Cunha","composicao_em_exercicio","https://web.archive.org/web/20030109103746/http://www.alepa.pa.gov.br:80/deputados.htm","oficial",NA,NA,"wayback_portal_casa",TRUE,FALSE,FALSE,"oficial"
"composicao_final_assembleias_fonte_oficial.csv","M1998_PA_7_12234_140001407122341","PA","1998","DEPUTADO ESTADUAL/DISTRITAL","Francisco Victer","composicao_em_exercicio","https://web.archive.org/web/20030109103746/http://www.alepa.pa.gov.br:80/deputados.htm","oficial",NA,NA,"wayback_portal_casa",TRUE,FALSE,FALSE,"oficial"
"composicao_final_assembleias_fonte_oficial.csv","M1998_PA_7_13123_140001407131231","PA","1998","DEPUTADO ESTADUAL/DISTRITAL","Maria do Carmo","composicao_em_exercicio","https://web.archive.org/web/20030109103746/http://www.alepa.pa.gov.br:80/deputados.htm","oficial",NA,NA,"wayback_portal_casa",TRUE,FALSE,FALSE,"oficial"
"composicao_final_assembleias_fonte_oficial.csv","M1998_PA_7_13131_140001407131311","PA","1998","DEPUTADO ESTADUAL/DISTRITAL","Araceli Lemos","composicao_em_exercicio","https://web.archive.org/web/20030109103746/http://www.alepa.pa.gov.br:80/deputados.htm","oficial",NA,NA,"wayback_portal_casa",TRUE,FALSE,FALSE,"oficial"
"composicao_final_assembleias_fonte_oficial.csv","M1998_PA_7_13500_140001407135001","PA","1998","DEPUTADO ESTADUAL/DISTRITAL","Zé Geraldo","composicao_em_exercicio","https://web.archive.org/web/20030109103746/http://www.alepa.pa.gov.br:80/deputados.htm","oficial",NA,NA,"wayback_portal_casa",TRUE,FALSE,FALSE,"oficial"
"composicao_final_assembleias_fonte_oficial.csv","M1998_PA_7_13513_140001407135131","PA","1998","DEPUTADO ESTADUAL/DISTRITAL","Mario Cardoso","composicao_em_exercicio","https://web.archive.org/web/20030109103746/http://www.alepa.pa.gov.br:80/deputados.htm","oficial",NA,NA,"wayback_portal_casa",TRUE,FALSE,FALSE,"oficial"
"composicao_final_assembleias_fonte_oficial.csv","M1998_PA_7_14110_140001407141101","PA","1998","DEPUTADO ESTADUAL/DISTRITAL","Pio X","composicao_em_exercicio","https://web.archive.org/web/20030109103746/http://www.alepa.pa.gov.br:80/deputados.htm","oficial",NA,NA,"wayback_portal_casa",TRUE,FALSE,FALSE,"oficial"
"composicao_final_assembleias_fonte_oficial.csv","M1998_PA_7_14555_140001407145551","PA","1998","DEPUTADO ESTADUAL/DISTRITAL","Claudiney Furman","composicao_em_exercicio","https://web.archive.org/web/20030109103746/http://www.alepa.pa.gov.br:80/deputados.htm","oficial",NA,NA,"wayback_portal_casa",TRUE,FALSE,FALSE,"oficial"
"composicao_final_assembleias_fonte_oficial.csv","M1998_PA_7_14610_140001407146101","PA","1998","DEPUTADO ESTADUAL/DISTRITAL","Bosco Gabriel","composicao_em_exercicio","https://web.archive.org/web/20030109103746/http://www.alepa.pa.gov.br:80/deputados.htm","oficial",NA,NA,"wayback_portal_casa",TRUE,FALSE,FALSE,"oficial"
"composicao_final_assembleias_fonte_oficial.csv","M1998_PA_7_15105_140001407151051","PA","1998","DEPUTADO ESTADUAL/DISTRITAL","Zé Lima","composicao_em_exercicio","https://web.archive.org/web/20030109103746/http://www.alepa.pa.gov.br:80/deputados.htm","oficial",NA,NA,"wayback_portal_casa",TRUE,FALSE,FALSE,"oficial"
"composicao_final_assembleias_fonte_oficial.csv","M1998_PA_7_15109_140001407151091","PA","1998","DEPUTADO ESTADUAL/DISTRITAL","Haroldo Martins","composicao_em_exercicio","https://web.archive.org/web/20030109103746/http://www.alepa.pa.gov.br:80/deputados.htm","oficial",NA,NA,"wayback_portal_casa",TRUE,FALSE,FALSE,"oficial"
"composicao_final_assembleias_fonte_oficial.csv","M1998_PA_7_15111_140001407151111","PA","1998","DEPUTADO ESTADUAL/DISTRITAL","Bira Barbosa","composicao_em_exercicio","https://web.archive.org/web/20030109103746/http://www.alepa.pa.gov.br:80/deputados.htm","oficial",NA,NA,"wayback_portal_casa",TRUE,FALSE,FALSE,"oficial"
"composicao_final_assembleias_fonte_oficial.csv","M1998_PA_7_15115_140001407151151","PA","1998","DEPUTADO ESTADUAL/DISTRITAL","Gabriel Guerreiro","composicao_em_exercicio","https://web.archive.org/web/20030109103746/http://www.alepa.pa.gov.br:80/deputados.htm","oficial",NA,NA,"wayback_portal_casa",TRUE,FALSE,FALSE,"oficial"
"composicao_final_assembleias_fonte_oficial.csv","M1998_PA_7_15156_140001407151561","PA","1998","DEPUTADO ESTADUAL/DISTRITAL","Cristina Mutran","composicao_em_exercicio","https://web.archive.org/web/20030109103746/http://www.alepa.pa.gov.br:80/deputados.htm","oficial",NA,NA,"wayback_portal_casa",TRUE,FALSE,FALSE,"oficial"
"composicao_final_assembleias_fonte_oficial.csv","M1998_PA_7_15192_140001407151921","PA","1998","DEPUTADO ESTADUAL/DISTRITAL","Hélio Leite","composicao_em_exercicio","https://web.archive.org/web/20030109103746/http://www.alepa.pa.gov.br:80/deputados.htm","oficial",NA,NA,"wayback_portal_casa",TRUE,FALSE,FALSE,"oficial"
"composicao_final_assembleias_fonte_oficial.csv","M1998_PA_7_15195_140001407151951","PA","1998","DEPUTADO ESTADUAL/DISTRITAL","Antônio Rocha","composicao_em_exercicio","https://web.archive.org/web/20030109103746/http://www.alepa.pa.gov.br:80/deputados.htm","oficial",NA,NA,"wayback_portal_casa",TRUE,FALSE,FALSE,"oficial"
"composicao_final_assembleias_fonte_oficial.csv","M1998_PA_7_22100_140001407221001","PA","1998","DEPUTADO ESTADUAL/DISTRITAL","Nadir Neves","composicao_em_exercicio","https://web.archive.org/web/20030109103746/http://www.alepa.pa.gov.br:80/deputados.htm","oficial",NA,NA,"wayback_portal_casa",TRUE,FALSE,FALSE,"oficial"
"composicao_final_assembleias_fonte_oficial.csv","M1998_PA_7_22120_140001407221201","PA","1998","DEPUTADO ESTADUAL/DISTRITAL","Luís Afonso Sefer","composicao_em_exercicio","https://web.archive.org/web/20030109103746/http://www.alepa.pa.gov.br:80/deputados.htm","oficial",NA,NA,"wayback_portal_casa",TRUE,FALSE,FALSE,"oficial"
"composicao_final_assembleias_fonte_oficial.csv","M1998_PA_7_22123_140001407221231","PA","1998","DEPUTADO ESTADUAL/DISTRITAL","Dr. Soares","composicao_em_exercicio","https://web.archive.org/web/20030109103746/http://www.alepa.pa.gov.br:80/deputados.htm","oficial",NA,NA,"wayback_portal_casa",TRUE,FALSE,FALSE,"oficial"
"composicao_final_assembleias_fonte_oficial.csv","M1998_PA_7_23611_140001407236111","PA","1998","DEPUTADO ESTADUAL/DISTRITAL","Claudio Almeida","composicao_em_exercicio","https://web.archive.org/web/20030109103746/http://www.alepa.pa.gov.br:80/deputados.htm","oficial",NA,NA,"wayback_portal_casa",TRUE,FALSE,FALSE,"oficial"
"composicao_final_assembleias_fonte_oficial.csv","M1998_PA_7_25125_140001407251251","PA","1998","DEPUTADO ESTADUAL/DISTRITAL","André Dias","composicao_em_exercicio","https://web.archive.org/web/20030109103746/http://www.alepa.pa.gov.br:80/deputados.htm","oficial",NA,NA,"wayback_portal_casa",TRUE,FALSE,FALSE,"oficial"
"composicao_final_assembleias_fonte_oficial.csv","M1998_PA_7_25133_140001407251331","PA","1998","DEPUTADO ESTADUAL/DISTRITAL","Pastor Carlos de Jesus","composicao_em_exercicio","https://web.archive.org/web/20030109103746/http://www.alepa.pa.gov.br:80/deputados.htm","oficial",NA,NA,"wayback_portal_casa",TRUE,FALSE,FALSE,"oficial"
"composicao_final_assembleias_fonte_oficial.csv","M1998_PA_7_25234_140001407252341","PA","1998","DEPUTADO ESTADUAL/DISTRITAL","Murilo","composicao_em_exercicio","https://web.archive.org/web/20030109103746/http://www.alepa.pa.gov.br:80/deputados.htm","oficial",NA,NA,"wayback_portal_casa",TRUE,FALSE,FALSE,"oficial"
"composicao_final_assembleias_fonte_oficial.csv","M1998_PA_7_40150_140001407401501","PA","1998","DEPUTADO ESTADUAL/DISTRITAL","Ivanildo Alves","composicao_em_exercicio","https://web.archive.org/web/20030109103746/http://www.alepa.pa.gov.br:80/deputados.htm","oficial",NA,NA,"wayback_portal_casa",TRUE,FALSE,FALSE,"oficial"
"composicao_final_assembleias_fonte_oficial.csv","M1998_PA_7_41101_140001407411011","PA","1998","DEPUTADO ESTADUAL/DISTRITAL","Celso Sarub","composicao_em_exercicio","https://web.archive.org/web/20030109103746/http://www.alepa.pa.gov.br:80/deputados.htm","oficial",NA,NA,"wayback_portal_casa",TRUE,FALSE,FALSE,"oficial"
"composicao_final_assembleias_fonte_oficial.csv","M1998_PA_7_41111_140001407411111","PA","1998","DEPUTADO ESTADUAL/DISTRITAL","Duciomar Costa","composicao_em_exercicio","https://web.archive.org/web/20030109103746/http://www.alepa.pa.gov.br:80/deputados.htm","oficial",NA,NA,"wayback_portal_casa",TRUE,FALSE,FALSE,"oficial"
"composicao_final_assembleias_fonte_oficial.csv","M1998_PA_7_45110_140001407451101","PA","1998","DEPUTADO ESTADUAL/DISTRITAL","Martinho Carmona","composicao_em_exercicio","https://web.archive.org/web/20030109103746/http://www.alepa.pa.gov.br:80/deputados.htm","oficial",NA,NA,"wayback_portal_casa",TRUE,FALSE,FALSE,"oficial"
"composicao_final_assembleias_fonte_oficial.csv","M1998_PA_7_45112_140001407451121","PA","1998","DEPUTADO ESTADUAL/DISTRITAL","Mario Couto","composicao_em_exercicio","https://web.archive.org/web/20030109103746/http://www.alepa.pa.gov.br:80/deputados.htm","oficial",NA,NA,"wayback_portal_casa",TRUE,FALSE,FALSE,"oficial"
"composicao_final_assembleias_fonte_oficial.csv","M1998_PA_7_45144_140001407451441","PA","1998","DEPUTADO ESTADUAL/DISTRITAL","Zeca Araújo","composicao_em_exercicio","https://web.archive.org/web/20030109103746/http://www.alepa.pa.gov.br:80/deputados.htm","oficial",NA,NA,"wayback_portal_casa",TRUE,FALSE,FALSE,"oficial"
"composicao_final_assembleias_fonte_oficial.csv","M1998_PA_7_45147_140001407451471","PA","1998","DEPUTADO ESTADUAL/DISTRITAL","Elza Miranda","composicao_em_exercicio","https://web.archive.org/web/20030109103746/http://www.alepa.pa.gov.br:80/deputados.htm","oficial",NA,NA,"wayback_portal_casa",TRUE,FALSE,FALSE,"oficial"
"composicao_final_assembleias_fonte_oficial.csv","M1998_PA_7_45150_140001407451501","PA","1998","DEPUTADO ESTADUAL/DISTRITAL","Cezar Colares","composicao_em_exercicio","https://web.archive.org/web/20030109103746/http://www.alepa.pa.gov.br:80/deputados.htm","oficial",NA,NA,"wayback_portal_casa",TRUE,FALSE,FALSE,"oficial"
"composicao_final_assembleias_fonte_oficial.csv","M1998_PA_7_45188_140001407451881","PA","1998","DEPUTADO ESTADUAL/DISTRITAL","Faisal Salmen","composicao_em_exercicio","https://web.archive.org/web/20030109103746/http://www.alepa.pa.gov.br:80/deputados.htm","oficial",NA,NA,"wayback_portal_casa",TRUE,FALSE,FALSE,"oficial"
"composicao_final_assembleias_fonte_oficial.csv","M1998_PA_7_65123_140001407651231","PA","1998","DEPUTADO ESTADUAL/DISTRITAL","Sandra","composicao_em_exercicio","https://web.archive.org/web/20030109103746/http://www.alepa.pa.gov.br:80/deputados.htm","oficial",NA,NA,"wayback_portal_casa",TRUE,FALSE,FALSE,"oficial"
"composicao_final_assembleias_fonte_oficial.csv","M2006_PA_7_10123_10512","PA","2006","DEPUTADO ESTADUAL/DISTRITAL","Roberto Santos","composicao_em_exercicio","https://web.archive.org/web/20101208091736/http://www.alepa.pa.gov.br:80/alepa/deputados.php","oficial",NA,NA,"wayback_portal_casa",TRUE,FALSE,FALSE,"oficial"
"composicao_final_assembleias_fonte_oficial.csv","M2006_PA_7_11110_10658","PA","2006","DEPUTADO ESTADUAL/DISTRITAL","Zé Neto","composicao_em_exercicio","https://web.archive.org/web/20101208091736/http://www.alepa.pa.gov.br:80/alepa/deputados.php","oficial",NA,NA,"wayback_portal_casa",TRUE,FALSE,FALSE,"oficial"
"composicao_final_assembleias_fonte_oficial.csv","M2006_PA_7_12345_10707","PA","2006","DEPUTADO ESTADUAL/DISTRITAL","Luís Cunha","composicao_em_exercicio","https://web.archive.org/web/20101208091736/http://www.alepa.pa.gov.br:80/alepa/deputados.php","oficial",NA,NA,"wayback_portal_casa",TRUE,FALSE,FALSE,"oficial"
"composicao_final_assembleias_fonte_oficial.csv","M2006_PA_7_12456_10711","PA","2006","DEPUTADO ESTADUAL/DISTRITAL","Martinho Carmona","composicao_em_exercicio","https://web.archive.org/web/20101208091736/http://www.alepa.pa.gov.br:80/alepa/deputados.php","oficial",NA,NA,"wayback_portal_casa",TRUE,FALSE,FALSE,"oficial"
"composicao_final_assembleias_fonte_oficial.csv","M2006_PA_7_13103_10518","PA","2006","DEPUTADO ESTADUAL/DISTRITAL","Valdir Ganzer","composicao_em_exercicio","https://web.archive.org/web/20101208091736/http://www.alepa.pa.gov.br:80/alepa/deputados.php","oficial",NA,NA,"wayback_portal_casa",TRUE,FALSE,FALSE,"oficial"
"composicao_final_assembleias_fonte_oficial.csv","M2006_PA_7_13130_10520","PA","2006","DEPUTADO ESTADUAL/DISTRITAL","Carlos Bordalo","composicao_em_exercicio","https://web.archive.org/web/20101208091736/http://www.alepa.pa.gov.br:80/alepa/deputados.php","oficial",NA,NA,"wayback_portal_casa",TRUE,FALSE,FALSE,"oficial"
"composicao_final_assembleias_fonte_oficial.csv","M2006_PA_7_13131_10521","PA","2006","DEPUTADO ESTADUAL/DISTRITAL","Carlos Martins","composicao_em_exercicio","https://web.archive.org/web/20101208091736/http://www.alepa.pa.gov.br:80/alepa/deputados.php","oficial",NA,NA,"wayback_portal_casa",TRUE,FALSE,FALSE,"oficial"
"composicao_final_assembleias_fonte_oficial.csv","M2006_PA_7_13133_10522","PA","2006","DEPUTADO ESTADUAL/DISTRITAL","Bernadete ten Caten","composicao_em_exercicio","https://web.archive.org/web/20101208091736/http://www.alepa.pa.gov.br:80/alepa/deputados.php","oficial",NA,NA,"wayback_portal_casa",TRUE,FALSE,FALSE,"oficial"
"composicao_final_assembleias_fonte_oficial.csv","M2006_PA_7_13280_10525","PA","2006","DEPUTADO ESTADUAL/DISTRITAL","Miriquinho Batista","composicao_em_exercicio","https://web.archive.org/web/20101208091736/http://www.alepa.pa.gov.br:80/alepa/deputados.php","oficial",NA,NA,"wayback_portal_casa",TRUE,FALSE,FALSE,"oficial"
"composicao_final_assembleias_fonte_oficial.csv","M2006_PA_7_13611_10535","PA","2006","DEPUTADO ESTADUAL/DISTRITAL","Regina Barata","composicao_em_exercicio","https://web.archive.org/web/20101208091736/http://www.alepa.pa.gov.br:80/alepa/deputados.php","oficial",NA,NA,"wayback_portal_casa",TRUE,FALSE,FALSE,"oficial"
"composicao_final_assembleias_fonte_oficial.csv","M2006_PA_7_14123_10135","PA","2006","DEPUTADO ESTADUAL/DISTRITAL","Joaquim Passarinho","composicao_em_exercicio","https://web.archive.org/web/20101208091736/http://www.alepa.pa.gov.br:80/alepa/deputados.php","oficial",NA,NA,"wayback_portal_casa",TRUE,FALSE,FALSE,"oficial"
"composicao_final_assembleias_fonte_oficial.csv","M2006_PA_7_14444_10147","PA","2006","DEPUTADO ESTADUAL/DISTRITAL","Eduardo Costa","composicao_em_exercicio","https://web.archive.org/web/20101208091736/http://www.alepa.pa.gov.br:80/alepa/deputados.php","oficial",NA,NA,"wayback_portal_casa",TRUE,FALSE,FALSE,"oficial"
"composicao_final_assembleias_fonte_oficial.csv","M2006_PA_7_14500_10149","PA","2006","DEPUTADO ESTADUAL/DISTRITAL","Júnior Ferrari","composicao_em_exercicio","https://web.archive.org/web/20101208091736/http://www.alepa.pa.gov.br:80/alepa/deputados.php","oficial",NA,NA,"wayback_portal_casa",TRUE,FALSE,FALSE,"oficial"
"composicao_final_assembleias_fonte_oficial.csv","M2006_PA_7_14999_10165","PA","2006","DEPUTADO ESTADUAL/DISTRITAL","Robgol","composicao_em_exercicio","https://web.archive.org/web/20101208091736/http://www.alepa.pa.gov.br:80/alepa/deputados.php","oficial",NA,NA,"wayback_portal_casa",TRUE,FALSE,FALSE,"oficial"
"composicao_final_assembleias_fonte_oficial.csv","M2006_PA_7_15177_10436","PA","2006","DEPUTADO ESTADUAL/DISTRITAL","Domingos Juvenil","composicao_em_exercicio","https://web.archive.org/web/20101208091736/http://www.alepa.pa.gov.br:80/alepa/deputados.php","oficial",NA,NA,"wayback_portal_casa",TRUE,FALSE,FALSE,"oficial"
"composicao_final_assembleias_fonte_oficial.csv","M2006_PA_7_15195_10439","PA","2006","DEPUTADO ESTADUAL/DISTRITAL","Antonio Rocha","composicao_em_exercicio","https://web.archive.org/web/20101208091736/http://www.alepa.pa.gov.br:80/alepa/deputados.php","oficial",NA,NA,"wayback_portal_casa",TRUE,FALSE,FALSE,"oficial"
"composicao_final_assembleias_fonte_oficial.csv","M2006_PA_7_15555_10448","PA","2006","DEPUTADO ESTADUAL/DISTRITAL","Chicão","composicao_em_exercicio","https://web.archive.org/web/20101208091736/http://www.alepa.pa.gov.br:80/alepa/deputados.php","oficial",NA,NA,"wayback_portal_casa",TRUE,FALSE,FALSE,"oficial"
"composicao_final_assembleias_fonte_oficial.csv","M2006_PA_7_15888_10454","PA","2006","DEPUTADO ESTADUAL/DISTRITAL","Simone Morgado","composicao_em_exercicio","https://web.archive.org/web/20101208091736/http://www.alepa.pa.gov.br:80/alepa/deputados.php","oficial",NA,NA,"wayback_portal_casa",TRUE,FALSE,FALSE,"oficial"
"composicao_final_assembleias_fonte_oficial.csv","M2006_PA_7_20000_10456","PA","2006","DEPUTADO ESTADUAL/DISTRITAL","Alessandro Novelino","composicao_em_exercicio","https://web.archive.org/web/20101208091736/http://www.alepa.pa.gov.br:80/alepa/deputados.php","oficial",NA,NA,"wayback_portal_casa",TRUE,FALSE,FALSE,"oficial"
"composicao_final_assembleias_fonte_oficial.csv","M2006_PA_7_22111_10066","PA","2006","DEPUTADO ESTADUAL/DISTRITAL","Adamor Aires","composicao_em_exercicio","https://web.archive.org/web/20101208091736/http://www.alepa.pa.gov.br:80/alepa/deputados.php","oficial",NA,NA,"wayback_portal_casa",TRUE,FALSE,FALSE,"oficial"
"composicao_final_assembleias_fonte_oficial.csv","M2006_PA_7_22345_10077","PA","2006","DEPUTADO ESTADUAL/DISTRITAL","Júnior Hage","composicao_em_exercicio","https://web.archive.org/web/20101208091736/http://www.alepa.pa.gov.br:80/alepa/deputados.php","oficial",NA,NA,"wayback_portal_casa",TRUE,FALSE,FALSE,"oficial"
"composicao_final_assembleias_fonte_oficial.csv","M2006_PA_7_23150_10492","PA","2006","DEPUTADO ESTADUAL/DISTRITAL","João Salame","composicao_em_exercicio","https://web.archive.org/web/20101208091736/http://www.alepa.pa.gov.br:80/alepa/deputados.php","oficial",NA,NA,"wayback_portal_casa",TRUE,FALSE,FALSE,"oficial"
"composicao_final_assembleias_fonte_oficial.csv","M2006_PA_7_23623_10615","PA","2006","DEPUTADO ESTADUAL/DISTRITAL","Arnaldo Jordy","composicao_em_exercicio","https://web.archive.org/web/20101208091736/http://www.alepa.pa.gov.br:80/alepa/deputados.php","oficial",NA,NA,"wayback_portal_casa",TRUE,FALSE,FALSE,"oficial"
"composicao_final_assembleias_fonte_oficial.csv","M2006_PA_7_25123_10097","PA","2006","DEPUTADO ESTADUAL/DISTRITAL","Márcio Miranda","composicao_em_exercicio","https://web.archive.org/web/20101208091736/http://www.alepa.pa.gov.br:80/alepa/deputados.php","oficial",NA,NA,"wayback_portal_casa",TRUE,FALSE,FALSE,"oficial"
"composicao_final_assembleias_fonte_oficial.csv","M2006_PA_7_25456_10101","PA","2006","DEPUTADO ESTADUAL/DISTRITAL","Haroldo Martins","composicao_em_exercicio","https://web.archive.org/web/20101208091736/http://www.alepa.pa.gov.br:80/alepa/deputados.php","oficial",NA,NA,"wayback_portal_casa",TRUE,FALSE,FALSE,"oficial"
"composicao_final_assembleias_fonte_oficial.csv","M2006_PA_7_25800_10105","PA","2006","DEPUTADO ESTADUAL/DISTRITAL","Josefina Carmo","composicao_em_exercicio","https://web.archive.org/web/20101208091736/http://www.alepa.pa.gov.br:80/alepa/deputados.php","oficial",NA,NA,"wayback_portal_casa",TRUE,FALSE,FALSE,"oficial"
"composicao_final_assembleias_fonte_oficial.csv","M2006_PA_7_40111_10358","PA","2006","DEPUTADO ESTADUAL/DISTRITAL","Cássio Andrade","composicao_em_exercicio","https://web.archive.org/web/20101208091736/http://www.alepa.pa.gov.br:80/alepa/deputados.php","oficial",NA,NA,"wayback_portal_casa",TRUE,FALSE,FALSE,"oficial"
"composicao_final_assembleias_fonte_oficial.csv","M2006_PA_7_43120_10196","PA","2006","DEPUTADO ESTADUAL/DISTRITAL","Deley Santos","composicao_em_exercicio","https://web.archive.org/web/20101208091736/http://www.alepa.pa.gov.br:80/alepa/deputados.php","oficial",NA,NA,"wayback_portal_casa",TRUE,FALSE,FALSE,"oficial"
"composicao_final_assembleias_fonte_oficial.csv","M2006_PA_7_43456_10208","PA","2006","DEPUTADO ESTADUAL/DISTRITAL","Gabriel Guerreiro","composicao_em_exercicio","https://web.archive.org/web/20101208091736/http://www.alepa.pa.gov.br:80/alepa/deputados.php","oficial",NA,NA,"wayback_portal_casa",TRUE,FALSE,FALSE,"oficial"
"composicao_final_assembleias_fonte_oficial.csv","M2006_PA_7_45045_10287","PA","2006","DEPUTADO ESTADUAL/DISTRITAL","Zé Megale","composicao_em_exercicio","https://web.archive.org/web/20101208091736/http://www.alepa.pa.gov.br:80/alepa/deputados.php","oficial",NA,NA,"wayback_portal_casa",TRUE,FALSE,FALSE,"oficial"
"composicao_final_assembleias_fonte_oficial.csv","M2006_PA_7_45123_10290","PA","2006","DEPUTADO ESTADUAL/DISTRITAL","Italo Mácola","composicao_em_exercicio","https://web.archive.org/web/20101208091736/http://www.alepa.pa.gov.br:80/alepa/deputados.php","oficial",NA,NA,"wayback_portal_casa",TRUE,FALSE,FALSE,"oficial"
"composicao_final_assembleias_fonte_oficial.csv","M2006_PA_7_45130_10291","PA","2006","DEPUTADO ESTADUAL/DISTRITAL","Ana Cunha","composicao_em_exercicio","https://web.archive.org/web/20101208091736/http://www.alepa.pa.gov.br:80/alepa/deputados.php","oficial",NA,NA,"wayback_portal_casa",TRUE,FALSE,FALSE,"oficial"
"composicao_final_assembleias_fonte_oficial.csv","M2006_PA_7_45145_10292","PA","2006","DEPUTADO ESTADUAL/DISTRITAL","Tetê Santos","composicao_em_exercicio","https://web.archive.org/web/20101208091736/http://www.alepa.pa.gov.br:80/alepa/deputados.php","oficial",NA,NA,"wayback_portal_casa",TRUE,FALSE,FALSE,"oficial"
"composicao_final_assembleias_fonte_oficial.csv","M2006_PA_7_45222_10295","PA","2006","DEPUTADO ESTADUAL/DISTRITAL","Alexandre Von","composicao_em_exercicio","https://web.archive.org/web/20101208091736/http://www.alepa.pa.gov.br:80/alepa/deputados.php","oficial",NA,NA,"wayback_portal_casa",TRUE,FALSE,FALSE,"oficial"
"composicao_final_assembleias_fonte_oficial.csv","M2006_PA_7_45451_10299","PA","2006","DEPUTADO ESTADUAL/DISTRITAL","Manoel Pioneiro","composicao_em_exercicio","https://web.archive.org/web/20101208091736/http://www.alepa.pa.gov.br:80/alepa/deputados.php","oficial",NA,NA,"wayback_portal_casa",TRUE,FALSE,FALSE,"oficial"
"composicao_final_assembleias_fonte_oficial.csv","M2006_PA_7_45612_10303","PA","2006","DEPUTADO ESTADUAL/DISTRITAL","Bosco Gabriel","composicao_em_exercicio","https://web.archive.org/web/20101208091736/http://www.alepa.pa.gov.br:80/alepa/deputados.php","oficial",NA,NA,"wayback_portal_casa",TRUE,FALSE,FALSE,"oficial"
"composicao_final_assembleias_fonte_oficial.csv","M2006_PA_7_45678_10307","PA","2006","DEPUTADO ESTADUAL/DISTRITAL","André Dias","composicao_em_exercicio","https://web.archive.org/web/20101208091736/http://www.alepa.pa.gov.br:80/alepa/deputados.php","oficial",NA,NA,"wayback_portal_casa",TRUE,FALSE,FALSE,"oficial"
"composicao_final_assembleias_fonte_oficial.csv","M2006_PA_7_45800_10309","PA","2006","DEPUTADO ESTADUAL/DISTRITAL","Suleima Pegado","composicao_em_exercicio","https://web.archive.org/web/20101208091736/http://www.alepa.pa.gov.br:80/alepa/deputados.php","oficial",NA,NA,"wayback_portal_casa",TRUE,FALSE,FALSE,"oficial"
"composicao_final_assembleias_fonte_oficial.csv","M2010_PA_7_10147_140000000285","PA","2010","DEPUTADO ESTADUAL/DISTRITAL","PRB Divino","composicao_em_exercicio","https://web.archive.org/web/20141231063749/http://www.alepa.pa.gov.br:80/portal/index.php","oficial",NA,NA,"wayback_portal_casa",TRUE,FALSE,FALSE,"oficial"
"composicao_final_assembleias_fonte_oficial.csv","M2010_PA_7_11222_140000000663","PA","2010","DEPUTADO ESTADUAL/DISTRITAL","LUIZ REBELO","composicao_em_exercicio","https://web.archive.org/web/20141231063749/http://www.alepa.pa.gov.br:80/portal/index.php","oficial",NA,NA,"wayback_portal_casa",TRUE,FALSE,FALSE,"oficial"
"composicao_final_assembleias_fonte_oficial.csv","M2010_PA_7_12222_140000000472","PA","2010","DEPUTADO ESTADUAL/DISTRITAL","PDT Pio X","composicao_em_exercicio","https://web.archive.org/web/20141231063749/http://www.alepa.pa.gov.br:80/portal/index.php","oficial",NA,NA,"wayback_portal_casa",TRUE,FALSE,FALSE,"oficial"
"composicao_final_assembleias_fonte_oficial.csv","M2010_PA_7_12345_140000000454","PA","2010","DEPUTADO ESTADUAL/DISTRITAL","Fernando Coimbra","composicao_em_exercicio","https://web.archive.org/web/20141231063749/http://www.alepa.pa.gov.br:80/portal/index.php","oficial",NA,NA,"wayback_portal_casa",TRUE,FALSE,FALSE,"oficial"
"composicao_final_assembleias_fonte_oficial.csv","M2010_PA_7_13100_140000000668","PA","2010","DEPUTADO ESTADUAL/DISTRITAL","Milton Zimmer","composicao_em_exercicio","https://web.archive.org/web/20141231063749/http://www.alepa.pa.gov.br:80/portal/index.php","oficial",NA,NA,"wayback_portal_casa",TRUE,FALSE,FALSE,"oficial"
"composicao_final_assembleias_fonte_oficial.csv","M2010_PA_7_13103_140000000677","PA","2010","DEPUTADO ESTADUAL/DISTRITAL","Valdir Ganzer","composicao_em_exercicio","https://web.archive.org/web/20141231063749/http://www.alepa.pa.gov.br:80/portal/index.php","oficial",NA,NA,"wayback_portal_casa",TRUE,FALSE,FALSE,"oficial"
"composicao_final_assembleias_fonte_oficial.csv","M2010_PA_7_13130_140000000637","PA","2010","DEPUTADO ESTADUAL/DISTRITAL","Bordalo","composicao_em_exercicio","https://web.archive.org/web/20141231063749/http://www.alepa.pa.gov.br:80/portal/index.php","oficial",NA,NA,"wayback_portal_casa",TRUE,FALSE,FALSE,"oficial"
"composicao_final_assembleias_fonte_oficial.csv","M2010_PA_7_13131_140000000655","PA","2010","DEPUTADO ESTADUAL/DISTRITAL","Zé Maria","composicao_em_exercicio","https://web.archive.org/web/20141231063749/http://www.alepa.pa.gov.br:80/portal/index.php","oficial",NA,NA,"wayback_portal_casa",TRUE,FALSE,FALSE,"oficial"
"composicao_final_assembleias_fonte_oficial.csv","M2010_PA_7_13133_140000000636","PA","2010","DEPUTADO ESTADUAL/DISTRITAL","Bernadete ten Caten","composicao_em_exercicio","https://web.archive.org/web/20141231063749/http://www.alepa.pa.gov.br:80/portal/index.php","oficial",NA,NA,"wayback_portal_casa",TRUE,FALSE,FALSE,"oficial"
"composicao_final_assembleias_fonte_oficial.csv","M2010_PA_7_13310_140000000643","PA","2010","DEPUTADO ESTADUAL/DISTRITAL","Edilson Moura","composicao_em_exercicio","https://web.archive.org/web/20141231063749/http://www.alepa.pa.gov.br:80/portal/index.php","oficial",NA,NA,"wayback_portal_casa",TRUE,FALSE,FALSE,"oficial"
"composicao_final_assembleias_fonte_oficial.csv","M2010_PA_7_13500_140000000631","PA","2010","DEPUTADO ESTADUAL/DISTRITAL","Airton Faleiro","composicao_em_exercicio","https://web.archive.org/web/20141231063749/http://www.alepa.pa.gov.br:80/portal/index.php","oficial",NA,NA,"wayback_portal_casa",TRUE,FALSE,FALSE,"oficial"
"composicao_final_assembleias_fonte_oficial.csv","M2010_PA_7_14444_140000000163","PA","2010","DEPUTADO ESTADUAL/DISTRITAL","Eduardo Costa","composicao_em_exercicio","https://web.archive.org/web/20141231063749/http://www.alepa.pa.gov.br:80/portal/index.php","oficial",NA,NA,"wayback_portal_casa",TRUE,FALSE,FALSE,"oficial"
"composicao_final_assembleias_fonte_oficial.csv","M2010_PA_7_14500_140000000166","PA","2010","DEPUTADO ESTADUAL/DISTRITAL","Júnior Ferrari","composicao_em_exercicio","https://web.archive.org/web/20141231063749/http://www.alepa.pa.gov.br:80/portal/index.php","oficial",NA,NA,"wayback_portal_casa",TRUE,FALSE,FALSE,"oficial"
"composicao_final_assembleias_fonte_oficial.csv","M2010_PA_7_14780_140000000175","PA","2010","DEPUTADO ESTADUAL/DISTRITAL","Tião Miranda","composicao_em_exercicio","https://web.archive.org/web/20141231063749/http://www.alepa.pa.gov.br:80/portal/index.php","oficial",NA,NA,"wayback_portal_casa",TRUE,FALSE,FALSE,"oficial"
"composicao_final_assembleias_fonte_oficial.csv","M2010_PA_7_15007_140000000231","PA","2010","DEPUTADO ESTADUAL/DISTRITAL","Deputado Macarrão","composicao_em_exercicio","https://web.archive.org/web/20141231063749/http://www.alepa.pa.gov.br:80/portal/index.php","oficial",NA,NA,"wayback_portal_casa",TRUE,FALSE,FALSE,"oficial"
"composicao_final_assembleias_fonte_oficial.csv","M2010_PA_7_15100_140000000230","PA","2010","DEPUTADO ESTADUAL/DISTRITAL","Parsifal","composicao_em_exercicio","https://web.archive.org/web/20141231063749/http://www.alepa.pa.gov.br:80/portal/index.php","oficial",NA,NA,"wayback_portal_casa",TRUE,FALSE,FALSE,"oficial"
"composicao_final_assembleias_fonte_oficial.csv","M2010_PA_7_15195_140000000206","PA","2010","DEPUTADO ESTADUAL/DISTRITAL","Antonio Rocha","composicao_em_exercicio","https://web.archive.org/web/20141231063749/http://www.alepa.pa.gov.br:80/portal/index.php","oficial",NA,NA,"wayback_portal_casa",TRUE,FALSE,FALSE,"oficial"
"composicao_final_assembleias_fonte_oficial.csv","M2010_PA_7_15456_140000000228","PA","2010","DEPUTADO ESTADUAL/DISTRITAL","Martinho Carmona","composicao_em_exercicio","https://web.archive.org/web/20141231063749/http://www.alepa.pa.gov.br:80/portal/index.php","oficial",NA,NA,"wayback_portal_casa",TRUE,FALSE,FALSE,"oficial"
"composicao_final_assembleias_fonte_oficial.csv","M2010_PA_7_15555_140000000213","PA","2010","DEPUTADO ESTADUAL/DISTRITAL","Chicão","composicao_em_exercicio","https://web.archive.org/web/20141231063749/http://www.alepa.pa.gov.br:80/portal/index.php","oficial",NA,NA,"wayback_portal_casa",TRUE,FALSE,FALSE,"oficial"
"composicao_final_assembleias_fonte_oficial.csv","M2010_PA_7_15678_140000000227","PA","2010","DEPUTADO ESTADUAL/DISTRITAL","Nilma Lima","composicao_em_exercicio","https://web.archive.org/web/20141231063749/http://www.alepa.pa.gov.br:80/portal/index.php","oficial",NA,NA,"wayback_portal_casa",TRUE,FALSE,FALSE,"oficial"
"composicao_final_assembleias_fonte_oficial.csv","M2010_PA_7_15800_140000000221","PA","2010","DEPUTADO ESTADUAL/DISTRITAL","Josefina Carmo","composicao_em_exercicio","https://web.archive.org/web/20141231063749/http://www.alepa.pa.gov.br:80/portal/index.php","oficial",NA,NA,"wayback_portal_casa",TRUE,FALSE,FALSE,"oficial"
"composicao_final_assembleias_fonte_oficial.csv","M2010_PA_7_15888_140000000234","PA","2010","DEPUTADO ESTADUAL/DISTRITAL","Simone Morgado","composicao_em_exercicio","https://web.archive.org/web/20141231063749/http://www.alepa.pa.gov.br:80/portal/index.php","oficial",NA,NA,"wayback_portal_casa",TRUE,FALSE,FALSE,"oficial"
"composicao_final_assembleias_fonte_oficial.csv","M2010_PA_7_20222_140000000571","PA","2010","DEPUTADO ESTADUAL/DISTRITAL","Hilton Aguiar","composicao_em_exercicio","https://web.archive.org/web/20141231063749/http://www.alepa.pa.gov.br:80/portal/index.php","oficial",NA,NA,"wayback_portal_casa",TRUE,FALSE,FALSE,"oficial"
"composicao_final_assembleias_fonte_oficial.csv","M2010_PA_7_22123_140000000508","PA","2010","DEPUTADO ESTADUAL/DISTRITAL","Raimundo Santos","composicao_em_exercicio","https://web.archive.org/web/20141231063749/http://www.alepa.pa.gov.br:80/portal/index.php","oficial",NA,NA,"wayback_portal_casa",TRUE,FALSE,FALSE,"oficial"
"composicao_final_assembleias_fonte_oficial.csv","M2010_PA_7_22150_140000000499","PA","2010","DEPUTADO ESTADUAL/DISTRITAL","Luzineide Farias","composicao_em_exercicio","https://web.archive.org/web/20141231063749/http://www.alepa.pa.gov.br:80/portal/index.php","oficial",NA,NA,"wayback_portal_casa",TRUE,FALSE,FALSE,"oficial"
"composicao_final_assembleias_fonte_oficial.csv","M2010_PA_7_22345_140000000492","PA","2010","DEPUTADO ESTADUAL/DISTRITAL","Júnior Hage","composicao_em_exercicio","https://web.archive.org/web/20141231063749/http://www.alepa.pa.gov.br:80/portal/index.php","oficial",NA,NA,"wayback_portal_casa",TRUE,FALSE,FALSE,"oficial"
"composicao_final_assembleias_fonte_oficial.csv","M2010_PA_7_22789_140000000485","PA","2010","DEPUTADO ESTADUAL/DISTRITAL","Eliel Faustino","composicao_em_exercicio","https://web.archive.org/web/20141231063749/http://www.alepa.pa.gov.br:80/portal/index.php","oficial",NA,NA,"wayback_portal_casa",TRUE,FALSE,FALSE,"oficial"
"composicao_final_assembleias_fonte_oficial.csv","M2010_PA_7_25123_140000000440","PA","2010","DEPUTADO ESTADUAL/DISTRITAL","Márcio Miranda","composicao_em_exercicio","https://web.archive.org/web/20141231063749/http://www.alepa.pa.gov.br:80/portal/index.php","oficial",NA,NA,"wayback_portal_casa",TRUE,FALSE,FALSE,"oficial"
"composicao_final_assembleias_fonte_oficial.csv","M2010_PA_7_40000_140000000257","PA","2010","DEPUTADO ESTADUAL/DISTRITAL","PSB Belo","composicao_em_exercicio","https://web.archive.org/web/20141231063749/http://www.alepa.pa.gov.br:80/portal/index.php","oficial",NA,NA,"wayback_portal_casa",TRUE,FALSE,FALSE,"oficial"
"composicao_final_assembleias_fonte_oficial.csv","M2010_PA_7_40111_140000000247","PA","2010","DEPUTADO ESTADUAL/DISTRITAL","Cássio Andrade","composicao_em_exercicio","https://web.archive.org/web/20141231063749/http://www.alepa.pa.gov.br:80/portal/index.php","oficial",NA,NA,"wayback_portal_casa",TRUE,FALSE,FALSE,"oficial"
"composicao_final_assembleias_fonte_oficial.csv","M2010_PA_7_45045_140000000784","PA","2010","DEPUTADO ESTADUAL/DISTRITAL","Zé Megale","composicao_em_exercicio","https://web.archive.org/web/20141231063749/http://www.alepa.pa.gov.br:80/portal/index.php","oficial",NA,NA,"wayback_portal_casa",TRUE,FALSE,FALSE,"oficial"
"composicao_final_assembleias_fonte_oficial.csv","M2010_PA_7_45112_140000000760","PA","2010","DEPUTADO ESTADUAL/DISTRITAL","Cilene Couto","composicao_em_exercicio","https://web.archive.org/web/20141231063749/http://www.alepa.pa.gov.br:80/portal/index.php","oficial",NA,NA,"wayback_portal_casa",TRUE,FALSE,FALSE,"oficial"
"composicao_final_assembleias_fonte_oficial.csv","M2010_PA_7_45130_140000000684","PA","2010","DEPUTADO ESTADUAL/DISTRITAL","Ana Cunha","composicao_em_exercicio","https://web.archive.org/web/20141231063749/http://www.alepa.pa.gov.br:80/portal/index.php","oficial",NA,NA,"wayback_portal_casa",TRUE,FALSE,FALSE,"oficial"
"composicao_final_assembleias_fonte_oficial.csv","M2010_PA_7_50123_140000000145","PA","2010","DEPUTADO ESTADUAL/DISTRITAL","Edmilson Rodrigues","composicao_em_exercicio","https://web.archive.org/web/20141231063749/http://www.alepa.pa.gov.br:80/portal/index.php","oficial",NA,NA,"wayback_portal_casa",TRUE,FALSE,FALSE,"oficial"
"composicao_final_assembleias_fonte_oficial.csv","M2014_PA_7_10147_140000000170","PA","2014","DEPUTADO ESTADUAL/DISTRITAL","Divino","composicao_em_exercicio","https://web.archive.org/web/20181221000249/http://alepa.pa.gov.br/Principal","oficial",NA,NA,"wayback_portal_casa",TRUE,FALSE,FALSE,"oficial"
"composicao_final_assembleias_fonte_oficial.csv","M2014_PA_7_11000_140000001007","PA","2014","DEPUTADO ESTADUAL/DISTRITAL","Luiz Sefer","composicao_em_exercicio","https://web.archive.org/web/20181221000249/http://alepa.pa.gov.br/Principal","oficial",NA,NA,"wayback_portal_casa",TRUE,FALSE,FALSE,"oficial"
"composicao_final_assembleias_fonte_oficial.csv","M2014_PA_7_12345_140000000653","PA","2014","DEPUTADO ESTADUAL/DISTRITAL","Miro Sanova","composicao_em_exercicio","https://web.archive.org/web/20181221000249/http://alepa.pa.gov.br/Principal","oficial",NA,NA,"wayback_portal_casa",TRUE,FALSE,FALSE,"oficial"
"composicao_final_assembleias_fonte_oficial.csv","M2014_PA_7_13130_140000000396","PA","2014","DEPUTADO ESTADUAL/DISTRITAL","Carlos Bordalo","composicao_em_exercicio","https://web.archive.org/web/20181221000249/http://alepa.pa.gov.br/Principal","oficial",NA,NA,"wayback_portal_casa",TRUE,FALSE,FALSE,"oficial"
"composicao_final_assembleias_fonte_oficial.csv","M2014_PA_7_13133_140000000398","PA","2014","DEPUTADO ESTADUAL/DISTRITAL","Dirceu Ten Caten","composicao_em_exercicio","https://web.archive.org/web/20181221000249/http://alepa.pa.gov.br/Principal","oficial",NA,NA,"wayback_portal_casa",TRUE,FALSE,FALSE,"oficial"
"composicao_final_assembleias_fonte_oficial.csv","M2014_PA_7_13500_140000000390","PA","2014","DEPUTADO ESTADUAL/DISTRITAL","Airton Faleiro","composicao_em_exercicio","https://web.archive.org/web/20181221000249/http://alepa.pa.gov.br/Principal","oficial",NA,NA,"wayback_portal_casa",TRUE,FALSE,FALSE,"oficial"
"composicao_final_assembleias_fonte_oficial.csv","M2014_PA_7_14444_140000000993","PA","2014","DEPUTADO ESTADUAL/DISTRITAL","Eduardo Costa","composicao_em_exercicio","https://web.archive.org/web/20181221000249/http://alepa.pa.gov.br/Principal","oficial",NA,NA,"wayback_portal_casa",TRUE,FALSE,FALSE,"oficial"
"composicao_final_assembleias_fonte_oficial.csv","M2014_PA_7_15000_140000000378","PA","2014","DEPUTADO ESTADUAL/DISTRITAL","Eraldo Pimenta","composicao_em_exercicio","https://web.archive.org/web/20181221000249/http://alepa.pa.gov.br/Principal","oficial",NA,NA,"wayback_portal_casa",TRUE,FALSE,FALSE,"oficial"
"composicao_final_assembleias_fonte_oficial.csv","M2014_PA_7_15100_140000000444","PA","2014","DEPUTADO ESTADUAL/DISTRITAL","João Chamon","composicao_em_exercicio","https://web.archive.org/web/20181221000249/http://alepa.pa.gov.br/Principal","oficial",NA,NA,"wayback_portal_casa",TRUE,FALSE,FALSE,"oficial"
"composicao_final_assembleias_fonte_oficial.csv","M2014_PA_7_15177_140000000388","PA","2014","DEPUTADO ESTADUAL/DISTRITAL","Ozório Juvenil","composicao_em_exercicio","https://web.archive.org/web/20181221000249/http://alepa.pa.gov.br/Principal","oficial",NA,NA,"wayback_portal_casa",TRUE,FALSE,FALSE,"oficial"
"composicao_final_assembleias_fonte_oficial.csv","M2014_PA_7_15456_140000000454","PA","2014","DEPUTADO ESTADUAL/DISTRITAL","Martinho Carmona","composicao_em_exercicio","https://web.archive.org/web/20181221000249/http://alepa.pa.gov.br/Principal","oficial",NA,NA,"wayback_portal_casa",TRUE,FALSE,FALSE,"oficial"
"composicao_final_assembleias_fonte_oficial.csv","M2014_PA_7_15500_140000000382","PA","2014","DEPUTADO ESTADUAL/DISTRITAL","José Scaff","composicao_em_exercicio","https://web.archive.org/web/20181221000249/http://alepa.pa.gov.br/Principal","oficial",NA,NA,"wayback_portal_casa",TRUE,FALSE,FALSE,"oficial"
"composicao_final_assembleias_fonte_oficial.csv","M2014_PA_7_15555_140000000379","PA","2014","DEPUTADO ESTADUAL/DISTRITAL","Chicão","composicao_em_exercicio","https://web.archive.org/web/20181221000249/http://alepa.pa.gov.br/Principal","oficial",NA,NA,"wayback_portal_casa",TRUE,FALSE,FALSE,"oficial"
"composicao_final_assembleias_fonte_oficial.csv","M2014_PA_7_15615_140000000440","PA","2014","DEPUTADO ESTADUAL/DISTRITAL","Wanderlan","composicao_em_exercicio","https://web.archive.org/web/20181221000249/http://alepa.pa.gov.br/Principal","oficial",NA,NA,"wayback_portal_casa",TRUE,FALSE,FALSE,"oficial"
"composicao_final_assembleias_fonte_oficial.csv","M2014_PA_7_15678_140000000383","PA","2014","DEPUTADO ESTADUAL/DISTRITAL","Iran Lima","composicao_em_exercicio","https://web.archive.org/web/20181221000249/http://alepa.pa.gov.br/Principal","oficial",NA,NA,"wayback_portal_casa",TRUE,FALSE,FALSE,"oficial"
"composicao_final_assembleias_fonte_oficial.csv","M2014_PA_7_20123_140000000222","PA","2014","DEPUTADO ESTADUAL/DISTRITAL","Olival Marques","composicao_em_exercicio","https://web.archive.org/web/20181221000249/http://alepa.pa.gov.br/Principal","oficial",NA,NA,"wayback_portal_casa",TRUE,FALSE,FALSE,"oficial"
"composicao_final_assembleias_fonte_oficial.csv","M2014_PA_7_20777_140000000214","PA","2014","DEPUTADO ESTADUAL/DISTRITAL","Dr. Jaques Neves","composicao_em_exercicio","https://web.archive.org/web/20181221000249/http://alepa.pa.gov.br/Principal","oficial",NA,NA,"wayback_portal_casa",TRUE,FALSE,FALSE,"oficial"
"composicao_final_assembleias_fonte_oficial.csv","M2014_PA_7_22222_140000000575","PA","2014","DEPUTADO ESTADUAL/DISTRITAL","Renato Ogawa","composicao_em_exercicio","https://web.archive.org/web/20181221000249/http://alepa.pa.gov.br/Principal","oficial",NA,NA,"wayback_portal_casa",TRUE,FALSE,FALSE,"oficial"
"composicao_final_assembleias_fonte_oficial.csv","M2014_PA_7_22345_140000000574","PA","2014","DEPUTADO ESTADUAL/DISTRITAL","Junior Hage","composicao_em_exercicio","https://web.archive.org/web/20181221000249/http://alepa.pa.gov.br/Principal","oficial",NA,NA,"wayback_portal_casa",TRUE,FALSE,FALSE,"oficial"
"composicao_final_assembleias_fonte_oficial.csv","M2014_PA_7_23333_140000000911","PA","2014","DEPUTADO ESTADUAL/DISTRITAL","Thiago Araújo","composicao_em_exercicio","https://web.archive.org/web/20181221000249/http://alepa.pa.gov.br/Principal","oficial",NA,NA,"wayback_portal_casa",TRUE,FALSE,FALSE,"oficial"
"composicao_final_assembleias_fonte_oficial.csv","M2014_PA_7_25456_140000000057","PA","2014","DEPUTADO ESTADUAL/DISTRITAL","Haroldo Martins","composicao_em_exercicio","https://web.archive.org/web/20181221000249/http://alepa.pa.gov.br/Principal","oficial",NA,NA,"wayback_portal_casa",TRUE,FALSE,FALSE,"oficial"
"composicao_final_assembleias_fonte_oficial.csv","M2014_PA_7_40111_140000000520","PA","2014","DEPUTADO ESTADUAL/DISTRITAL","Cassio Andrade","composicao_em_exercicio","https://web.archive.org/web/20181221000249/http://alepa.pa.gov.br/Principal","oficial",NA,NA,"wayback_portal_casa",TRUE,FALSE,FALSE,"oficial"
"composicao_final_assembleias_fonte_oficial.csv","M2014_PA_7_40456_140000000540","PA","2014","DEPUTADO ESTADUAL/DISTRITAL","Sidney Rosa","composicao_em_exercicio","https://web.archive.org/web/20181221000249/http://alepa.pa.gov.br/Principal","oficial",NA,NA,"wayback_portal_casa",TRUE,FALSE,FALSE,"oficial"
"composicao_final_assembleias_fonte_oficial.csv","M2014_PA_7_45111_140000000982","PA","2014","DEPUTADO ESTADUAL/DISTRITAL","Luth Rebelo","composicao_em_exercicio","https://web.archive.org/web/20181221000249/http://alepa.pa.gov.br/Principal","oficial",NA,NA,"wayback_portal_casa",TRUE,FALSE,FALSE,"oficial"
"composicao_final_assembleias_fonte_oficial.csv","M2014_PA_7_45112_140000000961","PA","2014","DEPUTADO ESTADUAL/DISTRITAL","Cilene Couto","composicao_em_exercicio","https://web.archive.org/web/20181221000249/http://alepa.pa.gov.br/Principal","oficial",NA,NA,"wayback_portal_casa",TRUE,FALSE,FALSE,"oficial"
"composicao_final_assembleias_fonte_oficial.csv","M2014_PA_7_45130_140000000985","PA","2014","DEPUTADO ESTADUAL/DISTRITAL","Ana Cunha","composicao_em_exercicio","https://web.archive.org/web/20181221000249/http://alepa.pa.gov.br/Principal","oficial",NA,NA,"wayback_portal_casa",TRUE,FALSE,FALSE,"oficial"
"composicao_final_assembleias_fonte_oficial.csv","M2014_PA_7_45155_140000000971","PA","2014","DEPUTADO ESTADUAL/DISTRITAL","Milton Campos","composicao_em_exercicio","https://web.archive.org/web/20181221000249/http://alepa.pa.gov.br/Principal","oficial",NA,NA,"wayback_portal_casa",TRUE,FALSE,FALSE,"oficial"
"composicao_final_assembleias_fonte_oficial.csv","M2014_PA_7_45555_140000000966","PA","2014","DEPUTADO ESTADUAL/DISTRITAL","Eliane Lima","composicao_em_exercicio","https://web.archive.org/web/20181221000249/http://alepa.pa.gov.br/Principal","oficial",NA,NA,"wayback_portal_casa",TRUE,FALSE,FALSE,"oficial"
"composicao_final_assembleias_fonte_oficial.csv","M2014_PA_7_45678_140000000962","PA","2014","DEPUTADO ESTADUAL/DISTRITAL","Celso Sabino","composicao_em_exercicio","https://web.archive.org/web/20181221000249/http://alepa.pa.gov.br/Principal","oficial",NA,NA,"wayback_portal_casa",TRUE,FALSE,FALSE,"oficial"
"composicao_final_assembleias_fonte_oficial.csv","M2014_PA_7_51234_140000000204","PA","2014","DEPUTADO ESTADUAL/DISTRITAL","Raimundo Santos","composicao_em_exercicio","https://web.archive.org/web/20181221000249/http://alepa.pa.gov.br/Principal","oficial",NA,NA,"wayback_portal_casa",TRUE,FALSE,FALSE,"oficial"
"composicao_final_assembleias_fonte_oficial.csv","M2014_PA_7_54444_140000000709","PA","2014","DEPUTADO ESTADUAL/DISTRITAL","Antônio Tonheiro","composicao_em_exercicio","https://web.archive.org/web/20181221000249/http://alepa.pa.gov.br/Principal","oficial",NA,NA,"wayback_portal_casa",TRUE,FALSE,FALSE,"oficial"
"composicao_final_assembleias_fonte_oficial.csv","M2014_PA_7_55000_140000001014","PA","2014","DEPUTADO ESTADUAL/DISTRITAL","Coronel Neil","composicao_em_exercicio","https://web.archive.org/web/20181221000249/http://alepa.pa.gov.br/Principal","oficial",NA,NA,"wayback_portal_casa",TRUE,FALSE,FALSE,"oficial"
"composicao_final_assembleias_fonte_oficial.csv","M2014_PA_7_55123_140000001011","PA","2014","DEPUTADO ESTADUAL/DISTRITAL","Fernando Coimbra","composicao_em_exercicio","https://web.archive.org/web/20181221000249/http://alepa.pa.gov.br/Principal","oficial",NA,NA,"wayback_portal_casa",TRUE,FALSE,FALSE,"oficial"
"composicao_final_assembleias_fonte_oficial.csv","M2014_PA_7_55500_140000000998","PA","2014","DEPUTADO ESTADUAL/DISTRITAL","Junior Ferrari","composicao_em_exercicio","https://web.archive.org/web/20181221000249/http://alepa.pa.gov.br/Principal","oficial",NA,NA,"wayback_portal_casa",TRUE,FALSE,FALSE,"oficial"
"composicao_final_assembleias_fonte_oficial.csv","M2014_PA_7_65100_140000000296","PA","2014","DEPUTADO ESTADUAL/DISTRITAL","Lelio Costa","composicao_em_exercicio","https://web.archive.org/web/20181221000249/http://alepa.pa.gov.br/Principal","oficial",NA,NA,"wayback_portal_casa",TRUE,FALSE,FALSE,"oficial"
"composicao_final_assembleias_fonte_oficial.csv","M2014_PA_7_90000_140000000604","PA","2014","DEPUTADO ESTADUAL/DISTRITAL","Raimundo Belo","composicao_em_exercicio","https://web.archive.org/web/20181221000249/http://alepa.pa.gov.br/Principal","oficial",NA,NA,"wayback_portal_casa",TRUE,FALSE,FALSE,"oficial"
"composicao_final_assembleias_fonte_oficial.csv","M2014_PA_7_90901_140000000613","PA","2014","DEPUTADO ESTADUAL/DISTRITAL","Soldado Tercio","composicao_em_exercicio","https://web.archive.org/web/20181221000249/http://alepa.pa.gov.br/Principal","oficial",NA,NA,"wayback_portal_casa",TRUE,FALSE,FALSE,"oficial"
"composicao_final_assembleias_fonte_oficial.csv","M2018_PA_7_10123_140000603626","PA","2018","DEPUTADO ESTADUAL/DISTRITAL","Fabio Freitas (UB)","composicao_em_exercicio","https://www.alepa.pa.gov.br/Transparencia/FrequenciaSessoes?ano=2022&mes=12&tipoSessao=0","oficial",NA,NA,"portal_casa",TRUE,FALSE,FALSE,"oficial"
"composicao_final_assembleias_fonte_oficial.csv","M2018_PA_7_10910_140000603604","PA","2018","DEPUTADO ESTADUAL/DISTRITAL","PROFESSORA NILSE (PDT)","composicao_em_exercicio","https://www.alepa.pa.gov.br/Transparencia/FrequenciaSessoes?ano=2022&mes=12&tipoSessao=0","oficial",NA,NA,"portal_casa",TRUE,FALSE,FALSE,"oficial"
"composicao_final_assembleias_fonte_oficial.csv","M2018_PA_7_11007_140000609407","PA","2018","DEPUTADO ESTADUAL/DISTRITAL","DELEGADO CAVEIRA (PL)","composicao_em_exercicio","https://www.alepa.pa.gov.br/Transparencia/FrequenciaSessoes?ano=2022&mes=12&tipoSessao=0","oficial",NA,NA,"portal_casa",TRUE,FALSE,FALSE,"oficial"
"composicao_final_assembleias_fonte_oficial.csv","M2018_PA_7_12123_140000614326","PA","2018","DEPUTADO ESTADUAL/DISTRITAL","JÚNIOR HAGE (PP)","composicao_em_exercicio","https://www.alepa.pa.gov.br/Transparencia/FrequenciaSessoes?ano=2022&mes=12&tipoSessao=0","oficial",NA,NA,"portal_casa",TRUE,FALSE,FALSE,"oficial"
"composicao_final_assembleias_fonte_oficial.csv","M2018_PA_7_12345_140000614336","PA","2018","DEPUTADO ESTADUAL/DISTRITAL","MIRO SANOVA (PDT)","composicao_em_exercicio","https://www.alepa.pa.gov.br/Transparencia/FrequenciaSessoes?ano=2022&mes=12&tipoSessao=0","oficial",NA,NA,"portal_casa",TRUE,FALSE,FALSE,"oficial"
"composicao_final_assembleias_fonte_oficial.csv","M2018_PA_7_13011_140000617662","PA","2018","DEPUTADO ESTADUAL/DISTRITAL","DILVANDA FARO (PT)","composicao_em_exercicio","https://www.alepa.pa.gov.br/Transparencia/FrequenciaSessoes?ano=2022&mes=12&tipoSessao=0","oficial",NA,NA,"portal_casa",TRUE,FALSE,FALSE,"oficial"
"composicao_final_assembleias_fonte_oficial.csv","M2018_PA_7_13130_140000617659","PA","2018","DEPUTADO ESTADUAL/DISTRITAL","Deputado Bordalo (PT)","composicao_em_exercicio","https://www.alepa.pa.gov.br/Transparencia/FrequenciaSessoes?ano=2022&mes=12&tipoSessao=0","oficial",NA,NA,"portal_casa",TRUE,FALSE,FALSE,"oficial"
"composicao_final_assembleias_fonte_oficial.csv","M2018_PA_7_13133_140000617663","PA","2018","DEPUTADO ESTADUAL/DISTRITAL","Dirceu Ten Caten (PT)","composicao_em_exercicio","https://www.alepa.pa.gov.br/Transparencia/FrequenciaSessoes?ano=2022&mes=12&tipoSessao=0","oficial",NA,NA,"portal_casa",TRUE,FALSE,FALSE,"oficial"
"composicao_final_assembleias_fonte_oficial.csv","M2018_PA_7_14000_140000612758","PA","2018","DEPUTADO ESTADUAL/DISTRITAL","Delegado Toni Cunha (PL)","composicao_em_exercicio","https://www.alepa.pa.gov.br/Transparencia/FrequenciaSessoes?ano=2022&mes=12&tipoSessao=0","oficial",NA,NA,"portal_casa",TRUE,FALSE,FALSE,"oficial"
"composicao_final_assembleias_fonte_oficial.csv","M2018_PA_7_14500_140000612757","PA","2018","DEPUTADO ESTADUAL/DISTRITAL","Ângelo Ferrari (UB)","composicao_em_exercicio","https://www.alepa.pa.gov.br/Transparencia/FrequenciaSessoes?ano=2022&mes=12&tipoSessao=0","oficial",NA,NA,"portal_casa",TRUE,FALSE,FALSE,"oficial"
"composicao_final_assembleias_fonte_oficial.csv","M2018_PA_7_15000_140000605968","PA","2018","DEPUTADO ESTADUAL/DISTRITAL","Eraldo Pimenta (MDB)","composicao_em_exercicio","https://www.alepa.pa.gov.br/Transparencia/FrequenciaSessoes?ano=2022&mes=12&tipoSessao=0","oficial",NA,NA,"portal_casa",TRUE,FALSE,FALSE,"oficial"
"composicao_final_assembleias_fonte_oficial.csv","M2018_PA_7_15100_140000605989","PA","2018","DEPUTADO ESTADUAL/DISTRITAL","Chamonzinho (MDB)","composicao_em_exercicio","https://www.alepa.pa.gov.br/Transparencia/FrequenciaSessoes?ano=2022&mes=12&tipoSessao=0","oficial",NA,NA,"portal_casa",TRUE,FALSE,FALSE,"oficial"
"composicao_final_assembleias_fonte_oficial.csv","M2018_PA_7_15177_140000605973","PA","2018","DEPUTADO ESTADUAL/DISTRITAL","OZÓRIO JUVENIL (MDB)","composicao_em_exercicio","https://www.alepa.pa.gov.br/Transparencia/FrequenciaSessoes?ano=2022&mes=12&tipoSessao=0","oficial",NA,NA,"portal_casa",TRUE,FALSE,FALSE,"oficial"
"composicao_final_assembleias_fonte_oficial.csv","M2018_PA_7_15456_140000605983","PA","2018","DEPUTADO ESTADUAL/DISTRITAL","Martinho Carmona (MDB)","composicao_em_exercicio","https://www.alepa.pa.gov.br/Transparencia/FrequenciaSessoes?ano=2022&mes=12&tipoSessao=0","oficial",NA,NA,"portal_casa",TRUE,FALSE,FALSE,"oficial"
"composicao_final_assembleias_fonte_oficial.csv","M2018_PA_7_15555_140000605994","PA","2018","DEPUTADO ESTADUAL/DISTRITAL","Chicão (UB)","composicao_em_exercicio","https://www.alepa.pa.gov.br/Transparencia/FrequenciaSessoes?ano=2022&mes=12&tipoSessao=0","oficial",NA,NA,"portal_casa",TRUE,FALSE,FALSE,"oficial"
"composicao_final_assembleias_fonte_oficial.csv","M2018_PA_7_15615_140000605972","PA","2018","DEPUTADO ESTADUAL/DISTRITAL","Dr Wanderlan (MDB)","composicao_em_exercicio","https://www.alepa.pa.gov.br/Transparencia/FrequenciaSessoes?ano=2022&mes=12&tipoSessao=0","oficial",NA,NA,"portal_casa",TRUE,FALSE,FALSE,"oficial"
"composicao_final_assembleias_fonte_oficial.csv","M2018_PA_7_17100_140000612783","PA","2018","DEPUTADO ESTADUAL/DISTRITAL","Delegado Nilton Neves (PSD)","composicao_em_exercicio","https://www.alepa.pa.gov.br/Transparencia/FrequenciaSessoes?ano=2022&mes=12&tipoSessao=0","oficial",NA,NA,"portal_casa",TRUE,FALSE,FALSE,"oficial"
"composicao_final_assembleias_fonte_oficial.csv","M2018_PA_7_20620_140000604330","PA","2018","DEPUTADO ESTADUAL/DISTRITAL","DR. GALILEU (REPUB)","composicao_em_exercicio","https://www.alepa.pa.gov.br/Transparencia/FrequenciaSessoes?ano=2022&mes=12&tipoSessao=0","oficial",NA,NA,"portal_casa",TRUE,FALSE,FALSE,"oficial"
"composicao_final_assembleias_fonte_oficial.csv","M2018_PA_7_20777_140000604337","PA","2018","DEPUTADO ESTADUAL/DISTRITAL","DR. JAQUES NEVES (UNIÃO)","composicao_em_exercicio","https://www.alepa.pa.gov.br/Transparencia/FrequenciaSessoes?ano=2022&mes=12&tipoSessao=0","oficial",NA,NA,"portal_casa",TRUE,FALSE,FALSE,"oficial"
"composicao_final_assembleias_fonte_oficial.csv","M2018_PA_7_22111_140000604231","PA","2018","DEPUTADO ESTADUAL/DISTRITAL","ALEX SANTIAGO (PP)","composicao_em_exercicio","https://www.alepa.pa.gov.br/Transparencia/FrequenciaSessoes?ano=2022&mes=12&tipoSessao=0","oficial",NA,NA,"portal_casa",TRUE,FALSE,FALSE,"oficial"
"composicao_final_assembleias_fonte_oficial.csv","M2018_PA_7_22444_140000604223","PA","2018","DEPUTADO ESTADUAL/DISTRITAL","Antônio Tonheiro (PT)","composicao_em_exercicio","https://www.alepa.pa.gov.br/Transparencia/FrequenciaSessoes?ano=2022&mes=12&tipoSessao=0","oficial",NA,NA,"portal_casa",TRUE,FALSE,FALSE,"oficial"
"composicao_final_assembleias_fonte_oficial.csv","M2018_PA_7_23333_140000625061","PA","2018","DEPUTADO ESTADUAL/DISTRITAL","Thiago Araujo (UB)","composicao_em_exercicio","https://www.alepa.pa.gov.br/Transparencia/FrequenciaSessoes?ano=2022&mes=12&tipoSessao=0","oficial",NA,NA,"portal_casa",TRUE,FALSE,FALSE,"oficial"
"composicao_final_assembleias_fonte_oficial.csv","M2018_PA_7_25000_140000614299","PA","2018","DEPUTADO ESTADUAL/DISTRITAL","DRA. HELOISA (PSDB)","composicao_em_exercicio","https://www.alepa.pa.gov.br/Transparencia/FrequenciaSessoes?ano=2022&mes=12&tipoSessao=0","oficial",NA,NA,"portal_casa",TRUE,FALSE,FALSE,"oficial"
"composicao_final_assembleias_fonte_oficial.csv","M2018_PA_7_25123_140000614294","PA","2018","DEPUTADO ESTADUAL/DISTRITAL","Eliel Faustino (UB)","composicao_em_exercicio","https://www.alepa.pa.gov.br/Transparencia/FrequenciaSessoes?ano=2022&mes=12&tipoSessao=0","oficial",NA,NA,"portal_casa",TRUE,FALSE,FALSE,"oficial"
"composicao_final_assembleias_fonte_oficial.csv","M2018_PA_7_25678_140000614300","PA","2018","DEPUTADO ESTADUAL/DISTRITAL","HILTON AGUIAR (AVANTE)","composicao_em_exercicio","https://www.alepa.pa.gov.br/Transparencia/FrequenciaSessoes?ano=2022&mes=12&tipoSessao=0","oficial",NA,NA,"portal_casa",TRUE,FALSE,FALSE,"oficial"
"composicao_final_assembleias_fonte_oficial.csv","M2018_PA_7_27777_140000606002","PA","2018","DEPUTADO ESTADUAL/DISTRITAL","Diana Belo (UB)","composicao_em_exercicio","https://www.alepa.pa.gov.br/Transparencia/FrequenciaSessoes?ano=2022&mes=12&tipoSessao=0","oficial",NA,NA,"portal_casa",TRUE,FALSE,FALSE,"oficial"
"composicao_final_assembleias_fonte_oficial.csv","M2018_PA_7_31111_140000609362","PA","2018","DEPUTADO ESTADUAL/DISTRITAL","Igor Normando (MDB)","composicao_em_exercicio","https://www.alepa.pa.gov.br/Transparencia/FrequenciaSessoes?ano=2022&mes=12&tipoSessao=0","oficial",NA,NA,"portal_casa",TRUE,FALSE,FALSE,"oficial"
"composicao_final_assembleias_fonte_oficial.csv","M2018_PA_7_33123_140000625116","PA","2018","DEPUTADO ESTADUAL/DISTRITAL","ORLANDO LOBATO (PSD)","composicao_em_exercicio","https://www.alepa.pa.gov.br/Transparencia/FrequenciaSessoes?ano=2022&mes=12&tipoSessao=0","oficial",NA,NA,"portal_casa",TRUE,FALSE,FALSE,"oficial"
"composicao_final_assembleias_fonte_oficial.csv","M2018_PA_7_40999_140000621016","PA","2018","DEPUTADO ESTADUAL/DISTRITAL","Fabio Figueiras (PV)","composicao_em_exercicio","https://www.alepa.pa.gov.br/Transparencia/FrequenciaSessoes?ano=2022&mes=12&tipoSessao=0","oficial",NA,NA,"portal_casa",TRUE,FALSE,FALSE,"oficial"
"composicao_final_assembleias_fonte_oficial.csv","M2018_PA_7_45000_140000614282","PA","2018","DEPUTADO ESTADUAL/DISTRITAL","VICTOR DIAS (FE UNIÃO PP)","composicao_em_exercicio","https://www.alepa.pa.gov.br/Transparencia/FrequenciaSessoes?ano=2022&mes=12&tipoSessao=0","oficial",NA,NA,"portal_casa",TRUE,FALSE,FALSE,"oficial"
"composicao_final_assembleias_fonte_oficial.csv","M2018_PA_7_45111_140000614284","PA","2018","DEPUTADO ESTADUAL/DISTRITAL","Luth Rebelo (PP)","composicao_em_exercicio","https://www.alepa.pa.gov.br/Transparencia/FrequenciaSessoes?ano=2022&mes=12&tipoSessao=0","oficial",NA,NA,"portal_casa",TRUE,FALSE,FALSE,"oficial"
"composicao_final_assembleias_fonte_oficial.csv","M2018_PA_7_45112_140000614279","PA","2018","DEPUTADO ESTADUAL/DISTRITAL","Cilene Couto (MDB)","composicao_em_exercicio","https://www.alepa.pa.gov.br/Transparencia/FrequenciaSessoes?ano=2022&mes=12&tipoSessao=0","oficial",NA,NA,"portal_casa",TRUE,FALSE,FALSE,"oficial"
"composicao_final_assembleias_fonte_oficial.csv","M2018_PA_7_45130_140000614291","PA","2018","DEPUTADO ESTADUAL/DISTRITAL","Ana Cunha (MDB)","composicao_em_exercicio","https://www.alepa.pa.gov.br/Transparencia/FrequenciaSessoes?ano=2022&mes=12&tipoSessao=0","oficial",NA,NA,"portal_casa",TRUE,FALSE,FALSE,"oficial"
"composicao_final_assembleias_fonte_oficial.csv","M2018_PA_7_50123_140000604428","PA","2018","DEPUTADO ESTADUAL/DISTRITAL","MARINOR BRITO (PSOL)","composicao_em_exercicio","https://www.alepa.pa.gov.br/Transparencia/FrequenciaSessoes?ano=2022&mes=12&tipoSessao=0","oficial",NA,NA,"portal_casa",TRUE,FALSE,FALSE,"oficial"
"composicao_final_assembleias_fonte_oficial.csv","M2018_PA_7_51234_140000609817","PA","2018","DEPUTADO ESTADUAL/DISTRITAL","RAIMUNDO SANTOS (PSD)","composicao_em_exercicio","https://www.alepa.pa.gov.br/Transparencia/FrequenciaSessoes?ano=2022&mes=12&tipoSessao=0","oficial",NA,NA,"portal_casa",TRUE,FALSE,FALSE,"oficial"
"composicao_final_assembleias_fonte_oficial.csv","M2018_PA_7_55055_140000606014","PA","2018","DEPUTADO ESTADUAL/DISTRITAL","MICHELE BEGOT (PSD)","composicao_em_exercicio","https://www.alepa.pa.gov.br/Transparencia/FrequenciaSessoes?ano=2022&mes=12&tipoSessao=0","oficial",NA,NA,"portal_casa",TRUE,FALSE,FALSE,"oficial"
"composicao_final_assembleias_fonte_oficial.csv","M2018_PA_7_55123_140000606010","PA","2018","DEPUTADO ESTADUAL/DISTRITAL","Gustavo Sefer (PSD)","composicao_em_exercicio","https://www.alepa.pa.gov.br/Transparencia/FrequenciaSessoes?ano=2022&mes=12&tipoSessao=0","oficial",NA,NA,"portal_casa",TRUE,FALSE,FALSE,"oficial"
"composicao_final_assembleias_fonte_oficial.csv","M2018_PA_7_55500_140000606006","PA","2018","DEPUTADO ESTADUAL/DISTRITAL","PAULA GOMES (MDB)","composicao_em_exercicio","https://www.alepa.pa.gov.br/Transparencia/FrequenciaSessoes?ano=2022&mes=12&tipoSessao=0","oficial",NA,NA,"portal_casa",TRUE,FALSE,FALSE,"oficial"
"composicao_final_assembleias_fonte_oficial.csv","M2018_PA_7_77777_140000613485","PA","2018","DEPUTADO ESTADUAL/DISTRITAL","RENILCE NICODEMOS (MDB)","composicao_em_exercicio","https://www.alepa.pa.gov.br/Transparencia/FrequenciaSessoes?ano=2022&mes=12&tipoSessao=0","oficial",NA,NA,"portal_casa",TRUE,FALSE,FALSE,"oficial"
"composicao_final_assembleias_fonte_oficial.csv","M1998_SC_7_11113_240002407111131","SC","1998","DEPUTADO ESTADUAL/DISTRITAL","Odete De Jesus","composicao_em_exercicio","http://www2.alesc.sc.gov.br/diarios/pdf/5046dia.PDF","oficial",NA,NA,"diario_oficial",TRUE,FALSE,FALSE,"oficial"
"composicao_final_assembleias_fonte_oficial.csv","M1998_SC_7_11135_240002407111351","SC","1998","DEPUTADO ESTADUAL/DISTRITAL","Licio Silveira","composicao_em_exercicio","http://www2.alesc.sc.gov.br/diarios/pdf/5046dia.PDF","oficial",NA,NA,"diario_oficial",TRUE,FALSE,FALSE,"oficial"
"composicao_final_assembleias_fonte_oficial.csv","M1998_SC_7_11166_240002407111661","SC","1998","DEPUTADO ESTADUAL/DISTRITAL","Valmir Comin","composicao_em_exercicio","http://www2.alesc.sc.gov.br/diarios/pdf/5046dia.PDF","oficial",NA,NA,"diario_oficial",TRUE,FALSE,FALSE,"oficial"
"composicao_final_assembleias_fonte_oficial.csv","M1998_SC_7_11211_240002407112111","SC","1998","DEPUTADO ESTADUAL/DISTRITAL","Milton Sander","composicao_em_exercicio","http://www2.alesc.sc.gov.br/diarios/pdf/5046dia.PDF","oficial",NA,NA,"diario_oficial",TRUE,FALSE,FALSE,"oficial"
"composicao_final_assembleias_fonte_oficial.csv","M1998_SC_7_11222_240002407112221","SC","1998","DEPUTADO ESTADUAL/DISTRITAL","Gilmar Knaesel","composicao_em_exercicio","http://www2.alesc.sc.gov.br/diarios/pdf/5046dia.PDF","oficial",NA,NA,"diario_oficial",TRUE,FALSE,FALSE,"oficial"
"composicao_final_assembleias_fonte_oficial.csv","M1998_SC_7_11223_240002407112231","SC","1998","DEPUTADO ESTADUAL/DISTRITAL","Joares Ponticelli","composicao_em_exercicio","http://www2.alesc.sc.gov.br/diarios/pdf/5046dia.PDF","oficial",NA,NA,"diario_oficial",TRUE,FALSE,FALSE,"oficial"
"composicao_final_assembleias_fonte_oficial.csv","M1998_SC_7_11233_240002407112331","SC","1998","DEPUTADO ESTADUAL/DISTRITAL","Reno Caramori","composicao_em_exercicio","http://www2.alesc.sc.gov.br/diarios/pdf/5046dia.PDF","oficial",NA,NA,"diario_oficial",TRUE,FALSE,FALSE,"oficial"
"composicao_final_assembleias_fonte_oficial.csv","M1998_SC_7_11245_240002407112451","SC","1998","DEPUTADO ESTADUAL/DISTRITAL","Odacir Zonta","composicao_em_exercicio","http://www2.alesc.sc.gov.br/diarios/pdf/5046dia.PDF","oficial",NA,NA,"diario_oficial",TRUE,FALSE,FALSE,"oficial"
"composicao_final_assembleias_fonte_oficial.csv","M1998_SC_7_11271_240002407112711","SC","1998","DEPUTADO ESTADUAL/DISTRITAL","Ivan Ranzolin","composicao_em_exercicio","http://www2.alesc.sc.gov.br/diarios/pdf/5046dia.PDF","oficial",NA,NA,"diario_oficial",TRUE,FALSE,FALSE,"oficial"
"composicao_final_assembleias_fonte_oficial.csv","M1998_SC_7_11666_240002407116661","SC","1998","DEPUTADO ESTADUAL/DISTRITAL","Nelson Goetten","composicao_em_exercicio","http://www2.alesc.sc.gov.br/diarios/pdf/5046dia.PDF","oficial",NA,NA,"diario_oficial",TRUE,FALSE,FALSE,"oficial"
"composicao_final_assembleias_fonte_oficial.csv","M1998_SC_7_12222_240002407122221","SC","1998","DEPUTADO ESTADUAL/DISTRITAL","Afonso Spaniol","composicao_em_exercicio","http://www2.alesc.sc.gov.br/diarios/pdf/5046dia.PDF","oficial",NA,NA,"diario_oficial",TRUE,FALSE,FALSE,"oficial"
"composicao_final_assembleias_fonte_oficial.csv","M1998_SC_7_12234_240002407122341","SC","1998","DEPUTADO ESTADUAL/DISTRITAL","Jaime Mantelli","composicao_em_exercicio","http://www2.alesc.sc.gov.br/diarios/pdf/5046dia.PDF","oficial",NA,NA,"diario_oficial",TRUE,FALSE,FALSE,"oficial"
"composicao_final_assembleias_fonte_oficial.csv","M1998_SC_7_13111_240002407131111","SC","1998","DEPUTADO ESTADUAL/DISTRITAL","Volnei Morastoni","composicao_em_exercicio","http://www2.alesc.sc.gov.br/diarios/pdf/5046dia.PDF","oficial",NA,NA,"diario_oficial",TRUE,FALSE,FALSE,"oficial"
"composicao_final_assembleias_fonte_oficial.csv","M1998_SC_7_13123_240002407131231","SC","1998","DEPUTADO ESTADUAL/DISTRITAL","Ideli Salvatti","composicao_em_exercicio","http://www2.alesc.sc.gov.br/diarios/pdf/5046dia.PDF","oficial",NA,NA,"diario_oficial",TRUE,FALSE,FALSE,"oficial"
"composicao_final_assembleias_fonte_oficial.csv","M1998_SC_7_13613_240002407136131","SC","1998","DEPUTADO ESTADUAL/DISTRITAL","Francisco De Assis","composicao_em_exercicio","http://www2.alesc.sc.gov.br/diarios/pdf/5046dia.PDF","oficial",NA,NA,"diario_oficial",TRUE,FALSE,FALSE,"oficial"
"composicao_final_assembleias_fonte_oficial.csv","M1998_SC_7_14292_240002407142921","SC","1998","DEPUTADO ESTADUAL/DISTRITAL","Sandro Tarzan","composicao_em_exercicio","http://www2.alesc.sc.gov.br/diarios/pdf/5046dia.PDF","oficial",NA,NA,"diario_oficial",TRUE,FALSE,FALSE,"oficial"
"composicao_final_assembleias_fonte_oficial.csv","M1998_SC_7_15010_240002407150101","SC","1998","DEPUTADO ESTADUAL/DISTRITAL","Rogério Mendonça","composicao_em_exercicio","http://www2.alesc.sc.gov.br/diarios/pdf/5046dia.PDF","oficial",NA,NA,"diario_oficial",TRUE,FALSE,FALSE,"oficial"
"composicao_final_assembleias_fonte_oficial.csv","M1998_SC_7_15104_240002407151041","SC","1998","DEPUTADO ESTADUAL/DISTRITAL","Narcizo Parisotto","composicao_em_exercicio","http://www2.alesc.sc.gov.br/diarios/pdf/5046dia.PDF","oficial",NA,NA,"diario_oficial",TRUE,FALSE,FALSE,"oficial"
"composicao_final_assembleias_fonte_oficial.csv","M1998_SC_7_15109_240002407151091","SC","1998","DEPUTADO ESTADUAL/DISTRITAL","Ronaldo Benedet","composicao_em_exercicio","http://www2.alesc.sc.gov.br/diarios/pdf/5046dia.PDF","oficial",NA,NA,"diario_oficial",TRUE,FALSE,FALSE,"oficial"
"composicao_final_assembleias_fonte_oficial.csv","M1998_SC_7_15140_240002407151401","SC","1998","DEPUTADO ESTADUAL/DISTRITAL","Ivo Konell","composicao_em_exercicio","http://www2.alesc.sc.gov.br/diarios/pdf/5046dia.PDF","oficial",NA,NA,"diario_oficial",TRUE,FALSE,FALSE,"oficial"
"composicao_final_assembleias_fonte_oficial.csv","M1998_SC_7_15144_240002407151441","SC","1998","DEPUTADO ESTADUAL/DISTRITAL","Gelson Sorgato","composicao_em_exercicio","http://www2.alesc.sc.gov.br/diarios/pdf/5046dia.PDF","oficial",NA,NA,"diario_oficial",TRUE,FALSE,FALSE,"oficial"
"composicao_final_assembleias_fonte_oficial.csv","M1998_SC_7_15157_240002407151571","SC","1998","DEPUTADO ESTADUAL/DISTRITAL","Manoel Mota","composicao_em_exercicio","http://www2.alesc.sc.gov.br/diarios/pdf/5046dia.PDF","oficial",NA,NA,"diario_oficial",TRUE,FALSE,FALSE,"oficial"
"composicao_final_assembleias_fonte_oficial.csv","M1998_SC_7_15180_240002407151801","SC","1998","DEPUTADO ESTADUAL/DISTRITAL","Moacir Sopelsa","composicao_em_exercicio","http://www2.alesc.sc.gov.br/diarios/pdf/5046dia.PDF","oficial",NA,NA,"diario_oficial",TRUE,FALSE,FALSE,"oficial"
"composicao_final_assembleias_fonte_oficial.csv","M1998_SC_7_15220_240002407152201","SC","1998","DEPUTADO ESTADUAL/DISTRITAL","Herneus De Nadal","composicao_em_exercicio","http://www2.alesc.sc.gov.br/diarios/pdf/5046dia.PDF","oficial",NA,NA,"diario_oficial",TRUE,FALSE,FALSE,"oficial"
"composicao_final_assembleias_fonte_oficial.csv","M1998_SC_7_15270_240002407152701","SC","1998","DEPUTADO ESTADUAL/DISTRITAL","Romildo Titon","composicao_em_exercicio","http://www2.alesc.sc.gov.br/diarios/pdf/5046dia.PDF","oficial",NA,NA,"diario_oficial",TRUE,FALSE,FALSE,"oficial"
"composicao_final_assembleias_fonte_oficial.csv","M1998_SC_7_25100_240002407251001","SC","1998","DEPUTADO ESTADUAL/DISTRITAL","Cesar Souza","composicao_em_exercicio","http://www2.alesc.sc.gov.br/diarios/pdf/5046dia.PDF","oficial",NA,NA,"diario_oficial",TRUE,FALSE,FALSE,"oficial"
"composicao_final_assembleias_fonte_oficial.csv","M1998_SC_7_25123_240002407251231","SC","1998","DEPUTADO ESTADUAL/DISTRITAL","Paulinho Bornhausen","composicao_em_exercicio","http://www2.alesc.sc.gov.br/diarios/pdf/5046dia.PDF","oficial",NA,NA,"diario_oficial",TRUE,FALSE,FALSE,"oficial"
"composicao_final_assembleias_fonte_oficial.csv","M1998_SC_7_25200_240002407252001","SC","1998","DEPUTADO ESTADUAL/DISTRITAL","Onofre Santo Agostini","composicao_em_exercicio","http://www2.alesc.sc.gov.br/diarios/pdf/5046dia.PDF","oficial",NA,NA,"diario_oficial",TRUE,FALSE,FALSE,"oficial"
"composicao_final_assembleias_fonte_oficial.csv","M1998_SC_7_25210_240002407252101","SC","1998","DEPUTADO ESTADUAL/DISTRITAL","Adelor Vieira","composicao_em_exercicio","http://www2.alesc.sc.gov.br/diarios/pdf/5046dia.PDF","oficial",NA,NA,"diario_oficial",TRUE,FALSE,FALSE,"oficial"
"composicao_final_assembleias_fonte_oficial.csv","M1998_SC_7_25211_240002407252111","SC","1998","DEPUTADO ESTADUAL/DISTRITAL","João Macagnan","composicao_em_exercicio","http://www2.alesc.sc.gov.br/diarios/pdf/5046dia.PDF","oficial",NA,NA,"diario_oficial",TRUE,FALSE,FALSE,"oficial"
"composicao_final_assembleias_fonte_oficial.csv","M1998_SC_7_25777_240002407257771","SC","1998","DEPUTADO ESTADUAL/DISTRITAL","Nilson Gonçalves","composicao_em_exercicio","http://www2.alesc.sc.gov.br/diarios/pdf/5046dia.PDF","oficial",NA,NA,"diario_oficial",TRUE,FALSE,FALSE,"oficial"
"composicao_final_assembleias_fonte_oficial.csv","M1998_SC_7_25999_240002407259991","SC","1998","DEPUTADO ESTADUAL/DISTRITAL","Heitor Sché","composicao_em_exercicio","http://www2.alesc.sc.gov.br/diarios/pdf/5046dia.PDF","oficial",NA,NA,"diario_oficial",TRUE,FALSE,FALSE,"oficial"
"composicao_final_assembleias_fonte_oficial.csv","M1998_SC_7_45123_240002407451231","SC","1998","DEPUTADO ESTADUAL/DISTRITAL","Jorginho Mello","composicao_em_exercicio","http://www2.alesc.sc.gov.br/diarios/pdf/5046dia.PDF","oficial",NA,NA,"diario_oficial",TRUE,FALSE,FALSE,"oficial"
"composicao_final_assembleias_fonte_oficial.csv","M1998_SC_7_45611_240002407456111","SC","1998","DEPUTADO ESTADUAL/DISTRITAL","João Rosa","composicao_em_exercicio","http://www2.alesc.sc.gov.br/diarios/pdf/5046dia.PDF","oficial",NA,NA,"diario_oficial",TRUE,FALSE,FALSE,"oficial"
"composicao_final_assembleias_fonte_oficial.csv","M1998_SC_7_45623_240002407456231","SC","1998","DEPUTADO ESTADUAL/DISTRITAL","Jaime Duarte","composicao_em_exercicio","http://www2.alesc.sc.gov.br/diarios/pdf/5046dia.PDF","oficial",NA,NA,"diario_oficial",TRUE,FALSE,FALSE,"oficial"
"composicao_final_assembleias_fonte_oficial.csv","M2002_SC_7_11111_425","SC","2002","DEPUTADO ESTADUAL/DISTRITAL","Nilson Machado","composicao_em_exercicio","http://www2.alesc.sc.gov.br/diarios/pdf/5669dia.pdf","oficial",NA,NA,"diario_oficial",TRUE,FALSE,FALSE,"oficial"
"composicao_final_assembleias_fonte_oficial.csv","M2002_SC_7_11135_416","SC","2002","DEPUTADO ESTADUAL/DISTRITAL","Lício Silveira","composicao_em_exercicio","http://www2.alesc.sc.gov.br/diarios/pdf/5669dia.pdf","oficial",NA,NA,"diario_oficial",TRUE,FALSE,FALSE,"oficial"
"composicao_final_assembleias_fonte_oficial.csv","M2002_SC_7_11147_427","SC","2002","DEPUTADO ESTADUAL/DISTRITAL","Antônio Carlos Vieira","composicao_em_exercicio","http://www2.alesc.sc.gov.br/diarios/pdf/5669dia.pdf","oficial",NA,NA,"diario_oficial",TRUE,FALSE,FALSE,"oficial"
"composicao_final_assembleias_fonte_oficial.csv","M2002_SC_7_11166_439","SC","2002","DEPUTADO ESTADUAL/DISTRITAL","Valmir Comin","composicao_em_exercicio","http://www2.alesc.sc.gov.br/diarios/pdf/5669dia.pdf","oficial",NA,NA,"diario_oficial",TRUE,FALSE,FALSE,"oficial"
"composicao_final_assembleias_fonte_oficial.csv","M2002_SC_7_11222_422","SC","2002","DEPUTADO ESTADUAL/DISTRITAL","Gilmar Knaesel","composicao_em_exercicio","http://www2.alesc.sc.gov.br/diarios/pdf/5669dia.pdf","oficial",NA,NA,"diario_oficial",TRUE,FALSE,FALSE,"oficial"
"composicao_final_assembleias_fonte_oficial.csv","M2002_SC_7_11223_413","SC","2002","DEPUTADO ESTADUAL/DISTRITAL","Joares Ponticelli","composicao_em_exercicio","http://www2.alesc.sc.gov.br/diarios/pdf/5669dia.pdf","oficial",NA,NA,"diario_oficial",TRUE,FALSE,FALSE,"oficial"
"composicao_final_assembleias_fonte_oficial.csv","M2002_SC_7_11233_430","SC","2002","DEPUTADO ESTADUAL/DISTRITAL","Reno Caramori","composicao_em_exercicio","http://www2.alesc.sc.gov.br/diarios/pdf/5669dia.pdf","oficial",NA,NA,"diario_oficial",TRUE,FALSE,FALSE,"oficial"
"composicao_final_assembleias_fonte_oficial.csv","M2002_SC_7_11234_406","SC","2002","DEPUTADO ESTADUAL/DISTRITAL","Altair Guidi","composicao_em_exercicio","http://www2.alesc.sc.gov.br/diarios/pdf/5669dia.pdf","oficial",NA,NA,"diario_oficial",TRUE,FALSE,FALSE,"oficial"
"composicao_final_assembleias_fonte_oficial.csv","M2002_SC_7_11470_423","SC","2002","DEPUTADO ESTADUAL/DISTRITAL","Nelson Goetten","composicao_em_exercicio","http://www2.alesc.sc.gov.br/diarios/pdf/5669dia.pdf","oficial",NA,NA,"diario_oficial",TRUE,FALSE,FALSE,"oficial"
"composicao_final_assembleias_fonte_oficial.csv","M2002_SC_7_11929_407","SC","2002","DEPUTADO ESTADUAL/DISTRITAL","Celestino Secco","composicao_em_exercicio","http://www2.alesc.sc.gov.br/diarios/pdf/5669dia.pdf","oficial",NA,NA,"diario_oficial",TRUE,FALSE,FALSE,"oficial"
"composicao_final_assembleias_fonte_oficial.csv","M2002_SC_7_13030_157","SC","2002","DEPUTADO ESTADUAL/DISTRITAL","Paulo Eccel","composicao_em_exercicio","http://www2.alesc.sc.gov.br/diarios/pdf/5669dia.pdf","oficial",NA,NA,"diario_oficial",TRUE,FALSE,FALSE,"oficial"
"composicao_final_assembleias_fonte_oficial.csv","M2002_SC_7_13120_177","SC","2002","DEPUTADO ESTADUAL/DISTRITAL","Wilson Vieira","composicao_em_exercicio","http://www2.alesc.sc.gov.br/diarios/pdf/5669dia.pdf","oficial",NA,NA,"diario_oficial",TRUE,FALSE,FALSE,"oficial"
"composicao_final_assembleias_fonte_oficial.csv","M2002_SC_7_13131_113","SC","2002","DEPUTADO ESTADUAL/DISTRITAL","Afrânio Boppré","composicao_em_exercicio","http://www2.alesc.sc.gov.br/diarios/pdf/5669dia.pdf","oficial",NA,NA,"diario_oficial",TRUE,FALSE,FALSE,"oficial"
"composicao_final_assembleias_fonte_oficial.csv","M2002_SC_7_13313_117","SC","2002","DEPUTADO ESTADUAL/DISTRITAL","Ana Paula Lima","composicao_em_exercicio","http://www2.alesc.sc.gov.br/diarios/pdf/5669dia.pdf","oficial",NA,NA,"diario_oficial",TRUE,FALSE,FALSE,"oficial"
"composicao_final_assembleias_fonte_oficial.csv","M2002_SC_7_13613_138","SC","2002","DEPUTADO ESTADUAL/DISTRITAL","Francisco de Assis","composicao_em_exercicio","http://www2.alesc.sc.gov.br/diarios/pdf/5669dia.pdf","oficial",NA,NA,"diario_oficial",TRUE,FALSE,FALSE,"oficial"
"composicao_final_assembleias_fonte_oficial.csv","M2002_SC_7_13699_147","SC","2002","DEPUTADO ESTADUAL/DISTRITAL","José Serafim","composicao_em_exercicio","http://www2.alesc.sc.gov.br/diarios/pdf/5669dia.pdf","oficial",NA,NA,"diario_oficial",TRUE,FALSE,FALSE,"oficial"
"composicao_final_assembleias_fonte_oficial.csv","M2002_SC_7_13789_130","SC","2002","DEPUTADO ESTADUAL/DISTRITAL","Dionei Walter da Silva","composicao_em_exercicio","http://www2.alesc.sc.gov.br/diarios/pdf/5669dia.pdf","oficial",NA,NA,"diario_oficial",TRUE,FALSE,FALSE,"oficial"
"composicao_final_assembleias_fonte_oficial.csv","M2002_SC_7_13987_158","SC","2002","DEPUTADO ESTADUAL/DISTRITAL","Pedro Baldissera","composicao_em_exercicio","http://www2.alesc.sc.gov.br/diarios/pdf/5669dia.pdf","oficial",NA,NA,"diario_oficial",TRUE,FALSE,FALSE,"oficial"
"composicao_final_assembleias_fonte_oficial.csv","M2002_SC_7_14104_369","SC","2002","DEPUTADO ESTADUAL/DISTRITAL","Narcizo Parisotto","composicao_em_exercicio","http://www2.alesc.sc.gov.br/diarios/pdf/5669dia.pdf","oficial",NA,NA,"diario_oficial",TRUE,FALSE,FALSE,"oficial"
"composicao_final_assembleias_fonte_oficial.csv","M2002_SC_7_14300_373","SC","2002","DEPUTADO ESTADUAL/DISTRITAL","Sérgio Godinho","composicao_em_exercicio","http://www2.alesc.sc.gov.br/diarios/pdf/5669dia.pdf","oficial",NA,NA,"diario_oficial",TRUE,FALSE,FALSE,"oficial"
"composicao_final_assembleias_fonte_oficial.csv","M2002_SC_7_15010_82","SC","2002","DEPUTADO ESTADUAL/DISTRITAL","Rogério Mendonça","composicao_em_exercicio","http://www2.alesc.sc.gov.br/diarios/pdf/5669dia.pdf","oficial",NA,NA,"diario_oficial",TRUE,FALSE,FALSE,"oficial"
"composicao_final_assembleias_fonte_oficial.csv","M2002_SC_7_15180_75","SC","2002","DEPUTADO ESTADUAL/DISTRITAL","Moacir Sopelsa","composicao_em_exercicio","http://www2.alesc.sc.gov.br/diarios/pdf/5669dia.pdf","oficial",NA,NA,"diario_oficial",TRUE,FALSE,FALSE,"oficial"
"composicao_final_assembleias_fonte_oficial.csv","M2002_SC_7_15215_70","SC","2002","DEPUTADO ESTADUAL/DISTRITAL","João Henrique Blasi","composicao_em_exercicio","http://www2.alesc.sc.gov.br/diarios/pdf/5669dia.pdf","oficial",NA,NA,"diario_oficial",TRUE,FALSE,FALSE,"oficial"
"composicao_final_assembleias_fonte_oficial.csv","M2002_SC_7_15220_62","SC","2002","DEPUTADO ESTADUAL/DISTRITAL","Herneus de Nadal","composicao_em_exercicio","http://www2.alesc.sc.gov.br/diarios/pdf/5669dia.pdf","oficial",NA,NA,"diario_oficial",TRUE,FALSE,FALSE,"oficial"
"composicao_final_assembleias_fonte_oficial.csv","M2002_SC_7_15270_87","SC","2002","DEPUTADO ESTADUAL/DISTRITAL","Romildo Titon","composicao_em_exercicio","http://www2.alesc.sc.gov.br/diarios/pdf/5669dia.pdf","oficial",NA,NA,"diario_oficial",TRUE,FALSE,FALSE,"oficial"
"composicao_final_assembleias_fonte_oficial.csv","M2002_SC_7_15650_60","SC","2002","DEPUTADO ESTADUAL/DISTRITAL","Genésio Goulart","composicao_em_exercicio","http://www2.alesc.sc.gov.br/diarios/pdf/5669dia.pdf","oficial",NA,NA,"diario_oficial",TRUE,FALSE,FALSE,"oficial"
"composicao_final_assembleias_fonte_oficial.csv","M2002_SC_7_15670_79","SC","2002","DEPUTADO ESTADUAL/DISTRITAL","Mauro Mariani","composicao_em_exercicio","http://www2.alesc.sc.gov.br/diarios/pdf/5669dia.pdf","oficial",NA,NA,"diario_oficial",TRUE,FALSE,FALSE,"oficial"
"composicao_final_assembleias_fonte_oficial.csv","M2002_SC_7_22333_170","SC","2002","DEPUTADO ESTADUAL/DISTRITAL","Odete de Jesus","composicao_em_exercicio","http://www2.alesc.sc.gov.br/diarios/pdf/5669dia.pdf","oficial",NA,NA,"diario_oficial",TRUE,FALSE,FALSE,"oficial"
"composicao_final_assembleias_fonte_oficial.csv","M2002_SC_7_25100_458","SC","2002","DEPUTADO ESTADUAL/DISTRITAL","Cesar Souza","composicao_em_exercicio","http://www2.alesc.sc.gov.br/diarios/pdf/5674dia.pdf","oficial",NA,NA,"diario_oficial",TRUE,FALSE,FALSE,"oficial"
"composicao_final_assembleias_fonte_oficial.csv","M2002_SC_7_25110_485","SC","2002","DEPUTADO ESTADUAL/DISTRITAL","Clésio Salvaro","composicao_em_exercicio","http://www2.alesc.sc.gov.br/diarios/pdf/5669dia.pdf","oficial",NA,NA,"diario_oficial",TRUE,FALSE,FALSE,"oficial"
"composicao_final_assembleias_fonte_oficial.csv","M2002_SC_7_25111_476","SC","2002","DEPUTADO ESTADUAL/DISTRITAL","Julio Garcia","composicao_em_exercicio","http://www2.alesc.sc.gov.br/diarios/pdf/5669dia.pdf","oficial",NA,NA,"diario_oficial",TRUE,FALSE,FALSE,"oficial"
"composicao_final_assembleias_fonte_oficial.csv","M2002_SC_7_25120_451","SC","2002","DEPUTADO ESTADUAL/DISTRITAL","Antônio Ceron","composicao_em_exercicio","http://www2.alesc.sc.gov.br/diarios/pdf/5669dia.pdf","oficial",NA,NA,"diario_oficial",TRUE,FALSE,FALSE,"oficial"
"composicao_final_assembleias_fonte_oficial.csv","M2002_SC_7_25200_484","SC","2002","DEPUTADO ESTADUAL/DISTRITAL","Onofre Santo Agostini","composicao_em_exercicio","http://www2.alesc.sc.gov.br/diarios/pdf/5669dia.pdf","oficial",NA,NA,"diario_oficial",TRUE,FALSE,FALSE,"oficial"
"composicao_final_assembleias_fonte_oficial.csv","M2002_SC_7_25369_461","SC","2002","DEPUTADO ESTADUAL/DISTRITAL","Djalma Berger","composicao_em_exercicio","http://www2.alesc.sc.gov.br/diarios/pdf/5669dia.pdf","oficial",NA,NA,"diario_oficial",TRUE,FALSE,FALSE,"oficial"
"composicao_final_assembleias_fonte_oficial.csv","M2002_SC_7_45123_228","SC","2002","DEPUTADO ESTADUAL/DISTRITAL","Jorginho Mello","composicao_em_exercicio","http://www2.alesc.sc.gov.br/diarios/pdf/5669dia.pdf","oficial",NA,NA,"diario_oficial",TRUE,FALSE,FALSE,"oficial"
"composicao_final_assembleias_fonte_oficial.csv","M2002_SC_7_45678_254","SC","2002","DEPUTADO ESTADUAL/DISTRITAL","Luiz Eduardo Cherem","composicao_licenciado","http://www2.alesc.sc.gov.br/diarios/pdf/5671dia.pdf","oficial",NA,NA,"diario_oficial",TRUE,FALSE,FALSE,"oficial"
"composicao_final_assembleias_fonte_oficial.csv","M2002_SC_7_45777_229","SC","2002","DEPUTADO ESTADUAL/DISTRITAL","Nilson Gonçalves","composicao_em_exercicio","http://www2.alesc.sc.gov.br/diarios/pdf/5669dia.pdf","oficial",NA,NA,"diario_oficial",TRUE,FALSE,FALSE,"oficial"
"composicao_final_assembleias_fonte_oficial.csv","M2006_SC_7_11111_10479","SC","2006","DEPUTADO ESTADUAL/DISTRITAL","Kennedy Nunes","composicao_em_exercicio","http://www2.alesc.sc.gov.br/diarios/pdf/6239dia.pdf","oficial",NA,NA,"diario_oficial",TRUE,FALSE,FALSE,"oficial"
"composicao_final_assembleias_fonte_oficial.csv","M2006_SC_7_11166_10488","SC","2006","DEPUTADO ESTADUAL/DISTRITAL","Valmir Comin","composicao_em_exercicio","http://www2.alesc.sc.gov.br/diarios/pdf/6239dia.pdf","oficial",NA,NA,"diario_oficial",TRUE,FALSE,FALSE,"oficial"
"composicao_final_assembleias_fonte_oficial.csv","M2006_SC_7_11223_10493","SC","2006","DEPUTADO ESTADUAL/DISTRITAL","Joares Ponticelli","composicao_em_exercicio","http://www2.alesc.sc.gov.br/diarios/pdf/6239dia.pdf","oficial",NA,NA,"diario_oficial",TRUE,FALSE,FALSE,"oficial"
"composicao_final_assembleias_fonte_oficial.csv","M2006_SC_7_11233_10494","SC","2006","DEPUTADO ESTADUAL/DISTRITAL","Reno Caramori","composicao_licenciado","http://www2.alesc.sc.gov.br/diarios/pdf/6221dia.pdf","oficial",NA,NA,"diario_oficial",TRUE,FALSE,FALSE,"oficial"
"composicao_final_assembleias_fonte_oficial.csv","M2006_SC_7_11311_10496","SC","2006","DEPUTADO ESTADUAL/DISTRITAL","Silvio Dreveck","composicao_em_exercicio","http://www2.alesc.sc.gov.br/diarios/pdf/6239dia.pdf","oficial",NA,NA,"diario_oficial",TRUE,FALSE,FALSE,"oficial"
"composicao_final_assembleias_fonte_oficial.csv","M2006_SC_7_12000_10416","SC","2006","DEPUTADO ESTADUAL/DISTRITAL","Dagomar Carneiro","composicao_em_exercicio","http://www2.alesc.sc.gov.br/diarios/pdf/6239dia.pdf","oficial",NA,NA,"diario_oficial",TRUE,FALSE,FALSE,"oficial"
"composicao_final_assembleias_fonte_oficial.csv","M2006_SC_7_12580_10429","SC","2006","DEPUTADO ESTADUAL/DISTRITAL","Sargento Amauri Soares","composicao_em_exercicio","http://www2.alesc.sc.gov.br/diarios/pdf/6239dia.pdf","oficial",NA,NA,"diario_oficial",TRUE,FALSE,FALSE,"oficial"
"composicao_final_assembleias_fonte_oficial.csv","M2006_SC_7_13000_10224","SC","2006","DEPUTADO ESTADUAL/DISTRITAL","Décio Góes","composicao_em_exercicio","http://www2.alesc.sc.gov.br/diarios/pdf/6239dia.pdf","oficial",NA,NA,"diario_oficial",TRUE,FALSE,FALSE,"oficial"
"composicao_final_assembleias_fonte_oficial.csv","M2006_SC_7_13313_10240","SC","2006","DEPUTADO ESTADUAL/DISTRITAL","Ana Paula Lima","composicao_em_exercicio","http://www2.alesc.sc.gov.br/diarios/pdf/6239dia.pdf","oficial",NA,NA,"diario_oficial",TRUE,FALSE,FALSE,"oficial"
"composicao_final_assembleias_fonte_oficial.csv","M2006_SC_7_13450_10243","SC","2006","DEPUTADO ESTADUAL/DISTRITAL","Dirceu Dresch","composicao_em_exercicio","http://www2.alesc.sc.gov.br/diarios/pdf/6239dia.pdf","oficial",NA,NA,"diario_oficial",TRUE,FALSE,FALSE,"oficial"
"composicao_final_assembleias_fonte_oficial.csv","M2006_SC_7_13470_10245","SC","2006","DEPUTADO ESTADUAL/DISTRITAL","Jailson Lima","composicao_em_exercicio","http://www2.alesc.sc.gov.br/diarios/pdf/6239dia.pdf","oficial",NA,NA,"diario_oficial",TRUE,FALSE,FALSE,"oficial"
"composicao_final_assembleias_fonte_oficial.csv","M2006_SC_7_13580_10248","SC","2006","DEPUTADO ESTADUAL/DISTRITAL","Pedro Uczai","composicao_em_exercicio","http://www2.alesc.sc.gov.br/diarios/pdf/6239dia.pdf","oficial",NA,NA,"diario_oficial",TRUE,FALSE,FALSE,"oficial"
"composicao_final_assembleias_fonte_oficial.csv","M2006_SC_7_13987_10257","SC","2006","DEPUTADO ESTADUAL/DISTRITAL","Padre Pedro Baldissera","composicao_em_exercicio","http://www2.alesc.sc.gov.br/diarios/pdf/6239dia.pdf","oficial",NA,NA,"diario_oficial",TRUE,FALSE,FALSE,"oficial"
"composicao_final_assembleias_fonte_oficial.csv","M2006_SC_7_14104_10316","SC","2006","DEPUTADO ESTADUAL/DISTRITAL","Narcizo Parisotto","composicao_em_exercicio","http://www2.alesc.sc.gov.br/diarios/pdf/6239dia.pdf","oficial",NA,NA,"diario_oficial",TRUE,FALSE,FALSE,"oficial"
"composicao_final_assembleias_fonte_oficial.csv","M2006_SC_7_15010_10031","SC","2006","DEPUTADO ESTADUAL/DISTRITAL","Rogério Mendonça","composicao_em_exercicio","http://www2.alesc.sc.gov.br/diarios/pdf/6239dia.pdf","oficial",NA,NA,"diario_oficial",TRUE,FALSE,FALSE,"oficial"
"composicao_final_assembleias_fonte_oficial.csv","M2006_SC_7_15015_10032","SC","2006","DEPUTADO ESTADUAL/DISTRITAL","Ada De Luca","composicao_em_exercicio","http://www2.alesc.sc.gov.br/diarios/pdf/6239dia.pdf","oficial",NA,NA,"diario_oficial",TRUE,FALSE,FALSE,"oficial"
"composicao_final_assembleias_fonte_oficial.csv","M2006_SC_7_15109_10034","SC","2006","DEPUTADO ESTADUAL/DISTRITAL","Ronaldo Benedet","composicao_em_exercicio","http://www2.alesc.sc.gov.br/diarios/pdf/6239dia.pdf","oficial",NA,NA,"diario_oficial",TRUE,FALSE,FALSE,"oficial"
"composicao_final_assembleias_fonte_oficial.csv","M2006_SC_7_15157_10040","SC","2006","DEPUTADO ESTADUAL/DISTRITAL","Manoel Mota","composicao_em_exercicio","http://www2.alesc.sc.gov.br/diarios/pdf/6239dia.pdf","oficial",NA,NA,"diario_oficial",TRUE,FALSE,FALSE,"oficial"
"composicao_final_assembleias_fonte_oficial.csv","M2006_SC_7_15180_10041","SC","2006","DEPUTADO ESTADUAL/DISTRITAL","Moacir Sopelsa","composicao_em_exercicio","http://www2.alesc.sc.gov.br/diarios/pdf/6239dia.pdf","oficial",NA,NA,"diario_oficial",TRUE,FALSE,FALSE,"oficial"
"composicao_final_assembleias_fonte_oficial.csv","M2006_SC_7_15270_10046","SC","2006","DEPUTADO ESTADUAL/DISTRITAL","Romildo Titon","composicao_em_exercicio","http://www2.alesc.sc.gov.br/diarios/pdf/6239dia.pdf","oficial",NA,NA,"diario_oficial",TRUE,FALSE,FALSE,"oficial"
"composicao_final_assembleias_fonte_oficial.csv","M2006_SC_7_15321_10050","SC","2006","DEPUTADO ESTADUAL/DISTRITAL","Renato Hinnig","composicao_em_exercicio","http://www2.alesc.sc.gov.br/diarios/pdf/6239dia.pdf","oficial",NA,NA,"diario_oficial",TRUE,FALSE,FALSE,"oficial"
"composicao_final_assembleias_fonte_oficial.csv","M2006_SC_7_15650_10062","SC","2006","DEPUTADO ESTADUAL/DISTRITAL","Genésio Goulart","composicao_em_exercicio","http://www2.alesc.sc.gov.br/diarios/pdf/6239dia.pdf","oficial",NA,NA,"diario_oficial",TRUE,FALSE,FALSE,"oficial"
"composicao_final_assembleias_fonte_oficial.csv","M2006_SC_7_15700_10066","SC","2006","DEPUTADO ESTADUAL/DISTRITAL","Antônio Aguiar","composicao_em_exercicio","http://www2.alesc.sc.gov.br/diarios/pdf/6239dia.pdf","oficial",NA,NA,"diario_oficial",TRUE,FALSE,FALSE,"oficial"
"composicao_final_assembleias_fonte_oficial.csv","M2006_SC_7_22222_10271","SC","2006","DEPUTADO ESTADUAL/DISTRITAL","Professora Odete De Jesus","composicao_em_exercicio","http://www2.alesc.sc.gov.br/diarios/pdf/6239dia.pdf","oficial",NA,NA,"diario_oficial",TRUE,FALSE,FALSE,"oficial"
"composicao_final_assembleias_fonte_oficial.csv","M2006_SC_7_23122_10366","SC","2006","DEPUTADO ESTADUAL/DISTRITAL","Altair Guidi","composicao_em_exercicio","http://www2.alesc.sc.gov.br/diarios/pdf/6239dia.pdf","oficial",NA,NA,"diario_oficial",TRUE,FALSE,FALSE,"oficial"
"composicao_final_assembleias_fonte_oficial.csv","M2006_SC_7_25000_10073","SC","2006","DEPUTADO ESTADUAL/DISTRITAL","Darci De Matos","composicao_em_exercicio","http://www2.alesc.sc.gov.br/diarios/pdf/6239dia.pdf","oficial",NA,NA,"diario_oficial",TRUE,FALSE,FALSE,"oficial"
"composicao_final_assembleias_fonte_oficial.csv","M2006_SC_7_25100_10078","SC","2006","DEPUTADO ESTADUAL/DISTRITAL","Cesar Souza Júnior","composicao_em_exercicio","http://www2.alesc.sc.gov.br/diarios/pdf/6239dia.pdf","oficial",NA,NA,"diario_oficial",TRUE,FALSE,FALSE,"oficial"
"composicao_final_assembleias_fonte_oficial.csv","M2006_SC_7_25123_10081","SC","2006","DEPUTADO ESTADUAL/DISTRITAL","Gelson Merisio","composicao_em_exercicio","http://www2.alesc.sc.gov.br/diarios/pdf/6239dia.pdf","oficial",NA,NA,"diario_oficial",TRUE,FALSE,FALSE,"oficial"
"composicao_final_assembleias_fonte_oficial.csv","M2006_SC_7_25200_10082","SC","2006","DEPUTADO ESTADUAL/DISTRITAL","Onofre Santo Agostini","composicao_em_exercicio","http://www2.alesc.sc.gov.br/diarios/pdf/6239dia.pdf","oficial",NA,NA,"diario_oficial",TRUE,FALSE,FALSE,"oficial"
"composicao_final_assembleias_fonte_oficial.csv","M2006_SC_7_25605_10086","SC","2006","DEPUTADO ESTADUAL/DISTRITAL","Jean Kuhlmann","composicao_em_exercicio","http://www2.alesc.sc.gov.br/diarios/pdf/6239dia.pdf","oficial",NA,NA,"diario_oficial",TRUE,FALSE,FALSE,"oficial"
"composicao_final_assembleias_fonte_oficial.csv","M2006_SC_7_45123_10162","SC","2006","DEPUTADO ESTADUAL/DISTRITAL","Jorginho Mello","composicao_em_exercicio","http://www2.alesc.sc.gov.br/diarios/pdf/6239dia.pdf","oficial",NA,NA,"diario_oficial",TRUE,FALSE,FALSE,"oficial"
"composicao_final_assembleias_fonte_oficial.csv","M2006_SC_7_45222_10164","SC","2006","DEPUTADO ESTADUAL/DISTRITAL","Gilmar Knaesel","composicao_em_exercicio","http://www2.alesc.sc.gov.br/diarios/pdf/6239dia.pdf","oficial",NA,NA,"diario_oficial",TRUE,FALSE,FALSE,"oficial"
"composicao_final_assembleias_fonte_oficial.csv","M2006_SC_7_45678_10175","SC","2006","DEPUTADO ESTADUAL/DISTRITAL","Dado Cherem","composicao_em_exercicio","http://www2.alesc.sc.gov.br/diarios/pdf/6239dia.pdf","oficial",NA,NA,"diario_oficial",TRUE,FALSE,FALSE,"oficial"
"composicao_final_assembleias_fonte_oficial.csv","M2006_SC_7_45699_10179","SC","2006","DEPUTADO ESTADUAL/DISTRITAL","Marcos Vieira","composicao_em_exercicio","http://www2.alesc.sc.gov.br/diarios/pdf/6239dia.pdf","oficial",NA,NA,"diario_oficial",TRUE,FALSE,FALSE,"oficial"
"composicao_final_assembleias_fonte_oficial.csv","M2006_SC_7_45777_10180","SC","2006","DEPUTADO ESTADUAL/DISTRITAL","Nilson Gonçalves","composicao_em_exercicio","http://www2.alesc.sc.gov.br/diarios/pdf/6239dia.pdf","oficial",NA,NA,"diario_oficial",TRUE,FALSE,FALSE,"oficial"
"composicao_final_assembleias_fonte_oficial.csv","M2010_SC_7_11111_240000000108","SC","2010","DEPUTADO ESTADUAL/DISTRITAL","Kennedy Nunes","composicao_em_exercicio","http://www2.alesc.sc.gov.br/diarios/pdf/6796dia.pdf","oficial",NA,NA,"diario_oficial",TRUE,FALSE,FALSE,"oficial"
"composicao_final_assembleias_fonte_oficial.csv","M2010_SC_7_11166_240000000133","SC","2010","DEPUTADO ESTADUAL/DISTRITAL","Valmir Comin","composicao_em_exercicio","http://www2.alesc.sc.gov.br/diarios/pdf/6796dia.pdf","oficial",NA,NA,"diario_oficial",TRUE,FALSE,FALSE,"oficial"
"composicao_final_assembleias_fonte_oficial.csv","M2010_SC_7_11223_240000000119","SC","2010","DEPUTADO ESTADUAL/DISTRITAL","Joares Ponticelli","composicao_em_exercicio","http://www2.alesc.sc.gov.br/diarios/pdf/6796dia.pdf","oficial",NA,NA,"diario_oficial",TRUE,FALSE,FALSE,"oficial"
"composicao_final_assembleias_fonte_oficial.csv","M2010_SC_7_11233_240000000129","SC","2010","DEPUTADO ESTADUAL/DISTRITAL","Reno Caramori","composicao_em_exercicio","http://www2.alesc.sc.gov.br/diarios/pdf/6796dia.pdf","oficial",NA,NA,"diario_oficial",TRUE,FALSE,FALSE,"oficial"
"composicao_final_assembleias_fonte_oficial.csv","M2010_SC_7_11234_240000000122","SC","2010","DEPUTADO ESTADUAL/DISTRITAL","José Milton Scheffer","composicao_em_exercicio","http://www2.alesc.sc.gov.br/diarios/pdf/6796dia.pdf","oficial",NA,NA,"diario_oficial",TRUE,FALSE,FALSE,"oficial"
"composicao_final_assembleias_fonte_oficial.csv","M2010_SC_7_11311_240000000130","SC","2010","DEPUTADO ESTADUAL/DISTRITAL","Silvio Dreveck","composicao_em_exercicio","http://www2.alesc.sc.gov.br/diarios/pdf/6796dia.pdf","oficial",NA,NA,"diario_oficial",TRUE,FALSE,FALSE,"oficial"
"composicao_final_assembleias_fonte_oficial.csv","M2010_SC_7_12580_240000000174","SC","2010","DEPUTADO ESTADUAL/DISTRITAL","Sargento Amauri Soares","composicao_em_exercicio","http://www2.alesc.sc.gov.br/diarios/pdf/6796dia.pdf","oficial",NA,NA,"diario_oficial",TRUE,FALSE,FALSE,"oficial"
"composicao_final_assembleias_fonte_oficial.csv","M2010_SC_7_13111_240000000462","SC","2010","DEPUTADO ESTADUAL/DISTRITAL","Volnei Morastoni","composicao_em_exercicio","http://www2.alesc.sc.gov.br/diarios/pdf/6796dia.pdf","oficial",NA,NA,"diario_oficial",TRUE,FALSE,FALSE,"oficial"
"composicao_final_assembleias_fonte_oficial.csv","M2010_SC_7_13120_240000000452","SC","2010","DEPUTADO ESTADUAL/DISTRITAL","Neodi Saretta","composicao_em_exercicio","http://www2.alesc.sc.gov.br/diarios/pdf/6796dia.pdf","oficial",NA,NA,"diario_oficial",TRUE,FALSE,FALSE,"oficial"
"composicao_final_assembleias_fonte_oficial.csv","M2010_SC_7_13313_240000000419","SC","2010","DEPUTADO ESTADUAL/DISTRITAL","Ana Paula Lima","composicao_em_exercicio","http://www2.alesc.sc.gov.br/diarios/pdf/6796dia.pdf","oficial",NA,NA,"diario_oficial",TRUE,FALSE,FALSE,"oficial"
"composicao_final_assembleias_fonte_oficial.csv","M2010_SC_7_13450_240000000427","SC","2010","DEPUTADO ESTADUAL/DISTRITAL","Dirceu Dresch","composicao_em_exercicio","http://www2.alesc.sc.gov.br/diarios/pdf/6796dia.pdf","oficial",NA,NA,"diario_oficial",TRUE,FALSE,FALSE,"oficial"
"composicao_final_assembleias_fonte_oficial.csv","M2010_SC_7_13470_240000000566","SC","2010","DEPUTADO ESTADUAL/DISTRITAL","Jailson Lima","composicao_em_exercicio","http://www2.alesc.sc.gov.br/diarios/pdf/6796dia.pdf","oficial",NA,NA,"diario_oficial",TRUE,FALSE,FALSE,"oficial"
"composicao_final_assembleias_fonte_oficial.csv","M2010_SC_7_13601_240000000444","SC","2010","DEPUTADO ESTADUAL/DISTRITAL","Luciane Carminatti","composicao_em_exercicio","http://www2.alesc.sc.gov.br/diarios/pdf/6796dia.pdf","oficial",NA,NA,"diario_oficial",TRUE,FALSE,FALSE,"oficial"
"composicao_final_assembleias_fonte_oficial.csv","M2010_SC_7_13987_240000000457","SC","2010","DEPUTADO ESTADUAL/DISTRITAL","Padre Pedro Baldissera","composicao_em_exercicio","http://www2.alesc.sc.gov.br/diarios/pdf/6796dia.pdf","oficial",NA,NA,"diario_oficial",TRUE,FALSE,FALSE,"oficial"
"composicao_final_assembleias_fonte_oficial.csv","M2010_SC_7_14104_240000000362","SC","2010","DEPUTADO ESTADUAL/DISTRITAL","Narcizo Parisotto","composicao_em_exercicio","http://www2.alesc.sc.gov.br/diarios/pdf/6796dia.pdf","oficial",NA,NA,"diario_oficial",TRUE,FALSE,FALSE,"oficial"
"composicao_final_assembleias_fonte_oficial.csv","M2010_SC_7_15010_240000000296","SC","2010","DEPUTADO ESTADUAL/DISTRITAL","Aldo Schneider","composicao_em_exercicio","http://www2.alesc.sc.gov.br/diarios/pdf/6796dia.pdf","oficial",NA,NA,"diario_oficial",TRUE,FALSE,FALSE,"oficial"
"composicao_final_assembleias_fonte_oficial.csv","M2010_SC_7_15015_240000000295","SC","2010","DEPUTADO ESTADUAL/DISTRITAL","Ada Faraco De Luca","composicao_em_exercicio","http://www2.alesc.sc.gov.br/diarios/pdf/6796dia.pdf","oficial",NA,NA,"diario_oficial",TRUE,FALSE,FALSE,"oficial"
"composicao_final_assembleias_fonte_oficial.csv","M2010_SC_7_15157_240000000318","SC","2010","DEPUTADO ESTADUAL/DISTRITAL","Manoel Mota","composicao_em_exercicio","http://www2.alesc.sc.gov.br/diarios/pdf/6796dia.pdf","oficial",NA,NA,"diario_oficial",TRUE,FALSE,FALSE,"oficial"
"composicao_final_assembleias_fonte_oficial.csv","M2010_SC_7_15180_240000000321","SC","2010","DEPUTADO ESTADUAL/DISTRITAL","Moacir Sopelsa","composicao_em_exercicio","http://www2.alesc.sc.gov.br/diarios/pdf/6796dia.pdf","oficial",NA,NA,"diario_oficial",TRUE,FALSE,FALSE,"oficial"
"composicao_final_assembleias_fonte_oficial.csv","M2010_SC_7_15200_240000000331","SC","2010","DEPUTADO ESTADUAL/DISTRITAL","Valdir Cobalchini","composicao_em_exercicio","http://www2.alesc.sc.gov.br/diarios/pdf/6796dia.pdf","oficial",NA,NA,"diario_oficial",TRUE,FALSE,FALSE,"oficial"
"composicao_final_assembleias_fonte_oficial.csv","M2010_SC_7_15270_240000000326","SC","2010","DEPUTADO ESTADUAL/DISTRITAL","Romildo Titon","composicao_em_exercicio","http://www2.alesc.sc.gov.br/diarios/pdf/6796dia.pdf","oficial",NA,NA,"diario_oficial",TRUE,FALSE,FALSE,"oficial"
"composicao_final_assembleias_fonte_oficial.csv","M2010_SC_7_15321_240000000324","SC","2010","DEPUTADO ESTADUAL/DISTRITAL","Renato Hinnig","composicao_em_exercicio","http://www2.alesc.sc.gov.br/diarios/pdf/6796dia.pdf","oficial",NA,NA,"diario_oficial",TRUE,FALSE,FALSE,"oficial"
"composicao_final_assembleias_fonte_oficial.csv","M2010_SC_7_15444_240000000300","SC","2010","DEPUTADO ESTADUAL/DISTRITAL","Carlos Chiodini","composicao_em_exercicio","http://www2.alesc.sc.gov.br/diarios/pdf/6796dia.pdf","oficial",NA,NA,"diario_oficial",TRUE,FALSE,FALSE,"oficial"
"composicao_final_assembleias_fonte_oficial.csv","M2010_SC_7_15700_240000000299","SC","2010","DEPUTADO ESTADUAL/DISTRITAL","Antônio Aguiar","composicao_em_exercicio","http://www2.alesc.sc.gov.br/diarios/pdf/6796dia.pdf","oficial",NA,NA,"diario_oficial",TRUE,FALSE,FALSE,"oficial"
"composicao_final_assembleias_fonte_oficial.csv","M2010_SC_7_23122_240000000049","SC","2010","DEPUTADO ESTADUAL/DISTRITAL","Altair Guidi","composicao_em_exercicio","http://www2.alesc.sc.gov.br/diarios/pdf/6796dia.pdf","oficial",NA,NA,"diario_oficial",TRUE,FALSE,FALSE,"oficial"
"composicao_final_assembleias_fonte_oficial.csv","M2010_SC_7_25000_240000000344","SC","2010","DEPUTADO ESTADUAL/DISTRITAL","Darci De Matos","composicao_em_exercicio","http://www2.alesc.sc.gov.br/diarios/pdf/6796dia.pdf","oficial",NA,NA,"diario_oficial",TRUE,FALSE,FALSE,"oficial"
"composicao_final_assembleias_fonte_oficial.csv","M2010_SC_7_25111_240000000355","SC","2010","DEPUTADO ESTADUAL/DISTRITAL","José Nei Ascari","composicao_em_exercicio","http://www2.alesc.sc.gov.br/diarios/pdf/6796dia.pdf","oficial",NA,NA,"diario_oficial",TRUE,FALSE,FALSE,"oficial"
"composicao_final_assembleias_fonte_oficial.csv","M2010_SC_7_25123_240000000349","SC","2010","DEPUTADO ESTADUAL/DISTRITAL","Gelson Merisio","composicao_em_exercicio","http://www2.alesc.sc.gov.br/diarios/pdf/6796dia.pdf","oficial",NA,NA,"diario_oficial",TRUE,FALSE,FALSE,"oficial"
"composicao_final_assembleias_fonte_oficial.csv","M2010_SC_7_25605_240000000352","SC","2010","DEPUTADO ESTADUAL/DISTRITAL","Jean Kuhlmann","composicao_em_exercicio","http://www2.alesc.sc.gov.br/diarios/pdf/6796dia.pdf","oficial",NA,NA,"diario_oficial",TRUE,FALSE,FALSE,"oficial"
"composicao_final_assembleias_fonte_oficial.csv","M2010_SC_7_25777_240000000351","SC","2010","DEPUTADO ESTADUAL/DISTRITAL","Ismael Dos Santos","composicao_em_exercicio","http://www2.alesc.sc.gov.br/diarios/pdf/6796dia.pdf","oficial",NA,NA,"diario_oficial",TRUE,FALSE,FALSE,"oficial"
"composicao_final_assembleias_fonte_oficial.csv","M2010_SC_7_25800_240000000354","SC","2010","DEPUTADO ESTADUAL/DISTRITAL","Jorge Teixeira","composicao_licenciado","http://www2.alesc.sc.gov.br/diarios/pdf/6753dia.pdf","oficial",NA,NA,"diario_oficial",TRUE,FALSE,FALSE,"oficial"
"composicao_final_assembleias_fonte_oficial.csv","M2010_SC_7_45111_240000000262","SC","2010","DEPUTADO ESTADUAL/DISTRITAL","Dóia Guglielmi","composicao_em_exercicio","http://www2.alesc.sc.gov.br/diarios/pdf/6796dia.pdf","oficial",NA,NA,"diario_oficial",TRUE,FALSE,FALSE,"oficial"
"composicao_final_assembleias_fonte_oficial.csv","M2010_SC_7_45145_240000000263","SC","2010","DEPUTADO ESTADUAL/DISTRITAL","Serafim Venzon","composicao_em_exercicio","http://www2.alesc.sc.gov.br/diarios/pdf/6796dia.pdf","oficial",NA,NA,"diario_oficial",TRUE,FALSE,FALSE,"oficial"
"composicao_final_assembleias_fonte_oficial.csv","M2010_SC_7_45222_240000000274","SC","2010","DEPUTADO ESTADUAL/DISTRITAL","Gilmar Knaesel","composicao_em_exercicio","http://www2.alesc.sc.gov.br/diarios/pdf/6796dia.pdf","oficial",NA,NA,"diario_oficial",TRUE,FALSE,FALSE,"oficial"
"composicao_final_assembleias_fonte_oficial.csv","M2010_SC_7_45699_240000000282","SC","2010","DEPUTADO ESTADUAL/DISTRITAL","Marcos Vieira","composicao_em_exercicio","http://www2.alesc.sc.gov.br/diarios/pdf/6796dia.pdf","oficial",NA,NA,"diario_oficial",TRUE,FALSE,FALSE,"oficial"
"composicao_final_assembleias_fonte_oficial.csv","M2010_SC_7_45777_240000000287","SC","2010","DEPUTADO ESTADUAL/DISTRITAL","Nilson Gonçalves","composicao_em_exercicio","http://www2.alesc.sc.gov.br/diarios/pdf/6796dia.pdf","oficial",NA,NA,"diario_oficial",TRUE,FALSE,FALSE,"oficial"
"composicao_final_assembleias_fonte_oficial.csv","M2010_SC_7_65123_240000000420","SC","2010","DEPUTADO ESTADUAL/DISTRITAL","Angela Albino","composicao_em_exercicio","http://www2.alesc.sc.gov.br/diarios/pdf/6796dia.pdf","oficial",NA,NA,"diario_oficial",TRUE,FALSE,FALSE,"oficial"
"composicao_final_assembleias_fonte_oficial.csv","M2014_SC_7_11166_240000000437","SC","2014","DEPUTADO ESTADUAL/DISTRITAL","VALMIR FRANCISCO COMIN","composicao_em_exercicio","https://transparencia.alesc.sc.gov.br/deputados?ano=2019&mes=1","oficial",NA,NA,"portal_casa",TRUE,FALSE,FALSE,"oficial"
"composicao_final_assembleias_fonte_oficial.csv","M2014_SC_7_11234_240000000427","SC","2014","DEPUTADO ESTADUAL/DISTRITAL","JOSE MILTON SCHEFFER","composicao_em_exercicio","https://transparencia.alesc.sc.gov.br/deputados?ano=2019&mes=1","oficial",NA,NA,"portal_casa",TRUE,FALSE,FALSE,"oficial"
"composicao_final_assembleias_fonte_oficial.csv","M2014_SC_7_11311_240000000425","SC","2014","DEPUTADO ESTADUAL/DISTRITAL","SILVIO DREVECK","composicao_em_exercicio","https://transparencia.alesc.sc.gov.br/deputados?ano=2019&mes=1","oficial",NA,NA,"portal_casa",TRUE,FALSE,FALSE,"oficial"
"composicao_final_assembleias_fonte_oficial.csv","M2014_SC_7_11333_240000000441","SC","2014","DEPUTADO ESTADUAL/DISTRITAL","JOAO ANTONIO HEINZEN AMIN HELOU","composicao_em_exercicio","https://transparencia.alesc.sc.gov.br/deputados?ano=2019&mes=1","oficial",NA,NA,"portal_casa",TRUE,FALSE,FALSE,"oficial"
"composicao_final_assembleias_fonte_oficial.csv","M2014_SC_7_12345_240000000340","SC","2014","DEPUTADO ESTADUAL/DISTRITAL","RODRIGO MINOTTO","composicao_em_exercicio","https://transparencia.alesc.sc.gov.br/deputados?ano=2019&mes=1","oficial",NA,NA,"portal_casa",TRUE,FALSE,FALSE,"oficial"
"composicao_final_assembleias_fonte_oficial.csv","M2014_SC_7_13120_240000000147","SC","2014","DEPUTADO ESTADUAL/DISTRITAL","NEODI SARETTA","composicao_em_exercicio","https://transparencia.alesc.sc.gov.br/deputados?ano=2019&mes=1","oficial",NA,NA,"portal_casa",TRUE,FALSE,FALSE,"oficial"
"composicao_final_assembleias_fonte_oficial.csv","M2014_SC_7_13313_240000000149","SC","2014","DEPUTADO ESTADUAL/DISTRITAL","ANA PAULA DE SOUZA LIMA","composicao_em_exercicio","https://transparencia.alesc.sc.gov.br/deputados?ano=2019&mes=1","oficial",NA,NA,"portal_casa",TRUE,FALSE,FALSE,"oficial"
"composicao_final_assembleias_fonte_oficial.csv","M2014_SC_7_13450_240000000143","SC","2014","DEPUTADO ESTADUAL/DISTRITAL","DIRCEU LUIZ DRESCH","composicao_em_exercicio","https://transparencia.alesc.sc.gov.br/deputados?ano=2019&mes=1","oficial",NA,NA,"portal_casa",TRUE,FALSE,FALSE,"oficial"
"composicao_final_assembleias_fonte_oficial.csv","M2014_SC_7_13601_240000000145","SC","2014","DEPUTADO ESTADUAL/DISTRITAL","LUCIANE CARMINATTI","composicao_em_exercicio","https://transparencia.alesc.sc.gov.br/deputados?ano=2019&mes=1","oficial",NA,NA,"portal_casa",TRUE,FALSE,FALSE,"oficial"
"composicao_final_assembleias_fonte_oficial.csv","M2014_SC_7_13987_240000000161","SC","2014","DEPUTADO ESTADUAL/DISTRITAL","PEDRO BALDISSERA","composicao_em_exercicio","https://transparencia.alesc.sc.gov.br/deputados?ano=2019&mes=1","oficial",NA,NA,"portal_casa",TRUE,FALSE,FALSE,"oficial"
"composicao_final_assembleias_fonte_oficial.csv","M2014_SC_7_15015_240000000270","SC","2014","DEPUTADO ESTADUAL/DISTRITAL","ADA DE LUCA","composicao_em_exercicio","https://transparencia.alesc.sc.gov.br/deputados?ano=2019&mes=1","oficial",NA,NA,"portal_casa",TRUE,FALSE,FALSE,"oficial"
"composicao_final_assembleias_fonte_oficial.csv","M2014_SC_7_15180_240000000308","SC","2014","DEPUTADO ESTADUAL/DISTRITAL","MOACIR SOPELSA","composicao_em_exercicio","https://transparencia.alesc.sc.gov.br/deputados?ano=2019&mes=1","oficial",NA,NA,"portal_casa",TRUE,FALSE,FALSE,"oficial"
"composicao_final_assembleias_fonte_oficial.csv","M2014_SC_7_15200_240000000299","SC","2014","DEPUTADO ESTADUAL/DISTRITAL","VALDIR VITAL COBALCHINI","composicao_em_exercicio","https://transparencia.alesc.sc.gov.br/deputados?ano=2019&mes=1","oficial",NA,NA,"portal_casa",TRUE,FALSE,FALSE,"oficial"
"composicao_final_assembleias_fonte_oficial.csv","M2014_SC_7_15220_240000000286","SC","2014","DEPUTADO ESTADUAL/DISTRITAL","MAURO DE NADAL","composicao_em_exercicio","https://transparencia.alesc.sc.gov.br/deputados?ano=2019&mes=1","oficial",NA,NA,"portal_casa",TRUE,FALSE,FALSE,"oficial"
"composicao_final_assembleias_fonte_oficial.csv","M2014_SC_7_15234_240000000278","SC","2014","DEPUTADO ESTADUAL/DISTRITAL","DIRCE APARECIDA HEIDERSCHEIDT","composicao_em_exercicio","https://transparencia.alesc.sc.gov.br/deputados?ano=2019&mes=1","oficial",NA,NA,"portal_casa",TRUE,FALSE,FALSE,"oficial"
"composicao_final_assembleias_fonte_oficial.csv","M2014_SC_7_15270_240000000307","SC","2014","DEPUTADO ESTADUAL/DISTRITAL","ROMILDO TITON","composicao_em_exercicio","https://transparencia.alesc.sc.gov.br/deputados?ano=2019&mes=1","oficial",NA,NA,"portal_casa",TRUE,FALSE,FALSE,"oficial"
"composicao_final_assembleias_fonte_oficial.csv","M2014_SC_7_15444_240000000273","SC","2014","DEPUTADO ESTADUAL/DISTRITAL","CARLOS ALBERTO CHIODINI","composicao_em_exercicio","https://transparencia.alesc.sc.gov.br/deputados?ano=2019&mes=1","oficial",NA,NA,"portal_casa",TRUE,FALSE,FALSE,"oficial"
"composicao_final_assembleias_fonte_oficial.csv","M2014_SC_7_15700_240000000272","SC","2014","DEPUTADO ESTADUAL/DISTRITAL","ANTONIO MAURO RODRIGUES DE AGUIAR","composicao_em_exercicio","https://transparencia.alesc.sc.gov.br/deputados?ano=2019&mes=1","oficial",NA,NA,"portal_casa",TRUE,FALSE,FALSE,"oficial"
"composicao_final_assembleias_fonte_oficial.csv","M2014_SC_7_22225_240000000101","SC","2014","DEPUTADO ESTADUAL/DISTRITAL","NATALINO LAZARE","composicao_em_exercicio","https://transparencia.alesc.sc.gov.br/deputados?ano=2019&mes=1","oficial",NA,NA,"portal_casa",TRUE,FALSE,FALSE,"oficial"
"composicao_final_assembleias_fonte_oficial.csv","M2014_SC_7_22580_240000000102","SC","2014","DEPUTADO ESTADUAL/DISTRITAL","MARIO MARCONDES NASCIMENTO","composicao_em_exercicio","https://transparencia.alesc.sc.gov.br/deputados?ano=2019&mes=1","oficial",NA,NA,"portal_casa",TRUE,FALSE,FALSE,"oficial"
"composicao_final_assembleias_fonte_oficial.csv","M2014_SC_7_23456_240000000567","SC","2014","DEPUTADO ESTADUAL/DISTRITAL","RICARDO ZANATTA GUIDI","composicao_em_exercicio","https://transparencia.alesc.sc.gov.br/deputados?ano=2019&mes=1","oficial",NA,NA,"portal_casa",TRUE,FALSE,FALSE,"oficial"
"composicao_final_assembleias_fonte_oficial.csv","M2014_SC_7_25104_240000000291","SC","2014","DEPUTADO ESTADUAL/DISTRITAL","NARCIZO LUIZ PARISOTTO","composicao_em_exercicio","https://transparencia.alesc.sc.gov.br/deputados?ano=2019&mes=1","oficial",NA,NA,"portal_casa",TRUE,FALSE,FALSE,"oficial"
"composicao_final_assembleias_fonte_oficial.csv","M2014_SC_7_40110_240000000522","SC","2014","DEPUTADO ESTADUAL/DISTRITAL","CLAITON SALVARO BROLESSI","composicao_em_exercicio","https://transparencia.alesc.sc.gov.br/deputados?ano=2019&mes=1","oficial",NA,NA,"portal_casa",TRUE,FALSE,FALSE,"oficial"
"composicao_final_assembleias_fonte_oficial.csv","M2014_SC_7_40123_240000000539","SC","2014","DEPUTADO ESTADUAL/DISTRITAL","PATRICIO CARLOS DESTRO","composicao_em_exercicio","https://transparencia.alesc.sc.gov.br/deputados?ano=2019&mes=1","oficial",NA,NA,"portal_casa",TRUE,FALSE,FALSE,"oficial"
"composicao_final_assembleias_fonte_oficial.csv","M2014_SC_7_45145_240000000374","SC","2014","DEPUTADO ESTADUAL/DISTRITAL","ANTONIO SERAFIM VENZON","composicao_em_exercicio","https://transparencia.alesc.sc.gov.br/deputados?ano=2019&mes=1","oficial",NA,NA,"portal_casa",TRUE,FALSE,FALSE,"oficial"
"composicao_final_assembleias_fonte_oficial.csv","M2014_SC_7_45678_240000000393","SC","2014","DEPUTADO ESTADUAL/DISTRITAL","LEONEL ARCANGELO PAVAN","composicao_em_exercicio","https://transparencia.alesc.sc.gov.br/deputados?ano=2019&mes=1","oficial",NA,NA,"portal_casa",TRUE,FALSE,FALSE,"oficial"
"composicao_final_assembleias_fonte_oficial.csv","M2014_SC_7_45699_240000000399","SC","2014","DEPUTADO ESTADUAL/DISTRITAL","MARCOS VIEIRA","composicao_em_exercicio","https://transparencia.alesc.sc.gov.br/deputados?ano=2019&mes=1","oficial",NA,NA,"portal_casa",TRUE,FALSE,FALSE,"oficial"
"composicao_final_assembleias_fonte_oficial.csv","M2014_SC_7_45999_240000000413","SC","2014","DEPUTADO ESTADUAL/DISTRITAL","DR VICENTE CAROPRESO","composicao_em_exercicio","https://transparencia.alesc.sc.gov.br/deputados?ano=2019&mes=1","oficial",NA,NA,"portal_casa",TRUE,FALSE,FALSE,"oficial"
"composicao_final_assembleias_fonte_oficial.csv","M2014_SC_7_55000_240000000253","SC","2014","DEPUTADO ESTADUAL/DISTRITAL","DARCI DE MATOS","composicao_em_exercicio","https://transparencia.alesc.sc.gov.br/deputados?ano=2019&mes=1","oficial",NA,NA,"portal_casa",TRUE,FALSE,FALSE,"oficial"
"composicao_final_assembleias_fonte_oficial.csv","M2014_SC_7_55100_240000000252","SC","2014","DEPUTADO ESTADUAL/DISTRITAL","CLARIKENNEDY NUNES","composicao_em_exercicio","https://transparencia.alesc.sc.gov.br/deputados?ano=2019&mes=1","oficial",NA,NA,"portal_casa",TRUE,FALSE,FALSE,"oficial"
"composicao_final_assembleias_fonte_oficial.csv","M2014_SC_7_55123_240000000255","SC","2014","DEPUTADO ESTADUAL/DISTRITAL","GELSON LUIZ MERISIO","composicao_em_exercicio","https://transparencia.alesc.sc.gov.br/deputados?ano=2019&mes=1","oficial",NA,NA,"portal_casa",TRUE,FALSE,FALSE,"oficial"
"composicao_final_assembleias_fonte_oficial.csv","M2014_SC_7_55282_240000000254","SC","2014","DEPUTADO ESTADUAL/DISTRITAL","GABRIEL SELL RIBEIRO","composicao_em_exercicio","https://transparencia.alesc.sc.gov.br/deputados?ano=2019&mes=1","oficial",NA,NA,"portal_casa",TRUE,FALSE,FALSE,"oficial"
"composicao_final_assembleias_fonte_oficial.csv","M2014_SC_7_55555_240000000259","SC","2014","DEPUTADO ESTADUAL/DISTRITAL","MAURICIO JOSE ESKUDLARK","composicao_em_exercicio","https://transparencia.alesc.sc.gov.br/deputados?ano=2019&mes=1","oficial",NA,NA,"portal_casa",TRUE,FALSE,FALSE,"oficial"
"composicao_final_assembleias_fonte_oficial.csv","M2014_SC_7_55777_240000000256","SC","2014","DEPUTADO ESTADUAL/DISTRITAL","ISMAEL DOS SANTOS","composicao_em_exercicio","https://transparencia.alesc.sc.gov.br/deputados?ano=2019&mes=1","oficial",NA,NA,"portal_casa",TRUE,FALSE,FALSE,"oficial"
"composicao_final_assembleias_fonte_oficial.csv","M2014_SC_7_55800_240000000257","SC","2014","DEPUTADO ESTADUAL/DISTRITAL","JEAN JACKSON KUHLMANN","composicao_em_exercicio","https://transparencia.alesc.sc.gov.br/deputados?ano=2019&mes=1","oficial",NA,NA,"portal_casa",TRUE,FALSE,FALSE,"oficial"
"composicao_final_assembleias_fonte_oficial.csv","M2014_SC_7_55858_240000000260","SC","2014","DEPUTADO ESTADUAL/DISTRITAL","MILTON HOBUS","composicao_em_exercicio","https://transparencia.alesc.sc.gov.br/deputados?ano=2019&mes=1","oficial",NA,NA,"portal_casa",TRUE,FALSE,FALSE,"oficial"
"composicao_final_assembleias_fonte_oficial.csv","M2014_SC_7_65123_240000000332","SC","2014","DEPUTADO ESTADUAL/DISTRITAL","CESAR ANTONIO VALDUGA","composicao_em_exercicio","https://transparencia.alesc.sc.gov.br/deputados?ano=2019&mes=1","oficial",NA,NA,"portal_casa",TRUE,FALSE,FALSE,"oficial"
"composicao_final_assembleias_fonte_oficial.csv","M2018_SC_7_10123_240000619078","SC","2018","DEPUTADO ESTADUAL/DISTRITAL","SERGIO MOTTA","composicao_em_exercicio","https://transparencia.alesc.sc.gov.br/deputados?ano=2023&mes=1","oficial",NA,NA,"portal_casa",TRUE,FALSE,FALSE,"oficial"
"composicao_final_assembleias_fonte_oficial.csv","M2018_SC_7_11130_240000627262","SC","2018","DEPUTADO ESTADUAL/DISTRITAL","ALTAIR SILVA","composicao_em_exercicio","https://transparencia.alesc.sc.gov.br/deputados?ano=2023&mes=1","oficial",NA,NA,"portal_casa",TRUE,FALSE,FALSE,"oficial"
"composicao_final_assembleias_fonte_oficial.csv","M2018_SC_7_11234_240000627271","SC","2018","DEPUTADO ESTADUAL/DISTRITAL","JOSE MILTON SCHEFFER","composicao_em_exercicio","https://transparencia.alesc.sc.gov.br/deputados?ano=2023&mes=1","oficial",NA,NA,"portal_casa",TRUE,FALSE,FALSE,"oficial"
"composicao_final_assembleias_fonte_oficial.csv","M2018_SC_7_11333_240000627272","SC","2018","DEPUTADO ESTADUAL/DISTRITAL","JOAO ANTONIO HEINZEN AMIN HELOU","composicao_em_exercicio","https://transparencia.alesc.sc.gov.br/deputados?ano=2023&mes=1","oficial",NA,NA,"portal_casa",TRUE,FALSE,FALSE,"oficial"
"composicao_final_assembleias_fonte_oficial.csv","M2018_SC_7_12012_240000622579","SC","2018","DEPUTADO ESTADUAL/DISTRITAL","PAULINHA","composicao_em_exercicio","https://transparencia.alesc.sc.gov.br/deputados?ano=2023&mes=1","oficial",NA,NA,"portal_casa",TRUE,FALSE,FALSE,"oficial"
"composicao_final_assembleias_fonte_oficial.csv","M2018_SC_7_12345_240000622590","SC","2018","DEPUTADO ESTADUAL/DISTRITAL","RODRIGO MINOTTO","composicao_em_exercicio","https://transparencia.alesc.sc.gov.br/deputados?ano=2023&mes=1","oficial",NA,NA,"portal_casa",TRUE,FALSE,FALSE,"oficial"
"composicao_final_assembleias_fonte_oficial.csv","M2018_SC_7_13120_240000624375","SC","2018","DEPUTADO ESTADUAL/DISTRITAL","NEODI SARETTA","composicao_em_exercicio","https://transparencia.alesc.sc.gov.br/deputados?ano=2023&mes=1","oficial",NA,NA,"portal_casa",TRUE,FALSE,FALSE,"oficial"
"composicao_final_assembleias_fonte_oficial.csv","M2018_SC_7_13450_240000624371","SC","2018","DEPUTADO ESTADUAL/DISTRITAL","FABIANO DA LUZ","composicao_em_exercicio","https://transparencia.alesc.sc.gov.br/deputados?ano=2023&mes=1","oficial",NA,NA,"portal_casa",TRUE,FALSE,FALSE,"oficial"
"composicao_final_assembleias_fonte_oficial.csv","M2018_SC_7_13601_240000624373","SC","2018","DEPUTADO ESTADUAL/DISTRITAL","LUCIANE CARMINATTI","composicao_em_exercicio","https://transparencia.alesc.sc.gov.br/deputados?ano=2023&mes=1","oficial",NA,NA,"portal_casa",TRUE,FALSE,FALSE,"oficial"
"composicao_final_assembleias_fonte_oficial.csv","M2018_SC_7_13987_240000624361","SC","2018","DEPUTADO ESTADUAL/DISTRITAL","PEDRO BALDISSERA","composicao_em_exercicio","https://transparencia.alesc.sc.gov.br/deputados?ano=2023&mes=1","oficial",NA,NA,"portal_casa",TRUE,FALSE,FALSE,"oficial"
"composicao_final_assembleias_fonte_oficial.csv","M2018_SC_7_15000_240000609583","SC","2018","DEPUTADO ESTADUAL/DISTRITAL","VOLNEI WEBER","composicao_em_exercicio","https://transparencia.alesc.sc.gov.br/deputados?ano=2023&mes=1","oficial",NA,NA,"portal_casa",TRUE,FALSE,FALSE,"oficial"
"composicao_final_assembleias_fonte_oficial.csv","M2018_SC_7_15010_240000609569","SC","2018","DEPUTADO ESTADUAL/DISTRITAL","JERRY COMPER","composicao_em_exercicio","https://transparencia.alesc.sc.gov.br/deputados?ano=2023&mes=1","oficial",NA,NA,"portal_casa",TRUE,FALSE,FALSE,"oficial"
"composicao_final_assembleias_fonte_oficial.csv","M2018_SC_7_15015_240000609562","SC","2018","DEPUTADO ESTADUAL/DISTRITAL","ADA DE LUCA","composicao_em_exercicio","https://transparencia.alesc.sc.gov.br/deputados?ano=2023&mes=1","oficial",NA,NA,"portal_casa",TRUE,FALSE,FALSE,"oficial"
"composicao_final_assembleias_fonte_oficial.csv","M2018_SC_7_15150_240000609585","SC","2018","DEPUTADO ESTADUAL/DISTRITAL","LUIZ FERNANDO VAMPIRO","composicao_em_exercicio","https://transparencia.alesc.sc.gov.br/deputados?ano=2023&mes=1","oficial",NA,NA,"portal_casa",TRUE,FALSE,FALSE,"oficial"
"composicao_final_assembleias_fonte_oficial.csv","M2018_SC_7_15180_240000609576","SC","2018","DEPUTADO ESTADUAL/DISTRITAL","MOACIR SOPELSA","composicao_em_exercicio","https://transparencia.alesc.sc.gov.br/deputados?ano=2023&mes=1","oficial",NA,NA,"portal_casa",TRUE,FALSE,FALSE,"oficial"
"composicao_final_assembleias_fonte_oficial.csv","M2018_SC_7_15200_240000609581","SC","2018","DEPUTADO ESTADUAL/DISTRITAL","VALDIR VITAL COBALCHINI","composicao_em_exercicio","https://transparencia.alesc.sc.gov.br/deputados?ano=2023&mes=1","oficial",NA,NA,"portal_casa",TRUE,FALSE,FALSE,"oficial"
"composicao_final_assembleias_fonte_oficial.csv","M2018_SC_7_15220_240000609575","SC","2018","DEPUTADO ESTADUAL/DISTRITAL","MAURO DE NADAL","composicao_em_exercicio","https://transparencia.alesc.sc.gov.br/deputados?ano=2023&mes=1","oficial",NA,NA,"portal_casa",TRUE,FALSE,FALSE,"oficial"
"composicao_final_assembleias_fonte_oficial.csv","M2018_SC_7_15270_240000609578","SC","2018","DEPUTADO ESTADUAL/DISTRITAL","ROMILDO TITON","composicao_em_exercicio","https://transparencia.alesc.sc.gov.br/deputados?ano=2023&mes=1","oficial",NA,NA,"portal_casa",TRUE,FALSE,FALSE,"oficial"
"composicao_final_assembleias_fonte_oficial.csv","M2018_SC_7_15655_240000609568","SC","2018","DEPUTADO ESTADUAL/DISTRITAL","FERNANDO KRELLING","composicao_em_exercicio","https://transparencia.alesc.sc.gov.br/deputados?ano=2023&mes=1","oficial",NA,NA,"portal_casa",TRUE,FALSE,FALSE,"oficial"
"composicao_final_assembleias_fonte_oficial.csv","M2018_SC_7_17010_240000609687","SC","2018","DEPUTADO ESTADUAL/DISTRITAL","JESSE LOPES","composicao_em_exercicio","https://transparencia.alesc.sc.gov.br/deputados?ano=2023&mes=1","oficial",NA,NA,"portal_casa",TRUE,FALSE,FALSE,"oficial"
"composicao_final_assembleias_fonte_oficial.csv","M2018_SC_7_17017_240000609693","SC","2018","DEPUTADO ESTADUAL/DISTRITAL","RICARDO ALBA","composicao_em_exercicio","https://transparencia.alesc.sc.gov.br/deputados?ano=2023&mes=1","oficial",NA,NA,"portal_casa",TRUE,FALSE,FALSE,"oficial"
"composicao_final_assembleias_fonte_oficial.csv","M2018_SC_7_17107_240000609675","SC","2018","DEPUTADO ESTADUAL/DISTRITAL","SARGENTO LIMA","composicao_em_exercicio","https://transparencia.alesc.sc.gov.br/deputados?ano=2023&mes=1","oficial",NA,NA,"portal_casa",TRUE,FALSE,FALSE,"oficial"
"composicao_final_assembleias_fonte_oficial.csv","M2018_SC_7_17193_240000609691","SC","2018","DEPUTADO ESTADUAL/DISTRITAL","CORONEL MOCELLIN","composicao_em_exercicio","https://transparencia.alesc.sc.gov.br/deputados?ano=2023&mes=1","oficial",NA,NA,"portal_casa",TRUE,FALSE,FALSE,"oficial"
"composicao_final_assembleias_fonte_oficial.csv","M2018_SC_7_17771_240000609673","SC","2018","DEPUTADO ESTADUAL/DISTRITAL","ANA CAMPAGNOLO","composicao_em_exercicio","https://transparencia.alesc.sc.gov.br/deputados?ano=2023&mes=1","oficial",NA,NA,"portal_casa",TRUE,FALSE,FALSE,"oficial"
"composicao_final_assembleias_fonte_oficial.csv","M2018_SC_7_17777_240000609681","SC","2018","DEPUTADO ESTADUAL/DISTRITAL","FELIPE ESTEVAO","composicao_em_exercicio","https://transparencia.alesc.sc.gov.br/deputados?ano=2023&mes=1","oficial",NA,NA,"portal_casa",TRUE,FALSE,FALSE,"oficial"
"composicao_final_assembleias_fonte_oficial.csv","M2018_SC_7_20104_240000627253","SC","2018","DEPUTADO ESTADUAL/DISTRITAL","JAIR MIOTTO","composicao_em_exercicio","https://transparencia.alesc.sc.gov.br/deputados?ano=2023&mes=1","oficial",NA,NA,"portal_casa",TRUE,FALSE,FALSE,"oficial"
"composicao_final_assembleias_fonte_oficial.csv","M2018_SC_7_22022_240000609796","SC","2018","DEPUTADO ESTADUAL/DISTRITAL","BERLANDA","composicao_em_exercicio","https://transparencia.alesc.sc.gov.br/deputados?ano=2023&mes=1","oficial",NA,NA,"portal_casa",TRUE,FALSE,FALSE,"oficial"
"composicao_final_assembleias_fonte_oficial.csv","M2018_SC_7_22123_240000609792","SC","2018","DEPUTADO ESTADUAL/DISTRITAL","MARCIUS MACHADO","composicao_em_exercicio","https://transparencia.alesc.sc.gov.br/deputados?ano=2023&mes=1","oficial",NA,NA,"portal_casa",TRUE,FALSE,FALSE,"oficial"
"composicao_final_assembleias_fonte_oficial.csv","M2018_SC_7_22222_240000609795","SC","2018","DEPUTADO ESTADUAL/DISTRITAL","MAURICIO JOSE ESKUDLARK","composicao_em_exercicio","https://transparencia.alesc.sc.gov.br/deputados?ano=2023&mes=1","oficial",NA,NA,"portal_casa",TRUE,FALSE,FALSE,"oficial"
"composicao_final_assembleias_fonte_oficial.csv","M2018_SC_7_40030_240000619051","SC","2018","DEPUTADO ESTADUAL/DISTRITAL","BRUNO SOUZA","composicao_em_exercicio","https://transparencia.alesc.sc.gov.br/deputados?ano=2023&mes=1","oficial",NA,NA,"portal_casa",TRUE,FALSE,FALSE,"oficial"
"composicao_final_assembleias_fonte_oficial.csv","M2018_SC_7_40111_240000619059","SC","2018","DEPUTADO ESTADUAL/DISTRITAL","LAERCIO SCHUSTER","composicao_em_exercicio","https://transparencia.alesc.sc.gov.br/deputados?ano=2023&mes=1","oficial",NA,NA,"portal_casa",TRUE,FALSE,FALSE,"oficial"
"composicao_final_assembleias_fonte_oficial.csv","M2018_SC_7_40369_240000619063","SC","2018","DEPUTADO ESTADUAL/DISTRITAL","NAZARENO MARTINS","composicao_em_exercicio","https://transparencia.alesc.sc.gov.br/deputados?ano=2023&mes=1","oficial",NA,NA,"portal_casa",TRUE,FALSE,FALSE,"oficial"
"composicao_final_assembleias_fonte_oficial.csv","M2018_SC_7_43555_240000627333","SC","2018","DEPUTADO ESTADUAL/DISTRITAL","IVAN NAATZ","composicao_em_exercicio","https://transparencia.alesc.sc.gov.br/deputados?ano=2023&mes=1","oficial",NA,NA,"portal_casa",TRUE,FALSE,FALSE,"oficial"
"composicao_final_assembleias_fonte_oficial.csv","M2018_SC_7_45699_240000609608","SC","2018","DEPUTADO ESTADUAL/DISTRITAL","MARCOS VIEIRA","composicao_em_exercicio","https://transparencia.alesc.sc.gov.br/deputados?ano=2023&mes=1","oficial",NA,NA,"portal_casa",TRUE,FALSE,FALSE,"oficial"
"composicao_final_assembleias_fonte_oficial.csv","M2018_SC_7_45999_240000609619","SC","2018","DEPUTADO ESTADUAL/DISTRITAL","DR VICENTE CAROPRESO","composicao_em_exercicio","https://transparencia.alesc.sc.gov.br/deputados?ano=2023&mes=1","oficial",NA,NA,"portal_casa",TRUE,FALSE,FALSE,"oficial"
"composicao_final_assembleias_fonte_oficial.csv","M2018_SC_7_55100_240000627258","SC","2018","DEPUTADO ESTADUAL/DISTRITAL","CLARIKENNEDY NUNES","composicao_em_exercicio","https://transparencia.alesc.sc.gov.br/deputados?ano=2023&mes=1","oficial",NA,NA,"portal_casa",TRUE,FALSE,FALSE,"oficial"
"composicao_final_assembleias_fonte_oficial.csv","M2018_SC_7_55111_240000627250","SC","2018","DEPUTADO ESTADUAL/DISTRITAL","JULIO GARCIA","composicao_em_exercicio","https://transparencia.alesc.sc.gov.br/deputados?ano=2023&mes=1","oficial",NA,NA,"portal_casa",TRUE,FALSE,FALSE,"oficial"
"composicao_final_assembleias_fonte_oficial.csv","M2018_SC_7_55123_240000627242","SC","2018","DEPUTADO ESTADUAL/DISTRITAL","MARLENE FENGLER","composicao_em_exercicio","https://transparencia.alesc.sc.gov.br/deputados?ano=2023&mes=1","oficial",NA,NA,"portal_casa",TRUE,FALSE,FALSE,"oficial"
"composicao_final_assembleias_fonte_oficial.csv","M2018_SC_7_55777_240000627237","SC","2018","DEPUTADO ESTADUAL/DISTRITAL","ISMAEL DOS SANTOS","composicao_em_exercicio","https://transparencia.alesc.sc.gov.br/deputados?ano=2023&mes=1","oficial",NA,NA,"portal_casa",TRUE,FALSE,FALSE,"oficial"
"composicao_final_assembleias_fonte_oficial.csv","M2018_SC_7_55858_240000627238","SC","2018","DEPUTADO ESTADUAL/DISTRITAL","MILTON HOBUS","composicao_em_exercicio","https://transparencia.alesc.sc.gov.br/deputados?ano=2023&mes=1","oficial",NA,NA,"portal_casa",TRUE,FALSE,FALSE,"oficial"
"composicao_final_assembleias_fonte_oficial.csv","M1998_TO_7_11000_270002707110001","TO","1998","DEPUTADO ESTADUAL/DISTRITAL","Cacildo Vasconcelos","composicao_em_exercicio","https://web.archive.org/web/20021209093706/http://www.al.to.gov.br:80/deputados/aldep.htm","oficial",NA,NA,"wayback_portal_casa",TRUE,FALSE,FALSE,"oficial"
"composicao_final_assembleias_fonte_oficial.csv","M1998_TO_7_11101_270002707111011","TO","1998","DEPUTADO ESTADUAL/DISTRITAL","João Oliveira","composicao_em_exercicio","https://web.archive.org/web/20021209093706/http://www.al.to.gov.br:80/deputados/aldep.htm","oficial",NA,NA,"wayback_portal_casa",TRUE,FALSE,FALSE,"oficial"
"composicao_final_assembleias_fonte_oficial.csv","M1998_TO_7_11105_270002707111051","TO","1998","DEPUTADO ESTADUAL/DISTRITAL","Geraldo Vaz","composicao_em_exercicio","https://web.archive.org/web/20021209093706/http://www.al.to.gov.br:80/deputados/aldep.htm","oficial",NA,NA,"wayback_portal_casa",TRUE,FALSE,FALSE,"oficial"
"composicao_final_assembleias_fonte_oficial.csv","M1998_TO_7_11111_270002707111111","TO","1998","DEPUTADO ESTADUAL/DISTRITAL","Laurez Moreira","composicao_em_exercicio","https://web.archive.org/web/20021209093706/http://www.al.to.gov.br:80/deputados/aldep.htm","oficial",NA,NA,"wayback_portal_casa",TRUE,FALSE,FALSE,"oficial"
"composicao_final_assembleias_fonte_oficial.csv","M1998_TO_7_11112_270002707111121","TO","1998","DEPUTADO ESTADUAL/DISTRITAL","Gismar Gomes","composicao_em_exercicio","https://web.archive.org/web/20021209093706/http://www.al.to.gov.br:80/deputados/aldep.htm","oficial",NA,NA,"wayback_portal_casa",TRUE,FALSE,FALSE,"oficial"
"composicao_final_assembleias_fonte_oficial.csv","M1998_TO_7_11222_270002707112221","TO","1998","DEPUTADO ESTADUAL/DISTRITAL","Josi Nunes","composicao_em_exercicio","https://web.archive.org/web/20021209093706/http://www.al.to.gov.br:80/deputados/aldep.htm","oficial",NA,NA,"wayback_portal_casa",TRUE,FALSE,FALSE,"oficial"
"composicao_final_assembleias_fonte_oficial.csv","M1998_TO_7_14666_270002707146661","TO","1998","DEPUTADO ESTADUAL/DISTRITAL","Carlos Henrique Gaguim","composicao_em_exercicio","https://web.archive.org/web/20021209093706/http://www.al.to.gov.br:80/deputados/aldep.htm","oficial",NA,NA,"wayback_portal_casa",TRUE,FALSE,FALSE,"oficial"
"composicao_final_assembleias_fonte_oficial.csv","M1998_TO_7_15111_270002707151111","TO","1998","DEPUTADO ESTADUAL/DISTRITAL","José Augusto","composicao_em_exercicio","https://web.archive.org/web/20021209093706/http://www.al.to.gov.br:80/deputados/aldep.htm","oficial",NA,NA,"wayback_portal_casa",TRUE,FALSE,FALSE,"oficial"
"composicao_final_assembleias_fonte_oficial.csv","M1998_TO_7_15112_270002707151121","TO","1998","DEPUTADO ESTADUAL/DISTRITAL","Leide Pereira","composicao_em_exercicio","https://web.archive.org/web/20021209093706/http://www.al.to.gov.br:80/deputados/aldep.htm","oficial",NA,NA,"wayback_portal_casa",TRUE,FALSE,FALSE,"oficial"
"composicao_final_assembleias_fonte_oficial.csv","M1998_TO_7_15113_270002707151131","TO","1998","DEPUTADO ESTADUAL/DISTRITAL","Nezinho Alencar","composicao_em_exercicio","https://web.archive.org/web/20021209093706/http://www.al.to.gov.br:80/deputados/aldep.htm","oficial",NA,NA,"wayback_portal_casa",TRUE,FALSE,FALSE,"oficial"
"composicao_final_assembleias_fonte_oficial.csv","M1998_TO_7_15123_270002707151231","TO","1998","DEPUTADO ESTADUAL/DISTRITAL","Izidório Oliveira","composicao_em_exercicio","https://web.archive.org/web/20021209093706/http://www.al.to.gov.br:80/deputados/aldep.htm","oficial",NA,NA,"wayback_portal_casa",TRUE,FALSE,FALSE,"oficial"
"composicao_final_assembleias_fonte_oficial.csv","M1998_TO_7_15153_270002707151531","TO","1998","DEPUTADO ESTADUAL/DISTRITAL","Iderval Silva","composicao_em_exercicio","https://web.archive.org/web/20021209093706/http://www.al.to.gov.br:80/deputados/aldep.htm","oficial",NA,NA,"wayback_portal_casa",TRUE,FALSE,FALSE,"oficial"
"composicao_final_assembleias_fonte_oficial.csv","M1998_TO_7_15155_270002707151551","TO","1998","DEPUTADO ESTADUAL/DISTRITAL","Júlio Resplande","composicao_em_exercicio","https://web.archive.org/web/20021209093706/http://www.al.to.gov.br:80/deputados/aldep.htm","oficial",NA,NA,"wayback_portal_casa",TRUE,FALSE,FALSE,"oficial"
"composicao_final_assembleias_fonte_oficial.csv","M1998_TO_7_22222_270002707222221","TO","1998","DEPUTADO ESTADUAL/DISTRITAL","Palmeri Bezerra","composicao_em_exercicio","https://web.archive.org/web/20021209093706/http://www.al.to.gov.br:80/deputados/aldep.htm","oficial",NA,NA,"wayback_portal_casa",TRUE,FALSE,FALSE,"oficial"
"composicao_final_assembleias_fonte_oficial.csv","M1998_TO_7_25105_270002707251051","TO","1998","DEPUTADO ESTADUAL/DISTRITAL","João Renildo","composicao_em_exercicio","https://web.archive.org/web/20021209093706/http://www.al.to.gov.br:80/deputados/aldep.htm","oficial",NA,NA,"wayback_portal_casa",TRUE,FALSE,FALSE,"oficial"
"composicao_final_assembleias_fonte_oficial.csv","M1998_TO_7_25111_270002707251111","TO","1998","DEPUTADO ESTADUAL/DISTRITAL","Fabion Gomes","composicao_em_exercicio","https://web.archive.org/web/20021209093706/http://www.al.to.gov.br:80/deputados/aldep.htm","oficial",NA,NA,"wayback_portal_casa",TRUE,FALSE,FALSE,"oficial"
"composicao_final_assembleias_fonte_oficial.csv","M1998_TO_7_25115_270002707251151","TO","1998","DEPUTADO ESTADUAL/DISTRITAL","Raimundo Moreira","composicao_em_exercicio","https://web.archive.org/web/20021209093706/http://www.al.to.gov.br:80/deputados/aldep.htm","oficial",NA,NA,"wayback_portal_casa",TRUE,FALSE,FALSE,"oficial"
"composicao_final_assembleias_fonte_oficial.csv","M1998_TO_7_25120_270002707251201","TO","1998","DEPUTADO ESTADUAL/DISTRITAL","Manoel Bueno","composicao_em_exercicio","https://web.archive.org/web/20021209093706/http://www.al.to.gov.br:80/deputados/aldep.htm","oficial",NA,NA,"wayback_portal_casa",TRUE,FALSE,FALSE,"oficial"
"composicao_final_assembleias_fonte_oficial.csv","M1998_TO_7_25123_270002707251231","TO","1998","DEPUTADO ESTADUAL/DISTRITAL","Everaldo Barros","composicao_em_exercicio","https://web.archive.org/web/20021209093706/http://www.al.to.gov.br:80/deputados/aldep.htm","oficial",NA,NA,"wayback_portal_casa",TRUE,FALSE,FALSE,"oficial"
"composicao_final_assembleias_fonte_oficial.csv","M1998_TO_7_25200_270002707252001","TO","1998","DEPUTADO ESTADUAL/DISTRITAL","Igue do Vale","composicao_em_exercicio","https://web.archive.org/web/20021209093706/http://www.al.to.gov.br:80/deputados/aldep.htm","oficial",NA,NA,"wayback_portal_casa",TRUE,FALSE,FALSE,"oficial"
"composicao_final_assembleias_fonte_oficial.csv","M1998_TO_7_25222_270002707252221","TO","1998","DEPUTADO ESTADUAL/DISTRITAL","Vicentinho Alves","composicao_concluiu_mandato","https://www.al.to.leg.br/assets/galeriahistorica/presidentes/vicentinho-alves.html","oficial",NA,NA,"memorial_casa",TRUE,FALSE,FALSE,"oficial"
"composicao_final_assembleias_fonte_oficial.csv","M1998_TO_7_25333_270002707253331","TO","1998","DEPUTADO ESTADUAL/DISTRITAL","Juarez Giovanetti","composicao_em_exercicio","https://web.archive.org/web/20021209093706/http://www.al.to.gov.br:80/deputados/aldep.htm","oficial",NA,NA,"wayback_portal_casa",TRUE,FALSE,FALSE,"oficial"
"composicao_final_assembleias_fonte_oficial.csv","M1998_TO_7_25400_270002707254001","TO","1998","DEPUTADO ESTADUAL/DISTRITAL","Ângelo Agnolin","composicao_em_exercicio","https://web.archive.org/web/20021209093706/http://www.al.to.gov.br:80/deputados/aldep.htm","oficial",NA,NA,"wayback_portal_casa",TRUE,FALSE,FALSE,"oficial"
"composicao_final_assembleias_fonte_oficial.csv","M2002_TO_7_11000_249","TO","2002","DEPUTADO ESTADUAL/DISTRITAL","Cacildo Vasconcelos","composicao_em_exercicio","https://www.al.to.leg.br/arquivo/8550","oficial",NA,NA,"diario_oficial",TRUE,FALSE,FALSE,"oficial"
"composicao_final_assembleias_fonte_oficial.csv","M2002_TO_7_11101_281","TO","2002","DEPUTADO ESTADUAL/DISTRITAL","João Oliveira","composicao_em_exercicio","https://www.al.to.leg.br/arquivo/8550","oficial",NA,NA,"diario_oficial",TRUE,FALSE,FALSE,"oficial"
"composicao_final_assembleias_fonte_oficial.csv","M2002_TO_7_11111_283","TO","2002","DEPUTADO ESTADUAL/DISTRITAL","Laurez Moreira","composicao_em_exercicio","https://www.al.to.leg.br/arquivo/8550","oficial",NA,NA,"diario_oficial",TRUE,FALSE,FALSE,"oficial"
"composicao_final_assembleias_fonte_oficial.csv","M2002_TO_7_11234_273","TO","2002","DEPUTADO ESTADUAL/DISTRITAL","Valuar Barros","composicao_em_exercicio","https://www.al.to.leg.br/arquivo/8550","oficial",NA,NA,"diario_oficial",TRUE,FALSE,FALSE,"oficial"
"composicao_final_assembleias_fonte_oficial.csv","M2002_TO_7_13131_327","TO","2002","DEPUTADO ESTADUAL/DISTRITAL","José Santana","composicao_em_exercicio","https://www.al.to.leg.br/arquivo/8550","oficial",NA,NA,"diario_oficial",TRUE,FALSE,FALSE,"oficial"
"composicao_final_assembleias_fonte_oficial.csv","M2002_TO_7_14614_395","TO","2002","DEPUTADO ESTADUAL/DISTRITAL","Carlos Henrique Gaguim","composicao_em_exercicio","https://www.al.to.leg.br/arquivo/8550","oficial",NA,NA,"diario_oficial",TRUE,FALSE,FALSE,"oficial"
"composicao_final_assembleias_fonte_oficial.csv","M2002_TO_7_14666_411","TO","2002","DEPUTADO ESTADUAL/DISTRITAL","Dr. Walfredo","composicao_em_exercicio","https://www.al.to.leg.br/arquivo/8550","oficial",NA,NA,"diario_oficial",TRUE,FALSE,FALSE,"oficial"
"composicao_final_assembleias_fonte_oficial.csv","M2002_TO_7_15123_111","TO","2002","DEPUTADO ESTADUAL/DISTRITAL","Josi Nunes","composicao_em_exercicio","https://www.al.to.leg.br/arquivo/8550","oficial",NA,NA,"diario_oficial",TRUE,FALSE,FALSE,"oficial"
"composicao_final_assembleias_fonte_oficial.csv","M2002_TO_7_15200_48","TO","2002","DEPUTADO ESTADUAL/DISTRITAL","Sargento Aragão","composicao_em_exercicio","https://www.al.to.leg.br/arquivo/8550","oficial",NA,NA,"diario_oficial",TRUE,FALSE,FALSE,"oficial"
"composicao_final_assembleias_fonte_oficial.csv","M2002_TO_7_15700_97","TO","2002","DEPUTADO ESTADUAL/DISTRITAL","Eli Borges","composicao_em_exercicio","https://www.al.to.leg.br/arquivo/8550","oficial",NA,NA,"diario_oficial",TRUE,FALSE,FALSE,"oficial"
"composicao_final_assembleias_fonte_oficial.csv","M2002_TO_7_22222_272","TO","2002","DEPUTADO ESTADUAL/DISTRITAL","Palmeri Bezerra","composicao_em_exercicio","https://www.al.to.leg.br/arquivo/8550","oficial",NA,NA,"diario_oficial",TRUE,FALSE,FALSE,"oficial"
"composicao_final_assembleias_fonte_oficial.csv","M2002_TO_7_23000_137","TO","2002","DEPUTADO ESTADUAL/DISTRITAL","Solange Duailibe","composicao_em_exercicio","https://www.al.to.leg.br/arquivo/8550","oficial",NA,NA,"diario_oficial",TRUE,FALSE,FALSE,"oficial"
"composicao_final_assembleias_fonte_oficial.csv","M2002_TO_7_25111_255","TO","2002","DEPUTADO ESTADUAL/DISTRITAL","Fabion Gomes","composicao_em_exercicio","https://www.al.to.leg.br/arquivo/8550","oficial",NA,NA,"diario_oficial",TRUE,FALSE,FALSE,"oficial"
"composicao_final_assembleias_fonte_oficial.csv","M2002_TO_7_25115_257","TO","2002","DEPUTADO ESTADUAL/DISTRITAL","Raimundo Moreira","composicao_em_exercicio","https://www.al.to.leg.br/arquivo/8550","oficial",NA,NA,"diario_oficial",TRUE,FALSE,FALSE,"oficial"
"composicao_final_assembleias_fonte_oficial.csv","M2002_TO_7_25222_266","TO","2002","DEPUTADO ESTADUAL/DISTRITAL","Vicentinho Alves","composicao_em_exercicio","https://www.al.to.leg.br/arquivo/8550","oficial",NA,NA,"diario_oficial",TRUE,FALSE,FALSE,"oficial"
"composicao_final_assembleias_fonte_oficial.csv","M2002_TO_7_25225_251","TO","2002","DEPUTADO ESTADUAL/DISTRITAL","César Halum","composicao_em_exercicio","https://www.al.to.leg.br/arquivo/8550","oficial",NA,NA,"diario_oficial",TRUE,FALSE,FALSE,"oficial"
"composicao_final_assembleias_fonte_oficial.csv","M2002_TO_7_25400_250","TO","2002","DEPUTADO ESTADUAL/DISTRITAL","Angelo Agnolin","composicao_em_exercicio","https://www.al.to.leg.br/arquivo/8550","oficial",NA,NA,"diario_oficial",TRUE,FALSE,FALSE,"oficial"
"composicao_final_assembleias_fonte_oficial.csv","M2002_TO_7_25456_252","TO","2002","DEPUTADO ESTADUAL/DISTRITAL","Iderval Silva","composicao_em_exercicio","https://www.al.to.leg.br/arquivo/8550","oficial",NA,NA,"diario_oficial",TRUE,FALSE,FALSE,"oficial"
"composicao_final_assembleias_fonte_oficial.csv","M2002_TO_7_25700_244","TO","2002","DEPUTADO ESTADUAL/DISTRITAL","Júnior Coimbra","composicao_em_exercicio","https://www.al.to.leg.br/arquivo/8550","oficial",NA,NA,"diario_oficial",TRUE,FALSE,FALSE,"oficial"
"composicao_final_assembleias_fonte_oficial.csv","M2002_TO_7_45045_168","TO","2002","DEPUTADO ESTADUAL/DISTRITAL","Eduardo Machado","composicao_em_exercicio","https://www.al.to.leg.br/arquivo/8550","oficial",NA,NA,"diario_oficial",TRUE,FALSE,FALSE,"oficial"
"composicao_final_assembleias_fonte_oficial.csv","M2002_TO_7_45120_166","TO","2002","DEPUTADO ESTADUAL/DISTRITAL","Fábio Martins","composicao_em_exercicio","https://www.al.to.leg.br/arquivo/8550","oficial",NA,NA,"diario_oficial",TRUE,FALSE,FALSE,"oficial"
"composicao_final_assembleias_fonte_oficial.csv","M2002_TO_7_45555_169","TO","2002","DEPUTADO ESTADUAL/DISTRITAL","Eduardo do Dertins","composicao_em_exercicio","https://www.al.to.leg.br/arquivo/8550","oficial",NA,NA,"diario_oficial",TRUE,FALSE,FALSE,"oficial"
"composicao_final_assembleias_fonte_oficial.csv","M2002_TO_7_45678_180","TO","2002","DEPUTADO ESTADUAL/DISTRITAL","José Augusto","composicao_em_exercicio","https://www.al.to.leg.br/arquivo/8550","oficial",NA,NA,"diario_oficial",TRUE,FALSE,FALSE,"oficial"
"composicao_final_assembleias_fonte_oficial.csv","M2006_TO_7_11000_10149","TO","2006","DEPUTADO ESTADUAL/DISTRITAL","Cacildo Vasconcelos","composicao_em_exercicio","https://www.al.to.leg.br/arquivo/26974","oficial",NA,NA,"diario_oficial",TRUE,FALSE,FALSE,"oficial"
"composicao_final_assembleias_fonte_oficial.csv","M2006_TO_7_11610_10158","TO","2006","DEPUTADO ESTADUAL/DISTRITAL","Raimundo Palito","composicao_em_exercicio","https://www.al.to.leg.br/arquivo/26974","oficial",NA,NA,"diario_oficial",TRUE,FALSE,FALSE,"oficial"
"composicao_final_assembleias_fonte_oficial.csv","M2006_TO_7_12120_10332","TO","2006","DEPUTADO ESTADUAL/DISTRITAL","Fábio Martins","composicao_em_exercicio","https://www.al.to.leg.br/arquivo/26974","oficial",NA,NA,"diario_oficial",TRUE,FALSE,FALSE,"oficial"
"composicao_final_assembleias_fonte_oficial.csv","M2006_TO_7_13300_10251","TO","2006","DEPUTADO ESTADUAL/DISTRITAL","Solange Duailibe","composicao_em_exercicio","https://www.al.to.leg.br/arquivo/26974","oficial",NA,NA,"diario_oficial",TRUE,FALSE,FALSE,"oficial"
"composicao_final_assembleias_fonte_oficial.csv","M2006_TO_7_13400_10237","TO","2006","DEPUTADO ESTADUAL/DISTRITAL","Manoel Queiroz","composicao_em_exercicio","https://www.al.to.leg.br/arquivo/26974","oficial",NA,NA,"diario_oficial",TRUE,FALSE,FALSE,"oficial"
"composicao_final_assembleias_fonte_oficial.csv","M2006_TO_7_14000_10020","TO","2006","DEPUTADO ESTADUAL/DISTRITAL","José Geraldo","composicao_em_exercicio","https://www.al.to.leg.br/arquivo/26974","oficial",NA,NA,"diario_oficial",TRUE,FALSE,FALSE,"oficial"
"composicao_final_assembleias_fonte_oficial.csv","M2006_TO_7_15000_10434","TO","2006","DEPUTADO ESTADUAL/DISTRITAL","Eli Borges","composicao_em_exercicio","https://www.al.to.leg.br/arquivo/26974","oficial",NA,NA,"diario_oficial",TRUE,FALSE,FALSE,"oficial"
"composicao_final_assembleias_fonte_oficial.csv","M2006_TO_7_15123_10442","TO","2006","DEPUTADO ESTADUAL/DISTRITAL","Josi Nunes","composicao_em_exercicio","https://www.al.to.leg.br/arquivo/26974","oficial",NA,NA,"diario_oficial",TRUE,FALSE,FALSE,"oficial"
"composicao_final_assembleias_fonte_oficial.csv","M2006_TO_7_15153_10446","TO","2006","DEPUTADO ESTADUAL/DISTRITAL","Iderval Silva","composicao_em_exercicio","https://www.al.to.leg.br/arquivo/26974","oficial",NA,NA,"diario_oficial",TRUE,FALSE,FALSE,"oficial"
"composicao_final_assembleias_fonte_oficial.csv","M2006_TO_7_15222_10447","TO","2006","DEPUTADO ESTADUAL/DISTRITAL","Sandoval Cardoso","composicao_em_exercicio","https://www.al.to.leg.br/arquivo/26974","oficial",NA,NA,"diario_oficial",TRUE,FALSE,FALSE,"oficial"
"composicao_final_assembleias_fonte_oficial.csv","M2006_TO_7_15700_10460","TO","2006","DEPUTADO ESTADUAL/DISTRITAL","Júnior Coimbra","composicao_em_exercicio","https://www.al.to.leg.br/arquivo/26974","oficial",NA,NA,"diario_oficial",TRUE,FALSE,FALSE,"oficial"
"composicao_final_assembleias_fonte_oficial.csv","M2006_TO_7_20222_10060","TO","2006","DEPUTADO ESTADUAL/DISTRITAL","Dr. Zé Viana","composicao_em_exercicio","https://www.al.to.leg.br/arquivo/26974","oficial",NA,NA,"diario_oficial",TRUE,FALSE,FALSE,"oficial"
"composicao_final_assembleias_fonte_oficial.csv","M2006_TO_7_22022_10161","TO","2006","DEPUTADO ESTADUAL/DISTRITAL","Luana Ribeiro","composicao_em_exercicio","https://www.al.to.leg.br/arquivo/26974","oficial",NA,NA,"diario_oficial",TRUE,FALSE,FALSE,"oficial"
"composicao_final_assembleias_fonte_oficial.csv","M2006_TO_7_22333_10178","TO","2006","DEPUTADO ESTADUAL/DISTRITAL","Amélio Cayres","composicao_em_exercicio","https://www.al.to.leg.br/arquivo/26974","oficial",NA,NA,"diario_oficial",TRUE,FALSE,FALSE,"oficial"
"composicao_final_assembleias_fonte_oficial.csv","M2006_TO_7_23222_10288","TO","2006","DEPUTADO ESTADUAL/DISTRITAL","Eduardo do Dertins","composicao_em_exercicio","https://www.al.to.leg.br/arquivo/26974","oficial",NA,NA,"diario_oficial",TRUE,FALSE,FALSE,"oficial"
"composicao_final_assembleias_fonte_oficial.csv","M2006_TO_7_25123_10406","TO","2006","DEPUTADO ESTADUAL/DISTRITAL","Paulo Roberto","composicao_em_exercicio","https://www.al.to.leg.br/arquivo/26974","oficial",NA,NA,"diario_oficial",TRUE,FALSE,FALSE,"oficial"
"composicao_final_assembleias_fonte_oficial.csv","M2006_TO_7_25225_10412","TO","2006","DEPUTADO ESTADUAL/DISTRITAL","César Halum","composicao_em_exercicio","https://www.al.to.leg.br/arquivo/26974","oficial",NA,NA,"diario_oficial",TRUE,FALSE,FALSE,"oficial"
"composicao_final_assembleias_fonte_oficial.csv","M2006_TO_7_25400_10420","TO","2006","DEPUTADO ESTADUAL/DISTRITAL","Angelo Agnolin","composicao_em_exercicio","https://www.al.to.leg.br/arquivo/26974","oficial",NA,NA,"diario_oficial",TRUE,FALSE,FALSE,"oficial"
"composicao_final_assembleias_fonte_oficial.csv","M2006_TO_7_43123_10107","TO","2006","DEPUTADO ESTADUAL/DISTRITAL","Marcello Lelis","composicao_em_exercicio","https://www.al.to.leg.br/arquivo/26974","oficial",NA,NA,"diario_oficial",TRUE,FALSE,FALSE,"oficial"
"composicao_final_assembleias_fonte_oficial.csv","M2006_TO_7_45115_10122","TO","2006","DEPUTADO ESTADUAL/DISTRITAL","Raimundo Moreira","composicao_em_exercicio","https://www.al.to.leg.br/arquivo/26974","oficial",NA,NA,"diario_oficial",TRUE,FALSE,FALSE,"oficial"
"composicao_final_assembleias_fonte_oficial.csv","M2006_TO_7_45555_10133","TO","2006","DEPUTADO ESTADUAL/DISTRITAL","Stalin Bucar","composicao_em_exercicio","https://www.al.to.leg.br/arquivo/26974","oficial",NA,NA,"diario_oficial",TRUE,FALSE,FALSE,"oficial"
"composicao_final_assembleias_fonte_oficial.csv","M2010_TO_7_11610_270000000066","TO","2010","DEPUTADO ESTADUAL/DISTRITAL","Raimundo Palito","composicao_em_exercicio","https://www.al.to.leg.br/arquivo/36885","oficial",NA,NA,"diario_oficial",TRUE,FALSE,FALSE,"oficial"
"composicao_final_assembleias_fonte_oficial.csv","M2010_TO_7_13300_270000000134","TO","2010","DEPUTADO ESTADUAL/DISTRITAL","Solange Duailibe","composicao_em_exercicio","https://www.al.to.leg.br/arquivo/36885","oficial",NA,NA,"diario_oficial",TRUE,FALSE,FALSE,"oficial"
"composicao_final_assembleias_fonte_oficial.csv","M2010_TO_7_13456_270000000114","TO","2010","DEPUTADO ESTADUAL/DISTRITAL","Zé Roberto","composicao_em_exercicio","https://www.al.to.leg.br/arquivo/36885","oficial",NA,NA,"diario_oficial",TRUE,FALSE,FALSE,"oficial"
"composicao_final_assembleias_fonte_oficial.csv","M2010_TO_7_13613_270000000087","TO","2010","DEPUTADO ESTADUAL/DISTRITAL","Amália Santana","composicao_em_exercicio","https://www.al.to.leg.br/arquivo/36885","oficial",NA,NA,"diario_oficial",TRUE,FALSE,FALSE,"oficial"
"composicao_final_assembleias_fonte_oficial.csv","M2010_TO_7_14000_270000000358","TO","2010","DEPUTADO ESTADUAL/DISTRITAL","José Geraldo","composicao_em_exercicio","https://www.al.to.leg.br/arquivo/36885","oficial",NA,NA,"diario_oficial",TRUE,FALSE,FALSE,"oficial"
"composicao_final_assembleias_fonte_oficial.csv","M2010_TO_7_15000_270000000034","TO","2010","DEPUTADO ESTADUAL/DISTRITAL","Eli Borges","composicao_em_exercicio","https://www.al.to.leg.br/arquivo/36885","oficial",NA,NA,"diario_oficial",TRUE,FALSE,FALSE,"oficial"
"composicao_final_assembleias_fonte_oficial.csv","M2010_TO_7_15111_270000000051","TO","2010","DEPUTADO ESTADUAL/DISTRITAL","José Augusto","composicao_em_exercicio","https://www.al.to.leg.br/arquivo/36885","oficial",NA,NA,"diario_oficial",TRUE,FALSE,FALSE,"oficial"
"composicao_final_assembleias_fonte_oficial.csv","M2010_TO_7_15123_270000000046","TO","2010","DEPUTADO ESTADUAL/DISTRITAL","Josi Nunes","composicao_em_exercicio","https://www.al.to.leg.br/arquivo/36885","oficial",NA,NA,"diario_oficial",TRUE,FALSE,FALSE,"oficial"
"composicao_final_assembleias_fonte_oficial.csv","M2010_TO_7_15153_270000000043","TO","2010","DEPUTADO ESTADUAL/DISTRITAL","Iderval Silva","composicao_em_exercicio","https://www.al.to.leg.br/arquivo/36885","oficial",NA,NA,"diario_oficial",TRUE,FALSE,FALSE,"oficial"
"composicao_final_assembleias_fonte_oficial.csv","M2010_TO_7_15700_270000000073","TO","2010","DEPUTADO ESTADUAL/DISTRITAL","Vilmar do Detran","composicao_em_exercicio","https://www.al.to.leg.br/arquivo/36885","oficial",NA,NA,"diario_oficial",TRUE,FALSE,FALSE,"oficial"
"composicao_final_assembleias_fonte_oficial.csv","M2010_TO_7_22022_270000000362","TO","2010","DEPUTADO ESTADUAL/DISTRITAL","Luana Ribeiro","composicao_em_exercicio","https://www.al.to.leg.br/arquivo/36885","oficial",NA,NA,"diario_oficial",TRUE,FALSE,FALSE,"oficial"
"composicao_final_assembleias_fonte_oficial.csv","M2010_TO_7_22111_270000000357","TO","2010","DEPUTADO ESTADUAL/DISTRITAL","José Bonifácio","composicao_em_exercicio","https://www.al.to.leg.br/arquivo/36885","oficial",NA,NA,"diario_oficial",TRUE,FALSE,FALSE,"oficial"
"composicao_final_assembleias_fonte_oficial.csv","M2010_TO_7_22223_270000000381","TO","2010","DEPUTADO ESTADUAL/DISTRITAL","Stalin Bucar","composicao_em_exercicio","https://www.al.to.leg.br/arquivo/36885","oficial",NA,NA,"diario_oficial",TRUE,FALSE,FALSE,"oficial"
"composicao_final_assembleias_fonte_oficial.csv","M2010_TO_7_22333_270000000351","TO","2010","DEPUTADO ESTADUAL/DISTRITAL","Amélio Cayres","composicao_em_exercicio","https://www.al.to.leg.br/arquivo/36885","oficial",NA,NA,"diario_oficial",TRUE,FALSE,FALSE,"oficial"
"composicao_final_assembleias_fonte_oficial.csv","M2010_TO_7_23200_270000000057","TO","2010","DEPUTADO ESTADUAL/DISTRITAL","Sargento Aragão","composicao_em_exercicio","https://www.al.to.leg.br/arquivo/36885","oficial",NA,NA,"diario_oficial",TRUE,FALSE,FALSE,"oficial"
"composicao_final_assembleias_fonte_oficial.csv","M2010_TO_7_23222_270000000032","TO","2010","DEPUTADO ESTADUAL/DISTRITAL","Eduardo do Dertins","composicao_em_exercicio","https://www.al.to.leg.br/arquivo/36885","oficial",NA,NA,"diario_oficial",TRUE,FALSE,FALSE,"oficial"
"composicao_final_assembleias_fonte_oficial.csv","M2010_TO_7_23400_270000000059","TO","2010","DEPUTADO ESTADUAL/DISTRITAL","Manoel Queiroz","composicao_em_exercicio","https://www.al.to.leg.br/arquivo/36885","oficial",NA,NA,"diario_oficial",TRUE,FALSE,FALSE,"oficial"
"composicao_final_assembleias_fonte_oficial.csv","M2010_TO_7_25100_270000000287","TO","2010","DEPUTADO ESTADUAL/DISTRITAL","Osires Damaso","composicao_em_exercicio","https://www.al.to.leg.br/arquivo/36885","oficial",NA,NA,"diario_oficial",TRUE,FALSE,FALSE,"oficial"
"composicao_final_assembleias_fonte_oficial.csv","M2010_TO_7_25111_270000000268","TO","2010","DEPUTADO ESTADUAL/DISTRITAL","Toinho Andrade","composicao_em_exercicio","https://www.al.to.leg.br/arquivo/36885","oficial",NA,NA,"diario_oficial",TRUE,FALSE,FALSE,"oficial"
"composicao_final_assembleias_fonte_oficial.csv","M2010_TO_7_40100_270000000074","TO","2010","DEPUTADO ESTADUAL/DISTRITAL","Wanderlei Barbosa","composicao_em_exercicio","https://www.al.to.leg.br/arquivo/36885","oficial",NA,NA,"diario_oficial",TRUE,FALSE,FALSE,"oficial"
"composicao_final_assembleias_fonte_oficial.csv","M2010_TO_7_43123_270000000329","TO","2010","DEPUTADO ESTADUAL/DISTRITAL","Marcello Lelis","composicao_em_exercicio","https://www.al.to.leg.br/arquivo/36885","oficial",NA,NA,"diario_oficial",TRUE,FALSE,FALSE,"oficial"
"composicao_final_assembleias_fonte_oficial.csv","M2010_TO_7_45115_270000000331","TO","2010","DEPUTADO ESTADUAL/DISTRITAL","Raimundo Moreira","composicao_em_exercicio","https://www.al.to.leg.br/arquivo/36885","oficial",NA,NA,"diario_oficial",TRUE,FALSE,FALSE,"oficial"
"composicao_final_assembleias_fonte_oficial.csv","M2010_TO_7_45555_270000000319","TO","2010","DEPUTADO ESTADUAL/DISTRITAL","Freire Júnior","composicao_em_exercicio","https://www.al.to.leg.br/arquivo/36885","oficial",NA,NA,"diario_oficial",TRUE,FALSE,FALSE,"oficial"
"composicao_final_assembleias_fonte_oficial.csv","M2014_TO_7_11145_270000000255","TO","2014","DEPUTADO ESTADUAL/DISTRITAL","Valderez Castelo Branco","composicao_em_exercicio","https://www.al.to.leg.br/arquivo/47284","oficial",NA,NA,"diario_oficial",TRUE,FALSE,FALSE,"oficial"
"composicao_final_assembleias_fonte_oficial.csv","M2014_TO_7_13413_270000000383","TO","2014","DEPUTADO ESTADUAL/DISTRITAL","Paulo Mourão","composicao_em_exercicio","https://www.al.to.leg.br/arquivo/47284","oficial",NA,NA,"diario_oficial",TRUE,FALSE,FALSE,"oficial"
"composicao_final_assembleias_fonte_oficial.csv","M2014_TO_7_13456_270000000076","TO","2014","DEPUTADO ESTADUAL/DISTRITAL","Zé Roberto Lula","composicao_em_exercicio","https://www.al.to.leg.br/arquivo/47284","oficial",NA,NA,"diario_oficial",TRUE,FALSE,FALSE,"oficial"
"composicao_final_assembleias_fonte_oficial.csv","M2014_TO_7_13613_270000000075","TO","2014","DEPUTADO ESTADUAL/DISTRITAL","Amália Santana","composicao_em_exercicio","https://www.al.to.leg.br/arquivo/47284","oficial",NA,NA,"diario_oficial",TRUE,FALSE,FALSE,"oficial"
"composicao_final_assembleias_fonte_oficial.csv","M2014_TO_7_14777_270000000246","TO","2014","DEPUTADO ESTADUAL/DISTRITAL","Eduardo Siqueira Campos","composicao_em_exercicio","https://www.al.to.leg.br/arquivo/47284","oficial",NA,NA,"diario_oficial",TRUE,FALSE,FALSE,"oficial"
"composicao_final_assembleias_fonte_oficial.csv","M2014_TO_7_15100_270000000028","TO","2014","DEPUTADO ESTADUAL/DISTRITAL","Rocha Miranda","composicao_em_exercicio","https://www.al.to.leg.br/arquivo/47284","oficial",NA,NA,"diario_oficial",TRUE,FALSE,FALSE,"oficial"
"composicao_final_assembleias_fonte_oficial.csv","M2014_TO_7_15115_270000000065","TO","2014","DEPUTADO ESTADUAL/DISTRITAL","Elenil da Penha","composicao_em_exercicio","https://www.al.to.leg.br/arquivo/47284","oficial",NA,NA,"diario_oficial",TRUE,FALSE,FALSE,"oficial"
"composicao_final_assembleias_fonte_oficial.csv","M2014_TO_7_15123_270000000029","TO","2014","DEPUTADO ESTADUAL/DISTRITAL","Nilton Franco","composicao_em_exercicio","https://www.al.to.leg.br/arquivo/47284","oficial",NA,NA,"diario_oficial",TRUE,FALSE,FALSE,"oficial"
"composicao_final_assembleias_fonte_oficial.csv","M2014_TO_7_17000_270000000191","TO","2014","DEPUTADO ESTADUAL/DISTRITAL","Cleiton Cardoso","composicao_em_exercicio","https://www.al.to.leg.br/arquivo/47284","oficial",NA,NA,"diario_oficial",TRUE,FALSE,FALSE,"oficial"
"composicao_final_assembleias_fonte_oficial.csv","M2014_TO_7_22022_270000000234","TO","2014","DEPUTADO ESTADUAL/DISTRITAL","Luana Ribeiro","composicao_em_exercicio","https://www.al.to.leg.br/arquivo/47284","oficial",NA,NA,"diario_oficial",TRUE,FALSE,FALSE,"oficial"
"composicao_final_assembleias_fonte_oficial.csv","M2014_TO_7_22111_270000000259","TO","2014","DEPUTADO ESTADUAL/DISTRITAL","José Bonifácio","composicao_em_exercicio","https://www.al.to.leg.br/arquivo/47284","oficial",NA,NA,"diario_oficial",TRUE,FALSE,FALSE,"oficial"
"composicao_final_assembleias_fonte_oficial.csv","M2014_TO_7_23222_270000000268","TO","2014","DEPUTADO ESTADUAL/DISTRITAL","Eduardo do Dertins","composicao_em_exercicio","https://www.al.to.leg.br/arquivo/47284","oficial",NA,NA,"diario_oficial",TRUE,FALSE,FALSE,"oficial"
"composicao_final_assembleias_fonte_oficial.csv","M2014_TO_7_25100_270000000241","TO","2014","DEPUTADO ESTADUAL/DISTRITAL","Osires Damaso","composicao_em_exercicio","https://www.al.to.leg.br/arquivo/47284","oficial",NA,NA,"diario_oficial",TRUE,FALSE,FALSE,"oficial"
"composicao_final_assembleias_fonte_oficial.csv","M2014_TO_7_28777_270000000215","TO","2014","DEPUTADO ESTADUAL/DISTRITAL","Júnior Evangelista","composicao_em_exercicio","https://www.al.to.leg.br/arquivo/47284","oficial",NA,NA,"diario_oficial",TRUE,FALSE,FALSE,"oficial"
"composicao_final_assembleias_fonte_oficial.csv","M2014_TO_7_40000_270000000165","TO","2014","DEPUTADO ESTADUAL/DISTRITAL","Ricardo Ayres","composicao_em_exercicio","https://www.al.to.leg.br/arquivo/47284","oficial",NA,NA,"diario_oficial",TRUE,FALSE,FALSE,"oficial"
"composicao_final_assembleias_fonte_oficial.csv","M2014_TO_7_45045_270000000271","TO","2014","DEPUTADO ESTADUAL/DISTRITAL","Olyntho Neto","composicao_em_exercicio","https://www.al.to.leg.br/arquivo/47284","oficial",NA,NA,"diario_oficial",TRUE,FALSE,FALSE,"oficial"
"composicao_final_assembleias_fonte_oficial.csv","M2014_TO_7_55055_270000000057","TO","2014","DEPUTADO ESTADUAL/DISTRITAL","Valdemar Júnior","composicao_em_exercicio","https://www.al.to.leg.br/arquivo/47284","oficial",NA,NA,"diario_oficial",TRUE,FALSE,FALSE,"oficial"
"composicao_final_assembleias_fonte_oficial.csv","M2014_TO_7_55111_270000000051","TO","2014","DEPUTADO ESTADUAL/DISTRITAL","Toinho Andrade","composicao_em_exercicio","https://www.al.to.leg.br/arquivo/47284","oficial",NA,NA,"diario_oficial",TRUE,FALSE,FALSE,"oficial"
"composicao_final_assembleias_fonte_oficial.csv","M2014_TO_7_77333_270000000230","TO","2014","DEPUTADO ESTADUAL/DISTRITAL","Amélio Cayres","composicao_em_exercicio","https://www.al.to.leg.br/arquivo/47284","oficial",NA,NA,"diario_oficial",TRUE,FALSE,FALSE,"oficial"
"composicao_final_assembleias_fonte_oficial.csv","M2014_TO_7_77456_270000000228","TO","2014","DEPUTADO ESTADUAL/DISTRITAL","Jorge Frederico","composicao_em_exercicio","https://www.al.to.leg.br/arquivo/47284","oficial",NA,NA,"diario_oficial",TRUE,FALSE,FALSE,"oficial"
"composicao_final_assembleias_fonte_oficial.csv","M2014_TO_7_77700_270000000226","TO","2014","DEPUTADO ESTADUAL/DISTRITAL","Vilmar de Oliveira","composicao_em_exercicio","https://www.al.to.leg.br/arquivo/47284","oficial",NA,NA,"diario_oficial",TRUE,FALSE,FALSE,"oficial"
"composicao_final_assembleias_fonte_oficial.csv","M2014_TO_7_90100_270000000110","TO","2014","DEPUTADO ESTADUAL/DISTRITAL","Eli Borges","composicao_em_exercicio","https://www.al.to.leg.br/arquivo/47284","oficial",NA,NA,"diario_oficial",TRUE,FALSE,FALSE,"oficial"
