id_mandato,cd_cargo,esfera,forma_saida,fonte_forma_saida,data_fim_efetiva,mandato_fim,forma_esp,fonte_esp,fonte_ok
M1998_DF_8_22111_700000708221111,8,estadual,renuncia,fonte_oficial_curada,2001-12-19,2003-01-31,,,FALSE
M1998_ES_7_13456_800000807134561,7,estadual,fim_regular,fonte_oficial_curada,2003-01-31,2003-01-31,,,FALSE
M1998_ES_7_15311_800000807153111,7,estadual,fim_regular,fonte_oficial_curada,2003-01-31,2003-01-31,fim_regular,assembleia_inventario,FALSE
M1998_GO_7_11105_900000907111051,7,estadual,fim_regular,fonte_oficial_curada,2003-01-31,2003-01-31,,,FALSE
M1998_GO_7_11111_900000907111111,7,estadual,fim_regular,fonte_oficial_curada,2003-01-31,2003-01-31,,,FALSE
M1998_GO_7_11116_900000907111161,7,estadual,renuncia,fonte_oficial_curada,2001-01-01,2003-01-31,outro,cargo_incompativel,FALSE
M1998_GO_7_12644_900000907126441,7,estadual,fim_regular,fonte_oficial_curada,2003-01-31,2003-01-31,,,FALSE
M1998_GO_7_13230_900000907132301,7,estadual,fim_regular,fonte_oficial_curada,2003-01-31,2003-01-31,,,FALSE
M1998_GO_7_15111_900000907151111,7,estadual,renuncia,fonte_oficial_curada,2001-01-01,2003-01-31,outro,cargo_incompativel,FALSE
M1998_GO_7_15115_900000907151151,7,estadual,fim_regular,fonte_oficial_curada,2003-01-31,2003-01-31,,,FALSE
M1998_GO_7_15116_900000907151161,7,estadual,fim_regular,fonte_oficial_curada,2003-01-31,2003-01-31,,,FALSE
M1998_GO_7_15118_900000907151181,7,estadual,fim_regular,fonte_oficial_curada,2003-01-31,2003-01-31,,,FALSE
M1998_GO_7_15121_900000907151211,7,estadual,fim_regular,fonte_oficial_curada,2003-01-31,2003-01-31,,,FALSE
M1998_GO_7_15123_900000907151231,7,estadual,fim_regular,fonte_oficial_curada,2003-01-31,2003-01-31,,,FALSE
M1998_GO_7_15126_900000907151261,7,estadual,fim_regular,fonte_oficial_curada,2003-01-31,2003-01-31,,,FALSE
M1998_GO_7_15131_900000907151311,7,estadual,fim_regular,fonte_oficial_curada,2003-01-31,2003-01-31,,,FALSE
M1998_GO_7_15134_900000907151341,7,estadual,fim_regular,fonte_oficial_curada,2003-01-31,2003-01-31,,,FALSE
M1998_GO_7_15135_900000907151351,7,estadual,fim_regular,fonte_oficial_curada,2003-01-31,2003-01-31,,,FALSE
M1998_GO_7_15136_900000907151361,7,estadual,fim_regular,fonte_oficial_curada,2003-01-31,2003-01-31,,,FALSE
M1998_GO_7_15141_900000907151411,7,estadual,renuncia,fonte_oficial_curada,2000-10-01,2003-01-31,outro,cargo_incompativel,FALSE
M1998_GO_7_15160_900000907151601,7,estadual,fim_regular,fonte_oficial_curada,2003-01-31,2003-01-31,,,FALSE
M1998_GO_7_15170_900000907151701,7,estadual,fim_regular,fonte_oficial_curada,2003-01-31,2003-01-31,,,FALSE
M1998_GO_7_15180_900000907151801,7,estadual,fim_regular,fonte_oficial_curada,2003-01-31,2003-01-31,,,FALSE
M1998_GO_7_15190_900000907151901,7,estadual,fim_regular,fonte_oficial_curada,2003-01-31,2003-01-31,,,FALSE
M1998_GO_7_18151_900000907181511,7,estadual,fim_regular,fonte_oficial_curada,2003-01-31,2003-01-31,,,FALSE
M1998_GO_7_18181_900000907181811,7,estadual,fim_regular,fonte_oficial_curada,2003-01-31,2003-01-31,,,FALSE
M1998_GO_7_20111_900000907201111,7,estadual,falecimento,fonte_oficial_curada,2000-09-20,2003-01-31,,,FALSE
M1998_GO_7_22123_900000907221231,7,estadual,fim_regular,fonte_oficial_curada,2003-01-31,2003-01-31,,,FALSE
M1998_GO_7_22144_900000907221441,7,estadual,fim_regular,fonte_oficial_curada,2003-01-31,2003-01-31,,,FALSE
M1998_GO_7_22200_900000907222001,7,estadual,fim_regular,fonte_oficial_curada,2003-01-31,2003-01-31,,,FALSE
M1998_GO_7_22210_900000907222101,7,estadual,fim_regular,fonte_oficial_curada,2003-01-31,2003-01-31,,,FALSE
M1998_GO_7_25111_900000907251111,7,estadual,fim_regular,fonte_oficial_curada,2003-01-31,2003-01-31,,,FALSE
M1998_GO_7_25999_900000907259991,7,estadual,fim_regular,fonte_oficial_curada,2003-01-31,2003-01-31,,,FALSE
M1998_GO_7_41111_900000907411111,7,estadual,fim_regular,fonte_oficial_curada,2003-01-31,2003-01-31,,,FALSE
M1998_GO_7_41123_900000907411231,7,estadual,renuncia,fonte_oficial_curada,2001-10-31,2003-01-31,,,FALSE
M1998_GO_7_41141_900000907411411,7,estadual,fim_regular,fonte_oficial_curada,2003-01-31,2003-01-31,,,FALSE
M1998_GO_7_41155_900000907411551,7,estadual,renuncia,fonte_oficial_curada,2000-12-31,2003-01-31,outro,cargo_incompativel,FALSE
M1998_GO_7_45111_900000907451111,7,estadual,renuncia,fonte_oficial_curada,2000-12-31,2003-01-31,outro,cargo_incompativel,FALSE
M1998_GO_7_45133_900000907451331,7,estadual,fim_regular,fonte_oficial_curada,2003-01-31,2003-01-31,,,FALSE
M1998_GO_7_45150_900000907451501,7,estadual,renuncia,fonte_oficial_curada,2003-01-01,2003-01-31,,,FALSE
M1998_GO_7_45151_900000907451511,7,estadual,fim_regular,fonte_oficial_curada,2003-01-31,2003-01-31,,,FALSE
M1998_GO_7_45155_900000907451551,7,estadual,falecimento,fonte_oficial_curada,2000-09-10,2003-01-31,,,FALSE
M1998_GO_7_45177_900000907451771,7,estadual,fim_regular,fonte_oficial_curada,2003-01-31,2003-01-31,,,FALSE
M1998_GO_7_65123_900000907651231,7,estadual,fim_regular,fonte_oficial_curada,2003-01-31,2003-01-31,,,FALSE
M1998_MT_7_11133_110001107111331,7,estadual,fim_regular,fonte_oficial_curada,2003-01-31,2003-01-31,fim_regular,assembleia_inventario,FALSE
M1998_MT_7_13131_110001107131311,7,estadual,fim_regular,fonte_oficial_curada,2003-01-31,2003-01-31,fim_regular,assembleia_inventario,FALSE
M1998_MT_7_13222_110001107132221,7,estadual,fim_regular,fonte_oficial_curada,2003-01-31,2003-01-31,fim_regular,assembleia_inventario,FALSE
M1998_MT_7_14111_110001107141111,7,estadual,fim_regular,fonte_oficial_curada,2003-01-31,2003-01-31,,,FALSE
M1998_MT_7_14140_110001107141401,7,estadual,fim_regular,fonte_oficial_curada,2003-01-31,2003-01-31,fim_regular,assembleia_inventario,FALSE
M1998_MT_7_15150_110001107151501,7,estadual,fim_regular,fonte_oficial_curada,2003-01-31,2003-01-31,fim_regular,assembleia_inventario,FALSE
M1998_MT_7_15152_110001107151521,7,estadual,fim_regular,fonte_oficial_curada,2003-01-31,2003-01-31,,,FALSE
M1998_MT_7_15163_110001107151631,7,estadual,fim_regular,fonte_oficial_curada,2003-01-31,2003-01-31,,,FALSE
M1998_MT_7_15666_110001107156661,7,estadual,fim_regular,fonte_oficial_curada,2003-01-31,2003-01-31,,,FALSE
M1998_MT_7_22123_110001107221231,7,estadual,fim_regular,fonte_oficial_curada,2003-01-31,2003-01-31,,,FALSE
M1998_MT_7_22150_110001107221501,7,estadual,fim_regular,fonte_oficial_curada,2003-01-31,2003-01-31,fim_regular,assembleia_inventario,FALSE
M1998_MT_7_23110_110001107231101,7,estadual,fim_regular,fonte_oficial_curada,2003-01-31,2003-01-31,fim_regular,assembleia_inventario,FALSE
M1998_MT_7_25123_110001107251231,7,estadual,fim_regular,fonte_oficial_curada,2003-01-31,2003-01-31,fim_regular,assembleia_inventario,FALSE
M1998_MT_7_25150_110001107251501,7,estadual,fim_regular,fonte_oficial_curada,2003-01-31,2003-01-31,,,FALSE
M1998_MT_7_25151_110001107251511,7,estadual,renuncia,fonte_oficial_curada,2000-12-06,2003-01-31,outro,cargo_incompativel,FALSE
M1998_MT_7_25225_110001107252251,7,estadual,fim_regular,fonte_oficial_curada,2003-01-31,2003-01-31,,,FALSE
M1998_MT_7_25240_110001107252401,7,estadual,fim_regular,fonte_oficial_curada,2003-01-31,2003-01-31,,,FALSE
M1998_MT_7_40140_110001107401401,7,estadual,fim_regular,fonte_oficial_curada,2003-01-31,2003-01-31,,,FALSE
M1998_MT_7_45000_110001107450001,7,estadual,fim_regular,fonte_oficial_curada,2003-01-31,2003-01-31,,,FALSE
M1998_MT_7_45100_110001107451001,7,estadual,fim_regular,fonte_oficial_curada,2003-01-31,2003-01-31,,,FALSE
M1998_MT_7_45111_110001107451111,7,estadual,fim_regular,fonte_oficial_curada,2003-01-31,2003-01-31,,,FALSE
M1998_MT_7_45200_110001107452001,7,estadual,fim_regular,fonte_oficial_curada,2003-01-31,2003-01-31,,,FALSE
M1998_MT_7_45645_110001107456451,7,estadual,fim_regular,fonte_oficial_curada,2003-01-31,2003-01-31,,,FALSE
M1998_MT_7_45678_110001107456781,7,estadual,fim_regular,fonte_oficial_curada,2003-01-31,2003-01-31,,,FALSE
M1998_PA_7_11110_140001407111101,7,estadual,fim_regular,fonte_oficial_curada,2003-01-31,2003-01-31,,,FALSE
M1998_PA_7_11115_140001407111151,7,estadual,fim_regular,fonte_oficial_curada,2003-01-31,2003-01-31,,,FALSE
M1998_PA_7_11120_140001407111201,7,estadual,fim_regular,fonte_oficial_curada,2003-01-31,2003-01-31,,,FALSE
M1998_PA_7_12101_140001407121011,7,estadual,fim_regular,fonte_oficial_curada,2003-01-31,2003-01-31,,,FALSE
M1998_PA_7_12120_140001407121201,7,estadual,fim_regular,fonte_oficial_curada,2003-01-31,2003-01-31,,,FALSE
M1998_PA_7_12234_140001407122341,7,estadual,fim_regular,fonte_oficial_curada,2003-01-31,2003-01-31,,,FALSE
M1998_PA_7_13123_140001407131231,7,estadual,fim_regular,fonte_oficial_curada,2003-01-31,2003-01-31,,,FALSE
M1998_PA_7_13131_140001407131311,7,estadual,fim_regular,fonte_oficial_curada,2003-01-31,2003-01-31,,,FALSE
M1998_PA_7_13500_140001407135001,7,estadual,fim_regular,fonte_oficial_curada,2003-01-31,2003-01-31,,,FALSE
M1998_PA_7_13513_140001407135131,7,estadual,fim_regular,fonte_oficial_curada,2003-01-31,2003-01-31,,,FALSE
M1998_PA_7_14110_140001407141101,7,estadual,fim_regular,fonte_oficial_curada,2003-01-31,2003-01-31,,,FALSE
M1998_PA_7_14555_140001407145551,7,estadual,fim_regular,fonte_oficial_curada,2003-01-31,2003-01-31,,,FALSE
M1998_PA_7_14610_140001407146101,7,estadual,fim_regular,fonte_oficial_curada,2003-01-31,2003-01-31,,,FALSE
M1998_PA_7_15105_140001407151051,7,estadual,fim_regular,fonte_oficial_curada,2003-01-31,2003-01-31,,,FALSE
M1998_PA_7_15109_140001407151091,7,estadual,fim_regular,fonte_oficial_curada,2003-01-31,2003-01-31,,,FALSE
M1998_PA_7_15111_140001407151111,7,estadual,fim_regular,fonte_oficial_curada,2003-01-31,2003-01-31,,,FALSE
M1998_PA_7_15115_140001407151151,7,estadual,fim_regular,fonte_oficial_curada,2003-01-31,2003-01-31,,,FALSE
M1998_PA_7_15156_140001407151561,7,estadual,fim_regular,fonte_oficial_curada,2003-01-31,2003-01-31,,,FALSE
M1998_PA_7_15192_140001407151921,7,estadual,fim_regular,fonte_oficial_curada,2003-01-31,2003-01-31,,,FALSE
M1998_PA_7_15195_140001407151951,7,estadual,fim_regular,fonte_oficial_curada,2003-01-31,2003-01-31,,,FALSE
M1998_PA_7_22100_140001407221001,7,estadual,fim_regular,fonte_oficial_curada,2003-01-31,2003-01-31,,,FALSE
M1998_PA_7_22120_140001407221201,7,estadual,fim_regular,fonte_oficial_curada,2003-01-31,2003-01-31,,,FALSE
M1998_PA_7_22123_140001407221231,7,estadual,fim_regular,fonte_oficial_curada,2003-01-31,2003-01-31,,,FALSE
M1998_PA_7_23611_140001407236111,7,estadual,fim_regular,fonte_oficial_curada,2003-01-31,2003-01-31,,,FALSE
M1998_PA_7_25125_140001407251251,7,estadual,fim_regular,fonte_oficial_curada,2003-01-31,2003-01-31,,,FALSE
M1998_PA_7_25133_140001407251331,7,estadual,fim_regular,fonte_oficial_curada,2003-01-31,2003-01-31,,,FALSE
M1998_PA_7_25234_140001407252341,7,estadual,fim_regular,fonte_oficial_curada,2003-01-31,2003-01-31,,,FALSE
M1998_PA_7_40150_140001407401501,7,estadual,fim_regular,fonte_oficial_curada,2003-01-31,2003-01-31,,,FALSE
M1998_PA_7_41101_140001407411011,7,estadual,fim_regular,fonte_oficial_curada,2003-01-31,2003-01-31,,,FALSE
M1998_PA_7_41111_140001407411111,7,estadual,fim_regular,fonte_oficial_curada,2003-01-31,2003-01-31,,,FALSE
M1998_PA_7_45110_140001407451101,7,estadual,fim_regular,fonte_oficial_curada,2003-01-31,2003-01-31,,,FALSE
M1998_PA_7_45112_140001407451121,7,estadual,fim_regular,fonte_oficial_curada,2003-01-31,2003-01-31,,,FALSE
M1998_PA_7_45144_140001407451441,7,estadual,fim_regular,fonte_oficial_curada,2003-01-31,2003-01-31,,,FALSE
M1998_PA_7_45147_140001407451471,7,estadual,fim_regular,fonte_oficial_curada,2003-01-31,2003-01-31,,,FALSE
M1998_PA_7_45150_140001407451501,7,estadual,fim_regular,fonte_oficial_curada,2003-01-31,2003-01-31,,,FALSE
M1998_PA_7_45188_140001407451881,7,estadual,fim_regular,fonte_oficial_curada,2003-01-31,2003-01-31,,,FALSE
M1998_PA_7_65123_140001407651231,7,estadual,fim_regular,fonte_oficial_curada,2003-01-31,2003-01-31,,,FALSE
M1998_SC_7_11113_240002407111131,7,estadual,fim_regular,fonte_oficial_curada,2003-01-31,2003-01-31,,,FALSE
M1998_SC_7_11135_240002407111351,7,estadual,fim_regular,fonte_oficial_curada,2003-01-31,2003-01-31,,,FALSE
M1998_SC_7_11166_240002407111661,7,estadual,fim_regular,fonte_oficial_curada,2003-01-31,2003-01-31,,,FALSE
M1998_SC_7_11211_240002407112111,7,estadual,fim_regular,fonte_oficial_curada,2003-01-31,2003-01-31,,,FALSE
M1998_SC_7_11222_240002407112221,7,estadual,fim_regular,fonte_oficial_curada,2003-01-31,2003-01-31,,,FALSE
M1998_SC_7_11223_240002407112231,7,estadual,fim_regular,fonte_oficial_curada,2003-01-31,2003-01-31,,,FALSE
M1998_SC_7_11233_240002407112331,7,estadual,fim_regular,fonte_oficial_curada,2003-01-31,2003-01-31,,,FALSE
M1998_SC_7_11245_240002407112451,7,estadual,fim_regular,fonte_oficial_curada,2003-01-31,2003-01-31,,,FALSE
M1998_SC_7_11271_240002407112711,7,estadual,fim_regular,fonte_oficial_curada,2003-01-31,2003-01-31,,,FALSE
M1998_SC_7_11666_240002407116661,7,estadual,fim_regular,fonte_oficial_curada,2003-01-31,2003-01-31,,,FALSE
M1998_SC_7_12222_240002407122221,7,estadual,fim_regular,fonte_oficial_curada,2003-01-31,2003-01-31,,,FALSE
M1998_SC_7_12234_240002407122341,7,estadual,fim_regular,fonte_oficial_curada,2003-01-31,2003-01-31,,,FALSE
M1998_SC_7_13111_240002407131111,7,estadual,fim_regular,fonte_oficial_curada,2003-01-31,2003-01-31,,,FALSE
M1998_SC_7_13123_240002407131231,7,estadual,fim_regular,fonte_oficial_curada,2003-01-31,2003-01-31,,,FALSE
M1998_SC_7_13133_240002407131331,7,estadual,renuncia,fonte_oficial_curada,2000-12-31,2003-01-31,outro,cargo_incompativel,FALSE
M1998_SC_7_13200_240002407132001,7,estadual,renuncia,fonte_oficial_curada,2001-01-01,2003-01-31,outro,cargo_incompativel,FALSE
M1998_SC_7_13613_240002407136131,7,estadual,fim_regular,fonte_oficial_curada,2003-01-31,2003-01-31,,,FALSE
M1998_SC_7_14292_240002407142921,7,estadual,fim_regular,fonte_oficial_curada,2003-01-31,2003-01-31,,,FALSE
M1998_SC_7_15010_240002407150101,7,estadual,fim_regular,fonte_oficial_curada,2003-01-31,2003-01-31,,,FALSE
M1998_SC_7_15104_240002407151041,7,estadual,fim_regular,fonte_oficial_curada,2003-01-31,2003-01-31,,,FALSE
M1998_SC_7_15109_240002407151091,7,estadual,fim_regular,fonte_oficial_curada,2003-01-31,2003-01-31,,,FALSE
M1998_SC_7_15140_240002407151401,7,estadual,fim_regular,fonte_oficial_curada,2003-01-31,2003-01-31,,,FALSE
M1998_SC_7_15144_240002407151441,7,estadual,fim_regular,fonte_oficial_curada,2003-01-31,2003-01-31,,,FALSE
M1998_SC_7_15157_240002407151571,7,estadual,fim_regular,fonte_oficial_curada,2003-01-31,2003-01-31,,,FALSE
M1998_SC_7_15180_240002407151801,7,estadual,fim_regular,fonte_oficial_curada,2003-01-31,2003-01-31,,,FALSE
M1998_SC_7_15194_240002407151941,7,estadual,renuncia,fonte_oficial_curada,2000-03-29,2003-01-31,,,FALSE
M1998_SC_7_15220_240002407152201,7,estadual,fim_regular,fonte_oficial_curada,2003-01-31,2003-01-31,,,FALSE
M1998_SC_7_15270_240002407152701,7,estadual,fim_regular,fonte_oficial_curada,2003-01-31,2003-01-31,,,FALSE
M1998_SC_7_25100_240002407251001,7,estadual,fim_regular,fonte_oficial_curada,2003-01-31,2003-01-31,,,FALSE
M1998_SC_7_25123_240002407251231,7,estadual,fim_regular,fonte_oficial_curada,2003-01-31,2003-01-31,,,FALSE
M1998_SC_7_25200_240002407252001,7,estadual,fim_regular,fonte_oficial_curada,2003-01-31,2003-01-31,,,FALSE
M1998_SC_7_25210_240002407252101,7,estadual,fim_regular,fonte_oficial_curada,2003-01-31,2003-01-31,,,FALSE
M1998_SC_7_25211_240002407252111,7,estadual,fim_regular,fonte_oficial_curada,2003-01-31,2003-01-31,,,FALSE
M1998_SC_7_25222_240002407252221,7,estadual,renuncia,fonte_oficial_curada,2001-01-01,2003-01-31,outro,cargo_incompativel,FALSE
M1998_SC_7_25456_240002407254561,7,estadual,renuncia,fonte_oficial_curada,2000-02-16,2003-01-31,,,FALSE
M1998_SC_7_25777_240002407257771,7,estadual,fim_regular,fonte_oficial_curada,2003-01-31,2003-01-31,,,FALSE
M1998_SC_7_25999_240002407259991,7,estadual,fim_regular,fonte_oficial_curada,2003-01-31,2003-01-31,,,FALSE
M1998_SC_7_45123_240002407451231,7,estadual,fim_regular,fonte_oficial_curada,2003-01-31,2003-01-31,,,FALSE
M1998_SC_7_45611_240002407456111,7,estadual,fim_regular,fonte_oficial_curada,2003-01-31,2003-01-31,,,FALSE
M1998_SC_7_45623_240002407456231,7,estadual,fim_regular,fonte_oficial_curada,2003-01-31,2003-01-31,,,FALSE
M1998_TO_7_11000_270002707110001,7,estadual,fim_regular,fonte_oficial_curada,2003-01-31,2003-01-31,,,FALSE
M1998_TO_7_11101_270002707111011,7,estadual,fim_regular,fonte_oficial_curada,2003-01-31,2003-01-31,,,FALSE
M1998_TO_7_11105_270002707111051,7,estadual,fim_regular,fonte_oficial_curada,2003-01-31,2003-01-31,,,FALSE
M1998_TO_7_11111_270002707111111,7,estadual,fim_regular,fonte_oficial_curada,2003-01-31,2003-01-31,fim_regular,wikidata,FALSE
M1998_TO_7_11112_270002707111121,7,estadual,fim_regular,fonte_oficial_curada,2003-01-31,2003-01-31,,,FALSE
M1998_TO_7_11222_270002707112221,7,estadual,fim_regular,fonte_oficial_curada,2003-01-31,2003-01-31,,,FALSE
M1998_TO_7_14666_270002707146661,7,estadual,fim_regular,fonte_oficial_curada,2003-01-31,2003-01-31,,,FALSE
M1998_TO_7_15111_270002707151111,7,estadual,fim_regular,fonte_oficial_curada,2003-01-31,2003-01-31,,,FALSE
M1998_TO_7_15112_270002707151121,7,estadual,fim_regular,fonte_oficial_curada,2003-01-31,2003-01-31,,,FALSE
M1998_TO_7_15113_270002707151131,7,estadual,fim_regular,fonte_oficial_curada,2003-01-31,2003-01-31,,,FALSE
M1998_TO_7_15123_270002707151231,7,estadual,fim_regular,fonte_oficial_curada,2003-01-31,2003-01-31,,,FALSE
M1998_TO_7_15153_270002707151531,7,estadual,fim_regular,fonte_oficial_curada,2003-01-31,2003-01-31,,,FALSE
M1998_TO_7_15155_270002707151551,7,estadual,fim_regular,fonte_oficial_curada,2003-01-31,2003-01-31,,,FALSE
M1998_TO_7_22222_270002707222221,7,estadual,fim_regular,fonte_oficial_curada,2003-01-31,2003-01-31,,,FALSE
M1998_TO_7_25105_270002707251051,7,estadual,fim_regular,fonte_oficial_curada,2003-01-31,2003-01-31,,,FALSE
M1998_TO_7_25111_270002707251111,7,estadual,fim_regular,fonte_oficial_curada,2003-01-31,2003-01-31,,,FALSE
M1998_TO_7_25112_270002707251121,7,estadual,renuncia,fonte_oficial_curada,2002-12-31,2003-01-31,,,FALSE
M1998_TO_7_25115_270002707251151,7,estadual,fim_regular,fonte_oficial_curada,2003-01-31,2003-01-31,,,FALSE
M1998_TO_7_25120_270002707251201,7,estadual,fim_regular,fonte_oficial_curada,2003-01-31,2003-01-31,,,FALSE
M1998_TO_7_25123_270002707251231,7,estadual,fim_regular,fonte_oficial_curada,2003-01-31,2003-01-31,,,FALSE
M1998_TO_7_25200_270002707252001,7,estadual,fim_regular,fonte_oficial_curada,2003-01-31,2003-01-31,,,FALSE
M1998_TO_7_25222_270002707252221,7,estadual,fim_regular,fonte_oficial_curada,2003-01-31,2003-01-31,,,FALSE
M1998_TO_7_25333_270002707253331,7,estadual,fim_regular,fonte_oficial_curada,2003-01-31,2003-01-31,,,FALSE
M1998_TO_7_25400_270002707254001,7,estadual,fim_regular,fonte_oficial_curada,2003-01-31,2003-01-31,,,FALSE
M2002_DF_8_41123_1082,8,estadual,cassacao,fonte_oficial_curada,2004-08-10,2007-01-31,,,FALSE
M2002_DF_8_45199_695,8,estadual,renuncia,fonte_oficial_curada,2006-03-10,2007-01-31,,,FALSE
M2002_ES_7_11000_538,7,estadual,fim_regular,fonte_oficial_curada,2007-01-31,2007-01-31,,,FALSE
M2002_ES_7_11110_539,7,estadual,renuncia,fonte_oficial_curada,2004-12-31,2007-01-31,outro,cargo_incompativel,FALSE
M2002_ES_7_11190_535,7,estadual,fim_regular,fonte_oficial_curada,2007-01-31,2007-01-31,,,FALSE
M2002_ES_7_11222_541,7,estadual,fim_regular,fonte_oficial_curada,2007-01-31,2007-01-31,,,FALSE
M2002_ES_7_12190_321,7,estadual,fim_regular,fonte_oficial_curada,2007-01-31,2007-01-31,,,FALSE
M2002_ES_7_12345_291,7,estadual,fim_regular,fonte_oficial_curada,2007-01-31,2007-01-31,,,FALSE
M2002_ES_7_13021_269,7,estadual,fim_regular,fonte_oficial_curada,2007-01-31,2007-01-31,,,FALSE
M2002_ES_7_13120_217,7,estadual,renuncia,fonte_oficial_curada,2004-12-31,2007-01-31,outro,cargo_incompativel,FALSE
M2002_ES_7_13213_272,7,estadual,fim_regular,fonte_oficial_curada,2007-01-31,2007-01-31,,,FALSE
M2002_ES_7_13456_250,7,estadual,fim_regular,fonte_oficial_curada,2007-01-31,2007-01-31,,,FALSE
M2002_ES_7_14008_208,7,estadual,fim_regular,fonte_oficial_curada,2007-01-31,2007-01-31,,,FALSE
M2002_ES_7_14444_237,7,estadual,fim_regular,fonte_oficial_curada,2007-01-31,2007-01-31,,,FALSE
M2002_ES_7_14456_228,7,estadual,fim_regular,fonte_oficial_curada,2007-01-31,2007-01-31,,,FALSE
M2002_ES_7_15311_499,7,estadual,fim_regular,fonte_oficial_curada,2007-01-31,2007-01-31,,,FALSE
M2002_ES_7_15789_494,7,estadual,cassacao,fonte_oficial_curada,2006-10-04,2007-01-31,,,FALSE
M2002_ES_7_20000_76,7,estadual,fim_regular,fonte_oficial_curada,2007-01-31,2007-01-31,,,FALSE
M2002_ES_7_22333_444,7,estadual,fim_regular,fonte_oficial_curada,2007-01-31,2007-01-31,,,FALSE
M2002_ES_7_22800_357,7,estadual,fim_regular,fonte_oficial_curada,2007-01-31,2007-01-31,,,FALSE
M2002_ES_7_23000_42,7,estadual,fim_regular,fonte_oficial_curada,2007-01-31,2007-01-31,,,FALSE
M2002_ES_7_23456_57,7,estadual,fim_regular,fonte_oficial_curada,2007-01-31,2007-01-31,,,FALSE
M2002_ES_7_25222_412,7,estadual,fim_regular,fonte_oficial_curada,2007-01-31,2007-01-31,,,FALSE
M2002_ES_7_25555_428,7,estadual,fim_regular,fonte_oficial_curada,2007-01-31,2007-01-31,,,FALSE
M2002_ES_7_25789_400,7,estadual,fim_regular,fonte_oficial_curada,2007-01-31,2007-01-31,,,FALSE
M2002_ES_7_33678_457,7,estadual,falecimento,fonte_oficial_curada,2006-01-19,2007-01-31,,,FALSE
M2002_ES_7_36333_367,7,estadual,fim_regular,fonte_oficial_curada,2007-01-31,2007-01-31,,,FALSE
M2002_ES_7_40240_290,7,estadual,fim_regular,fonte_oficial_curada,2007-01-31,2007-01-31,,,FALSE
M2002_ES_7_40800_346,7,estadual,fim_regular,fonte_oficial_curada,2007-01-31,2007-01-31,,,FALSE
M2002_ES_7_45123_488,7,estadual,fim_regular,fonte_oficial_curada,2007-01-31,2007-01-31,,,FALSE
M2002_ES_7_45145_489,7,estadual,fim_regular,fonte_oficial_curada,2007-01-31,2007-01-31,,,FALSE
M2002_GO_7_11111_791,7,estadual,fim_regular,fonte_oficial_curada,2007-01-31,2007-01-31,,,FALSE
M2002_GO_7_11116_888,7,estadual,fim_regular,fonte_oficial_curada,2007-01-31,2007-01-31,,,FALSE
M2002_GO_7_11477_782,7,estadual,renuncia,fonte_oficial_curada,2004-10-03,2007-01-31,outro,cargo_incompativel,FALSE
M2002_GO_7_11500_808,7,estadual,fim_regular,fonte_oficial_curada,2007-01-31,2007-01-31,,,FALSE
M2002_GO_7_12644_751,7,estadual,fim_regular,fonte_oficial_curada,2007-01-31,2007-01-31,,,FALSE
M2002_GO_7_13103_541,7,estadual,fim_regular,fonte_oficial_curada,2007-01-31,2007-01-31,,,FALSE
M2002_GO_7_13188_597,7,estadual,fim_regular,fonte_oficial_curada,2007-01-31,2007-01-31,,,FALSE
M2002_GO_7_13513_572,7,estadual,fim_regular,fonte_oficial_curada,2007-01-31,2007-01-31,fim_regular,wikidata,FALSE
M2002_GO_7_13789_583,7,estadual,fim_regular,fonte_oficial_curada,2007-01-31,2007-01-31,,,FALSE
M2002_GO_7_15111_345,7,estadual,renuncia,fonte_oficial_curada,2004-10-03,2007-01-31,outro,cargo_incompativel,FALSE
M2002_GO_7_15123_247,7,estadual,fim_regular,fonte_oficial_curada,2007-01-31,2007-01-31,,,FALSE
M2002_GO_7_15131_250,7,estadual,fim_regular,fonte_oficial_curada,2007-01-31,2007-01-31,,,FALSE
M2002_GO_7_15134_384,7,estadual,fim_regular,fonte_oficial_curada,2007-01-31,2007-01-31,,,FALSE
M2002_GO_7_15135_313,7,estadual,fim_regular,fonte_oficial_curada,2007-01-31,2007-01-31,,,FALSE
M2002_GO_7_15147_244,7,estadual,renuncia,fonte_oficial_curada,2005-01-01,2007-01-31,outro,cargo_incompativel,FALSE
M2002_GO_7_15151_263,7,estadual,fim_regular,fonte_oficial_curada,2007-01-31,2007-01-31,,,FALSE
M2002_GO_7_15152_281,7,estadual,fim_regular,fonte_oficial_curada,2007-01-31,2007-01-31,,,FALSE
M2002_GO_7_15170_284,7,estadual,fim_regular,fonte_oficial_curada,2007-01-31,2007-01-31,,,FALSE
M2002_GO_7_18123_689,7,estadual,fim_regular,fonte_oficial_curada,2007-01-31,2007-01-31,,,FALSE
M2002_GO_7_22777_1150,7,estadual,fim_regular,fonte_oficial_curada,2007-01-31,2007-01-31,,,FALSE
M2002_GO_7_23450_606,7,estadual,fim_regular,fonte_oficial_curada,2007-01-31,2007-01-31,,,FALSE
M2002_GO_7_25456_842,7,estadual,fim_regular,fonte_oficial_curada,2007-01-31,2007-01-31,,,FALSE
M2002_GO_7_25555_934,7,estadual,fim_regular,fonte_oficial_curada,2007-01-31,2007-01-31,,,FALSE
M2002_GO_7_25999_820,7,estadual,renuncia,fonte_oficial_curada,2005-01-01,2007-01-31,outro,cargo_incompativel,FALSE
M2002_GO_7_27800_327,7,estadual,fim_regular,fonte_oficial_curada,2007-01-31,2007-01-31,,,FALSE
M2002_GO_7_40180_207,7,estadual,fim_regular,fonte_oficial_curada,2007-01-31,2007-01-31,,,FALSE
M2002_GO_7_41111_964,7,estadual,fim_regular,fonte_oficial_curada,2007-01-31,2007-01-31,,,FALSE
M2002_GO_7_44631_642,7,estadual,fim_regular,fonte_oficial_curada,2007-01-31,2007-01-31,,,FALSE
M2002_GO_7_45121_1209,7,estadual,fim_regular,fonte_oficial_curada,2007-01-31,2007-01-31,,,FALSE
M2002_GO_7_45133_884,7,estadual,fim_regular,fonte_oficial_curada,2007-01-31,2007-01-31,,,FALSE
M2002_GO_7_45150_837,7,estadual,nao_tomou_posse,fonte_oficial_curada,2003-02-01,2007-01-31,,,FALSE
M2002_GO_7_45222_835,7,estadual,fim_regular,fonte_oficial_curada,2007-01-31,2007-01-31,,,FALSE
M2002_GO_7_45321_746,7,estadual,fim_regular,fonte_oficial_curada,2007-01-31,2007-01-31,,,FALSE
M2002_GO_7_45369_811,7,estadual,fim_regular,fonte_oficial_curada,2007-01-31,2007-01-31,,,FALSE
M2002_GO_7_45455_793,7,estadual,renuncia,fonte_oficial_curada,2006-04-01,2007-01-31,,,FALSE
M2002_GO_7_45555_846,7,estadual,fim_regular,fonte_oficial_curada,2007-01-31,2007-01-31,,,FALSE
M2002_GO_7_45600_878,7,estadual,fim_regular,fonte_oficial_curada,2007-01-31,2007-01-31,,,FALSE
M2002_GO_7_45678_738,7,estadual,fim_regular,fonte_oficial_curada,2007-01-31,2007-01-31,,,FALSE
M2002_GO_7_45690_1369,7,estadual,fim_regular,fonte_oficial_curada,2007-01-31,2007-01-31,,,FALSE
M2002_GO_7_45780_733,7,estadual,fim_regular,fonte_oficial_curada,2007-01-31,2007-01-31,fim_regular,assembleia_inventario,FALSE
M2002_GO_7_65123_557,7,estadual,fim_regular,fonte_oficial_curada,2007-01-31,2007-01-31,,,FALSE
M2002_MT_7_11133_96,7,estadual,fim_regular,fonte_oficial_curada,2007-01-31,2007-01-31,fim_regular,assembleia_inventario,FALSE
M2002_MT_7_13566_244,7,estadual,fim_regular,fonte_oficial_curada,2007-01-31,2007-01-31,,,FALSE
M2002_MT_7_13678_249,7,estadual,fim_regular,fonte_oficial_curada,2007-01-31,2007-01-31,fim_regular,assembleia_inventario,FALSE
M2002_MT_7_14567_537,7,estadual,fim_regular,fonte_oficial_curada,2007-01-31,2007-01-31,,,FALSE
M2002_MT_7_15152_364,7,estadual,fim_regular,fonte_oficial_curada,2007-01-31,2007-01-31,,,FALSE
M2002_MT_7_15555_398,7,estadual,renuncia,fonte_oficial_curada,2006-12-20,2007-01-31,outro,assembleia_inventario,FALSE
M2002_MT_7_15777_368,7,estadual,fim_regular,fonte_oficial_curada,2007-01-31,2007-01-31,,,FALSE
M2002_MT_7_22122_174,7,estadual,fim_regular,fonte_oficial_curada,2007-01-31,2007-01-31,,,FALSE
M2002_MT_7_22123_170,7,estadual,fim_regular,fonte_oficial_curada,2007-01-31,2007-01-31,,,FALSE
M2002_MT_7_23456_134,7,estadual,fim_regular,fonte_oficial_curada,2007-01-31,2007-01-31,,,FALSE
M2002_MT_7_23666_137,7,estadual,fim_regular,fonte_oficial_curada,2007-01-31,2007-01-31,,,FALSE
M2002_MT_7_25000_189,7,estadual,fim_regular,fonte_oficial_curada,2007-01-31,2007-01-31,,,FALSE
M2002_MT_7_25125_191,7,estadual,fim_regular,fonte_oficial_curada,2007-01-31,2007-01-31,,,FALSE
M2002_MT_7_25800_199,7,estadual,fim_regular,fonte_oficial_curada,2007-01-31,2007-01-31,fim_regular,assembleia_inventario,FALSE
M2002_MT_7_33633_181,7,estadual,fim_regular,fonte_oficial_curada,2007-01-31,2007-01-31,fim_regular,assembleia_inventario,FALSE
M2002_MT_7_40040_326,7,estadual,fim_regular,fonte_oficial_curada,2007-01-31,2007-01-31,,,FALSE
M2002_MT_7_40140_307,7,estadual,fim_regular,fonte_oficial_curada,2007-01-31,2007-01-31,fim_regular,assembleia_inventario,FALSE
M2002_MT_7_45000_211,7,estadual,fim_regular,fonte_oficial_curada,2007-01-31,2007-01-31,fim_regular,assembleia_inventario,FALSE
M2002_MT_7_45100_206,7,estadual,fim_regular,fonte_oficial_curada,2007-01-31,2007-01-31,,,FALSE
M2002_MT_7_45111_218,7,estadual,renuncia,fonte_oficial_curada,2006-07-10,2007-01-31,outro,assembleia_inventario,FALSE
M2002_MT_7_45145_213,7,estadual,fim_regular,fonte_oficial_curada,2007-01-31,2007-01-31,fim_regular,assembleia_inventario,FALSE
M2002_MT_7_45163_219,7,estadual,fim_regular,fonte_oficial_curada,2007-01-31,2007-01-31,,,FALSE
M2002_MT_7_45200_209,7,estadual,fim_regular,fonte_oficial_curada,2007-01-31,2007-01-31,fim_regular,assembleia_inventario,FALSE
M2002_MT_7_45645_222,7,estadual,fim_regular,fonte_oficial_curada,2007-01-31,2007-01-31,fim_regular,assembleia_inventario,FALSE
M2002_SC_7_11111_425,7,estadual,fim_regular,fonte_oficial_curada,2007-01-31,2007-01-31,,,FALSE
M2002_SC_7_11135_416,7,estadual,fim_regular,fonte_oficial_curada,2007-01-31,2007-01-31,,,FALSE
M2002_SC_7_11147_427,7,estadual,fim_regular,fonte_oficial_curada,2007-01-31,2007-01-31,,,FALSE
M2002_SC_7_11166_439,7,estadual,fim_regular,fonte_oficial_curada,2007-01-31,2007-01-31,,,FALSE
M2002_SC_7_11222_422,7,estadual,fim_regular,fonte_oficial_curada,2007-01-31,2007-01-31,,,FALSE
M2002_SC_7_11223_413,7,estadual,fim_regular,fonte_oficial_curada,2007-01-31,2007-01-31,,,FALSE
M2002_SC_7_11233_430,7,estadual,fim_regular,fonte_oficial_curada,2007-01-31,2007-01-31,,,FALSE
M2002_SC_7_11234_406,7,estadual,fim_regular,fonte_oficial_curada,2007-01-31,2007-01-31,,,FALSE
M2002_SC_7_11470_423,7,estadual,fim_regular,fonte_oficial_curada,2007-01-31,2007-01-31,,,FALSE
M2002_SC_7_11929_407,7,estadual,fim_regular,fonte_oficial_curada,2007-01-31,2007-01-31,,,FALSE
M2002_SC_7_13030_157,7,estadual,fim_regular,fonte_oficial_curada,2007-01-31,2007-01-31,,,FALSE
M2002_SC_7_13111_174,7,estadual,renuncia,fonte_oficial_curada,2004-12-14,2007-01-31,outro,cargo_incompativel,FALSE
M2002_SC_7_13120_177,7,estadual,fim_regular,fonte_oficial_curada,2007-01-31,2007-01-31,,,FALSE
M2002_SC_7_13131_113,7,estadual,fim_regular,fonte_oficial_curada,2007-01-31,2007-01-31,fim_regular,wikidata,FALSE
M2002_SC_7_13313_117,7,estadual,fim_regular,fonte_oficial_curada,2007-01-31,2007-01-31,,,FALSE
M2002_SC_7_13613_138,7,estadual,fim_regular,fonte_oficial_curada,2007-01-31,2007-01-31,,,FALSE
M2002_SC_7_13699_147,7,estadual,fim_regular,fonte_oficial_curada,2007-01-31,2007-01-31,,,FALSE
M2002_SC_7_13789_130,7,estadual,fim_regular,fonte_oficial_curada,2007-01-31,2007-01-31,,,FALSE
M2002_SC_7_13987_158,7,estadual,fim_regular,fonte_oficial_curada,2007-01-31,2007-01-31,,,FALSE
M2002_SC_7_14104_369,7,estadual,fim_regular,fonte_oficial_curada,2007-01-31,2007-01-31,,,FALSE
M2002_SC_7_14300_373,7,estadual,fim_regular,fonte_oficial_curada,2007-01-31,2007-01-31,,,FALSE
M2002_SC_7_15010_82,7,estadual,fim_regular,fonte_oficial_curada,2007-01-31,2007-01-31,,,FALSE
M2002_SC_7_15180_75,7,estadual,fim_regular,fonte_oficial_curada,2007-01-31,2007-01-31,,,FALSE
M2002_SC_7_15215_70,7,estadual,fim_regular,fonte_oficial_curada,2007-01-31,2007-01-31,,,FALSE
M2002_SC_7_15220_62,7,estadual,fim_regular,fonte_oficial_curada,2007-01-31,2007-01-31,,,FALSE
M2002_SC_7_15270_87,7,estadual,fim_regular,fonte_oficial_curada,2007-01-31,2007-01-31,,,FALSE
M2002_SC_7_15650_60,7,estadual,fim_regular,fonte_oficial_curada,2007-01-31,2007-01-31,,,FALSE
M2002_SC_7_15670_79,7,estadual,fim_regular,fonte_oficial_curada,2007-01-31,2007-01-31,,,FALSE
M2002_SC_7_22333_170,7,estadual,fim_regular,fonte_oficial_curada,2007-01-31,2007-01-31,,,FALSE
M2002_SC_7_25100_458,7,estadual,fim_regular,fonte_oficial_curada,2007-01-31,2007-01-31,,,FALSE
M2002_SC_7_25110_485,7,estadual,fim_regular,fonte_oficial_curada,2007-01-31,2007-01-31,,,FALSE
M2002_SC_7_25111_476,7,estadual,fim_regular,fonte_oficial_curada,2007-01-31,2007-01-31,,,FALSE
M2002_SC_7_25120_451,7,estadual,fim_regular,fonte_oficial_curada,2007-01-31,2007-01-31,,,FALSE
M2002_SC_7_25123_472,7,estadual,renuncia,fonte_oficial_curada,2004-12-14,2007-01-31,outro,cargo_incompativel,FALSE
M2002_SC_7_25200_484,7,estadual,fim_regular,fonte_oficial_curada,2007-01-31,2007-01-31,,,FALSE
M2002_SC_7_25369_461,7,estadual,fim_regular,fonte_oficial_curada,2007-01-31,2007-01-31,,,FALSE
M2002_SC_7_25888_473,7,estadual,renuncia,fonte_oficial_curada,2004-12-14,2007-01-31,outro,cargo_incompativel,FALSE
M2002_SC_7_45123_228,7,estadual,fim_regular,fonte_oficial_curada,2007-01-31,2007-01-31,,,FALSE
M2002_SC_7_45678_254,7,estadual,fim_regular,fonte_oficial_curada,2007-01-31,2007-01-31,,,FALSE
M2002_SC_7_45777_229,7,estadual,fim_regular,fonte_oficial_curada,2007-01-31,2007-01-31,,,FALSE
M2002_TO_7_11000_249,7,estadual,fim_regular,fonte_oficial_curada,2007-01-31,2007-01-31,,,FALSE
M2002_TO_7_11101_281,7,estadual,fim_regular,fonte_oficial_curada,2007-01-31,2007-01-31,,,FALSE
M2002_TO_7_11111_283,7,estadual,fim_regular,fonte_oficial_curada,2007-01-31,2007-01-31,fim_regular,wikidata,FALSE
M2002_TO_7_11234_273,7,estadual,fim_regular,fonte_oficial_curada,2007-01-31,2007-01-31,,,FALSE
M2002_TO_7_13131_327,7,estadual,fim_regular,fonte_oficial_curada,2007-01-31,2007-01-31,,,FALSE
M2002_TO_7_14614_395,7,estadual,fim_regular,fonte_oficial_curada,2007-01-31,2007-01-31,,,FALSE
M2002_TO_7_14666_411,7,estadual,fim_regular,fonte_oficial_curada,2007-01-31,2007-01-31,,,FALSE
M2002_TO_7_15123_111,7,estadual,fim_regular,fonte_oficial_curada,2007-01-31,2007-01-31,,,FALSE
M2002_TO_7_15153_109,7,estadual,renuncia,fonte_oficial_curada,2006-12-31,2007-01-31,,,FALSE
M2002_TO_7_15200_48,7,estadual,fim_regular,fonte_oficial_curada,2007-01-31,2007-01-31,,,FALSE
M2002_TO_7_15700_97,7,estadual,fim_regular,fonte_oficial_curada,2007-01-31,2007-01-31,,,FALSE
M2002_TO_7_22222_272,7,estadual,fim_regular,fonte_oficial_curada,2007-01-31,2007-01-31,,,FALSE
M2002_TO_7_23000_137,7,estadual,fim_regular,fonte_oficial_curada,2007-01-31,2007-01-31,,,FALSE
M2002_TO_7_25111_255,7,estadual,fim_regular,fonte_oficial_curada,2007-01-31,2007-01-31,,,FALSE
M2002_TO_7_25115_257,7,estadual,fim_regular,fonte_oficial_curada,2007-01-31,2007-01-31,,,FALSE
M2002_TO_7_25222_266,7,estadual,fim_regular,fonte_oficial_curada,2007-01-31,2007-01-31,,,FALSE
M2002_TO_7_25225_251,7,estadual,fim_regular,fonte_oficial_curada,2007-01-31,2007-01-31,,,FALSE
M2002_TO_7_25400_250,7,estadual,fim_regular,fonte_oficial_curada,2007-01-31,2007-01-31,,,FALSE
M2002_TO_7_25456_252,7,estadual,fim_regular,fonte_oficial_curada,2007-01-31,2007-01-31,,,FALSE
M2002_TO_7_25700_244,7,estadual,fim_regular,fonte_oficial_curada,2007-01-31,2007-01-31,,,FALSE
M2002_TO_7_45045_168,7,estadual,fim_regular,fonte_oficial_curada,2007-01-31,2007-01-31,,,FALSE
M2002_TO_7_45120_166,7,estadual,fim_regular,fonte_oficial_curada,2007-01-31,2007-01-31,,,FALSE
M2002_TO_7_45555_169,7,estadual,fim_regular,fonte_oficial_curada,2007-01-31,2007-01-31,,,FALSE
M2002_TO_7_45678_180,7,estadual,fim_regular,fonte_oficial_curada,2007-01-31,2007-01-31,,,FALSE
M2006_DF_8_15151_10219,8,estadual,renuncia,fonte_oficial_curada,2007-08-14,2011-01-31,,,FALSE
M2006_DF_8_25222_10306,8,estadual,renuncia,fonte_oficial_curada,2010-03-02,2011-01-31,,,FALSE
M2006_DF_8_25444_10322,8,estadual,renuncia,fonte_oficial_curada,2010-03-02,2011-01-31,,,FALSE
M2006_ES_7_11000_10561,7,estadual,fim_regular,fonte_oficial_curada,2011-01-31,2011-01-31,,,FALSE
M2006_ES_7_12444_10432,7,estadual,fim_regular,fonte_oficial_curada,2011-01-31,2011-01-31,,,FALSE
M2006_ES_7_12450_10433,7,estadual,fim_regular,fonte_oficial_curada,2011-01-31,2011-01-31,,,FALSE
M2006_ES_7_12600_10438,7,estadual,fim_regular,fonte_oficial_curada,2011-01-31,2011-01-31,fim_regular,assembleia_inventario,FALSE
M2006_ES_7_12789_10443,7,estadual,fim_regular,fonte_oficial_curada,2011-01-31,2011-01-31,,,FALSE
M2006_ES_7_13123_10464,7,estadual,renuncia,fonte_oficial_curada,2008-10-05,2011-01-31,outro,cargo_incompativel,FALSE
M2006_ES_7_13456_10476,7,estadual,fim_regular,fonte_oficial_curada,2011-01-31,2011-01-31,,,FALSE
M2006_ES_7_14100_10190,7,estadual,fim_regular,fonte_oficial_curada,2011-01-31,2011-01-31,fim_regular,assembleia_inventario,FALSE
M2006_ES_7_14111_10191,7,estadual,fim_regular,fonte_oficial_curada,2011-01-31,2011-01-31,fim_regular,assembleia_inventario,FALSE
M2006_ES_7_14456_10198,7,estadual,fim_regular,fonte_oficial_curada,2011-01-31,2011-01-31,,,FALSE
M2006_ES_7_14500_10199,7,estadual,fim_regular,fonte_oficial_curada,2011-01-31,2011-01-31,fim_regular,wikidata,FALSE
M2006_ES_7_15311_10218,7,estadual,fim_regular,fonte_oficial_curada,2011-01-31,2011-01-31,,,FALSE
M2006_ES_7_15555_10222,7,estadual,renuncia,fonte_oficial_curada,2008-12-30,2011-01-31,outro,cargo_incompativel,FALSE
M2006_ES_7_15789_10227,7,estadual,fim_regular,fonte_oficial_curada,2011-01-31,2011-01-31,,,FALSE
M2006_ES_7_20000_10070,7,estadual,fim_regular,fonte_oficial_curada,2011-01-31,2011-01-31,,,FALSE
M2006_ES_7_22000_10390,7,estadual,fim_regular,fonte_oficial_curada,2011-01-31,2011-01-31,fim_regular,assembleia_inventario,FALSE
M2006_ES_7_22333_10402,7,estadual,fim_regular,fonte_oficial_curada,2011-01-31,2011-01-31,,,FALSE
M2006_ES_7_25000_10233,7,estadual,fim_regular,fonte_oficial_curada,2011-01-31,2011-01-31,fim_regular,assembleia_inventario,FALSE
M2006_ES_7_25179_10238,7,estadual,fim_regular,fonte_oficial_curada,2011-01-31,2011-01-31,,,FALSE
M2006_ES_7_25800_10243,7,estadual,fim_regular,fonte_oficial_curada,2011-01-31,2011-01-31,fim_regular,assembleia_inventario,FALSE
M2006_ES_7_26123_10314,7,estadual,fim_regular,fonte_oficial_curada,2011-01-31,2011-01-31,fim_regular,assembleia_inventario,FALSE
M2006_ES_7_26555_10328,7,estadual,fim_regular,fonte_oficial_curada,2011-01-31,2011-01-31,,,FALSE
M2006_ES_7_33000_10079,7,estadual,cassacao,fonte_oficial_curada,2008-09-01,2011-01-31,,,FALSE
M2006_ES_7_40123_10484,7,estadual,fim_regular,fonte_oficial_curada,2011-01-31,2011-01-31,,,FALSE
M2006_ES_7_40222_10486,7,estadual,cassacao,fonte_oficial_curada,2010-08-09,2011-01-31,,,FALSE
M2006_ES_7_40240_10487,7,estadual,fim_regular,fonte_oficial_curada,2011-01-31,2011-01-31,,,FALSE
M2006_ES_7_40800_10501,7,estadual,fim_regular,fonte_oficial_curada,2011-01-31,2011-01-31,,,FALSE
M2006_ES_7_44321_10277,7,estadual,renuncia,fonte_oficial_curada,2008-05-26,2011-01-31,,,FALSE
M2006_ES_7_45678_10266,7,estadual,fim_regular,fonte_oficial_curada,2011-01-31,2011-01-31,,,FALSE
M2006_ES_7_70123_10163,7,estadual,fim_regular,fonte_oficial_curada,2011-01-31,2011-01-31,,,FALSE
M2006_GO_7_11116_10301,7,estadual,fim_regular,fonte_oficial_curada,2011-01-31,2011-01-31,,,FALSE
M2006_GO_7_11500_10312,7,estadual,fim_regular,fonte_oficial_curada,2011-01-31,2011-01-31,,,FALSE
M2006_GO_7_12631_10623,7,estadual,fim_regular,fonte_oficial_curada,2011-01-31,2011-01-31,,,FALSE
M2006_GO_7_12644_10625,7,estadual,fim_regular,fonte_oficial_curada,2011-01-31,2011-01-31,,,FALSE
M2006_GO_7_13188_10196,7,estadual,fim_regular,fonte_oficial_curada,2011-01-31,2011-01-31,,,FALSE
M2006_GO_7_13789_10221,7,estadual,fim_regular,fonte_oficial_curada,2011-01-31,2011-01-31,,,FALSE
M2006_GO_7_13800_10222,7,estadual,fim_regular,fonte_oficial_curada,2011-01-31,2011-01-31,,,FALSE
M2006_GO_7_14014_10458,7,estadual,fim_regular,fonte_oficial_curada,2011-01-31,2011-01-31,,,FALSE
M2006_GO_7_14133_10464,7,estadual,fim_regular,fonte_oficial_curada,2011-01-31,2011-01-31,,,FALSE
M2006_GO_7_14190_10470,7,estadual,fim_regular,fonte_oficial_curada,2011-01-31,2011-01-31,,,FALSE
M2006_GO_7_14333_10476,7,estadual,fim_regular,fonte_oficial_curada,2011-01-31,2011-01-31,,,FALSE
M2006_GO_7_15007_10531,7,estadual,fim_regular,fonte_oficial_curada,2011-01-31,2011-01-31,,,FALSE
M2006_GO_7_15015_10533,7,estadual,fim_regular,fonte_oficial_curada,2011-01-31,2011-01-31,,,FALSE
M2006_GO_7_15100_10534,7,estadual,fim_regular,fonte_oficial_curada,2011-01-31,2011-01-31,,,FALSE
M2006_GO_7_15111_10535,7,estadual,fim_regular,fonte_oficial_curada,2011-01-31,2011-01-31,,,FALSE
M2006_GO_7_15123_10540,7,estadual,cassacao,fonte_oficial_curada,2010-12-03,2011-01-31,,,FALSE
M2006_GO_7_15134_10542,7,estadual,fim_regular,fonte_oficial_curada,2011-01-31,2011-01-31,,,FALSE
M2006_GO_7_15135_10543,7,estadual,fim_regular,fonte_oficial_curada,2011-01-31,2011-01-31,,,FALSE
M2006_GO_7_15170_10554,7,estadual,fim_regular,fonte_oficial_curada,2011-01-31,2011-01-31,,,FALSE
M2006_GO_7_15601_10580,7,estadual,fim_regular,fonte_oficial_curada,2011-01-31,2011-01-31,,,FALSE
M2006_GO_7_15678_10585,7,estadual,fim_regular,fonte_oficial_curada,2011-01-31,2011-01-31,,,FALSE
M2006_GO_7_20223_10641,7,estadual,fim_regular,fonte_oficial_curada,2011-01-31,2011-01-31,fim_regular,wikidata,FALSE
M2006_GO_7_22122_10492,7,estadual,fim_regular,fonte_oficial_curada,2011-01-31,2011-01-31,,,FALSE
M2006_GO_7_22222_10498,7,estadual,fim_regular,fonte_oficial_curada,2011-01-31,2011-01-31,,,FALSE
M2006_GO_7_22640_10512,7,estadual,fim_regular,fonte_oficial_curada,2011-01-31,2011-01-31,,,FALSE
M2006_GO_7_22690_10514,7,estadual,fim_regular,fonte_oficial_curada,2011-01-31,2011-01-31,fim_regular,assembleia_inventario,FALSE
M2006_GO_7_25111_10021,7,estadual,fim_regular,fonte_oficial_curada,2011-01-31,2011-01-31,,,FALSE
M2006_GO_7_25555_10031,7,estadual,fim_regular,fonte_oficial_curada,2011-01-31,2011-01-31,,,FALSE
M2006_GO_7_40123_10157,7,estadual,fim_regular,fonte_oficial_curada,2011-01-31,2011-01-31,,,FALSE
M2006_GO_7_45100_10321,7,estadual,fim_regular,fonte_oficial_curada,2011-01-31,2011-01-31,,,FALSE
M2006_GO_7_45123_10323,7,estadual,fim_regular,fonte_oficial_curada,2011-01-31,2011-01-31,,,FALSE
M2006_GO_7_45133_10325,7,estadual,fim_regular,fonte_oficial_curada,2011-01-31,2011-01-31,,,FALSE
M2006_GO_7_45222_10329,7,estadual,fim_regular,fonte_oficial_curada,2011-01-31,2011-01-31,,,FALSE
M2006_GO_7_45321_10330,7,estadual,cassacao,fonte_oficial_curada,2010-07-21,2011-01-31,,,FALSE
M2006_GO_7_45555_10338,7,estadual,fim_regular,fonte_oficial_curada,2011-01-31,2011-01-31,,,FALSE
M2006_GO_7_45600_10340,7,estadual,fim_regular,fonte_oficial_curada,2011-01-31,2011-01-31,,,FALSE
M2006_GO_7_45678_10343,7,estadual,fim_regular,fonte_oficial_curada,2011-01-31,2011-01-31,,,FALSE
M2006_GO_7_45780_10347,7,estadual,fim_regular,fonte_oficial_curada,2011-01-31,2011-01-31,,,FALSE
M2006_GO_7_45800_10349,7,estadual,fim_regular,fonte_oficial_curada,2011-01-31,2011-01-31,,,FALSE
M2006_GO_7_70123_10400,7,estadual,fim_regular,fonte_oficial_curada,2011-01-31,2011-01-31,,,FALSE
M2006_GO_7_70170_10404,7,estadual,fim_regular,fonte_oficial_curada,2011-01-31,2011-01-31,,,FALSE
M2006_MT_7_11011_10059,7,estadual,fim_regular,fonte_oficial_curada,2011-01-31,2011-01-31,fim_regular,assembleia_inventario,FALSE
M2006_MT_7_11222_10067,7,estadual,fim_regular,fonte_oficial_curada,2011-01-31,2011-01-31,,,FALSE
M2006_MT_7_11234_10069,7,estadual,cassacao,fonte_oficial_curada,2010-08-13,2011-01-31,,,FALSE
M2006_MT_7_11777_10074,7,estadual,renuncia,fonte_oficial_curada,2009-05-26,2011-01-31,outro,assembleia_inventario,FALSE
M2006_MT_7_12333_10034,7,estadual,fim_regular,fonte_oficial_curada,2011-01-31,2011-01-31,fim_regular,assembleia_inventario,FALSE
M2006_MT_7_13000_10221,7,estadual,fim_regular,fonte_oficial_curada,2011-01-31,2011-01-31,,,FALSE
M2006_MT_7_13566_10231,7,estadual,fim_regular,fonte_oficial_curada,2011-01-31,2011-01-31,,,FALSE
M2006_MT_7_14789_10262,7,estadual,renuncia,fonte_oficial_curada,2008-12-16,2011-01-31,outro,cargo_incompativel,FALSE
M2006_MT_7_15015_10296,7,estadual,cassacao,fonte_oficial_curada,2008-06-11,2011-01-31,,,FALSE
M2006_MT_7_15152_10299,7,estadual,renuncia,fonte_oficial_curada,2008-12-18,2011-01-31,outro,cargo_incompativel,FALSE
M2006_MT_7_15200_10303,7,estadual,renuncia,fonte_oficial_curada,2008-12-16,2011-01-31,outro,cargo_incompativel,FALSE
M2006_MT_7_15456_10361,7,estadual,fim_regular,fonte_oficial_curada,2011-01-31,2011-01-31,,,FALSE
M2006_MT_7_23023_10338,7,estadual,fim_regular,fonte_oficial_curada,2011-01-31,2011-01-31,,,FALSE
M2006_MT_7_23040_10171,7,estadual,fim_regular,fonte_oficial_curada,2011-01-31,2011-01-31,,,FALSE
M2006_MT_7_23123_10174,7,estadual,fim_regular,fonte_oficial_curada,2011-01-31,2011-01-31,,,FALSE
M2006_MT_7_23444_10180,7,estadual,fim_regular,fonte_oficial_curada,2011-01-31,2011-01-31,,,FALSE
M2006_MT_7_23666_10184,7,estadual,fim_regular,fonte_oficial_curada,2011-01-31,2011-01-31,,,FALSE
M2006_MT_7_25105_10328,7,estadual,fim_regular,fonte_oficial_curada,2011-01-31,2011-01-31,,,FALSE
M2006_MT_7_25123_10335,7,estadual,fim_regular,fonte_oficial_curada,2011-01-31,2011-01-31,,,FALSE
M2006_MT_7_25125_10325,7,estadual,fim_regular,fonte_oficial_curada,2011-01-31,2011-01-31,fim_regular,assembleia_inventario,FALSE
M2006_MT_7_25150_10324,7,estadual,renuncia,fonte_oficial_curada,2007-12-11,2011-01-31,outro,assembleia_inventario,FALSE
M2006_MT_7_25456_10330,7,estadual,fim_regular,fonte_oficial_curada,2011-01-31,2011-01-31,,,FALSE
M2006_MT_7_45000_10204,7,estadual,fim_regular,fonte_oficial_curada,2011-01-31,2011-01-31,,,FALSE
M2006_MT_7_45678_10209,7,estadual,fim_regular,fonte_oficial_curada,2011-01-31,2011-01-31,fim_regular,assembleia_inventario,FALSE
M2006_PA_7_10123_10512,7,estadual,fim_regular,fonte_oficial_curada,2011-01-31,2011-01-31,,,FALSE
M2006_PA_7_11110_10658,7,estadual,fim_regular,fonte_oficial_curada,2011-01-31,2011-01-31,,,FALSE
M2006_PA_7_12345_10707,7,estadual,fim_regular,fonte_oficial_curada,2011-01-31,2011-01-31,,,FALSE
M2006_PA_7_12456_10711,7,estadual,fim_regular,fonte_oficial_curada,2011-01-31,2011-01-31,,,FALSE
M2006_PA_7_13103_10518,7,estadual,fim_regular,fonte_oficial_curada,2011-01-31,2011-01-31,,,FALSE
M2006_PA_7_13130_10520,7,estadual,fim_regular,fonte_oficial_curada,2011-01-31,2011-01-31,,,FALSE
M2006_PA_7_13131_10521,7,estadual,fim_regular,fonte_oficial_curada,2011-01-31,2011-01-31,,,FALSE
M2006_PA_7_13133_10522,7,estadual,fim_regular,fonte_oficial_curada,2011-01-31,2011-01-31,,,FALSE
M2006_PA_7_13280_10525,7,estadual,fim_regular,fonte_oficial_curada,2011-01-31,2011-01-31,,,FALSE
M2006_PA_7_13611_10535,7,estadual,fim_regular,fonte_oficial_curada,2011-01-31,2011-01-31,,,FALSE
M2006_PA_7_14123_10135,7,estadual,fim_regular,fonte_oficial_curada,2011-01-31,2011-01-31,,,FALSE
M2006_PA_7_14444_10147,7,estadual,fim_regular,fonte_oficial_curada,2011-01-31,2011-01-31,,,FALSE
M2006_PA_7_14500_10149,7,estadual,fim_regular,fonte_oficial_curada,2011-01-31,2011-01-31,,,FALSE
M2006_PA_7_14999_10165,7,estadual,fim_regular,fonte_oficial_curada,2011-01-31,2011-01-31,,,FALSE
M2006_PA_7_15177_10436,7,estadual,fim_regular,fonte_oficial_curada,2011-01-31,2011-01-31,,,FALSE
M2006_PA_7_15195_10439,7,estadual,fim_regular,fonte_oficial_curada,2011-01-31,2011-01-31,,,FALSE
M2006_PA_7_15555_10448,7,estadual,fim_regular,fonte_oficial_curada,2011-01-31,2011-01-31,fim_regular,wikidata,FALSE
M2006_PA_7_15888_10454,7,estadual,fim_regular,fonte_oficial_curada,2011-01-31,2011-01-31,,,FALSE
M2006_PA_7_20000_10456,7,estadual,fim_regular,fonte_oficial_curada,2011-01-31,2011-01-31,,,FALSE
M2006_PA_7_22111_10066,7,estadual,fim_regular,fonte_oficial_curada,2011-01-31,2011-01-31,,,FALSE
M2006_PA_7_22345_10077,7,estadual,fim_regular,fonte_oficial_curada,2011-01-31,2011-01-31,,,FALSE
M2006_PA_7_23150_10492,7,estadual,fim_regular,fonte_oficial_curada,2011-01-31,2011-01-31,,,FALSE
M2006_PA_7_23623_10615,7,estadual,fim_regular,fonte_oficial_curada,2011-01-31,2011-01-31,,,FALSE
M2006_PA_7_25123_10097,7,estadual,fim_regular,fonte_oficial_curada,2011-01-31,2011-01-31,fim_regular,wikidata,FALSE
M2006_PA_7_25456_10101,7,estadual,fim_regular,fonte_oficial_curada,2011-01-31,2011-01-31,,,FALSE
M2006_PA_7_25800_10105,7,estadual,fim_regular,fonte_oficial_curada,2011-01-31,2011-01-31,,,FALSE
M2006_PA_7_40111_10358,7,estadual,fim_regular,fonte_oficial_curada,2011-01-31,2011-01-31,,,FALSE
M2006_PA_7_43120_10196,7,estadual,fim_regular,fonte_oficial_curada,2011-01-31,2011-01-31,,,FALSE
M2006_PA_7_43456_10208,7,estadual,fim_regular,fonte_oficial_curada,2011-01-31,2011-01-31,,,FALSE
M2006_PA_7_45045_10287,7,estadual,fim_regular,fonte_oficial_curada,2011-01-31,2011-01-31,,,FALSE
M2006_PA_7_45123_10290,7,estadual,fim_regular,fonte_oficial_curada,2011-01-31,2011-01-31,,,FALSE
M2006_PA_7_45130_10291,7,estadual,fim_regular,fonte_oficial_curada,2011-01-31,2011-01-31,,,FALSE
M2006_PA_7_45145_10292,7,estadual,fim_regular,fonte_oficial_curada,2011-01-31,2011-01-31,,,FALSE
M2006_PA_7_45222_10295,7,estadual,fim_regular,fonte_oficial_curada,2011-01-31,2011-01-31,,,FALSE
M2006_PA_7_45451_10299,7,estadual,fim_regular,fonte_oficial_curada,2011-01-31,2011-01-31,fim_regular,wikidata,FALSE
M2006_PA_7_45612_10303,7,estadual,fim_regular,fonte_oficial_curada,2011-01-31,2011-01-31,,,FALSE
M2006_PA_7_45678_10307,7,estadual,fim_regular,fonte_oficial_curada,2011-01-31,2011-01-31,,,FALSE
M2006_PA_7_45800_10309,7,estadual,fim_regular,fonte_oficial_curada,2011-01-31,2011-01-31,,,FALSE
M2006_SC_7_11111_10479,7,estadual,fim_regular,fonte_oficial_curada,2011-01-31,2011-01-31,,,FALSE
M2006_SC_7_11166_10488,7,estadual,fim_regular,fonte_oficial_curada,2011-01-31,2011-01-31,,,FALSE
M2006_SC_7_11223_10493,7,estadual,fim_regular,fonte_oficial_curada,2011-01-31,2011-01-31,,,FALSE
M2006_SC_7_11233_10494,7,estadual,fim_regular,fonte_oficial_curada,2011-01-31,2011-01-31,,,FALSE
M2006_SC_7_11311_10496,7,estadual,fim_regular,fonte_oficial_curada,2011-01-31,2011-01-31,,,FALSE
M2006_SC_7_11611_10505,7,estadual,renuncia,fonte_oficial_curada,2008-12-17,2011-01-31,outro,cargo_incompativel,FALSE
M2006_SC_7_12000_10416,7,estadual,fim_regular,fonte_oficial_curada,2011-01-31,2011-01-31,,,FALSE
M2006_SC_7_12580_10429,7,estadual,fim_regular,fonte_oficial_curada,2011-01-31,2011-01-31,,,FALSE
M2006_SC_7_13000_10224,7,estadual,fim_regular,fonte_oficial_curada,2011-01-31,2011-01-31,,,FALSE
M2006_SC_7_13313_10240,7,estadual,fim_regular,fonte_oficial_curada,2011-01-31,2011-01-31,,,FALSE
M2006_SC_7_13450_10243,7,estadual,fim_regular,fonte_oficial_curada,2011-01-31,2011-01-31,,,FALSE
M2006_SC_7_13470_10245,7,estadual,fim_regular,fonte_oficial_curada,2011-01-31,2011-01-31,,,FALSE
M2006_SC_7_13580_10248,7,estadual,fim_regular,fonte_oficial_curada,2011-01-31,2011-01-31,,,FALSE
M2006_SC_7_13987_10257,7,estadual,fim_regular,fonte_oficial_curada,2011-01-31,2011-01-31,,,FALSE
M2006_SC_7_14104_10316,7,estadual,fim_regular,fonte_oficial_curada,2011-01-31,2011-01-31,,,FALSE
M2006_SC_7_15010_10031,7,estadual,fim_regular,fonte_oficial_curada,2011-01-31,2011-01-31,,,FALSE
M2006_SC_7_15015_10032,7,estadual,fim_regular,fonte_oficial_curada,2011-01-31,2011-01-31,,,FALSE
M2006_SC_7_15109_10034,7,estadual,fim_regular,fonte_oficial_curada,2011-01-31,2011-01-31,,,FALSE
M2006_SC_7_15157_10040,7,estadual,fim_regular,fonte_oficial_curada,2011-01-31,2011-01-31,,,FALSE
M2006_SC_7_15180_10041,7,estadual,fim_regular,fonte_oficial_curada,2011-01-31,2011-01-31,,,FALSE
M2006_SC_7_15215_10044,7,estadual,renuncia,fonte_oficial_curada,2007-11-01,2011-01-31,,,FALSE
M2006_SC_7_15220_10045,7,estadual,renuncia,fonte_oficial_curada,2009-07-15,2011-01-31,,,FALSE
M2006_SC_7_15270_10046,7,estadual,fim_regular,fonte_oficial_curada,2011-01-31,2011-01-31,,,FALSE
M2006_SC_7_15321_10050,7,estadual,fim_regular,fonte_oficial_curada,2011-01-31,2011-01-31,,,FALSE
M2006_SC_7_15650_10062,7,estadual,fim_regular,fonte_oficial_curada,2011-01-31,2011-01-31,,,FALSE
M2006_SC_7_15700_10066,7,estadual,fim_regular,fonte_oficial_curada,2011-01-31,2011-01-31,,,FALSE
M2006_SC_7_22222_10271,7,estadual,fim_regular,fonte_oficial_curada,2011-01-31,2011-01-31,,,FALSE
M2006_SC_7_23122_10366,7,estadual,fim_regular,fonte_oficial_curada,2011-01-31,2011-01-31,,,FALSE
M2006_SC_7_25000_10073,7,estadual,fim_regular,fonte_oficial_curada,2011-01-31,2011-01-31,,,FALSE
M2006_SC_7_25100_10078,7,estadual,fim_regular,fonte_oficial_curada,2011-01-31,2011-01-31,,,FALSE
M2006_SC_7_25111_10079,7,estadual,renuncia,fonte_oficial_curada,2009-08-19,2011-01-31,,,FALSE
M2006_SC_7_25123_10081,7,estadual,fim_regular,fonte_oficial_curada,2011-01-31,2011-01-31,,,FALSE
M2006_SC_7_25200_10082,7,estadual,fim_regular,fonte_oficial_curada,2011-01-31,2011-01-31,,,FALSE
M2006_SC_7_25605_10086,7,estadual,fim_regular,fonte_oficial_curada,2011-01-31,2011-01-31,,,FALSE
M2006_SC_7_45110_10159,7,estadual,renuncia,fonte_oficial_curada,2008-12-22,2011-01-31,outro,cargo_incompativel,FALSE
M2006_SC_7_45123_10162,7,estadual,fim_regular,fonte_oficial_curada,2011-01-31,2011-01-31,,,FALSE
M2006_SC_7_45222_10164,7,estadual,fim_regular,fonte_oficial_curada,2011-01-31,2011-01-31,,,FALSE
M2006_SC_7_45678_10175,7,estadual,fim_regular,fonte_oficial_curada,2011-01-31,2011-01-31,,,FALSE
M2006_SC_7_45699_10179,7,estadual,fim_regular,fonte_oficial_curada,2011-01-31,2011-01-31,,,FALSE
M2006_SC_7_45777_10180,7,estadual,fim_regular,fonte_oficial_curada,2011-01-31,2011-01-31,,,FALSE
M2006_TO_7_11000_10149,7,estadual,fim_regular,fonte_oficial_curada,2011-01-31,2011-01-31,,,FALSE
M2006_TO_7_11610_10158,7,estadual,fim_regular,fonte_oficial_curada,2011-01-31,2011-01-31,,,FALSE
M2006_TO_7_12120_10332,7,estadual,fim_regular,fonte_oficial_curada,2011-01-31,2011-01-31,,,FALSE
M2006_TO_7_13300_10251,7,estadual,fim_regular,fonte_oficial_curada,2011-01-31,2011-01-31,,,FALSE
M2006_TO_7_13400_10237,7,estadual,fim_regular,fonte_oficial_curada,2011-01-31,2011-01-31,,,FALSE
M2006_TO_7_14000_10020,7,estadual,fim_regular,fonte_oficial_curada,2011-01-31,2011-01-31,,,FALSE
M2006_TO_7_15000_10434,7,estadual,fim_regular,fonte_oficial_curada,2011-01-31,2011-01-31,,,FALSE
M2006_TO_7_15123_10442,7,estadual,fim_regular,fonte_oficial_curada,2011-01-31,2011-01-31,,,FALSE
M2006_TO_7_15153_10446,7,estadual,fim_regular,fonte_oficial_curada,2011-01-31,2011-01-31,,,FALSE
M2006_TO_7_15222_10447,7,estadual,fim_regular,fonte_oficial_curada,2011-01-31,2011-01-31,,,FALSE
M2006_TO_7_15333_10450,7,estadual,renuncia,fonte_oficial_curada,2009-10-08,2011-01-31,,,FALSE
M2006_TO_7_15700_10460,7,estadual,fim_regular,fonte_oficial_curada,2011-01-31,2011-01-31,,,FALSE
M2006_TO_7_20222_10060,7,estadual,fim_regular,fonte_oficial_curada,2011-01-31,2011-01-31,,,FALSE
M2006_TO_7_22022_10161,7,estadual,fim_regular,fonte_oficial_curada,2011-01-31,2011-01-31,,,FALSE
M2006_TO_7_22111_10163,7,estadual,renuncia,fonte_oficial_curada,2008-12-31,2011-01-31,outro,cargo_incompativel,FALSE
M2006_TO_7_22333_10178,7,estadual,fim_regular,fonte_oficial_curada,2011-01-31,2011-01-31,fim_regular,wikidata,FALSE
M2006_TO_7_23222_10288,7,estadual,fim_regular,fonte_oficial_curada,2011-01-31,2011-01-31,,,FALSE
M2006_TO_7_25123_10406,7,estadual,fim_regular,fonte_oficial_curada,2011-01-31,2011-01-31,,,FALSE
M2006_TO_7_25225_10412,7,estadual,fim_regular,fonte_oficial_curada,2011-01-31,2011-01-31,,,FALSE
M2006_TO_7_25400_10420,7,estadual,fim_regular,fonte_oficial_curada,2011-01-31,2011-01-31,,,FALSE
M2006_TO_7_25678_10426,7,estadual,renuncia,fonte_oficial_curada,2008-12-31,2011-01-31,outro,cargo_incompativel,FALSE
M2006_TO_7_43123_10107,7,estadual,fim_regular,fonte_oficial_curada,2011-01-31,2011-01-31,,,FALSE
M2006_TO_7_45115_10122,7,estadual,fim_regular,fonte_oficial_curada,2011-01-31,2011-01-31,,,FALSE
M2006_TO_7_45555_10133,7,estadual,fim_regular,fonte_oficial_curada,2011-01-31,2011-01-31,,,FALSE
M2010_DF_8_25100_70000001121,8,estadual,cassacao,fonte_oficial_curada,2013-11-04,2015-01-31,,,FALSE
M2010_ES_7_12100_80000000563,7,estadual,fim_regular,fonte_oficial_curada,2015-01-31,2015-01-31,,,FALSE
M2010_ES_7_12345_80000000559,7,estadual,fim_regular,fonte_oficial_curada,2015-01-31,2015-01-31,fim_regular,assembleia_inventario,FALSE
M2010_ES_7_12500_80000000561,7,estadual,renuncia,fonte_oficial_curada,2012-12-26,2015-01-31,outro,assembleia_inventario,FALSE
M2010_ES_7_12600_80000000554,7,estadual,fim_regular,fonte_oficial_curada,2015-01-31,2015-01-31,,,FALSE
M2010_ES_7_13013_80000000518,7,estadual,fim_regular,fonte_oficial_curada,2015-01-31,2015-01-31,,,FALSE
M2010_ES_7_13120_80000000503,7,estadual,fim_regular,fonte_oficial_curada,2015-01-31,2015-01-31,fim_regular,assembleia_inventario,FALSE
M2010_ES_7_13130_80000000484,7,estadual,fim_regular,fonte_oficial_curada,2015-01-31,2015-01-31,fim_regular,assembleia_inventario,FALSE
M2010_ES_7_13456_80000000471,7,estadual,fim_regular,fonte_oficial_curada,2015-01-31,2015-01-31,,,FALSE
M2010_ES_7_14014_80000000356,7,estadual,fim_regular,fonte_oficial_curada,2015-01-31,2015-01-31,fim_regular,assembleia_inventario,FALSE
M2010_ES_7_15100_80000000487,7,estadual,fim_regular,fonte_oficial_curada,2015-01-31,2015-01-31,,,FALSE
M2010_ES_7_15123_80000000462,7,estadual,fim_regular,fonte_oficial_curada,2015-01-31,2015-01-31,,,FALSE
M2010_ES_7_15311_80000000524,7,estadual,renuncia,fonte_oficial_curada,2013-11-06,2015-01-31,outro,assembleia_inventario,FALSE
M2010_ES_7_15500_80000000507,7,estadual,fim_regular,fonte_oficial_curada,2015-01-31,2015-01-31,fim_regular,wikidata,FALSE
M2010_ES_7_15678_80000000525,7,estadual,fim_regular,fonte_oficial_curada,2015-01-31,2015-01-31,fim_regular,assembleia_inventario,FALSE
M2010_ES_7_22000_80000000058,7,estadual,fim_regular,fonte_oficial_curada,2015-01-31,2015-01-31,,,FALSE
M2010_ES_7_22300_80000000023,7,estadual,fim_regular,fonte_oficial_curada,2015-01-31,2015-01-31,fim_regular,assembleia_inventario,FALSE
M2010_ES_7_22345_80000000024,7,estadual,falecimento,fonte_oficial_curada,2014-08-21,2015-01-31,outro,assembleia_inventario,FALSE
M2010_ES_7_22444_80000000026,7,estadual,fim_regular,fonte_oficial_curada,2015-01-31,2015-01-31,fim_regular,assembleia_inventario,FALSE
M2010_ES_7_23123_80000000633,7,estadual,renuncia,fonte_oficial_curada,2013-01-01,2015-01-31,outro,assembleia_inventario,FALSE
M2010_ES_7_25000_80000000404,7,estadual,fim_regular,fonte_oficial_curada,2015-01-31,2015-01-31,,,FALSE
M2010_ES_7_25025_80000000427,7,estadual,renuncia,fonte_oficial_curada,2013-01-01,2015-01-31,outro,assembleia_inventario,FALSE
M2010_ES_7_25100_80000000431,7,estadual,fim_regular,fonte_oficial_curada,2015-01-31,2015-01-31,,,FALSE
M2010_ES_7_25222_80000000735,7,estadual,renuncia,fonte_oficial_curada,2013-01-01,2015-01-31,outro,assembleia_inventario,FALSE
M2010_ES_7_25800_80000000402,7,estadual,fim_regular,fonte_oficial_curada,2015-01-31,2015-01-31,,,FALSE
M2010_ES_7_40100_80000000499,7,estadual,fim_regular,fonte_oficial_curada,2015-01-31,2015-01-31,,,FALSE
M2010_ES_7_40123_80000000521,7,estadual,renuncia,fonte_oficial_curada,2012-03-19,2015-01-31,,,FALSE
M2010_ES_7_43123_80000000315,7,estadual,fim_regular,fonte_oficial_curada,2015-01-31,2015-01-31,fim_regular,assembleia_inventario,FALSE
M2010_ES_7_43456_80000000286,7,estadual,fim_regular,fonte_oficial_curada,2015-01-31,2015-01-31,fim_regular,assembleia_inventario,FALSE
M2010_ES_7_44569_80000000220,7,estadual,fim_regular,fonte_oficial_curada,2015-01-31,2015-01-31,,,FALSE
M2010_ES_7_44789_80000000229,7,estadual,renuncia,fonte_oficial_curada,2013-01-01,2015-01-31,outro,assembleia_inventario,FALSE
M2010_GO_7_10190_90000000658,7,estadual,fim_regular,fonte_oficial_curada,2015-01-31,2015-01-31,fim_regular,assembleia_inventario,FALSE
M2010_GO_7_11234_90000000497,7,estadual,renuncia,fonte_oficial_curada,2012-12-31,2015-01-31,outro,cargo_incompativel,FALSE
M2010_GO_7_12345_90000000263,7,estadual,fim_regular,fonte_oficial_curada,2015-01-31,2015-01-31,,,FALSE
M2010_GO_7_12631_90000000272,7,estadual,renuncia,fonte_oficial_curada,2012-12-31,2015-01-31,outro,cargo_incompativel,FALSE
M2010_GO_7_12640_90000000247,7,estadual,fim_regular,fonte_oficial_curada,2015-01-31,2015-01-31,,,FALSE
M2010_GO_7_13188_90000000345,7,estadual,fim_regular,fonte_oficial_curada,2015-01-31,2015-01-31,,,FALSE
M2010_GO_7_13230_90000000343,7,estadual,fim_regular,fonte_oficial_curada,2015-01-31,2015-01-31,,,FALSE
M2010_GO_7_13789_90000000349,7,estadual,fim_regular,fonte_oficial_curada,2015-01-31,2015-01-31,,,FALSE
M2010_GO_7_13800_90000000341,7,estadual,fim_regular,fonte_oficial_curada,2015-01-31,2015-01-31,,,FALSE
M2010_GO_7_14040_90000000314,7,estadual,renuncia,fonte_oficial_curada,2012-12-31,2015-01-31,outro,cargo_incompativel,FALSE
M2010_GO_7_14141_90000000304,7,estadual,fim_regular,fonte_oficial_curada,2015-01-31,2015-01-31,,,FALSE
M2010_GO_7_14333_90000000295,7,estadual,renuncia,fonte_oficial_curada,2012-12-31,2015-01-31,outro,cargo_incompativel,FALSE
M2010_GO_7_14800_90000000318,7,estadual,fim_regular,fonte_oficial_curada,2015-01-31,2015-01-31,,,FALSE
M2010_GO_7_15010_90000000682,7,estadual,fim_regular,fonte_oficial_curada,2015-01-31,2015-01-31,,,FALSE
M2010_GO_7_15015_90000000708,7,estadual,fim_regular,fonte_oficial_curada,2015-01-31,2015-01-31,,,FALSE
M2010_GO_7_15100_90000000694,7,estadual,fim_regular,fonte_oficial_curada,2015-01-31,2015-01-31,,,FALSE
M2010_GO_7_15200_90000000713,7,estadual,fim_regular,fonte_oficial_curada,2015-01-31,2015-01-31,,,FALSE
M2010_GO_7_15215_90000000687,7,estadual,fim_regular,fonte_oficial_curada,2015-01-31,2015-01-31,,,FALSE
M2010_GO_7_15601_90000000702,7,estadual,fim_regular,fonte_oficial_curada,2015-01-31,2015-01-31,,,FALSE
M2010_GO_7_15700_90000000679,7,estadual,fim_regular,fonte_oficial_curada,2015-01-31,2015-01-31,,,FALSE
M2010_GO_7_15888_90000000700,7,estadual,fim_regular,fonte_oficial_curada,2015-01-31,2015-01-31,,,FALSE
M2010_GO_7_19000_90000000531,7,estadual,fim_regular,fonte_oficial_curada,2015-01-31,2015-01-31,,,FALSE
M2010_GO_7_19456_90000000532,7,estadual,fim_regular,fonte_oficial_curada,2015-01-31,2015-01-31,,,FALSE
M2010_GO_7_20013_90000000229,7,estadual,fim_regular,fonte_oficial_curada,2015-01-31,2015-01-31,,,FALSE
M2010_GO_7_22122_90000000514,7,estadual,fim_regular,fonte_oficial_curada,2015-01-31,2015-01-31,,,FALSE
M2010_GO_7_22456_90000000483,7,estadual,fim_regular,fonte_oficial_curada,2015-01-31,2015-01-31,,,FALSE
M2010_GO_7_22690_90000000492,7,estadual,fim_regular,fonte_oficial_curada,2015-01-31,2015-01-31,,,FALSE
M2010_GO_7_23145_90000000725,7,estadual,fim_regular,fonte_oficial_curada,2015-01-31,2015-01-31,,,FALSE
M2010_GO_7_25111_90000000051,7,estadual,fim_regular,fonte_oficial_curada,2015-01-31,2015-01-31,,,FALSE
M2010_GO_7_25555_90000000068,7,estadual,renuncia,fonte_oficial_curada,2013-04-04,2015-01-31,,,FALSE
M2010_GO_7_28123_90000000651,7,estadual,fim_regular,fonte_oficial_curada,2015-01-31,2015-01-31,,,FALSE
M2010_GO_7_33789_90000000015,7,estadual,fim_regular,fonte_oficial_curada,2015-01-31,2015-01-31,,,FALSE
M2010_GO_7_45100_90000000073,7,estadual,fim_regular,fonte_oficial_curada,2015-01-31,2015-01-31,,,FALSE
M2010_GO_7_45123_90000000048,7,estadual,fim_regular,fonte_oficial_curada,2015-01-31,2015-01-31,,,FALSE
M2010_GO_7_45222_90000000057,7,estadual,renuncia,fonte_oficial_curada,2012-12-31,2015-01-31,outro,cargo_incompativel,FALSE
M2010_GO_7_45555_90000000050,7,estadual,renuncia,fonte_oficial_curada,2014-09-05,2015-01-31,,,FALSE
M2010_GO_7_45645_90000000072,7,estadual,fim_regular,fonte_oficial_curada,2015-01-31,2015-01-31,,,FALSE
M2010_GO_7_45690_90000000042,7,estadual,fim_regular,fonte_oficial_curada,2015-01-31,2015-01-31,,,FALSE
M2010_GO_7_45745_90000000060,7,estadual,renuncia,fonte_oficial_curada,2012-12-31,2015-01-31,outro,cargo_incompativel,FALSE
M2010_GO_7_45780_90000000039,7,estadual,fim_regular,fonte_oficial_curada,2015-01-31,2015-01-31,,,FALSE
M2010_GO_7_70777_90000000729,7,estadual,fim_regular,fonte_oficial_curada,2015-01-31,2015-01-31,,,FALSE
M2010_MT_7_11015_110000000303,7,estadual,falecimento,fonte_oficial_curada,2014-12-09,2015-01-31,,,FALSE
M2010_MT_7_11211_110000000318,7,estadual,fim_regular,fonte_oficial_curada,2015-01-31,2015-01-31,fim_regular,assembleia_inventario,FALSE
M2010_MT_7_11222_110000000461,7,estadual,fim_regular,fonte_oficial_curada,2015-01-31,2015-01-31,fim_regular,assembleia_inventario,FALSE
M2010_MT_7_11234_110000000313,7,estadual,fim_regular,fonte_oficial_curada,2015-01-31,2015-01-31,,,FALSE
M2010_MT_7_11456_110000000298,7,estadual,fim_regular,fonte_oficial_curada,2015-01-31,2015-01-31,fim_regular,assembleia_inventario,FALSE
M2010_MT_7_12345_110000000577,7,estadual,fim_regular,fonte_oficial_curada,2015-01-31,2015-01-31,,,FALSE
M2010_MT_7_13000_110000000132,7,estadual,fim_regular,fonte_oficial_curada,2015-01-31,2015-01-31,,,FALSE
M2010_MT_7_14650_110000000380,7,estadual,fim_regular,fonte_oficial_curada,2015-01-31,2015-01-31,fim_regular,assembleia_inventario,FALSE
M2010_MT_7_15000_110000000130,7,estadual,renuncia,fonte_oficial_curada,2012-12-31,2015-01-31,outro,cargo_incompativel,FALSE
M2010_MT_7_15015_110000000100,7,estadual,fim_regular,fonte_oficial_curada,2015-01-31,2015-01-31,fim_regular,assembleia_inventario,FALSE
M2010_MT_7_15123_110000000116,7,estadual,renuncia,fonte_oficial_curada,2012-12-31,2015-01-31,outro,cargo_incompativel,FALSE
M2010_MT_7_15151_110000000145,7,estadual,fim_regular,fonte_oficial_curada,2015-01-31,2015-01-31,,,FALSE
M2010_MT_7_15200_110000000110,7,estadual,fim_regular,fonte_oficial_curada,2015-01-31,2015-01-31,,,FALSE
M2010_MT_7_22022_110000000124,7,estadual,fim_regular,fonte_oficial_curada,2015-01-31,2015-01-31,,,FALSE
M2010_MT_7_22040_110000000114,7,estadual,fim_regular,fonte_oficial_curada,2015-01-31,2015-01-31,,,FALSE
M2010_MT_7_22123_110000000454,7,estadual,fim_regular,fonte_oficial_curada,2015-01-31,2015-01-31,fim_regular,assembleia_inventario,FALSE
M2010_MT_7_22333_110000000118,7,estadual,renuncia,fonte_oficial_curada,2012-05-15,2015-01-31,outro,assembleia_inventario,FALSE
M2010_MT_7_22666_110000000109,7,estadual,fim_regular,fonte_oficial_curada,2015-01-31,2015-01-31,fim_regular,assembleia_inventario,FALSE
M2010_MT_7_22999_110000000455,7,estadual,fim_regular,fonte_oficial_curada,2015-01-31,2015-01-31,,,FALSE
M2010_MT_7_23123_110000000487,7,estadual,renuncia,fonte_oficial_curada,2012-12-31,2015-01-31,outro,cargo_incompativel,FALSE
M2010_MT_7_25125_110000000046,7,estadual,fim_regular,fonte_oficial_curada,2015-01-31,2015-01-31,,,FALSE
M2010_MT_7_25456_110000000057,7,estadual,fim_regular,fonte_oficial_curada,2015-01-31,2015-01-31,,,FALSE
M2010_MT_7_40300_110000000195,7,estadual,fim_regular,fonte_oficial_curada,2015-01-31,2015-01-31,,,FALSE
M2010_MT_7_45000_110000000077,7,estadual,fim_regular,fonte_oficial_curada,2015-01-31,2015-01-31,,,FALSE
M2010_PA_7_10147_140000000285,7,estadual,fim_regular,fonte_oficial_curada,2015-01-31,2015-01-31,,,FALSE
M2010_PA_7_11222_140000000663,7,estadual,fim_regular,fonte_oficial_curada,2015-01-31,2015-01-31,,,FALSE
M2010_PA_7_12222_140000000472,7,estadual,fim_regular,fonte_oficial_curada,2015-01-31,2015-01-31,,,FALSE
M2010_PA_7_12345_140000000454,7,estadual,fim_regular,fonte_oficial_curada,2015-01-31,2015-01-31,,,FALSE
M2010_PA_7_13100_140000000668,7,estadual,fim_regular,fonte_oficial_curada,2015-01-31,2015-01-31,,,FALSE
M2010_PA_7_13103_140000000677,7,estadual,fim_regular,fonte_oficial_curada,2015-01-31,2015-01-31,,,FALSE
M2010_PA_7_13130_140000000637,7,estadual,fim_regular,fonte_oficial_curada,2015-01-31,2015-01-31,,,FALSE
M2010_PA_7_13131_140000000655,7,estadual,fim_regular,fonte_oficial_curada,2015-01-31,2015-01-31,,,FALSE
M2010_PA_7_13133_140000000636,7,estadual,fim_regular,fonte_oficial_curada,2015-01-31,2015-01-31,,,FALSE
M2010_PA_7_13310_140000000643,7,estadual,fim_regular,fonte_oficial_curada,2015-01-31,2015-01-31,fim_regular,wikidata,FALSE
M2010_PA_7_13500_140000000631,7,estadual,fim_regular,fonte_oficial_curada,2015-01-31,2015-01-31,,,FALSE
M2010_PA_7_14444_140000000163,7,estadual,fim_regular,fonte_oficial_curada,2015-01-31,2015-01-31,,,FALSE
M2010_PA_7_14500_140000000166,7,estadual,fim_regular,fonte_oficial_curada,2015-01-31,2015-01-31,,,FALSE
M2010_PA_7_14780_140000000175,7,estadual,fim_regular,fonte_oficial_curada,2015-01-31,2015-01-31,,,FALSE
M2010_PA_7_15007_140000000231,7,estadual,fim_regular,fonte_oficial_curada,2015-01-31,2015-01-31,,,FALSE
M2010_PA_7_15100_140000000230,7,estadual,fim_regular,fonte_oficial_curada,2015-01-31,2015-01-31,,,FALSE
M2010_PA_7_15195_140000000206,7,estadual,fim_regular,fonte_oficial_curada,2015-01-31,2015-01-31,,,FALSE
M2010_PA_7_15456_140000000228,7,estadual,fim_regular,fonte_oficial_curada,2015-01-31,2015-01-31,,,FALSE
M2010_PA_7_15555_140000000213,7,estadual,fim_regular,fonte_oficial_curada,2015-01-31,2015-01-31,fim_regular,wikidata,FALSE
M2010_PA_7_15678_140000000227,7,estadual,fim_regular,fonte_oficial_curada,2015-01-31,2015-01-31,,,FALSE
M2010_PA_7_15800_140000000221,7,estadual,fim_regular,fonte_oficial_curada,2015-01-31,2015-01-31,,,FALSE
M2010_PA_7_15888_140000000234,7,estadual,fim_regular,fonte_oficial_curada,2015-01-31,2015-01-31,,,FALSE
M2010_PA_7_20222_140000000571,7,estadual,fim_regular,fonte_oficial_curada,2015-01-31,2015-01-31,,,FALSE
M2010_PA_7_22123_140000000508,7,estadual,fim_regular,fonte_oficial_curada,2015-01-31,2015-01-31,,,FALSE
M2010_PA_7_22150_140000000499,7,estadual,fim_regular,fonte_oficial_curada,2015-01-31,2015-01-31,,,FALSE
M2010_PA_7_22345_140000000492,7,estadual,fim_regular,fonte_oficial_curada,2015-01-31,2015-01-31,,,FALSE
M2010_PA_7_22789_140000000485,7,estadual,fim_regular,fonte_oficial_curada,2015-01-31,2015-01-31,,,FALSE
M2010_PA_7_25123_140000000440,7,estadual,fim_regular,fonte_oficial_curada,2015-01-31,2015-01-31,fim_regular,wikidata,FALSE
M2010_PA_7_40000_140000000257,7,estadual,fim_regular,fonte_oficial_curada,2015-01-31,2015-01-31,,,FALSE
M2010_PA_7_40111_140000000247,7,estadual,fim_regular,fonte_oficial_curada,2015-01-31,2015-01-31,fim_regular,wikidata,FALSE
M2010_PA_7_45045_140000000784,7,estadual,fim_regular,fonte_oficial_curada,2015-01-31,2015-01-31,,,FALSE
M2010_PA_7_45112_140000000760,7,estadual,fim_regular,fonte_oficial_curada,2015-01-31,2015-01-31,,,FALSE
M2010_PA_7_45130_140000000684,7,estadual,fim_regular,fonte_oficial_curada,2015-01-31,2015-01-31,,,FALSE
M2010_PA_7_50123_140000000145,7,estadual,fim_regular,fonte_oficial_curada,2015-01-31,2015-01-31,,,FALSE
M2010_SC_7_11111_240000000108,7,estadual,fim_regular,fonte_oficial_curada,2015-01-31,2015-01-31,,,FALSE
M2010_SC_7_11166_240000000133,7,estadual,fim_regular,fonte_oficial_curada,2015-01-31,2015-01-31,,,FALSE
M2010_SC_7_11223_240000000119,7,estadual,fim_regular,fonte_oficial_curada,2015-01-31,2015-01-31,,,FALSE
M2010_SC_7_11233_240000000129,7,estadual,fim_regular,fonte_oficial_curada,2015-01-31,2015-01-31,,,FALSE
M2010_SC_7_11234_240000000122,7,estadual,fim_regular,fonte_oficial_curada,2015-01-31,2015-01-31,,,FALSE
M2010_SC_7_11311_240000000130,7,estadual,fim_regular,fonte_oficial_curada,2015-01-31,2015-01-31,,,FALSE
M2010_SC_7_12580_240000000174,7,estadual,fim_regular,fonte_oficial_curada,2015-01-31,2015-01-31,,,FALSE
M2010_SC_7_13111_240000000462,7,estadual,fim_regular,fonte_oficial_curada,2015-01-31,2015-01-31,,,FALSE
M2010_SC_7_13120_240000000452,7,estadual,fim_regular,fonte_oficial_curada,2015-01-31,2015-01-31,,,FALSE
M2010_SC_7_13313_240000000419,7,estadual,fim_regular,fonte_oficial_curada,2015-01-31,2015-01-31,,,FALSE
M2010_SC_7_13450_240000000427,7,estadual,fim_regular,fonte_oficial_curada,2015-01-31,2015-01-31,,,FALSE
M2010_SC_7_13470_240000000566,7,estadual,fim_regular,fonte_oficial_curada,2015-01-31,2015-01-31,,,FALSE
M2010_SC_7_13601_240000000444,7,estadual,fim_regular,fonte_oficial_curada,2015-01-31,2015-01-31,,,FALSE
M2010_SC_7_13987_240000000457,7,estadual,fim_regular,fonte_oficial_curada,2015-01-31,2015-01-31,,,FALSE
M2010_SC_7_14104_240000000362,7,estadual,fim_regular,fonte_oficial_curada,2015-01-31,2015-01-31,,,FALSE
M2010_SC_7_15001_240000000306,7,estadual,renuncia,fonte_oficial_curada,2012-12-19,2015-01-31,outro,cargo_incompativel,FALSE
M2010_SC_7_15010_240000000296,7,estadual,fim_regular,fonte_oficial_curada,2015-01-31,2015-01-31,,,FALSE
M2010_SC_7_15015_240000000295,7,estadual,fim_regular,fonte_oficial_curada,2015-01-31,2015-01-31,,,FALSE
M2010_SC_7_15157_240000000318,7,estadual,fim_regular,fonte_oficial_curada,2015-01-31,2015-01-31,,,FALSE
M2010_SC_7_15180_240000000321,7,estadual,fim_regular,fonte_oficial_curada,2015-01-31,2015-01-31,,,FALSE
M2010_SC_7_15200_240000000331,7,estadual,fim_regular,fonte_oficial_curada,2015-01-31,2015-01-31,,,FALSE
M2010_SC_7_15270_240000000326,7,estadual,fim_regular,fonte_oficial_curada,2015-01-31,2015-01-31,,,FALSE
M2010_SC_7_15321_240000000324,7,estadual,fim_regular,fonte_oficial_curada,2015-01-31,2015-01-31,,,FALSE
M2010_SC_7_15444_240000000300,7,estadual,fim_regular,fonte_oficial_curada,2015-01-31,2015-01-31,,,FALSE
M2010_SC_7_15700_240000000299,7,estadual,fim_regular,fonte_oficial_curada,2015-01-31,2015-01-31,,,FALSE
M2010_SC_7_23122_240000000049,7,estadual,fim_regular,fonte_oficial_curada,2015-01-31,2015-01-31,,,FALSE
M2010_SC_7_25000_240000000344,7,estadual,fim_regular,fonte_oficial_curada,2015-01-31,2015-01-31,,,FALSE
M2010_SC_7_25100_240000000341,7,estadual,renuncia,fonte_oficial_curada,2012-12-19,2015-01-31,outro,cargo_incompativel,FALSE
M2010_SC_7_25111_240000000355,7,estadual,fim_regular,fonte_oficial_curada,2015-01-31,2015-01-31,,,FALSE
M2010_SC_7_25123_240000000349,7,estadual,fim_regular,fonte_oficial_curada,2015-01-31,2015-01-31,,,FALSE
M2010_SC_7_25605_240000000352,7,estadual,fim_regular,fonte_oficial_curada,2015-01-31,2015-01-31,,,FALSE
M2010_SC_7_25777_240000000351,7,estadual,fim_regular,fonte_oficial_curada,2015-01-31,2015-01-31,,,FALSE
M2010_SC_7_25800_240000000354,7,estadual,fim_regular,fonte_oficial_curada,2015-01-31,2015-01-31,,,FALSE
M2010_SC_7_45111_240000000262,7,estadual,fim_regular,fonte_oficial_curada,2015-01-31,2015-01-31,,,FALSE
M2010_SC_7_45145_240000000263,7,estadual,fim_regular,fonte_oficial_curada,2015-01-31,2015-01-31,,,FALSE
M2010_SC_7_45222_240000000274,7,estadual,fim_regular,fonte_oficial_curada,2015-01-31,2015-01-31,,,FALSE
M2010_SC_7_45678_240000000279,7,estadual,renuncia,fonte_oficial_curada,2014-07-15,2015-01-31,,,FALSE
M2010_SC_7_45699_240000000282,7,estadual,fim_regular,fonte_oficial_curada,2015-01-31,2015-01-31,,,FALSE
M2010_SC_7_45777_240000000287,7,estadual,fim_regular,fonte_oficial_curada,2015-01-31,2015-01-31,,,FALSE
M2010_SC_7_65123_240000000420,7,estadual,fim_regular,fonte_oficial_curada,2015-01-31,2015-01-31,,,FALSE
M2010_TO_7_11610_270000000066,7,estadual,fim_regular,fonte_oficial_curada,2015-01-31,2015-01-31,,,FALSE
M2010_TO_7_13300_270000000134,7,estadual,fim_regular,fonte_oficial_curada,2015-01-31,2015-01-31,,,FALSE
M2010_TO_7_13456_270000000114,7,estadual,fim_regular,fonte_oficial_curada,2015-01-31,2015-01-31,,,FALSE
M2010_TO_7_13613_270000000087,7,estadual,fim_regular,fonte_oficial_curada,2015-01-31,2015-01-31,,,FALSE
M2010_TO_7_14000_270000000358,7,estadual,fim_regular,fonte_oficial_curada,2015-01-31,2015-01-31,,,FALSE
M2010_TO_7_15000_270000000034,7,estadual,fim_regular,fonte_oficial_curada,2015-01-31,2015-01-31,,,FALSE
M2010_TO_7_15111_270000000051,7,estadual,fim_regular,fonte_oficial_curada,2015-01-31,2015-01-31,,,FALSE
M2010_TO_7_15123_270000000046,7,estadual,fim_regular,fonte_oficial_curada,2015-01-31,2015-01-31,,,FALSE
M2010_TO_7_15153_270000000043,7,estadual,fim_regular,fonte_oficial_curada,2015-01-31,2015-01-31,,,FALSE
M2010_TO_7_15222_270000000070,7,estadual,renuncia,fonte_oficial_curada,2014-05-04,2015-01-31,,,FALSE
M2010_TO_7_15700_270000000073,7,estadual,fim_regular,fonte_oficial_curada,2015-01-31,2015-01-31,,,FALSE
M2010_TO_7_22022_270000000362,7,estadual,fim_regular,fonte_oficial_curada,2015-01-31,2015-01-31,,,FALSE
M2010_TO_7_22111_270000000357,7,estadual,fim_regular,fonte_oficial_curada,2015-01-31,2015-01-31,,,FALSE
M2010_TO_7_22223_270000000381,7,estadual,fim_regular,fonte_oficial_curada,2015-01-31,2015-01-31,,,FALSE
M2010_TO_7_22333_270000000351,7,estadual,fim_regular,fonte_oficial_curada,2015-01-31,2015-01-31,fim_regular,wikidata,FALSE
M2010_TO_7_23200_270000000057,7,estadual,fim_regular,fonte_oficial_curada,2015-01-31,2015-01-31,renuncia,wikidata,FALSE
M2010_TO_7_23222_270000000032,7,estadual,fim_regular,fonte_oficial_curada,2015-01-31,2015-01-31,,,FALSE
M2010_TO_7_23400_270000000059,7,estadual,fim_regular,fonte_oficial_curada,2015-01-31,2015-01-31,,,FALSE
M2010_TO_7_25100_270000000287,7,estadual,fim_regular,fonte_oficial_curada,2015-01-31,2015-01-31,,,FALSE
M2010_TO_7_25111_270000000268,7,estadual,fim_regular,fonte_oficial_curada,2015-01-31,2015-01-31,,,FALSE
M2010_TO_7_40100_270000000074,7,estadual,fim_regular,fonte_oficial_curada,2015-01-31,2015-01-31,,,FALSE
M2010_TO_7_43123_270000000329,7,estadual,fim_regular,fonte_oficial_curada,2015-01-31,2015-01-31,,,FALSE
M2010_TO_7_45115_270000000331,7,estadual,fim_regular,fonte_oficial_curada,2015-01-31,2015-01-31,,,FALSE
M2010_TO_7_45555_270000000319,7,estadual,fim_regular,fonte_oficial_curada,2015-01-31,2015-01-31,,,FALSE
M2012_23515_11_14_170000002416,11,municipal,perda_do_mandato_inferida_por_eleicao_suplementar,tse_suplementar,2013-07-07,2016-12-31,cassacao,wikipedia,FALSE
M2012_58050_11_15_190000002525,11,municipal,perda_do_mandato_inferida_por_eleicao_suplementar,tse_suplementar,2013-08-04,2016-12-31,cassacao,wikipedia,FALSE
M2014_DF_8_10123_70000000591,8,estadual,fim_regular,fonte_oficial_curada,2019-01-31,2019-01-31,,,FALSE
M2014_DF_8_12123_70000000580,8,estadual,fim_regular,fonte_oficial_curada,2019-01-31,2019-01-31,,,FALSE
M2014_DF_8_12345_70000000557,8,estadual,fim_regular,fonte_oficial_curada,2019-01-31,2019-01-31,,,FALSE
M2014_DF_8_12512_70000000572,8,estadual,fim_regular,fonte_oficial_curada,2019-01-31,2019-01-31,,,FALSE
M2014_DF_8_13013_70000001132,8,estadual,fim_regular,fonte_oficial_curada,2019-01-31,2019-01-31,,,FALSE
M2014_DF_8_13100_70000001130,8,estadual,fim_regular,fonte_oficial_curada,2019-01-31,2019-01-31,,,FALSE
M2014_DF_8_13222_70000001188,8,estadual,fim_regular,fonte_oficial_curada,2019-01-31,2019-01-31,,,FALSE
M2014_DF_8_14014_70000000728,8,estadual,fim_regular,fonte_oficial_curada,2019-01-31,2019-01-31,,,FALSE
M2014_DF_8_15000_70000000887,8,estadual,fim_regular,fonte_oficial_curada,2019-01-31,2019-01-31,,,FALSE
M2014_DF_8_15123_70000000884,8,estadual,fim_regular,fonte_oficial_curada,2019-01-31,2019-01-31,fim_regular,wikidata,FALSE
M2014_DF_8_15222_70000000845,8,estadual,fim_regular,fonte_oficial_curada,2019-01-31,2019-01-31,,,FALSE
M2014_DF_8_19123_70000000310,8,estadual,fim_regular,fonte_oficial_curada,2019-01-31,2019-01-31,,,FALSE
M2014_DF_8_22122_70000000685,8,estadual,fim_regular,fonte_oficial_curada,2019-01-31,2019-01-31,,,FALSE
M2014_DF_8_28028_70000000047,8,estadual,fim_regular,fonte_oficial_curada,2019-01-31,2019-01-31,,,FALSE
M2014_DF_8_28123_70000000046,8,estadual,fim_regular,fonte_oficial_curada,2019-01-31,2019-01-31,,,FALSE
M2014_DF_8_31456_70000000116,8,estadual,fim_regular,fonte_oficial_curada,2019-01-31,2019-01-31,,,FALSE
M2014_DF_8_36123_70000000620,8,estadual,fim_regular,fonte_oficial_curada,2019-01-31,2019-01-31,,,FALSE
M2014_DF_8_43123_70000000265,8,estadual,fim_regular,fonte_oficial_curada,2019-01-31,2019-01-31,,,FALSE
M2014_DF_8_45678_70000001047,8,estadual,fim_regular,fonte_oficial_curada,2019-01-31,2019-01-31,,,FALSE
M2014_DF_8_51456_70000000389,8,estadual,fim_regular,fonte_oficial_curada,2019-01-31,2019-01-31,,,FALSE
M2014_DF_8_54444_70000000350,8,estadual,fim_regular,fonte_oficial_curada,2019-01-31,2019-01-31,,,FALSE
M2014_DF_8_77777_70000000543,8,estadual,fim_regular,fonte_oficial_curada,2019-01-31,2019-01-31,,,FALSE
M2014_ES_7_11000_80000000109,7,estadual,renuncia,fonte_oficial_curada,2017-01-01,2019-01-31,outro,assembleia_inventario,FALSE
M2014_ES_7_11190_80000000144,7,estadual,fim_regular,fonte_oficial_curada,2019-01-31,2019-01-31,,,FALSE
M2014_ES_7_12444_80000000372,7,estadual,fim_regular,fonte_oficial_curada,2019-01-31,2019-01-31,,,FALSE
M2014_ES_7_12600_80000000377,7,estadual,fim_regular,fonte_oficial_curada,2019-01-31,2019-01-31,,,FALSE
M2014_ES_7_13123_80000000422,7,estadual,renuncia,fonte_oficial_curada,2018-08-13,2019-01-31,outro,assembleia_inventario,FALSE
M2014_ES_7_13333_80000000415,7,estadual,fim_regular,fonte_oficial_curada,2019-01-31,2019-01-31,,,FALSE
M2014_ES_7_13690_80000000417,7,estadual,fim_regular,fonte_oficial_curada,2019-01-31,2019-01-31,,,FALSE
M2014_ES_7_15100_80000000653,7,estadual,fim_regular,fonte_oficial_curada,2019-01-31,2019-01-31,,,FALSE
M2014_ES_7_15123_80000000651,7,estadual,fim_regular,fonte_oficial_curada,2019-01-31,2019-01-31,,,FALSE
M2014_ES_7_15500_80000000656,7,estadual,fim_regular,fonte_oficial_curada,2019-01-31,2019-01-31,,,FALSE
M2014_ES_7_15555_80000000655,7,estadual,renuncia,fonte_oficial_curada,2017-01-01,2019-01-31,outro,cargo_incompativel,FALSE
M2014_ES_7_22300_80000000018,7,estadual,fim_regular,fonte_oficial_curada,2019-01-31,2019-01-31,,,FALSE
M2014_ES_7_23000_80000000291,7,estadual,fim_regular,fonte_oficial_curada,2019-01-31,2019-01-31,,,FALSE
M2014_ES_7_23123_80000000297,7,estadual,fim_regular,fonte_oficial_curada,2019-01-31,2019-01-31,,,FALSE
M2014_ES_7_25100_80000000692,7,estadual,fim_regular,fonte_oficial_curada,2019-01-31,2019-01-31,,,FALSE
M2014_ES_7_25123_80000000685,7,estadual,renuncia,fonte_oficial_curada,2016-12-31,2019-01-31,outro,cargo_incompativel,FALSE
M2014_ES_7_28100_80000000197,7,estadual,fim_regular,fonte_oficial_curada,2019-01-31,2019-01-31,,,FALSE
M2014_ES_7_33800_80000000336,7,estadual,fim_regular,fonte_oficial_curada,2019-01-31,2019-01-31,,,FALSE
M2014_ES_7_36036_80000000220,7,estadual,fim_regular,fonte_oficial_curada,2019-01-31,2019-01-31,,,FALSE
M2014_ES_7_40011_80000000300,7,estadual,fim_regular,fonte_oficial_curada,2019-01-31,2019-01-31,,,FALSE
M2014_ES_7_40100_80000000305,7,estadual,fim_regular,fonte_oficial_curada,2019-01-31,2019-01-31,,,FALSE
M2014_ES_7_43456_80000000038,7,estadual,fim_regular,fonte_oficial_curada,2019-01-31,2019-01-31,,,FALSE
M2014_ES_7_44300_80000000612,7,estadual,fim_regular,fonte_oficial_curada,2019-01-31,2019-01-31,,,FALSE
M2014_ES_7_44567_80000000603,7,estadual,cassacao,fonte_oficial_curada,2018-06-15,2019-01-31,,,FALSE
M2014_ES_7_44569_80000000594,7,estadual,fim_regular,fonte_oficial_curada,2019-01-31,2019-01-31,,,FALSE
M2014_ES_7_45456_80000000584,7,estadual,fim_regular,fonte_oficial_curada,2019-01-31,2019-01-31,,,FALSE
M2014_ES_7_45500_80000000572,7,estadual,fim_regular,fonte_oficial_curada,2019-01-31,2019-01-31,,,FALSE
M2014_ES_7_51555_80000000678,7,estadual,fim_regular,fonte_oficial_curada,2019-01-31,2019-01-31,,,FALSE
M2014_ES_7_55555_80000000329,7,estadual,fim_regular,fonte_oficial_curada,2019-01-31,2019-01-31,,,FALSE
M2014_ES_7_77333_80000000525,7,estadual,fim_regular,fonte_oficial_curada,2019-01-31,2019-01-31,,,FALSE
M2014_GO_7_10123_90000000573,7,estadual,fim_regular,fonte_oficial_curada,2019-01-31,2019-01-31,,,FALSE
M2014_GO_7_12012_90000000372,7,estadual,fim_regular,fonte_oficial_curada,2019-01-31,2019-01-31,,,FALSE
M2014_GO_7_13123_90000000326,7,estadual,fim_regular,fonte_oficial_curada,2019-01-31,2019-01-31,fim_regular,assembleia_inventario,FALSE
M2014_GO_7_13188_90000000320,7,estadual,fim_regular,fonte_oficial_curada,2019-01-31,2019-01-31,,,FALSE
M2014_GO_7_13215_90000000339,7,estadual,renuncia,fonte_oficial_curada,2016-12-30,2019-01-31,outro,cargo_incompativel,FALSE
M2014_GO_7_13800_90000000317,7,estadual,fim_regular,fonte_oficial_curada,2019-01-31,2019-01-31,,,FALSE
M2014_GO_7_14123_90000000927,7,estadual,fim_regular,fonte_oficial_curada,2019-01-31,2019-01-31,,,FALSE
M2014_GO_7_14133_90000000922,7,estadual,fim_regular,fonte_oficial_curada,2019-01-31,2019-01-31,,,FALSE
M2014_GO_7_14141_90000000914,7,estadual,fim_regular,fonte_oficial_curada,2019-01-31,2019-01-31,,,FALSE
M2014_GO_7_14147_90000000917,7,estadual,renuncia,fonte_oficial_curada,2016-12-30,2019-01-31,outro,cargo_incompativel,FALSE
M2014_GO_7_14800_90000000928,7,estadual,renuncia,fonte_oficial_curada,2016-12-08,2019-01-31,,,FALSE
M2014_GO_7_15111_90000000657,7,estadual,renuncia,fonte_oficial_curada,2016-12-30,2019-01-31,outro,cargo_incompativel,FALSE
M2014_GO_7_15123_90000000659,7,estadual,fim_regular,fonte_oficial_curada,2019-01-31,2019-01-31,,,FALSE
M2014_GO_7_15601_90000000661,7,estadual,fim_regular,fonte_oficial_curada,2019-01-31,2019-01-31,,,FALSE
M2014_GO_7_15700_90000000662,7,estadual,fim_regular,fonte_oficial_curada,2019-01-31,2019-01-31,,,FALSE
M2014_GO_7_15800_90000000668,7,estadual,renuncia,fonte_oficial_curada,2016-12-30,2019-01-31,outro,cargo_incompativel,FALSE
M2014_GO_7_17000_90000000442,7,estadual,fim_regular,fonte_oficial_curada,2019-01-31,2019-01-31,fim_regular,assembleia_inventario,FALSE
M2014_GO_7_20012_90000000125,7,estadual,fim_regular,fonte_oficial_curada,2019-01-31,2019-01-31,,,FALSE
M2014_GO_7_22122_90000000942,7,estadual,fim_regular,fonte_oficial_curada,2019-01-31,2019-01-31,,,FALSE
M2014_GO_7_22690_90000000934,7,estadual,fim_regular,fonte_oficial_curada,2019-01-31,2019-01-31,,,FALSE
M2014_GO_7_25111_90000000642,7,estadual,fim_regular,fonte_oficial_curada,2019-01-31,2019-01-31,,,FALSE
M2014_GO_7_28600_90000000824,7,estadual,fim_regular,fonte_oficial_curada,2019-01-31,2019-01-31,fim_regular,assembleia_inventario,FALSE
M2014_GO_7_31221_90000000529,7,estadual,fim_regular,fonte_oficial_curada,2019-01-31,2019-01-31,,,FALSE
M2014_GO_7_31789_90000000542,7,estadual,fim_regular,fonte_oficial_curada,2019-01-31,2019-01-31,fim_regular,assembleia_inventario,FALSE
M2014_GO_7_33456_90000000399,7,estadual,fim_regular,fonte_oficial_curada,2019-01-31,2019-01-31,,,FALSE
M2014_GO_7_44190_90000000101,7,estadual,fim_regular,fonte_oficial_curada,2019-01-31,2019-01-31,renuncia,wikidata,FALSE
M2014_GO_7_45000_90000001010,7,estadual,fim_regular,fonte_oficial_curada,2019-01-31,2019-01-31,,,FALSE
M2014_GO_7_45045_90000001001,7,estadual,fim_regular,fonte_oficial_curada,2019-01-31,2019-01-31,fim_regular,assembleia_inventario,FALSE
M2014_GO_7_45111_90000000995,7,estadual,fim_regular,fonte_oficial_curada,2019-01-31,2019-01-31,,,FALSE
M2014_GO_7_45222_90000001014,7,estadual,fim_regular,fonte_oficial_curada,2019-01-31,2019-01-31,fim_regular,assembleia_inventario,FALSE
M2014_GO_7_45321_90000000932,7,estadual,fim_regular,fonte_oficial_curada,2019-01-31,2019-01-31,,,FALSE
M2014_GO_7_45678_90000001015,7,estadual,fim_regular,fonte_oficial_curada,2019-01-31,2019-01-31,,,FALSE
M2014_GO_7_45780_90000001018,7,estadual,fim_regular,fonte_oficial_curada,2019-01-31,2019-01-31,,,FALSE
M2014_GO_7_55000_90000000960,7,estadual,fim_regular,fonte_oficial_curada,2019-01-31,2019-01-31,fim_regular,assembleia_inventario,FALSE
M2014_GO_7_55123_90000000970,7,estadual,fim_regular,fonte_oficial_curada,2019-01-31,2019-01-31,fim_regular,assembleia_inventario,FALSE
M2014_GO_7_55255_90000000951,7,estadual,fim_regular,fonte_oficial_curada,2019-01-31,2019-01-31,,,FALSE
M2014_GO_7_55333_90000000947,7,estadual,fim_regular,fonte_oficial_curada,2019-01-31,2019-01-31,,,FALSE
M2014_GO_7_55555_90000000959,7,estadual,renuncia,fonte_oficial_curada,2019-01-01,2019-01-31,,,FALSE
M2014_GO_7_65123_90000000781,7,estadual,fim_regular,fonte_oficial_curada,2019-01-31,2019-01-31,,,FALSE
M2014_GO_7_77123_90000000783,7,estadual,fim_regular,fonte_oficial_curada,2019-01-31,2019-01-31,,,FALSE
M2014_GO_7_90111_90000001039,7,estadual,fim_regular,fonte_oficial_curada,2019-01-31,2019-01-31,fim_regular,assembleia_inventario,FALSE
M2014_MT_7_12345_110000000097,7,estadual,fim_regular,fonte_oficial_curada,2019-01-31,2019-01-31,,,FALSE
M2014_MT_7_12612_110000000098,7,estadual,fim_regular,fonte_oficial_curada,2019-01-31,2019-01-31,,,FALSE
M2014_MT_7_13123_110000000334,7,estadual,fim_regular,fonte_oficial_curada,2019-01-31,2019-01-31,,,FALSE
M2014_MT_7_15123_110000000362,7,estadual,fim_regular,fonte_oficial_curada,2019-01-31,2019-01-31,,,FALSE
M2014_MT_7_15151_110000000361,7,estadual,fim_regular,fonte_oficial_curada,2019-01-31,2019-01-31,,,FALSE
M2014_MT_7_15200_110000000354,7,estadual,fim_regular,fonte_oficial_curada,2019-01-31,2019-01-31,,,FALSE
M2014_MT_7_22007_110000000366,7,estadual,renuncia,fonte_oficial_curada,2016-12-31,2019-01-31,outro,cargo_incompativel,FALSE
M2014_MT_7_22022_110000000378,7,estadual,fim_regular,fonte_oficial_curada,2019-01-31,2019-01-31,,,FALSE
M2014_MT_7_22040_110000000374,7,estadual,fim_regular,fonte_oficial_curada,2019-01-31,2019-01-31,,,FALSE
M2014_MT_7_22345_110000000376,7,estadual,fim_regular,fonte_oficial_curada,2019-01-31,2019-01-31,,,FALSE
M2014_MT_7_22999_110000000370,7,estadual,fim_regular,fonte_oficial_curada,2019-01-31,2019-01-31,,,FALSE
M2014_MT_7_25125_110000000084,7,estadual,fim_regular,fonte_oficial_curada,2019-01-31,2019-01-31,,,FALSE
M2014_MT_7_40000_110000000210,7,estadual,fim_regular,fonte_oficial_curada,2019-01-31,2019-01-31,,,FALSE
M2014_MT_7_40300_110000000211,7,estadual,fim_regular,fonte_oficial_curada,2019-01-31,2019-01-31,,,FALSE
M2014_MT_7_40650_110000000204,7,estadual,fim_regular,fonte_oficial_curada,2019-01-31,2019-01-31,,,FALSE
M2014_MT_7_43333_110000000081,7,estadual,fim_regular,fonte_oficial_curada,2019-01-31,2019-01-31,,,FALSE
M2014_MT_7_45000_110000000111,7,estadual,fim_regular,fonte_oficial_curada,2019-01-31,2019-01-31,,,FALSE
M2014_MT_7_45100_110000000120,7,estadual,fim_regular,fonte_oficial_curada,2019-01-31,2019-01-31,,,FALSE
M2014_MT_7_45222_110000000117,7,estadual,fim_regular,fonte_oficial_curada,2019-01-31,2019-01-31,,,FALSE
M2014_MT_7_55055_110000000277,7,estadual,falecimento,fonte_oficial_curada,2014-12-09,2019-01-31,,,FALSE
M2014_MT_7_55123_110000000283,7,estadual,fim_regular,fonte_oficial_curada,2019-01-31,2019-01-31,,,FALSE
M2014_MT_7_55163_110000000274,7,estadual,fim_regular,fonte_oficial_curada,2019-01-31,2019-01-31,,,FALSE
M2014_MT_7_55456_110000000443,7,estadual,fim_regular,fonte_oficial_curada,2019-01-31,2019-01-31,,,FALSE
M2014_MT_7_77000_110000000223,7,estadual,renuncia,fonte_oficial_curada,2016-12-31,2019-01-31,outro,assembleia_inventario,FALSE
M2014_PA_7_10147_140000000170,7,estadual,fim_regular,fonte_oficial_curada,2019-01-31,2019-01-31,,,FALSE
M2014_PA_7_11000_140000001007,7,estadual,fim_regular,fonte_oficial_curada,2019-01-31,2019-01-31,,,FALSE
M2014_PA_7_12345_140000000653,7,estadual,fim_regular,fonte_oficial_curada,2019-01-31,2019-01-31,,,FALSE
M2014_PA_7_13130_140000000396,7,estadual,fim_regular,fonte_oficial_curada,2019-01-31,2019-01-31,,,FALSE
M2014_PA_7_13133_140000000398,7,estadual,fim_regular,fonte_oficial_curada,2019-01-31,2019-01-31,,,FALSE
M2014_PA_7_13500_140000000390,7,estadual,fim_regular,fonte_oficial_curada,2019-01-31,2019-01-31,,,FALSE
M2014_PA_7_14444_140000000993,7,estadual,fim_regular,fonte_oficial_curada,2019-01-31,2019-01-31,,,FALSE
M2014_PA_7_15000_140000000378,7,estadual,fim_regular,fonte_oficial_curada,2019-01-31,2019-01-31,,,FALSE
M2014_PA_7_15100_140000000444,7,estadual,fim_regular,fonte_oficial_curada,2019-01-31,2019-01-31,,,FALSE
M2014_PA_7_15177_140000000388,7,estadual,fim_regular,fonte_oficial_curada,2019-01-31,2019-01-31,,,FALSE
M2014_PA_7_15456_140000000454,7,estadual,fim_regular,fonte_oficial_curada,2019-01-31,2019-01-31,,,FALSE
M2014_PA_7_15500_140000000382,7,estadual,fim_regular,fonte_oficial_curada,2019-01-31,2019-01-31,,,FALSE
M2014_PA_7_15555_140000000379,7,estadual,fim_regular,fonte_oficial_curada,2019-01-31,2019-01-31,fim_regular,wikidata,FALSE
M2014_PA_7_15615_140000000440,7,estadual,fim_regular,fonte_oficial_curada,2019-01-31,2019-01-31,,,FALSE
M2014_PA_7_15678_140000000383,7,estadual,fim_regular,fonte_oficial_curada,2019-01-31,2019-01-31,,,FALSE
M2014_PA_7_20123_140000000222,7,estadual,fim_regular,fonte_oficial_curada,2019-01-31,2019-01-31,,,FALSE
M2014_PA_7_20777_140000000214,7,estadual,fim_regular,fonte_oficial_curada,2019-01-31,2019-01-31,,,FALSE
M2014_PA_7_22222_140000000575,7,estadual,fim_regular,fonte_oficial_curada,2019-01-31,2019-01-31,,,FALSE
M2014_PA_7_22345_140000000574,7,estadual,fim_regular,fonte_oficial_curada,2019-01-31,2019-01-31,,,FALSE
M2014_PA_7_23333_140000000911,7,estadual,fim_regular,fonte_oficial_curada,2019-01-31,2019-01-31,,,FALSE
M2014_PA_7_25456_140000000057,7,estadual,fim_regular,fonte_oficial_curada,2019-01-31,2019-01-31,,,FALSE
M2014_PA_7_40111_140000000520,7,estadual,fim_regular,fonte_oficial_curada,2019-01-31,2019-01-31,fim_regular,wikidata,FALSE
M2014_PA_7_40456_140000000540,7,estadual,fim_regular,fonte_oficial_curada,2019-01-31,2019-01-31,,,FALSE
M2014_PA_7_45111_140000000982,7,estadual,fim_regular,fonte_oficial_curada,2019-01-31,2019-01-31,,,FALSE
M2014_PA_7_45112_140000000961,7,estadual,fim_regular,fonte_oficial_curada,2019-01-31,2019-01-31,,,FALSE
M2014_PA_7_45130_140000000985,7,estadual,fim_regular,fonte_oficial_curada,2019-01-31,2019-01-31,,,FALSE
M2014_PA_7_45155_140000000971,7,estadual,fim_regular,fonte_oficial_curada,2019-01-31,2019-01-31,,,FALSE
M2014_PA_7_45555_140000000966,7,estadual,fim_regular,fonte_oficial_curada,2019-01-31,2019-01-31,,,FALSE
M2014_PA_7_45678_140000000962,7,estadual,fim_regular,fonte_oficial_curada,2019-01-31,2019-01-31,,,FALSE
M2014_PA_7_51234_140000000204,7,estadual,fim_regular,fonte_oficial_curada,2019-01-31,2019-01-31,,,FALSE
M2014_PA_7_54444_140000000709,7,estadual,fim_regular,fonte_oficial_curada,2019-01-31,2019-01-31,,,FALSE
M2014_PA_7_55000_140000001014,7,estadual,fim_regular,fonte_oficial_curada,2019-01-31,2019-01-31,,,FALSE
M2014_PA_7_55123_140000001011,7,estadual,fim_regular,fonte_oficial_curada,2019-01-31,2019-01-31,,,FALSE
M2014_PA_7_55500_140000000998,7,estadual,fim_regular,fonte_oficial_curada,2019-01-31,2019-01-31,,,FALSE
M2014_PA_7_65100_140000000296,7,estadual,fim_regular,fonte_oficial_curada,2019-01-31,2019-01-31,,,FALSE
M2014_PA_7_90000_140000000604,7,estadual,fim_regular,fonte_oficial_curada,2019-01-31,2019-01-31,,,FALSE
M2014_PA_7_90901_140000000613,7,estadual,fim_regular,fonte_oficial_curada,2019-01-31,2019-01-31,,,FALSE
M2014_SC_7_11166_240000000437,7,estadual,fim_regular,fonte_oficial_curada,2019-01-31,2019-01-31,,,FALSE
M2014_SC_7_11234_240000000427,7,estadual,fim_regular,fonte_oficial_curada,2019-01-31,2019-01-31,,,FALSE
M2014_SC_7_11311_240000000425,7,estadual,fim_regular,fonte_oficial_curada,2019-01-31,2019-01-31,,,FALSE
M2014_SC_7_11333_240000000441,7,estadual,fim_regular,fonte_oficial_curada,2019-01-31,2019-01-31,,,FALSE
M2014_SC_7_12345_240000000340,7,estadual,fim_regular,fonte_oficial_curada,2019-01-31,2019-01-31,,,FALSE
M2014_SC_7_13120_240000000147,7,estadual,fim_regular,fonte_oficial_curada,2019-01-31,2019-01-31,,,FALSE
M2014_SC_7_13313_240000000149,7,estadual,fim_regular,fonte_oficial_curada,2019-01-31,2019-01-31,,,FALSE
M2014_SC_7_13450_240000000143,7,estadual,fim_regular,fonte_oficial_curada,2019-01-31,2019-01-31,,,FALSE
M2014_SC_7_13601_240000000145,7,estadual,fim_regular,fonte_oficial_curada,2019-01-31,2019-01-31,,,FALSE
M2014_SC_7_13987_240000000161,7,estadual,fim_regular,fonte_oficial_curada,2019-01-31,2019-01-31,,,FALSE
M2014_SC_7_15010_240000000271,7,estadual,falecimento,fonte_oficial_curada,2018-08-19,2019-01-31,,,FALSE
M2014_SC_7_15015_240000000270,7,estadual,fim_regular,fonte_oficial_curada,2019-01-31,2019-01-31,,,FALSE
M2014_SC_7_15180_240000000308,7,estadual,fim_regular,fonte_oficial_curada,2019-01-31,2019-01-31,,,FALSE
M2014_SC_7_15200_240000000299,7,estadual,fim_regular,fonte_oficial_curada,2019-01-31,2019-01-31,,,FALSE
M2014_SC_7_15220_240000000286,7,estadual,fim_regular,fonte_oficial_curada,2019-01-31,2019-01-31,,,FALSE
M2014_SC_7_15234_240000000278,7,estadual,fim_regular,fonte_oficial_curada,2019-01-31,2019-01-31,,,FALSE
M2014_SC_7_15270_240000000307,7,estadual,fim_regular,fonte_oficial_curada,2019-01-31,2019-01-31,,,FALSE
M2014_SC_7_15444_240000000273,7,estadual,fim_regular,fonte_oficial_curada,2019-01-31,2019-01-31,,,FALSE
M2014_SC_7_15650_240000000281,7,estadual,renuncia,fonte_oficial_curada,2016-12-13,2019-01-31,outro,cargo_incompativel,FALSE
M2014_SC_7_15700_240000000272,7,estadual,fim_regular,fonte_oficial_curada,2019-01-31,2019-01-31,,,FALSE
M2014_SC_7_22225_240000000101,7,estadual,fim_regular,fonte_oficial_curada,2019-01-31,2019-01-31,,,FALSE
M2014_SC_7_22580_240000000102,7,estadual,fim_regular,fonte_oficial_curada,2019-01-31,2019-01-31,,,FALSE
M2014_SC_7_23456_240000000567,7,estadual,fim_regular,fonte_oficial_curada,2019-01-31,2019-01-31,,,FALSE
M2014_SC_7_25104_240000000291,7,estadual,fim_regular,fonte_oficial_curada,2019-01-31,2019-01-31,,,FALSE
M2014_SC_7_40110_240000000522,7,estadual,fim_regular,fonte_oficial_curada,2019-01-31,2019-01-31,,,FALSE
M2014_SC_7_40123_240000000539,7,estadual,fim_regular,fonte_oficial_curada,2019-01-31,2019-01-31,,,FALSE
M2014_SC_7_45145_240000000374,7,estadual,fim_regular,fonte_oficial_curada,2019-01-31,2019-01-31,,,FALSE
M2014_SC_7_45678_240000000393,7,estadual,fim_regular,fonte_oficial_curada,2019-01-31,2019-01-31,,,FALSE
M2014_SC_7_45699_240000000399,7,estadual,fim_regular,fonte_oficial_curada,2019-01-31,2019-01-31,,,FALSE
M2014_SC_7_45999_240000000413,7,estadual,fim_regular,fonte_oficial_curada,2019-01-31,2019-01-31,,,FALSE
M2014_SC_7_55000_240000000253,7,estadual,fim_regular,fonte_oficial_curada,2019-01-31,2019-01-31,,,FALSE
M2014_SC_7_55100_240000000252,7,estadual,fim_regular,fonte_oficial_curada,2019-01-31,2019-01-31,,,FALSE
M2014_SC_7_55111_240000000258,7,estadual,renuncia,fonte_oficial_curada,2017-11-08,2019-01-31,,,FALSE
M2014_SC_7_55123_240000000255,7,estadual,fim_regular,fonte_oficial_curada,2019-01-31,2019-01-31,,,FALSE
M2014_SC_7_55282_240000000254,7,estadual,fim_regular,fonte_oficial_curada,2019-01-31,2019-01-31,,,FALSE
M2014_SC_7_55555_240000000259,7,estadual,fim_regular,fonte_oficial_curada,2019-01-31,2019-01-31,,,FALSE
M2014_SC_7_55777_240000000256,7,estadual,fim_regular,fonte_oficial_curada,2019-01-31,2019-01-31,,,FALSE
M2014_SC_7_55800_240000000257,7,estadual,fim_regular,fonte_oficial_curada,2019-01-31,2019-01-31,,,FALSE
M2014_SC_7_55858_240000000260,7,estadual,fim_regular,fonte_oficial_curada,2019-01-31,2019-01-31,,,FALSE
M2014_SC_7_65123_240000000332,7,estadual,fim_regular,fonte_oficial_curada,2019-01-31,2019-01-31,,,FALSE
M2014_TO_7_11145_270000000255,7,estadual,fim_regular,fonte_oficial_curada,2019-01-31,2019-01-31,,,FALSE
M2014_TO_7_13413_270000000383,7,estadual,fim_regular,fonte_oficial_curada,2019-01-31,2019-01-31,,,FALSE
M2014_TO_7_13456_270000000076,7,estadual,fim_regular,fonte_oficial_curada,2019-01-31,2019-01-31,,,FALSE
M2014_TO_7_13613_270000000075,7,estadual,fim_regular,fonte_oficial_curada,2019-01-31,2019-01-31,,,FALSE
M2014_TO_7_14143_270000000248,7,estadual,renuncia,fonte_oficial_curada,2018-07-09,2019-01-31,,,FALSE
M2014_TO_7_14777_270000000246,7,estadual,fim_regular,fonte_oficial_curada,2019-01-31,2019-01-31,,,FALSE
M2014_TO_7_15100_270000000028,7,estadual,fim_regular,fonte_oficial_curada,2019-01-31,2019-01-31,,,FALSE
M2014_TO_7_15115_270000000065,7,estadual,fim_regular,fonte_oficial_curada,2019-01-31,2019-01-31,,,FALSE
M2014_TO_7_15123_270000000029,7,estadual,fim_regular,fonte_oficial_curada,2019-01-31,2019-01-31,,,FALSE
M2014_TO_7_17000_270000000191,7,estadual,fim_regular,fonte_oficial_curada,2019-01-31,2019-01-31,,,FALSE
M2014_TO_7_22022_270000000234,7,estadual,fim_regular,fonte_oficial_curada,2019-01-31,2019-01-31,,,FALSE
M2014_TO_7_22111_270000000259,7,estadual,fim_regular,fonte_oficial_curada,2019-01-31,2019-01-31,,,FALSE
M2014_TO_7_23222_270000000268,7,estadual,fim_regular,fonte_oficial_curada,2019-01-31,2019-01-31,,,FALSE
M2014_TO_7_25100_270000000241,7,estadual,fim_regular,fonte_oficial_curada,2019-01-31,2019-01-31,,,FALSE
M2014_TO_7_28777_270000000215,7,estadual,fim_regular,fonte_oficial_curada,2019-01-31,2019-01-31,,,FALSE
M2014_TO_7_40000_270000000165,7,estadual,fim_regular,fonte_oficial_curada,2019-01-31,2019-01-31,,,FALSE
M2014_TO_7_45045_270000000271,7,estadual,fim_regular,fonte_oficial_curada,2019-01-31,2019-01-31,,,FALSE
M2014_TO_7_55055_270000000057,7,estadual,fim_regular,fonte_oficial_curada,2019-01-31,2019-01-31,,,FALSE
M2014_TO_7_55111_270000000051,7,estadual,fim_regular,fonte_oficial_curada,2019-01-31,2019-01-31,,,FALSE
M2014_TO_7_77100_270000000227,7,estadual,renuncia,fonte_oficial_curada,2018-07-09,2019-01-31,,,FALSE
M2014_TO_7_77333_270000000230,7,estadual,fim_regular,fonte_oficial_curada,2019-01-31,2019-01-31,fim_regular,wikidata,FALSE
M2014_TO_7_77456_270000000228,7,estadual,fim_regular,fonte_oficial_curada,2019-01-31,2019-01-31,,,FALSE
M2014_TO_7_77700_270000000226,7,estadual,fim_regular,fonte_oficial_curada,2019-01-31,2019-01-31,,,FALSE
M2014_TO_7_90100_270000000110,7,estadual,fim_regular,fonte_oficial_curada,2019-01-31,2019-01-31,,,FALSE
M2018_DF_8_10123_70000608909,8,estadual,fim_regular,fonte_oficial_curada,2023-01-31,2023-01-31,,,FALSE
M2018_DF_8_10456_70000608912,8,estadual,fim_regular,fonte_oficial_curada,2023-01-31,2023-01-31,,,FALSE
M2018_DF_8_11234_70000601715,8,estadual,fim_regular,fonte_oficial_curada,2023-01-31,2023-01-31,,,FALSE
M2018_DF_8_12123_70000607609,8,estadual,fim_regular,fonte_oficial_curada,2023-01-31,2023-01-31,,,FALSE
M2018_DF_8_12345_70000607617,8,estadual,fim_regular,fonte_oficial_curada,2023-01-31,2023-01-31,,,FALSE
M2018_DF_8_13100_70000610817,8,estadual,fim_regular,fonte_oficial_curada,2023-01-31,2023-01-31,,,FALSE
M2018_DF_8_13131_70000610807,8,estadual,fim_regular,fonte_oficial_curada,2023-01-31,2023-01-31,,,FALSE
M2018_DF_8_14900_70000615687,8,estadual,fim_regular,fonte_oficial_curada,2023-01-31,2023-01-31,,,FALSE
M2018_DF_8_15222_70000614448,8,estadual,fim_regular,fonte_oficial_curada,2023-01-31,2023-01-31,,,FALSE
M2018_DF_8_18061_70000612417,8,estadual,fim_regular,fonte_oficial_curada,2023-01-31,2023-01-31,,,FALSE
M2018_DF_8_19200_70000614564,8,estadual,fim_regular,fonte_oficial_curada,2023-01-31,2023-01-31,,,FALSE
M2018_DF_8_20000_70000627444,8,estadual,fim_regular,fonte_oficial_curada,2023-01-31,2023-01-31,,,FALSE
M2018_DF_8_22123_70000611641,8,estadual,fim_regular,fonte_oficial_curada,2023-01-31,2023-01-31,,,FALSE
M2018_DF_8_30444_70000602365,8,estadual,fim_regular,fonte_oficial_curada,2023-01-31,2023-01-31,,,FALSE
M2018_DF_8_31190_70000604873,8,estadual,fim_regular,fonte_oficial_curada,2023-01-31,2023-01-31,,,FALSE
M2018_DF_8_36000_70000616373,8,estadual,fim_regular,fonte_oficial_curada,2023-01-31,2023-01-31,,,FALSE
M2018_DF_8_40193_70000620310,8,estadual,fim_regular,fonte_oficial_curada,2023-01-31,2023-01-31,,,FALSE
M2018_DF_8_44222_70000614991,8,estadual,fim_regular,fonte_oficial_curada,2023-01-31,2023-01-31,,,FALSE
M2018_DF_8_50123_70000602732,8,estadual,fim_regular,fonte_oficial_curada,2023-01-31,2023-01-31,,,FALSE
M2018_DF_8_55000_70000614552,8,estadual,fim_regular,fonte_oficial_curada,2023-01-31,2023-01-31,,,FALSE
M2018_DF_8_70200_70000600750,8,estadual,fim_regular,fonte_oficial_curada,2023-01-31,2023-01-31,,,FALSE
M2018_DF_8_70888_70000600747,8,estadual,fim_regular,fonte_oficial_curada,2023-01-31,2023-01-31,,,FALSE
M2018_DF_8_90190_70000605604,8,estadual,fim_regular,fonte_oficial_curada,2023-01-31,2023-01-31,,,FALSE
M2018_ES_7_10190_80000607507,7,estadual,fim_regular,fonte_oficial_curada,2023-01-31,2023-01-31,,,FALSE
M2018_ES_7_10300_80000607509,7,estadual,fim_regular,fonte_oficial_curada,2023-01-31,2023-01-31,,,FALSE
M2018_ES_7_11011_80000619556,7,estadual,fim_regular,fonte_oficial_curada,2023-01-31,2023-01-31,,,FALSE
M2018_ES_7_12123_80000622478,7,estadual,fim_regular,fonte_oficial_curada,2023-01-31,2023-01-31,,,FALSE
M2018_ES_7_13133_80000626755,7,estadual,fim_regular,fonte_oficial_curada,2023-01-31,2023-01-31,,,FALSE
M2018_ES_7_14123_80000627601,7,estadual,fim_regular,fonte_oficial_curada,2023-01-31,2023-01-31,,,FALSE
M2018_ES_7_15100_80000625045,7,estadual,fim_regular,fonte_oficial_curada,2023-01-31,2023-01-31,,,FALSE
M2018_ES_7_15222_80000625044,7,estadual,fim_regular,fonte_oficial_curada,2023-01-31,2023-01-31,,,FALSE
M2018_ES_7_17017_80000607532,7,estadual,fim_regular,fonte_oficial_curada,2023-01-31,2023-01-31,,,FALSE
M2018_ES_7_17190_80000607537,7,estadual,fim_regular,fonte_oficial_curada,2023-01-31,2023-01-31,,,FALSE
M2018_ES_7_17777_80000607534,7,estadual,fim_regular,fonte_oficial_curada,2023-01-31,2023-01-31,,,FALSE
M2018_ES_7_17800_80000607533,7,estadual,fim_regular,fonte_oficial_curada,2023-01-31,2023-01-31,,,FALSE
M2018_ES_7_18123_80000624540,7,estadual,fim_regular,fonte_oficial_curada,2023-01-31,2023-01-31,,,FALSE
M2018_ES_7_23123_80000619972,7,estadual,fim_regular,fonte_oficial_curada,2023-01-31,2023-01-31,,,FALSE
M2018_ES_7_25100_80000622509,7,estadual,fim_regular,fonte_oficial_curada,2023-01-31,2023-01-31,,,FALSE
M2018_ES_7_27444_80000625548,7,estadual,renuncia,fonte_oficial_curada,2021-01-01,2023-01-31,outro,cargo_incompativel,FALSE
M2018_ES_7_33800_80000624524,7,estadual,fim_regular,fonte_oficial_curada,2023-01-31,2023-01-31,,,FALSE
M2018_ES_7_40011_80000625547,7,estadual,fim_regular,fonte_oficial_curada,2023-01-31,2023-01-31,,,FALSE
M2018_ES_7_40456_80000625539,7,estadual,fim_regular,fonte_oficial_curada,2023-01-31,2023-01-31,,,FALSE
M2018_ES_7_43000_80000617542,7,estadual,fim_regular,fonte_oficial_curada,2023-01-31,2023-01-31,,,FALSE
M2018_ES_7_43043_80000617541,7,estadual,fim_regular,fonte_oficial_curada,2023-01-31,2023-01-31,,,FALSE
M2018_ES_7_44444_80000624435,7,estadual,renuncia,fonte_oficial_curada,2021-01-01,2023-01-31,outro,cargo_incompativel,FALSE
M2018_ES_7_44569_80000624424,7,estadual,fim_regular,fonte_oficial_curada,2023-01-31,2023-01-31,,,FALSE
M2018_ES_7_45000_80000613537,7,estadual,fim_regular,fonte_oficial_curada,2023-01-31,2023-01-31,,,FALSE
M2018_ES_7_45500_80000613565,7,estadual,fim_regular,fonte_oficial_curada,2023-01-31,2023-01-31,,,FALSE
M2018_ES_7_45678_80000613531,7,estadual,fim_regular,fonte_oficial_curada,2023-01-31,2023-01-31,,,FALSE
M2018_ES_7_51555_80000624535,7,estadual,fim_regular,fonte_oficial_curada,2023-01-31,2023-01-31,,,FALSE
M2018_ES_7_55555_80000622479,7,estadual,renuncia,fonte_oficial_curada,2021-01-01,2023-01-31,outro,cargo_incompativel,FALSE
M2018_ES_7_70333_80000619976,7,estadual,fim_regular,fonte_oficial_curada,2023-01-31,2023-01-31,,,FALSE
M2018_ES_7_90333_80000619579,7,estadual,fim_regular,fonte_oficial_curada,2023-01-31,2023-01-31,,,FALSE
M2018_GO_7_10010_90000610565,7,estadual,fim_regular,fonte_oficial_curada,2023-01-31,2023-01-31,,,FALSE
M2018_GO_7_10123_90000610569,7,estadual,fim_regular,fonte_oficial_curada,2023-01-31,2023-01-31,,,FALSE
M2018_GO_7_11900_90000618348,7,estadual,fim_regular,fonte_oficial_curada,2023-01-31,2023-01-31,,,FALSE
M2018_GO_7_12456_90000624219,7,estadual,fim_regular,fonte_oficial_curada,2023-01-31,2023-01-31,,,FALSE
M2018_GO_7_13123_90000619098,7,estadual,fim_regular,fonte_oficial_curada,2023-01-31,2023-01-31,fim_regular,assembleia_inventario,FALSE
M2018_GO_7_13456_90000619100,7,estadual,fim_regular,fonte_oficial_curada,2023-01-31,2023-01-31,,,FALSE
M2018_GO_7_14141_90000615128,7,estadual,fim_regular,fonte_oficial_curada,2023-01-31,2023-01-31,,,FALSE
M2018_GO_7_15123_90000610590,7,estadual,renuncia,fonte_oficial_curada,2022-03-10,2023-01-31,,,FALSE
M2018_GO_7_15601_90000610592,7,estadual,fim_regular,fonte_oficial_curada,2023-01-31,2023-01-31,,,FALSE
M2018_GO_7_15700_90000610597,7,estadual,fim_regular,fonte_oficial_curada,2023-01-31,2023-01-31,,,FALSE
M2018_GO_7_17197_90000616708,7,estadual,fim_regular,fonte_oficial_curada,2023-01-31,2023-01-31,,,FALSE
M2018_GO_7_17400_90000616713,7,estadual,fim_regular,fonte_oficial_curada,2023-01-31,2023-01-31,,,FALSE
M2018_GO_7_20100_90000608300,7,estadual,fim_regular,fonte_oficial_curada,2023-01-31,2023-01-31,,,FALSE
M2018_GO_7_23123_90000620460,7,estadual,fim_regular,fonte_oficial_curada,2023-01-31,2023-01-31,,,FALSE
M2018_GO_7_25010_90000608270,7,estadual,fim_regular,fonte_oficial_curada,2023-01-31,2023-01-31,,,FALSE
M2018_GO_7_25025_90000608268,7,estadual,fim_regular,fonte_oficial_curada,2023-01-31,2023-01-31,,,FALSE
M2018_GO_7_25122_90000608252,7,estadual,fim_regular,fonte_oficial_curada,2023-01-31,2023-01-31,fim_regular,assembleia_inventario,FALSE
M2018_GO_7_25678_90000608267,7,estadual,falecimento,fonte_oficial_curada,2022-11-04,2023-01-31,outro,assembleia_inventario,FALSE
M2018_GO_7_27123_90000618930,7,estadual,fim_regular,fonte_oficial_curada,2023-01-31,2023-01-31,,,FALSE
M2018_GO_7_27900_90000618884,7,estadual,fim_regular,fonte_oficial_curada,2023-01-31,2023-01-31,,,FALSE
M2018_GO_7_28028_90000610440,7,estadual,fim_regular,fonte_oficial_curada,2023-01-31,2023-01-31,,,FALSE
M2018_GO_7_28600_90000610441,7,estadual,fim_regular,fonte_oficial_curada,2023-01-31,2023-01-31,,,FALSE
M2018_GO_7_36690_90000608276,7,estadual,fim_regular,fonte_oficial_curada,2023-01-31,2023-01-31,fim_regular,assembleia_inventario,FALSE
M2018_GO_7_40123_90000620444,7,estadual,fim_regular,fonte_oficial_curada,2023-01-31,2023-01-31,fim_regular,assembleia_inventario,FALSE
M2018_GO_7_43444_90000621708,7,estadual,fim_regular,fonte_oficial_curada,2023-01-31,2023-01-31,,,FALSE
M2018_GO_7_44000_90000618659,7,estadual,fim_regular,fonte_oficial_curada,2023-01-31,2023-01-31,,,FALSE
M2018_GO_7_44190_90000618685,7,estadual,fim_regular,fonte_oficial_curada,2023-01-31,2023-01-31,fim_regular,wikidata,FALSE
M2018_GO_7_45045_90000620423,7,estadual,fim_regular,fonte_oficial_curada,2023-01-31,2023-01-31,fim_regular,assembleia_inventario,FALSE
M2018_GO_7_45123_90000620416,7,estadual,fim_regular,fonte_oficial_curada,2023-01-31,2023-01-31,,,FALSE
M2018_GO_7_45222_90000620431,7,estadual,fim_regular,fonte_oficial_curada,2023-01-31,2023-01-31,,,FALSE
M2018_GO_7_45333_90000620427,7,estadual,renuncia,fonte_oficial_curada,2020-12-31,2023-01-31,outro,cargo_incompativel,FALSE
M2018_GO_7_45555_90000620422,7,estadual,fim_regular,fonte_oficial_curada,2023-01-31,2023-01-31,,,FALSE
M2018_GO_7_45678_90000620428,7,estadual,fim_regular,fonte_oficial_curada,2023-01-31,2023-01-31,,,FALSE
M2018_GO_7_51123_90000620641,7,estadual,fim_regular,fonte_oficial_curada,2023-01-31,2023-01-31,,,FALSE
M2018_GO_7_55000_90000615110,7,estadual,fim_regular,fonte_oficial_curada,2023-01-31,2023-01-31,,,FALSE
M2018_GO_7_55555_90000615118,7,estadual,fim_regular,fonte_oficial_curada,2023-01-31,2023-01-31,,,FALSE
M2018_GO_7_77077_90000602547,7,estadual,fim_regular,fonte_oficial_curada,2023-01-31,2023-01-31,,,FALSE
M2018_GO_7_77200_90000602572,7,estadual,fim_regular,fonte_oficial_curada,2023-01-31,2023-01-31,,,FALSE
M2018_GO_7_90100_90000607671,7,estadual,cassacao,fonte_oficial_curada,2021-09-29,2023-01-31,,,FALSE
M2018_GO_7_90500_90000607652,7,estadual,fim_regular,fonte_oficial_curada,2023-01-31,2023-01-31,,,FALSE
M2018_GO_7_90555_90000607667,7,estadual,fim_regular,fonte_oficial_curada,2023-01-31,2023-01-31,,,FALSE
M2018_MT_7_10000_110000621220,7,estadual,fim_regular,fonte_oficial_curada,2023-01-31,2023-01-31,,,FALSE
M2018_MT_7_11456_110000613880,7,estadual,fim_regular,fonte_oficial_curada,2023-01-31,2023-01-31,,,FALSE
M2018_MT_7_12300_110000623366,7,estadual,fim_regular,fonte_oficial_curada,2023-01-31,2023-01-31,fim_regular,assembleia_inventario,FALSE
M2018_MT_7_13123_110000621205,7,estadual,fim_regular,fonte_oficial_curada,2023-01-31,2023-01-31,,,FALSE
M2018_MT_7_13130_110000621198,7,estadual,fim_regular,fonte_oficial_curada,2023-01-31,2023-01-31,,,FALSE
M2018_MT_7_15015_110000623368,7,estadual,fim_regular,fonte_oficial_curada,2023-01-31,2023-01-31,,,FALSE
M2018_MT_7_15152_110000623374,7,estadual,fim_regular,fonte_oficial_curada,2023-01-31,2023-01-31,,,FALSE
M2018_MT_7_15678_110000623398,7,estadual,fim_regular,fonte_oficial_curada,2023-01-31,2023-01-31,,,FALSE
M2018_MT_7_17000_110000609523,7,estadual,falecimento,fonte_oficial_curada,2021-03-13,2023-01-31,falecimento,wikidata_obito,FALSE
M2018_MT_7_17133_110000609520,7,estadual,fim_regular,fonte_oficial_curada,2023-01-31,2023-01-31,fim_regular,assembleia_inventario,FALSE
M2018_MT_7_20020_110000623390,7,estadual,fim_regular,fonte_oficial_curada,2023-01-31,2023-01-31,fim_regular,assembleia_inventario,FALSE
M2018_MT_7_20123_110000623391,7,estadual,fim_regular,fonte_oficial_curada,2023-01-31,2023-01-31,,,FALSE
M2018_MT_7_25125_110000623353,7,estadual,fim_regular,fonte_oficial_curada,2023-01-31,2023-01-31,,,FALSE
M2018_MT_7_25650_110000623357,7,estadual,fim_regular,fonte_oficial_curada,2023-01-31,2023-01-31,,,FALSE
M2018_MT_7_27123_110000621651,7,estadual,fim_regular,fonte_oficial_curada,2023-01-31,2023-01-31,fim_regular,assembleia_inventario,FALSE
M2018_MT_7_27190_110000621645,7,estadual,fim_regular,fonte_oficial_curada,2023-01-31,2023-01-31,,,FALSE
M2018_MT_7_40000_110000612604,7,estadual,fim_regular,fonte_oficial_curada,2023-01-31,2023-01-31,,,FALSE
M2018_MT_7_40999_110000612634,7,estadual,fim_regular,fonte_oficial_curada,2023-01-31,2023-01-31,,,FALSE
M2018_MT_7_43333_110000614609,7,estadual,fim_regular,fonte_oficial_curada,2023-01-31,2023-01-31,fim_regular,assembleia_inventario,FALSE
M2018_MT_7_43444_110000614590,7,estadual,fim_regular,fonte_oficial_curada,2023-01-31,2023-01-31,,,FALSE
M2018_MT_7_45000_110000622536,7,estadual,renuncia,fonte_oficial_curada,,2023-01-31,outro,assembleia_inventario,FALSE
M2018_MT_7_45100_110000622539,7,estadual,fim_regular,fonte_oficial_curada,2023-01-31,2023-01-31,,,FALSE
M2018_MT_7_55123_110000623389,7,estadual,fim_regular,fonte_oficial_curada,2023-01-31,2023-01-31,,,FALSE
M2018_MT_7_90789_110000613871,7,estadual,fim_regular,fonte_oficial_curada,2023-01-31,2023-01-31,fim_regular,assembleia_inventario,FALSE
M2018_PA_7_10123_140000603626,7,estadual,fim_regular,fonte_oficial_curada,2023-01-31,2023-01-31,,,FALSE
M2018_PA_7_10910_140000603604,7,estadual,fim_regular,fonte_oficial_curada,2023-01-31,2023-01-31,,,FALSE
M2018_PA_7_11007_140000609407,7,estadual,fim_regular,fonte_oficial_curada,2023-01-31,2023-01-31,,,FALSE
M2018_PA_7_12123_140000614326,7,estadual,fim_regular,fonte_oficial_curada,2023-01-31,2023-01-31,,,FALSE
M2018_PA_7_12345_140000614336,7,estadual,fim_regular,fonte_oficial_curada,2023-01-31,2023-01-31,,,FALSE
M2018_PA_7_13011_140000617662,7,estadual,fim_regular,fonte_oficial_curada,2023-01-31,2023-01-31,,,FALSE
M2018_PA_7_13130_140000617659,7,estadual,fim_regular,fonte_oficial_curada,2023-01-31,2023-01-31,,,FALSE
M2018_PA_7_13133_140000617663,7,estadual,fim_regular,fonte_oficial_curada,2023-01-31,2023-01-31,,,FALSE
M2018_PA_7_14000_140000612758,7,estadual,fim_regular,fonte_oficial_curada,2023-01-31,2023-01-31,,,FALSE
M2018_PA_7_14500_140000612757,7,estadual,fim_regular,fonte_oficial_curada,2023-01-31,2023-01-31,,,FALSE
M2018_PA_7_15000_140000605968,7,estadual,fim_regular,fonte_oficial_curada,2023-01-31,2023-01-31,,,FALSE
M2018_PA_7_15100_140000605989,7,estadual,fim_regular,fonte_oficial_curada,2023-01-31,2023-01-31,,,FALSE
M2018_PA_7_15177_140000605973,7,estadual,fim_regular,fonte_oficial_curada,2023-01-31,2023-01-31,,,FALSE
M2018_PA_7_15456_140000605983,7,estadual,fim_regular,fonte_oficial_curada,2023-01-31,2023-01-31,,,FALSE
M2018_PA_7_15555_140000605994,7,estadual,fim_regular,fonte_oficial_curada,2023-01-31,2023-01-31,fim_regular,wikidata,FALSE
M2018_PA_7_15615_140000605972,7,estadual,fim_regular,fonte_oficial_curada,2023-01-31,2023-01-31,,,FALSE
M2018_PA_7_17100_140000612783,7,estadual,fim_regular,fonte_oficial_curada,2023-01-31,2023-01-31,,,FALSE
M2018_PA_7_20620_140000604330,7,estadual,fim_regular,fonte_oficial_curada,2023-01-31,2023-01-31,,,FALSE
M2018_PA_7_20777_140000604337,7,estadual,fim_regular,fonte_oficial_curada,2023-01-31,2023-01-31,,,FALSE
M2018_PA_7_22111_140000604231,7,estadual,fim_regular,fonte_oficial_curada,2023-01-31,2023-01-31,,,FALSE
M2018_PA_7_22222_140000604209,7,estadual,renuncia,fonte_oficial_curada,2020-12-01,2023-01-31,outro,cargo_incompativel,FALSE
M2018_PA_7_22444_140000604223,7,estadual,fim_regular,fonte_oficial_curada,2023-01-31,2023-01-31,,,FALSE
M2018_PA_7_23333_140000625061,7,estadual,fim_regular,fonte_oficial_curada,2023-01-31,2023-01-31,,,FALSE
M2018_PA_7_25000_140000614299,7,estadual,fim_regular,fonte_oficial_curada,2023-01-31,2023-01-31,,,FALSE
M2018_PA_7_25123_140000614294,7,estadual,fim_regular,fonte_oficial_curada,2023-01-31,2023-01-31,,,FALSE
M2018_PA_7_25678_140000614300,7,estadual,fim_regular,fonte_oficial_curada,2023-01-31,2023-01-31,,,FALSE
M2018_PA_7_27777_140000606002,7,estadual,fim_regular,fonte_oficial_curada,2023-01-31,2023-01-31,,,FALSE
M2018_PA_7_31111_140000609362,7,estadual,fim_regular,fonte_oficial_curada,2023-01-31,2023-01-31,fim_regular,wikidata,FALSE
M2018_PA_7_33123_140000625116,7,estadual,fim_regular,fonte_oficial_curada,2023-01-31,2023-01-31,,,FALSE
M2018_PA_7_40999_140000621016,7,estadual,fim_regular,fonte_oficial_curada,2023-01-31,2023-01-31,,,FALSE
M2018_PA_7_45000_140000614282,7,estadual,fim_regular,fonte_oficial_curada,2023-01-31,2023-01-31,,,FALSE
M2018_PA_7_45111_140000614284,7,estadual,fim_regular,fonte_oficial_curada,2023-01-31,2023-01-31,,,FALSE
M2018_PA_7_45112_140000614279,7,estadual,fim_regular,fonte_oficial_curada,2023-01-31,2023-01-31,,,FALSE
M2018_PA_7_45130_140000614291,7,estadual,fim_regular,fonte_oficial_curada,2023-01-31,2023-01-31,,,FALSE
M2018_PA_7_45678_140000614283,7,estadual,renuncia,fonte_oficial_curada,2020-12-01,2023-01-31,outro,cargo_incompativel,FALSE
M2018_PA_7_50123_140000604428,7,estadual,fim_regular,fonte_oficial_curada,2023-01-31,2023-01-31,,,FALSE
M2018_PA_7_51234_140000609817,7,estadual,fim_regular,fonte_oficial_curada,2023-01-31,2023-01-31,,,FALSE
M2018_PA_7_55055_140000606014,7,estadual,fim_regular,fonte_oficial_curada,2023-01-31,2023-01-31,,,FALSE
M2018_PA_7_55123_140000606010,7,estadual,fim_regular,fonte_oficial_curada,2023-01-31,2023-01-31,,,FALSE
M2018_PA_7_55500_140000606006,7,estadual,fim_regular,fonte_oficial_curada,2023-01-31,2023-01-31,,,FALSE
M2018_PA_7_77777_140000613485,7,estadual,fim_regular,fonte_oficial_curada,2023-01-31,2023-01-31,,,FALSE
M2018_SC_7_10123_240000619078,7,estadual,fim_regular,fonte_oficial_curada,2023-01-31,2023-01-31,,,FALSE
M2018_SC_7_11130_240000627262,7,estadual,fim_regular,fonte_oficial_curada,2023-01-31,2023-01-31,,,FALSE
M2018_SC_7_11234_240000627271,7,estadual,fim_regular,fonte_oficial_curada,2023-01-31,2023-01-31,,,FALSE
M2018_SC_7_11333_240000627272,7,estadual,fim_regular,fonte_oficial_curada,2023-01-31,2023-01-31,fim_regular,wikidata,FALSE
M2018_SC_7_12012_240000622579,7,estadual,fim_regular,fonte_oficial_curada,2023-01-31,2023-01-31,,,FALSE
M2018_SC_7_12345_240000622590,7,estadual,fim_regular,fonte_oficial_curada,2023-01-31,2023-01-31,,,FALSE
M2018_SC_7_13120_240000624375,7,estadual,fim_regular,fonte_oficial_curada,2023-01-31,2023-01-31,,,FALSE
M2018_SC_7_13450_240000624371,7,estadual,fim_regular,fonte_oficial_curada,2023-01-31,2023-01-31,,,FALSE
M2018_SC_7_13601_240000624373,7,estadual,fim_regular,fonte_oficial_curada,2023-01-31,2023-01-31,,,FALSE
M2018_SC_7_13987_240000624361,7,estadual,fim_regular,fonte_oficial_curada,2023-01-31,2023-01-31,,,FALSE
M2018_SC_7_15000_240000609583,7,estadual,fim_regular,fonte_oficial_curada,2023-01-31,2023-01-31,,,FALSE
M2018_SC_7_15010_240000609569,7,estadual,fim_regular,fonte_oficial_curada,2023-01-31,2023-01-31,,,FALSE
M2018_SC_7_15015_240000609562,7,estadual,fim_regular,fonte_oficial_curada,2023-01-31,2023-01-31,,,FALSE
M2018_SC_7_15150_240000609585,7,estadual,fim_regular,fonte_oficial_curada,2023-01-31,2023-01-31,,,FALSE
M2018_SC_7_15180_240000609576,7,estadual,fim_regular,fonte_oficial_curada,2023-01-31,2023-01-31,,,FALSE
M2018_SC_7_15200_240000609581,7,estadual,fim_regular,fonte_oficial_curada,2023-01-31,2023-01-31,,,FALSE
M2018_SC_7_15220_240000609575,7,estadual,fim_regular,fonte_oficial_curada,2023-01-31,2023-01-31,,,FALSE
M2018_SC_7_15270_240000609578,7,estadual,fim_regular,fonte_oficial_curada,2023-01-31,2023-01-31,,,FALSE
M2018_SC_7_15655_240000609568,7,estadual,fim_regular,fonte_oficial_curada,2023-01-31,2023-01-31,,,FALSE
M2018_SC_7_17010_240000609687,7,estadual,fim_regular,fonte_oficial_curada,2023-01-31,2023-01-31,,,FALSE
M2018_SC_7_17017_240000609693,7,estadual,fim_regular,fonte_oficial_curada,2023-01-31,2023-01-31,,,FALSE
M2018_SC_7_17107_240000609675,7,estadual,fim_regular,fonte_oficial_curada,2023-01-31,2023-01-31,,,FALSE
M2018_SC_7_17193_240000609691,7,estadual,fim_regular,fonte_oficial_curada,2023-01-31,2023-01-31,,,FALSE
M2018_SC_7_17771_240000609673,7,estadual,fim_regular,fonte_oficial_curada,2023-01-31,2023-01-31,,,FALSE
M2018_SC_7_17777_240000609681,7,estadual,fim_regular,fonte_oficial_curada,2023-01-31,2023-01-31,,,FALSE
M2018_SC_7_20104_240000627253,7,estadual,fim_regular,fonte_oficial_curada,2023-01-31,2023-01-31,,,FALSE
M2018_SC_7_22022_240000609796,7,estadual,fim_regular,fonte_oficial_curada,2023-01-31,2023-01-31,,,FALSE
M2018_SC_7_22123_240000609792,7,estadual,fim_regular,fonte_oficial_curada,2023-01-31,2023-01-31,,,FALSE
M2018_SC_7_22222_240000609795,7,estadual,fim_regular,fonte_oficial_curada,2023-01-31,2023-01-31,,,FALSE
M2018_SC_7_40030_240000619051,7,estadual,fim_regular,fonte_oficial_curada,2023-01-31,2023-01-31,fim_regular,wikidata,FALSE
M2018_SC_7_40111_240000619059,7,estadual,fim_regular,fonte_oficial_curada,2023-01-31,2023-01-31,,,FALSE
M2018_SC_7_40369_240000619063,7,estadual,fim_regular,fonte_oficial_curada,2023-01-31,2023-01-31,,,FALSE
M2018_SC_7_43555_240000627333,7,estadual,fim_regular,fonte_oficial_curada,2023-01-31,2023-01-31,,,FALSE
M2018_SC_7_45699_240000609608,7,estadual,fim_regular,fonte_oficial_curada,2023-01-31,2023-01-31,,,FALSE
M2018_SC_7_45999_240000609619,7,estadual,fim_regular,fonte_oficial_curada,2023-01-31,2023-01-31,,,FALSE
M2018_SC_7_55100_240000627258,7,estadual,fim_regular,fonte_oficial_curada,2023-01-31,2023-01-31,,,FALSE
M2018_SC_7_55111_240000627250,7,estadual,fim_regular,fonte_oficial_curada,2023-01-31,2023-01-31,,,FALSE
M2018_SC_7_55123_240000627242,7,estadual,fim_regular,fonte_oficial_curada,2023-01-31,2023-01-31,,,FALSE
M2018_SC_7_55777_240000627237,7,estadual,fim_regular,fonte_oficial_curada,2023-01-31,2023-01-31,,,FALSE
M2018_SC_7_55858_240000627238,7,estadual,fim_regular,fonte_oficial_curada,2023-01-31,2023-01-31,,,FALSE
M2022_ES_7_11100_80001649877,7,estadual,renuncia,fonte_oficial_curada,2025-01-01,2027-01-31,outro,assembleia_inventario,FALSE
M2022_ES_7_19000_80001609612,7,estadual,renuncia,fonte_oficial_curada,2025-01-01,2027-01-31,outro,cargo_incompativel,FALSE
M2022_GO_7_44500_90001648408,7,estadual,renuncia,fonte_oficial_curada,2024-12-27,2027-01-31,outro,cargo_incompativel,FALSE
M2022_MT_7_14100_110001635705,7,estadual,renuncia,fonte_oficial_curada,2024-12-30,2027-01-31,outro,assembleia_inventario,FALSE
M2022_SC_7_14181_240001614282,7,estadual,renuncia,fonte_oficial_curada,2024-12-18,2027-01-31,outro,cargo_incompativel,FALSE
M2022_TO_7_22111_270001643584,7,estadual,renuncia,fonte_oficial_curada,2024-12-31,2027-01-31,outro,assembleia_api,FALSE
M2024_43710_11_13_130001996829,11,municipal,renuncia,diario_oficial,2026-04-06,2028-12-31,renuncia,wikipedia,FALSE
