"uf","sg_ue","ano_eleicao_bocel","nome_fonte","titular","id_mandato_sapl","url","observacao"
"AM","02011","2016","Nerita de Castro Menezes","TRUE","1","https://sapl.novoairao.am.leg.br/api/parlamentares/mandato/1/","Atual Presidente da Casa."
"AM","02259","2020","Edilson de Oliveira Lima","FALSE","31","https://sapl.coari.am.leg.br/api/parlamentares/mandato/31/","Não peretence mais ao quadro de vereadores da Legislatura 2021-2024 por ter sido eleito como Vice-Prefeito nas Eleições Suplementares de 2021"
"AM","02275","2004","SIDNEY HERNANI DE OLIVEIRA","TRUE","42","https://sapl.codajas.am.leg.br/api/parlamentares/mandato/42/","Pelo Partido PPS."
"AM","02275","2008","AMARILDO PAIVA DE SOUZA","TRUE","28","https://sapl.codajas.am.leg.br/api/parlamentares/mandato/28/","Pelo partido PSB"
"AM","02275","2008","ISAIAS VICENTE DE SOUZA","TRUE","33","https://sapl.codajas.am.leg.br/api/parlamentares/mandato/33/","Pelo Partido PTB"
"AM","02275","2012","EVANDRO DELMIRO FEITOSA","TRUE","26","https://sapl.codajas.am.leg.br/api/parlamentares/mandato/26/","Pelo partido PTN"
"AM","02275","2012","ISAIAS VICENTE DE SOUZA","TRUE","32","https://sapl.codajas.am.leg.br/api/parlamentares/mandato/32/","Pelo Partido PTB"
"AM","02976","2024","Silvano Menezes Rodrigues","TRUE","14","https://sapl.boavistadoramos.am.leg.br/api/parlamentares/mandato/14/","O vereador mais votado nas eleições 2024 no município de Boa Vista do Ramos"
"BA","33553","1996","Antônio Lopes de Araújo","TRUE","141","https://sapl.barradaestiva.ba.leg.br/api/parlamentares/mandato/141/","Líder da Minoria na 12 Legislatura (1997-2000)."
"BA","33553","1996","Clemens José Cajazeira Ramos","TRUE","132","https://sapl.barradaestiva.ba.leg.br/api/parlamentares/mandato/132/","Líder da Maioria na 12 Legislatura (1997-2000)."
"BA","33553","2000","Adalberto Caires Rocha","TRUE","149","https://sapl.barradaestiva.ba.leg.br/api/parlamentares/mandato/149/","Líder da Minoria na 13 Legislatura, no biênio 2003/2004."
"BA","33553","2000","Antônio Renato da Silva Caires","TRUE","153","https://sapl.barradaestiva.ba.leg.br/api/parlamentares/mandato/153/","Líder da Maioria na 13 Legislatura no biênio 2003/2004."
"BA","33553","2000","Marcos Aguiar Viana","TRUE","150","https://sapl.barradaestiva.ba.leg.br/api/parlamentares/mandato/150/","Líder da Minoria na 13 Legislatura, no biênio 2001-2002."
"BA","33553","2000","VALTER SILVA PEREIRA","TRUE","151","https://sapl.barradaestiva.ba.leg.br/api/parlamentares/mandato/151/","Líder da Maioria na 13 Legislatura, no biênio 2001/2002."
"BA","33553","2008","Antônio Lopes de Araújo","TRUE","166","https://sapl.barradaestiva.ba.leg.br/api/parlamentares/mandato/166/","Líder da Maioria na 15 Legislatura, no biênio 2009/2010."
"BA","33553","2008","Marcos Aguiar Viana","TRUE","163","https://sapl.barradaestiva.ba.leg.br/api/parlamentares/mandato/163/","Líder da Maioria na 15 Legislatura, no biênio 2011/2012."
"BA","33553","2008","VALDNEI DA SILVA CAIRES","TRUE","167","https://sapl.barradaestiva.ba.leg.br/api/parlamentares/mandato/167/","Líder da Minoria na 15 Legislatura, do biênio 2009/2010."
"BA","33553","2008","VALTER SILVA PEREIRA","TRUE","170","https://sapl.barradaestiva.ba.leg.br/api/parlamentares/mandato/170/","Líder da Minoria na 15 Legislatura, do biênio 2011-2012."
"BA","33553","2012","Admo Marcelo da Conceição Elva","TRUE","172","https://sapl.barradaestiva.ba.leg.br/api/parlamentares/mandato/172/","Líder da Oposição na 16 Legislatura do biênio 2015/2016."
"BA","33553","2012","ALESSANDRO SANTOS PEREIRA","TRUE","177","https://sapl.barradaestiva.ba.leg.br/api/parlamentares/mandato/177/","Vice-Líder da Situação na 16 Legislatura do biênio 2013/2014."
"BA","33553","2012","ELZITO FREITAS SILVA","TRUE","178","https://sapl.barradaestiva.ba.leg.br/api/parlamentares/mandato/178/","Líder da Situação na 16 Legislatura, no biênio 2015/2016."
"BA","33553","2012","Eronilson Martins de Souza","TRUE","180","https://sapl.barradaestiva.ba.leg.br/api/parlamentares/mandato/180/","Vice-Líder da Oposição na 16 Legislatura - 2013/2016."
"BA","33553","2012","GILSON DANTAS PEREIRA","TRUE","174","https://sapl.barradaestiva.ba.leg.br/api/parlamentares/mandato/174/","Vice-Líder da Situação na 16 Legislatura, do biênio 2015/2016."
"BA","33553","2012","VALDNEI DA SILVA CAIRES","TRUE","179","https://sapl.barradaestiva.ba.leg.br/api/parlamentares/mandato/179/","Líder da Oposição na 16 Legislatura, do biênio 2013/2014."
"BA","34673","2000","Adalberto Neres Pinto Gordiano","TRUE","186","https://sapl.conceicaodocoite.ba.leg.br/api/parlamentares/mandato/186/","Partido PT"
"BA","34673","2000","Aldomir Mota Mascarenhas","TRUE","191","https://sapl.conceicaodocoite.ba.leg.br/api/parlamentares/mandato/191/","Partido PP"
"BA","34673","2000","Arivaldo Ferreira Mota","TRUE","187","https://sapl.conceicaodocoite.ba.leg.br/api/parlamentares/mandato/187/","Partido PT"
"BA","34673","2000","Edevaldo Santiago Ramos","TRUE","188","https://sapl.conceicaodocoite.ba.leg.br/api/parlamentares/mandato/188/","Partido PP"
"BA","34673","2000","Eliana Cirino Cruza","TRUE","189","https://sapl.conceicaodocoite.ba.leg.br/api/parlamentares/mandato/189/","Partido PMDB
Coligação PMDB / PSC / PPS / PFL"
"BA","34673","2000","Gersonilton Martins da Silva","TRUE","190","https://sapl.conceicaodocoite.ba.leg.br/api/parlamentares/mandato/190/","Partido PTB"
"BA","34673","2000","Gilberto Oliveira Carneiro","TRUE","179","https://sapl.conceicaodocoite.ba.leg.br/api/parlamentares/mandato/179/","Partido PL"
"BA","34673","2000","José Anaedson Reis Mota","TRUE","185","https://sapl.conceicaodocoite.ba.leg.br/api/parlamentares/mandato/185/","Partido PTB"
"BA","34673","2000","José Cirino de Araújo","TRUE","178","https://sapl.conceicaodocoite.ba.leg.br/api/parlamentares/mandato/178/","Partido PFL"
"BA","34673","2000","José Jailmo Pereira Gomes","TRUE","180","https://sapl.conceicaodocoite.ba.leg.br/api/parlamentares/mandato/180/","Partido PFL
Coligação PMDB / PSC / PPS / PFL"
"BA","34673","2000","Josivaldo Lopes da Silva","TRUE","177","https://sapl.conceicaodocoite.ba.leg.br/api/parlamentares/mandato/177/","Partido PP"
"BA","34673","2000","Jurandir Lopes Carneiro","TRUE","181","https://sapl.conceicaodocoite.ba.leg.br/api/parlamentares/mandato/181/","Partido PMDB
Coligação PMDB / PSC / PPS / PFL"
"BA","34673","2000","Maria Eugênica C. de Lima Carneiro","TRUE","182","https://sapl.conceicaodocoite.ba.leg.br/api/parlamentares/mandato/182/","Partido PP"
"BA","34673","2000","Maria Neuza Moraes Carneiro","TRUE","183","https://sapl.conceicaodocoite.ba.leg.br/api/parlamentares/mandato/183/","Partido PTB"
"BA","34673","2000","Pedro Cordeiro dos Santos","TRUE","184","https://sapl.conceicaodocoite.ba.leg.br/api/parlamentares/mandato/184/","Partido PTB"
"BA","35971","2020","Diego Pitanga dos Santos","FALSE","47","https://sapl.itabuna.ba.leg.br/api/parlamentares/mandato/47/","O parlamentar titular, Manoel Carlos de Jesus Porfírio, reassumiu o mandato, conforme o """"Termo de reassunção ao cargo de vereador do município de Itabuna"""", publicado no Diário Oficial em 26/10/2023."
"BA","36692","2012","CRISÓSTOMO ANTONIO LIMA","TRUE","28","https://sapl.juazeiro.ba.leg.br/api/parlamentares/mandato/28/","Eleito Deputado Estadual"
"BA","36692","2024","Ailton Batista da Costa","TRUE","89","https://sapl.juazeiro.ba.leg.br/api/parlamentares/mandato/89/","Para assumir a pasta de Desenvolvimento Rural, abrindo vaga para o vereador Dr. Salvador, primeiro suplente da Federação partidária PT/PV/PCdoB."
"BA","37893","2016","ORGETO BASTOS DOS SANTOS","FALSE","1","https://sapl.pilaoarcado.ba.leg.br/api/parlamentares/mandato/1/","Assumiu o Cargo de Prefeito até a realização de Novo Pleito Majoritário neste Município."
"BA","39659","2020","Edivaldo Santos Ferreira Júnior","TRUE","46","https://sapl.vitoriadaconquista.ba.leg.br/api/parlamentares/mandato/46/","Vereador foi diplomado após decisão do TSE de recontagem votos."
"CE","13188","2016","Luciano Nogueira da Silva","FALSE","22","https://sapl.horizonte.ce.leg.br/api/parlamentares/mandato/22/","O Vereador assumiu no lugar do Vereador Luciano Pinheiro"
"CE","13196","2024","Carlos Cesar Gomes","TRUE","149","https://sapl.aquiraz.ce.leg.br/api/parlamentares/mandato/149/","Para ocupar cargo de Assessor de Relações Institucionais da Prefeitura Municipal de Aquiraz, assumindo o mandato em seu lugar o suplente de Vereador Ronaldo Lima."
"CE","13218","2016","Michelson dos Santos Silva","FALSE","25","https://sapl.aracati.ce.leg.br/api/parlamentares/mandato/25/","O Vereador finda o madato por decisão da justiça eleitoral que cassou o seu diploma, sicando como titular a 1ª Suplente do Seu partido, Vereador Roberta."
"CE","13439","2008","Francisco Cláudio Filgueira","TRUE","56","https://sapl.beberibe.ce.leg.br/api/parlamentares/mandato/56/","O Vereador é suplente e assumiu ao cargo no lugar do Vereador Robério Facó."
"CE","13897","1996","Agostinho Frederico Carmo Gomes","TRUE","248","https://sapl.fortaleza.ce.leg.br/api/parlamentares/mandato/248/","O Vereador é suplente."
"CE","13897","2000","Antonio Durval Ferraz Soares","TRUE","170","https://sapl.fortaleza.ce.leg.br/api/parlamentares/mandato/170/","O Vereador era suplente nas eleições, e por ocasião da eleição do Vereador José Aiton Cirilo para o cargo de Deputado Estadual em 2002, o mesmo ficou efetivo no cargo no biênio 2003-2004."
"CE","13897","2000","Francisco Cunha Saldanha","TRUE","172","https://sapl.fortaleza.ce.leg.br/api/parlamentares/mandato/172/","O Vereador era suplente e se efetivou no cargo no biênio 2003-2004."
"CE","13897","2000","José Elson Damasceno","TRUE","173","https://sapl.fortaleza.ce.leg.br/api/parlamentares/mandato/173/","O Vereador era suplente e se efetivou no cargo em 2003 por ocasião da eleição do Vereador Francisco Caminha para o cargo de Deputado Estadual em 2002."
"CE","13897","2000","José Maria Couto Bezerra","TRUE","143","https://sapl.fortaleza.ce.leg.br/api/parlamentares/mandato/143/","O Vereador foi Presidente da Casa no biênio 2001-2002."
"CE","13897","2000","Paulo César Feitosa Arrais","TRUE","171","https://sapl.fortaleza.ce.leg.br/api/parlamentares/mandato/171/","O Vereador era suplente e se efetivou no cargo em 2003."
"CE","13897","2000","Paulo de Tarso Campos Ferreira","TRUE","179","https://sapl.fortaleza.ce.leg.br/api/parlamentares/mandato/179/","O Vereador é suplente."
"CE","13897","2000","Paulo de Tarso Facó Bezerra","TRUE","174","https://sapl.fortaleza.ce.leg.br/api/parlamentares/mandato/174/","O Vereador é suplente."
"CE","13897","2000","Raimundo Narcílio de Andrade","TRUE","155","https://sapl.fortaleza.ce.leg.br/api/parlamentares/mandato/155/","O Vereador é suplente."
"CE","13897","2000","Roberto Rios Nogueira","TRUE","164","https://sapl.fortaleza.ce.leg.br/api/parlamentares/mandato/164/","O Vereador é suplente"
"CE","13897","2000","Silvio Ernesto Veras Frota","TRUE","167","https://sapl.fortaleza.ce.leg.br/api/parlamentares/mandato/167/","O Vereador é Suplente."
"CE","13897","2004","Ageu da Costa Rodrigues","TRUE","95","https://sapl.fortaleza.ce.leg.br/api/parlamentares/mandato/95/","O Vereador era suplente."
"CE","13897","2004","Agostinho Frederico Carmo Gomes","TRUE","99","https://sapl.fortaleza.ce.leg.br/api/parlamentares/mandato/99/","O Vereador Tin Gomes foi Presidente da Câmara durante toda a 15ª Legislatura."
"CE","13897","2004","Antonio Augusto Moreira e Silva","TRUE","89","https://sapl.fortaleza.ce.leg.br/api/parlamentares/mandato/89/","O Vereador foi eleito Deputado Estadual nas eleições de 2006."
"CE","13897","2004","Casimiro Leite de Oliveira Neto","TRUE","134","https://sapl.fortaleza.ce.leg.br/api/parlamentares/mandato/134/","O Vereador é suplente."
"CE","13897","2004","Francisca Eliana Gomes dos Santos","TRUE","103","https://sapl.fortaleza.ce.leg.br/api/parlamentares/mandato/103/","A Vereadora Eliana assumiu ao mandato no lugar do Vereador Lula Morais que foi eleito Deputado Estadual nas eleições de 2006."
"CE","13897","2004","Francisco Addler Pinheiro Gomes","TRUE","175","https://sapl.fortaleza.ce.leg.br/api/parlamentares/mandato/175/","O Vereador é suplente."
"CE","13897","2004","Francisco Antônio Martins Nogueira","TRUE","82","https://sapl.fortaleza.ce.leg.br/api/parlamentares/mandato/82/","O Vereador era suplente."
"CE","13897","2004","Jadas Reis","TRUE","177","https://sapl.fortaleza.ce.leg.br/api/parlamentares/mandato/177/","O Vereador é suplente."
"CE","13897","2004","José Carlos Vasconcelos","TRUE","109","https://sapl.fortaleza.ce.leg.br/api/parlamentares/mandato/109/","O Vereador é suplente."
"CE","13897","2004","Luiz Carlos Andrade Morais","TRUE","102","https://sapl.fortaleza.ce.leg.br/api/parlamentares/mandato/102/","O Vereador Lula Morais foi eleito Deputado Estadual nas eleições de 2006 e em seu lugar assumiu o mandato a Vereadora Eliana Gomes."
"CE","13897","2004","Marcio Eduardo e Lima Lopes","TRUE","117","https://sapl.fortaleza.ce.leg.br/api/parlamentares/mandato/117/","O Vereador tornou-se titular quando o Vereador Augustinho Moreira foi eleito Deputado Estadual nas eleições de 2006."
"CE","13897","2004","Maria Amélia Bezerra de Moura Nunes","FALSE","112","https://sapl.fortaleza.ce.leg.br/api/parlamentares/mandato/112/","A Vereadora é Suplente."
"CE","13897","2004","Maria Magaly Marques Dantas","TRUE","78","https://sapl.fortaleza.ce.leg.br/api/parlamentares/mandato/78/","A Vereadora era suplente."
"CE","13897","2004","Paulo Barreto Ribeiro Mindêllo","TRUE","113","https://sapl.fortaleza.ce.leg.br/api/parlamentares/mandato/113/","O Vereador é Suplente."
"CE","13897","2004","Paulo de Tarso Campos Ferreira","TRUE","178","https://sapl.fortaleza.ce.leg.br/api/parlamentares/mandato/178/","O Vereador é suplente."
"CE","13897","2004","Raimundo Nonato Ferreira Aragão","TRUE","94","https://sapl.fortaleza.ce.leg.br/api/parlamentares/mandato/94/","O Vereador Ferreira ARagão foi eleito Deputado Estadual nas eleições de 2006."
"CE","13897","2004","Rogério de Alencar Araripe Pinheiro ","TRUE","116","https://sapl.fortaleza.ce.leg.br/api/parlamentares/mandato/116/","O Vereador é suplente."
"CE","13897","2008","Antônio Ronivaldo da Silva Maia","TRUE","36","https://sapl.fortaleza.ce.leg.br/api/parlamentares/mandato/36/","Líder do Governo Luizianne Lins na Câmara."
"CE","13897","2008","Eliane Novais Elutério Teixeira","TRUE","45","https://sapl.fortaleza.ce.leg.br/api/parlamentares/mandato/45/","A Vereadora Eliane Novais foi eleita Deputada Estadual nas Eleições de 2010."
"CE","13897","2008","Francisco Antônio Martins Nogueira","TRUE","32","https://sapl.fortaleza.ce.leg.br/api/parlamentares/mandato/32/","O Vereador assumiu ao mandato no lugar da Vereadora Eliane Novais que foi eleita Deputada Estadual."
"CE","13897","2008","Francisco Eron Mendes Moreira","TRUE","13","https://sapl.fortaleza.ce.leg.br/api/parlamentares/mandato/13/","O Vereador assumiu ao mandato na vaga do Vereador Roberto Mesquita que foi eleito Deputado Estadual."
"CE","13897","2008","Francisco Mangueira Sobrinho","TRUE","111","https://sapl.fortaleza.ce.leg.br/api/parlamentares/mandato/111/","O Vereador é suplente."
"CE","13897","2008","Francisco Wellington Sabóia Vitorino","TRUE","61","https://sapl.fortaleza.ce.leg.br/api/parlamentares/mandato/61/","O Vereador é suplente e assumiu ao mandato no lugar de Vereador Titular."
"CE","13897","2008","Francisco Willame Correia de Lima","TRUE","60","https://sapl.fortaleza.ce.leg.br/api/parlamentares/mandato/60/","O Vereador é suplente."
"CE","13897","2008","Gerôncio de Sousa Coelho","TRUE","35","https://sapl.fortaleza.ce.leg.br/api/parlamentares/mandato/35/","O Vereador assumiu ao mandato no lugar do Vereador Paulo Facó que foi eleito Deputado Estadual."
"CE","13897","2008","João Salmito Filho","TRUE","37","https://sapl.fortaleza.ce.leg.br/api/parlamentares/mandato/37/","O Vereador Salmito Filho foi Presidente da Câmara no biênio 2009-2010."
"CE","13897","2008","José Adauto Elói de Almeida","TRUE","114","https://sapl.fortaleza.ce.leg.br/api/parlamentares/mandato/114/","O Vereador é Suplente."
"CE","13897","2008","José Solário Macedo Crispim","TRUE","57","https://sapl.fortaleza.ce.leg.br/api/parlamentares/mandato/57/","O Vereador é suplente e assumiu ao mandato no lugar do Vereador José Freire."
"CE","13897","2008","Marcílio Catunda Ferreira Gomes","TRUE","30","https://sapl.fortaleza.ce.leg.br/api/parlamentares/mandato/30/","O Vereador Assumiu ao mandato no lugar do Vereador Mário Hélio que foi eleito Deputado Estadual."
"CE","13897","2008","Maria Amélia Bezerra de Moura Nunes","FALSE","118","https://sapl.fortaleza.ce.leg.br/api/parlamentares/mandato/118/","A Vereadora é suplente."
"CE","13897","2008","Mário Hélio Portela Reinaldo","TRUE","43","https://sapl.fortaleza.ce.leg.br/api/parlamentares/mandato/43/","O Vereador Mário Hélio foi eleito Deputado Estadual nas eleições de 2010."
"CE","13897","2008","Paulo de Tarso Facó Bezerra","TRUE","46","https://sapl.fortaleza.ce.leg.br/api/parlamentares/mandato/46/","O Vereador Paulo Facó foi eleito Deputado Estadual nas eleições de 2010."
"CE","13897","2008","Verônica Gurgel SIlva","TRUE","63","https://sapl.fortaleza.ce.leg.br/api/parlamentares/mandato/63/","A Vereadora é suplente."
"CE","13897","2012","Pedro Victor Colares Gomes de Matos","TRUE","377","https://sapl.fortaleza.ce.leg.br/api/parlamentares/mandato/377/","Assumiu o mandato no lugar do Vereador Titular, Carlos Dutra."
"CE","14230","2020","Maria da Penha dos Santos Lobato","FALSE","13","https://sapl.iraucuba.ce.leg.br/api/parlamentares/mandato/13/","A Vereadora é suplente e assumiu ao mandato no lugar do Vereador"
"CE","15490","2016","Antonio Pereira Silva","FALSE","54","https://sapl.saogoncalodoamarante.ce.leg.br/api/parlamentares/mandato/54/","O Vereador é suplente e assumiu o mandato no lugar do Vereador Iranildo"
"ES","56103","2012","Cezar Tadeu Ronchi Junior","TRUE","2","https://sapl.marechalfloriano.es.leg.br/api/parlamentares/mandato/2/","Vereador Eleito em 2013.
2 Vereador mais votado entre 90 candidatos."
"ES","56103","2016","Cezar Tadeu Ronchi Junior","TRUE","12","https://sapl.marechalfloriano.es.leg.br/api/parlamentares/mandato/12/","teste"
"ES","57096","2020","Elias Cândido da Silveira","FALSE","12","https://sapl.ibatiba.es.leg.br/api/parlamentares/mandato/12/","Número: 0600606-20.2020.6.08.0010
Classe: AGRAVO EM RECURSO ESPECIAL ELEITORAL
Órgão julgador colegiado: Colegiado do Tribunal Superior Eleitoral
Órgão julgador: JUR2 - ocupado pelo Ministro Floriano de Azevedo Marques
Assuntos: Cargo - Vereador, Corrupção ou Fraude, Ação de Impugnação de Mandato Eletivo"
"ES","57096","2020","Fernando Vieira de Souza","FALSE","16","https://sapl.ibatiba.es.leg.br/api/parlamentares/mandato/16/","Número: 0600606-20.2020.6.08.0010
Classe: AGRAVO EM RECURSO ESPECIAL ELEITORAL
Órgão julgador colegiado: Colegiado do Tribunal Superior Eleitoral
Órgão julgador: JUR2 - ocupado pelo Ministro Floriano de Azevedo Marques
Assuntos: Cargo - Vereador, Corrupção ou Fraude, Ação de Impugnação de Mandato Eletivo"
"ES","57096","2020","Jorcy Miranda Sangi","FALSE","11","https://sapl.ibatiba.es.leg.br/api/parlamentares/mandato/11/","Número: 0600606-20.2020.6.08.0010
Classe: AGRAVO EM RECURSO ESPECIAL ELEITORAL
Órgão julgador colegiado: Colegiado do Tribunal Superior Eleitoral
Órgão julgador: JUR2 - ocupado pelo Ministro Floriano de Azevedo Marques
Assuntos: Cargo - Vereador, Corrupção ou Fraude, Ação de Impugnação de Mandato Eletivo"
"ES","57096","2024","Jadson Alves De Freitas Moreno","TRUE","31","https://sapl.ibatiba.es.leg.br/api/parlamentares/mandato/31/","https://ibatiba.es.leg.br/legislacao/detalhe/2060/resolucao-1-2026.html"
"ES","57134","2020","EDMILSON NUNES DE QUEIROZ","FALSE","31","https://sapl.jaguare.es.leg.br/api/parlamentares/mandato/31/","VEREADOR AVASTADO DEVIDO A IRREGULARIDADE DO PARTIDO - DESIÇÃO DO TSE"
"ES","57134","2020","RICARDO COSTA BARROS","FALSE","38","https://sapl.jaguare.es.leg.br/api/parlamentares/mandato/38/","VEREADOR AVASTADO DEVIDO A IRREGULARIDADE DO PARTIDO - DESIÇÃO DO TSE"
"GO","93610","2012","Natanael Caetano do Nascimento","TRUE","18","https://sapl.formosa.go.leg.br/api/parlamentares/mandato/18/","Decreto 201/67"
"GO","95630","2016","DENILSON BARBOSA DE SOUZA","TRUE","20","https://sapl.quirinopolis.go.leg.br/api/parlamentares/mandato/20/","O vereador reassumiu seu cargo no dia 03-04-2020 no lugar da vereadora Núbia Theodoro."
"GO","95630","2020","Dagma Andrea de Oliveira","FALSE","47","https://sapl.quirinopolis.go.leg.br/api/parlamentares/mandato/47/","Vereadora assumiu o mandato em sbstituição ao Vereador Tocozinho que teve seus direitos politicos caçados pela justiça."
"MA","08621","2004","Cilas Pereira da Silva","FALSE","57","https://sapl.vilanovadosmartirios.ma.leg.br/api/parlamentares/mandato/57/","O Verador Cilas Pereira da Silva foi o 1° Suplente da 3ª Legislatura."
"MG","40088","2020","Genomar Tiago de Araújo","TRUE","79","https://sapl.carneirinho.mg.leg.br/api/parlamentares/mandato/79/","na eleição de 2024 obteve 256 votos no partido Republicano, sendo o primeiro suplente do partido em caso de vacância."
"MG","40606","2024","MARCON DA MOTA CORREA","FALSE","49","https://sapl.riachinho.mg.leg.br/api/parlamentares/mandato/49/","Suplente do Vereador José Montijo Pereira"
"MG","40720","1996","Altazir Cândido Garcia","FALSE","29","https://sapl.saojoaodomanhuacu.mg.leg.br/api/parlamentares/mandato/29/","Entrou como suplente na vaga do vereador José Noel da Silva."
"MG","40720","1996","Márcio Lopes Schiavo","FALSE","30","https://sapl.saojoaodomanhuacu.mg.leg.br/api/parlamentares/mandato/30/","Márcio entrou como 1º suplente do PPB, em abril de 2000, na vaga deixada pela Vereadora Juliana Portes Miranda."
"MG","40835","2012","Moacir Alves Rosa","FALSE","46","https://sapl.arcos.mg.leg.br/api/parlamentares/mandato/46/","Assumiu a vaga do parlamentar Moacir Alves Rosa."
"MG","40835","2016","Geraldo Cláudio Rodrigues","FALSE","14","https://sapl.arcos.mg.leg.br/api/parlamentares/mandato/14/","Assumiu a vaga do parlamentar Eduardo Carvalho Faria."
"MG","40835","2016","Magda Isolina Giacomim Fontes","FALSE","33","https://sapl.arcos.mg.leg.br/api/parlamentares/mandato/33/","Assumiu a vaga do parlamentar Pedro César Rodrigues."
"MG","40835","2016","Maria Aparecida Alves","FALSE","22","https://sapl.arcos.mg.leg.br/api/parlamentares/mandato/22/","Assumiu a vaga do parlamentar Wirlei de Castro Alves."
"MG","40835","2016","Vinícius Jair Machado","FALSE","19","https://sapl.arcos.mg.leg.br/api/parlamentares/mandato/19/","Assumiu a vaga do parlamentar Geraldo Cláudio Rodrigues"
"MG","40886","2016","Antonio Julio Carneiro","TRUE","11","https://sapl.urucuia.mg.leg.br/api/parlamentares/mandato/11/","Eleito em 1º Lugar nas eleições de 2016 com 3.29% dos votos."
"MG","41530","2004","Maria Aparecida Viana Nepomuceno","TRUE","129","https://sapl.bomjesusdoamparo.mg.leg.br/api/parlamentares/mandato/129/","Convocada para o Executivo em 08/01/1993"
"MG","41530","2008","Adenir Silva Dias","FALSE","144","https://sapl.bomjesusdoamparo.mg.leg.br/api/parlamentares/mandato/144/","Suplente na vaga de Pedro dos Santos Moreira"
"MG","41530","2008","Regina de Oliveira","FALSE","143","https://sapl.bomjesusdoamparo.mg.leg.br/api/parlamentares/mandato/143/","Suplente na vaga de João Luiz dos Santos"
"MG","41785","2012","EVALDO DE JESUS DA SILVA GORDO","TRUE","58","https://sapl.cabeceiragrande.mg.leg.br/api/parlamentares/mandato/58/","ASSUMIU COMO SUPLENTE DA VEREADORA DAISY FERREIRA NETTO"
"MG","41785","2016","Joaquim da Mota Fernandes Neto","TRUE","52","https://sapl.cabeceiragrande.mg.leg.br/api/parlamentares/mandato/52/","coligação formada pelos partidos: PTC / PSB / PSDB / PROS"
"MG","41858","2004","Edivardes Fonseca de Melo","TRUE","19","https://sapl.buritis.mg.leg.br/api/parlamentares/mandato/19/","Presidiu a Câmara em 2006 - início em 01/01/1996 e fim em 31/12/2006."
"MG","42463","2008","Antônio Oliveira Durães","TRUE","12","https://sapl.uruanademinas.mg.leg.br/api/parlamentares/mandato/12/","Eleito em 3° lugar, com 132 VOTOS, em seu 1º mandato 2009-2012."
"MG","42463","2012","Antônio Oliveira Durães","TRUE","27","https://sapl.uruanademinas.mg.leg.br/api/parlamentares/mandato/27/","Eleito por QP, em 7° lugar, com 130 VOTOS (4.59%), em seu 2º mandato 2013-2016."
"MG","42463","2012","Lucidio Bento da Mata","TRUE","32","https://sapl.uruanademinas.mg.leg.br/api/parlamentares/mandato/32/","Eleito POR MÉDIA, em 9° lugar, com 105 VOTOS (3.71%), em seu 1º mandato 2013-2016."
"MG","42463","2016","Adelmo de Souza Paula","TRUE","37","https://sapl.uruanademinas.mg.leg.br/api/parlamentares/mandato/37/","Eleito em 1° lugar, com 282 VOTOS (9.78%), em seu 1º mandato 2017-2020."
"MG","42463","2016","Antônio Oliveira Durães","TRUE","45","https://sapl.uruanademinas.mg.leg.br/api/parlamentares/mandato/45/","Eleito em 9° lugar, com 90 VOTOS (3.12%), em seu 1º mandato 2017-2020."
"MG","42463","2016","Arisio Paulino da Silva","TRUE","38","https://sapl.uruanademinas.mg.leg.br/api/parlamentares/mandato/38/","Eleito em 2° lugar, com 160 VOTOS (5.55%), em seu 1º mandato 2017-2020."
"MG","42463","2016","Gilson Fernandes da Silva","TRUE","42","https://sapl.uruanademinas.mg.leg.br/api/parlamentares/mandato/42/","Eleito em 6° lugar, com 123 VOTOS (4.26%), em seu 2º mandato 2017-2020."
"MG","42463","2016","José Geraldo da Mota Correa","TRUE","43","https://sapl.uruanademinas.mg.leg.br/api/parlamentares/mandato/43/","Eleito em 7° lugar, com 120 VOTOS (4.16%), em seu 1º mandato 2017-2020."
"MG","42463","2016","Leonir Alves Pereira","TRUE","44","https://sapl.uruanademinas.mg.leg.br/api/parlamentares/mandato/44/","Eleito em 8° lugar, com 98 VOTOS (3.40%), em seu 1º mandato 2017-2020."
"MG","42463","2016","Lucidio Bento da Mata","TRUE","41","https://sapl.uruanademinas.mg.leg.br/api/parlamentares/mandato/41/","Eleito em 5° lugar, com 131 VOTOS (4.54%), em seu 2º mandato 2017-2020."
"MG","42463","2016","Neemias Pereira da Silva","TRUE","39","https://sapl.uruanademinas.mg.leg.br/api/parlamentares/mandato/39/","Eleito em 3° lugar, com 141 VOTOS (4.89%), em seu 1º mandato 2017-2020."
"MG","42463","2016","Symara Moreira de Souza Castro","TRUE","40","https://sapl.uruanademinas.mg.leg.br/api/parlamentares/mandato/40/","Eleita em 4° lugar, com 139 VOTOS (4.82%), em seu 1º mandato 2017-2020."
"MG","42501","1996","Belmar Elias da Costa","TRUE","14","https://sapl.varjaodeminas.mg.leg.br/api/parlamentares/mandato/14/","Eleito pelo PL que posteriormente passou a chamar-se PR, com o número 22650"
"MG","42501","1996","Carlos Luiz Pereira Jordão","TRUE","16","https://sapl.varjaodeminas.mg.leg.br/api/parlamentares/mandato/16/","Eleito com o numero 15606"
"MG","42501","1996","Cleusmar Gomes Alves","TRUE","10","https://sapl.varjaodeminas.mg.leg.br/api/parlamentares/mandato/10/","Eleito pelo PPB, que posteriormente passou a ser denominado PP, com o número 11613"
"MG","42501","1996","Hélio Donizete Braga","TRUE","15","https://sapl.varjaodeminas.mg.leg.br/api/parlamentares/mandato/15/","Eleito com o numero 15630"
"MG","42501","1996","Jair Rodrigues Alves","TRUE","13","https://sapl.varjaodeminas.mg.leg.br/api/parlamentares/mandato/13/","Eleito pelo PPB, que posteriormente passou a ser denominado PP, com o número 11610"
"MG","42501","1996","João Antônio Alves","TRUE","11","https://sapl.varjaodeminas.mg.leg.br/api/parlamentares/mandato/11/","Eleito com o número 15601"
"MG","42501","1996","José Antônio Moreira","TRUE","12","https://sapl.varjaodeminas.mg.leg.br/api/parlamentares/mandato/12/","Eleito pelo PPB, que posteriormente passou a ser denominado PP, com o número 11630"
"MG","42501","1996","Lauro Bertoldo Trigueiro","TRUE","18","https://sapl.varjaodeminas.mg.leg.br/api/parlamentares/mandato/18/","Eleito com o número 15644"
"MG","42501","1996","Terezinha Silvério de Melo","TRUE","17","https://sapl.varjaodeminas.mg.leg.br/api/parlamentares/mandato/17/","Eleita com o número 15611"
"MG","42501","2000","Antônio Belchior de Magalhães","TRUE","20","https://sapl.varjaodeminas.mg.leg.br/api/parlamentares/mandato/20/","Eleito com o número 11777"
"MG","42501","2000","Belmar Elias da Costa","TRUE","21","https://sapl.varjaodeminas.mg.leg.br/api/parlamentares/mandato/21/","Eleito com o número 11789"
"MG","42501","2000","Geraldo Celmo Pereira","TRUE","22","https://sapl.varjaodeminas.mg.leg.br/api/parlamentares/mandato/22/","Eleito com o número 11789"
"MG","42501","2000","Hélio Donizete Braga","TRUE","23","https://sapl.varjaodeminas.mg.leg.br/api/parlamentares/mandato/23/","Eleito com o número 15630"
"MG","42501","2000","João Antônio Alves","TRUE","27","https://sapl.varjaodeminas.mg.leg.br/api/parlamentares/mandato/27/","Eleito com o n.º 45123"
"MG","42501","2000","João de Souza Piau","TRUE","24","https://sapl.varjaodeminas.mg.leg.br/api/parlamentares/mandato/24/","Eleito com o número 15130"
"MG","42501","2000","José Antônio Moreira","TRUE","25","https://sapl.varjaodeminas.mg.leg.br/api/parlamentares/mandato/25/","Eleito com o número 11630"
"MG","42501","2000","Lauro Bertoldo Trigueiro","TRUE","26","https://sapl.varjaodeminas.mg.leg.br/api/parlamentares/mandato/26/","Eleito com o n.º 45678"
"MG","42501","2000","Maria das Graças Silva Freitas","TRUE","19","https://sapl.varjaodeminas.mg.leg.br/api/parlamentares/mandato/19/","Eleito com o número 15111"
"MG","42501","2004","Carlos André Carabolante","TRUE","35","https://sapl.varjaodeminas.mg.leg.br/api/parlamentares/mandato/35/","Eleito com o número 14111"
"MG","42501","2004","Daniel Luiz de Lima Domingos","TRUE","32","https://sapl.varjaodeminas.mg.leg.br/api/parlamentares/mandato/32/","Eleito com o número 11630"
"MG","42501","2004","Divino Moreira Valentim","TRUE","28","https://sapl.varjaodeminas.mg.leg.br/api/parlamentares/mandato/28/","Eleito com o número 40500"
"MG","42501","2004","Hélio Donizete Braga","TRUE","29","https://sapl.varjaodeminas.mg.leg.br/api/parlamentares/mandato/29/","Eleito com o número 15630"
"MG","42501","2004","José Santana da Silva","TRUE","30","https://sapl.varjaodeminas.mg.leg.br/api/parlamentares/mandato/30/","Eleito com o número 11111"
"MG","42501","2004","Khláudio de Almeida","TRUE","31","https://sapl.varjaodeminas.mg.leg.br/api/parlamentares/mandato/31/","Eleito com o número 20800"
"MG","42501","2004","Márcio Heleno dos Santos","TRUE","36","https://sapl.varjaodeminas.mg.leg.br/api/parlamentares/mandato/36/","Eleito com o número 40111"
"MG","42501","2004","Maria das Graças Silva Freitas","TRUE","33","https://sapl.varjaodeminas.mg.leg.br/api/parlamentares/mandato/33/","Eleita com o número 15111"
"MG","42501","2004","Modesto Pereira Primo","TRUE","34","https://sapl.varjaodeminas.mg.leg.br/api/parlamentares/mandato/34/","Eleito com o número 45678"
"MG","42501","2008","Adenilson Correia da Silva","TRUE","37","https://sapl.varjaodeminas.mg.leg.br/api/parlamentares/mandato/37/","Eleito com o número 40123"
"MG","42501","2008","Belmar Elias da Costa","TRUE","38","https://sapl.varjaodeminas.mg.leg.br/api/parlamentares/mandato/38/","Eleito com o número 11789"
"MG","42501","2008","Daniel Luiz de Lima Domingos","TRUE","39","https://sapl.varjaodeminas.mg.leg.br/api/parlamentares/mandato/39/","Eleito com o número 11630"
"MG","42501","2008","Hélio Donizete Braga","TRUE","40","https://sapl.varjaodeminas.mg.leg.br/api/parlamentares/mandato/40/","Eleito com o número"
"MG","42536","2004","Jane Nair Abasse Maciel","FALSE","45","https://sapl.capitaoeneas.mg.leg.br/api/parlamentares/mandato/45/","Assumiu a vaga do parlamentar José Marley dos Santos que foi nomeado para cargo no Executivo."
"MG","42536","2012","Wanderley Pereira Pinheiro","FALSE","137","https://sapl.capitaoeneas.mg.leg.br/api/parlamentares/mandato/137/","Assumiu a vaga da parlamentar Jane Maria Bastos de Oliveira Castro que foi nomeado para cargo no Executivo."
"MG","42714","2000","Amauri Cândido Almeida","FALSE","112","https://sapl.careacu.mg.leg.br/api/parlamentares/mandato/112/","Suplente de Maristela Alves Rodrigues de Campos Maia"
"MG","42714","2000","Francisco de Assis Teixeira","FALSE","115","https://sapl.careacu.mg.leg.br/api/parlamentares/mandato/115/","Suplente de José Ibraim Pereira"
"MG","42714","2004","Ibraim dos Santos Barroso","FALSE","179","https://sapl.careacu.mg.leg.br/api/parlamentares/mandato/179/","Suplente de Maurício Ribeiro de Paiva"
"MG","42714","2016","Afrânio Aires Pinto","FALSE","208","https://sapl.careacu.mg.leg.br/api/parlamentares/mandato/208/","Suplente de Maurício Ribeiro de Paiva"
"MG","42714","2016","Carlos Raimundo Barroso","FALSE","207","https://sapl.careacu.mg.leg.br/api/parlamentares/mandato/207/","Suplente de Denys de Oliveira Lacerda"
"MG","42714","2020","João Clarismon Salvador","FALSE","219","https://sapl.careacu.mg.leg.br/api/parlamentares/mandato/219/","Suplente de Luciano Valdecir dos Santos"
"MG","42714","2020","José Ronaldo Bueno","FALSE","218","https://sapl.careacu.mg.leg.br/api/parlamentares/mandato/218/","Suplente de Bruna Pereira"
"MG","42854","2008","Inimá de Deus Vieira","TRUE","15","https://sapl.carmodoparanaiba.mg.leg.br/api/parlamentares/mandato/15/","Retorno do titular do cargo: Vereador Julio Cesar Moraes Gontijo"
"MG","43311","2020","Reginaldo Teixeira Santos","FALSE","2","https://sapl.claudio.mg.leg.br/api/parlamentares/mandato/2/","Suplente do Vereador Reginaldo, que voltou ao mandato dia 01/10/2022"
"MG","44458","2000","Antônio Geraldo da Silva","TRUE","9","https://sapl.divinopolis.mg.leg.br/api/parlamentares/mandato/9/","Vereador 1997/2000 (PTB, 1672 votos)"
"MG","44458","2000","Edmar Antônio Rodrigues","TRUE","7","https://sapl.divinopolis.mg.leg.br/api/parlamentares/mandato/7/","Vereador 1993/1996 (PTB, 361 votos)"
"MG","44458","2008","Rodyson Kristnamurti da Silva Oliveira","TRUE","414","https://sapl.divinopolis.mg.leg.br/api/parlamentares/mandato/414/","Divinópolis Rumo ao Centenário"
"MG","45217","2024","Cid Corrêa Mesquita","TRUE","1","https://sapl.formiga.mg.leg.br/api/parlamentares/mandato/1/","Em 2025 inicia seu 3º Mandato."
"MG","45217","2024","Daniel Rodrigues da Silva","TRUE","2","https://sapl.formiga.mg.leg.br/api/parlamentares/mandato/2/","1º mandato"
"MG","45217","2024","Flávio Martins da Silva","TRUE","3","https://sapl.formiga.mg.leg.br/api/parlamentares/mandato/3/","Está iniciando seu 3º mandato"
"MG","45217","2024","Jaci Honório de Paula","TRUE","4","https://sapl.formiga.mg.leg.br/api/parlamentares/mandato/4/","1º mandato"
"MG","45217","2024","Joice Alvarenga Borges Carvalho","TRUE","5","https://sapl.formiga.mg.leg.br/api/parlamentares/mandato/5/","Iniciando o 3º mandato"
"MG","45217","2024","Luciano Márcio de Oliveira","TRUE","6","https://sapl.formiga.mg.leg.br/api/parlamentares/mandato/6/","Iniciando o 2º mandato"
"MG","45217","2024","Osânia Iraci da Silva","TRUE","7","https://sapl.formiga.mg.leg.br/api/parlamentares/mandato/7/","Iniciando o 2º mandato"
"MG","45217","2024","Thiago Leão Pinheiro","TRUE","9","https://sapl.formiga.mg.leg.br/api/parlamentares/mandato/9/","1º mandato"
"MG","45217","2024","Wolkimar Menezes","TRUE","10","https://sapl.formiga.mg.leg.br/api/parlamentares/mandato/10/","1º mandato"
"MG","46132","2016","CRISTIANE DIAS DE OLIVEIRA RODRIGUES","TRUE","4","https://sapl.indianopolis.mg.leg.br/api/parlamentares/mandato/4/","A VEREADORA CRISTIANE DIAS DE OLIVEIRA RODRIGUES DO (PSB), TOMOU POSSE NO DIA VINTE E CINCO DE MAIO/2018. EM RAZÃO DA VACÂNCIA  DO CARGO OCUPADO PELO EX-VEREADOR AMADEU CARDOSO DOS SANTOS, CUJO MANDATO FOI EXTINTO EM DECORRÊNCIA DA PERDA DOS DIREITOS POLITICOS."
"MG","46230","2024","Alex Rodrigues Cardoso","TRUE","16","https://sapl.ipanema.mg.leg.br/api/parlamentares/mandato/16/","Ato da Mesa Diretora 03/2026"
"MG","46710","1996","BENEDITO APARECIDO DA CUNHA","TRUE","144","https://sapl.itapeva.mg.leg.br/api/parlamentares/mandato/144/","ELEITO PELO PARTIDO PPB. NÚMERO NA URNA 11610."
"MG","46710","1996","DIRCE DA SILVA LOPES","TRUE","150","https://sapl.itapeva.mg.leg.br/api/parlamentares/mandato/150/","ELEITA PELO PARTIDO PFL, Nº NA URNA 25601"
"MG","46710","1996","JORDINO DE PAULA BUENO","TRUE","152","https://sapl.itapeva.mg.leg.br/api/parlamentares/mandato/152/","ELEITO PELO PARTIDO PSDB. NUMERO DO CANDIDATO 45602."
"MG","46710","1996","JOSÉ BENEDITO ALVES DE MORAIS","TRUE","153","https://sapl.itapeva.mg.leg.br/api/parlamentares/mandato/153/","ELEITO PELO PARTIDO PSDB. N.º NA URNA 45603."
"MG","46710","1996","MILTON DE GÓES MACIEL","TRUE","84","https://sapl.itapeva.mg.leg.br/api/parlamentares/mandato/84/","PARTIDO: PFL. N.º NAS URNAS 25605."
"MG","46710","1996","PEDRO INÁCIO DA SILVA","TRUE","154","https://sapl.itapeva.mg.leg.br/api/parlamentares/mandato/154/","PARTIDO: PPB. NÚMERO DO CANDIDATO: 11640."
"MG","46710","1996","WALDIR DE GÓES MACIEL","TRUE","91","https://sapl.itapeva.mg.leg.br/api/parlamentares/mandato/91/","PARTIDO: PPB. NÚMERO DO CANDIDATO 11651"
"MG","46710","2000","BENEDITO GAMA NETO","TRUE","77","https://sapl.itapeva.mg.leg.br/api/parlamentares/mandato/77/","PARTIDO: PFL. Nº NAS URNAS 25600."
"MG","46710","2000","JORDINO DE PAULA BUENO","TRUE","79","https://sapl.itapeva.mg.leg.br/api/parlamentares/mandato/79/","ELEITO PELO PARTIDO PSDB. NUMERO DO CANDIDADO 45645."
"MG","46710","2000","LEVINO CRUZ DE MORAES","TRUE","82","https://sapl.itapeva.mg.leg.br/api/parlamentares/mandato/82/","N.º NAS URNAS 25609. PARTIDO PFL."
"MG","46710","2000","LOURIVALDO PEREIRA DE OLIVEIRA","TRUE","83","https://sapl.itapeva.mg.leg.br/api/parlamentares/mandato/83/","N.º NAS URNAS 65.610. PARTIDO PFL."
"MG","46710","2000","MILTON DE GÓES MACIEL","TRUE","85","https://sapl.itapeva.mg.leg.br/api/parlamentares/mandato/85/","PARTIDO: PFL. Nº NAS URNAS: 25605."
"MG","46710","2000","NILTON FERNANDES","TRUE","87","https://sapl.itapeva.mg.leg.br/api/parlamentares/mandato/87/","N.º NAS URNAS 25602. PARTIDO PFL."
"MG","46710","2000","PEDRO INÁCIO DA SILVA","TRUE","155","https://sapl.itapeva.mg.leg.br/api/parlamentares/mandato/155/","PARTIDO: PP. NÚMERO DO CANDIDATO: 11640."
"MG","46710","2000","WALDIR DE GÓES MACIEL","TRUE","92","https://sapl.itapeva.mg.leg.br/api/parlamentares/mandato/92/","PARTIDO: PP. NÚMERO DO CANDIDATO 11611."
"MG","46710","2004","ANTÔNIO RAIMUNDO SOARES DE NOVAES","TRUE","74","https://sapl.itapeva.mg.leg.br/api/parlamentares/mandato/74/","PARTIDO PSDB. N.º NAS URNAS 45650."
"MG","46710","2004","BENEDITO PAULA DA SILVA","TRUE","80","https://sapl.itapeva.mg.leg.br/api/parlamentares/mandato/80/","PARTIDO PT. Nº NAS URNAS 13456."
"MG","46710","2004","CLAUDIO VIEIRA DA SILVA","TRUE","81","https://sapl.itapeva.mg.leg.br/api/parlamentares/mandato/81/","PARTIDO PFL. N.º NAS URNAS 25600."
"MG","46710","2004","JOSÉ ANTÔNIO DA ROCHA","TRUE","157","https://sapl.itapeva.mg.leg.br/api/parlamentares/mandato/157/","PARTIDO PSDB. Nº NAS URNAS 45698"
"MG","46710","2004","JOSÉ EDUARDO DO COUTO","TRUE","78","https://sapl.itapeva.mg.leg.br/api/parlamentares/mandato/78/","PARTIDO PPS. Nº NAS URNAS 23555."
"MG","46710","2004","JOSÉ XAVIER BATISTA","TRUE","73","https://sapl.itapeva.mg.leg.br/api/parlamentares/mandato/73/","PARTIDO PSDB. N.º NAS URNAS 45670."
"MG","46710","2004","OSWALDO MARQUES DE LIMA","TRUE","88","https://sapl.itapeva.mg.leg.br/api/parlamentares/mandato/88/","PARTIDO PPS. N.º NAS URNAS 23000."
"MG","46710","2008","ADAILTON APARECIDO MARQUES DA SILVA","TRUE","64","https://sapl.itapeva.mg.leg.br/api/parlamentares/mandato/64/","PARTIDO: PPS."
"MG","46710","2008","ANTÔNIO JOSÉ DE LIMA","TRUE","72","https://sapl.itapeva.mg.leg.br/api/parlamentares/mandato/72/","PARTIDO: PSDB."
"MG","46710","2008","Daniel Pereira do Couto","TRUE","3","https://sapl.itapeva.mg.leg.br/api/parlamentares/mandato/3/","PARTID: PMDB."
"MG","46710","2008","DEVANIL LAURINDO DA SILVA","TRUE","66","https://sapl.itapeva.mg.leg.br/api/parlamentares/mandato/66/","PARTIDO: PDT"
"MG","46710","2008","GUSTAVO BIAGIONE RIBEIRO","TRUE","71","https://sapl.itapeva.mg.leg.br/api/parlamentares/mandato/71/","PARTIDO: PPS."
"MG","46710","2008","JOSÉ MESSIAS BORGES","TRUE","127","https://sapl.itapeva.mg.leg.br/api/parlamentares/mandato/127/","PARTIDO PSDB."
"MG","46710","2008","JOSÉ XAVIER BATISTA","TRUE","158","https://sapl.itapeva.mg.leg.br/api/parlamentares/mandato/158/","PARTIDO PSDB. N.º NAS URNAS 45670."
"MG","46710","2008","JURANDIR CESÁRIO BEZERRAA","TRUE","160","https://sapl.itapeva.mg.leg.br/api/parlamentares/mandato/160/","PARTIDO: PDT."
"MG","46710","2012","ADAILTON APARECIDO MARQUES DA SILVA","TRUE","63","https://sapl.itapeva.mg.leg.br/api/parlamentares/mandato/63/","PARTIDO: PPS. Nº NAS URNAS 23.235."
"MG","46710","2012","CARLOS AUGUSTO DA SILVA","TRUE","69","https://sapl.itapeva.mg.leg.br/api/parlamentares/mandato/69/","N.º NAS URNAS: 45.123"
"MG","46710","2012","Daniel Pereira do Couto","TRUE","93","https://sapl.itapeva.mg.leg.br/api/parlamentares/mandato/93/","PATIDO: PMDB. Nº NAS URNAS 15.789"
"MG","46710","2012","GUSTAVO BIAGIONE RIBEIRO","TRUE","159","https://sapl.itapeva.mg.leg.br/api/parlamentares/mandato/159/","PARTIDO: PPS."
"MG","46710","2012","HENRIQUE JUNIOR DA SILVA","TRUE","65","https://sapl.itapeva.mg.leg.br/api/parlamentares/mandato/65/","N.º NA URNA: 45.111"
"MG","46710","2012","JOSÉ MESSIAS BORGES","TRUE","128","https://sapl.itapeva.mg.leg.br/api/parlamentares/mandato/128/","PARTIDO PSD. N.º NAS URNAS 55.555."
"MG","46710","2012","MÁRCIO HENRIQUE DA SILVA","TRUE","68","https://sapl.itapeva.mg.leg.br/api/parlamentares/mandato/68/","Nº NAS URNAS 45.678. PARTIDO: PSDB."
"MG","46710","2016","ADAILTON APARECIDO MARQUES DA SILVA","TRUE","62","https://sapl.itapeva.mg.leg.br/api/parlamentares/mandato/62/","PARTIDO: PPS. COLIGAÇÃO """"JUNTOS FAREMOS MAIS POR ITAPEVA""""."
"MG","46710","2016","ALEX SAMUEL MESSIAS BORGES","TRUE","57","https://sapl.itapeva.mg.leg.br/api/parlamentares/mandato/57/","PARTIDO: DEM"
"MG","46710","2016","Daniel Pereira do Couto","TRUE","94","https://sapl.itapeva.mg.leg.br/api/parlamentares/mandato/94/","PARTIDO: PMDB."
"MG","46710","2016","HENRIQUE JUNIOR DA SILVA","TRUE","54","https://sapl.itapeva.mg.leg.br/api/parlamentares/mandato/54/","PARTIDO: PTN"
"MG","46710","2016","JOSÉ RONALDO PEREIRA","TRUE","56","https://sapl.itapeva.mg.leg.br/api/parlamentares/mandato/56/","PARTIDO: PMDB"
"MG","46736","2020","Antônio Gonçalves de Sousa","TRUE","12","https://sapl.itatiaiucu.mg.leg.br/api/parlamentares/mandato/12/","Assumiu o cargo como suplente do vereador Éden Eustáquio Moreira."
"MG","46736","2020","Roberto Carlos de Camargos","TRUE","10","https://sapl.itatiaiucu.mg.leg.br/api/parlamentares/mandato/10/","Assumiu o cargo como suplente da vereadora Rose Vitor Esteves."
"MG","47031","2000","Afrânio do Rosário Alves Coutinho","FALSE","121","https://sapl.januaria.mg.leg.br/api/parlamentares/mandato/121/","Suplemente de Manoel Ferreira"
"MG","47031","2000","Hamilton Viana Neves","TRUE","23","https://sapl.januaria.mg.leg.br/api/parlamentares/mandato/23/","Vice-Presidente da Mesa no 1º  Biênio"
"MG","47031","2000","Raimundo Ferreira Neves","FALSE","116","https://sapl.januaria.mg.leg.br/api/parlamentares/mandato/116/","Suplemente de Valdir Pimenta"
"MG","47031","2000","Valdir Pimenta Ramos","TRUE","119","https://sapl.januaria.mg.leg.br/api/parlamentares/mandato/119/","Assumiu como Prefeito"
"MG","47635","2024","Cláudio José da Silva","FALSE","49","https://sapl.lavras.mg.leg.br/api/parlamentares/mandato/49/","Suplente na vaga do Ver. Coronel Claret."
"MG","47899","2024","Vagner Andrade Costa","FALSE","58","https://sapl.manhumirim.mg.leg.br/api/parlamentares/mandato/58/","O Mandato do Vereador Suplente encerrou-se em 01/09/2025, com o retorno do Vereador Titular."
"MG","48151","2016","João Batista Pereira da Silva","TRUE","27","https://sapl.matiasbarbosa.mg.leg.br/api/parlamentares/mandato/27/","Suspensão de seus direitos políticos."
"MG","48658","2020","Cláudio Rodrigues de Jesus","TRUE","3","https://sapl.montesclaros.mg.leg.br/api/parlamentares/mandato/3/","O vereador Cláudio Rodrigues de Jesus foi eleito pelo partido CIDADANIA, mas, em abril de 2022, filiou-se ao REDE."
"MG","49190","2020","Marco Antônio da Silva","FALSE","15","https://sapl.ourofino.mg.leg.br/api/parlamentares/mandato/15/","Ação de Investigação Judicial Eleitoral n.º 0600474-37.2020.6.13.0199"
"MG","49816","2004","Dailton de Paula e Silva","TRUE","122","https://sapl.pedralva.mg.leg.br/api/parlamentares/mandato/122/","Substituído pelo seu Suplente, Vereador Gerson Luiz Correa."
"MG","49816","2004","Gerson Luiz Correa","FALSE","129","https://sapl.pedralva.mg.leg.br/api/parlamentares/mandato/129/","Substituiu o Vereador Dailton de Paula e Silva."
"MG","49891","2008","Vladimir Costa Garcia","TRUE","91","https://sapl.pequeri.mg.leg.br/api/parlamentares/mandato/91/","Substituiu o vereador Rafaneli Salles de Almeida pelo período de 30 dias."
"MG","49972","2016","Adilson Johnny Monteiro de Alvarenga","TRUE","6","https://sapl.perdoes.mg.leg.br/api/parlamentares/mandato/6/","Está em seu primeiro mandato como Vereador de Perdões, após ter sido eleito nas eleições de 2016, com  303 votos, pelo PHS."
"MG","49972","2016","Fernando Alvarenga Costa","TRUE","4","https://sapl.perdoes.mg.leg.br/api/parlamentares/mandato/4/","Fernando Amintas está em seu terceiro mandato consecutivo na Câmara Municipal de Perdões, após ter sido reeleito nas eleições de 2016, com 322 votos, pelo PTC.
Entrou na Câmara como suplente em 2001. Depois, foi eleito vereador para as Legislaturas 2009/2012, 2013/2016 e 2017/2020."
"MG","49972","2016","João Batista Marciano","TRUE","10","https://sapl.perdoes.mg.leg.br/api/parlamentares/mandato/10/","Está em seu primeiro mandato como Vereador de Perdões, após ter sido eleito nas eleições de 2016, com  377 votos, pelo PDT."
"MG","49972","2016","José Rubens de Pádua Alvarenga","TRUE","5","https://sapl.perdoes.mg.leg.br/api/parlamentares/mandato/5/","Está em seu segundo mandato como vereador de Perdões, tendo sido eleito nas eleições de 2016, com 410 votos, pelo PP. Antes, tinha sido Vereador na Legislatura 2001/ 2004."
"MG","49972","2016","Marcos Tadeu de Carvalho","TRUE","1","https://sapl.perdoes.mg.leg.br/api/parlamentares/mandato/1/","Em 2017, foi eleito Presidente do Legislativo Municipal para o biênio 2017/2018. Ele ocupou esse cargo pela terceira vez ao longo dos últimos anos. Foi Presidente da Câmara em 2002 e no biênio 2007/2008."
"MG","49972","2016","Rodrigo Vicente dos Santos","TRUE","2","https://sapl.perdoes.mg.leg.br/api/parlamentares/mandato/2/","Foi eleito vereador nas eleições de 2016, com 157 votos, pelo PSDB. Em 2017, assumiu seu primeiro mandato na Câmara Municipal de Perdões."
"MG","49972","2016","Wagner Barros de Melo","TRUE","3","https://sapl.perdoes.mg.leg.br/api/parlamentares/mandato/3/","Wagão está em seu segundo mandato consecutivo na Câmara Municipal de Perdões, após ter sido reeleito nas eleições de 2016, com 916 votos, pelo PSL. No biênio 2017/2018, foi vice-presidente do Legislativo."
"MG","50032","2000","João de Assis Gomes","FALSE","44","https://sapl.piedadedepontenova.mg.leg.br/api/parlamentares/mandato/44/","Vereador suplente do PFL"
"MG","53430","2012","Ana Carolina Pontelo Canabrava","TRUE","183","https://sapl.setelagoas.mg.leg.br/api/parlamentares/mandato/183/","Suplente assumiu o mandato em ABRIL/2015."
"MG","53856","2020","José Antônio Valin","FALSE","254","https://sapl.trescoracoes.mg.leg.br/api/parlamentares/mandato/254/","Parlamentar suplente"
"MG","53970","2024","Edeir Pacheco da Costa","TRUE","194","https://sapl.uba.mg.leg.br/api/parlamentares/mandato/194/","art. 71, inciso IV, da Lei Orgânica do Município de Ubá."
"MG","54070","2004","Ilton de Oliveira Campos","TRUE","285","https://sapl.unai.mg.leg.br/api/parlamentares/mandato/285/","Coligação PMN/PSDB"
"MG","54070","2008","Ilton de Oliveira Campos","TRUE","58","https://sapl.unai.mg.leg.br/api/parlamentares/mandato/58/","Coligação PSDB-PV"
"MG","54070","2008","Olimpio Antunes Ribeiro Neto","TRUE","284","https://sapl.unai.mg.leg.br/api/parlamentares/mandato/284/","Coligação PSB-PHS"
"MG","54070","2008","Paulo José de Araujo","TRUE","125","https://sapl.unai.mg.leg.br/api/parlamentares/mandato/125/","Coligação PSB-PHS"
"MG","54070","2008","Vereador Euler Braga","TRUE","56","https://sapl.unai.mg.leg.br/api/parlamentares/mandato/56/","Coligação PSDB-PV"
"MG","54070","2008","Vereador Hermes Martins Souto","TRUE","122","https://sapl.unai.mg.leg.br/api/parlamentares/mandato/122/","Coligação PSDB-PV"
"MG","54070","2008","Vereador Tadeu","TRUE","127","https://sapl.unai.mg.leg.br/api/parlamentares/mandato/127/","Coligação PMDB-PSC"
"MG","54070","2008","Vereador Zé da Estrada","TRUE","120","https://sapl.unai.mg.leg.br/api/parlamentares/mandato/120/","Coligação PMDB-PSC"
"MG","54119","2024","Abel Jose da Silva Filho","FALSE","42","https://sapl.vargembonita.mg.leg.br/api/parlamentares/mandato/42/","2º Suplente de Vereador do Município de Vargem Bonita."
"MG","54135","1996","José Vicente de Morais","FALSE","262","https://sapl.varginha.mg.leg.br/api/parlamentares/mandato/262/","Substituiu o Vereador Júlio dos Reis Cazelato."
"MG","54135","2004","Myriam Aparecida Sant'Ana Braga","FALSE","264","https://sapl.varginha.mg.leg.br/api/parlamentares/mandato/264/","Suplente do Vereador Carlos Airton."
"MG","54135","2004","Renato Clepf","FALSE","269","https://sapl.varginha.mg.leg.br/api/parlamentares/mandato/269/","Suplente do Vereador Carlos Airton."
"MG","54135","2012","Barry Charles da Silva","FALSE","268","https://sapl.varginha.mg.leg.br/api/parlamentares/mandato/268/","Suplente do Vereador Rômulo de Azevedo Ribeiro."
"MG","54453","2020","ERNANDES NATALINO RICARDO","TRUE","18","https://sapl.itaudeminas.mg.leg.br/api/parlamentares/mandato/18/","PARLAMENTAR SUBSTITUTO EM MATERIA DE PROCESSO ADMINISTRATIVO DISCIPLINAR."
"MS","90115","2012","Carlos Roberto Batista Nascimento","TRUE","1","https://sapl.amambai.ms.leg.br/api/parlamentares/mandato/1/","Colocação no Partido: 1º   Colocação Geral: 9º"
"MS","90115","2012","Daniel Riquelme de Ricarde","TRUE","2","https://sapl.amambai.ms.leg.br/api/parlamentares/mandato/2/","Colocação no Partido: 1º     Colocação Geral: 3º"
"MS","91375","2016","Derlei Delevati","TRUE","51","https://sapl.portomurtinho.ms.leg.br/api/parlamentares/mandato/51/","Prefeito Municipal"
"MS","91375","2016","Sirley Pacheco","FALSE","52","https://sapl.portomurtinho.ms.leg.br/api/parlamentares/mandato/52/","Suplente de vereador."
"MS","91375","2020","Elbio dos Santos Balta","TRUE","53","https://sapl.portomurtinho.ms.leg.br/api/parlamentares/mandato/53/","Vereador reeleito para o segundo mandato."
"MS","91375","2020","Nelson Cintra Ribeiro","TRUE","65","https://sapl.portomurtinho.ms.leg.br/api/parlamentares/mandato/65/","Prefeito Municipal."
"MS","91375","2024","Elbio dos Santos Balta","TRUE","68","https://sapl.portomurtinho.ms.leg.br/api/parlamentares/mandato/68/","Vereador mais votado na eleição de 2024."
"MS","91413","2020","Isac Bernardo de Araújo","TRUE","191","https://sapl.ribasdoriopardo.ms.leg.br/api/parlamentares/mandato/191/","mudança de cidade;"
"MS","91413","2024","Dione Lima Tavares","TRUE","213","https://sapl.ribasdoriopardo.ms.leg.br/api/parlamentares/mandato/213/","Suplente do Vereador Charli Cartro de Camilo (PSB)"
"MS","91570","2024","Silvestre José Cardoso Zotti","TRUE","4","https://sapl.sidrolandia.ms.leg.br/api/parlamentares/mandato/4/","Eleito nas Eleições de 2024 pelo PRD com 454 votos"
"MT","89877","2020","MANOEL FELICIANO PEREIRA NETO","FALSE","14","https://sapl.altafloresta.mt.leg.br/api/parlamentares/mandato/14/","ASSUMIU A VAGA DA PARLAMENTAR ILMARLI TEIXEIRA, DEVIDO ATESTADO MÉDICO"
"MT","89877","2024","Adelson da Silva Rezende","TRUE","16","https://sapl.altafloresta.mt.leg.br/api/parlamentares/mandato/16/","Adelson Servidor UNIÃO Eleito 521 votos 1,78%"
"MT","89877","2024","Bernardo Patrício dos Santos","TRUE","17","https://sapl.altafloresta.mt.leg.br/api/parlamentares/mandato/17/","Bernardo Patrício MDB Eleito 722 votos 2,47%"
"MT","89877","2024","Claudinei de Souza Jesus","TRUE","18","https://sapl.altafloresta.mt.leg.br/api/parlamentares/mandato/18/","Claudinei de Jesus MDB Eleito 1.489 votos 5,09%"
"MT","89877","2024","Darlan Trindade Carvalho","TRUE","15","https://sapl.altafloresta.mt.leg.br/api/parlamentares/mandato/15/","Darlan Carvalho PRD Eleito 326 votos 1,11%"
"MT","89877","2024","Darli Luciano da Silva","TRUE","22","https://sapl.altafloresta.mt.leg.br/api/parlamentares/mandato/22/","Luciano Silva PL Eleito 610 votos 2,09%"
"MT","89877","2024","Douglas Pereira Teixeira de Carvalho","TRUE","19","https://sapl.altafloresta.mt.leg.br/api/parlamentares/mandato/19/","Douglas Teixeira UNIÃO Eleito 1.527 votos 5,22%"
"MT","89877","2024","Elisa Gomes Machado","TRUE","26","https://sapl.altafloresta.mt.leg.br/api/parlamentares/mandato/26/","Elisa Gomes UNIÃO Eleito 416 votos 1,42%"
"MT","89877","2024","Francisco Ailton dos Santos","TRUE","20","https://sapl.altafloresta.mt.leg.br/api/parlamentares/mandato/20/","Francisco Ailton REPUBLICANOS Eleito 858 votos 2,93%"
"MT","89877","2024","Leonice Klaus dos Santos","TRUE","21","https://sapl.altafloresta.mt.leg.br/api/parlamentares/mandato/21/","Leonice Klaus REPUBLICANOS Eleita com 648 votos 2,22%"
"MT","89877","2024","Marcos Roberto Menin","TRUE","23","https://sapl.altafloresta.mt.leg.br/api/parlamentares/mandato/23/","Marcos Menin UNIÃO Eleito 1.434 votos 4,90%"
"MT","89877","2024","Nilson Pereira da Silva","TRUE","29","https://sapl.altafloresta.mt.leg.br/api/parlamentares/mandato/29/","Professor Nilson MDB Eleito 654 votos 2,24%"
"MT","89877","2024","Oslen Dias dos Santos","TRUE","25","https://sapl.altafloresta.mt.leg.br/api/parlamentares/mandato/25/","Tuti CIDADANIA Eleito 1.313 votos 4,49%"
"MT","89877","2024","Reginaldo Luiz da Silva","TRUE","24","https://sapl.altafloresta.mt.leg.br/api/parlamentares/mandato/24/","Naldo da Pista REPUBLICANOS Eleito 590 votos 2,02%"
"MT","89877","2024","Silvino Carlos Pires Pereira","TRUE","28","https://sapl.altafloresta.mt.leg.br/api/parlamentares/mandato/28/","Dida Pires CIDADANIA Eleito 1.091 votos 3,73%"
"MT","90069","2012","Auri Afonso Kolling","FALSE","13","https://sapl.querencia.mt.leg.br/api/parlamentares/mandato/13/","Suplente de vereador na Coligação PMDB - PT / PMDB / PMN / PSDB / PC do B"
"MT","90069","2016","Ivanete Roncai Volpi","FALSE","76","https://sapl.querencia.mt.leg.br/api/parlamentares/mandato/76/","Assumiu como Suplente de vereadora pelo período de 30 dias."
"MT","90069","2020","Rosiane Rosa Galvão","FALSE","90","https://sapl.querencia.mt.leg.br/api/parlamentares/mandato/90/","2º Suplente do Partido PSC assumiu devido a suspensão do vereador Professor Neiriberto."
"MT","90140","2024","Luciane Regina de Souza","FALSE","13","https://sapl.novaguarita.mt.leg.br/api/parlamentares/mandato/13/","Retorno do vereador titular."
"MT","90352","2020","JOICE CAMPOS MARTINS","FALSE","61","https://sapl.barradogarcas.mt.leg.br/api/parlamentares/mandato/61/","NA CONDIÇÃO DE SUPLENTE DO VEREADOR PEDRO FERREIRA DA SILVA."
"MT","90506","1996","Armelindo Cattani","TRUE","45","https://sapl.campoverde.mt.leg.br/api/parlamentares/mandato/45/","Terceiro Mandato Consecutivo para esse Vereador."
"MT","90506","1996","Cleonice Drum Schenkel","TRUE","47","https://sapl.campoverde.mt.leg.br/api/parlamentares/mandato/47/","Segundo Mandato Cadastrado para essa Vereadora."
"MT","90506","1996","Fernando Schroeter","TRUE","48","https://sapl.campoverde.mt.leg.br/api/parlamentares/mandato/48/","Terceiro Mandato Consecutivo para esse Vereador."
"MT","90506","1996","Geraldo Pereira de Araújo","TRUE","49","https://sapl.campoverde.mt.leg.br/api/parlamentares/mandato/49/","Segundo Mandato Consecutivo para esse Vereador."
"MT","90506","1996","Miguel Humberto Librelotto","TRUE","51","https://sapl.campoverde.mt.leg.br/api/parlamentares/mandato/51/","Segundo Mandato Cadastrado para esse Vereador."
"MT","90506","1996","Ulysses Pereira Borges Neto","TRUE","53","https://sapl.campoverde.mt.leg.br/api/parlamentares/mandato/53/","Terceiro Mandato Consecutivo para esse Vereador."
"MT","90506","2024","Divino Pereira de Sousa","FALSE","141","https://sapl.campoverde.mt.leg.br/api/parlamentares/mandato/141/","Termino do Período de 30 dias de Suplência."
"MT","90689","2020","Maria de Lourdes dos Santos","FALSE","88","https://sapl.tapurah.mt.leg.br/api/parlamentares/mandato/88/","Vereadora convocada para Sessão Extraordinária de votação do Requerimento nº 010/2022, de autoria do vereador Cleomar eterno de Campos"
"MT","90697","2020","Antônio Mendes Lara","FALSE","235","https://sapl.diamantino.mt.leg.br/api/parlamentares/mandato/235/","Suplente do Vereador Titular Arnildo Gerhardt Neto"
"MT","90727","2024","Noeli Bitencourt Quevedo Mendonça","FALSE","35","https://sapl.sapezal.mt.leg.br/api/parlamentares/mandato/35/","A vereadora Pastora Noeli, assumiu o cargo de vereadora, para votar em uma matéria, visto que o vereador Mario Jorge Bonifácio ficou impedido de votar."
"MT","90786","1996","João Grassioto","FALSE","108","https://sapl.feliznatal.mt.leg.br/api/parlamentares/mandato/108/","Assumiu a suplência."
"MT","90786","2000","Anibal Alves Vilela","FALSE","110","https://sapl.feliznatal.mt.leg.br/api/parlamentares/mandato/110/","Assumiu suplência."
"MT","90786","2000","Armelindo Luiz Argenton","FALSE","109","https://sapl.feliznatal.mt.leg.br/api/parlamentares/mandato/109/","Assumiu a suplência"
"MT","90786","2020","Valter Luiz Bernardo","FALSE","82","https://sapl.feliznatal.mt.leg.br/api/parlamentares/mandato/82/","O vereador em questão assumirá a Vaga do Vereador Felipe Reinehr Faganello pelo período de 30 dias"
"MT","91081","2008","Claudir Luiz Dapper","TRUE","21","https://sapl.ipirangadonorte.mt.leg.br/api/parlamentares/mandato/21/","Nome completo da coligação: Ipiranga de Todos Trabalhando com Honestidade e Seriedade PPS + PSDB"
"MT","91081","2008","Lourival Lacerda de Lima","FALSE","47","https://sapl.ipirangadonorte.mt.leg.br/api/parlamentares/mandato/47/","Lourival Lacerda de Lima atuou como legislador suplente de Pedro Alessandro Alves Nascimento."
"MT","91812","2012","Romildo Sandro Pires do Nascimento","TRUE","15","https://sapl.pedrapreta.mt.leg.br/api/parlamentares/mandato/15/","Teve o mandato extinto após a suspensão dos seus direitos políticos."
"MT","91812","2020","Luciana Melo Heitor Duarte","TRUE","47","https://sapl.pedrapreta.mt.leg.br/api/parlamentares/mandato/47/","Empossada em decorrência do Acórdão nº 30.394/2024/TRE/MT, exarado nos autos do processo nº 0600002-33.2021.6.11.0045, que cassou o mandato do Vereador João Marco Carrijo Amorim."
"MT","91812","2024","Ronaldo Pereira dos Santos","TRUE","59","https://sapl.pedrapreta.mt.leg.br/api/parlamentares/mandato/59/","Assumiu em substituição ao Vereador Gilson José de Souza."
"MT","98310","2000","Clodionor Antônio Christianetti Ferreira","TRUE","102","https://sapl.juina.mt.leg.br/api/parlamentares/mandato/102/","Presidente da Mesa Ditetora 2002/2003"
"MT","98310","2000","Dorildes Fortunato Armeliato","TRUE","105","https://sapl.juina.mt.leg.br/api/parlamentares/mandato/105/","Presidente da Mesa Diretora 2000/2001"
"MT","98310","2000","Gabriel Agustini","TRUE","107","https://sapl.juina.mt.leg.br/api/parlamentares/mandato/107/","vice-presidente Mesa Diretora 2002/2003"
"MT","98310","2004","Francisco de Assis Pedroso ","TRUE","116","https://sapl.juina.mt.leg.br/api/parlamentares/mandato/116/","vice-presidente Mesa Diretora 2005/2006
presidente da Mesa Diretora 2007/2008"
"MT","98310","2004","Zulmar Curzel","TRUE","121","https://sapl.juina.mt.leg.br/api/parlamentares/mandato/121/","presidente da Mesa Diretora 2005/2006
vice-presidente da Mesa Diretora 2007/2008"
"MT","98310","2008","Antônio Munhoz Sanches","TRUE","27","https://sapl.juina.mt.leg.br/api/parlamentares/mandato/27/","vice-presidente da Mesa Diretora de 2009/2010
presidente da Mesa Diretora em 2011."
"MT","98310","2008","Daniel Honorato da Rosa","TRUE","26","https://sapl.juina.mt.leg.br/api/parlamentares/mandato/26/","suplente de vereador de 01/agosto a 29/agosto de 2011, em substituição ao titular vereador Zulmar Curzel."
"MT","98310","2008","João Batista Leite Gomes","TRUE","21","https://sapl.juina.mt.leg.br/api/parlamentares/mandato/21/","presidente da Mesa Diretora 2009/2010"
"MT","98310","2008","José Almeida Beiral ","TRUE","129","https://sapl.juina.mt.leg.br/api/parlamentares/mandato/129/","suplente em exercício de 05/09/2001 a 27/09/2011 em substituição ao titular vereador Zulmar Curzel."
"MT","98310","2012","Ailton Barbosa de Oliveira","TRUE","16","https://sapl.juina.mt.leg.br/api/parlamentares/mandato/16/","Vice-presidente da Mesa Diretora 2013/2014"
"MT","98310","2012","Dalmo Matuchaki","TRUE","3","https://sapl.juina.mt.leg.br/api/parlamentares/mandato/3/","Suplente  Eleito por Média em exercício de 01-01-2013 a 10-08-2015"
"MT","98310","2012","Geraldo Antônio Ferreira","TRUE","6","https://sapl.juina.mt.leg.br/api/parlamentares/mandato/6/","vice-presidente da Mesa Diretora 2015/2016"
"MT","98310","2012","Irene Delise Fonseca","TRUE","8","https://sapl.juina.mt.leg.br/api/parlamentares/mandato/8/","Atualmente sem filiação partidária"
"MT","98310","2012","Ivani Cardoso Dalla Valle","TRUE","7","https://sapl.juina.mt.leg.br/api/parlamentares/mandato/7/","Presidente da Mesa Diretora 2015/2016"
"MT","98310","2012","Paulo Roberto Tiepo","TRUE","10","https://sapl.juina.mt.leg.br/api/parlamentares/mandato/10/","presidente da Mesa Diretora  2013/2014"
"MT","98310","2016","Antônio Munhoz Sanches","TRUE","139","https://sapl.juina.mt.leg.br/api/parlamentares/mandato/139/","Sem coligação"
"MT","98310","2016","Sandro Cândido Silva","TRUE","146","https://sapl.juina.mt.leg.br/api/parlamentares/mandato/146/","Eleito presidente da Mesa Diretora Biênio 2017/2018"
"MT","98850","2020","ADVENTINO LOPES GONÇALVES","FALSE","33","https://sapl.portoalegredonorte.mt.leg.br/api/parlamentares/mandato/33/","2º Suplente"
"MT","98892","2024","RUBIA GRACIELA LONGHI","FALSE","154","https://sapl.primaveradoleste.mt.leg.br/api/parlamentares/mandato/154/","RETORNO DO PARLAMENTAR TITULAR."
"MT","98957","2024","Valdir Rosa dos Santos","FALSE","19","https://sapl.terranovadonorte.mt.leg.br/api/parlamentares/mandato/19/","Suplente em substituição da Vereadora Roseli Moresco Rizzieri, período: 90 dias."
"MT","98973","2020","Antônio Carlos Nani Martins","FALSE","14","https://sapl.vera.mt.leg.br/api/parlamentares/mandato/14/","Não assumiu a suplência, passando a vaga para o 2º suplente (PSDB)"
"MT","98973","2020","Resoli José Silva","FALSE","15","https://sapl.vera.mt.leg.br/api/parlamentares/mandato/15/","Assumiu a suplência do partido por três anos consecutivos, na vaga do Vereador Titular Vitor Friedrich (PSDB)"
"PA","04006","2020","Francisco David Leite Rocha","TRUE","32","https://sapl.goianesiadopara.pa.leg.br/api/parlamentares/mandato/32/","O edil foi eleito ao cargo de Presidente da Mesa Diretora no dia 01.01.2021 e por determinação da Justiça Eleitoral com a vacância do cargo de Gestor Municipal, assumiu o cargo de prefeito interino do município de Goianésia do Pará-PA."
"PA","04111","2024","Rodrigo Carvalho Santos","FALSE","63","https://sapl.altamira.pa.leg.br/api/parlamentares/mandato/63/","Entrou na vaga do Vereador Almir, que foi para o Executivo."
"PA","05355","2000","GEOVANI PESSOA DE AGUIAR","FALSE","360","https://sapl.santarem.pa.leg.br/api/parlamentares/mandato/360/","Assumiu a vaga de Vereador  como primeiro suplente"
"PA","05770","2000","Arilton Silva Souza","FALSE","71","https://sapl.medicilandia.pa.leg.br/api/parlamentares/mandato/71/","Suplente. Assumiu a vaga do Senhor Francisco Pereira Lima."
"PA","05770","2000","Davi Gonçalves Pereira","FALSE","54","https://sapl.medicilandia.pa.leg.br/api/parlamentares/mandato/54/","Parlamentar suplente."
"PA","05770","2000","Francisco Pereira Lima","TRUE","52","https://sapl.medicilandia.pa.leg.br/api/parlamentares/mandato/52/","Não exerceu o cargo de Vereador."
"PA","05770","2012","Cleder Cleiton Barth","TRUE","2","https://sapl.medicilandia.pa.leg.br/api/parlamentares/mandato/2/","1º LEGISLATURA."
"PA","05770","2012","Fredson Almeida Lopes","TRUE","5","https://sapl.medicilandia.pa.leg.br/api/parlamentares/mandato/5/","ELEITO PELA PRIMEIRA VEZ."
"PA","05770","2016","AGENOR DE JESUS FEITOSA","TRUE","14","https://sapl.medicilandia.pa.leg.br/api/parlamentares/mandato/14/","Vereador eleito para a primeira legislatura 2017/2020."
"PA","05770","2016","Cleder Cleiton Barth","TRUE","16","https://sapl.medicilandia.pa.leg.br/api/parlamentares/mandato/16/","2ª lEGISLATURA CONSECUTIVA 2013/2016 E 2017/2020."
"PA","05770","2016","Fredson Almeida Lopes","TRUE","17","https://sapl.medicilandia.pa.leg.br/api/parlamentares/mandato/17/","2º MANDATO CONSECUTIVO, LEGISLATURAS 2013/2016 E 2017/2020."
"PA","05770","2016","IVANI DE SOUZA RITTER","TRUE","18","https://sapl.medicilandia.pa.leg.br/api/parlamentares/mandato/18/","3º MANDATO CONSECUTIVO, LEGISLATURAS 2009/2012; 2013/2016; E 2017/2020."
"PA","05770","2016","JARI EDNEI TEIXEIRA","TRUE","19","https://sapl.medicilandia.pa.leg.br/api/parlamentares/mandato/19/","ESTA NO 3º MANDATO CONSECUTIVO, LEGISLATURAS 2009/2012; 2013/2016; E 2017/2020, NA OPORTUNIDADE VAI PARA O QUINTO MANDATO DE VEREADOR, JÁ FOI VEREADOR NAS OPORTUNIDADES 1997/2000 E 2001/2004."
"PA","05770","2016","JOSÉ NETO RIBEIRO DE CARVALHO","TRUE","22","https://sapl.medicilandia.pa.leg.br/api/parlamentares/mandato/22/","Vereador eleito para a primeira Legislatura 2017/2020."
"PA","05770","2016","José Ramos Rodrigues dos Santos","TRUE","20","https://sapl.medicilandia.pa.leg.br/api/parlamentares/mandato/20/","Vereador de 2º mandato consecutivo, foi eleito pela primeira vez para a Legislatura 2013/2016."
"PA","05770","2016","RUSBIMÁRIO QUEIROZ SILVA","TRUE","23","https://sapl.medicilandia.pa.leg.br/api/parlamentares/mandato/23/","Vereador eleito para a primeira Legislatura 2017/2020."
"PA","05770","2016","Sebastião Leite de Carvalho","TRUE","21","https://sapl.medicilandia.pa.leg.br/api/parlamentares/mandato/21/","Vereador de 4º mandato consecutivo, foi eleito a vereador pela primeira vez para a Legislatura de 2005/2008, sendo reeleito para as legislaturas 2009/2012; 2013/2016; e 2017/2020."
"PA","05770","2016","SIDNEY DE SOUSA FILHO","TRUE","15","https://sapl.medicilandia.pa.leg.br/api/parlamentares/mandato/15/","Vereador Eleito para a Primeira Legislatura 2017/2020."
"PA","05770","2016","Vilson Alves dos Santos","TRUE","24","https://sapl.medicilandia.pa.leg.br/api/parlamentares/mandato/24/","Vereador eleito para a primeira Legislatura 2017/2020."
"PA","05770","2020","DANIEL MOREIRA RODRIGUES","TRUE","92","https://sapl.medicilandia.pa.leg.br/api/parlamentares/mandato/92/","VEREADOR ELEITO COM 364 VOTOS."
"PA","05770","2020","ELAINE WAGNER","TRUE","93","https://sapl.medicilandia.pa.leg.br/api/parlamentares/mandato/93/","VEREADORA ELEITA COM 226 VOTOS."
"PA","05770","2020","ELISVAN ALVES RODRIGUES","TRUE","95","https://sapl.medicilandia.pa.leg.br/api/parlamentares/mandato/95/","NÚMERO DE VOTOS 334."
"PA","05770","2020","IVANI DE SOUZA RITTER","TRUE","100","https://sapl.medicilandia.pa.leg.br/api/parlamentares/mandato/100/","VEREADORA REELEITA PARA O TERCEIRO MANDATO CONSECUTIVO. REELEITA COM 244 VOTOS PELA AGREMIAÇÃO PARTIDÁRIA PT."
"PA","05770","2020","JARI EDNEI TEIXEIRA","TRUE","97","https://sapl.medicilandia.pa.leg.br/api/parlamentares/mandato/97/","VEREADOR REELEITO COM 361 VOTOS, AGREMIAÇÃO PARTIDÁRIA PDT."
"PA","05770","2020","JOSÉ NETO RIBEIRO DE CARVALHO","FALSE","101","https://sapl.medicilandia.pa.leg.br/api/parlamentares/mandato/101/","Vereador empossado como 1º Suplente do PSDB."
"PA","05770","2020","RUSBIMÁRIO QUEIROZ SILVA","TRUE","98","https://sapl.medicilandia.pa.leg.br/api/parlamentares/mandato/98/","VEREADOR REELEITO PARA O SEGUNDO MANDATO CONSECUTIVO COM 426 VOTOS, AGREMIAÇÃO PARTIDÁRIA MDB."
"PA","05770","2020","SIDNEY DE SOUSA FILHO","TRUE","99","https://sapl.medicilandia.pa.leg.br/api/parlamentares/mandato/99/","VEREADOR REELEITO PARA O SEGUNDO MANDATO CONSECUTIVO. REELEITO COM 894 VOTOS, AGREMIAÇÃO PARTIDÁRIA DEMOCRATAS - DEM."
"PA","05770","2020","VALDECY CARVALHO DE SOUSA","TRUE","91","https://sapl.medicilandia.pa.leg.br/api/parlamentares/mandato/91/","VEREADOR ELEITO PELO PARTIDO MDB."
"PA","05770","2020","VALDILENE CARVALHO LAMBERT","TRUE","94","https://sapl.medicilandia.pa.leg.br/api/parlamentares/mandato/94/","NÚMERO DE VOTOS 254, PARTIDO PSDB."
"PA","05959","2024","Romildo Veloso E Silva","FALSE","133","https://sapl.ourilandiadonorte.pa.leg.br/api/parlamentares/mandato/133/","Dispõe sobre a declaração de extinção do
mandato do Vereador Romildo Veloso e
Silva, a vacância do cargo e a convocação
do respectivo suplente"
"PB","19283","2016","MANOEL GOMES DOS SANTOS JÚNIOR","TRUE","10","https://sapl.sossego.pb.leg.br/api/parlamentares/mandato/10/","O parlamentar foi Presidente da Mesa Diretora no Biênio 2019/2020"
"PB","19755","2020","KLÉBER GONÇALVES LIMA","TRUE","51","https://sapl.cajazeiras.pb.leg.br/api/parlamentares/mandato/51/","assumiu no lugar do vereador lindberg lira."
"PB","19755","2020","Luzia Trajano de Souza","TRUE","6","https://sapl.cajazeiras.pb.leg.br/api/parlamentares/mandato/6/","reassumiu o cargo de vereadora no dia 13 de março de 2023."
"PB","19810","2020","Afonso da Silva Avelino","FALSE","57","https://sapl.campinagrande.pb.leg.br/api/parlamentares/mandato/57/","Em virtude de acórdão proferido nos autos dos recursos eleitorais interpostos nas AIJE’S nº 0601218-42.2020.6.15.0016 e nº 0601229-71.2020.6.15.0016, nos termos do ofício nº 95/2023-TRE-PB/PTRE/16ª_zona e da Resolução Nº 093/2023"
"PB","19810","2020","Carolina Farias Almeida Gomes","FALSE","43","https://sapl.campinagrande.pb.leg.br/api/parlamentares/mandato/43/","Em virtude de acórdão proferido nos autos dos recursos eleitorais interpostos nas AIJE’S nº 0601218-42.2020.6.15.0016 e nº 0601229-71.2020.6.15.0016, nos termos do ofício nº 95/2023-TRE-PB/PTRE/16ª_zona e da Resolução Nº 093/2023"
"PB","19810","2020","Cledson Rodrigues da Silva","FALSE","44","https://sapl.campinagrande.pb.leg.br/api/parlamentares/mandato/44/","Em virtude de acórdão proferido nos autos dos recursos eleitorais interpostos nas AIJE’S nº 0601218-42.2020.6.15.0016 e nº 0601229-71.2020.6.15.0016, nos termos do ofício nº 95/2023-TRE-PB/PTRE/16ª_zona e da Resolução Nº 093/2023"
"PB","19810","2020","Waldeny Mendes Santana","FALSE","62","https://sapl.campinagrande.pb.leg.br/api/parlamentares/mandato/62/","Em virtude de acórdão proferido nos autos dos recursos eleitorais interpostos nas AIJE’S nº 0601218-42.2020.6.15.0016 e nº 0601229-71.2020.6.15.0016, nos termos do ofício nº 95/2023-TRE-PB/PTRE/16ª_zona e da Resolução Nº 093/2023"
"PB","19860","2024","FRANCISCO DE ASSIS VIEIRA","TRUE","20","https://sapl.saofrancisco.pb.leg.br/api/parlamentares/mandato/20/","assumiu no ligar de roberto de isaias"
"PB","19860","2024","ROBERTO OLIVEIRA DE SA","TRUE","19","https://sapl.saofrancisco.pb.leg.br/api/parlamentares/mandato/19/","assumiu a chefia de gabinete do municipio de são francisco."
"PB","20150","2004","João Idalino da Silva","TRUE","28","https://sapl.donaines.pb.leg.br/api/parlamentares/mandato/28/","Em 2007 migrou para o PSB, e teve seu mandato interrompido em dezembro de 2008"
"PB","20150","2008","Damásio Berto de Oliveira","TRUE","3","https://sapl.donaines.pb.leg.br/api/parlamentares/mandato/3/","O Vereador foi eleito pelo PMDB e em 2011 ingressou no PSD"
"PB","20150","2008","Maria Ivoneide da Silva","TRUE","16","https://sapl.donaines.pb.leg.br/api/parlamentares/mandato/16/","No ano de 2011 deixou o PSDB e ingressou no PT"
"PB","20516","2020","Eliza Virgínia de  Souza Fernandes","TRUE","537","https://sapl.joaopessoa.pb.leg.br/api/parlamentares/mandato/537/","Convocação da Câmara dos Deputados Federal"
"PB","20516","2024","Ives Rocha Leitão","FALSE","597","https://sapl.joaopessoa.pb.leg.br/api/parlamentares/mandato/597/","SUPLENTE DO VEREADOR MARCÍLIO DO HBE"
"PB","21679","2020","DANILO ROLIM FELIX","FALSE","3","https://sapl.santahelena.pb.leg.br/api/parlamentares/mandato/3/","Motivo da Situação:

Abuso de poder (LC 64/90)
Partido Invalidado

Decição Judicial."
"PE","24333","2020","Adnildo Alves dos Santos","TRUE","8","https://sapl.ibirajuba.pe.leg.br/api/parlamentares/mandato/8/","Servidor Público Municipal
   Partido Socialista Brasileiro - PSB
   Votos 411   -   Mandato 2021 - 2024 
   Ensino Fundamental incompleto"
"PE","24333","2020","Ailson Alves da Silva","FALSE","1","https://sapl.ibirajuba.pe.leg.br/api/parlamentares/mandato/1/","Agricultor
   Partido Socialista Brasileiro - PSB
   Votos 297   -   Mandato 2021 - 2024 
   Ensino Fundamental incompleto"
"PE","24333","2020","Eusébio Ferreira Barros Silva","TRUE","4","https://sapl.ibirajuba.pe.leg.br/api/parlamentares/mandato/4/","Comerciante
   Partido Socialista Brasileiro - PSB
   Votos 509   -   Mandato 2021 - 2024 
   Ensino Fundamental incompleto"
"PE","24333","2020","Gilvan Marinho Pontes","FALSE","5","https://sapl.ibirajuba.pe.leg.br/api/parlamentares/mandato/5/","Fisioterapeuta e Terapeuta Ocupacional
   Republicanos 
   Votos 246   -   Mandato 2021 - 2024 
   Superior completo"
"PE","24333","2020","Jonas Batista Freitas Costa","FALSE","6","https://sapl.ibirajuba.pe.leg.br/api/parlamentares/mandato/6/","Agricultor
   Republicanos
   Votos 279   -   Mandato 2021 - 2024 
   Ensino Fundamental completo"
"PE","24333","2020","José Ailton Simões de Macedo","FALSE","9","https://sapl.ibirajuba.pe.leg.br/api/parlamentares/mandato/9/","Comerciante
   Republicanos 
   Votos 387 - Mandato 2021 - 2024 
   Ensino Fundamental incompleto"
"PE","24333","2020","Samuel Simplício Duarte","TRUE","3","https://sapl.ibirajuba.pe.leg.br/api/parlamentares/mandato/3/","Servidor Público Municipal
   Republicanos
   Votos 311 - Mandato 2021 - 2024 
   Ensino Médio completo"
"PE","24333","2020","Santiago Justino Duarte","TRUE","2","https://sapl.ibirajuba.pe.leg.br/api/parlamentares/mandato/2/","Comerciante
   Partido Socialista Brasileiro - PSB    
   Votos 455   -    Mandato 2021 - 2024 
   Ensino Fundamental incompleto"
"PE","24350","2004","Afonso Geraldo Sampaio Lucena","TRUE","30","https://sapl.igarassu.pe.leg.br/api/parlamentares/mandato/30/","SUPLENTE A PARLAMENTAR OCUPOU A VAGA DEIXADA POR SEBASTIÃO RAIMUNDO DE LIMA."
"PI","10049","2000","Matilde Gomes da Silva Santos","TRUE","26","https://sapl.baixagrandedoribeiro.pi.leg.br/api/parlamentares/mandato/26/","187"
"PI","10049","2016","Ananias Borges de Sousa","TRUE","57","https://sapl.baixagrandedoribeiro.pi.leg.br/api/parlamentares/mandato/57/","Eleito pelo PSB

Coligação """"Unidos para Avançar"""" (PP-PSC-PPS-PHS-PSB-PRP-PSDB-PCdoB)"
"PI","10049","2016","Antônio Gomes da Silva","TRUE","58","https://sapl.baixagrandedoribeiro.pi.leg.br/api/parlamentares/mandato/58/","Eleito pelo PRB

Coligação """"O Povo é o Poder"""" (PMN-PRB-PSD)"
"PI","10049","2016","Cícero Alves Português","TRUE","59","https://sapl.baixagrandedoribeiro.pi.leg.br/api/parlamentares/mandato/59/","Eleito pelo PSDB

Coligação """"Unidos para Avaçar"""" (PP-PSC-PPS-PHS-PSB-PRP-PSDB-PCdoB)"
"PI","10049","2016","Clauren Oliveira dos Reis","TRUE","60","https://sapl.baixagrandedoribeiro.pi.leg.br/api/parlamentares/mandato/60/","Eleita pelo PHS

Coligação """"Unidos para Avançar"""" (PP-PSC-PPS-PHS-PSB-PRP-PSDB-PCdoB)"
"PI","10049","2016","Hilton Pereira da Rocha","TRUE","61","https://sapl.baixagrandedoribeiro.pi.leg.br/api/parlamentares/mandato/61/","Eleito pelo PTC

Força que vem do Povo 2"""" (PTB-PDT-PR-PTC-PRTB-SD)"
"PI","10049","2016","José Hilton Cabral dos Santos Martins","TRUE","65","https://sapl.baixagrandedoribeiro.pi.leg.br/api/parlamentares/mandato/65/","Eleito pelo PSB

Coligação """"Unidos para Avançar"""" (PP-PSC-PPS-PHS-PSB-PRP-PSDB-PCdoB)"
"PI","10049","2016","Osmiranda Pereira da Silva","TRUE","62","https://sapl.baixagrandedoribeiro.pi.leg.br/api/parlamentares/mandato/62/","Eleito pelo PCdoB

Coligação """"Unidos para Avançar"""" (PP-PSC-PPS-PHS-PSB-PRP-PSDB-PCdoB)"
"PI","10049","2016","Pedrovânio Pereira dos Santos","TRUE","63","https://sapl.baixagrandedoribeiro.pi.leg.br/api/parlamentares/mandato/63/","Eleito pelo PTB

Coligação """"A Força que vem do Povo 2"""" (PTB-PDT-PR-PTC-PRTB-SD)"
"PI","10049","2016","Raimundo Batista de Sousa","TRUE","64","https://sapl.baixagrandedoribeiro.pi.leg.br/api/parlamentares/mandato/64/","Eleito pelo PTB

Coligação """"A Força que vem do Povo 2"""" (PTB-PDT-PR-PTC-PRTB-SD)"
"PI","10065","2024","ANTÔNIA GERLANE MACHADO SARAIVA","TRUE","10","https://sapl.bomprincipiodopiaui.pi.leg.br/api/parlamentares/mandato/10/","Suplente nas eleições de 2024, exerce as atividades de vereador desde ....."
"PI","10650","2016","César Alexandre Olímpio","TRUE","20","https://sapl.demervallobao.pi.leg.br/api/parlamentares/mandato/20/","1º Vice-Presidente da Câmara"
"PI","10650","2016","Ernesto Carvalho Costa Neto","FALSE","26","https://sapl.demervallobao.pi.leg.br/api/parlamentares/mandato/26/","Suplente assumiu a vaga deixada pelo vereador Edivone Matos"
"PI","10650","2016","Mavilson da Fonseca Veloso","TRUE","31","https://sapl.demervallobao.pi.leg.br/api/parlamentares/mandato/31/","2º Vice-Presidente da Câmara"
"PI","10650","2020","ANTONIO JOSÉ DA SILVA","TRUE","41","https://sapl.demervallobao.pi.leg.br/api/parlamentares/mandato/41/","Suplente assumiu a vaga deixada temporariamente pelo vereador Titular, José Leite"
"PI","10669","2024","Enilson Lopes Gomes","TRUE","3","https://sapl.boahora.pi.leg.br/api/parlamentares/mandato/3/","Vereador eleito nas Eleições Municipais de 2024 para a Legislatura 2025–2028."
"PI","10669","2024","Francisco Canuto de Carvalho Filho","TRUE","4","https://sapl.boahora.pi.leg.br/api/parlamentares/mandato/4/","Vereador eleito nas Eleições Municipais de 2024 para a Legislatura 2025–2028."
"PI","10669","2024","Francisco Regis Morais do Nascimento","TRUE","9","https://sapl.boahora.pi.leg.br/api/parlamentares/mandato/9/","Vereador eleito nas Eleições Municipais de 2024 para a Legislatura 2025–2028."
"PI","10669","2024","Francisco Ribeiro de Araujo Filho","TRUE","5","https://sapl.boahora.pi.leg.br/api/parlamentares/mandato/5/","Vereador eleito nas Eleições Municipais de 2024 para a Legislatura 2025–2028."
"PI","10669","2024","Jorge Luis da Silva","TRUE","6","https://sapl.boahora.pi.leg.br/api/parlamentares/mandato/6/","Vereador eleito nas Eleições Municipais de 2024 para a Legislatura 2025–2028."
"PI","10669","2024","Joucilene Carvalho Sales","TRUE","7","https://sapl.boahora.pi.leg.br/api/parlamentares/mandato/7/","Vereadora eleita nas Eleições Municipais de 2024 para a Legislatura 2025–2028."
"PI","10669","2024","Keyla Maria da Rocha Silva","TRUE","2","https://sapl.boahora.pi.leg.br/api/parlamentares/mandato/2/","Vereadora eleita nas Eleições Municipais de 2024 para a Legislatura 2025–2028."
"PI","10669","2024","Pedro Neto","TRUE","8","https://sapl.boahora.pi.leg.br/api/parlamentares/mandato/8/","Vereador eleito nas Eleições Municipais de 2024 para a Legislatura 2025–2028."
"PI","10669","2024","Venância Santos Resende","TRUE","1","https://sapl.boahora.pi.leg.br/api/parlamentares/mandato/1/","Vereadora eleita nas Eleições Municipais de 2024 para a Legislatura 2025–2028 e Presidente da Câmara Municipal de Boa Hora-PI no biênio 2025–2026."
"PI","10820","2024","DANIEL GOMES OLIVEIRA","TRUE","66","https://sapl.ilhagrande.pi.leg.br/api/parlamentares/mandato/66/","Este vereador foi o 7º mais votado na eleição de 2024"
"PI","10820","2024","RAIMUNDO NONATO DOS SANTOS COSTA","TRUE","74","https://sapl.ilhagrande.pi.leg.br/api/parlamentares/mandato/74/","Parlamentar torna-se em 2024 o Vereador mais bem votado."
"PI","12130","2024","MARCIA MELLANIA DA SILVEIRA MORAIS","TRUE","40","https://sapl.simoes.pi.leg.br/api/parlamentares/mandato/40/","Vereadora mais bem votada da história do Município de Simões - PI"
"PI","12130","2024","MARIA DAS GRAÇAS XAVIER CARVALHO","TRUE","41","https://sapl.simoes.pi.leg.br/api/parlamentares/mandato/41/","Presidente da Casa Legislativa - Biênio - 2025/2026"
"PI","12440","2024","BERNARDO WANDESON CRUZ CARDOSO","TRUE","4","https://sapl.madeiro.pi.leg.br/api/parlamentares/mandato/4/","Vereador eleito e reeleito pelo PSD nas Eleições Municipais de 2024."
"PI","12440","2024","DENIS ARAUJO LOPES","TRUE","2","https://sapl.madeiro.pi.leg.br/api/parlamentares/mandato/2/","Vereador eleito e reeleito pelo PSD nas Eleições Municipais de 2024."
"PI","12440","2024","LEONARDO MEIRELES DE SOUSA","TRUE","5","https://sapl.madeiro.pi.leg.br/api/parlamentares/mandato/5/","Vereador eleito pelo MDB nas Eleições Municipais de 2024."
"PI","12440","2024","LINDALVA MARIA ARAÚJO SALES","TRUE","3","https://sapl.madeiro.pi.leg.br/api/parlamentares/mandato/3/","Vereadora eleita pelo PT nas Eleições Municipais de 2024."
"PI","12440","2024","RAIMUNDA CAROLINA LOIOLA TELES VERAS","TRUE","1","https://sapl.madeiro.pi.leg.br/api/parlamentares/mandato/1/","Vereadora eleita pelo MDB nas Eleições Municipais de 2024."
"PR","74063","2020","NARA REGINA ALVES FUSCO","FALSE","41","https://sapl.ouroverdedooeste.pr.leg.br/api/parlamentares/mandato/41/","(Substituindo SEBASTIÃO LUIZ ALVES)"
"PR","74128","2008","Antonio Ulbano Pereira","FALSE","59","https://sapl.angulo.pr.leg.br/api/parlamentares/mandato/59/","Entrou no lugar do Armando Lavagnoli, que perdeu o direitos políticos."
"PR","74128","2008","Armando Lavanholi","TRUE","47","https://sapl.angulo.pr.leg.br/api/parlamentares/mandato/47/","Perca dos direitos políticos, cedendo a vaga para o suplente Antonio Ulbano Pereira, Toninho Urbano."
"PR","74128","2008","Levi dos Santos Lima","FALSE","58","https://sapl.angulo.pr.leg.br/api/parlamentares/mandato/58/","Assumiu como suplente no lugar do Moisés Gomes da Silva por este ter assumido o Executivo Municipal no lugar do Valdo Lourenço."
"PR","74233","2016","Gilciano Moreira","FALSE","2","https://sapl.antonioolinto.pr.leg.br/api/parlamentares/mandato/2/","Suplente do Vereador Titular Anibeli Cordeiro."
"PR","74241","2024","Anestor dos Santos Silva","TRUE","9","https://sapl.cruzeirodoiguacu.pr.leg.br/api/parlamentares/mandato/9/","O vereador assumiu Cargo em Comissão no Poder Executivo Municipal de Cruzeiro do Iguaçu."
"PR","74241","2024","Reni Francischini","TRUE","8","https://sapl.cruzeirodoiguacu.pr.leg.br/api/parlamentares/mandato/8/","O vereador Reni Francischini assumiu o Cargo em Comissão no Poder Executivo Municipal de Cruzeiro do Iguaçu;"
"PR","74250","2004","Satio Kayukawa","TRUE","282","https://sapl.apucarana.pr.leg.br/api/parlamentares/mandato/282/","Assume na vaga do vereador João Carlos de Oliveira"
"PR","74250","2008","Laercio de Morais","TRUE","298","https://sapl.apucarana.pr.leg.br/api/parlamentares/mandato/298/","Assumiu a vaga deixada por Alcides Ramos"
"PR","74250","2020","Mário Felippe Rodrigues","TRUE","336","https://sapl.apucarana.pr.leg.br/api/parlamentares/mandato/336/","Suplente e assume a vaga da Vereadora Jossuela Martins Pirelli."
"PR","74330","1996","ALINOR APARECIDO MENOSSI","TRUE","112","https://sapl.marilandiadosul.pr.leg.br/api/parlamentares/mandato/112/","Data Expedição Diploma é Fictícia."
"PR","74330","1996","ATAIDE CASTORINO NASCIMENTO","TRUE","108","https://sapl.marilandiadosul.pr.leg.br/api/parlamentares/mandato/108/","Data Expedição Diploma é Fictícia."
"PR","74330","1996","ITACIR JOSÉ NARDINO","TRUE","115","https://sapl.marilandiadosul.pr.leg.br/api/parlamentares/mandato/115/","Data Expedição Diploma é Fictícia."
"PR","74330","1996","NIVERSINO BUENO","TRUE","107","https://sapl.marilandiadosul.pr.leg.br/api/parlamentares/mandato/107/","Data Expedição Diploma é Fictícia."
"PR","74330","2000","ADONIAS CAETANO GONÇALVES","TRUE","120","https://sapl.marilandiadosul.pr.leg.br/api/parlamentares/mandato/120/","Data Expedição Diploma é Fictícia."
"PR","74330","2000","ALFO DIAS DE SOUZA","TRUE","116","https://sapl.marilandiadosul.pr.leg.br/api/parlamentares/mandato/116/","Data Expedição Diploma é Fictícia."
"PR","74330","2000","JOSÉ ARNALDO DINIZ","TRUE","117","https://sapl.marilandiadosul.pr.leg.br/api/parlamentares/mandato/117/","Data Expedição Diploma é Fictícia."
"PR","74330","2000","JOSÉ PIRES BATISTA","TRUE","125","https://sapl.marilandiadosul.pr.leg.br/api/parlamentares/mandato/125/","Data Expedição Diploma é Fictícia."
"PR","74330","2000","LAÉRCIO DE ANDRADE ","TRUE","121","https://sapl.marilandiadosul.pr.leg.br/api/parlamentares/mandato/121/","Suplente - assumiu no lugar de IONICE APARECIDA FERREIRA a partir de março de 2004."
"PR","74330","2004","ANDERSON LUIZ BUENO","TRUE","126","https://sapl.marilandiadosul.pr.leg.br/api/parlamentares/mandato/126/","Data Expedição Diploma é Fictícia."
"PR","74330","2004","JOSÉ ARNALDO DINIZ","TRUE","127","https://sapl.marilandiadosul.pr.leg.br/api/parlamentares/mandato/127/","Data Expedição Diploma é Fictícia."
"PR","74330","2004","NELSON APARECIDO LUIZ","TRUE","129","https://sapl.marilandiadosul.pr.leg.br/api/parlamentares/mandato/129/","Data Expedição Diploma é Fictícia."
"PR","74330","2004","WALMIR PERES","TRUE","128","https://sapl.marilandiadosul.pr.leg.br/api/parlamentares/mandato/128/","Data Expedição Diploma é Fictícia."
"PR","74330","2008","ALFO DIAS DE SOUZA","TRUE","140","https://sapl.marilandiadosul.pr.leg.br/api/parlamentares/mandato/140/","Data Expedição Diploma é Fictícia."
"PR","74330","2008","ANDERSON LUIZ BUENO","TRUE","135","https://sapl.marilandiadosul.pr.leg.br/api/parlamentares/mandato/135/","Data Expedição Diploma é Fictícia."
"PR","74330","2008","JEAN CARLOS MOMENTE BUENO","TRUE","139","https://sapl.marilandiadosul.pr.leg.br/api/parlamentares/mandato/139/","Data Expedição Diploma é Fictícia."
"PR","74330","2008","JOSÉ ARNALDO DINIZ","TRUE","136","https://sapl.marilandiadosul.pr.leg.br/api/parlamentares/mandato/136/","Data Expedição Diploma é Fictícia."
"PR","74330","2008","MARCO ANTONIO ROCHA","TRUE","138","https://sapl.marilandiadosul.pr.leg.br/api/parlamentares/mandato/138/","Data Expedição Diploma é Fictícia."
"PR","74330","2008","NELSON APARECIDO LUIZ","TRUE","137","https://sapl.marilandiadosul.pr.leg.br/api/parlamentares/mandato/137/","Data Expedição Diploma é Fictícia."
"PR","74810","2016","ROGÉRIO BAUMEL","TRUE","55","https://sapl.campolargo.pr.leg.br/api/parlamentares/mandato/55/","ASSUMIU NO LUGAR DO VEREADOR GIOVANI MARCON."
"PR","74829","2016","Claudio Rafael","FALSE","73","https://sapl.santamonica.pr.leg.br/api/parlamentares/mandato/73/","Vereador 2º Suplente."
"PR","74829","2016","Sueli Ferreira da Silva Oliveira","TRUE","72","https://sapl.santamonica.pr.leg.br/api/parlamentares/mandato/72/","1º Suplente do Partido do MDB."
"PR","74829","2020","José Rodrigues da Silva","TRUE","86","https://sapl.santamonica.pr.leg.br/api/parlamentares/mandato/86/","Vereador Tomou Posse no dia 16 de Janeiro de 2013."
"PR","74934","2016","Alécio Natalino Espínola","TRUE","65","https://sapl.cascavel.pr.leg.br/api/parlamentares/mandato/65/","Legislatura válida."
"PR","74934","2020","Madson de Oliveira","TRUE","113","https://sapl.cascavel.pr.leg.br/api/parlamentares/mandato/113/","Suplente do vereador Edson Souza"
"PR","74993","2020","WESLLEY REIS PEREIRA","FALSE","200","https://sapl.centenariodosul.pr.leg.br/api/parlamentares/mandato/200/","Vereador Suplente do Vereador MARLON DO KIOSKI"
"PR","75639","2016","Beni Rodrigues Pinto","TRUE","8","https://sapl.fozdoiguacu.pr.leg.br/api/parlamentares/mandato/8/","2º Lugar na Coligação"
"PR","75639","2016","Celino Fertrin","TRUE","9","https://sapl.fozdoiguacu.pr.leg.br/api/parlamentares/mandato/9/","3º Lugar na Coligação."
"PR","75639","2016","Elizeu Liberato","TRUE","10","https://sapl.fozdoiguacu.pr.leg.br/api/parlamentares/mandato/10/","2º Lugar na Coligação.
13º lugar na colocação geral."
"PR","75639","2016","João Gonçalves de Miranda","TRUE","13","https://sapl.fozdoiguacu.pr.leg.br/api/parlamentares/mandato/13/","2º Lugar na Coligação.
17º lugar na colocação geral."
"PR","75639","2016","Marcio Rosa da Silva","TRUE","14","https://sapl.fozdoiguacu.pr.leg.br/api/parlamentares/mandato/14/","1º Lugar na Coligação.
15º lugar na colocação geral."
"PR","75639","2016","Nanci Mari Rafagnin Andreola","TRUE","15","https://sapl.fozdoiguacu.pr.leg.br/api/parlamentares/mandato/15/","1º Lugar na Coligação.
1º lugar na colocação geral."
"PR","75639","2016","Rolison Jeferson Brayner","TRUE","12","https://sapl.fozdoiguacu.pr.leg.br/api/parlamentares/mandato/12/","2º Lugar na Coligação.
31º lugar na colocação geral."
"PR","75639","2020","Marcio Rosa da Silva","TRUE","177","https://sapl.fozdoiguacu.pr.leg.br/api/parlamentares/mandato/177/","Entrou no lugar do Maninho (mandato extinto pela Justiça Eleitoral, após anulação dos votos do partido)
O Legislativo cumpriu, por meio do ato 100/2022, a decisão do Tribunal Regional Eleitoral (TRE)."
"PR","75930","2016","Luiz Caires  de Neve","TRUE","49","https://sapl.icaraima.pr.leg.br/api/parlamentares/mandato/49/","Vereador suplente para ocupar a cadeira temporariamente livre"
"PR","76236","2008","José Maria Carneiro","FALSE","153","https://sapl.ivaipora.pr.leg.br/api/parlamentares/mandato/153/","Foi suplente do Vereador Sadi Marcondes Mendes na 12ª Legislatura (2010-2012)"
"PR","76473","2008","ERIC BRUNO DA SILVA","TRUE","10","https://sapl.jataizinho.pr.leg.br/api/parlamentares/mandato/10/","Ocupou a vaga deixada pelo Vereador Jorge Pereira temporariamente"
"PR","76473","2012","Antonio Laercio dos Reis","TRUE","35","https://sapl.jataizinho.pr.leg.br/api/parlamentares/mandato/35/","Suplente empossado na vaga deixada por Clovis Cordeiro da Silva"
"PR","76473","2012","CLAUDINEI DE OLIVEIRA CABRAL","TRUE","36","https://sapl.jataizinho.pr.leg.br/api/parlamentares/mandato/36/","Suplente empossado na vaga deixada por Maurílio Martielho"
"PR","76473","2012","José Aparecido Rodrigue","TRUE","21","https://sapl.jataizinho.pr.leg.br/api/parlamentares/mandato/21/","Ocupou a vaga deixada pelo Vereador Adilson da Silva temporariamente - Suplente empossado na vaga deixada por Alex Antonio Gomes de Faria"
"PR","76473","2012","Reinaldo Cícero Martins","TRUE","37","https://sapl.jataizinho.pr.leg.br/api/parlamentares/mandato/37/","Suplente empossado na vaga deixada por Jorge dos Santos Pereira"
"PR","76473","2012","Wagner Moreno Baptista","TRUE","38","https://sapl.jataizinho.pr.leg.br/api/parlamentares/mandato/38/","Suplente - Assumiu a vaga deixada pelo Vereador Anilton Murari"
"PR","76830","2020","Rafael Cristiano Heinrich","TRUE","220","https://sapl.marechalcandidorondon.pr.leg.br/api/parlamentares/mandato/220/","Atualmente, exerce o mandato de Vereador da 15ª Legislatura (2021 - 2024) e de Presidente da Comissão de Educação, Cultura, Saúde, B. E. Social e Ecologia, biênnio (2023 - 2024). Exerceu o cargo de Vice-Presidente, o cargo de Presidente das Comissões de Finanças, Orçamento e Fiscalização e Comissão de Educação, Cultura, Saúde, Bem Estar Social e Ecologia, biênio (2021 - 2022)."
"PR","76953","2020","Eleandro de Morais Vieira","TRUE","12","https://sapl.marmeleiro.pr.leg.br/api/parlamentares/mandato/12/","Suplente na representação do partido dos trabalhadores - PT."
"PR","77518","2012","Clóvis Gresele","FALSE","24","https://sapl.patobranco.pr.leg.br/api/parlamentares/mandato/24/","Na sessão realizada no dia 12 de maio 2014, assumiu a vaga deixada pelo vereador Valmir Tasca."
"PR","77658","1996","Francisco Santos Oliveira","TRUE","91","https://sapl.pinhao.pr.leg.br/api/parlamentares/mandato/91/","Vereador suplente que assumiu efetivamente."
"PR","77658","1996","Hamilton José da Silva","FALSE","94","https://sapl.pinhao.pr.leg.br/api/parlamentares/mandato/94/","Vereador suplente com atuação temporária."
"PR","77658","1996","João Pedro Kitcki","FALSE","93","https://sapl.pinhao.pr.leg.br/api/parlamentares/mandato/93/","Vereador suplente com atuação temporária."
"PR","77658","1996","Joaquim Carlos Paitner","TRUE","92","https://sapl.pinhao.pr.leg.br/api/parlamentares/mandato/92/","Vereador suplente de atuação temporária."
"PR","77658","2004","Eva Aparecida Lazzeris de Lima","FALSE","116","https://sapl.pinhao.pr.leg.br/api/parlamentares/mandato/116/","Vereadora suplente que assumiu efetivamente."
"PR","77658","2004","Nilceu Evanir Kempf","FALSE","117","https://sapl.pinhao.pr.leg.br/api/parlamentares/mandato/117/","Vereador de atuação passageira."
"PR","77658","2004","Normir Julio Machajewski","FALSE","118","https://sapl.pinhao.pr.leg.br/api/parlamentares/mandato/118/","Vereador suplente de atuação temporária."
"PR","77658","2008","Jovael dos Santos Taques Belo","TRUE","129","https://sapl.pinhao.pr.leg.br/api/parlamentares/mandato/129/","Vereador suplente com atuação temporária."
"PR","77658","2008","Valdecir Biasebetti","FALSE","128","https://sapl.pinhao.pr.leg.br/api/parlamentares/mandato/128/","Vereador suplente que assumiu efetivamente."
"PR","77658","2012","Jovael dos Santos Taques Belo","TRUE","143","https://sapl.pinhao.pr.leg.br/api/parlamentares/mandato/143/","Vereador suplente que assumiu temporariamente."
"PR","77658","2012","Lindomar Paulo do Nascimento","TRUE","144","https://sapl.pinhao.pr.leg.br/api/parlamentares/mandato/144/","Vereador suplente que assumiu temporariamente."
"PR","77658","2012","Neoraldo Quintiliano Rocha","FALSE","145","https://sapl.pinhao.pr.leg.br/api/parlamentares/mandato/145/","Vereador suplente com atuação temporária."
"PR","77658","2016","Adaor Caldas","FALSE","159","https://sapl.pinhao.pr.leg.br/api/parlamentares/mandato/159/","Vereador Suplente com atuação temporaria."
"PR","77690","2020","Josmar Claro","TRUE","30","https://sapl.piraquara.pr.leg.br/api/parlamentares/mandato/30/","Primeiro suplente empossado no lugar do Vereador Weliton Santos Figueiredo"
"PR","77690","2020","Wailton Leonel","FALSE","34","https://sapl.piraquara.pr.leg.br/api/parlamentares/mandato/34/","Segundo suplente de Vereador, assumiu mandato no lugar do Vereador Lúcio Renato que teve a perda do seu mandato declarada pela Justiça Eleitoral."
"PR","78271","2016","Ivo Kuchla","TRUE","56","https://sapl.roncador.pr.leg.br/api/parlamentares/mandato/56/","Em conformidade com determinação Judicial  contida no Ofício n. 54/2019, exarado pela Juíza Eleitoral Ana Carolina de Oliveira e conforme Lei Orgânica Municipal e Regimento Interno, foi decretado perda de mandato."
"PR","78271","2020","Antonio Donizete dos Gonçalves dos Anjos","FALSE","77","https://sapl.roncador.pr.leg.br/api/parlamentares/mandato/77/","Suplente assumiu em razão de Vacância ao Cargo de Vereador"
"PR","78590","2016","EDSON MUNIZ GONÇALVES - BUCHECHA","TRUE","16","https://sapl.santoantoniodaplatina.pr.leg.br/api/parlamentares/mandato/16/","Suplente do Vereador Panegada"
"PR","78719","2024","GESSI DA SILVA CAMARGO","TRUE","11","https://sapl.saojoao.pr.leg.br/api/parlamentares/mandato/11/","Reeleito"
"PR","79154","2016","Anézio Aparecido Maia","TRUE","40","https://sapl.telemacoborba.pr.leg.br/api/parlamentares/mandato/40/","1º Suplente da Coligação PTC / PEN / PRTB / PC do B"
"PR","79154","2024","Klecius dos Santos Silva","TRUE","70","https://sapl.telemacoborba.pr.leg.br/api/parlamentares/mandato/70/","Retotalização dos votos da eleição proporcional de 2024, alterando-se os Vereadores eleitos do Município, em conformidade com o Acórdão 67.477."
"PR","79154","2024","Paulo Cesar de Oliveira","TRUE","71","https://sapl.telemacoborba.pr.leg.br/api/parlamentares/mandato/71/","Retotalização dos votos da eleição proporcional de 2024, alterando-se os Vereadores eleitos do Município, em conformidade com o Acórdão 67.477."
"PR","79278","2020","Leoclides Luiz Roso Bisognin","TRUE","88","https://sapl.toledo.pr.leg.br/api/parlamentares/mandato/88/","Ato nº 50/2023"
"PR","84670","2020","MANOEL ROGÉRIO MATENDAL","FALSE","9","https://sapl.santaterezinhadeitaipu.pr.leg.br/api/parlamentares/mandato/9/","Retorno do Vereador Titular Claudio Schutz"
"PR","84697","2012","JAIR LORENO BOGLER","TRUE","5","https://sapl.missal.pr.leg.br/api/parlamentares/mandato/5/","LIDER DO GOVERNO"
"RJ","58041","1996","Antonio Luiz Tayano Dias","TRUE","64","https://sapl.belfordroxo.rj.leg.br/api/parlamentares/mandato/64/","Vereador Eleito Por Média."
"RJ","58041","1996","LUIS CARLOS CARVALHO DE JESUS","TRUE","187","https://sapl.belfordroxo.rj.leg.br/api/parlamentares/mandato/187/","1º Suplente do Partido Proqressista Brasileiro - PPB.Convocado em virtude da saída do Vereador LUIS EDUARDO ALMEIDA DE OLIVEIRA (LUISINHO)."
"RJ","58041","2000","Antonio Luiz Tayano Dias","TRUE","65","https://sapl.belfordroxo.rj.leg.br/api/parlamentares/mandato/65/","Vereador Eleito por Média."
"RJ","58041","2016","Matheus Ricardo da Silva de Oliveira","FALSE","53","https://sapl.belfordroxo.rj.leg.br/api/parlamentares/mandato/53/","Ver com edileia........"
"RJ","58394","2024","Haroldo Rodrigues Jesus Neto","TRUE","18","https://sapl.itaguai.rj.leg.br/api/parlamentares/mandato/18/","Vereador Presidente da Câmara Municipal de Itaguaí exercendo Cargo de Prefeito Municipal em razão de vacância pela não homologação do resultado do pleito eleitoral."
"RJ","58394","2024","José Domingos do Rozário","FALSE","29","https://sapl.itaguai.rj.leg.br/api/parlamentares/mandato/29/","Assumiu mantado em razão do exercício do Cargo de Prefeito Municipal pelo Sr. Presidente Haroldo Rodrigues de Jesus Neto."
"RJ","58408","2020","Uriel da Costa Pereira","FALSE","22","https://sapl.armacaodosbuzios.rj.leg.br/api/parlamentares/mandato/22/","2º Suplente do vereador João Carlos Souza dos Anjos."
"RJ","58572","2004","Albino Gonçalves Portella Junior","FALSE","177","https://sapl.miguelpereira.rj.leg.br/api/parlamentares/mandato/177/","Empossado pela vaga deixada pelo vereador sr. João Gilberto da Silva."
"RJ","58670","2008","Vanor Breder Pacheco","TRUE","160","https://sapl.novafriburgo.rj.leg.br/api/parlamentares/mandato/160/","Atualmente na Superintendência da AUTRAN."
"RJ","58670","2012","Paulo Sérgio Louback","TRUE","208","https://sapl.novafriburgo.rj.leg.br/api/parlamentares/mandato/208/","Assumiu o mandato como suplente do Vereador Alexandre Cruz."
"RJ","58670","2016","Luis Fernando Azevedo Silva","FALSE","237","https://sapl.novafriburgo.rj.leg.br/api/parlamentares/mandato/237/","1º Suplente da Coligação, assumiu na vaga do Vereador Sérgio Louback"
"RJ","58777","2020","Mauro Henrique Ribeiro de Oliveira","FALSE","13","https://sapl.petropolis.rj.leg.br/api/parlamentares/mandato/13/","Assumiu a vaga do Parlamentar Hingo Hammes que está exercendo a função de Prefeito Interino da Cidade de Petrópolis"
"RN","16012","2012","JOSÉ ARI BEZERRA DANTAS","TRUE","52","https://sapl.acari.rn.leg.br/api/parlamentares/mandato/52/","Suplente em exercício por vacância do titular"
"RN","16195","2004","ANTONIO LAETE OLIVEIRA DE SOUZA","TRUE","60","https://sapl.apodi.rn.leg.br/api/parlamentares/mandato/60/","Suplente que assumiu no lugar de Junior Souza"
"RN","16519","2008","RONALDO MARQUES RODRIGUES","TRUE","1","https://sapl.cearamirim.rn.leg.br/api/parlamentares/mandato/1/","Em virtude de  Acordão n. 14252/2012, proferido pela Corte Eleitoral do Estado do Rio Grande do Norte, em data de 05 de julho do corrente ano, oriundo da petição do Ministério Público Eleitoral de n. 927-19.2011.6.20.000 &#8211; Classe 24º"
"RN","17612","2016","Aldo Clemente de Araujo Filho","FALSE","43","https://sapl.natal.rn.leg.br/api/parlamentares/mandato/43/","Ex-Vereador com mandato encerrado em razão da convocação do 1º suplente da coligação Vereador Ary gomes, convocação esta efetivada pela Câmara Municipal de Natal nos termos do  Art.19  VI, VII do Regimento Interno da Câmara Municipal de Natal"
"RO","00116","2016","José Pedro das Neves","FALSE","11","https://sapl.pimentabueno.ro.leg.br/api/parlamentares/mandato/11/","Assumiu a vaga do parlamentar Sóstenes da Silva que foi nomeado como Prefeito em Substituição."
"RO","00116","2016","Sóstenes da Silva Mendes","TRUE","3","https://sapl.pimentabueno.ro.leg.br/api/parlamentares/mandato/3/","Assumiu cargo de Prefeito em Substituição, abrindo vaga para suplente José Pedro das Neves."
"RO","00256","2024","Alexandro Ferraz da Silva","TRUE","5","https://sapl.espigaodoeste.ro.leg.br/api/parlamentares/mandato/5/","Alexandro Ferraz da Silva (BAHIA) nasceu em 14 de abril de 1988, no município de Rolim de Moura, Estado de Rondônia, filho de Noe Jose da Silva e Domingas Ferraz Alves, logo após indo para região de Espigão do Oeste e criando suas raízes no Distrito de Boa Vista do Pacarana, empresário dono da Oficina Bahia Motos e atuante na Agricultura Familiar.

Cristão, União estável com o grande amor de sua vida, Eliana Souza de Oliveira e tiveram duas filhas, Laysa Ferraz de Oliveira e Hayla Ferraz de Oliveira. Torcedor do Corinthians, apaixonado por esportes, principalmente o futebol, sempre atuou fortemente no incentivo ao esporte no Distrito, participando de competições em toda a região.

Em 2020, conquistou uma vaga na Câmara Municipal de Espigão do Oeste ao ser eleito pelo PROS com 501 Votos e em 2024 reeleito com 705 votos pelo PL."
"RO","00310","2020","Edirlei Manoel Monteiro","FALSE","11","https://sapl.altaflorestadoeste.ro.leg.br/api/parlamentares/mandato/11/","VEREADOR EMPOSSADO"
"RO","00310","2020","Luiz Mauro Cardoso","FALSE","12","https://sapl.altaflorestadoeste.ro.leg.br/api/parlamentares/mandato/12/","VEREADOR EMPOSSADO"
"RO","00434","2012","Isaias Quintino Borges Santana","FALSE","28","https://sapl.novamamore.ro.leg.br/api/parlamentares/mandato/28/","Assumiu a vaga do parlamentar Zenilto Pinto, o qual teve o mandato extinto."
"RO","00434","2012","ZENILTON PINTO DA SILVA","TRUE","99","https://sapl.novamamore.ro.leg.br/api/parlamentares/mandato/99/","O parlamentar por inúmeras falta, seu mandato foi extinto, abrindo uma vaga para,
o suplente Isaias Quintino Borges Santana."
"RO","00531","2024","Gilson Dias Barbosa","FALSE","2","https://sapl.castanheiras.ro.leg.br/api/parlamentares/mandato/2/","O vereador Gilson Dias Barbosa assumiu o cargo no lugar da vereador titular. Fredimar Antonelo"
"RO","00710","2016","José Carlos de Oliveira","TRUE","20","https://sapl.saofelipedoeste.ro.leg.br/api/parlamentares/mandato/20/","Suplente da Coligação TODOS POR SÃO FELIPE."
"RO","00728","2020","ROGÉRIO BARBOSA RODRIGUÊS","FALSE","19","https://sapl.primaveraderondonia.ro.leg.br/api/parlamentares/mandato/19/","1º SUPLENTE - PP"
"RO","00779","2024","Dhionatas de Tassos Fagner","TRUE","30","https://sapl.buritis.ro.leg.br/api/parlamentares/mandato/30/","https://resultados.tse.jus.br/oficial/app/index.html#/eleicao;e=e619;uf=ro;tipo=3;mu=00779/resultados/cargo/13"
"RO","00779","2024","Ivan Carlos Dutra","TRUE","28","https://sapl.buritis.ro.leg.br/api/parlamentares/mandato/28/","<a href=""""https://resultados.tse.jus.br/oficial/app/index.html#/eleicao;e=e619;uf=ro;tipo=3;mu=00779/resultados/cargo/13"""" target=""""_blank"""" rel=""""noopener noreferrer"""">Resultado Eleição Municipal Ordinária 2024</a>"
"RO","00779","2024","Juliana Cibelly dos Santos","TRUE","29","https://sapl.buritis.ro.leg.br/api/parlamentares/mandato/29/","<a href=""""https://resultados.tse.jus.br/oficial/app/index.html#/eleicao;e=e619;uf=ro;tipo=3;mu=00779/resultados/cargo/13"""" target=""""_blank"""" rel=""""noopener noreferrer"""">Resultado Eleição Municipal Ordinária 2024</a>"
"RR","03018","2016","Antonio Adberto Resende Veras","FALSE","73","https://sapl.boavista.rr.leg.br/api/parlamentares/mandato/73/","suplente que assumiu a vaga no lugar de Renato Queiroz (MDB), que foi empossado como deputado federal."
"RR","03018","2020","Samuel de Jesus Lopes","FALSE","104","https://sapl.boavista.rr.leg.br/api/parlamentares/mandato/104/","Assumiu o cargo em razão da determinação judicial que cassou o mandato do Vereador Adjalma Gonçalves."
"RS","85332","2020","PAULO CEZAR CAPELETTI","FALSE","13","https://sapl.baraodecotegipe.rs.leg.br/api/parlamentares/mandato/13/","Vereador Suplente Adelir Sartori"
"RS","85537","2016","Daniel Pereira de Almeida","TRUE","19","https://sapl.butia.rs.leg.br/api/parlamentares/mandato/19/","Asssumiu o cargo de Prefeito"
"RS","86134","2012","IRENA VANTZING GERALDO","FALSE","115","https://sapl.constantina.rs.leg.br/api/parlamentares/mandato/115/","Assumiu na Vaga do Ver. Almir Villa de 20.10.2013 a 13.11.2013"
"RS","86134","2016","ARI DIRCEU GIACOMINI","TRUE","131","https://sapl.constantina.rs.leg.br/api/parlamentares/mandato/131/","Presidente da Câmara 01.01.2017"
"RS","86134","2020","LIRIO RIGON","TRUE","165","https://sapl.constantina.rs.leg.br/api/parlamentares/mandato/165/","Processo Judicial."
"RS","86258","2008","SÉRGIO LUIZ FINK","TRUE","162","https://sapl.doisirmaos.rs.leg.br/api/parlamentares/mandato/162/","Saída devido a troca de partido."
"RS","86258","2012","LÉO BUTTENBENDER","TRUE","5","https://sapl.doisirmaos.rs.leg.br/api/parlamentares/mandato/5/","Saída devido a troca de partido."
"RS","86258","2024","Adelia Vanice Volkweis","FALSE","183","https://sapl.doisirmaos.rs.leg.br/api/parlamentares/mandato/183/","1ª Suplente pelo Progressistas."
"RS","86371","1996","ABRÃO NUNES MARTINS","TRUE","342","https://sapl.erechim.rs.leg.br/api/parlamentares/mandato/342/","Vereador pelo Partido Democrático Trabalhista(PDT)."
"RS","86371","1996","ADELINO BUSETO","FALSE","355","https://sapl.erechim.rs.leg.br/api/parlamentares/mandato/355/","Suplente de Vereador pelo Partido Trabalhista Brasileiro(PTB)."
"RS","86371","1996","ADELINO PESSIN","FALSE","350","https://sapl.erechim.rs.leg.br/api/parlamentares/mandato/350/","Suplente de Vereador pelo Partido do Movimento Democrático Brasileiro(PMDB)."
"RS","86371","1996","ALDÉRICO ALBINO MIOLA","TRUE","54","https://sapl.erechim.rs.leg.br/api/parlamentares/mandato/54/","Vereador pelo Partido Trabalhista Brasileiro(PTB)."
"RS","86371","1996","AMAURI ANTÔNIO BERNARDI","FALSE","359","https://sapl.erechim.rs.leg.br/api/parlamentares/mandato/359/","Suplente de Vereador pelo Partido da Frente Liberal(PFL)."
"RS","86371","1996","ANACLETO ZANELLA","TRUE","343","https://sapl.erechim.rs.leg.br/api/parlamentares/mandato/343/","Vereador pelo Partido dos Trabalhadores(PT)."
"RS","86371","1996","ANTÔNIO SOBIS","FALSE","513","https://sapl.erechim.rs.leg.br/api/parlamentares/mandato/513/","Suplente de Vereador pelo Partido Liberal(PL)."
"RS","86371","1996","ARLINDO DE SOUZA","FALSE","362","https://sapl.erechim.rs.leg.br/api/parlamentares/mandato/362/","Suplente de Vereador pelo Partido Libertador(PL)."
"RS","86371","1996","CARLINDA POLETTO FARINA","TRUE","344","https://sapl.erechim.rs.leg.br/api/parlamentares/mandato/344/","Vereadora pelo Partido do Movimento Democrático Brasileiro(PMDB)."
"RS","86371","1996","CEZAR AUGUSTO CALDART","TRUE","58","https://sapl.erechim.rs.leg.br/api/parlamentares/mandato/58/","Vereador pelo Partido da Frente Liberal(PFL)."
"RS","86371","1996","CLISÉRIO LUIS KONZEN","FALSE","354","https://sapl.erechim.rs.leg.br/api/parlamentares/mandato/354/","Suplente de Vereador pelo Partido Trabalhista Brasileiro(PTB)."
"RS","86371","1996","DEBORAH DA SILVA MACHADO","FALSE","357","https://sapl.erechim.rs.leg.br/api/parlamentares/mandato/357/","Suplente de Vereador pelo Partido Democrático Trabalhista(PDT)."
"RS","86371","1996","EDGAR PAULO MARMENTINI","TRUE","56","https://sapl.erechim.rs.leg.br/api/parlamentares/mandato/56/","Vereador pelo Partido do Movimento Democrático Brasileiro(PMDB)."
"RS","86371","1996","ÉLIO FRANCISCO SPANHOL","TRUE","345","https://sapl.erechim.rs.leg.br/api/parlamentares/mandato/345/","Vereador pelo Partido dos Trabalhadores(PT)."
"RS","86371","1996","GENIR GOMES DA ROSA","FALSE","360","https://sapl.erechim.rs.leg.br/api/parlamentares/mandato/360/","Suplente de Vereador pelo Partido da Frente Liberal(PFL)."
"RS","86371","1996","HILARIO MUNARETTO","FALSE","366","https://sapl.erechim.rs.leg.br/api/parlamentares/mandato/366/","Suplente de Vereador pelo Partido Progressista Brasileiro(PPB)."
"RS","86371","1996","JAIME JOSÉ BASSO","FALSE","356","https://sapl.erechim.rs.leg.br/api/parlamentares/mandato/356/","Suplente de Vereador pelo Partido dos Trabalhadores(PT)."
"RS","86371","1996","JAIR LOSS","TRUE","346","https://sapl.erechim.rs.leg.br/api/parlamentares/mandato/346/","Vereador pelo Partido Trabalhista Brasileiro(PTB)."
"RS","86371","1996","JÉFERSON LUÍS BARBIERI","FALSE","365","https://sapl.erechim.rs.leg.br/api/parlamentares/mandato/365/","Suplente de Vereador pelo Partido Progressista Brasileiro(PPB)."
"RS","86371","1996","JOACILDO ANTÔNIO CAVASSOLA","FALSE","363","https://sapl.erechim.rs.leg.br/api/parlamentares/mandato/363/","Suplente de Vereador pelo Partido Libertador(PL)."
"RS","86371","1996","JOÃO ROSALINO BRISOTTO","TRUE","52","https://sapl.erechim.rs.leg.br/api/parlamentares/mandato/52/","Vereador pelo Partido Democrático Trabalhista(PDT)."
"RS","86371","1996","JORGE LISBOA GOELZER","FALSE","351","https://sapl.erechim.rs.leg.br/api/parlamentares/mandato/351/","Suplente de Vereador pelo Partido do Movimento Democrático Brasileiro(PMDB)."
"RS","86371","1996","JOSÉ DA CRUZ","FALSE","358","https://sapl.erechim.rs.leg.br/api/parlamentares/mandato/358/","Suplente de Vereador pelo Partido Socialista Brasileiro(PSB)."
"RS","86371","1996","LUIZ ALBERTO BARELLA","TRUE","64","https://sapl.erechim.rs.leg.br/api/parlamentares/mandato/64/","Vereador pelo Partido Trabalhista Brasileiro(PTB)."
"RS","86371","1996","LUIZ DEONÍSIO SILVA DE BRITO","TRUE","59","https://sapl.erechim.rs.leg.br/api/parlamentares/mandato/59/","Vereador pelo Partido Trabalhista Brasileiro(PTB)."
"RS","86371","1996","LUIZ HILÁRIO RONSONI","TRUE","55","https://sapl.erechim.rs.leg.br/api/parlamentares/mandato/55/","Vereador pelo Partido Libertador(PL)."
"RS","86371","1996","LUIZ TENEBRO ARAÚJO  MACHADO","FALSE","353","https://sapl.erechim.rs.leg.br/api/parlamentares/mandato/353/","Suplente de Vereador pelo Partido Trabalhista Brasileiro(PTB)."
"RS","86371","1996","MARCOS ANTÔNIO LANDO","TRUE","57","https://sapl.erechim.rs.leg.br/api/parlamentares/mandato/57/","Vereador pelo Partido Progressista Brasileiro(PPB)."
"RS","86371","1996","MARIA RUTH BARBOSA CRUZ","FALSE","361","https://sapl.erechim.rs.leg.br/api/parlamentares/mandato/361/","Suplente de Vereador pelo Partido da Frente Liberal(PFL)."
"RS","86371","1996","MOACIR JOÃO TORMEN","TRUE","347","https://sapl.erechim.rs.leg.br/api/parlamentares/mandato/347/","Vereador pelo Partido do Movimento Democrático Brasileiro(PMDB)."
"RS","86371","1996","MOACIR VALENTIN ANZILIERO","TRUE","348","https://sapl.erechim.rs.leg.br/api/parlamentares/mandato/348/","Vereador pelo Partido do Movimento Democrático Brasileiro(PMDB)."
"RS","86371","1996","NERY GASPARIN","FALSE","352","https://sapl.erechim.rs.leg.br/api/parlamentares/mandato/352/","Suplente de Vereador pelo Partido do Movimento Democrático Brasileiro(PMDB)."
"RS","86371","1996","NEUTON LUÍS PICCOLI","TRUE","53","https://sapl.erechim.rs.leg.br/api/parlamentares/mandato/53/","Vereador pelo Partido Trabalhista Brasileiro(PTB)."
"RS","86371","1996","PEDRO LORENZI","TRUE","60","https://sapl.erechim.rs.leg.br/api/parlamentares/mandato/60/","Vereador pelo Partido Libertador(PL)."
"RS","86371","1996","SIDNEI CANAN","FALSE","364","https://sapl.erechim.rs.leg.br/api/parlamentares/mandato/364/","Suplente de Vereador pelo Partido Libertador(PL)."
"RS","86371","1996","SILVÉRIO FORTUNATO","TRUE","62","https://sapl.erechim.rs.leg.br/api/parlamentares/mandato/62/","Vereador pelo Partido da Frente Liberal(PFL)."
"RS","86371","1996","SILVESTRE CORDONE","TRUE","63","https://sapl.erechim.rs.leg.br/api/parlamentares/mandato/63/","Vereador pelo Partido Democrático Trabalhista(PDT)."
"RS","86371","1996","VALDEMAR ARTUR LOCH","TRUE","61","https://sapl.erechim.rs.leg.br/api/parlamentares/mandato/61/","Vereador pelo Partido Democrático Trabalhista(PDT)."
"RS","86371","1996","VALMIR SEVERO","FALSE","367","https://sapl.erechim.rs.leg.br/api/parlamentares/mandato/367/","Suplente de Vereador pelo Partido Progressista Brasileiro(PPB)."
"RS","86371","1996","VOLMIR FERANTI","TRUE","349","https://sapl.erechim.rs.leg.br/api/parlamentares/mandato/349/","Vereador pelo Partido do Movimento Democrático Brasileiro(PMDB)."
"RS","86371","2000","ABRÃO NUNES MARTINS","FALSE","376","https://sapl.erechim.rs.leg.br/api/parlamentares/mandato/376/","Suplente de Vereador pelo Partido Democrático Trabalhista(PDT)."
"RS","86371","2000","ADEMIR LUIZ VOCZ","FALSE","400","https://sapl.erechim.rs.leg.br/api/parlamentares/mandato/400/","Suplente de Vereador pelo Partido da Frente Liberal(PFL)."
"RS","86371","2000","ALENCAR LUIZ RIGO","TRUE","377","https://sapl.erechim.rs.leg.br/api/parlamentares/mandato/377/","Vereador pelo Partido Progressista Brasileiro(PPB)."
"RS","86371","2000","ALVAR IZIDRO COFFY FILHO","FALSE","374","https://sapl.erechim.rs.leg.br/api/parlamentares/mandato/374/","Suplente de Vereador pelo Partido Democrático Trabalhista(PDT)."
"RS","86371","2000","ANA LUCIA SILVEIRA DE OLIVEIRA","TRUE","368","https://sapl.erechim.rs.leg.br/api/parlamentares/mandato/368/","Vereadora pelo Partido Democrático Trabalhista(PDT)."
"RS","86371","2000","ANACLETO ZANELLA","TRUE","50","https://sapl.erechim.rs.leg.br/api/parlamentares/mandato/50/","Vereador pelo Partido dos Trabalhadores(PT)."
"RS","86371","2000","ANDRÉ LUIZ STAKONSKI","FALSE","378","https://sapl.erechim.rs.leg.br/api/parlamentares/mandato/378/","Suplente de Vereador pelo Partido Progressista Brasileiro(PPB)."
"RS","86371","2000","CELSO ALVES MACHADO","FALSE","385","https://sapl.erechim.rs.leg.br/api/parlamentares/mandato/385/","Suplente de Vereador pelo Partido Trabalhista Brasileiro(PTB)."
"RS","86371","2000","DEBORAH DA SILVA MACHADO","FALSE","375","https://sapl.erechim.rs.leg.br/api/parlamentares/mandato/375/","Suplente de Vereador pelo Partido Democrático Trabalhista(PDT)"
"RS","86371","2000","EDGAR PAULO MARMENTINI","FALSE","393","https://sapl.erechim.rs.leg.br/api/parlamentares/mandato/393/","Suplente de Vereador pelo Partido do Movimento Democrático Brasileiro(PMDB)."
"RS","86371","2000","EDSON DE GERONI","TRUE","45","https://sapl.erechim.rs.leg.br/api/parlamentares/mandato/45/","Vereador pelo Partido Progressista Brasileiro(PPB)."
"RS","86371","2000","ÉLIO FRANCISCO SPANHOL","TRUE","395","https://sapl.erechim.rs.leg.br/api/parlamentares/mandato/395/","Vereador pelo Partido dos Trabalhadores(PT)."
"RS","86371","2000","ELÓI C. SCHALLEMBERGER","FALSE","379","https://sapl.erechim.rs.leg.br/api/parlamentares/mandato/379/","Suplente de Vereador pelo Partido Progressista Brasileiro(PPB)."
"RS","86371","2000","ENI MARIA SCANDOLARA","TRUE","43","https://sapl.erechim.rs.leg.br/api/parlamentares/mandato/43/","Vereadora pelo Partido Progressista Brasileiro(PPB)."
"RS","86371","2000","ERNANI MARIO COELHO MELLO","TRUE","390","https://sapl.erechim.rs.leg.br/api/parlamentares/mandato/390/","Vereador pelo Partido do Movimento Democrático Brasileiro(PMDB)."
"RS","86371","2000","JAIME C. DOS SANTOS","FALSE","387","https://sapl.erechim.rs.leg.br/api/parlamentares/mandato/387/","Suplente de Vereador pelo Partido Libertador(PL)."
"RS","86371","2000","JAIME JOSÉ BASSO","FALSE","398","https://sapl.erechim.rs.leg.br/api/parlamentares/mandato/398/","Suplente de Vereador pelo Partido dos Trabalhadores(PT)."
"RS","86371","2000","JOSÉ DA CRUZ","FALSE","389","https://sapl.erechim.rs.leg.br/api/parlamentares/mandato/389/","Suplente de Vereador pelo Partido da Social Democracia Brasileira(PSDB)."
"RS","86371","2000","JOSELITO ONHATE","FALSE","397","https://sapl.erechim.rs.leg.br/api/parlamentares/mandato/397/","Suplente de Vereador pelo Partido dos Trabalhadores(PT)"
"RS","86371","2000","LEONARDO ALÉCIO WENCZENOVICZ","TRUE","386","https://sapl.erechim.rs.leg.br/api/parlamentares/mandato/386/","Vereador pelo Partido Libertador(PL)."
"RS","86371","2000","LUIZ ALBERTO BARELLA","TRUE","44","https://sapl.erechim.rs.leg.br/api/parlamentares/mandato/44/","Vereador pelo Partido Trabalhista Brasileiro(PTB)."
"RS","86371","2000","LUIZ HILÁRIO RONSONI","TRUE","46","https://sapl.erechim.rs.leg.br/api/parlamentares/mandato/46/","Vereador pelo Partido Libertador(PL)."
"RS","86371","2000","MARCOS ANTÔNIO LANDO","TRUE","370","https://sapl.erechim.rs.leg.br/api/parlamentares/mandato/370/","Vereador pelo Partido Democrático Trabalhista(PDT)."
"RS","86371","2000","MOACIR VALENTIN ANZILIERO","FALSE","394","https://sapl.erechim.rs.leg.br/api/parlamentares/mandato/394/","Suplente de Vereador pelo Partido do Movimento Democrático Brasileiro(PMDB)."
"RS","86371","2000","NEIDE LOURDES PIRAN","TRUE","396","https://sapl.erechim.rs.leg.br/api/parlamentares/mandato/396/","Vereadora pelo Partido dos Trabalhadores(PT)."
"RS","86371","2000","NELSO RODRIGUES LEITE","FALSE","384","https://sapl.erechim.rs.leg.br/api/parlamentares/mandato/384/","Suplente de Vereador pelo Partido Trabalhista Brasileiro(PTB)."
"RS","86371","2000","ONDINA MARIA PIAIA","FALSE","399","https://sapl.erechim.rs.leg.br/api/parlamentares/mandato/399/","Suplente de Vereador pelo Partido dos Trabalhadores(PT)."
"RS","86371","2000","PLÍNIO COSTA JÚNIOR","TRUE","391","https://sapl.erechim.rs.leg.br/api/parlamentares/mandato/391/","Vereador pelo Partido do Movimento Democrático Brasileiro(PMDB)."
"RS","86371","2000","RONALDO R. BICCA","FALSE","380","https://sapl.erechim.rs.leg.br/api/parlamentares/mandato/380/","Suplente de Vereador pelo Partido Progressista Brasileiro(PPB)."
"RS","86371","2000","SIDNEI CANAN","FALSE","388","https://sapl.erechim.rs.leg.br/api/parlamentares/mandato/388/","Suplente de Vereador pelo Partido Libertador(PL)."
"RS","86371","2000","SILVESTRE CORDONE","TRUE","372","https://sapl.erechim.rs.leg.br/api/parlamentares/mandato/372/","Vereador pelo Partido Democrático Trabalhista(PDT)."
"RS","86371","2000","WALDEMAR HELTOR DORNFELD","FALSE","392","https://sapl.erechim.rs.leg.br/api/parlamentares/mandato/392/","Suplente de Vereador pelo Partido do Movimento Democrático Brasileiro(PMDB)."
"RS","86371","2004","ADEMIR LUIZ VOCZ","FALSE","413","https://sapl.erechim.rs.leg.br/api/parlamentares/mandato/413/","Suplente de Vereador pelo Partido do Movimento Democrático Brasileiro(PMDB)."
"RS","86371","2004","ANACLETO ZANELLA","TRUE","34","https://sapl.erechim.rs.leg.br/api/parlamentares/mandato/34/","Vereador pelo Partido dos Trabalhadores(PT)."
"RS","86371","2004","ANTONIO GONÇALVES DE AZEVEDO","FALSE","507","https://sapl.erechim.rs.leg.br/api/parlamentares/mandato/507/","Suplente de vereador pelo Partido Trabalhista Brasileiro (PTB)."
"RS","86371","2004","CARLINDA POLETTO FARINA","TRUE","33","https://sapl.erechim.rs.leg.br/api/parlamentares/mandato/33/","Vereadora pelo Partido Trabalhista Brasileiro(PTB)."
"RS","86371","2004","CELSO ALVES MACHADO","FALSE","510","https://sapl.erechim.rs.leg.br/api/parlamentares/mandato/510/","Suplente de Vereador."
"RS","86371","2004","CEZAR AUGUSTO CALDART","FALSE","406","https://sapl.erechim.rs.leg.br/api/parlamentares/mandato/406/","Suplente de Vereador pelo Partido Progressista(PP)."
"RS","86371","2004","ENI MARIA SCANDOLARA","TRUE","405","https://sapl.erechim.rs.leg.br/api/parlamentares/mandato/405/","Vereadora pelo Partido Progressista(PP)."
"RS","86371","2004","ERNANI MARIO COELHO MELLO","TRUE","39","https://sapl.erechim.rs.leg.br/api/parlamentares/mandato/39/","Vereador pelo Partido do Movimento Democrático Brasileiro(PMDB)."
"RS","86371","2004","JAIME JOSÉ BASSO","FALSE","403","https://sapl.erechim.rs.leg.br/api/parlamentares/mandato/403/","Suplente de Vereador pelo Partido dos Trabalhadores(PT)."
"RS","86371","2004","JAIR LOSS","FALSE","411","https://sapl.erechim.rs.leg.br/api/parlamentares/mandato/411/","Suplente de Vereador pelo Partido Trabalhista Brasileiro(PTB)."
"RS","86371","2004","JOÃO CARLOS SOARES","FALSE","415","https://sapl.erechim.rs.leg.br/api/parlamentares/mandato/415/","Suplente de Vereador pelo Partido Liberal(PL)."
"RS","86371","2004","JOSÉ DA CRUZ","TRUE","35","https://sapl.erechim.rs.leg.br/api/parlamentares/mandato/35/","Vereador pelo Partido do Movimento Democrático Brasileiro(PMDB)."
"RS","86371","2004","JOSÉ RODOLFO MANTOVANI","FALSE","408","https://sapl.erechim.rs.leg.br/api/parlamentares/mandato/408/","Suplente de Vereador pelo Partido Progressista(PP)."
"RS","86371","2004","LEONARDO ALÉCIO WENCZENOVICZ","FALSE","416","https://sapl.erechim.rs.leg.br/api/parlamentares/mandato/416/","Suplente de Vereador pelo Partido Liberal(PL)."
"RS","86371","2004","LUIZ ALBERTO BARELLA","FALSE","409","https://sapl.erechim.rs.leg.br/api/parlamentares/mandato/409/","Suplente de Vereador pelo Partido Trabalhista Brasileiro(PTB)."
"RS","86371","2004","LUIZ DEONÍSIO SILVA DE BRITO","TRUE","40","https://sapl.erechim.rs.leg.br/api/parlamentares/mandato/40/","Vereador pelo Partido Trabalhista Brasileiro(PTB)."
"RS","86371","2004","LUIZ HILÁRIO RONSONI","FALSE","410","https://sapl.erechim.rs.leg.br/api/parlamentares/mandato/410/","Suplente de Vereador pelo Partido Trabalhista Brasileiro(PTB)."
"RS","86371","2004","LUIZ TENEBRO ARAÚJO  MACHADO","FALSE","420","https://sapl.erechim.rs.leg.br/api/parlamentares/mandato/420/","Suplente de Vereador pelo Partido Popular Socialista(PPS)."
"RS","86371","2004","MARCELO DEMOLINER","TRUE","37","https://sapl.erechim.rs.leg.br/api/parlamentares/mandato/37/","Vereador pelo Partido Progressista(PP)."
"RS","86371","2004","MARCOS ANTÔNIO LANDO","FALSE","407","https://sapl.erechim.rs.leg.br/api/parlamentares/mandato/407/","Suplente de Vereador pelo Partido Progressista(PP)."
"RS","86371","2004","PAULO ALFREDO POLIS","TRUE","401","https://sapl.erechim.rs.leg.br/api/parlamentares/mandato/401/","Vereador pelo Partido dos Trabalhadores(PT)."
"RS","86371","2004","RAFAEL SOTILLI TESTA","FALSE","414","https://sapl.erechim.rs.leg.br/api/parlamentares/mandato/414/","Suplente de vereador pelo Partido da Frente Liberal(PFL)."
"RS","86371","2004","RAIMUNDO CARDOZO PEDROZA","FALSE","421","https://sapl.erechim.rs.leg.br/api/parlamentares/mandato/421/","Suplente de Vereador pelo Partido da Social Democracia Brasileira(PSDB)."
"RS","86371","2004","REMOR TEIXEIRA DE MATTOS","FALSE","419","https://sapl.erechim.rs.leg.br/api/parlamentares/mandato/419/","Suplente de Vereador pelo Partido da Social Democracia Brasileira(PSDB)."
"RS","86371","2004","SERGIO ALVES BENTO","FALSE","402","https://sapl.erechim.rs.leg.br/api/parlamentares/mandato/402/","Suplente de Vereador pelo Partido dos Trabalhadores(PT)."
"RS","86371","2004","SÉRGIO CLAUDIOMIRO FERREIRA","FALSE","417","https://sapl.erechim.rs.leg.br/api/parlamentares/mandato/417/","Suplente de Vereador pelo Partido Democrático Trabalhista(PDT)."
"RS","86371","2004","SILVÉRIO FORTUNATO","TRUE","38","https://sapl.erechim.rs.leg.br/api/parlamentares/mandato/38/","Vereador pelo Partido Liberal(PL)."
"RS","86371","2004","VALDEMAR ARTUR LOCH","FALSE","404","https://sapl.erechim.rs.leg.br/api/parlamentares/mandato/404/","Suplente de Vereador pelo Partido dos Trabalhadores(PT)."
"RS","86371","2004","VÂNIA ISABEL SMANIOTTO MIOLA","TRUE","36","https://sapl.erechim.rs.leg.br/api/parlamentares/mandato/36/","Vereadora pelo Partido Popular Socialista(PPS)."
"RS","86371","2004","WALDEMAR HELTOR DORNFELD","FALSE","412","https://sapl.erechim.rs.leg.br/api/parlamentares/mandato/412/","Suplente de Vereador pelo Partido do Movimento Democrático Brasileiro(PMDB)."
"RS","86371","2008","ADRIANO DA SILVA","FALSE","437","https://sapl.erechim.rs.leg.br/api/parlamentares/mandato/437/","Suplente de Vereador pelo Partido Progressista(PP),"
"RS","86371","2008","ALUIR MÁRIO DUARTE NUNES","FALSE","425","https://sapl.erechim.rs.leg.br/api/parlamentares/mandato/425/","Suplente de Vereador pelo Partido dos Trabalhadores(PT)."
"RS","86371","2008","ARTÊMIO ARI ALBUQUERQUE","FALSE","445","https://sapl.erechim.rs.leg.br/api/parlamentares/mandato/445/","Suplente de Vereador pelo Partido da República(PR)."
"RS","86371","2008","BEATRIZ MARIA VENDRUSCOLO BRANCHER","FALSE","429","https://sapl.erechim.rs.leg.br/api/parlamentares/mandato/429/","Suplente de Vereadora pelo Partido da Social Democracia Brasileira(PSDB)."
"RS","86371","2008","CARLOS ANTONIO ZANINI","TRUE","1","https://sapl.erechim.rs.leg.br/api/parlamentares/mandato/1/","Vereador pelo Partido Trabalhista Brasileiro(PTB)."
"RS","86371","2008","CELSO ALVES MACHADO","FALSE","440","https://sapl.erechim.rs.leg.br/api/parlamentares/mandato/440/","Suplente de Vereador pelo Partido Trabalhista Brasileiro(PTB)."
"RS","86371","2008","CEZAR AUGUSTO CALDART","TRUE","4","https://sapl.erechim.rs.leg.br/api/parlamentares/mandato/4/","Vereador pelo Partido da República(PR)"
"RS","86371","2008","CLAUDEMIR DE ARAÚJO","FALSE","443","https://sapl.erechim.rs.leg.br/api/parlamentares/mandato/443/","Suplente de Vereador pelo Partido Socialista Brasileiro(PSB)."
"RS","86371","2008","DIONATAN LOSADO RODRIGUES","FALSE","452","https://sapl.erechim.rs.leg.br/api/parlamentares/mandato/452/","Suplente de Vereador pelo Partido Socialismo e Liberdade(PSOL)."
"RS","86371","2008","DÓRIS MARIA DOS SANTOS MATTÉ","FALSE","424","https://sapl.erechim.rs.leg.br/api/parlamentares/mandato/424/","Suplente de Vereador pelo Partido dos Trabalhadores(PT)."
"RS","86371","2008","EDGAR PAULO MARMENTINI","FALSE","448","https://sapl.erechim.rs.leg.br/api/parlamentares/mandato/448/","Suplente de Vereador pelo Partido do Movimento Democrático Brasileiro(PMDB)."
"RS","86371","2008","ELOI DA SILVEIRA CORREA","FALSE","505","https://sapl.erechim.rs.leg.br/api/parlamentares/mandato/505/","Suplente de vereador pelo Partido do Progressista (PP)."
"RS","86371","2008","ERNANI MARIO COELHO MELLO","TRUE","5","https://sapl.erechim.rs.leg.br/api/parlamentares/mandato/5/","Vereador pelo Partido Democrático Brasileiro(PDT)."
"RS","86371","2008","FABRÍCIO RICARDO ROSSETE BIAZIN","FALSE","451","https://sapl.erechim.rs.leg.br/api/parlamentares/mandato/451/","Suplente de Vereador pelo Partido Socialismo e Liberdade(PSOL)."
"RS","86371","2008","GLADEMIR ANTÔNIO DREWS","FALSE","450","https://sapl.erechim.rs.leg.br/api/parlamentares/mandato/450/","Suplente de Vereador pelo Partido do Movimento Democrático Brasileiro(PMDB)."
"RS","86371","2008","HILÁRIO POLETTO","FALSE","449","https://sapl.erechim.rs.leg.br/api/parlamentares/mandato/449/","Suplente de Vereador pelo Partido do Movimento Democrático Brasileiro(PMDB)."
"RS","86371","2008","JAIME CARLOS DOS SANTOS","FALSE","436","https://sapl.erechim.rs.leg.br/api/parlamentares/mandato/436/","Suplente de Vereador pelo Partido Progressista(PP)."
"RS","86371","2008","JAIME JOSÉ BASSO","TRUE","6","https://sapl.erechim.rs.leg.br/api/parlamentares/mandato/6/","Vereador pelo Partido dos Trabalhadores(PT)."
"RS","86371","2008","JONAS ARLT","FALSE","427","https://sapl.erechim.rs.leg.br/api/parlamentares/mandato/427/","Suplente de Vereador pelo Partido Republicano Brasileiro(PRB)."
"RS","86371","2008","JOSÉ DA CRUZ","TRUE","7","https://sapl.erechim.rs.leg.br/api/parlamentares/mandato/7/","Vereador pelo Partido do Movimento Democrático Brasileiro(PMDB)."
"RS","86371","2008","JOSÉ RODOLFO MANTOVANI","TRUE","8","https://sapl.erechim.rs.leg.br/api/parlamentares/mandato/8/","Vereador pelo Partido Progressista(PP)"
"RS","86371","2008","LUCIMAR IVANA ERTHAL","FALSE","432","https://sapl.erechim.rs.leg.br/api/parlamentares/mandato/432/","Suplente pelo Partido Progressista(PP)."
"RS","86371","2008","LUIZ DEONÍSIO SILVA DE BRITO","FALSE","438","https://sapl.erechim.rs.leg.br/api/parlamentares/mandato/438/","Suplente de Vereador pelo Partido Trabalhista Brasileiro(PTB)."
"RS","86371","2008","LUIZ HILÁRIO RONSONI","FALSE","441","https://sapl.erechim.rs.leg.br/api/parlamentares/mandato/441/","Suplente de Vereador pelo Partido Trabalhista Brasileiro(PTB)."
"RS","86371","2008","MANUELA MORZOLETTO DE MARCHI","FALSE","446","https://sapl.erechim.rs.leg.br/api/parlamentares/mandato/446/","Suplente de Vereador pelo Partido da República(PR)."
"RS","86371","2008","MARA REINI FARIAS SALDANHA","FALSE","442","https://sapl.erechim.rs.leg.br/api/parlamentares/mandato/442/","Suplente de Vereador pelo Partido Trabalhista Brasileiro(PTB)."
"RS","86371","2008","MARCELO DEMOLINER","TRUE","9","https://sapl.erechim.rs.leg.br/api/parlamentares/mandato/9/","Vereador pelo Partido Progressista(PP)."
"RS","86371","2008","MARCOS ANTÔNIO LANDO","FALSE","431","https://sapl.erechim.rs.leg.br/api/parlamentares/mandato/431/","Suplente de Vereador pelo Partido Progressista(PP)."
"RS","86371","2008","MOACIR VALENTIN ANZILIERO","FALSE","426","https://sapl.erechim.rs.leg.br/api/parlamentares/mandato/426/","Suplente de Vereador pelo Partido da Social Democracia Brasileira(PSDB)."
"RS","86371","2008","NELSO RODRIGUES LEITE","FALSE","439","https://sapl.erechim.rs.leg.br/api/parlamentares/mandato/439/","Suplente de Vereador pelo Partido Trabalhista Brasileiro(PTB)."
"RS","86371","2008","SERGIO ALVES BENTO","TRUE","11","https://sapl.erechim.rs.leg.br/api/parlamentares/mandato/11/","Vereador pelo Partido dos Trabalhadores(PT)."
"RS","86371","2008","SÉRGIO ROBERTO MIOLA","FALSE","423","https://sapl.erechim.rs.leg.br/api/parlamentares/mandato/423/","Suplente de Vereador pelo Partido dos Trabalhadores(PT)."
"RS","86371","2008","SILVÉRIO FORTUNATO","FALSE","444","https://sapl.erechim.rs.leg.br/api/parlamentares/mandato/444/","Suplente de Vereador pelo Partido da República(PR)."
"RS","86371","2008","SILVESTRE CORDONE","FALSE","428","https://sapl.erechim.rs.leg.br/api/parlamentares/mandato/428/","Suplente de Vereador pelo Democratas(DEM)."
"RS","86371","2008","VALDEMAR ARTUR LOCH","FALSE","422","https://sapl.erechim.rs.leg.br/api/parlamentares/mandato/422/","Suplente de Vereador pelo Partido dos Trabalhadores(PT)."
"RS","86371","2008","VALDENIR COSMO GOMES","FALSE","447","https://sapl.erechim.rs.leg.br/api/parlamentares/mandato/447/","Suplente de Vereador pelo Partido Socialista Brasileiro(PSB)."
"RS","86371","2008","VALMIR SEVERO","FALSE","430","https://sapl.erechim.rs.leg.br/api/parlamentares/mandato/430/","Suplente de Vereador pelo Partido Popular Socialista(PPS)."
"RS","86371","2008","VÂNIA ISABEL SMANIOTTO MIOLA","TRUE","3","https://sapl.erechim.rs.leg.br/api/parlamentares/mandato/3/","Vereadora pelo Partido Popular Socialista(PPS)."
"RS","86371","2008","ZENAIDE PIANA BAGGIO","FALSE","453","https://sapl.erechim.rs.leg.br/api/parlamentares/mandato/453/","Suplente de Vereadora pelo Partido Progressista(PP)."
"RS","86371","2020","NILTON TIAGO FELDMANN","FALSE","602","https://sapl.erechim.rs.leg.br/api/parlamentares/mandato/602/","Suplente de vereador"
"RS","86495","2020","Antônio Albino Worst Dilkin","TRUE","133","https://sapl.estanciavelha.rs.leg.br/api/parlamentares/mandato/133/","Antônio Albino Worst Dilkin faz parte do Partido Democratas 25."
"RS","86819","2020","Celso Fioreze","TRUE","29","https://sapl.gramado.rs.leg.br/api/parlamentares/mandato/29/","Celso Fioreze tem 63 anos e nasceu em Gramado. É casado com Dulce, com quem tem dois filhos: Carolina e Diego. Em 40 anos de atuação na hotelaria, foi presidente do Sindicato de Hotéis, Restaurantes, Bares e Similares da Região das Hortênsias; membro do Conselho Municipal do Meio Ambiente; membro do Conselho Municipal de Saúde; membro da Comissão da Festa da Colônia nos anos de 2011 e 2012; presidente da Capela Cristo Rei, na Avenida Central; e Tio do CLJ – Curso de Liderança Juvenil. Ingressou na vida política em 1992, quando se filiou ao PTB. Candidatou-se em 2004, 2008, 2012, 2016 e 2020."
"RS","86819","2020","Luis Henrique de Castro Koetz","TRUE","20","https://sapl.gramado.rs.leg.br/api/parlamentares/mandato/20/","Luis Henrique de Castro Koetz nasceu em Gramado em 12 de junho de 1988, filho de Flávio Roberto Tarragô Koetz e Arlene de Castro Koetz. Casado com Karen Pauli, é pai de José Henrique, com seis anos, e Catarina, com quatro anos. Ike Koetz, como é conhecido, tem como convicção a importância em contribuir constantemente com a evolução da sociedade, atuando na comunidade, além de trabalhar, estudar e cuidar de sua família. Desde o período escolar, participa da comunidade onde está inserido, envolvendo-se em projetos de diversas instituições, como Grêmio Estudantil Cenecista durante seis anos e Fundação Thiago de Moraes Gonzaga no projeto Vida Urgente. Em 2012, tornou-se membro fundador do Orbis Clube Hortênsias, clube de serviços voluntários de auxílio à população e braço de apoio governamental em ações sociais. Técnico em Transações Imobiliárias e Avaliador de Imóveis, Ike Koetz é acadêmico de Administração de Empresas na Universidade de Caxias do Sul. Eleito em 2016 o mais jovem presidente do centenário clube Recreio Gramadense, tem como desafio fomentar a cultura, a integração e a confraternização da sociedade. Atualmente, é parte do comitê Visão – Jovens Líderes, que tem como missão a preparação de novas lideranças empresariais e políticas em favor dos valores inerentes ao empreendedorismo e desenvolvimento regional. No ano de 2020 foi eleito vereador pela primeira vez."
"RS","87238","2024","JOSELINE DE SIQUEIRA ALT","FALSE","38","https://sapl.jaguari.rs.leg.br/api/parlamentares/mandato/38/","Vereadora Suplente, assumiu no mês de Agosto."
"RS","87335","2012","JOSE CLÓVIS DA SILVA","TRUE","100","https://sapl.liberatosalzano.rs.leg.br/api/parlamentares/mandato/100/","Assumiu no lugar de Antonio Ruchel."
"RS","87491","2008","Edgar da Silva Becker","TRUE","11","https://sapl.montenegro.rs.leg.br/api/parlamentares/mandato/11/","Exerceu a vereança como Suplente do Ver. Marcelo Cardona no período de 15/08 a 22/08."
"RS","87912","2008","CARLOS ALBERTO DOS SANTOS PASSOS","TRUE","21","https://sapl.pelotas.rs.leg.br/api/parlamentares/mandato/21/","ASSUMIU NO LUGAR DA VEREADORA MÍRIAM MARRONI"
"RS","87912","2008","Ney Valdir Reichow Bandeira","TRUE","42","https://sapl.pelotas.rs.leg.br/api/parlamentares/mandato/42/","suplência"
"RS","87912","2012","Luiz Henrique Cordeiro Viana","TRUE","54","https://sapl.pelotas.rs.leg.br/api/parlamentares/mandato/54/","Eleito Deputado Estadual"
"RS","87912","2016","Daniel Trzeciak Duarte","TRUE","114","https://sapl.pelotas.rs.leg.br/api/parlamentares/mandato/114/","Assumir mandato de Deputado Federal"
"RS","88188","2012","Adão Escobar da Trindade","TRUE","1","https://sapl.dilermandodeaguiar.rs.leg.br/api/parlamentares/mandato/1/","Ativo"
"RS","88188","2012","Alan Bastianello Kroth","TRUE","13","https://sapl.dilermandodeaguiar.rs.leg.br/api/parlamentares/mandato/13/","Ativo"
"RS","88188","2012","Carla Adriana Duarte Huffel","TRUE","6","https://sapl.dilermandodeaguiar.rs.leg.br/api/parlamentares/mandato/6/","Ativa"
"RS","88188","2012","Dionísia Moraes de Lima","TRUE","3","https://sapl.dilermandodeaguiar.rs.leg.br/api/parlamentares/mandato/3/","Ativo"
"RS","88188","2012","Jorge Alberto Pereira Saidelles","TRUE","5","https://sapl.dilermandodeaguiar.rs.leg.br/api/parlamentares/mandato/5/","Ativo"
"RS","88188","2012","Marcelo Teixeira Dotto","TRUE","7","https://sapl.dilermandodeaguiar.rs.leg.br/api/parlamentares/mandato/7/","Ativo"
"RS","88188","2012","Maria Edi Quinhones Cezimbra","TRUE","10","https://sapl.dilermandodeaguiar.rs.leg.br/api/parlamentares/mandato/10/","Suplente do PDT"
"RS","88188","2012","Marilene Idalgo da Silva","TRUE","9","https://sapl.dilermandodeaguiar.rs.leg.br/api/parlamentares/mandato/9/","Suplente do PT"
"RS","88455","2020","Carlos Nilo Coelho Pinto","FALSE","72","https://sapl.santanadolivramento.rs.leg.br/api/parlamentares/mandato/72/","Vereador Suplente pelo PP."
"RS","88455","2020","Jose Pedro Arevolo Piedra","FALSE","74","https://sapl.santanadolivramento.rs.leg.br/api/parlamentares/mandato/74/","Vereador Suplente em substituição ao  Vereador Romarío Paz"
"RS","88455","2020","Olga Ruth Ortiz Abelenda","FALSE","71","https://sapl.santanadolivramento.rs.leg.br/api/parlamentares/mandato/71/","Assumiu como suplente do Vereador Sargento Alvienez"
"RS","88501","1996","Werena Lübke Lübke","TRUE","33","https://sapl.turucu.rs.leg.br/api/parlamentares/mandato/33/","Substitiui o vereador Nedy Lande Gass Filho, durante o periodo em que o mesmo ocupou o cargo de Prefeito."
"RS","88501","2004","João Francisco Carvalho","TRUE","23","https://sapl.turucu.rs.leg.br/api/parlamentares/mandato/23/","Conforme Art. 10 da Resolução nº. 22.610/2007 do TSE"
"RS","88501","2016","Vacilvio dos Santos","TRUE","65","https://sapl.turucu.rs.leg.br/api/parlamentares/mandato/65/","1º suplente do PMDB"
"RS","88935","2012","ALEX DE OLIVEIRA MEIRELLES","TRUE","13","https://sapl.saosebastiaodocai.rs.leg.br/api/parlamentares/mandato/13/","3º SUPLENTE"
"RS","88935","2012","CARLOS ALBERTO CAETANO","FALSE","15","https://sapl.saosebastiaodocai.rs.leg.br/api/parlamentares/mandato/15/","11º SUPLENTE"
"RS","88935","2012","MARIA ELIZABETH RIOS DUARTE","TRUE","17","https://sapl.saosebastiaodocai.rs.leg.br/api/parlamentares/mandato/17/","7ª SUPLENTE"
"RS","88935","2012","NARA DA GRAÇA DE OLIVEIRA DILLEMBURG","TRUE","21","https://sapl.saosebastiaodocai.rs.leg.br/api/parlamentares/mandato/21/","12ª SUPLENTE"
"RS","88935","2012","VALDIR RAIMUNDO RAMOS","TRUE","8","https://sapl.saosebastiaodocai.rs.leg.br/api/parlamentares/mandato/8/","2º SUPLENTE"
"RS","88935","2012","VALDIR VALMIR TREIN","TRUE","19","https://sapl.saosebastiaodocai.rs.leg.br/api/parlamentares/mandato/19/","6º SUPLENTE"
"RS","88935","2016","CASSIUS DANIEL SCHIAVINI","TRUE","37","https://sapl.saosebastiaodocai.rs.leg.br/api/parlamentares/mandato/37/","3º SUPLENTE DA COLIGAÇÃO PSDB/PP/PT"
"RS","88935","2016","VALDIR RAIMUNDO RAMOS","TRUE","36","https://sapl.saosebastiaodocai.rs.leg.br/api/parlamentares/mandato/36/","5º SUPLENTE"
"RS","88935","2020","INGRID BORCHHARDT","TRUE","67","https://sapl.saosebastiaodocai.rs.leg.br/api/parlamentares/mandato/67/","2º SUPLENTE, EM SUBSTITUIÇÃO DO VEREADOR JÃO MARCOS D. GUARÁ."
"SC","80152","2016","Deluci Inês Somavilla Matida","FALSE","24","https://sapl.anchieta.sc.leg.br/api/parlamentares/mandato/24/","Suplente de Vereadora no mês de Julho de 2019."
"SC","80152","2016","Elci Inês Stefanello Diehl","FALSE","27","https://sapl.anchieta.sc.leg.br/api/parlamentares/mandato/27/","Suplente de Vereador"
"SC","80152","2016","Enio Wolfart","FALSE","23","https://sapl.anchieta.sc.leg.br/api/parlamentares/mandato/23/","Vereador Suplente no mês de Julho de 2019."
"SC","80152","2016","Hilario Hoffelder","FALSE","29","https://sapl.anchieta.sc.leg.br/api/parlamentares/mandato/29/","Suplente de Vereador"
"SC","80152","2016","Juscelino Rodrigues da Silva","FALSE","26","https://sapl.anchieta.sc.leg.br/api/parlamentares/mandato/26/","Vereador Suplente no mês de Julho de 2019."
"SC","80152","2016","Leandra Roscete Garlet","FALSE","28","https://sapl.anchieta.sc.leg.br/api/parlamentares/mandato/28/","Suplente de Vereador"
"SC","80152","2016","Michele Borges","TRUE","25","https://sapl.anchieta.sc.leg.br/api/parlamentares/mandato/25/","Vereadora Suplente no mês de Julho de 2019."
"SC","80152","2016","Paulo Sebastião Vitorino","TRUE","30","https://sapl.anchieta.sc.leg.br/api/parlamentares/mandato/30/","Suplente de Vereador"
"SC","80152","2016","Pedro Lasaroto","FALSE","22","https://sapl.anchieta.sc.leg.br/api/parlamentares/mandato/22/","Vereador Suplente no mês de Julho de 2019."
"SC","80730","2012","Bene Carvalho ","TRUE","230","https://sapl.canoinhas.sc.leg.br/api/parlamentares/mandato/230/","1° Suplente de Vereador"
"SC","80730","2012","Laudecir Maciel","TRUE","242","https://sapl.canoinhas.sc.leg.br/api/parlamentares/mandato/242/","1º Suplente de Vereador"
"SC","80730","2012","Miguel Gontarek Neto","TRUE","240","https://sapl.canoinhas.sc.leg.br/api/parlamentares/mandato/240/","6º Suplente de Vereador"
"SC","80730","2012","Osmar Oleskovicz","TRUE","241","https://sapl.canoinhas.sc.leg.br/api/parlamentares/mandato/241/","2º Suplente de Vereador"
"SC","80730","2020","Juliana Maciel","TRUE","270","https://sapl.canoinhas.sc.leg.br/api/parlamentares/mandato/270/","Tomou posse como PREFEITA MUNICIPAL no dia 1º/12/2022, para o mandato de 2022 à 2024."
"SC","80730","2020","Marcos Antônio Kucarz","TRUE","273","https://sapl.canoinhas.sc.leg.br/api/parlamentares/mandato/273/","Tomou posse como VICE-PREFEITO MUNICIPAL no dia 1º/12/2022, para o mandato de 2022 à 2024."
"SC","80926","2020","André Gonçalves Ferreira","FALSE","22","https://sapl.pontealtadonorte.sc.leg.br/api/parlamentares/mandato/22/","2 Suplente do MDB"
"SC","80926","2020","Nilton Luiz de Castro","FALSE","20","https://sapl.pontealtadonorte.sc.leg.br/api/parlamentares/mandato/20/","SUPLENTE DO  VEREADOR JOÃO UBIRAJARA DA SILVA"
"SC","80926","2024","Jonas Pereira","FALSE","29","https://sapl.pontealtadonorte.sc.leg.br/api/parlamentares/mandato/29/","Suplente no cargo de Vereador. O titular do Cargo é o Sr. Maurelias Aires"
"SC","80926","2024","Junior Cesar dos Santos","FALSE","35","https://sapl.pontealtadonorte.sc.leg.br/api/parlamentares/mandato/35/","Suplente da Vereadora Rubia Schmidt Ribeiro no ano 2025"
"SC","81663","2016","Edson da Cunha Speck","FALSE","113","https://sapl.itapoa.sc.leg.br/api/parlamentares/mandato/113/","Suplente do Vereador Joarez Antônio Santin (PMDB)"
"SC","81663","2016","Joarez Antonio Santin","TRUE","109","https://sapl.itapoa.sc.leg.br/api/parlamentares/mandato/109/","Decreto Legislativo nº 59/2018."
"SC","81825","2012","Rosane Antunes Pires Infeld","TRUE","9","https://sapl.zortea.sc.leg.br/api/parlamentares/mandato/9/","Assumiu cargo no Executivo"
"SC","83330","2020","Adilson Sperança","TRUE","9","https://sapl.saolourencodooeste.sc.leg.br/api/parlamentares/mandato/9/","Na sessão do dia 1º jan. 2021, foi eleito Vice-Presidente da Câmara para o biênio 2021/2022 (Termo de Posse Legislativo e Executivo Municipal mandato 2021/2024)."
"SC","83330","2020","Jandir Antunes de Oliveira","FALSE","23","https://sapl.saolourencodooeste.sc.leg.br/api/parlamentares/mandato/23/","Retorno do titular Gilmar de Camargo."
"SC","83550","2016","Consuelo Azevedo","FALSE","140","https://sapl.tijucas.sc.leg.br/api/parlamentares/mandato/140/","Assumiu por 30 dias no lugar de Fabiano Morfelle (PDT)."
"SC","83550","2016","João Luiz Lopes","FALSE","144","https://sapl.tijucas.sc.leg.br/api/parlamentares/mandato/144/","Assumiu por 30 dias no lugar de Fabiano Morfelle (PDT)"
"SC","83550","2016","Odirlei Resini","TRUE","130","https://sapl.tijucas.sc.leg.br/api/parlamentares/mandato/130/","Portaria nº 53/2020: https://sapl.tijucas.sc.leg.br/norma/928"
"SP","61280","1996","Francisco Soto Barreiro Filho","TRUE","25","https://sapl.bertioga.sp.leg.br/api/parlamentares/mandato/25/","Eleito"
"SP","61280","2008","Orvando da Silva","TRUE","46","https://sapl.bertioga.sp.leg.br/api/parlamentares/mandato/46/","Suplente Dr. Jurandyr"
"SP","61280","2008","Taciano Goulart Cerqueira Leite","TRUE","38","https://sapl.bertioga.sp.leg.br/api/parlamentares/mandato/38/","VERIFICAR"
"SP","61280","2008","Valdemar da Silva","FALSE","49","https://sapl.bertioga.sp.leg.br/api/parlamentares/mandato/49/","SUPLENTE VER. TACIANO"
"SP","61280","2016","Silvio Magalhães","FALSE","77","https://sapl.bertioga.sp.leg.br/api/parlamentares/mandato/77/","1º SUPLENTE. Assumiu o atual mandato em 08/05/18"
"SP","61697","2020","Wagner Onofre Cunha Lara","FALSE","64","https://sapl.areias.sp.leg.br/api/parlamentares/mandato/64/","Foi empossado como Vereador Suplente no dia 10 de outubro às 10 horas, no Plenário da Câmara Municipal."
"SP","62006","2012","ADOLFO APARECIDO TEIXEIRA","TRUE","71","https://sapl.ilhacomprida.sp.leg.br/api/parlamentares/mandato/71/","DEM"
"SP","62006","2020","ADOLFO APARECIDO TEIXEIRA","FALSE","79","https://sapl.ilhacomprida.sp.leg.br/api/parlamentares/mandato/79/","O parlamentar teve o mandato cessado em virtude de ação no TRE/TSE promovida pelos candidatos Osvaldo Teixeira e Fabiano Pereira (posteriormente) para que os votos obtidos pelo candidato Osvaldo fossem considerados válidos em virtude de decisão do juízo da 51ª Zona Eleitoral de Iguape/SP considerando o mesmo incluído na legislação como """"Ficha Suja"""" em virtude de contas rejeitadas pelo Tcesp. Ao lograr êxito em recurso (TRE/SP) contra a decisão do juízo citado, seus votos foram considerados válidos e isso alterou a proporcionalidade dos votos e a distribuição das cadeiras do legislativo de Ilha Comprida, sendo o candidato Fabiano (PSDB) contemplado com a vaga até então ocupada pelo Vereador Adolfo Teixeira (PTB)."
"SP","62111","2020","Francisco da Silva Barros","FALSE","36","https://sapl.barrinha.sp.leg.br/api/parlamentares/mandato/36/","Suplente do vereador José Mário Ferreira."
"SP","62294","2016","Aladim José Martins","FALSE","316","https://sapl.birigui.sp.leg.br/api/parlamentares/mandato/316/","Suplente do Vereador José Roberto Merino Garcia (Paquinha)"
"SP","62294","2020","Luiz Roberto Ferrari","FALSE","334","https://sapl.birigui.sp.leg.br/api/parlamentares/mandato/334/","Suplente do vereador Andre Luiz Moimas Grosso."
"SP","62294","2020","Oziel dos Santos Estevan","FALSE","333","https://sapl.birigui.sp.leg.br/api/parlamentares/mandato/333/","Assumiu a vaga do vereador José Luis Buchalla por 30 dias."
"SP","62294","2024","Daniela Tiete","FALSE","351","https://sapl.birigui.sp.leg.br/api/parlamentares/mandato/351/","Após o vereador José Fermino Grosso (PP) voltar a ser vereador, Daniela volta a ser suplente."
"SP","62294","2024","José Fermino Grosso","TRUE","350","https://sapl.birigui.sp.leg.br/api/parlamentares/mandato/350/","Vereador Fermino Grosso volta a ser vereador após decisão do STF."
"SP","62634","2004","ANTONIO ROMILDO DOS SANTOS","TRUE","84","https://sapl.buritama.sp.leg.br/api/parlamentares/mandato/84/","1º Presidente 01/01/05 a 31/12/06."
"SP","62910","2000","Angelo Rafael Barreto","FALSE","2","https://sapl.campinas.sp.leg.br/api/parlamentares/mandato/2/","Assumiu como suplente por 90 dias"
"SP","62910","2000","Sebastião Moreira Arcanjo","TRUE","33","https://sapl.campinas.sp.leg.br/api/parlamentares/mandato/33/","Eleito Deputado Estadual"
"SP","62910","2008","Gilberto Carlos Cardoso","FALSE","445","https://sapl.campinas.sp.leg.br/api/parlamentares/mandato/445/","Assumiu como suplente em uma sessão."
"SP","62910","2016","Ângelo Diniz","FALSE","554","https://sapl.campinas.sp.leg.br/api/parlamentares/mandato/554/","Substituição do vereador titular Tenente Santini."
"SP","63894","2000","Ademir Ussifatti","FALSE","593","https://sapl.dracena.sp.leg.br/api/parlamentares/mandato/593/","Assumiu em virtude da extinção do mandato do vereador José Garcia Martins por decisão da Justiça Eleitora."
"SP","63894","2000","José Garcia Martins","TRUE","618","https://sapl.dracena.sp.leg.br/api/parlamentares/mandato/618/","Vereador teve mandato extinto por decisão da Justiça Eleitora."
"SP","63894","2012","Aline de Oliveira Zolin","FALSE","644","https://sapl.dracena.sp.leg.br/api/parlamentares/mandato/644/","Vereadora assumiu em virtude da extinção do mandato do vereador Rodrigo Castilho Soares."
"SP","63894","2012","Rodrigo Castilho Soares","TRUE","640","https://sapl.dracena.sp.leg.br/api/parlamentares/mandato/640/","Extinção do mandato em virtude de decisão da Justiça Eleitoral"
"SP","64351","1996","ALFREDO MACELLONI","TRUE","10285","https://sapl.garca.sp.leg.br/api/parlamentares/mandato/10285/","Suplente do vereador Luiz Kunita."
"SP","64351","2000","NIVALDO APARECIDO COUTO","FALSE","10025","https://sapl.garca.sp.leg.br/api/parlamentares/mandato/10025/","Suplente do vereador Francisco de Assis Bosquê."
"SP","64351","2004","JOSÉ MARIA PIOLA","FALSE","10262","https://sapl.garca.sp.leg.br/api/parlamentares/mandato/10262/","Suplente do vereador Washington Pereira de Araújo."
"SP","64351","2008","ELI DA ELIGÁS","FALSE","10254","https://sapl.garca.sp.leg.br/api/parlamentares/mandato/10254/","SUPLENTE VEREADOR WILSON ALVES"
"SP","64351","2008","FRANCISCO NICOLA CEREBINO CHRISTÓFORO JÚNIOR","FALSE","10255","https://sapl.garca.sp.leg.br/api/parlamentares/mandato/10255/","Suplente do  vereado Adamir Maurício de Barros."
"SP","64351","2020","Samuel Bagunça","FALSE","10393","https://sapl.garca.sp.leg.br/api/parlamentares/mandato/10393/","Suplente do vereador Adhemar Kemp Marcondes de Moura Filho para admissibilidade do impeachment do prefeito, Sr. João Carlos dos Santos - 23ª Sessão Ordinária de 2023."
"SP","64351","2024","Wilma Okazaki Christóforo","FALSE","10407","https://sapl.garca.sp.leg.br/api/parlamentares/mandato/10407/","Suspenso os efeitos do acórdão do TRE/SP, proferido no AsDesCargEle 06000088-49.2026.6.26.0000, apenas até o esgotamento da instância ordinária."
"SP","64734","2020","Nivaldo Rodrigues Ferreira da Costa","FALSE","59","https://sapl.guariba.sp.leg.br/api/parlamentares/mandato/59/","SUPLENTE VEREADOR JURANDIR TURMEIRO. ASSUME ATÉ O FIM DA LEGISLATURA."
"SP","65153","1996","WILLIAN DE SOUZA BRITO","TRUE","123","https://sapl.indiapora.sp.leg.br/api/parlamentares/mandato/123/","nº 25.620 ==> 2,829 %"
"SP","65153","2000","INÁCIO JOSÉ DOS SANTOS FILHO","TRUE","128","https://sapl.indiapora.sp.leg.br/api/parlamentares/mandato/128/","nº 14.622 ==> 4,314 % votos válidos foi o vereador eleito com o maior número de votos."
"SP","65153","2008","ALAERTE FÉLIX DA SILVA","TRUE","135","https://sapl.indiapora.sp.leg.br/api/parlamentares/mandato/135/","14.644 ==> 7,8 % ==> foi o eleito com o maior número de votos."
"SP","65153","2008","DONIZETH PAULINO DE MENEZES","TRUE","148","https://sapl.indiapora.sp.leg.br/api/parlamentares/mandato/148/","nº 45110 ==> 7,45 %"
"SP","65153","2008","SERGIANO BORGES MALDONADO","TRUE","153","https://sapl.indiapora.sp.leg.br/api/parlamentares/mandato/153/","nº 14.777 ==> 2,98 %"
"SP","65153","2012","ADRIANO PEREIRA DA SILVA","TRUE","1","https://sapl.indiapora.sp.leg.br/api/parlamentares/mandato/1/","nº 40.555 ==> 4,587 % dos votos válidos."
"SP","65153","2012","ALAERTE FÉLIX DA SILVA","TRUE","2","https://sapl.indiapora.sp.leg.br/api/parlamentares/mandato/2/","14.644 ==> 6,409 %"
"SP","65153","2012","CELSO RODRIGUES DE ALMEIDA","TRUE","4","https://sapl.indiapora.sp.leg.br/api/parlamentares/mandato/4/","nº 40.123 - 7,482 % dos votos válidos. Foi o vereador com o maior número de votos."
"SP","65153","2012","CLODONILSON SÓCRATES DE MENDONÇA","TRUE","5","https://sapl.indiapora.sp.leg.br/api/parlamentares/mandato/5/","nº 40.000 ==> 5,14 % dos votos válidos."
"SP","65153","2012","JOANA DARC SANTÍQUIO RODRIGUES","TRUE","7","https://sapl.indiapora.sp.leg.br/api/parlamentares/mandato/7/","nº 15.015 ==> 4,75 % dos votos válidos."
"SP","65153","2012","LOURDES ALVES DE OLIVEIRA JESUS","TRUE","3","https://sapl.indiapora.sp.leg.br/api/parlamentares/mandato/3/","nº 45.045 ==> 7,352 % dos votos válidos."
"SP","65153","2012","VALDIR CAIRES DO NASCIMENTO","TRUE","8","https://sapl.indiapora.sp.leg.br/api/parlamentares/mandato/8/","45,999 ==> 5,172%"
"SP","65153","2012","WILLIAN DE SOUZA BRITO","TRUE","9","https://sapl.indiapora.sp.leg.br/api/parlamentares/mandato/9/","nº 40.680 ==> 4,684 %"
"SP","65153","2016","ALAERTE FÉLIX DA SILVA","TRUE","164","https://sapl.indiapora.sp.leg.br/api/parlamentares/mandato/164/","40.644 ==> 7,24 %"
"SP","65153","2016","Cristina Aydar Arantes","TRUE","163","https://sapl.indiapora.sp.leg.br/api/parlamentares/mandato/163/","15.123 ==> 4,13%"
"SP","65153","2016","DONIZETH PAULINO DE MENEZES","TRUE","167","https://sapl.indiapora.sp.leg.br/api/parlamentares/mandato/167/","40.110 ==> 5,31%"
"SP","65153","2016","Elen Christina da Silva","TRUE","162","https://sapl.indiapora.sp.leg.br/api/parlamentares/mandato/162/","45.222 ==> 6,47%"
"SP","65153","2016","Luiza Cândida de Souza Santana","TRUE","169","https://sapl.indiapora.sp.leg.br/api/parlamentares/mandato/169/","14.444 ==> 4,51%"
"SP","65153","2016","SERGIANO BORGES MALDONADO","TRUE","166","https://sapl.indiapora.sp.leg.br/api/parlamentares/mandato/166/","nº 45.333 ==> 8,22 %"
"SP","65153","2016","Silmar Ribas de Souza","TRUE","161","https://sapl.indiapora.sp.leg.br/api/parlamentares/mandato/161/","45.145 ==> 10,94%"
"SP","65153","2016","Valdeci Rodrigues das Neves","TRUE","168","https://sapl.indiapora.sp.leg.br/api/parlamentares/mandato/168/","45.123 ==> 5,21%"
"SP","65153","2016","VALDIR CAIRES DO NASCIMENTO","TRUE","165","https://sapl.indiapora.sp.leg.br/api/parlamentares/mandato/165/","45.999 ==> 5,73%"
"SP","65579","2020","João dos Santos Soares","FALSE","23","https://sapl.itaporanga.sp.leg.br/api/parlamentares/mandato/23/","Suplente convocado para assumir o lugar do Sr. Presidente, que assumiu o Executivo Municipal no período relacionado."
"SP","65579","2020","João dos Santos Soares","FALSE","24","https://sapl.itaporanga.sp.leg.br/api/parlamentares/mandato/24/","Suplente convocado para assumir o lugar do Sr. Presidente, que assumiu o Executivo Municipal no período relacionado."
"SP","65595","2012","Alfredo Sanziani Filho","FALSE","29","https://sapl.itapui.sp.leg.br/api/parlamentares/mandato/29/","Assumiu como suplente do Vereador Valdir Maia"
"SP","65595","2020","Renan Nachbal","TRUE","61","https://sapl.itapui.sp.leg.br/api/parlamentares/mandato/61/","Suplente do Nobre Vereador Senhor Guido Carlos Antonio Lanza."
"SP","66354","2016","Josiél Rodrigo de Moraes Ramalho","FALSE","16","https://sapl.leme.sp.leg.br/api/parlamentares/mandato/16/","Suplente de Vereador"
"SP","66931","2024","Margarida José Martins Dias","FALSE","20","https://sapl.meridiano.sp.leg.br/api/parlamentares/mandato/20/","Posse para o exercício temporário do mandato parlamentar, exclusivamente para suprir a vacância decorrente do impedimento legal do Vereador Titular Rafael Alexandre Tavares, nos termos do Art. 5º do Decreto-Lei nº 201/1967, em virtude da realização de Sessão de Julgamento da Comissão Processante nº 001/2026 por denúncia por infração político-administrativa protocolada sob nº 60/2026."
"SP","66990","2012","João Donizeth Lopes","TRUE","36","https://sapl.miracatu.sp.leg.br/api/parlamentares/mandato/36/","Suspensão dos direitos políticos em razão de Sentença transitada em julgado - Processo 0000854-55.2007.8.26.0355 e cumprimento de sentença 1000451-54.2016.8.26.0355"
"SP","66990","2012","Marly da Paixão Pinto","TRUE","147","https://sapl.miracatu.sp.leg.br/api/parlamentares/mandato/147/","suplente do Vereador João Donizeth Lopes- Biscoito"
"SP","68250","2000","Fábio Carravieri de Almeida","TRUE","38","https://sapl.pariqueraacu.sp.leg.br/api/parlamentares/mandato/38/","SUPLENTE DO VEREADOR AÉCIO GAUGLITZ"
"SP","68250","2020","Adiel Pinto","FALSE","172","https://sapl.pariqueraacu.sp.leg.br/api/parlamentares/mandato/172/","Tomou posse na 24ª Sessão Ordinária de 2021 em 16/08/21"
"SP","68250","2020","Rodrigo Claudionor Mendes","TRUE","169","https://sapl.pariqueraacu.sp.leg.br/api/parlamentares/mandato/169/","Nos termos da Resolução n. 03/2021"
"SP","69019","2012","Vanderlei Ribeiro dos Santos","TRUE","209","https://sapl.pompeia.sp.leg.br/api/parlamentares/mandato/209/","Foi convocado para a votação do Relatório da Comissão Processante, instaurada mediante representação formulada pelo Vereador Vanderlei Ribeiro dos Santos em desfavor do Vereador Marcio Rogério Caffer, em virtude do impedimento de votar do Vereador Vanderlei Ribeiro dos Santos. \r\nA votação aconteceu na 2ª Sessão Extraordinária de 2016, realizada nos dias 9 e 10 de novembro.\r\nO Sr. Edson Alves Luiz, classificado como quarto suplente da coligação PV/PSB, foi convocado face as justificativas apresentadas pelos suplentes convocados Percio Fidelis da Silva, Carlos Loncarovich e Mara Amelia Angelo Cazzaro Menini."
"SP","69019","2016","Carlos Eduardo Schmidtt Andrade","FALSE","1224","https://sapl.pompeia.sp.leg.br/api/parlamentares/mandato/1224/","2º Suplente da Coligação PMDB/PSB/PDT, convocado para a Ordem do Dia da 4ª Sessão Ordinária de 2020, quando foi apreciado o Projeto de Decreto Legislativo nº 01/2020, em virtude de arguição de impedimento do Vereador Valdir Cervelin."
"SP","69019","2016","Carlos Rogério Barbosa","TRUE","211","https://sapl.pompeia.sp.leg.br/api/parlamentares/mandato/211/","Em virtude de o impedimento do titular, Vereador Carlos Rogério Barbosa, para a Ordem do Dia da 4ª Sessão Ordinária de 2020, para apreciação do Projeto de Decreto Legislativo nº 01/2020, foi convocado o respectivo suplente."
"SP","69019","2016","Cléber Pereira Ferreira","FALSE","1222","https://sapl.pompeia.sp.leg.br/api/parlamentares/mandato/1222/","A convocação ocorreu em virtude de o impedimento do titular, Vereador Carlos Rogério Barbosa, para a Ordem do Dia da 4ª Sessão Ordinária de 2020, quando foi apreciado o Projeto de Decreto Legislativo nº 01/2020."
"SP","69019","2016","Edson Alves Luiz","FALSE","1223","https://sapl.pompeia.sp.leg.br/api/parlamentares/mandato/1223/","3º Suplente da Coligação PV/PSD
A convocação ocorreu em virtude de o impedimento do titular, Vereador Vanderlei Ribeiro dos Santos, para a Ordem do Dia da 4ª Sessão Ordinária de 2020, quando foi apreciado o Projeto de Decreto Legislativo nº 01/2020."
"SP","69019","2016","Elizio Ignácio da Rocha","FALSE","1221","https://sapl.pompeia.sp.leg.br/api/parlamentares/mandato/1221/","A convocação ocorreu em virtude de o impedimento do titular, Vereador Marcio Rogério Caffer, para a Ordem do Dia da 4ª Sessão Ordinária de 2020, quando foi apreciado o Projeto de Decreto Legislativo nº 01/2020."
"SP","69213","2012","João Alves Correa Neto","FALSE","200","https://sapl.praiagrande.sp.leg.br/api/parlamentares/mandato/200/","Processo Legislativo nº 093/14 - Suplente por 31 dias."
"SP","69213","2012","João Batista Braga de Agrela","FALSE","203","https://sapl.praiagrande.sp.leg.br/api/parlamentares/mandato/203/","Processo Legislativo nº 116/16 - 6º Suplente de Vereador."
"SP","69213","2012","Jose Neves de Assunção Junior","FALSE","204","https://sapl.praiagrande.sp.leg.br/api/parlamentares/mandato/204/","Processo Legislativo nº 042/16 - 5º Suplente de Vereador."
"SP","69213","2012","José Valter de Oliveira","FALSE","202","https://sapl.praiagrande.sp.leg.br/api/parlamentares/mandato/202/","Processo Legislativo nº 120/14 - 3º Suplente de Vereador."
"SP","69213","2012","Marcelo Alves de Andrade","FALSE","39","https://sapl.praiagrande.sp.leg.br/api/parlamentares/mandato/39/","Processo Legislativo nº 124/14 - Suplente do Vereador EUVALDO."
"SP","69213","2012","Vera Lúcia Figueiredo Benício","FALSE","201","https://sapl.praiagrande.sp.leg.br/api/parlamentares/mandato/201/","Processo Legislativo nº 144/14 - 1ª Suplente do Vereador KARAN."
"SP","69213","2016","Jose Carlos dos Santos","FALSE","40","https://sapl.praiagrande.sp.leg.br/api/parlamentares/mandato/40/","Processo Legislativo nº 003/18 - 1º Suplente de Vereador."
"SP","69213","2016","Marcelo Alves de Andrade","FALSE","205","https://sapl.praiagrande.sp.leg.br/api/parlamentares/mandato/205/","Processo Legislativo nº 184/18 - 1º Suplente de Vereador."
"SP","70831","2024","Antonio Aparecido da Silva","TRUE","70","https://sapl.saojoaodaboavista.sp.leg.br/api/parlamentares/mandato/70/","Resolução nº 05/2025"
"SP","70939","1996","Geraldo Carneiro Guimarães","TRUE","53","https://sapl.saojosedobarreiro.sp.leg.br/api/parlamentares/mandato/53/","Eleito em 03 de outubro de 1996."
"SP","70939","1996","Paulo César da Silva","TRUE","59","https://sapl.saojosedobarreiro.sp.leg.br/api/parlamentares/mandato/59/","Eleito em 03 de outubro de 1996."
"SP","70939","1996","Sebastião Balbino de Souza","TRUE","51","https://sapl.saojosedobarreiro.sp.leg.br/api/parlamentares/mandato/51/","Eleito em 03 de outubro de 1996."
"SP","71218","2016","Alexandre Morais Rodrigues","FALSE","32","https://sapl.saovicente.sp.leg.br/api/parlamentares/mandato/32/","Parlamentar foi suplente."
"SP","71218","2016","Esdras de Jesus Nascimento","FALSE","33","https://sapl.saovicente.sp.leg.br/api/parlamentares/mandato/33/","Parlamentar suplente."
"SP","71218","2016","Givanilse dos Santos","FALSE","34","https://sapl.saovicente.sp.leg.br/api/parlamentares/mandato/34/","Parlamentar Suplente"
"SP","71218","2016","Jailton Jatobá dos Santos","FALSE","35","https://sapl.saovicente.sp.leg.br/api/parlamentares/mandato/35/","Parlamentar Suplente"
"SP","71218","2016","José Gomes de Moura Irmão","FALSE","36","https://sapl.saovicente.sp.leg.br/api/parlamentares/mandato/36/","Parlamentar Suplente"
"SP","71218","2016","Renato de Jesus Lucas","FALSE","37","https://sapl.saovicente.sp.leg.br/api/parlamentares/mandato/37/","Parlamentar Suplente"
"SP","71218","2016","Rodrigo Aparecido Felix","FALSE","38","https://sapl.saovicente.sp.leg.br/api/parlamentares/mandato/38/","Parlamentar Suplente"
"SP","71218","2020","Felipe Araujo Dias","TRUE","7","https://sapl.saovicente.sp.leg.br/api/parlamentares/mandato/7/","Nos termos do Inciso I do art. 13 da Lei Orgânica"
"SP","71218","2020","José Gomes de Moura Irmão","FALSE","4","https://sapl.saovicente.sp.leg.br/api/parlamentares/mandato/4/","Parlamentar está como suplente do vereador Dr. Palmieiri, que atualmente ocupa cargo no poder executivo."
"TO","73571","2016","DIRCINEU FRANCISCO BOLINA","TRUE","29","https://sapl.pugmil.to.leg.br/api/parlamentares/mandato/29/","“Saiu em novembro de 2018 para assumir o cargo de Prefeito Interino, sendo substituído pelo parlamentar MARLEY BARBACENA. Retornou ao cargo de vereador em janeiro de 2019, e em 02/02/2020 foi eleito para cargo de prefeito na Eleição Suplementar, cuja posse ocorreu em 14/02/2020.”"
"TO","93653","2000","Maria Carmélia Aguiar Pinheiro","TRUE","45","https://sapl.formosodoaraguaia.to.leg.br/api/parlamentares/mandato/45/","Suplente que assumiu o mandato como Vereadora."
"TO","93858","2004","Antonio Sávio B. do Nascimento - (Sávio Barbalho)","TRUE","220","https://sapl.gurupi.to.leg.br/api/parlamentares/mandato/220/","Exerceu a função de vereador no lugar do Vereador Cabo Carlos - (Titular), no período de maio a julho de 2008, na qualidade de 1º Suplente da Coligação Gurupi Para Todos (PDT / PT)."
"TO","93858","2004","João Gomes da Silva - (Pastor João Gomes)","TRUE","218","https://sapl.gurupi.to.leg.br/api/parlamentares/mandato/218/","Exerceu a função de vereador no lugar do Vereador Kita Maciel - (Titular), no período de setembro a novembro de 2007, na qualidade de 1º Suplente da Coligação Gurupi Quer Mudança (PMDB / PFL / PRP)."
"TO","96679","1996","GERALDO RIBEIRO DA SILVA","FALSE","52","https://sapl.figueiropolis.to.leg.br/api/parlamentares/mandato/52/","***Suplente que assumiu o mandato durante a Legislatura***"
"TO","96679","2000","JAKELINE PEREIRA DOS SANTOS","FALSE","46","https://sapl.figueiropolis.to.leg.br/api/parlamentares/mandato/46/","***Suplente que assumiu o mandato durante a Legislatura***"
"TO","96679","2004","DIONISIO CARVALHO DE BARROS","FALSE","35","https://sapl.figueiropolis.to.leg.br/api/parlamentares/mandato/35/","***Suplente que assumiu o mandato na Legislatura***"
"TO","96679","2008","MARIA ROSA CORREIA","FALSE","23","https://sapl.figueiropolis.to.leg.br/api/parlamentares/mandato/23/","***Suplente que assumiu o mandato na Legislatura 2009/2012***"
"TO","96997","1996","ARY RODRIGUES","TRUE","29","https://sapl.barrolandia.to.leg.br/api/parlamentares/mandato/29/","ELEITO
Fonte de Dados: TSE"
"TO","96997","1996","JAMES DE OLIVEIRA LAGES","TRUE","26","https://sapl.barrolandia.to.leg.br/api/parlamentares/mandato/26/","ELEITO POR MÉDIA
Fonte de Dados: TSE"
"TO","96997","1996","JOÃO FERREIRA FILHO","TRUE","30","https://sapl.barrolandia.to.leg.br/api/parlamentares/mandato/30/","ELEITO 
Fonte de Dados: TSE"
"TO","96997","1996","ROMILDO CORREIA","TRUE","28","https://sapl.barrolandia.to.leg.br/api/parlamentares/mandato/28/","ELEITO 
Fonte de Dados: TSE"
"TO","96997","1996","SABINO GOMES DA SILVA NETO","TRUE","27","https://sapl.barrolandia.to.leg.br/api/parlamentares/mandato/27/","ELEITO POR MÉDIA
Fonte de Dados: TSE"
"TO","96997","2012","GILENE AQUINO SILVA","TRUE","64","https://sapl.barrolandia.to.leg.br/api/parlamentares/mandato/64/","VEREADORA ELEITA"
"TO","96997","2016","GILENE AQUINO SILVA","TRUE","73","https://sapl.barrolandia.to.leg.br/api/parlamentares/mandato/73/","VEREADORA ELEITA"
