id_mandato,sg_uf,sg_ue,cargo,ano_eleicao,forma_saida,fonte_forma_saida
"M2016_19011_11_15_150000004710","PB","19011","PREFEITO","2016","fim_regular","tce"
"M2020_19011_11_10_150000735123","PB","19011","PREFEITO","2020","fim_regular","tce"
"M2012_19020_11_45_150000006741","PB","19020","PREFEITO","2012","fim_regular","tce"
"M2016_19020_11_40_150000005388","PB","19020","PREFEITO","2016","fim_regular","tce"
"M2012_19038_11_11_150000000164","PB","19038","PREFEITO","2012","fim_regular","tce"
"M2016_19038_11_14_150000008301","PB","19038","PREFEITO","2016","fim_regular","tce"
"M2020_19038_11_14_150000669304","PB","19038","PREFEITO","2020","fim_regular","tce"
"M2012_19054_11_22_150000006097","PB","19054","PREFEITO","2012","fim_regular","tce"
"M2016_19054_11_55_150000005367","PB","19054","PREFEITO","2016","fim_regular","tce"
"M2020_19054_11_11_150000763765","PB","19054","PREFEITO","2020","fim_regular","tce"
"M2016_19062_11_45_150000002541","PB","19062","PREFEITO","2016","fim_regular","tce"
"M2020_19062_11_45_150000986815","PB","19062","PREFEITO","2020","fim_regular","tce"
"M2016_19089_11_20_150000006994","PB","19089","PREFEITO","2016","fim_regular","tce"
"M2020_19089_11_22_150000837988","PB","19089","PREFEITO","2020","fim_regular","tce"
"M2012_19097_11_31_150000005018","PB","19097","PREFEITO","2012","fim_regular","tce"
"M2016_19097_11_15_150000000919","PB","19097","PREFEITO","2016","outro","tce"
"M2020_19097_11_45_150001028454","PB","19097","PREFEITO","2020","fim_regular","tce"
"M2012_19100_11_25_150000002140","PB","19100","PREFEITO","2012","fim_regular","tce"
"M2016_19100_11_45_150000007028","PB","19100","PREFEITO","2016","fim_regular","tce"
"M2020_19100_11_11_150001198289","PB","19100","PREFEITO","2020","fim_regular","tce"
"M2012_19119_11_15_150000010277","PB","19119","PREFEITO","2012","fim_regular","tce"
"M2016_19119_11_25_150000009188","PB","19119","PREFEITO","2016","fim_regular","tce"
"M2020_19119_11_15_150001085457","PB","19119","PREFEITO","2020","fim_regular","tce"
"M2012_19127_11_45_150000012722","PB","19127","PREFEITO","2012","fim_regular","tce"
"M2016_19127_11_45_150000009066","PB","19127","PREFEITO","2016","fim_regular","tce"
"M2020_19127_11_12_150000819763","PB","19127","PREFEITO","2020","fim_regular","tce"
"M2012_19135_11_20_150000005170","PB","19135","PREFEITO","2012","fim_regular","tce"
"M2016_19135_11_11_150000010943","PB","19135","PREFEITO","2016","fim_regular","tce"
"M2020_19135_11_11_150000738621","PB","19135","PREFEITO","2020","fim_regular","tce"
"M2012_19143_11_15_150000005387","PB","19143","PREFEITO","2012","fim_regular","tce"
"M2016_19143_11_55_150000004687","PB","19143","PREFEITO","2016","fim_regular","tce"
"M2020_19143_11_23_150000726444","PB","19143","PREFEITO","2020","fim_regular","tce"
"M2012_19151_11_25_150000004911","PB","19151","PREFEITO","2012","fim_regular","tce"
"M2020_19151_11_45_150000727037","PB","19151","PREFEITO","2020","fim_regular","tce"
"M2020_19160_11_45_150000721095","PB","19160","PREFEITO","2020","fim_regular","tce"
"M2012_19178_11_17_150000011824","PB","19178","PREFEITO","2012","fim_regular","tce"
"M2016_19178_11_17_150000000972","PB","19178","PREFEITO","2016","fim_regular","tce"
"M2020_19178_11_70_150000765814","PB","19178","PREFEITO","2020","fim_regular","tce"
"M2012_19186_11_15_150000003401","PB","19186","PREFEITO","2012","outro","tce"
"M2016_19186_11_17_150000005157","PB","19186","PREFEITO","2016","fim_regular","tce"
"M2020_19186_11_23_150000940128","PB","19186","PREFEITO","2020","fim_regular","tce"
"M2012_19194_11_15_150000004923","PB","19194","PREFEITO","2012","fim_regular","tce"
"M2016_19194_11_11_150000002638","PB","19194","PREFEITO","2016","fim_regular","tce"
"M2020_19194_11_11_150000944466","PB","19194","PREFEITO","2020","fim_regular","tce"
"M2012_19208_11_14_150000005913","PB","19208","PREFEITO","2012","fim_regular","tce"
"M2012_19216_11_10_150000008170","PB","19216","PREFEITO","2012","fim_regular","tce"
"M2016_19216_11_45_150000010435","PB","19216","PREFEITO","2016","fim_regular","tce"
"M2020_19224_11_55_150000668787","PB","19224","PREFEITO","2020","fim_regular","tce"
"M2012_19232_11_15_150000002058","PB","19232","PREFEITO","2012","fim_regular","tce"
"M2016_19232_11_45_150000009241","PB","19232","PREFEITO","2016","fim_regular","tce"
"M2020_19232_11_23_150000930931","PB","19232","PREFEITO","2020","fim_regular","tce"
"M2012_19240_11_20_150000001534","PB","19240","PREFEITO","2012","outro","tce"
"M2016_19240_11_40_150000005253","PB","19240","PREFEITO","2016","fim_regular","tce"
"M2020_19240_11_25_150000760485","PB","19240","PREFEITO","2020","fim_regular","tce"
"M2016_19267_11_12_150000011757","PB","19267","PREFEITO","2016","fim_regular","tce"
"M2020_19267_11_11_150001193258","PB","19267","PREFEITO","2020","fim_regular","tce"
"M2012_19283_11_55_150000012516","PB","19283","PREFEITO","2012","fim_regular","tce"
"M2016_19283_11_40_150000007735","PB","19283","PREFEITO","2016","fim_regular","tce"
"M2020_19283_11_23_150001111963","PB","19283","PREFEITO","2020","fim_regular","tce"
"M2012_19291_11_15_150000008266","PB","19291","PREFEITO","2012","fim_regular","tce"
"M2016_19291_11_14_150000007947","PB","19291","PREFEITO","2016","fim_regular","tce"
"M2020_19291_11_25_150000671756","PB","19291","PREFEITO","2020","fim_regular","tce"
"M2012_19305_11_15_150000000940","PB","19305","PREFEITO","2012","fim_regular","tce"
"M2016_19305_11_40_150000002945","PB","19305","PREFEITO","2016","fim_regular","tce"
"M2020_19305_11_40_150000677202","PB","19305","PREFEITO","2020","fim_regular","tce"
"M2012_19313_11_23_150000011331","PB","19313","PREFEITO","2012","fim_regular","tce"
"M2016_19313_11_40_150000009042","PB","19313","PREFEITO","2016","fim_regular","tce"
"M2020_19313_11_15_150000860657","PB","19313","PREFEITO","2020","fim_regular","tce"
"M2012_19321_11_55_150000004524","PB","19321","PREFEITO","2012","fim_regular","tce"
"M2016_19321_11_14_150000008786","PB","19321","PREFEITO","2016","fim_regular","tce"
"M2020_19321_11_14_150000993544","PB","19321","PREFEITO","2020","fim_regular","tce"
"M2012_19330_11_40_150000012059","PB","19330","PREFEITO","2012","fim_regular","tce"
"M2016_19330_11_25_150000003499","PB","19330","PREFEITO","2016","fim_regular","tce"
"M2020_19330_11_25_150000975671","PB","19330","PREFEITO","2020","fim_regular","tce"
"M2012_19348_11_25_150000006257","PB","19348","PREFEITO","2012","fim_regular","tce"
"M2016_19348_11_45_150000010462","PB","19348","PREFEITO","2016","fim_regular","tce"
"M2020_19348_11_45_150000865837","PB","19348","PREFEITO","2020","fim_regular","tce"
"M2012_19356_11_15_150000000003","PB","19356","PREFEITO","2012","fim_regular","tce"
"M2016_19356_11_40_150000007980","PB","19356","PREFEITO","2016","fim_regular","tce"
"M2020_19356_11_23_150000687869","PB","19356","PREFEITO","2020","fim_regular","tce"
"M2012_19364_11_40_150000001410","PB","19364","PREFEITO","2012","fim_regular","tce"
"M2016_19364_11_40_150000009362","PB","19364","PREFEITO","2016","fim_regular","tce"
"M2020_19364_11_45_150001201874","PB","19364","PREFEITO","2020","fim_regular","tce"
"M2012_19372_11_40_150000007337","PB","19372","PREFEITO","2012","fim_regular","tce"
"M2016_19372_11_19_150000005342","PB","19372","PREFEITO","2016","outro","tce"
"M2020_19372_11_12_150000818196","PB","19372","PREFEITO","2020","fim_regular","tce"
"M2012_19380_11_15_150000003254","PB","19380","PREFEITO","2012","fim_regular","tce"
"M2016_19380_11_40_150000001234","PB","19380","PREFEITO","2016","fim_regular","tce"
"M2020_19380_11_19_150000767239","PB","19380","PREFEITO","2020","fim_regular","tce"
"M2012_19399_11_15_150000009953","PB","19399","PREFEITO","2012","fim_regular","tce"
"M2012_19402_11_45_150000007910","PB","19402","PREFEITO","2012","fim_regular","tce"
"M2016_19402_11_40_150000011590","PB","19402","PREFEITO","2016","fim_regular","tce"
"M2020_19402_11_23_150000674356","PB","19402","PREFEITO","2020","outro","tce"
"M2012_19429_11_15_150000001819","PB","19429","PREFEITO","2012","fim_regular","tce"
"M2016_19429_11_22_150000006023","PB","19429","PREFEITO","2016","fim_regular","tce"
"M2020_19429_11_22_150000748783","PB","19429","PREFEITO","2020","fim_regular","tce"
"M2012_19437_11_27_150000002388","PB","19437","PREFEITO","2012","fim_regular","tce"
"M2016_19445_11_15_150000013314","PB","19445","PREFEITO","2016","fim_regular","tce"
"M2020_19445_11_11_150001157027","PB","19445","PREFEITO","2020","fim_regular","tce"
"M2012_19453_11_45_150000002457","PB","19453","PREFEITO","2012","fim_regular","tce"
"M2016_19453_11_55_150000004883","PB","19453","PREFEITO","2016","fim_regular","tce"
"M2020_19453_11_11_150000669703","PB","19453","PREFEITO","2020","fim_regular","tce"
"M2016_19461_11_45_150000006455","PB","19461","PREFEITO","2016","fim_regular","tce"
"M2020_19461_11_45_150000649052","PB","19461","PREFEITO","2020","fim_regular","tce"
"M2012_19470_11_20_150000000382","PB","19470","PREFEITO","2012","fim_regular","tce"
"M2016_19470_11_14_150000000958","PB","19470","PREFEITO","2016","outro","tce"
"M2012_19500_11_15_150000000101","PB","19500","PREFEITO","2012","fim_regular","tce"
"M2016_19500_11_40_150000012810","PB","19500","PREFEITO","2016","fim_regular","tce"
"M2020_19500_11_23_150000730651","PB","19500","PREFEITO","2020","fim_regular","tce"
"M2012_19518_11_55_150000002364","PB","19518","PREFEITO","2012","fim_regular","tce"
"M2016_19518_11_55_150000004999","PB","19518","PREFEITO","2016","fim_regular","tce"
"M2020_19518_11_55_150000766324","PB","19518","PREFEITO","2020","fim_regular","tce"
"M2012_19534_11_40_150000002793","PB","19534","PREFEITO","2012","fim_regular","tce"
"M2016_19534_11_14_150000001086","PB","19534","PREFEITO","2016","fim_regular","tce"
"M2020_19534_11_14_150000742886","PB","19534","PREFEITO","2020","fim_regular","tce"
"M2012_19542_11_15_150000001366","PB","19542","PREFEITO","2012","fim_regular","tce"
"M2016_19542_11_22_150000000858","PB","19542","PREFEITO","2016","fim_regular","tce"
"M2020_19542_11_22_150000653004","PB","19542","PREFEITO","2020","outro","tce"
"M2012_19550_11_17_150000010212","PB","19550","PREFEITO","2012","fim_regular","tce"
"M2016_19550_11_14_150000009653","PB","19550","PREFEITO","2016","fim_regular","tce"
"M2020_19550_11_23_150000718598","PB","19550","PREFEITO","2020","fim_regular","tce"
"M2012_19569_11_12_150000007322","PB","19569","PREFEITO","2012","fim_regular","tce"
"M2016_19569_11_12_150000002826","PB","19569","PREFEITO","2016","fim_regular","tce"
"M2020_19569_11_12_150000717441","PB","19569","PREFEITO","2020","fim_regular","tce"
"M2012_19577_11_22_150000000262","PB","19577","PREFEITO","2012","fim_regular","tce"
"M2016_19577_11_22_150000000853","PB","19577","PREFEITO","2016","fim_regular","tce"
"M2012_19585_11_40_150000007291","PB","19585","PREFEITO","2012","fim_regular","tce"
"M2016_19585_11_25_150000013201","PB","19585","PREFEITO","2016","fim_regular","tce"
"M2020_19585_11_25_150000661074","PB","19585","PREFEITO","2020","fim_regular","tce"
"M2012_19593_11_70_150000001523","PB","19593","PREFEITO","2012","fim_regular","tce"
"M2016_19593_11_45_150000008162","PB","19593","PREFEITO","2016","fim_regular","tce"
"M2012_19607_11_55_150000010738","PB","19607","PREFEITO","2012","fim_regular","tce"
"M2016_19607_11_45_150000001860","PB","19607","PREFEITO","2016","fim_regular","tce"
"M2020_19607_11_22_150001269493","PB","19607","PREFEITO","2020","fim_regular","tce"
"M2012_19615_11_15_150000003057","PB","19615","PREFEITO","2012","fim_regular","tce"
"M2016_19615_11_12_150000002477","PB","19615","PREFEITO","2016","fim_regular","tce"
"M2020_19615_11_25_150001061047","PB","19615","PREFEITO","2020","fim_regular","tce"
"M2012_19623_11_15_150000009251","PB","19623","PREFEITO","2012","fim_regular","tce"
"M2016_19623_11_45_150000010143","PB","19623","PREFEITO","2016","fim_regular","tce"
"M2012_19631_11_40_150000009162","PB","19631","PREFEITO","2012","fim_regular","tce"
"M2016_19631_11_40_150000010479","PB","19631","PREFEITO","2016","fim_regular","tce"
"M2020_19631_11_23_150000636936","PB","19631","PREFEITO","2020","fim_regular","tce"
"M2012_19640_11_40_150000005049","PB","19640","PREFEITO","2012","fim_regular","tce"
"M2016_19640_11_14_150000007920","PB","19640","PREFEITO","2016","fim_regular","tce"
"M2020_19640_11_14_150000665948","PB","19640","PREFEITO","2020","fim_regular","tce"
"M2020_19658_11_25_150000639732","PB","19658","PREFEITO","2020","fim_regular","tce"
"M2020_19666_11_11_150000633249","PB","19666","PREFEITO","2020","outro","tce"
"M2012_19674_11_25_150000015299","PB","19674","PREFEITO","2012","fim_regular","tce"
"M2016_19674_11_40_150000005444","PB","19674","PREFEITO","2016","fim_regular","tce"
"M2012_19682_11_45_150000007155","PB","19682","PREFEITO","2012","fim_regular","tce"
"M2016_19682_11_40_150000006346","PB","19682","PREFEITO","2016","fim_regular","tce"
"M2020_19682_11_10_150000654766","PB","19682","PREFEITO","2020","fim_regular","tce"
"M2012_19690_11_45_150000015427","PB","19690","PREFEITO","2012","fim_regular","tce"
"M2016_19690_11_15_150000005467","PB","19690","PREFEITO","2016","fim_regular","tce"
"M2020_19690_11_15_150000666117","PB","19690","PREFEITO","2020","fim_regular","tce"
"M2012_19704_11_25_150000003334","PB","19704","PREFEITO","2012","fim_regular","tce"
"M2016_19704_11_25_150000006442","PB","19704","PREFEITO","2016","fim_regular","tce"
"M2020_19704_11_25_150001103267","PB","19704","PREFEITO","2020","fim_regular","tce"
"M2016_19712_11_40_150000008959","PB","19712","PREFEITO","2016","fim_regular","tce"
"M2020_19712_11_23_150000763822","PB","19712","PREFEITO","2020","fim_regular","tce"
"M2012_19720_11_40_150000005898","PB","19720","PREFEITO","2012","fim_regular","tce"
"M2016_19720_11_40_150000009569","PB","19720","PREFEITO","2016","fim_regular","tce"
"M2020_19720_11_22_150001101209","PB","19720","PREFEITO","2020","fim_regular","tce"
"M2012_19739_11_40_150000009590","PB","19739","PREFEITO","2012","fim_regular","tce"
"M2016_19739_11_40_150000001003","PB","19739","PREFEITO","2016","fim_regular","tce"
"M2012_19747_11_45_150000007263","PB","19747","PREFEITO","2012","fim_regular","tce"
"M2016_19747_11_45_150000011955","PB","19747","PREFEITO","2016","fim_regular","tce"
"M2012_19763_11_15_150000003718","PB","19763","PREFEITO","2012","fim_regular","tce"
"M2016_19763_11_10_150000002893","PB","19763","PREFEITO","2016","fim_regular","tce"
"M2020_19763_11_55_150001214592","PB","19763","PREFEITO","2020","fim_regular","tce"
"M2012_19771_11_15_150000003089","PB","19771","PREFEITO","2012","fim_regular","tce"
"M2016_19771_11_15_150000006562","PB","19771","PREFEITO","2016","fim_regular","tce"
"M2012_19780_11_20_150000010505","PB","19780","PREFEITO","2012","fim_regular","tce"
"M2016_19780_11_55_150000013258","PB","19780","PREFEITO","2016","fim_regular","tce"
"M2012_19798_11_25_150000001033","PB","19798","PREFEITO","2012","fim_regular","tce"
"M2012_19801_11_20_150000000687","PB","19801","PREFEITO","2012","fim_regular","tce"
"M2016_19801_11_55_150000008490","PB","19801","PREFEITO","2016","fim_regular","tce"
"M2020_19801_11_11_150000734996","PB","19801","PREFEITO","2020","fim_regular","tce"
"M2012_19828_11_14_150000003731","PB","19828","PREFEITO","2012","fim_regular","tce"
"M2016_19828_11_14_150000007440","PB","19828","PREFEITO","2016","fim_regular","tce"
"M2020_19828_11_90_150000743765","PB","19828","PREFEITO","2020","outro","tce"
"M2012_19836_11_14_150000001234","PB","19836","PREFEITO","2012","fim_regular","tce"
"M2012_19844_11_55_150000002931","PB","19844","PREFEITO","2012","fim_regular","tce"
"M2016_19844_11_55_150000007342","PB","19844","PREFEITO","2016","fim_regular","tce"
"M2020_19844_11_22_150000803142","PB","19844","PREFEITO","2020","fim_regular","tce"
"M2012_19852_11_22_150000009345","PB","19852","PREFEITO","2012","fim_regular","tce"
"M2020_19852_11_25_150001025702","PB","19852","PREFEITO","2020","fim_regular","tce"
"M2016_19879_11_14_150000009847","PB","19879","PREFEITO","2016","fim_regular","tce"
"M2020_19879_11_25_150000960639","PB","19879","PREFEITO","2020","fim_regular","tce"
"M2016_19887_11_20_150000006186","PB","19887","PREFEITO","2016","fim_regular","tce"
"M2020_19887_11_23_150000653451","PB","19887","PREFEITO","2020","fim_regular","tce"
"M2012_19909_11_45_150000009135","PB","19909","PREFEITO","2012","fim_regular","tce"
"M2016_19909_11_25_150000002043","PB","19909","PREFEITO","2016","fim_regular","tce"
"M2012_19917_11_22_150000008074","PB","19917","PREFEITO","2012","fim_regular","tce"
"M2016_19917_11_22_150000005239","PB","19917","PREFEITO","2016","fim_regular","tce"
"M2020_19917_11_22_150001087073","PB","19917","PREFEITO","2020","outro","tce"
"M2012_19925_11_11_150000007018","PB","19925","PREFEITO","2012","fim_regular","tce"
"M2016_19925_11_55_150000005293","PB","19925","PREFEITO","2016","fim_regular","tce"
"M2020_19925_11_40_150001133180","PB","19925","PREFEITO","2020","fim_regular","tce"
"M2016_19933_11_40_150000007050","PB","19933","PREFEITO","2016","fim_regular","tce"
"M2012_19941_11_45_150000001285","PB","19941","PREFEITO","2012","fim_regular","tce"
"M2016_19941_11_12_150000000811","PB","19941","PREFEITO","2016","fim_regular","tce"
"M2020_19941_11_12_150000645085","PB","19941","PREFEITO","2020","fim_regular","tce"
"M2016_19950_11_12_150000011382","PB","19950","PREFEITO","2016","fim_regular","tce"
"M2012_19968_11_40_150000004468","PB","19968","PREFEITO","2012","fim_regular","tce"
"M2016_19968_11_12_150000003073","PB","19968","PREFEITO","2016","fim_regular","tce"
"M2020_19968_11_25_150000913636","PB","19968","PREFEITO","2020","fim_regular","tce"
"M2016_19976_11_12_150000013264","PB","19976","PREFEITO","2016","fim_regular","tce"
"M2020_19976_11_12_150000830275","PB","19976","PREFEITO","2020","outro","tce"
"M2012_19984_11_15_150000007304","PB","19984","PREFEITO","2012","fim_regular","tce"
"M2016_19984_11_12_150000002079","PB","19984","PREFEITO","2016","fim_regular","tce"
"M2020_19984_11_10_150001031362","PB","19984","PREFEITO","2020","fim_regular","tce"
"M2012_19992_11_55_150000003543","PB","19992","PREFEITO","2012","fim_regular","tce"
"M2016_19992_11_55_150000006425","PB","19992","PREFEITO","2016","fim_regular","tce"
"M2020_19992_11_25_150000937107","PB","19992","PREFEITO","2020","outro","tce"
"M2012_20001_11_40_150000000966","PB","20001","PREFEITO","2012","fim_regular","tce"
"M2016_20001_11_25_150000001370","PB","20001","PREFEITO","2016","fim_regular","tce"
"M2020_20001_11_23_150000948779","PB","20001","PREFEITO","2020","fim_regular","tce"
"M2016_20010_11_40_150000004003","PB","20010","PREFEITO","2016","fim_regular","tce"
"M2020_20010_11_23_150000895813","PB","20010","PREFEITO","2020","fim_regular","tce"
"M2016_20036_11_17_150000003013","PB","20036","PREFEITO","2016","fim_regular","tce"
"M2020_20036_11_23_150000687083","PB","20036","PREFEITO","2020","fim_regular","tce"
"M2012_20079_11_45_150000004627","PB","20079","PREFEITO","2012","fim_regular","tce"
"M2016_20079_11_45_150000001095","PB","20079","PREFEITO","2016","fim_regular","tce"
"M2020_20079_11_70_150000729222","PB","20079","PREFEITO","2020","fim_regular","tce"
"M2012_20095_11_40_150000001479","PB","20095","PREFEITO","2012","fim_regular","tce"
"M2020_20095_11_10_150000719867","PB","20095","PREFEITO","2020","fim_regular","tce"
"M2012_20117_11_15_150000001628","PB","20117","PREFEITO","2012","fim_regular","tce"
"M2016_20117_11_15_150000012826","PB","20117","PREFEITO","2016","fim_regular","tce"
"M2020_20117_11_15_150000691880","PB","20117","PREFEITO","2020","fim_regular","tce"
"M2012_20133_11_15_150000010471","PB","20133","PREFEITO","2012","fim_regular","tce"
"M2016_20133_11_45_150000001137","PB","20133","PREFEITO","2016","fim_regular","tce"
"M2012_20150_11_40_150000002992","PB","20150","PREFEITO","2012","fim_regular","tce"
"M2016_20150_11_55_150000004551","PB","20150","PREFEITO","2016","fim_regular","tce"
"M2020_20150_11_55_150000637707","PB","20150","PREFEITO","2020","fim_regular","tce"
"M2012_20176_11_22_150000002175","PB","20176","PREFEITO","2012","fim_regular","tce"
"M2012_20192_11_15_150000001648","PB","20192","PREFEITO","2012","fim_regular","tce"
"M2016_20192_11_15_150000003331","PB","20192","PREFEITO","2016","fim_regular","tce"
"M2020_20192_11_23_150000821135","PB","20192","PREFEITO","2020","fim_regular","tce"
"M2012_20214_11_20_150000015453","PB","20214","PREFEITO","2012","fim_regular","tce"
"M2016_20214_11_40_150000008864","PB","20214","PREFEITO","2016","fim_regular","tce"
"M2020_20214_11_11_150000670965","PB","20214","PREFEITO","2020","fim_regular","tce"
"M2012_20230_11_40_150000001720","PB","20230","PREFEITO","2012","fim_regular","tce"
"M2016_20230_11_15_150000013273","PB","20230","PREFEITO","2016","fim_regular","tce"
"M2020_20230_11_15_150000735433","PB","20230","PREFEITO","2020","fim_regular","tce"
"M2012_20257_11_40_150000001317","PB","20257","PREFEITO","2012","fim_regular","tce"
"M2016_20257_11_40_150000007223","PB","20257","PREFEITO","2016","fim_regular","tce"
"M2020_20257_11_23_150000642632","PB","20257","PREFEITO","2020","fim_regular","tce"
"M2012_20290_11_12_150000007480","PB","20290","PREFEITO","2012","fim_regular","tce"
"M2016_20290_11_15_150000009535","PB","20290","PREFEITO","2016","fim_regular","tce"
"M2020_20290_11_12_150000730954","PB","20290","PREFEITO","2020","fim_regular","tce"
"M2012_20311_11_20_150000005503","PB","20311","PREFEITO","2012","fim_regular","tce"
"M2016_20311_11_20_150000011989","PB","20311","PREFEITO","2016","fim_regular","tce"
"M2020_20311_11_10_150000924487","PB","20311","PREFEITO","2020","fim_regular","tce"
"M2016_20338_11_40_150000009865","PB","20338","PREFEITO","2016","fim_regular","tce"
"M2020_20338_11_23_150000717485","PB","20338","PREFEITO","2020","fim_regular","tce"
"M2012_20354_11_55_150000001548","PB","20354","PREFEITO","2012","fim_regular","tce"
"M2016_20354_11_55_150000005079","PB","20354","PREFEITO","2016","fim_regular","tce"
"M2020_20354_11_55_150000832078","PB","20354","PREFEITO","2020","fim_regular","tce"
"M2012_20370_11_55_150000007749","PB","20370","PREFEITO","2012","fim_regular","tce"
"M2016_20370_11_55_150000005365","PB","20370","PREFEITO","2016","outro","tce"
"M2020_20370_11_12_150000872822","PB","20370","PREFEITO","2020","fim_regular","tce"
"M2012_20397_11_15_150000012735","PB","20397","PREFEITO","2012","fim_regular","tce"
"M2016_20397_11_40_150000008242","PB","20397","PREFEITO","2016","fim_regular","tce"
"M2020_20397_11_23_150000813592","PB","20397","PREFEITO","2020","fim_regular","tce"
"M2012_20419_11_14_150000006139","PB","20419","PREFEITO","2012","fim_regular","tce"
"M2016_20419_11_15_150000005155","PB","20419","PREFEITO","2016","fim_regular","tce"
"M2020_20419_11_25_150001075040","PB","20419","PREFEITO","2020","fim_regular","tce"
"M2012_20435_11_25_150000012636","PB","20435","PREFEITO","2012","fim_regular","tce"
"M2016_20435_11_25_150000007140","PB","20435","PREFEITO","2016","fim_regular","tce"
"M2020_20435_11_25_150000781631","PB","20435","PREFEITO","2020","fim_regular","tce"
"M2012_20451_11_15_150000000278","PB","20451","PREFEITO","2012","fim_regular","tce"
"M2016_20451_11_40_150000006479","PB","20451","PREFEITO","2016","fim_regular","tce"
"M2020_20451_11_20_150000792100","PB","20451","PREFEITO","2020","fim_regular","tce"
"M2012_20478_11_15_150000001831","PB","20478","PREFEITO","2012","fim_regular","tce"
"M2016_20478_11_15_150000005547","PB","20478","PREFEITO","2016","fim_regular","tce"
"M2020_20478_11_12_150000769653","PB","20478","PREFEITO","2020","fim_regular","tce"
"M2012_20494_11_25_150000011557","PB","20494","PREFEITO","2012","fim_regular","tce"
"M2016_20494_11_11_150000007375","PB","20494","PREFEITO","2016","fim_regular","tce"
"M2020_20494_11_23_150000978256","PB","20494","PREFEITO","2020","fim_regular","tce"
"M2012_20532_11_55_150000004278","PB","20532","PREFEITO","2012","fim_regular","tce"
"M2016_20532_11_55_150000002322","PB","20532","PREFEITO","2016","fim_regular","tce"
"M2020_20532_11_77_150000790022","PB","20532","PREFEITO","2020","fim_regular","tce"
"M2012_20559_11_14_150000015434","PB","20559","PREFEITO","2012","outro","tce"
"M2016_20559_11_70_150000001526","PB","20559","PREFEITO","2016","fim_regular","tce"
"M2012_20575_11_55_150000000895","PB","20575","PREFEITO","2012","fim_regular","tce"
"M2016_20575_11_40_150000002239","PB","20575","PREFEITO","2016","fim_regular","tce"
"M2020_20575_11_25_150000764586","PB","20575","PREFEITO","2020","fim_regular","tce"
"M2012_20591_11_55_150000007398","PB","20591","PREFEITO","2012","fim_regular","tce"
"M2016_20591_11_40_150000007289","PB","20591","PREFEITO","2016","fim_regular","tce"
"M2020_20591_11_45_150000868064","PB","20591","PREFEITO","2020","fim_regular","tce"
"M2012_20613_11_40_150000006489","PB","20613","PREFEITO","2012","fim_regular","tce"
"M2016_20613_11_40_150000009552","PB","20613","PREFEITO","2016","fim_regular","tce"
"M2012_20630_11_14_150000007175","PB","20630","PREFEITO","2012","fim_regular","tce"
"M2016_20630_11_40_150000001271","PB","20630","PREFEITO","2016","outro","tce"
"M2020_20630_11_10_150001267393","PB","20630","PREFEITO","2020","fim_regular","tce"
"M2012_20699_11_15_150000003633","PB","20699","PREFEITO","2012","fim_regular","tce"
"M2016_20699_11_45_150000003400","PB","20699","PREFEITO","2016","fim_regular","tce"
"M2020_20699_11_23_150000724329","PB","20699","PREFEITO","2020","fim_regular","tce"
"M2012_20737_11_40_150000006137","PB","20737","PREFEITO","2012","fim_regular","tce"
"M2016_20737_11_40_150000008098","PB","20737","PREFEITO","2016","fim_regular","tce"
"M2020_20737_11_77_150000786588","PB","20737","PREFEITO","2020","fim_regular","tce"
"M2012_20753_11_23_150000000920","PB","20753","PREFEITO","2012","fim_regular","tce"
"M2012_20770_11_15_150000003139","PB","20770","PREFEITO","2012","fim_regular","tce"
"M2016_20770_11_15_150000005966","PB","20770","PREFEITO","2016","fim_regular","tce"
"M2020_20770_11_12_150001041692","PB","20770","PREFEITO","2020","fim_regular","tce"
"M2012_20796_11_22_150000004481","PB","20796","PREFEITO","2012","fim_regular","tce"
"M2016_20796_11_40_150000002895","PB","20796","PREFEITO","2016","fim_regular","tce"
"M2020_20796_11_23_150000652371","PB","20796","PREFEITO","2020","fim_regular","tce"
"M2012_20818_11_45_150000011751","PB","20818","PREFEITO","2012","fim_regular","tce"
"M2020_20818_11_45_150001008516","PB","20818","PREFEITO","2020","fim_regular","tce"
"M2012_20834_11_40_150000011293","PB","20834","PREFEITO","2012","fim_regular","tce"
"M2016_20834_11_55_150000007578","PB","20834","PREFEITO","2016","fim_regular","tce"
"M2020_20834_11_22_150001248080","PB","20834","PREFEITO","2020","fim_regular","tce"
"M2012_20850_11_20_150000005572","PB","20850","PREFEITO","2012","fim_regular","tce"
"M2016_20850_11_45_150000005298","PB","20850","PREFEITO","2016","fim_regular","tce"
"M2012_20877_11_45_150000015408","PB","20877","PREFEITO","2012","fim_regular","tce"
"M2016_20877_11_14_150000005776","PB","20877","PREFEITO","2016","fim_regular","tce"
"M2020_20877_11_40_150000860249","PB","20877","PREFEITO","2020","fim_regular","tce"
"M2012_20893_11_22_150000003949","PB","20893","PREFEITO","2012","fim_regular","tce"
"M2016_20893_11_22_150000005584","PB","20893","PREFEITO","2016","fim_regular","tce"
"M2020_20893_11_22_150000904054","PB","20893","PREFEITO","2020","fim_regular","tce"
"M2012_20915_11_40_150000002075","PB","20915","PREFEITO","2012","fim_regular","tce"
"M2016_20915_11_55_150000001008","PB","20915","PREFEITO","2016","fim_regular","tce"
"M2020_20915_11_55_150000827230","PB","20915","PREFEITO","2020","fim_regular","tce"
"M2012_20931_11_25_150000004507","PB","20931","PREFEITO","2012","fim_regular","tce"
"M2016_20931_11_15_150000006585","PB","20931","PREFEITO","2016","fim_regular","tce"
"M2020_20931_11_15_150000763801","PB","20931","PREFEITO","2020","fim_regular","tce"
"M2012_20958_11_45_150000000683","PB","20958","PREFEITO","2012","fim_regular","tce"
"M2016_20958_11_45_150000012023","PB","20958","PREFEITO","2016","fim_regular","tce"
"M2020_20958_11_22_150000718884","PB","20958","PREFEITO","2020","fim_regular","tce"
"M2012_20974_11_40_150000004448","PB","20974","PREFEITO","2012","fim_regular","tce"
"M2016_20974_11_14_150000008093","PB","20974","PREFEITO","2016","fim_regular","tce"
"M2020_20974_11_14_150000666238","PB","20974","PREFEITO","2020","fim_regular","tce"
"M2016_21016_11_22_150000007664","PB","21016","PREFEITO","2016","fim_regular","tce"
"M2020_21016_11_23_150000724260","PB","21016","PREFEITO","2020","fim_regular","tce"
"M2012_21032_11_25_150000010406","PB","21032","PREFEITO","2012","fim_regular","tce"
"M2016_21032_11_40_150000002023","PB","21032","PREFEITO","2016","fim_regular","tce"
"M2020_21032_11_23_150000687081","PB","21032","PREFEITO","2020","fim_regular","tce"
"M2012_21075_11_22_150000002592","PB","21075","PREFEITO","2012","fim_regular","tce"
"M2016_21075_11_14_150000006652","PB","21075","PREFEITO","2016","fim_regular","tce"
"M2020_21075_11_23_150000770147","PB","21075","PREFEITO","2020","fim_regular","tce"
"M2012_21113_11_15_150000012016","PB","21113","PREFEITO","2012","fim_regular","tce"
"M2012_21130_11_55_150000000073","PB","21130","PREFEITO","2012","fim_regular","tce"
"M2016_21130_11_55_150000006049","PB","21130","PREFEITO","2016","fim_regular","tce"
"M2020_21130_11_25_150000825635","PB","21130","PREFEITO","2020","fim_regular","tce"
"M2012_21156_11_15_150000000292","PB","21156","PREFEITO","2012","fim_regular","tce"
"M2016_21156_11_15_150000003239","PB","21156","PREFEITO","2016","fim_regular","tce"
"M2020_21156_11_70_150000858982","PB","21156","PREFEITO","2020","fim_regular","tce"
"M2012_21172_11_15_150000010711","PB","21172","PREFEITO","2012","fim_regular","tce"
"M2016_21172_11_45_150000006500","PB","21172","PREFEITO","2016","outro","tce"
"M2012_21199_11_14_150000002015","PB","21199","PREFEITO","2012","fim_regular","tce"
"M2016_21199_11_22_150000001525","PB","21199","PREFEITO","2016","fim_regular","tce"
"M2020_21199_11_22_150000816532","PB","21199","PREFEITO","2020","fim_regular","tce"
"M2016_21210_11_22_150000001504","PB","21210","PREFEITO","2016","fim_regular","tce"
"M2020_21210_11_22_150000727937","PB","21210","PREFEITO","2020","fim_regular","tce"
"M2020_21237_11_25_150001065206","PB","21237","PREFEITO","2020","fim_regular","tce"
"M2012_21253_11_40_150000010340","PB","21253","PREFEITO","2012","fim_regular","tce"
"M2016_21253_11_40_150000003664","PB","21253","PREFEITO","2016","fim_regular","tce"
"M2020_21270_11_11_150001027624","PB","21270","PREFEITO","2020","fim_regular","tce"
"M2012_21296_11_25_150000007544","PB","21296","PREFEITO","2012","fim_regular","tce"
"M2016_21296_11_13_150000001987","PB","21296","PREFEITO","2016","fim_regular","tce"
"M2020_21296_11_13_150000636993","PB","21296","PREFEITO","2020","fim_regular","tce"
"M2012_21350_11_15_150000000041","PB","21350","PREFEITO","2012","fim_regular","tce"
"M2016_21350_11_45_150000007832","PB","21350","PREFEITO","2016","fim_regular","tce"
"M2020_21350_11_45_150000726227","PB","21350","PREFEITO","2020","fim_regular","tce"
"M2012_21377_11_40_150000005117","PB","21377","PREFEITO","2012","fim_regular","tce"
"M2016_21377_11_45_150000009213","PB","21377","PREFEITO","2016","fim_regular","tce"
"M2012_21393_11_55_150000012216","PB","21393","PREFEITO","2012","fim_regular","tce"
"M2016_21393_11_55_150000009627","PB","21393","PREFEITO","2016","fim_regular","tce"
"M2020_21393_11_12_150001084882","PB","21393","PREFEITO","2020","outro","tce"
"M2020_21415_11_70_150000828587","PB","21415","PREFEITO","2020","fim_regular","tce"
"M2016_21431_11_15_150000006593","PB","21431","PREFEITO","2016","fim_regular","tce"
"M2020_21431_11_15_150000872247","PB","21431","PREFEITO","2020","fim_regular","tce"
"M2012_21458_11_15_150000011696","PB","21458","PREFEITO","2012","fim_regular","tce"
"M2016_21458_11_15_150000007632","PB","21458","PREFEITO","2016","fim_regular","tce"
"M2020_21458_11_23_150000656476","PB","21458","PREFEITO","2020","fim_regular","tce"
"M2012_21474_11_45_150000008218","PB","21474","PREFEITO","2012","fim_regular","tce"
"M2016_21474_11_40_150000009140","PB","21474","PREFEITO","2016","fim_regular","tce"
"M2020_21474_11_23_150001156863","PB","21474","PREFEITO","2020","fim_regular","tce"
"M2016_21539_11_15_150000003804","PB","21539","PREFEITO","2016","fim_regular","tce"
"M2020_21539_11_10_150000867588","PB","21539","PREFEITO","2020","fim_regular","tce"
"M2020_21555_11_12_150000959527","PB","21555","PREFEITO","2020","fim_regular","tce"
"M2012_21571_11_11_150000012934","PB","21571","PREFEITO","2012","fim_regular","tce"
"M2016_21571_11_11_150000002576","PB","21571","PREFEITO","2016","fim_regular","tce"
"M2020_21571_11_11_150000719904","PB","21571","PREFEITO","2020","fim_regular","tce"
"M2012_21610_11_45_150000009269","PB","21610","PREFEITO","2012","fim_regular","tce"
"M2016_21610_11_45_150000002770","PB","21610","PREFEITO","2016","fim_regular","tce"
"M2020_21610_11_45_150001073852","PB","21610","PREFEITO","2020","fim_regular","tce"
"M2012_21636_11_25_150000004102","PB","21636","PREFEITO","2012","fim_regular","tce"
"M2016_21636_11_25_150000002706","PB","21636","PREFEITO","2016","fim_regular","tce"
"M2020_21636_11_55_150000904235","PB","21636","PREFEITO","2020","fim_regular","tce"
"M2012_21652_11_13_150000002475","PB","21652","PREFEITO","2012","fim_regular","tce"
"M2016_21652_11_40_150000007803","PB","21652","PREFEITO","2016","fim_regular","tce"
"M2020_21652_11_22_150000802931","PB","21652","PREFEITO","2020","fim_regular","tce"
"M2012_21679_11_55_150000006304","PB","21679","PREFEITO","2012","fim_regular","tce"
"M2016_21679_11_55_150000008983","PB","21679","PREFEITO","2016","fim_regular","tce"
"M2020_21679_11_23_150000871848","PB","21679","PREFEITO","2020","fim_regular","tce"
"M2012_21717_11_14_150000002655","PB","21717","PREFEITO","2012","fim_regular","tce"
"M2016_21717_11_45_150000011434","PB","21717","PREFEITO","2016","fim_regular","tce"
"M2020_21717_11_70_150000643101","PB","21717","PREFEITO","2020","fim_regular","tce"
"M2012_21733_11_13_150000003831","PB","21733","PREFEITO","2012","fim_regular","tce"
"M2016_21733_11_40_150000002661","PB","21733","PREFEITO","2016","fim_regular","tce"
"M2020_21733_11_23_150000848290","PB","21733","PREFEITO","2020","fim_regular","tce"
"M2012_21750_11_44_150000006897","PB","21750","PREFEITO","2012","outro","tce"
"M2016_21750_11_45_150000011209","PB","21750","PREFEITO","2016","fim_regular","tce"
"M2020_21750_11_11_150000842793","PB","21750","PREFEITO","2020","fim_regular","tce"
"M2012_21776_11_10_150000007190","PB","21776","PREFEITO","2012","fim_regular","tce"
"M2016_21776_11_45_150000008639","PB","21776","PREFEITO","2016","fim_regular","tce"
"M2020_21776_11_10_150001073290","PB","21776","PREFEITO","2020","fim_regular","tce"
"M2012_21814_11_22_150000008733","PB","21814","PREFEITO","2012","outro","tce"
"M2016_21814_11_25_150000009893","PB","21814","PREFEITO","2016","outro","tce"
"M2020_21814_11_25_150000765222","PB","21814","PREFEITO","2020","fim_regular","tce"
"M2012_21830_11_33_150000002752","PB","21830","PREFEITO","2012","fim_regular","tce"
"M2016_21830_11_40_150000003139","PB","21830","PREFEITO","2016","fim_regular","tce"
"M2020_21830_11_10_150000675571","PB","21830","PREFEITO","2020","fim_regular","tce"
"M2012_21857_11_25_150000006899","PB","21857","PREFEITO","2012","fim_regular","tce"
"M2016_21857_11_55_150000008303","PB","21857","PREFEITO","2016","fim_regular","tce"
"M2020_21857_11_45_150001082551","PB","21857","PREFEITO","2020","fim_regular","tce"
"M2012_21873_11_15_150000001758","PB","21873","PREFEITO","2012","fim_regular","tce"
"M2016_21873_11_22_150000004900","PB","21873","PREFEITO","2016","fim_regular","tce"
"M2012_21911_11_15_150000008034","PB","21911","PREFEITO","2012","fim_regular","tce"
"M2016_21911_11_40_150000012719","PB","21911","PREFEITO","2016","fim_regular","tce"
"M2020_21911_11_23_150000728919","PB","21911","PREFEITO","2020","outro","tce"
"M2012_21938_11_15_150000004387","PB","21938","PREFEITO","2012","fim_regular","tce"
"M2016_21938_11_15_150000003251","PB","21938","PREFEITO","2016","fim_regular","tce"
"M2012_21954_11_45_150000008821","PB","21954","PREFEITO","2012","fim_regular","tce"
"M2016_21954_11_25_150000003287","PB","21954","PREFEITO","2016","fim_regular","tce"
"M2020_21954_11_25_150000659344","PB","21954","PREFEITO","2020","fim_regular","tce"
"M2012_21970_11_40_150000002188","PB","21970","PREFEITO","2012","fim_regular","tce"
"M2016_21970_11_40_150000006377","PB","21970","PREFEITO","2016","fim_regular","tce"
"M2020_21970_11_22_150000659800","PB","21970","PREFEITO","2020","fim_regular","tce"
"M2012_22012_11_15_150000000461","PB","22012","PREFEITO","2012","fim_regular","tce"
"M2016_22012_11_15_150000005692","PB","22012","PREFEITO","2016","fim_regular","tce"
"M2020_22012_11_45_150000694786","PB","22012","PREFEITO","2020","fim_regular","tce"
"M2012_22039_11_15_150000010184","PB","22039","PREFEITO","2012","fim_regular","tce"
"M2012_22055_11_25_150000006790","PB","22055","PREFEITO","2012","fim_regular","tce"
"M2016_22055_11_25_150000008924","PB","22055","PREFEITO","2016","fim_regular","tce"
"M2020_22055_11_25_150001167863","PB","22055","PREFEITO","2020","fim_regular","tce"
"M2012_22071_11_40_150000011989","PB","22071","PREFEITO","2012","fim_regular","tce"
"M2016_22071_11_40_150000010891","PB","22071","PREFEITO","2016","fim_regular","tce"
"M2020_22071_11_19_150000838342","PB","22071","PREFEITO","2020","fim_regular","tce"
"M2012_22098_11_25_150000011969","PB","22098","PREFEITO","2012","fim_regular","tce"
"M2016_22098_11_40_150000006675","PB","22098","PREFEITO","2016","fim_regular","tce"
"M2020_22098_11_55_150000688651","PB","22098","PREFEITO","2020","fim_regular","tce"
"M2012_22110_11_15_150000009664","PB","22110","PREFEITO","2012","fim_regular","tce"
"M2016_22110_11_12_150000008083","PB","22110","PREFEITO","2016","fim_regular","tce"
"M2020_22110_11_11_150001098688","PB","22110","PREFEITO","2020","fim_regular","tce"
"M2012_22136_11_55_150000015436","PB","22136","PREFEITO","2012","fim_regular","tce"
"M2016_22136_11_14_150000002290","PB","22136","PREFEITO","2016","fim_regular","tce"
"M2020_22136_11_23_150000638684","PB","22136","PREFEITO","2020","fim_regular","tce"
"M2012_22152_11_40_150000007278","PB","22152","PREFEITO","2012","fim_regular","tce"
"M2016_22152_11_45_150000002194","PB","22152","PREFEITO","2016","fim_regular","tce"
"M2020_22152_11_22_150000769029","PB","22152","PREFEITO","2020","fim_regular","tce"
"M2012_22217_11_23_150000010354","PB","22217","PREFEITO","2012","fim_regular","tce"
"M2016_22217_11_25_150000001431","PB","22217","PREFEITO","2016","fim_regular","tce"
"M2020_22217_11_25_150000634562","PB","22217","PREFEITO","2020","fim_regular","tce"
"M2020_22233_11_11_150000976853","PB","22233","PREFEITO","2020","fim_regular","tce"
"M2012_22250_11_15_150000005802","PB","22250","PREFEITO","2012","fim_regular","tce"
"M2016_22250_11_40_150000007358","PB","22250","PREFEITO","2016","fim_regular","tce"
"M2020_22250_11_23_150000681515","PB","22250","PREFEITO","2020","fim_regular","tce"
"M2016_22276_11_40_150000005582","PB","22276","PREFEITO","2016","fim_regular","tce"
"M2020_22276_11_22_150000797673","PB","22276","PREFEITO","2020","fim_regular","tce"
"M2012_22292_11_15_150000001197","PB","22292","PREFEITO","2012","fim_regular","tce"
"M2016_22292_11_15_150000007419","PB","22292","PREFEITO","2016","fim_regular","tce"
"M2020_22292_11_12_150000655211","PB","22292","PREFEITO","2020","fim_regular","tce"
"M2012_22314_11_15_150000010139","PB","22314","PREFEITO","2012","fim_regular","tce"
"M2016_22314_11_15_150000003121","PB","22314","PREFEITO","2016","fim_regular","tce"
"M2020_22314_11_45_150001187026","PB","22314","PREFEITO","2020","fim_regular","tce"
"M2012_22330_11_15_150000008754","PB","22330","PREFEITO","2012","fim_regular","tce"
"M2016_22330_11_15_150000002318","PB","22330","PREFEITO","2016","fim_regular","tce"
"M2020_22330_11_10_150001199043","PB","22330","PREFEITO","2020","fim_regular","tce"
"M2012_22357_11_15_150000008199","PB","22357","PREFEITO","2012","fim_regular","tce"
"M2016_22357_11_15_150000002708","PB","22357","PREFEITO","2016","fim_regular","tce"
"M2020_22357_11_12_150000638554","PB","22357","PREFEITO","2020","fim_regular","tce"
"M2012_22373_11_15_150000003977","PB","22373","PREFEITO","2012","fim_regular","tce"
"M2016_22373_11_14_150000011448","PB","22373","PREFEITO","2016","fim_regular","tce"
"M2016_22390_11_45_150000008918","PB","22390","PREFEITO","2016","fim_regular","tce"
"M2012_22411_11_25_150000005491","PB","22411","PREFEITO","2012","fim_regular","tce"
"M2012_22438_11_25_150000001427","PB","22438","PREFEITO","2012","fim_regular","tce"
"M2016_22438_11_25_150000001055","PB","22438","PREFEITO","2016","fim_regular","tce"
"M2020_22438_11_25_150000648004","PB","22438","PREFEITO","2020","fim_regular","tce"
"M2012_23000_11_22_170000002352","PE","23000","PREFEITO","2012","fim_regular","tce"
"M2016_23000_11_22_170000012793","PE","23000","PREFEITO","2016","fim_regular","tce"
"M2020_23000_11_70_170001086866","PE","23000","PREFEITO","2020","fim_regular","tce"
"M2016_23035_11_15_170000004214","PE","23035","PREFEITO","2016","fim_regular","tce"
"M2020_23035_11_40_170000778562","PE","23035","PREFEITO","2020","fim_regular","tce"
"M2012_23043_11_14_170000021001","PE","23043","PREFEITO","2012","fim_regular","tce"
"M2016_23043_11_14_170000003666","PE","23043","PREFEITO","2016","fim_regular","tce"
"M2020_23043_11_11_170001186006","PE","23043","PREFEITO","2020","fim_regular","tce"
"M2016_23051_11_15_170000002107","PE","23051","PREFEITO","2016","outro","tce"
"M2016_23078_11_40_170000016872","PE","23078","PREFEITO","2016","fim_regular","tce"
"M2020_23078_11_40_170001140886","PE","23078","PREFEITO","2020","outro","tce"
"M2012_23086_11_13_170000012403","PE","23086","PREFEITO","2012","fim_regular","tce"
"M2012_23094_11_13_170000006958","PE","23094","PREFEITO","2012","fim_regular","tce"
"M2016_23094_11_13_170000007134","PE","23094","PREFEITO","2016","fim_regular","tce"
"M2020_23094_11_13_170000800894","PE","23094","PREFEITO","2020","fim_regular","tce"
"M2012_23116_11_14_170000000909","PE","23116","PREFEITO","2012","fim_regular","tce"
"M2016_23116_11_40_170000001394","PE","23116","PREFEITO","2016","fim_regular","tce"
"M2020_23116_11_40_170001041695","PE","23116","PREFEITO","2020","fim_regular","tce"
"M2016_23124_11_40_170000004220","PE","23124","PREFEITO","2016","fim_regular","tce"
"M2020_23124_11_40_170001123046","PE","23124","PREFEITO","2020","fim_regular","tce"
"M2012_23132_11_40_170000006596","PE","23132","PREFEITO","2012","fim_regular","tce"
"M2016_23132_11_55_170000001204","PE","23132","PREFEITO","2016","fim_regular","tce"
"M2020_23132_11_55_170000646495","PE","23132","PREFEITO","2020","fim_regular","tce"
"M2020_23159_11_40_170001215144","PE","23159","PREFEITO","2020","fim_regular","tce"
"M2020_23167_11_15_170000739467","PE","23167","PREFEITO","2020","fim_regular","tce"
"M2012_23175_11_22_170000007971","PE","23175","PREFEITO","2012","fim_regular","tce"
"M2016_23175_11_22_170000006444","PE","23175","PREFEITO","2016","fim_regular","tce"
"M2020_23175_11_40_170001092123","PE","23175","PREFEITO","2020","fim_regular","tce"
"M2016_23183_11_15_170000004389","PE","23183","PREFEITO","2016","fim_regular","tce"
"M2020_23183_11_15_170000940018","PE","23183","PREFEITO","2020","fim_regular","tce"
"M2012_23191_11_55_170000012710","PE","23191","PREFEITO","2012","fim_regular","tce"
"M2016_23191_11_40_170000015793","PE","23191","PREFEITO","2016","fim_regular","tce"
"M2020_23191_11_40_170001032878","PE","23191","PREFEITO","2020","fim_regular","tce"
"M2012_23205_11_12_170000014779","PE","23205","PREFEITO","2012","fim_regular","tce"
"M2016_23205_11_12_170000018725","PE","23205","PREFEITO","2016","fim_regular","tce"
"M2020_23205_11_25_170001193297","PE","23205","PREFEITO","2020","fim_regular","tce"
"M2012_23221_11_45_170000016662","PE","23221","PREFEITO","2012","fim_regular","tce"
"M2020_23230_11_15_170000800184","PE","23230","PREFEITO","2020","fim_regular","tce"
"M2016_23256_11_77_170000007182","PE","23256","PREFEITO","2016","fim_regular","tce"
"M2016_23264_11_77_170000023032","PE","23264","PREFEITO","2016","fim_regular","tce"
"M2020_23272_11_11_170001119843","PE","23272","PREFEITO","2020","fim_regular","tce"
"M2012_23299_11_40_170000013511","PE","23299","PREFEITO","2012","fim_regular","tce"
"M2020_23299_11_10_170000743073","PE","23299","PREFEITO","2020","fim_regular","tce"
"M2008_23310_11_40_7347","PE","23310","PREFEITO","2008","outro","tce"
"M2016_23310_11_55_170000008141","PE","23310","PREFEITO","2016","fim_regular","tce"
"M2020_23310_11_15_170000778245","PE","23310","PREFEITO","2020","fim_regular","tce"
"M2016_23329_11_33_170000001828","PE","23329","PREFEITO","2016","fim_regular","tce"
"M2020_23329_11_55_170000702856","PE","23329","PREFEITO","2020","fim_regular","tce"
"M2020_23337_11_25_170001064818","PE","23337","PREFEITO","2020","fim_regular","tce"
"M2016_23353_11_14_170000014899","PE","23353","PREFEITO","2016","fim_regular","tce"
"M2020_23353_11_10_170000764799","PE","23353","PREFEITO","2020","fim_regular","tce"
"M2016_23396_11_25_170000007813","PE","23396","PREFEITO","2016","fim_regular","tce"
"M2020_23396_11_40_170000867503","PE","23396","PREFEITO","2020","fim_regular","tce"
"M2016_23418_11_40_170000006780","PE","23418","PREFEITO","2016","fim_regular","tce"
"M2020_23418_11_40_170000771739","PE","23418","PREFEITO","2020","fim_regular","tce"
"M2012_23434_11_11_170000002350","PE","23434","PREFEITO","2012","fim_regular","tce"
"M2016_23434_11_55_170000003250","PE","23434","PREFEITO","2016","fim_regular","tce"
"M2020_23434_11_22_170000801719","PE","23434","PREFEITO","2020","fim_regular","tce"
"M2024_23434_11_44_170001993468","PE","23434","PREFEITO","2024","outro","tce"
"M2024_23531_11_11_170001915078","PE","23531","PREFEITO","2024","outro","tce"
"M2012_23558_11_55_170000019101","PE","23558","PREFEITO","2012","fim_regular","tce"
"M2016_23558_11_15_170000007184","PE","23558","PREFEITO","2016","fim_regular","tce"
"M2020_23558_11_15_170000761022","PE","23558","PREFEITO","2020","fim_regular","tce"
"M2012_23574_11_40_170000018748","PE","23574","PREFEITO","2012","fim_regular","tce"
"M2016_23574_11_40_170000001133","PE","23574","PREFEITO","2016","fim_regular","tce"
"M2020_23574_11_22_170000671117","PE","23574","PREFEITO","2020","fim_regular","tce"
"M2012_23590_11_40_170000010890","PE","23590","PREFEITO","2012","fim_regular","tce"
"M2016_23590_11_15_170000010278","PE","23590","PREFEITO","2016","fim_regular","tce"
"M2020_23639_11_10_170000940868","PE","23639","PREFEITO","2020","fim_regular","tce"
"M2016_23671_11_13_170000006297","PE","23671","PREFEITO","2016","fim_regular","tce"
"M2020_23671_11_70_170001207348","PE","23671","PREFEITO","2020","fim_regular","tce"
"M2012_23698_11_14_170000000186","PE","23698","PREFEITO","2012","fim_regular","tce"
"M2020_23698_11_55_170000850479","PE","23698","PREFEITO","2020","fim_regular","tce"
"M2016_23736_11_55_170000009848","PE","23736","PREFEITO","2016","fim_regular","tce"
"M2012_23779_11_40_170000002656","PE","23779","PREFEITO","2012","fim_regular","tce"
"M2020_23779_11_40_170000689972","PE","23779","PREFEITO","2020","fim_regular","tce"
"M2020_23833_11_14_170001166714","PE","23833","PREFEITO","2020","fim_regular","tce"
"M2016_23850_11_22_170000015130","PE","23850","PREFEITO","2016","outro","tce"
"M2020_23930_11_40_170000677407","PE","23930","PREFEITO","2020","fim_regular","tce"
"M2016_23957_11_40_170000021919","PE","23957","PREFEITO","2016","fim_regular","tce"
"M2016_23973_11_36_170000009764","PE","23973","PREFEITO","2016","fim_regular","tce"
"M2020_23973_11_11_170001198775","PE","23973","PREFEITO","2020","fim_regular","tce"
"M2012_24015_11_13_170000009410","PE","24015","PREFEITO","2012","fim_regular","tce"
"M2012_24074_11_40_170000015791","PE","24074","PREFEITO","2012","fim_regular","tce"
"M2016_24074_11_55_170000001135","PE","24074","PREFEITO","2016","outro","tce"
"M2020_24074_11_55_170000802792","PE","24074","PREFEITO","2020","fim_regular","tce"
"M2024_24074_11_55_170001881155","PE","24074","PREFEITO","2024","outro","tce"
"M2012_24139_11_40_170000012617","PE","24139","PREFEITO","2012","fim_regular","tce"
"M2016_24139_11_44_170000018060","PE","24139","PREFEITO","2016","fim_regular","tce"
"M2020_24139_11_40_170000885599","PE","24139","PREFEITO","2020","fim_regular","tce"
"M2016_24155_11_40_170000023057","PE","24155","PREFEITO","2016","fim_regular","tce"
"M2020_24155_11_40_170000806291","PE","24155","PREFEITO","2020","fim_regular","tce"
"M2020_24171_11_22_170000734894","PE","24171","PREFEITO","2020","fim_regular","tce"
"M2020_24198_11_40_170000958414","PE","24198","PREFEITO","2020","fim_regular","tce"
"M2016_24236_11_15_170000014316","PE","24236","PREFEITO","2016","fim_regular","tce"
"M2020_24236_11_17_170000944284","PE","24236","PREFEITO","2020","fim_regular","tce"
"M2016_24252_11_13_170000002119","PE","24252","PREFEITO","2016","fim_regular","tce"
"M2020_24252_11_13_170000867355","PE","24252","PREFEITO","2020","fim_regular","tce"
"M2016_24279_11_45_170000017727","PE","24279","PREFEITO","2016","fim_regular","tce"
"M2012_24295_11_14_170000010237","PE","24295","PREFEITO","2012","fim_regular","tce"
"M2012_24333_11_13_170000015662","PE","24333","PREFEITO","2012","fim_regular","tce"
"M2016_24333_11_40_170000008248","PE","24333","PREFEITO","2016","fim_regular","tce"
"M2012_24350_11_14_170000010424","PE","24350","PREFEITO","2012","fim_regular","tce"
"M2016_24350_11_14_170000009824","PE","24350","PREFEITO","2016","fim_regular","tce"
"M2016_24376_11_40_170000006497","PE","24376","PREFEITO","2016","fim_regular","tce"
"M2020_24376_11_40_170000804359","PE","24376","PREFEITO","2020","fim_regular","tce"
"M2020_24392_11_55_170000802085","PE","24392","PREFEITO","2020","fim_regular","tce"
"M2020_24414_11_40_170000643508","PE","24414","PREFEITO","2020","fim_regular","tce"
"M2020_24430_11_14_170000718888","PE","24430","PREFEITO","2020","fim_regular","tce"
"M2016_24473_11_15_170000009762","PE","24473","PREFEITO","2016","fim_regular","tce"
"M2020_24473_11_15_170000888587","PE","24473","PREFEITO","2020","fim_regular","tce"
"M2012_24490_11_45_170000012619","PE","24490","PREFEITO","2012","fim_regular","tce"
"M2020_24490_11_19_170000770114","PE","24490","PREFEITO","2020","fim_regular","tce"
"M2020_24511_11_10_170000796302","PE","24511","PREFEITO","2020","fim_regular","tce"
"M2012_24538_11_40_170000002180","PE","24538","PREFEITO","2012","outro","tce"
"M2016_24538_11_40_170000009442","PE","24538","PREFEITO","2016","outro","tce"
"M2012_24554_11_12_170000003469","PE","24554","PREFEITO","2012","fim_regular","tce"
"M2016_24554_11_33_170000007208","PE","24554","PREFEITO","2016","fim_regular","tce"
"M2020_24597_11_10_170000643817","PE","24597","PREFEITO","2020","fim_regular","tce"
"M2020_24619_11_40_170000866578","PE","24619","PREFEITO","2020","fim_regular","tce"
"M2012_24635_11_40_170000010226","PE","24635","PREFEITO","2012","fim_regular","tce"
"M2016_24635_11_14_170000004211","PE","24635","PREFEITO","2016","fim_regular","tce"
"M2012_24678_11_22_170000002737","PE","24678","PREFEITO","2012","fim_regular","tce"
"M2016_24678_11_22_170000005271","PE","24678","PREFEITO","2016","fim_regular","tce"
"M2020_24678_11_12_170000681282","PE","24678","PREFEITO","2020","fim_regular","tce"
"M2012_24732_11_14_170000001661","PE","24732","PREFEITO","2012","outro","tce"
"M2016_24732_11_12_170000012486","PE","24732","PREFEITO","2016","fim_regular","tce"
"M2012_24759_11_55_170000003924","PE","24759","PREFEITO","2012","fim_regular","tce"
"M2016_24775_11_40_170000006129","PE","24775","PREFEITO","2016","fim_regular","tce"
"M2020_24775_11_19_170000646146","PE","24775","PREFEITO","2020","fim_regular","tce"
"M2024_24813_11_40_170002068099","PE","24813","PREFEITO","2024","outro","tce"
"M2012_24830_11_55_170000006236","PE","24830","PREFEITO","2012","fim_regular","tce"
"M2016_24830_11_14_170000006110","PE","24830","PREFEITO","2016","fim_regular","tce"
"M2016_24856_11_55_170000001759","PE","24856","PREFEITO","2016","fim_regular","tce"
"M2020_24856_11_40_170000829336","PE","24856","PREFEITO","2020","fim_regular","tce"
"M2016_24872_11_14_170000012044","PE","24872","PREFEITO","2016","fim_regular","tce"
"M2020_24872_11_40_170001048524","PE","24872","PREFEITO","2020","fim_regular","tce"
"M2012_24937_11_55_170000000587","PE","24937","PREFEITO","2012","fim_regular","tce"
"M2012_25011_11_15_170000003338","PE","25011","PREFEITO","2012","outro","tce"
"M2016_25011_11_40_170000014867","PE","25011","PREFEITO","2016","fim_regular","tce"
"M2016_25054_11_40_170000004147","PE","25054","PREFEITO","2016","outro","tce"
"M2012_25070_11_55_170000015863","PE","25070","PREFEITO","2012","outro","tce"
"M2016_25070_11_40_170000003910","PE","25070","PREFEITO","2016","fim_regular","tce"
"M2020_25070_11_40_170000807148","PE","25070","PREFEITO","2020","fim_regular","tce"
"M2012_25097_11_45_170000017058","PE","25097","PREFEITO","2012","fim_regular","tce"
"M2016_25097_11_11_170000008724","PE","25097","PREFEITO","2016","fim_regular","tce"
"M2020_25097_11_55_170001062431","PE","25097","PREFEITO","2020","outro","tce"
"M2016_25151_11_40_170000002207","PE","25151","PREFEITO","2016","fim_regular","tce"
"M2012_25194_11_22_170000001997","PE","25194","PREFEITO","2012","fim_regular","tce"
"M2020_25216_11_15_170000666523","PE","25216","PREFEITO","2020","outro","tce"
"M2016_25232_11_15_170000019422","PE","25232","PREFEITO","2016","fim_regular","tce"
"M2020_25232_11_15_170000769054","PE","25232","PREFEITO","2020","fim_regular","tce"
"M2016_25259_11_40_170000003485","PE","25259","PREFEITO","2016","fim_regular","tce"
"M2020_25259_11_40_170000933097","PE","25259","PREFEITO","2020","fim_regular","tce"
"M2016_25275_11_12_170000018649","PE","25275","PREFEITO","2016","fim_regular","tce"
"M2020_25275_11_40_170000819954","PE","25275","PREFEITO","2020","fim_regular","tce"
"M2020_25291_11_25_170000744141","PE","25291","PREFEITO","2020","outro","tce"
"M2012_25330_11_40_170000015109","PE","25330","PREFEITO","2012","fim_regular","tce"
"M2016_25330_11_40_170000005681","PE","25330","PREFEITO","2016","fim_regular","tce"
"M2020_25330_11_10_170000739048","PE","25330","PREFEITO","2020","fim_regular","tce"
"M2016_25356_11_40_170000011296","PE","25356","PREFEITO","2016","outro","tce"
"M2020_25356_11_40_170000735068","PE","25356","PREFEITO","2020","fim_regular","tce"
"M2024_25356_11_40_170001976558","PE","25356","PREFEITO","2024","outro","tce"
"M2016_25372_11_40_170000010279","PE","25372","PREFEITO","2016","fim_regular","tce"
"M2020_25372_11_40_170000853783","PE","25372","PREFEITO","2020","fim_regular","tce"
"M2020_25399_11_22_170000733724","PE","25399","PREFEITO","2020","fim_regular","tce"
"M2016_25437_11_15_170000002970","PE","25437","PREFEITO","2016","fim_regular","tce"
"M2020_25437_11_40_170000711831","PE","25437","PREFEITO","2020","fim_regular","tce"
"M2020_25453_11_15_170000768584","PE","25453","PREFEITO","2020","fim_regular","tce"
"M2016_25470_11_40_170000007180","PE","25470","PREFEITO","2016","fim_regular","tce"
"M2020_25470_11_65_170000750814","PE","25470","PREFEITO","2020","fim_regular","tce"
"M2020_25518_11_11_170000883247","PE","25518","PREFEITO","2020","fim_regular","tce"
"M2020_25534_11_40_170000928894","PE","25534","PREFEITO","2020","fim_regular","tce"
"M2016_25550_11_22_170000011324","PE","25550","PREFEITO","2016","fim_regular","tce"
"M2016_25577_11_22_170000005440","PE","25577","PREFEITO","2016","fim_regular","tce"
"M2020_25577_11_70_170000952067","PE","25577","PREFEITO","2020","fim_regular","tce"
"M2020_25593_11_15_170001134324","PE","25593","PREFEITO","2020","fim_regular","tce"
"M2012_25615_11_14_170000010098","PE","25615","PREFEITO","2012","fim_regular","tce"
"M2016_25615_11_45_170000002408","PE","25615","PREFEITO","2016","fim_regular","tce"
"M2020_25615_11_17_170000827227","PE","25615","PREFEITO","2020","fim_regular","tce"
"M2016_25631_11_55_170000008262","PE","25631","PREFEITO","2016","fim_regular","tce"
"M2020_25631_11_11_170000827774","PE","25631","PREFEITO","2020","fim_regular","tce"
"M2020_25658_11_45_170000725775","PE","25658","PREFEITO","2020","fim_regular","tce"
"M2012_25690_11_22_170000020426","PE","25690","PREFEITO","2012","fim_regular","tce"
"M2012_25712_11_13_170000005640","PE","25712","PREFEITO","2012","fim_regular","tce"
"M2016_25739_11_14_170000021676","PE","25739","PREFEITO","2016","fim_regular","tce"
"M2020_25739_11_40_170000946725","PE","25739","PREFEITO","2020","fim_regular","tce"
"M2016_25798_11_55_170000019604","PE","25798","PREFEITO","2016","fim_regular","tce"
"M2012_25810_11_45_170000002033","PE","25810","PREFEITO","2012","fim_regular","tce"
"M2012_25879_11_40_170000000081","PE","25879","PREFEITO","2012","fim_regular","tce"
"M2020_25917_11_15_170001274371","PE","25917","PREFEITO","2020","outro","tce"
"M2024_25917_11_13_170002195128","PE","25917","PREFEITO","2024","outro","tce"
"M2016_25933_11_13_170000005291","PE","25933","PREFEITO","2016","fim_regular","tce"
"M2020_25933_11_13_170000792341","PE","25933","PREFEITO","2020","fim_regular","tce"
"M2020_25950_11_15_170000709294","PE","25950","PREFEITO","2020","fim_regular","tce"
"M2016_25992_11_22_170000006403","PE","25992","PREFEITO","2016","outro","tce"
"M2024_25992_11_11_170002180448","PE","25992","PREFEITO","2024","outro","tce"
"M2016_26050_11_45_170000002972","PE","26050","PREFEITO","2016","fim_regular","tce"
"M2020_26093_11_22_170000856384","PE","26093","PREFEITO","2020","fim_regular","tce"
"M2012_26115_11_22_170000000623","PE","26115","PREFEITO","2012","fim_regular","tce"
"M2016_26115_11_40_170000002635","PE","26115","PREFEITO","2016","fim_regular","tce"
"M2020_26115_11_17_170000889945","PE","26115","PREFEITO","2020","fim_regular","tce"
"M2012_26158_11_13_170000006063","PE","26158","PREFEITO","2012","fim_regular","tce"
"M2016_26158_11_11_170000014084","PE","26158","PREFEITO","2016","outro","tce"
"M2016_26174_11_14_170000000809","PE","26174","PREFEITO","2016","fim_regular","tce"
"M2020_26174_11_14_170001055732","PE","26174","PREFEITO","2020","fim_regular","tce"
"M2012_26190_11_22_170000003340","PE","26190","PREFEITO","2012","fim_regular","tce"
"M2020_26190_11_22_170000879596","PE","26190","PREFEITO","2020","fim_regular","tce"
"M2016_26212_11_40_170000009439","PE","26212","PREFEITO","2016","outro","tce"
"M2020_26212_11_40_170000838666","PE","26212","PREFEITO","2020","outro","tce"
"M2016_26255_11_45_170000000976","PE","26255","PREFEITO","2016","outro","tce"
"M2020_26255_11_23_170000804911","PE","26255","PREFEITO","2020","outro","tce"
"M2016_26271_11_40_170000001998","PE","26271","PREFEITO","2016","fim_regular","tce"
"M2020_26271_11_15_170000791048","PE","26271","PREFEITO","2020","fim_regular","tce"
"M2012_19003_12_45_150000005972","PB","19003","VICE-PREFEITO","2012","fim_regular","tce"
"M2016_19003_12_25_150000005032","PB","19003","VICE-PREFEITO","2016","fim_regular","tce"
"M2020_19003_12_25_150001074910","PB","19003","VICE-PREFEITO","2020","fim_regular","tce"
"M2012_19011_12_40_150000002634","PB","19011","VICE-PREFEITO","2012","fim_regular","tce"
"M2016_19011_12_15_150000004711","PB","19011","VICE-PREFEITO","2016","fim_regular","tce"
"M2020_19011_12_10_150000735124","PB","19011","VICE-PREFEITO","2020","fim_regular","tce"
"M2012_19020_12_45_150000006742","PB","19020","VICE-PREFEITO","2012","fim_regular","tce"
"M2020_19020_12_23_150000670482","PB","19020","VICE-PREFEITO","2020","outro","tce"
"M2012_19038_12_11_150000000165","PB","19038","VICE-PREFEITO","2012","fim_regular","tce"
"M2016_19038_12_14_150000008300","PB","19038","VICE-PREFEITO","2016","fim_regular","tce"
"M2012_19046_12_15_150000007039","PB","19046","VICE-PREFEITO","2012","fim_regular","tce"
"M2016_19046_12_15_150000003822","PB","19046","VICE-PREFEITO","2016","fim_regular","tce"
"M2020_19046_12_12_150000765023","PB","19046","VICE-PREFEITO","2020","fim_regular","tce"
"M2012_19062_12_15_150000002967","PB","19062","VICE-PREFEITO","2012","outro","tce"
"M2016_19089_12_20_150000006995","PB","19089","VICE-PREFEITO","2016","outro","tce"
"M2020_19089_12_22_150000837989","PB","19089","VICE-PREFEITO","2020","fim_regular","tce"
"M2012_19097_12_31_150000015446","PB","19097","VICE-PREFEITO","2012","fim_regular","tce"
"M2016_19097_12_15_150000000920","PB","19097","VICE-PREFEITO","2016","outro","tce"
"M2012_19100_12_25_150000002141","PB","19100","VICE-PREFEITO","2012","fim_regular","tce"
"M2016_19100_12_45_150000007029","PB","19100","VICE-PREFEITO","2016","fim_regular","tce"
"M2020_19100_12_11_150001198290","PB","19100","VICE-PREFEITO","2020","outro","tce"
"M2012_19119_12_15_150000010278","PB","19119","VICE-PREFEITO","2012","fim_regular","tce"
"M2016_19119_12_25_150000009187","PB","19119","VICE-PREFEITO","2016","fim_regular","tce"
"M2020_19119_12_15_150001085458","PB","19119","VICE-PREFEITO","2020","fim_regular","tce"
"M2012_19127_12_45_150000012723","PB","19127","VICE-PREFEITO","2012","fim_regular","tce"
"M2016_19127_12_45_150000013304","PB","19127","VICE-PREFEITO","2016","fim_regular","tce"
"M2020_19127_12_12_150000819762","PB","19127","VICE-PREFEITO","2020","fim_regular","tce"
"M2012_19135_12_20_150000005171","PB","19135","VICE-PREFEITO","2012","fim_regular","tce"
"M2016_19135_12_11_150000013290","PB","19135","VICE-PREFEITO","2016","fim_regular","tce"
"M2020_19135_12_11_150000738622","PB","19135","VICE-PREFEITO","2020","fim_regular","tce"
"M2012_19143_12_15_150000005388","PB","19143","VICE-PREFEITO","2012","fim_regular","tce"
"M2016_19143_12_55_150000004686","PB","19143","VICE-PREFEITO","2016","fim_regular","tce"
"M2020_19143_12_23_150000726445","PB","19143","VICE-PREFEITO","2020","fim_regular","tce"
"M2012_19151_12_25_150000004912","PB","19151","VICE-PREFEITO","2012","fim_regular","tce"
"M2016_19151_12_40_150000002537","PB","19151","VICE-PREFEITO","2016","fim_regular","tce"
"M2020_19151_12_45_150000727036","PB","19151","VICE-PREFEITO","2020","fim_regular","tce"
"M2012_19160_12_15_150000001695","PB","19160","VICE-PREFEITO","2012","fim_regular","tce"
"M2016_19160_12_40_150000003629","PB","19160","VICE-PREFEITO","2016","fim_regular","tce"
"M2020_19160_12_45_150000721094","PB","19160","VICE-PREFEITO","2020","fim_regular","tce"
"M2012_19178_12_17_150000011825","PB","19178","VICE-PREFEITO","2012","fim_regular","tce"
"M2016_19178_12_17_150000000973","PB","19178","VICE-PREFEITO","2016","fim_regular","tce"
"M2016_19186_12_17_150000005158","PB","19186","VICE-PREFEITO","2016","fim_regular","tce"
"M2020_19186_12_23_150000940129","PB","19186","VICE-PREFEITO","2020","fim_regular","tce"
"M2012_19194_12_15_150000004924","PB","19194","VICE-PREFEITO","2012","fim_regular","tce"
"M2016_19194_12_11_150000013306","PB","19194","VICE-PREFEITO","2016","fim_regular","tce"
"M2020_19194_12_11_150000944467","PB","19194","VICE-PREFEITO","2020","fim_regular","tce"
"M2012_19216_12_10_150000008171","PB","19216","VICE-PREFEITO","2012","fim_regular","tce"
"M2016_19216_12_45_150000010436","PB","19216","VICE-PREFEITO","2016","fim_regular","tce"
"M2020_19216_12_20_150000815592","PB","19216","VICE-PREFEITO","2020","fim_regular","tce"
"M2020_19224_12_55_150000668786","PB","19224","VICE-PREFEITO","2020","fim_regular","tce"
"M2012_19232_12_15_150000002059","PB","19232","VICE-PREFEITO","2012","fim_regular","tce"
"M2016_19232_12_45_150000009240","PB","19232","VICE-PREFEITO","2016","fim_regular","tce"
"M2020_19232_12_23_150000930932","PB","19232","VICE-PREFEITO","2020","fim_regular","tce"
"M2012_19240_12_20_150000001535","PB","19240","VICE-PREFEITO","2012","outro","tce"
"M2016_19240_12_40_150000005261","PB","19240","VICE-PREFEITO","2016","fim_regular","tce"
"M2020_19240_12_25_150000760486","PB","19240","VICE-PREFEITO","2020","fim_regular","tce"
"M2012_19267_12_70_150000001916","PB","19267","VICE-PREFEITO","2012","fim_regular","tce"
"M2016_19267_12_12_150000011758","PB","19267","VICE-PREFEITO","2016","outro","tce"
"M2012_19275_12_40_150000006646","PB","19275","VICE-PREFEITO","2012","fim_regular","tce"
"M2016_19275_12_40_150000003465","PB","19275","VICE-PREFEITO","2016","fim_regular","tce"
"M2012_19283_12_55_150000012517","PB","19283","VICE-PREFEITO","2012","fim_regular","tce"
"M2016_19283_12_40_150000007729","PB","19283","VICE-PREFEITO","2016","fim_regular","tce"
"M2020_19283_12_23_150001111964","PB","19283","VICE-PREFEITO","2020","fim_regular","tce"
"M2012_19291_12_15_150000008267","PB","19291","VICE-PREFEITO","2012","fim_regular","tce"
"M2016_19291_12_14_150000007946","PB","19291","VICE-PREFEITO","2016","fim_regular","tce"
"M2020_19291_12_25_150000671755","PB","19291","VICE-PREFEITO","2020","fim_regular","tce"
"M2012_19305_12_15_150000000941","PB","19305","VICE-PREFEITO","2012","fim_regular","tce"
"M2016_19305_12_40_150000002954","PB","19305","VICE-PREFEITO","2016","fim_regular","tce"
"M2020_19305_12_40_150001266262","PB","19305","VICE-PREFEITO","2020","fim_regular","tce"
"M2016_19313_12_40_150000009026","PB","19313","VICE-PREFEITO","2016","fim_regular","tce"
"M2020_19313_12_15_150000860656","PB","19313","VICE-PREFEITO","2020","fim_regular","tce"
"M2012_19321_12_55_150000004525","PB","19321","VICE-PREFEITO","2012","fim_regular","tce"
"M2016_19321_12_14_150000008787","PB","19321","VICE-PREFEITO","2016","fim_regular","tce"
"M2020_19321_12_14_150000993543","PB","19321","VICE-PREFEITO","2020","fim_regular","tce"
"M2012_19330_12_40_150000012060","PB","19330","VICE-PREFEITO","2012","fim_regular","tce"
"M2016_19330_12_25_150000003500","PB","19330","VICE-PREFEITO","2016","fim_regular","tce"
"M2020_19330_12_25_150000975670","PB","19330","VICE-PREFEITO","2020","fim_regular","tce"
"M2012_19356_12_15_150000000004","PB","19356","VICE-PREFEITO","2012","fim_regular","tce"
"M2016_19356_12_40_150000007979","PB","19356","VICE-PREFEITO","2016","fim_regular","tce"
"M2020_19356_12_23_150000687868","PB","19356","VICE-PREFEITO","2020","fim_regular","tce"
"M2012_19364_12_40_150000001411","PB","19364","VICE-PREFEITO","2012","fim_regular","tce"
"M2016_19364_12_40_150000009363","PB","19364","VICE-PREFEITO","2016","fim_regular","tce"
"M2020_19364_12_45_150001201873","PB","19364","VICE-PREFEITO","2020","outro","tce"
"M2016_19372_12_19_150000005343","PB","19372","VICE-PREFEITO","2016","outro","tce"
"M2020_19372_12_12_150000818195","PB","19372","VICE-PREFEITO","2020","fim_regular","tce"
"M2012_19380_12_15_150000003255","PB","19380","VICE-PREFEITO","2012","fim_regular","tce"
"M2016_19380_12_40_150000001235","PB","19380","VICE-PREFEITO","2016","fim_regular","tce"
"M2020_19380_12_19_150000767240","PB","19380","VICE-PREFEITO","2020","fim_regular","tce"
"M2012_19399_12_15_150000009954","PB","19399","VICE-PREFEITO","2012","fim_regular","tce"
"M2016_19399_12_15_150000006183","PB","19399","VICE-PREFEITO","2016","fim_regular","tce"
"M2020_19399_12_12_150001178158","PB","19399","VICE-PREFEITO","2020","fim_regular","tce"
"M2012_19402_12_45_150000007911","PB","19402","VICE-PREFEITO","2012","fim_regular","tce"
"M2016_19402_12_40_150000011591","PB","19402","VICE-PREFEITO","2016","fim_regular","tce"
"M2020_19402_12_23_150000674355","PB","19402","VICE-PREFEITO","2020","fim_regular","tce"
"M2012_19429_12_15_150000001820","PB","19429","VICE-PREFEITO","2012","fim_regular","tce"
"M2016_19429_12_22_150000006025","PB","19429","VICE-PREFEITO","2016","fim_regular","tce"
"M2020_19429_12_22_150000748782","PB","19429","VICE-PREFEITO","2020","fim_regular","tce"
"M2012_19437_12_27_150000002389","PB","19437","VICE-PREFEITO","2012","fim_regular","tce"
"M2016_19437_12_55_150000002311","PB","19437","VICE-PREFEITO","2016","fim_regular","tce"
"M2020_19437_12_10_150000727732","PB","19437","VICE-PREFEITO","2020","fim_regular","tce"
"M2012_19445_12_15_150000007385","PB","19445","VICE-PREFEITO","2012","fim_regular","tce"
"M2016_19445_12_15_150000013315","PB","19445","VICE-PREFEITO","2016","fim_regular","tce"
"M2020_19445_12_11_150001157026","PB","19445","VICE-PREFEITO","2020","fim_regular","tce"
"M2016_19453_12_55_150000004877","PB","19453","VICE-PREFEITO","2016","fim_regular","tce"
"M2020_19453_12_11_150000669704","PB","19453","VICE-PREFEITO","2020","fim_regular","tce"
"M2012_19461_12_14_150000002599","PB","19461","VICE-PREFEITO","2012","fim_regular","tce"
"M2016_19461_12_45_150000006448","PB","19461","VICE-PREFEITO","2016","fim_regular","tce"
"M2020_19461_12_45_150000649051","PB","19461","VICE-PREFEITO","2020","fim_regular","tce"
"M2012_19470_12_20_150000000383","PB","19470","VICE-PREFEITO","2012","fim_regular","tce"
"M2012_19488_12_25_150000001852","PB","19488","VICE-PREFEITO","2012","fim_regular","tce"
"M2016_19488_12_15_150000001350","PB","19488","VICE-PREFEITO","2016","fim_regular","tce"
"M2012_19496_12_15_150000009742","PB","19496","VICE-PREFEITO","2012","fim_regular","tce"
"M2016_19496_12_40_150000002837","PB","19496","VICE-PREFEITO","2016","fim_regular","tce"
"M2020_19496_12_19_150000727919","PB","19496","VICE-PREFEITO","2020","fim_regular","tce"
"M2012_19500_12_15_150000000102","PB","19500","VICE-PREFEITO","2012","fim_regular","tce"
"M2016_19500_12_40_150000013236","PB","19500","VICE-PREFEITO","2016","fim_regular","tce"
"M2020_19500_12_23_150000730650","PB","19500","VICE-PREFEITO","2020","fim_regular","tce"
"M2012_19518_12_55_150000002365","PB","19518","VICE-PREFEITO","2012","fim_regular","tce"
"M2016_19518_12_55_150000005000","PB","19518","VICE-PREFEITO","2016","fim_regular","tce"
"M2020_19518_12_55_150000766325","PB","19518","VICE-PREFEITO","2020","fim_regular","tce"
"M2012_19526_12_25_150000002277","PB","19526","VICE-PREFEITO","2012","fim_regular","tce"
"M2016_19526_12_25_150000005882","PB","19526","VICE-PREFEITO","2016","fim_regular","tce"
"M2020_19526_12_23_150000733072","PB","19526","VICE-PREFEITO","2020","fim_regular","tce"
"M2012_19534_12_40_150000002794","PB","19534","VICE-PREFEITO","2012","fim_regular","tce"
"M2016_19534_12_14_150000001075","PB","19534","VICE-PREFEITO","2016","fim_regular","tce"
"M2020_19534_12_14_150000742887","PB","19534","VICE-PREFEITO","2020","fim_regular","tce"
"M2012_19542_12_15_150000001367","PB","19542","VICE-PREFEITO","2012","fim_regular","tce"
"M2016_19542_12_22_150000000870","PB","19542","VICE-PREFEITO","2016","fim_regular","tce"
"M2020_19542_12_22_150000653005","PB","19542","VICE-PREFEITO","2020","fim_regular","tce"
"M2012_19550_12_17_150000010213","PB","19550","VICE-PREFEITO","2012","fim_regular","tce"
"M2016_19550_12_14_150000009640","PB","19550","VICE-PREFEITO","2016","fim_regular","tce"
"M2020_19550_12_23_150000718599","PB","19550","VICE-PREFEITO","2020","fim_regular","tce"
"M2012_19569_12_12_150000007323","PB","19569","VICE-PREFEITO","2012","fim_regular","tce"
"M2016_19569_12_12_150000013167","PB","19569","VICE-PREFEITO","2016","fim_regular","tce"
"M2020_19569_12_12_150000717440","PB","19569","VICE-PREFEITO","2020","outro","tce"
"M2012_19577_12_22_150000000263","PB","19577","VICE-PREFEITO","2012","fim_regular","tce"
"M2016_19577_12_22_150000000856","PB","19577","VICE-PREFEITO","2016","fim_regular","tce"
"M2020_19577_12_45_150000819778","PB","19577","VICE-PREFEITO","2020","fim_regular","tce"
"M2020_19585_12_25_150000661073","PB","19585","VICE-PREFEITO","2020","fim_regular","tce"
"M2012_19593_12_70_150000001524","PB","19593","VICE-PREFEITO","2012","fim_regular","tce"
"M2016_19593_12_45_150000008159","PB","19593","VICE-PREFEITO","2016","outro","tce"
"M2020_19593_12_45_150000925782","PB","19593","VICE-PREFEITO","2020","outro","tce"
"M2012_19607_12_55_150000010739","PB","19607","VICE-PREFEITO","2012","fim_regular","tce"
"M2016_19607_12_45_150000001862","PB","19607","VICE-PREFEITO","2016","fim_regular","tce"
"M2012_19615_12_15_150000003058","PB","19615","VICE-PREFEITO","2012","fim_regular","tce"
"M2016_19615_12_12_150000002476","PB","19615","VICE-PREFEITO","2016","fim_regular","tce"
"M2020_19615_12_25_150001061046","PB","19615","VICE-PREFEITO","2020","fim_regular","tce"
"M2012_19623_12_15_150000009252","PB","19623","VICE-PREFEITO","2012","fim_regular","tce"
"M2016_19623_12_45_150000010144","PB","19623","VICE-PREFEITO","2016","fim_regular","tce"
"M2012_19631_12_40_150000009163","PB","19631","VICE-PREFEITO","2012","fim_regular","tce"
"M2016_19631_12_40_150000010480","PB","19631","VICE-PREFEITO","2016","fim_regular","tce"
"M2020_19631_12_23_150000636937","PB","19631","VICE-PREFEITO","2020","fim_regular","tce"
"M2012_19640_12_40_150000005050","PB","19640","VICE-PREFEITO","2012","fim_regular","tce"
"M2016_19640_12_14_150000007916","PB","19640","VICE-PREFEITO","2016","fim_regular","tce"
"M2020_19640_12_14_150000665949","PB","19640","VICE-PREFEITO","2020","fim_regular","tce"
"M2020_19658_12_25_150000639731","PB","19658","VICE-PREFEITO","2020","outro","tce"
"M2012_19666_12_15_150000001983","PB","19666","VICE-PREFEITO","2012","fim_regular","tce"
"M2016_19666_12_14_150000003626","PB","19666","VICE-PREFEITO","2016","outro","tce"
"M2020_19666_12_11_150000633250","PB","19666","VICE-PREFEITO","2020","fim_regular","tce"
"M2012_19674_12_25_150000015300","PB","19674","VICE-PREFEITO","2012","fim_regular","tce"
"M2016_19674_12_40_150000005445","PB","19674","VICE-PREFEITO","2016","fim_regular","tce"
"M2012_19682_12_45_150000007156","PB","19682","VICE-PREFEITO","2012","fim_regular","tce"
"M2016_19682_12_40_150000006345","PB","19682","VICE-PREFEITO","2016","fim_regular","tce"
"M2020_19682_12_10_150000654765","PB","19682","VICE-PREFEITO","2020","fim_regular","tce"
"M2012_19690_12_45_150000004350","PB","19690","VICE-PREFEITO","2012","outro","tce"
"M2016_19690_12_15_150000005468","PB","19690","VICE-PREFEITO","2016","fim_regular","tce"
"M2020_19690_12_15_150000666118","PB","19690","VICE-PREFEITO","2020","fim_regular","tce"
"M2012_19704_12_25_150000003335","PB","19704","VICE-PREFEITO","2012","fim_regular","tce"
"M2016_19704_12_25_150000006443","PB","19704","VICE-PREFEITO","2016","fim_regular","tce"
"M2020_19704_12_25_150001103268","PB","19704","VICE-PREFEITO","2020","fim_regular","tce"
"M2012_19712_12_45_150000003311","PB","19712","VICE-PREFEITO","2012","fim_regular","tce"
"M2016_19712_12_40_150000008960","PB","19712","VICE-PREFEITO","2016","fim_regular","tce"
"M2020_19712_12_23_150000763823","PB","19712","VICE-PREFEITO","2020","fim_regular","tce"
"M2012_19720_12_40_150000005899","PB","19720","VICE-PREFEITO","2012","fim_regular","tce"
"M2016_19720_12_40_150000009570","PB","19720","VICE-PREFEITO","2016","fim_regular","tce"
"M2020_19720_12_22_150001101210","PB","19720","VICE-PREFEITO","2020","fim_regular","tce"
"M2016_19739_12_40_150000001002","PB","19739","VICE-PREFEITO","2016","fim_regular","tce"
"M2020_19739_12_22_150000857497","PB","19739","VICE-PREFEITO","2020","fim_regular","tce"
"M2012_19747_12_45_150000007264","PB","19747","VICE-PREFEITO","2012","fim_regular","tce"
"M2016_19747_12_45_150000011956","PB","19747","VICE-PREFEITO","2016","fim_regular","tce"
"M2020_19747_12_23_150000847192","PB","19747","VICE-PREFEITO","2020","fim_regular","tce"
"M2012_19763_12_15_150000003719","PB","19763","VICE-PREFEITO","2012","fim_regular","tce"
"M2016_19763_12_10_150000002894","PB","19763","VICE-PREFEITO","2016","fim_regular","tce"
"M2020_19763_12_55_150001214591","PB","19763","VICE-PREFEITO","2020","fim_regular","tce"
"M2016_19771_12_15_150000006563","PB","19771","VICE-PREFEITO","2016","fim_regular","tce"
"M2020_19771_12_15_150001098008","PB","19771","VICE-PREFEITO","2020","fim_regular","tce"
"M2016_19780_12_55_150000005060","PB","19780","VICE-PREFEITO","2016","outro","tce"
"M2012_19798_12_25_150000001034","PB","19798","VICE-PREFEITO","2012","fim_regular","tce"
"M2020_19798_12_45_150001272157","PB","19798","VICE-PREFEITO","2020","fim_regular","tce"
"M2012_19801_12_20_150000000688","PB","19801","VICE-PREFEITO","2012","outro","tce"
"M2016_19801_12_55_150000008491","PB","19801","VICE-PREFEITO","2016","fim_regular","tce"
"M2020_19801_12_11_150000734997","PB","19801","VICE-PREFEITO","2020","fim_regular","tce"
"M2012_19810_12_45_150000011796","PB","19810","VICE-PREFEITO","2012","fim_regular","tce"
"M2016_19810_12_45_150000003053","PB","19810","VICE-PREFEITO","2016","fim_regular","tce"
"M2020_19810_12_55_150000774537","PB","19810","VICE-PREFEITO","2020","outro","tce"
"M2012_19828_12_14_150000003732","PB","19828","VICE-PREFEITO","2012","fim_regular","tce"
"M2016_19828_12_14_150000007441","PB","19828","VICE-PREFEITO","2016","fim_regular","tce"
"M2020_19828_12_90_150000743766","PB","19828","VICE-PREFEITO","2020","outro","tce"
"M2012_19844_12_55_150000002932","PB","19844","VICE-PREFEITO","2012","fim_regular","tce"
"M2016_19844_12_55_150000007343","PB","19844","VICE-PREFEITO","2016","fim_regular","tce"
"M2020_19844_12_22_150000803143","PB","19844","VICE-PREFEITO","2020","fim_regular","tce"
"M2012_19852_12_22_150000009346","PB","19852","VICE-PREFEITO","2012","fim_regular","tce"
"M2016_19852_12_15_150000011491","PB","19852","VICE-PREFEITO","2016","fim_regular","tce"
"M2020_19852_12_25_150001025701","PB","19852","VICE-PREFEITO","2020","fim_regular","tce"
"M2012_19860_12_45_150000004867","PB","19860","VICE-PREFEITO","2012","fim_regular","tce"
"M2016_19860_12_45_150000003831","PB","19860","VICE-PREFEITO","2016","fim_regular","tce"
"M2020_19860_12_19_150001272921","PB","19860","VICE-PREFEITO","2020","fim_regular","tce"
"M2012_19879_12_14_150000006034","PB","19879","VICE-PREFEITO","2012","fim_regular","tce"
"M2016_19879_12_14_150000009848","PB","19879","VICE-PREFEITO","2016","fim_regular","tce"
"M2020_19879_12_25_150000960638","PB","19879","VICE-PREFEITO","2020","fim_regular","tce"
"M2012_19887_12_14_150000009641","PB","19887","VICE-PREFEITO","2012","fim_regular","tce"
"M2016_19887_12_20_150000006187","PB","19887","VICE-PREFEITO","2016","fim_regular","tce"
"M2020_19887_12_23_150000653452","PB","19887","VICE-PREFEITO","2020","fim_regular","tce"
"M2012_19909_12_45_150000009136","PB","19909","VICE-PREFEITO","2012","fim_regular","tce"
"M2016_19909_12_25_150000002044","PB","19909","VICE-PREFEITO","2016","fim_regular","tce"
"M2020_19909_12_90_150000741113","PB","19909","VICE-PREFEITO","2020","fim_regular","tce"
"M2012_19917_12_22_150000008075","PB","19917","VICE-PREFEITO","2012","fim_regular","tce"
"M2016_19917_12_22_150000005243","PB","19917","VICE-PREFEITO","2016","fim_regular","tce"
"M2020_19917_12_22_150001087072","PB","19917","VICE-PREFEITO","2020","outro","tce"
"M2012_19925_12_11_150000007019","PB","19925","VICE-PREFEITO","2012","fim_regular","tce"
"M2016_19925_12_55_150000005294","PB","19925","VICE-PREFEITO","2016","fim_regular","tce"
"M2020_19925_12_40_150001133179","PB","19925","VICE-PREFEITO","2020","fim_regular","tce"
"M2016_19933_12_40_150000007051","PB","19933","VICE-PREFEITO","2016","outro","tce"
"M2020_19933_12_90_150000784423","PB","19933","VICE-PREFEITO","2020","fim_regular","tce"
"M2012_19941_12_45_150000001286","PB","19941","VICE-PREFEITO","2012","fim_regular","tce"
"M2016_19941_12_12_150000000812","PB","19941","VICE-PREFEITO","2016","fim_regular","tce"
"M2020_19941_12_12_150000645086","PB","19941","VICE-PREFEITO","2020","fim_regular","tce"
"M2012_19968_12_40_150000004469","PB","19968","VICE-PREFEITO","2012","fim_regular","tce"
"M2016_19968_12_12_150000003072","PB","19968","VICE-PREFEITO","2016","fim_regular","tce"
"M2020_19968_12_25_150000913637","PB","19968","VICE-PREFEITO","2020","fim_regular","tce"
"M2012_19976_12_45_150000002710","PB","19976","VICE-PREFEITO","2012","fim_regular","tce"
"M2016_19976_12_12_150000006820","PB","19976","VICE-PREFEITO","2016","fim_regular","tce"
"M2020_19976_12_12_150000830274","PB","19976","VICE-PREFEITO","2020","outro","tce"
"M2012_19984_12_15_150000007305","PB","19984","VICE-PREFEITO","2012","fim_regular","tce"
"M2016_19984_12_12_150000002078","PB","19984","VICE-PREFEITO","2016","fim_regular","tce"
"M2020_19984_12_10_150001031363","PB","19984","VICE-PREFEITO","2020","fim_regular","tce"
"M2012_19992_12_55_150000003544","PB","19992","VICE-PREFEITO","2012","fim_regular","tce"
"M2016_19992_12_55_150000006426","PB","19992","VICE-PREFEITO","2016","fim_regular","tce"
"M2012_20001_12_40_150000000967","PB","20001","VICE-PREFEITO","2012","fim_regular","tce"
"M2016_20001_12_25_150000001369","PB","20001","VICE-PREFEITO","2016","fim_regular","tce"
"M2020_20001_12_23_150000948778","PB","20001","VICE-PREFEITO","2020","fim_regular","tce"
"M2012_20010_12_15_150000013037","PB","20010","VICE-PREFEITO","2012","fim_regular","tce"
"M2016_20010_12_40_150000004004","PB","20010","VICE-PREFEITO","2016","fim_regular","tce"
"M2020_20010_12_23_150000895812","PB","20010","VICE-PREFEITO","2020","fim_regular","tce"
"M2016_20036_12_17_150000003012","PB","20036","VICE-PREFEITO","2016","fim_regular","tce"
"M2020_20036_12_23_150000687084","PB","20036","VICE-PREFEITO","2020","fim_regular","tce"
"M2012_20052_12_40_150000008818","PB","20052","VICE-PREFEITO","2012","fim_regular","tce"
"M2016_20052_12_40_150000011372","PB","20052","VICE-PREFEITO","2016","fim_regular","tce"
"M2020_20052_12_45_150000815642","PB","20052","VICE-PREFEITO","2020","fim_regular","tce"
"M2012_20079_12_45_150000004628","PB","20079","VICE-PREFEITO","2012","fim_regular","tce"
"M2016_20079_12_45_150000001096","PB","20079","VICE-PREFEITO","2016","fim_regular","tce"
"M2020_20079_12_70_150000729221","PB","20079","VICE-PREFEITO","2020","fim_regular","tce"
"M2012_20117_12_15_150000001629","PB","20117","VICE-PREFEITO","2012","fim_regular","tce"
"M2016_20117_12_15_150000012825","PB","20117","VICE-PREFEITO","2016","fim_regular","tce"
"M2020_20117_12_15_150000691879","PB","20117","VICE-PREFEITO","2020","fim_regular","tce"
"M2012_20133_12_15_150000010472","PB","20133","VICE-PREFEITO","2012","fim_regular","tce"
"M2016_20133_12_45_150000001138","PB","20133","VICE-PREFEITO","2016","fim_regular","tce"
"M2012_20150_12_40_150000002993","PB","20150","VICE-PREFEITO","2012","fim_regular","tce"
"M2016_20150_12_55_150000004552","PB","20150","VICE-PREFEITO","2016","fim_regular","tce"
"M2020_20150_12_55_150000637708","PB","20150","VICE-PREFEITO","2020","fim_regular","tce"
"M2012_20192_12_15_150000001649","PB","20192","VICE-PREFEITO","2012","fim_regular","tce"
"M2016_20192_12_15_150000003332","PB","20192","VICE-PREFEITO","2016","fim_regular","tce"
"M2020_20192_12_23_150000821136","PB","20192","VICE-PREFEITO","2020","fim_regular","tce"
"M2012_20214_12_20_150000015454","PB","20214","VICE-PREFEITO","2012","fim_regular","tce"
"M2016_20214_12_40_150000008865","PB","20214","VICE-PREFEITO","2016","fim_regular","tce"
"M2020_20214_12_11_150000670964","PB","20214","VICE-PREFEITO","2020","fim_regular","tce"
"M2012_20230_12_40_150000001721","PB","20230","VICE-PREFEITO","2012","fim_regular","tce"
"M2016_20230_12_15_150000002207","PB","20230","VICE-PREFEITO","2016","outro","tce"
"M2020_20230_12_15_150000735432","PB","20230","VICE-PREFEITO","2020","fim_regular","tce"
"M2012_20257_12_40_150000001318","PB","20257","VICE-PREFEITO","2012","fim_regular","tce"
"M2016_20257_12_40_150000007218","PB","20257","VICE-PREFEITO","2016","fim_regular","tce"
"M2020_20257_12_23_150000642633","PB","20257","VICE-PREFEITO","2020","fim_regular","tce"
"M2012_20273_12_45_150000001134","PB","20273","VICE-PREFEITO","2012","fim_regular","tce"
"M2020_20273_12_45_150000919166","PB","20273","VICE-PREFEITO","2020","fim_regular","tce"
"M2012_20338_12_13_150000006811","PB","20338","VICE-PREFEITO","2012","fim_regular","tce"
"M2016_20338_12_40_150000009866","PB","20338","VICE-PREFEITO","2016","fim_regular","tce"
"M2020_20338_12_23_150000717483","PB","20338","VICE-PREFEITO","2020","fim_regular","tce"
"M2020_20354_12_55_150000832079","PB","20354","VICE-PREFEITO","2020","fim_regular","tce"
"M2012_20370_12_55_150000007750","PB","20370","VICE-PREFEITO","2012","fim_regular","tce"
"M2016_20370_12_55_150000005366","PB","20370","VICE-PREFEITO","2016","outro","tce"
"M2020_20370_12_12_150000872821","PB","20370","VICE-PREFEITO","2020","fim_regular","tce"
"M2012_20397_12_15_150000012736","PB","20397","VICE-PREFEITO","2012","fim_regular","tce"
"M2016_20397_12_40_150000008243","PB","20397","VICE-PREFEITO","2016","fim_regular","tce"
"M2020_20397_12_23_150000813593","PB","20397","VICE-PREFEITO","2020","fim_regular","tce"
"M2012_20419_12_14_150000015321","PB","20419","VICE-PREFEITO","2012","fim_regular","tce"
"M2020_20419_12_25_150001075039","PB","20419","VICE-PREFEITO","2020","fim_regular","tce"
"M2012_20435_12_25_150000012637","PB","20435","VICE-PREFEITO","2012","fim_regular","tce"
"M2016_20435_12_25_150000007141","PB","20435","VICE-PREFEITO","2016","fim_regular","tce"
"M2020_20435_12_25_150000781630","PB","20435","VICE-PREFEITO","2020","fim_regular","tce"
"M2012_20451_12_15_150000000279","PB","20451","VICE-PREFEITO","2012","fim_regular","tce"
"M2016_20451_12_40_150000006480","PB","20451","VICE-PREFEITO","2016","fim_regular","tce"
"M2012_20478_12_15_150000001832","PB","20478","VICE-PREFEITO","2012","fim_regular","tce"
"M2016_20478_12_15_150000005563","PB","20478","VICE-PREFEITO","2016","fim_regular","tce"
"M2020_20478_12_12_150000769652","PB","20478","VICE-PREFEITO","2020","fim_regular","tce"
"M2012_20494_12_25_150000011558","PB","20494","VICE-PREFEITO","2012","outro","tce"
"M2016_20494_12_11_150000007376","PB","20494","VICE-PREFEITO","2016","fim_regular","tce"
"M2012_20516_12_13_150000003055","PB","20516","VICE-PREFEITO","2012","fim_regular","tce"
"M2016_20516_12_55_150000001569","PB","20516","VICE-PREFEITO","2016","fim_regular","tce"
"M2020_20516_12_11_150000976694","PB","20516","VICE-PREFEITO","2020","fim_regular","tce"
"M2012_20532_12_55_150000004279","PB","20532","VICE-PREFEITO","2012","fim_regular","tce"
"M2016_20532_12_55_150000002323","PB","20532","VICE-PREFEITO","2016","fim_regular","tce"
"M2020_20532_12_77_150000790021","PB","20532","VICE-PREFEITO","2020","fim_regular","tce"
"M2012_20559_12_14_150000011144","PB","20559","VICE-PREFEITO","2012","outro","tce"
"M2016_20559_12_70_150000001527","PB","20559","VICE-PREFEITO","2016","fim_regular","tce"
"M2012_20575_12_55_150000000896","PB","20575","VICE-PREFEITO","2012","fim_regular","tce"
"M2012_20591_12_55_150000007399","PB","20591","VICE-PREFEITO","2012","fim_regular","tce"
"M2016_20591_12_40_150000007290","PB","20591","VICE-PREFEITO","2016","fim_regular","tce"
"M2020_20591_12_45_150000868063","PB","20591","VICE-PREFEITO","2020","fim_regular","tce"
"M2012_20630_12_14_150000007176","PB","20630","VICE-PREFEITO","2012","outro","tce"
"M2016_20630_12_40_150000001272","PB","20630","VICE-PREFEITO","2016","outro","tce"
"M2020_20630_12_10_150000649780","PB","20630","VICE-PREFEITO","2020","fim_regular","tce"
"M2012_20656_12_55_150000001463","PB","20656","VICE-PREFEITO","2012","fim_regular","tce"
"M2016_20656_12_55_150000007686","PB","20656","VICE-PREFEITO","2016","fim_regular","tce"
"M2020_20656_12_55_150000867544","PB","20656","VICE-PREFEITO","2020","fim_regular","tce"
"M2016_20672_12_45_150000004434","PB","20672","VICE-PREFEITO","2016","fim_regular","tce"
"M2012_20699_12_15_150000003634","PB","20699","VICE-PREFEITO","2012","fim_regular","tce"
"M2016_20699_12_45_150000003401","PB","20699","VICE-PREFEITO","2016","fim_regular","tce"
"M2020_20699_12_23_150000724330","PB","20699","VICE-PREFEITO","2020","fim_regular","tce"
"M2012_20737_12_40_150000006138","PB","20737","VICE-PREFEITO","2012","outro","tce"
"M2016_20737_12_40_150000008097","PB","20737","VICE-PREFEITO","2016","fim_regular","tce"
"M2012_20753_12_23_150000000921","PB","20753","VICE-PREFEITO","2012","fim_regular","tce"
"M2016_20753_12_15_150000001597","PB","20753","VICE-PREFEITO","2016","fim_regular","tce"
"M2020_20753_12_10_150000638643","PB","20753","VICE-PREFEITO","2020","fim_regular","tce"
"M2012_20770_12_15_150000003140","PB","20770","VICE-PREFEITO","2012","fim_regular","tce"
"M2016_20770_12_15_150000005967","PB","20770","VICE-PREFEITO","2016","fim_regular","tce"
"M2020_20770_12_12_150001041693","PB","20770","VICE-PREFEITO","2020","fim_regular","tce"
"M2012_20796_12_22_150000004482","PB","20796","VICE-PREFEITO","2012","fim_regular","tce"
"M2016_20796_12_40_150000002896","PB","20796","VICE-PREFEITO","2016","fim_regular","tce"
"M2020_20796_12_23_150000652370","PB","20796","VICE-PREFEITO","2020","fim_regular","tce"
"M2016_20818_12_33_150000002362","PB","20818","VICE-PREFEITO","2016","fim_regular","tce"
"M2020_20818_12_45_150001008517","PB","20818","VICE-PREFEITO","2020","fim_regular","tce"
"M2012_20834_12_40_150000011294","PB","20834","VICE-PREFEITO","2012","fim_regular","tce"
"M2020_20834_12_22_150001248079","PB","20834","VICE-PREFEITO","2020","fim_regular","tce"
"M2012_20850_12_20_150000005573","PB","20850","VICE-PREFEITO","2012","fim_regular","tce"
"M2020_20850_12_45_150000662990","PB","20850","VICE-PREFEITO","2020","outro","tce"
"M2012_20877_12_45_150000007667","PB","20877","VICE-PREFEITO","2012","fim_regular","tce"
"M2016_20877_12_14_150000005777","PB","20877","VICE-PREFEITO","2016","fim_regular","tce"
"M2012_20893_12_22_150000003950","PB","20893","VICE-PREFEITO","2012","fim_regular","tce"
"M2016_20893_12_22_150000005585","PB","20893","VICE-PREFEITO","2016","fim_regular","tce"
"M2020_20893_12_22_150000904055","PB","20893","VICE-PREFEITO","2020","fim_regular","tce"
"M2012_20915_12_40_150000002076","PB","20915","VICE-PREFEITO","2012","fim_regular","tce"
"M2016_20915_12_55_150000001011","PB","20915","VICE-PREFEITO","2016","outro","tce"
"M2020_20915_12_55_150000827231","PB","20915","VICE-PREFEITO","2020","fim_regular","tce"
"M2012_20931_12_25_150000014915","PB","20931","VICE-PREFEITO","2012","fim_regular","tce"
"M2016_20931_12_15_150000006584","PB","20931","VICE-PREFEITO","2016","fim_regular","tce"
"M2020_20931_12_15_150000763802","PB","20931","VICE-PREFEITO","2020","fim_regular","tce"
"M2012_20958_12_45_150000000684","PB","20958","VICE-PREFEITO","2012","fim_regular","tce"
"M2016_20958_12_45_150000012024","PB","20958","VICE-PREFEITO","2016","fim_regular","tce"
"M2020_20958_12_22_150000718885","PB","20958","VICE-PREFEITO","2020","fim_regular","tce"
"M2012_20974_12_40_150000004449","PB","20974","VICE-PREFEITO","2012","fim_regular","tce"
"M2016_20974_12_14_150000008096","PB","20974","VICE-PREFEITO","2016","fim_regular","tce"
"M2020_20974_12_14_150000666239","PB","20974","VICE-PREFEITO","2020","fim_regular","tce"
"M2012_20990_12_22_150000009326","PB","20990","VICE-PREFEITO","2012","fim_regular","tce"
"M2016_20990_12_15_150000010652","PB","20990","VICE-PREFEITO","2016","fim_regular","tce"
"M2020_20990_12_45_150001214111","PB","20990","VICE-PREFEITO","2020","fim_regular","tce"
"M2012_21032_12_25_150000015113","PB","21032","VICE-PREFEITO","2012","fim_regular","tce"
"M2016_21032_12_40_150000002042","PB","21032","VICE-PREFEITO","2016","fim_regular","tce"
"M2020_21032_12_23_150001265356","PB","21032","VICE-PREFEITO","2020","fim_regular","tce"
"M2012_21075_12_22_150000002593","PB","21075","VICE-PREFEITO","2012","fim_regular","tce"
"M2020_21075_12_23_150000770148","PB","21075","VICE-PREFEITO","2020","fim_regular","tce"
"M2012_21113_12_15_150000012017","PB","21113","VICE-PREFEITO","2012","fim_regular","tce"
"M2012_21130_12_55_150000000074","PB","21130","VICE-PREFEITO","2012","fim_regular","tce"
"M2016_21130_12_55_150000006050","PB","21130","VICE-PREFEITO","2016","fim_regular","tce"
"M2020_21130_12_25_150000825634","PB","21130","VICE-PREFEITO","2020","fim_regular","tce"
"M2012_21156_12_15_150000000293","PB","21156","VICE-PREFEITO","2012","fim_regular","tce"
"M2020_21156_12_70_150000858981","PB","21156","VICE-PREFEITO","2020","fim_regular","tce"
"M2012_21172_12_15_150000010712","PB","21172","VICE-PREFEITO","2012","fim_regular","tce"
"M2016_21172_12_45_150000006501","PB","21172","VICE-PREFEITO","2016","outro","tce"
"M2012_21199_12_14_150000002016","PB","21199","VICE-PREFEITO","2012","fim_regular","tce"
"M2016_21199_12_22_150000001524","PB","21199","VICE-PREFEITO","2016","fim_regular","tce"
"M2020_21199_12_22_150000816533","PB","21199","VICE-PREFEITO","2020","fim_regular","tce"
"M2016_21210_12_22_150000001521","PB","21210","VICE-PREFEITO","2016","fim_regular","tce"
"M2020_21210_12_22_150000727936","PB","21210","VICE-PREFEITO","2020","fim_regular","tce"
"M2012_21237_12_40_150000002108","PB","21237","VICE-PREFEITO","2012","fim_regular","tce"
"M2016_21237_12_55_150000006075","PB","21237","VICE-PREFEITO","2016","fim_regular","tce"
"M2020_21237_12_25_150001065205","PB","21237","VICE-PREFEITO","2020","fim_regular","tce"
"M2012_21253_12_40_150000010341","PB","21253","VICE-PREFEITO","2012","fim_regular","tce"
"M2016_21253_12_40_150000003665","PB","21253","VICE-PREFEITO","2016","fim_regular","tce"
"M2020_21253_12_77_150000865681","PB","21253","VICE-PREFEITO","2020","outro","tce"
"M2012_21270_12_25_150000011610","PB","21270","VICE-PREFEITO","2012","fim_regular","tce"
"M2020_21270_12_11_150001027625","PB","21270","VICE-PREFEITO","2020","outro","tce"
"M2012_21296_12_25_150000007545","PB","21296","VICE-PREFEITO","2012","fim_regular","tce"
"M2016_21296_12_13_150000001988","PB","21296","VICE-PREFEITO","2016","fim_regular","tce"
"M2020_21296_12_13_150000636994","PB","21296","VICE-PREFEITO","2020","fim_regular","tce"
"M2012_21377_12_40_150000005118","PB","21377","VICE-PREFEITO","2012","fim_regular","tce"
"M2016_21377_12_45_150000009214","PB","21377","VICE-PREFEITO","2016","fim_regular","tce"
"M2012_21393_12_55_150000012217","PB","21393","VICE-PREFEITO","2012","fim_regular","tce"
"M2016_21393_12_55_150000009628","PB","21393","VICE-PREFEITO","2016","fim_regular","tce"
"M2020_21393_12_12_150001084881","PB","21393","VICE-PREFEITO","2020","outro","tce"
"M2012_21415_12_33_150000006975","PB","21415","VICE-PREFEITO","2012","fim_regular","tce"
"M2016_21415_12_14_150000011340","PB","21415","VICE-PREFEITO","2016","fim_regular","tce"
"M2020_21415_12_70_150000828588","PB","21415","VICE-PREFEITO","2020","fim_regular","tce"
"M2012_21431_12_13_150000004333","PB","21431","VICE-PREFEITO","2012","fim_regular","tce"
"M2016_21431_12_15_150000006594","PB","21431","VICE-PREFEITO","2016","fim_regular","tce"
"M2020_21431_12_15_150000872246","PB","21431","VICE-PREFEITO","2020","fim_regular","tce"
"M2012_21458_12_15_150000011697","PB","21458","VICE-PREFEITO","2012","fim_regular","tce"
"M2016_21458_12_15_150000007633","PB","21458","VICE-PREFEITO","2016","fim_regular","tce"
"M2020_21458_12_23_150000656477","PB","21458","VICE-PREFEITO","2020","fim_regular","tce"
"M2016_21474_12_40_150000009137","PB","21474","VICE-PREFEITO","2016","fim_regular","tce"
"M2020_21474_12_23_150001156864","PB","21474","VICE-PREFEITO","2020","fim_regular","tce"
"M2016_21512_12_40_150000005587","PB","21512","VICE-PREFEITO","2016","fim_regular","tce"
"M2020_21512_12_14_150000644360","PB","21512","VICE-PREFEITO","2020","fim_regular","tce"
"M2016_21539_12_15_150000003805","PB","21539","VICE-PREFEITO","2016","outro","tce"
"M2012_21555_12_40_150000009047","PB","21555","VICE-PREFEITO","2012","fim_regular","tce"
"M2016_21555_12_40_150000009432","PB","21555","VICE-PREFEITO","2016","outro","tce"
"M2020_21555_12_12_150000959526","PB","21555","VICE-PREFEITO","2020","fim_regular","tce"
"M2012_21571_12_11_150000012935","PB","21571","VICE-PREFEITO","2012","fim_regular","tce"
"M2016_21571_12_11_150000002577","PB","21571","VICE-PREFEITO","2016","fim_regular","tce"
"M2020_21571_12_11_150000719905","PB","21571","VICE-PREFEITO","2020","fim_regular","tce"
"M2012_21598_12_15_150000012657","PB","21598","VICE-PREFEITO","2012","fim_regular","tce"
"M2016_21598_12_40_150000006271","PB","21598","VICE-PREFEITO","2016","fim_regular","tce"
"M2020_21598_12_11_150001185454","PB","21598","VICE-PREFEITO","2020","fim_regular","tce"
"M2012_21610_12_45_150000009270","PB","21610","VICE-PREFEITO","2012","fim_regular","tce"
"M2016_21610_12_45_150000002768","PB","21610","VICE-PREFEITO","2016","fim_regular","tce"
"M2020_21610_12_45_150001073853","PB","21610","VICE-PREFEITO","2020","fim_regular","tce"
"M2012_21636_12_25_150000015345","PB","21636","VICE-PREFEITO","2012","fim_regular","tce"
"M2016_21636_12_25_150000002707","PB","21636","VICE-PREFEITO","2016","fim_regular","tce"
"M2020_21636_12_55_150000904236","PB","21636","VICE-PREFEITO","2020","fim_regular","tce"
"M2012_21652_12_13_150000002476","PB","21652","VICE-PREFEITO","2012","fim_regular","tce"
"M2016_21652_12_40_150000007804","PB","21652","VICE-PREFEITO","2016","fim_regular","tce"
"M2020_21652_12_22_150000802932","PB","21652","VICE-PREFEITO","2020","fim_regular","tce"
"M2012_21679_12_55_150000006305","PB","21679","VICE-PREFEITO","2012","fim_regular","tce"
"M2016_21679_12_55_150000008984","PB","21679","VICE-PREFEITO","2016","fim_regular","tce"
"M2020_21679_12_23_150000871849","PB","21679","VICE-PREFEITO","2020","fim_regular","tce"
"M2012_21695_12_25_150000001088","PB","21695","VICE-PREFEITO","2012","fim_regular","tce"
"M2016_21695_12_15_150000005569","PB","21695","VICE-PREFEITO","2016","fim_regular","tce"
"M2020_21695_12_15_150000760272","PB","21695","VICE-PREFEITO","2020","fim_regular","tce"
"M2012_21717_12_14_150000002656","PB","21717","VICE-PREFEITO","2012","fim_regular","tce"
"M2016_21717_12_45_150000011436","PB","21717","VICE-PREFEITO","2016","fim_regular","tce"
"M2020_21717_12_70_150000643100","PB","21717","VICE-PREFEITO","2020","fim_regular","tce"
"M2012_21733_12_13_150000003832","PB","21733","VICE-PREFEITO","2012","fim_regular","tce"
"M2016_21733_12_40_150000002662","PB","21733","VICE-PREFEITO","2016","fim_regular","tce"
"M2020_21733_12_23_150000848291","PB","21733","VICE-PREFEITO","2020","fim_regular","tce"
"M2012_21750_12_44_150000006898","PB","21750","VICE-PREFEITO","2012","outro","tce"
"M2016_21750_12_45_150000011210","PB","21750","VICE-PREFEITO","2016","fim_regular","tce"
"M2020_21750_12_11_150000842794","PB","21750","VICE-PREFEITO","2020","fim_regular","tce"
"M2012_21776_12_10_150000007191","PB","21776","VICE-PREFEITO","2012","fim_regular","tce"
"M2016_21776_12_45_150000008642","PB","21776","VICE-PREFEITO","2016","fim_regular","tce"
"M2020_21776_12_10_150001073289","PB","21776","VICE-PREFEITO","2020","fim_regular","tce"
"M2012_21792_12_22_150000000759","PB","21792","VICE-PREFEITO","2012","fim_regular","tce"
"M2016_21792_12_25_150000001033","PB","21792","VICE-PREFEITO","2016","fim_regular","tce"
"M2020_21792_12_23_150000683858","PB","21792","VICE-PREFEITO","2020","fim_regular","tce"
"M2012_21814_12_22_150000008734","PB","21814","VICE-PREFEITO","2012","outro","tce"
"M2016_21814_12_25_150000009894","PB","21814","VICE-PREFEITO","2016","outro","tce"
"M2020_21814_12_25_150000765223","PB","21814","VICE-PREFEITO","2020","fim_regular","tce"
"M2012_21830_12_33_150000002753","PB","21830","VICE-PREFEITO","2012","fim_regular","tce"
"M2016_21830_12_40_150000013274","PB","21830","VICE-PREFEITO","2016","fim_regular","tce"
"M2020_21830_12_10_150000675570","PB","21830","VICE-PREFEITO","2020","fim_regular","tce"
"M2012_21857_12_25_150000006900","PB","21857","VICE-PREFEITO","2012","fim_regular","tce"
"M2016_21857_12_55_150000008320","PB","21857","VICE-PREFEITO","2016","fim_regular","tce"
"M2020_21873_12_22_150000644174","PB","21873","VICE-PREFEITO","2020","fim_regular","tce"
"M2012_21890_12_45_150000001298","PB","21890","VICE-PREFEITO","2012","outro","tce"
"M2016_21890_12_40_150000007741","PB","21890","VICE-PREFEITO","2016","fim_regular","tce"
"M2020_21890_12_11_150000757139","PB","21890","VICE-PREFEITO","2020","fim_regular","tce"
"M2012_21911_12_15_150000008035","PB","21911","VICE-PREFEITO","2012","fim_regular","tce"
"M2016_21911_12_40_150000012720","PB","21911","VICE-PREFEITO","2016","fim_regular","tce"
"M2020_21911_12_23_150000728918","PB","21911","VICE-PREFEITO","2020","outro","tce"
"M2012_21938_12_15_150000004388","PB","21938","VICE-PREFEITO","2012","fim_regular","tce"
"M2016_21938_12_15_150000003252","PB","21938","VICE-PREFEITO","2016","fim_regular","tce"
"M2020_21938_12_10_150000741775","PB","21938","VICE-PREFEITO","2020","fim_regular","tce"
"M2012_21954_12_45_150000008822","PB","21954","VICE-PREFEITO","2012","fim_regular","tce"
"M2016_21954_12_25_150000003288","PB","21954","VICE-PREFEITO","2016","fim_regular","tce"
"M2020_21954_12_25_150000659345","PB","21954","VICE-PREFEITO","2020","fim_regular","tce"
"M2012_21970_12_40_150000002189","PB","21970","VICE-PREFEITO","2012","fim_regular","tce"
"M2016_21970_12_40_150000006369","PB","21970","VICE-PREFEITO","2016","fim_regular","tce"
"M2020_21970_12_22_150000659799","PB","21970","VICE-PREFEITO","2020","fim_regular","tce"
"M2012_21997_12_25_150000001800","PB","21997","VICE-PREFEITO","2012","fim_regular","tce"
"M2016_21997_12_25_150000001867","PB","21997","VICE-PREFEITO","2016","fim_regular","tce"
"M2012_22012_12_15_150000000462","PB","22012","VICE-PREFEITO","2012","fim_regular","tce"
"M2016_22012_12_15_150000005693","PB","22012","VICE-PREFEITO","2016","fim_regular","tce"
"M2020_22012_12_45_150000694787","PB","22012","VICE-PREFEITO","2020","fim_regular","tce"
"M2012_22039_12_15_150000010185","PB","22039","VICE-PREFEITO","2012","fim_regular","tce"
"M2012_22055_12_25_150000006791","PB","22055","VICE-PREFEITO","2012","fim_regular","tce"
"M2016_22055_12_25_150000008925","PB","22055","VICE-PREFEITO","2016","fim_regular","tce"
"M2020_22055_12_25_150001272753","PB","22055","VICE-PREFEITO","2020","fim_regular","tce"
"M2012_22071_12_40_150000011990","PB","22071","VICE-PREFEITO","2012","fim_regular","tce"
"M2016_22071_12_40_150000010892","PB","22071","VICE-PREFEITO","2016","fim_regular","tce"
"M2020_22071_12_19_150000838341","PB","22071","VICE-PREFEITO","2020","fim_regular","tce"
"M2012_22098_12_25_150000011970","PB","22098","VICE-PREFEITO","2012","fim_regular","tce"
"M2016_22098_12_40_150000006676","PB","22098","VICE-PREFEITO","2016","fim_regular","tce"
"M2020_22098_12_55_150000688652","PB","22098","VICE-PREFEITO","2020","fim_regular","tce"
"M2012_22110_12_15_150000009665","PB","22110","VICE-PREFEITO","2012","fim_regular","tce"
"M2016_22110_12_12_150000008084","PB","22110","VICE-PREFEITO","2016","fim_regular","tce"
"M2020_22110_12_11_150001098689","PB","22110","VICE-PREFEITO","2020","outro","tce"
"M2012_22136_12_55_150000015437","PB","22136","VICE-PREFEITO","2012","fim_regular","tce"
"M2016_22136_12_14_150000002291","PB","22136","VICE-PREFEITO","2016","outro","tce"
"M2020_22136_12_23_150000638685","PB","22136","VICE-PREFEITO","2020","fim_regular","tce"
"M2012_22152_12_40_150000007279","PB","22152","VICE-PREFEITO","2012","fim_regular","tce"
"M2016_22152_12_45_150000002193","PB","22152","VICE-PREFEITO","2016","fim_regular","tce"
"M2020_22152_12_22_150000769030","PB","22152","VICE-PREFEITO","2020","fim_regular","tce"
"M2012_22179_12_45_150000004691","PB","22179","VICE-PREFEITO","2012","fim_regular","tce"
"M2016_22179_12_55_150000002680","PB","22179","VICE-PREFEITO","2016","fim_regular","tce"
"M2020_22179_12_22_150000673050","PB","22179","VICE-PREFEITO","2020","fim_regular","tce"
"M2012_22217_12_23_150000010355","PB","22217","VICE-PREFEITO","2012","fim_regular","tce"
"M2016_22217_12_25_150000001432","PB","22217","VICE-PREFEITO","2016","fim_regular","tce"
"M2020_22217_12_25_150000634563","PB","22217","VICE-PREFEITO","2020","fim_regular","tce"
"M2012_22233_12_13_150000008820","PB","22233","VICE-PREFEITO","2012","fim_regular","tce"
"M2016_22233_12_11_150000013309","PB","22233","VICE-PREFEITO","2016","fim_regular","tce"
"M2020_22233_12_11_150000976852","PB","22233","VICE-PREFEITO","2020","fim_regular","tce"
"M2012_22250_12_15_150000005803","PB","22250","VICE-PREFEITO","2012","outro","tce"
"M2016_22250_12_40_150000007359","PB","22250","VICE-PREFEITO","2016","fim_regular","tce"
"M2020_22250_12_23_150000681514","PB","22250","VICE-PREFEITO","2020","fim_regular","tce"
"M2020_22276_12_22_150000797674","PB","22276","VICE-PREFEITO","2020","fim_regular","tce"
"M2016_22292_12_15_150000007426","PB","22292","VICE-PREFEITO","2016","fim_regular","tce"
"M2020_22292_12_12_150000655210","PB","22292","VICE-PREFEITO","2020","fim_regular","tce"
"M2012_22314_12_15_150000010140","PB","22314","VICE-PREFEITO","2012","fim_regular","tce"
"M2016_22314_12_15_150000003120","PB","22314","VICE-PREFEITO","2016","outro","tce"
"M2020_22314_12_45_150001187027","PB","22314","VICE-PREFEITO","2020","fim_regular","tce"
"M2012_22330_12_15_150000008755","PB","22330","VICE-PREFEITO","2012","fim_regular","tce"
"M2016_22330_12_15_150000002319","PB","22330","VICE-PREFEITO","2016","fim_regular","tce"
"M2020_22330_12_10_150001199041","PB","22330","VICE-PREFEITO","2020","fim_regular","tce"
"M2012_22357_12_15_150000008200","PB","22357","VICE-PREFEITO","2012","fim_regular","tce"
"M2016_22357_12_15_150000002709","PB","22357","VICE-PREFEITO","2016","fim_regular","tce"
"M2020_22357_12_12_150000638553","PB","22357","VICE-PREFEITO","2020","fim_regular","tce"
"M2012_22373_12_15_150000003978","PB","22373","VICE-PREFEITO","2012","fim_regular","tce"
"M2020_22373_12_11_150000815307","PB","22373","VICE-PREFEITO","2020","fim_regular","tce"
"M2012_22390_12_40_150000001675","PB","22390","VICE-PREFEITO","2012","fim_regular","tce"
"M2016_22390_12_45_150000008919","PB","22390","VICE-PREFEITO","2016","outro","tce"
"M2012_22411_12_25_150000005492","PB","22411","VICE-PREFEITO","2012","fim_regular","tce"
"M2016_22411_12_40_150000002342","PB","22411","VICE-PREFEITO","2016","fim_regular","tce"
"M2020_22411_12_23_150000795015","PB","22411","VICE-PREFEITO","2020","fim_regular","tce"
"M2012_22438_12_25_150000001428","PB","22438","VICE-PREFEITO","2012","fim_regular","tce"
"M2016_22438_12_25_150000001048","PB","22438","VICE-PREFEITO","2016","fim_regular","tce"
"M2020_22438_12_25_150000648003","PB","22438","VICE-PREFEITO","2020","fim_regular","tce"
"M2016_23000_12_22_170000012792","PE","23000","VICE-PREFEITO","2016","fim_regular","tce"
"M2020_23000_12_70_170001086865","PE","23000","VICE-PREFEITO","2020","fim_regular","tce"
"M2012_23019_12_40_170000012204","PE","23019","VICE-PREFEITO","2012","fim_regular","tce"
"M2016_23019_12_40_170000008941","PE","23019","VICE-PREFEITO","2016","fim_regular","tce"
"M2020_23019_12_40_170000996192","PE","23019","VICE-PREFEITO","2020","fim_regular","tce"
"M2016_23035_12_15_170000004213","PE","23035","VICE-PREFEITO","2016","fim_regular","tce"
"M2020_23035_12_40_170000778561","PE","23035","VICE-PREFEITO","2020","fim_regular","tce"
"M2016_23043_12_14_170000003667","PE","23043","VICE-PREFEITO","2016","fim_regular","tce"
"M2020_23043_12_11_170001186005","PE","23043","VICE-PREFEITO","2020","fim_regular","tce"
"M2012_23051_12_12_170000006170","PE","23051","VICE-PREFEITO","2012","fim_regular","tce"
"M2016_23051_12_15_170000002106","PE","23051","VICE-PREFEITO","2016","outro","tce"
"M2020_23051_12_40_170001107046","PE","23051","VICE-PREFEITO","2020","fim_regular","tce"
"M2016_23078_12_40_170000016873","PE","23078","VICE-PREFEITO","2016","fim_regular","tce"
"M2020_23078_12_40_170001140887","PE","23078","VICE-PREFEITO","2020","fim_regular","tce"
"M2012_23086_12_13_170000012404","PE","23086","VICE-PREFEITO","2012","fim_regular","tce"
"M2016_23086_12_15_170000001315","PE","23086","VICE-PREFEITO","2016","outro","tce"
"M2020_23086_12_15_170000675213","PE","23086","VICE-PREFEITO","2020","fim_regular","tce"
"M2012_23094_12_13_170000006959","PE","23094","VICE-PREFEITO","2012","fim_regular","tce"
"M2016_23094_12_13_170000007135","PE","23094","VICE-PREFEITO","2016","fim_regular","tce"
"M2020_23094_12_13_170000800895","PE","23094","VICE-PREFEITO","2020","fim_regular","tce"
"M2012_23108_12_22_170000000517","PE","23108","VICE-PREFEITO","2012","fim_regular","tce"
"M2012_23116_12_14_170000000910","PE","23116","VICE-PREFEITO","2012","fim_regular","tce"
"M2016_23116_12_40_170000001403","PE","23116","VICE-PREFEITO","2016","fim_regular","tce"
"M2020_23116_12_40_170001041694","PE","23116","VICE-PREFEITO","2020","fim_regular","tce"
"M2016_23124_12_40_170000004223","PE","23124","VICE-PREFEITO","2016","fim_regular","tce"
"M2020_23124_12_40_170001123045","PE","23124","VICE-PREFEITO","2020","fim_regular","tce"
"M2012_23159_12_55_170000000292","PE","23159","VICE-PREFEITO","2012","fim_regular","tce"
"M2016_23159_12_40_170000015111","PE","23159","VICE-PREFEITO","2016","fim_regular","tce"
"M2020_23159_12_40_170001215143","PE","23159","VICE-PREFEITO","2020","falecimento","tce"
"M2020_23167_12_15_170000739466","PE","23167","VICE-PREFEITO","2020","fim_regular","tce"
"M2012_23175_12_22_170000007972","PE","23175","VICE-PREFEITO","2012","fim_regular","tce"
"M2016_23175_12_22_170000006445","PE","23175","VICE-PREFEITO","2016","fim_regular","tce"
"M2016_23183_12_15_170000004390","PE","23183","VICE-PREFEITO","2016","fim_regular","tce"
"M2020_23183_12_15_170000940019","PE","23183","VICE-PREFEITO","2020","fim_regular","tce"
"M2012_23191_12_55_170000012711","PE","23191","VICE-PREFEITO","2012","fim_regular","tce"
"M2016_23191_12_40_170000022559","PE","23191","VICE-PREFEITO","2016","fim_regular","tce"
"M2020_23191_12_40_170001032879","PE","23191","VICE-PREFEITO","2020","fim_regular","tce"
"M2012_23205_12_12_170000014780","PE","23205","VICE-PREFEITO","2012","fim_regular","tce"
"M2016_23205_12_12_170000018724","PE","23205","VICE-PREFEITO","2016","fim_regular","tce"
"M2020_23205_12_25_170001193296","PE","23205","VICE-PREFEITO","2020","fim_regular","tce"
"M2016_23221_12_40_170000010051","PE","23221","VICE-PREFEITO","2016","fim_regular","tce"
"M2020_23221_12_25_170000792700","PE","23221","VICE-PREFEITO","2020","fim_regular","tce"
"M2024_23221_12_44_170002014474","PE","23221","VICE-PREFEITO","2024","outro","tce"
"M2020_23230_12_15_170000800183","PE","23230","VICE-PREFEITO","2020","outro","tce"
"M2012_23248_12_45_170000008414","PE","23248","VICE-PREFEITO","2012","fim_regular","tce"
"M2012_23256_12_11_170000008528","PE","23256","VICE-PREFEITO","2012","fim_regular","tce"
"M2016_23256_12_77_170000007183","PE","23256","VICE-PREFEITO","2016","fim_regular","tce"
"M2016_23272_12_12_170000023066","PE","23272","VICE-PREFEITO","2016","fim_regular","tce"
"M2020_23272_12_11_170001119844","PE","23272","VICE-PREFEITO","2020","fim_regular","tce"
"M2012_23280_12_55_170000006116","PE","23280","VICE-PREFEITO","2012","fim_regular","tce"
"M2016_23280_12_40_170000022741","PE","23280","VICE-PREFEITO","2016","fim_regular","tce"
"M2020_23280_12_10_170001075306","PE","23280","VICE-PREFEITO","2020","fim_regular","tce"
"M2016_23299_12_14_170000016987","PE","23299","VICE-PREFEITO","2016","fim_regular","tce"
"M2020_23299_12_10_170000743072","PE","23299","VICE-PREFEITO","2020","fim_regular","tce"
"M2020_23302_12_55_170000691068","PE","23302","VICE-PREFEITO","2020","fim_regular","tce"
"M2012_23310_12_40_170000006980","PE","23310","VICE-PREFEITO","2012","outro","tce"
"M2016_23310_12_55_170000008142","PE","23310","VICE-PREFEITO","2016","fim_regular","tce"
"M2020_23310_12_15_170000778244","PE","23310","VICE-PREFEITO","2020","fim_regular","tce"
"M2016_23329_12_33_170000001829","PE","23329","VICE-PREFEITO","2016","fim_regular","tce"
"M2020_23329_12_55_170000702855","PE","23329","VICE-PREFEITO","2020","fim_regular","tce"
"M2020_23337_12_25_170001265894","PE","23337","VICE-PREFEITO","2020","fim_regular","tce"
"M2020_23353_12_10_170000764798","PE","23353","VICE-PREFEITO","2020","fim_regular","tce"
"M2020_23370_12_25_170001092339","PE","23370","VICE-PREFEITO","2020","fim_regular","tce"
"M2016_23396_12_25_170000007828","PE","23396","VICE-PREFEITO","2016","fim_regular","tce"
"M2020_23396_12_40_170001273648","PE","23396","VICE-PREFEITO","2020","fim_regular","tce"
"M2012_23418_12_45_170000004596","PE","23418","VICE-PREFEITO","2012","fim_regular","tce"
"M2016_23418_12_40_170000006781","PE","23418","VICE-PREFEITO","2016","fim_regular","tce"
"M2020_23418_12_40_170000771740","PE","23418","VICE-PREFEITO","2020","fim_regular","tce"
"M2012_23434_12_11_170000002351","PE","23434","VICE-PREFEITO","2012","fim_regular","tce"
"M2016_23434_12_55_170000003249","PE","23434","VICE-PREFEITO","2016","fim_regular","tce"
"M2020_23434_12_22_170001273532","PE","23434","VICE-PREFEITO","2020","fim_regular","tce"
"M2024_23434_12_44_170001993467","PE","23434","VICE-PREFEITO","2024","outro","tce"
"M2016_23477_12_40_170000009189","PE","23477","VICE-PREFEITO","2016","outro","tce"
"M2012_23493_12_40_170000013303","PE","23493","VICE-PREFEITO","2012","outro","tce"
"M2016_23493_12_40_170000007771","PE","23493","VICE-PREFEITO","2016","outro","tce"
"M2020_23515_12_22_170001145119","PE","23515","VICE-PREFEITO","2020","fim_regular","tce"
"M2020_23531_12_55_170000822018","PE","23531","VICE-PREFEITO","2020","fim_regular","tce"
"M2024_23531_12_11_170001915077","PE","23531","VICE-PREFEITO","2024","outro","tce"
"M2012_23558_12_55_170000019102","PE","23558","VICE-PREFEITO","2012","fim_regular","tce"
"M2016_23558_12_15_170000007185","PE","23558","VICE-PREFEITO","2016","outro","tce"
"M2020_23558_12_15_170000761021","PE","23558","VICE-PREFEITO","2020","fim_regular","tce"
"M2012_23574_12_40_170000018749","PE","23574","VICE-PREFEITO","2012","fim_regular","tce"
"M2016_23574_12_40_170000001134","PE","23574","VICE-PREFEITO","2016","fim_regular","tce"
"M2020_23574_12_22_170000671116","PE","23574","VICE-PREFEITO","2020","fim_regular","tce"
"M2016_23590_12_15_170000010277","PE","23590","VICE-PREFEITO","2016","fim_regular","tce"
"M2020_23590_12_70_170001198372","PE","23590","VICE-PREFEITO","2020","fim_regular","tce"
"M2016_23639_12_14_170000004061","PE","23639","VICE-PREFEITO","2016","fim_regular","tce"
"M2016_23671_12_13_170000006298","PE","23671","VICE-PREFEITO","2016","fim_regular","tce"
"M2020_23671_12_70_170001207349","PE","23671","VICE-PREFEITO","2020","fim_regular","tce"
"M2012_23698_12_14_170000000187","PE","23698","VICE-PREFEITO","2012","fim_regular","tce"
"M2020_23698_12_55_170001262918","PE","23698","VICE-PREFEITO","2020","fim_regular","tce"
"M2016_23736_12_55_170000009849","PE","23736","VICE-PREFEITO","2016","outro","tce"
"M2020_23736_12_25_170000797395","PE","23736","VICE-PREFEITO","2020","fim_regular","tce"
"M2016_23752_12_40_170000007235","PE","23752","VICE-PREFEITO","2016","fim_regular","tce"
"M2020_23752_12_40_170000938376","PE","23752","VICE-PREFEITO","2020","fim_regular","tce"
"M2012_23779_12_40_170000002657","PE","23779","VICE-PREFEITO","2012","fim_regular","tce"
"M2016_23833_12_55_170000022457","PE","23833","VICE-PREFEITO","2016","fim_regular","tce"
"M2020_23833_12_14_170001166715","PE","23833","VICE-PREFEITO","2020","fim_regular","tce"
"M2024_23833_12_45_170001950652","PE","23833","VICE-PREFEITO","2024","outro","tce"
"M2016_23850_12_22_170000023027","PE","23850","VICE-PREFEITO","2016","fim_regular","tce"
"M2020_23850_12_15_170000976031","PE","23850","VICE-PREFEITO","2020","fim_regular","tce"
"M2016_23876_12_40_170000023024","PE","23876","VICE-PREFEITO","2016","fim_regular","tce"
"M2020_23876_12_40_170000804588","PE","23876","VICE-PREFEITO","2020","fim_regular","tce"
"M2012_23892_12_11_170000018066","PE","23892","VICE-PREFEITO","2012","fim_regular","tce"
"M2012_23914_12_45_170000008094","PE","23914","VICE-PREFEITO","2012","fim_regular","tce"
"M2020_23930_12_40_170000677408","PE","23930","VICE-PREFEITO","2020","fim_regular","tce"
"M2016_23957_12_40_170000021920","PE","23957","VICE-PREFEITO","2016","fim_regular","tce"
"M2016_23973_12_36_170000009765","PE","23973","VICE-PREFEITO","2016","fim_regular","tce"
"M2020_23973_12_11_170001198774","PE","23973","VICE-PREFEITO","2020","outro","tce"
"M2016_23990_12_25_170000016324","PE","23990","VICE-PREFEITO","2016","outro","tce"
"M2020_23990_12_25_170000833248","PE","23990","VICE-PREFEITO","2020","fim_regular","tce"
"M2012_24031_12_40_170000007200","PE","24031","VICE-PREFEITO","2012","fim_regular","tce"
"M2016_24031_12_40_170000014491","PE","24031","VICE-PREFEITO","2016","fim_regular","tce"
"M2016_24058_12_22_170000003636","PE","24058","VICE-PREFEITO","2016","fim_regular","tce"
"M2012_24074_12_40_170000015792","PE","24074","VICE-PREFEITO","2012","fim_regular","tce"
"M2016_24074_12_55_170000001136","PE","24074","VICE-PREFEITO","2016","outro","tce"
"M2020_24074_12_55_170000802791","PE","24074","VICE-PREFEITO","2020","fim_regular","tce"
"M2024_24074_12_55_170001881154","PE","24074","VICE-PREFEITO","2024","outro","tce"
"M2016_24090_12_15_170000001123","PE","24090","VICE-PREFEITO","2016","fim_regular","tce"
"M2012_24139_12_40_170000012618","PE","24139","VICE-PREFEITO","2012","fim_regular","tce"
"M2020_24139_12_40_170000885598","PE","24139","VICE-PREFEITO","2020","fim_regular","tce"
"M2016_24155_12_40_170000017483","PE","24155","VICE-PREFEITO","2016","fim_regular","tce"
"M2020_24155_12_40_170000806292","PE","24155","VICE-PREFEITO","2020","fim_regular","tce"
"M2020_24171_12_22_170000734893","PE","24171","VICE-PREFEITO","2020","fim_regular","tce"
"M2012_24198_12_14_170000012145","PE","24198","VICE-PREFEITO","2012","fim_regular","tce"
"M2020_24198_12_40_170000958413","PE","24198","VICE-PREFEITO","2020","fim_regular","tce"
"M2020_24210_12_55_170000890702","PE","24210","VICE-PREFEITO","2020","fim_regular","tce"
"M2020_24236_12_17_170001264991","PE","24236","VICE-PREFEITO","2020","fim_regular","tce"
"M2012_24252_12_12_170000004242","PE","24252","VICE-PREFEITO","2012","fim_regular","tce"
"M2016_24252_12_13_170000002120","PE","24252","VICE-PREFEITO","2016","fim_regular","tce"
"M2020_24252_12_13_170000867356","PE","24252","VICE-PREFEITO","2020","fim_regular","tce"
"M2012_24279_12_14_170000003591","PE","24279","VICE-PREFEITO","2012","fim_regular","tce"
"M2016_24279_12_45_170000017726","PE","24279","VICE-PREFEITO","2016","fim_regular","tce"
"M2020_24279_12_40_170000982843","PE","24279","VICE-PREFEITO","2020","fim_regular","tce"
"M2012_24295_12_14_170000010238","PE","24295","VICE-PREFEITO","2012","fim_regular","tce"
"M2012_24317_12_11_170000015712","PE","24317","VICE-PREFEITO","2012","fim_regular","tce"
"M2016_24317_12_11_170000004501","PE","24317","VICE-PREFEITO","2016","fim_regular","tce"
"M2020_24317_12_65_170001188905","PE","24317","VICE-PREFEITO","2020","fim_regular","tce"
"M2012_24333_12_13_170000015663","PE","24333","VICE-PREFEITO","2012","fim_regular","tce"
"M2016_24333_12_40_170000008249","PE","24333","VICE-PREFEITO","2016","fim_regular","tce"
"M2020_24333_12_10_170000739846","PE","24333","VICE-PREFEITO","2020","fim_regular","tce"
"M2020_24350_12_14_170000690134","PE","24350","VICE-PREFEITO","2020","fim_regular","tce"
"M2016_24376_12_40_170000006499","PE","24376","VICE-PREFEITO","2016","fim_regular","tce"
"M2020_24376_12_40_170000804358","PE","24376","VICE-PREFEITO","2020","fim_regular","tce"
"M2016_24392_12_22_170000007751","PE","24392","VICE-PREFEITO","2016","fim_regular","tce"
"M2020_24392_12_55_170000802086","PE","24392","VICE-PREFEITO","2020","fim_regular","tce"
"M2020_24414_12_40_170000643507","PE","24414","VICE-PREFEITO","2020","fim_regular","tce"
"M2020_24430_12_14_170000718889","PE","24430","VICE-PREFEITO","2020","fim_regular","tce"
"M2020_24473_12_15_170000888588","PE","24473","VICE-PREFEITO","2020","fim_regular","tce"
"M2012_24490_12_45_170000012620","PE","24490","VICE-PREFEITO","2012","fim_regular","tce"
"M2020_24490_12_19_170000770113","PE","24490","VICE-PREFEITO","2020","fim_regular","tce"
"M2012_24538_12_40_170000002181","PE","24538","VICE-PREFEITO","2012","outro","tce"
"M2020_24538_12_40_170000831478","PE","24538","VICE-PREFEITO","2020","outro","tce"
"M2012_24554_12_12_170000003470","PE","24554","VICE-PREFEITO","2012","fim_regular","tce"
"M2016_24554_12_33_170000007209","PE","24554","VICE-PREFEITO","2016","fim_regular","tce"
"M2020_24554_12_55_170000646563","PE","24554","VICE-PREFEITO","2020","outro","tce"
"M2012_24570_12_45_170000005786","PE","24570","VICE-PREFEITO","2012","fim_regular","tce"
"M2016_24570_12_22_170000022959","PE","24570","VICE-PREFEITO","2016","fim_regular","tce"
"M2020_24570_12_22_170001254316","PE","24570","VICE-PREFEITO","2020","outro","tce"
"M2012_24597_12_15_170000001249","PE","24597","VICE-PREFEITO","2012","fim_regular","tce"
"M2016_24597_12_15_170000008833","PE","24597","VICE-PREFEITO","2016","fim_regular","tce"
"M2020_24597_12_10_170000643816","PE","24597","VICE-PREFEITO","2020","fim_regular","tce"
"M2024_24597_12_11_170002259556","PE","24597","VICE-PREFEITO","2024","falecimento","tce"
"M2016_24619_12_55_170000005983","PE","24619","VICE-PREFEITO","2016","fim_regular","tce"
"M2020_24619_12_40_170000866579","PE","24619","VICE-PREFEITO","2020","fim_regular","tce"
"M2012_24635_12_40_170000010227","PE","24635","VICE-PREFEITO","2012","fim_regular","tce"
"M2016_24635_12_14_170000004212","PE","24635","VICE-PREFEITO","2016","fim_regular","tce"
"M2020_24635_12_14_170000948793","PE","24635","VICE-PREFEITO","2020","outro","tce"
"M2020_24678_12_12_170000681281","PE","24678","VICE-PREFEITO","2020","fim_regular","tce"
"M2012_24694_12_40_170000001582","PE","24694","VICE-PREFEITO","2012","fim_regular","tce"
"M2020_24716_12_11_170000832210","PE","24716","VICE-PREFEITO","2020","fim_regular","tce"
"M2012_24759_12_55_170000003925","PE","24759","VICE-PREFEITO","2012","fim_regular","tce"
"M2016_24759_12_55_170000001068","PE","24759","VICE-PREFEITO","2016","outro","tce"
"M2020_24759_12_55_170000681484","PE","24759","VICE-PREFEITO","2020","outro","tce"
"M2016_24775_12_40_170000006130","PE","24775","VICE-PREFEITO","2016","outro","tce"
"M2020_24775_12_19_170000646147","PE","24775","VICE-PREFEITO","2020","fim_regular","tce"
"M2016_24791_12_25_170000022383","PE","24791","VICE-PREFEITO","2016","fim_regular","tce"
"M2012_24813_12_13_170000010893","PE","24813","VICE-PREFEITO","2012","fim_regular","tce"
"M2016_24813_12_40_170000006961","PE","24813","VICE-PREFEITO","2016","fim_regular","tce"
"M2020_24813_12_40_170000828969","PE","24813","VICE-PREFEITO","2020","fim_regular","tce"
"M2024_24813_12_40_170002068100","PE","24813","VICE-PREFEITO","2024","outro","tce"
"M2012_24830_12_55_170000006237","PE","24830","VICE-PREFEITO","2012","fim_regular","tce"
"M2016_24830_12_14_170000006111","PE","24830","VICE-PREFEITO","2016","fim_regular","tce"
"M2016_24856_12_55_170000001760","PE","24856","VICE-PREFEITO","2016","fim_regular","tce"
"M2020_24856_12_40_170000829335","PE","24856","VICE-PREFEITO","2020","fim_regular","tce"
"M2016_24872_12_14_170000012043","PE","24872","VICE-PREFEITO","2016","fim_regular","tce"
"M2020_24872_12_40_170001048525","PE","24872","VICE-PREFEITO","2020","fim_regular","tce"
"M2012_24910_12_65_170000011250","PE","24910","VICE-PREFEITO","2012","fim_regular","tce"
"M2012_24937_12_55_170000000588","PE","24937","VICE-PREFEITO","2012","fim_regular","tce"
"M2016_24937_12_55_170000009943","PE","24937","VICE-PREFEITO","2016","fim_regular","tce"
"M2020_24937_12_25_170001109172","PE","24937","VICE-PREFEITO","2020","fim_regular","tce"
"M2012_24953_12_13_170000008420","PE","24953","VICE-PREFEITO","2012","fim_regular","tce"
"M2016_24953_12_13_170000008863","PE","24953","VICE-PREFEITO","2016","fim_regular","tce"
"M2020_24953_12_13_170001109371","PE","24953","VICE-PREFEITO","2020","fim_regular","tce"
"M2016_24996_12_15_170000013544","PE","24996","VICE-PREFEITO","2016","fim_regular","tce"
"M2020_24996_12_11_170001268380","PE","24996","VICE-PREFEITO","2020","fim_regular","tce"
"M2016_25011_12_40_170000023008","PE","25011","VICE-PREFEITO","2016","fim_regular","tce"
"M2020_25011_12_77_170000657049","PE","25011","VICE-PREFEITO","2020","fim_regular","tce"
"M2016_25038_12_40_170000017974","PE","25038","VICE-PREFEITO","2016","fim_regular","tce"
"M2016_25054_12_40_170000004148","PE","25054","VICE-PREFEITO","2016","outro","tce"
"M2012_25070_12_55_170000015864","PE","25070","VICE-PREFEITO","2012","outro","tce"
"M2016_25070_12_40_170000003911","PE","25070","VICE-PREFEITO","2016","fim_regular","tce"
"M2020_25070_12_40_170000807149","PE","25070","VICE-PREFEITO","2020","fim_regular","tce"
"M2016_25097_12_11_170000008725","PE","25097","VICE-PREFEITO","2016","fim_regular","tce"
"M2012_25119_12_40_170000002368","PE","25119","VICE-PREFEITO","2012","fim_regular","tce"
"M2016_25119_12_55_170000007281","PE","25119","VICE-PREFEITO","2016","fim_regular","tce"
"M2020_25119_12_55_170000657099","PE","25119","VICE-PREFEITO","2020","fim_regular","tce"
"M2020_25135_12_15_170000818683","PE","25135","VICE-PREFEITO","2020","fim_regular","tce"
"M2016_25151_12_40_170000002206","PE","25151","VICE-PREFEITO","2016","fim_regular","tce"
"M2016_25178_12_44_170000005683","PE","25178","VICE-PREFEITO","2016","fim_regular","tce"
"M2012_25216_12_15_170000003628","PE","25216","VICE-PREFEITO","2012","fim_regular","tce"
"M2016_25216_12_40_170000002249","PE","25216","VICE-PREFEITO","2016","fim_regular","tce"
"M2016_25259_12_40_170000003486","PE","25259","VICE-PREFEITO","2016","fim_regular","tce"
"M2020_25259_12_40_170000933098","PE","25259","VICE-PREFEITO","2020","fim_regular","tce"
"M2016_25275_12_12_170000018648","PE","25275","VICE-PREFEITO","2016","fim_regular","tce"
"M2020_25275_12_40_170000819953","PE","25275","VICE-PREFEITO","2020","fim_regular","tce"
"M2012_25291_12_45_170000000433","PE","25291","VICE-PREFEITO","2012","fim_regular","tce"
"M2016_25291_12_40_170000006281","PE","25291","VICE-PREFEITO","2016","outro","tce"
"M2020_25291_12_25_170000744142","PE","25291","VICE-PREFEITO","2020","outro","tce"
"M2012_25330_12_40_170000015110","PE","25330","VICE-PREFEITO","2012","fim_regular","tce"
"M2020_25330_12_10_170000739049","PE","25330","VICE-PREFEITO","2020","fim_regular","tce"
"M2012_25372_12_14_170000007911","PE","25372","VICE-PREFEITO","2012","fim_regular","tce"
"M2016_25372_12_40_170000010280","PE","25372","VICE-PREFEITO","2016","fim_regular","tce"
"M2020_25372_12_40_170000853784","PE","25372","VICE-PREFEITO","2020","fim_regular","tce"
"M2020_25399_12_22_170000733723","PE","25399","VICE-PREFEITO","2020","outro","tce"
"M2016_25410_12_15_170000023040","PE","25410","VICE-PREFEITO","2016","fim_regular","tce"
"M2020_25410_12_15_170001030538","PE","25410","VICE-PREFEITO","2020","fim_regular","tce"
"M2016_25437_12_15_170000002971","PE","25437","VICE-PREFEITO","2016","falecimento","tce"
"M2020_25437_12_40_170000711832","PE","25437","VICE-PREFEITO","2020","fim_regular","tce"
"M2012_25453_12_15_170000003070","PE","25453","VICE-PREFEITO","2012","outro","tce"
"M2016_25453_12_15_170000022266","PE","25453","VICE-PREFEITO","2016","fim_regular","tce"
"M2020_25453_12_15_170000768585","PE","25453","VICE-PREFEITO","2020","outro","tce"
"M2012_25470_12_65_170000002873","PE","25470","VICE-PREFEITO","2012","fim_regular","tce"
"M2016_25470_12_40_170000007179","PE","25470","VICE-PREFEITO","2016","fim_regular","tce"
"M2020_25470_12_65_170000750815","PE","25470","VICE-PREFEITO","2020","fim_regular","tce"
"M2016_25496_12_45_170000008828","PE","25496","VICE-PREFEITO","2016","fim_regular","tce"
"M2020_25496_12_11_170000827132","PE","25496","VICE-PREFEITO","2020","fim_regular","tce"
"M2016_25518_12_14_170000018024","PE","25518","VICE-PREFEITO","2016","fim_regular","tce"
"M2020_25518_12_11_170000883248","PE","25518","VICE-PREFEITO","2020","fim_regular","tce"
"M2012_25534_12_40_170000005415","PE","25534","VICE-PREFEITO","2012","fim_regular","tce"
"M2016_25534_12_40_170000017225","PE","25534","VICE-PREFEITO","2016","fim_regular","tce"
"M2020_25534_12_40_170000928895","PE","25534","VICE-PREFEITO","2020","fim_regular","tce"
"M2012_25550_12_14_170000006848","PE","25550","VICE-PREFEITO","2012","fim_regular","tce"
"M2016_25550_12_22_170000011325","PE","25550","VICE-PREFEITO","2016","fim_regular","tce"
"M2016_25577_12_22_170000005441","PE","25577","VICE-PREFEITO","2016","fim_regular","tce"
"M2020_25577_12_70_170000952068","PE","25577","VICE-PREFEITO","2020","fim_regular","tce"
"M2012_25593_12_40_170000000754","PE","25593","VICE-PREFEITO","2012","fim_regular","tce"
"M2020_25593_12_15_170001268284","PE","25593","VICE-PREFEITO","2020","fim_regular","tce"
"M2016_25615_12_45_170000002409","PE","25615","VICE-PREFEITO","2016","fim_regular","tce"
"M2020_25615_12_17_170000827226","PE","25615","VICE-PREFEITO","2020","fim_regular","tce"
"M2016_25631_12_55_170000008263","PE","25631","VICE-PREFEITO","2016","fim_regular","tce"
"M2020_25631_12_11_170000827775","PE","25631","VICE-PREFEITO","2020","fim_regular","tce"
"M2012_25690_12_22_170000020450","PE","25690","VICE-PREFEITO","2012","fim_regular","tce"
"M2012_25712_12_13_170000005641","PE","25712","VICE-PREFEITO","2012","fim_regular","tce"
"M2016_25739_12_14_170000021677","PE","25739","VICE-PREFEITO","2016","fim_regular","tce"
"M2020_25739_12_40_170000946724","PE","25739","VICE-PREFEITO","2020","fim_regular","tce"
"M2020_25755_12_11_170001155712","PE","25755","VICE-PREFEITO","2020","fim_regular","tce"
"M2012_25771_12_13_170000003343","PE","25771","VICE-PREFEITO","2012","fim_regular","tce"
"M2016_25771_12_13_170000002502","PE","25771","VICE-PREFEITO","2016","fim_regular","tce"
"M2020_25771_12_13_170000794916","PE","25771","VICE-PREFEITO","2020","fim_regular","tce"
"M2016_25798_12_55_170000019605","PE","25798","VICE-PREFEITO","2016","fim_regular","tce"
"M2012_25810_12_45_170000002034","PE","25810","VICE-PREFEITO","2012","fim_regular","tce"
"M2012_25879_12_40_170000020689","PE","25879","VICE-PREFEITO","2012","fim_regular","tce"
"M2012_25917_12_14_170000009931","PE","25917","VICE-PREFEITO","2012","fim_regular","tce"
"M2016_25917_12_14_170000016300","PE","25917","VICE-PREFEITO","2016","fim_regular","tce"
"M2020_25917_12_15_170000865102","PE","25917","VICE-PREFEITO","2020","outro","tce"
"M2024_25917_12_13_170002195129","PE","25917","VICE-PREFEITO","2024","outro","tce"
"M2016_25933_12_13_170000005292","PE","25933","VICE-PREFEITO","2016","fim_regular","tce"
"M2020_25933_12_13_170000792340","PE","25933","VICE-PREFEITO","2020","fim_regular","tce"
"M2016_25950_12_40_170000002584","PE","25950","VICE-PREFEITO","2016","fim_regular","tce"
"M2020_25950_12_15_170000709295","PE","25950","VICE-PREFEITO","2020","fim_regular","tce"
"M2016_25976_12_12_170000013312","PE","25976","VICE-PREFEITO","2016","outro","tce"
"M2016_25992_12_22_170000006404","PE","25992","VICE-PREFEITO","2016","outro","tce"
"M2024_25992_12_11_170002180447","PE","25992","VICE-PREFEITO","2024","outro","tce"
"M2016_26050_12_45_170000002973","PE","26050","VICE-PREFEITO","2016","fim_regular","tce"
"M2020_26050_12_11_170000794663","PE","26050","VICE-PREFEITO","2020","fim_regular","tce"
"M2012_26093_12_22_170000003502","PE","26093","VICE-PREFEITO","2012","fim_regular","tce"
"M2012_26115_12_22_170000000624","PE","26115","VICE-PREFEITO","2012","fim_regular","tce"
"M2016_26115_12_40_170000002636","PE","26115","VICE-PREFEITO","2016","fim_regular","tce"
"M2020_26115_12_17_170000889946","PE","26115","VICE-PREFEITO","2020","fim_regular","tce"
"M2020_26131_12_70_170000822494","PE","26131","VICE-PREFEITO","2020","fim_regular","tce"
"M2012_26158_12_13_170000006064","PE","26158","VICE-PREFEITO","2012","fim_regular","tce"
"M2016_26174_12_14_170000000810","PE","26174","VICE-PREFEITO","2016","fim_regular","tce"
"M2020_26174_12_14_170001055733","PE","26174","VICE-PREFEITO","2020","fim_regular","tce"
"M2012_26190_12_22_170000003341","PE","26190","VICE-PREFEITO","2012","fim_regular","tce"
"M2016_26190_12_22_170000002001","PE","26190","VICE-PREFEITO","2016","outro","tce"
"M2020_26190_12_22_170000879595","PE","26190","VICE-PREFEITO","2020","fim_regular","tce"
"M2012_26212_12_55_170000008827","PE","26212","VICE-PREFEITO","2012","outro","tce"
"M2020_26212_12_40_170000838665","PE","26212","VICE-PREFEITO","2020","fim_regular","tce"
"M2020_26239_12_45_170000805863","PE","26239","VICE-PREFEITO","2020","fim_regular","tce"
"M2012_26255_12_40_170000006913","PE","26255","VICE-PREFEITO","2012","fim_regular","tce"
"M2016_26255_12_45_170000000977","PE","26255","VICE-PREFEITO","2016","fim_regular","tce"
"M2016_26271_12_40_170000001999","PE","26271","VICE-PREFEITO","2016","fim_regular","tce"
"M2020_26271_12_15_170000791047","PE","26271","VICE-PREFEITO","2020","fim_regular","tce"
"M2020_26298_12_10_170000793935","PE","26298","VICE-PREFEITO","2020","fim_regular","tce"
"M2020_26336_12_55_170000705258","PE","26336","VICE-PREFEITO","2020","fim_regular","tce"
"M2016_19003_13_77777_150000004839","PB","19003","VEREADOR","2016","fim_regular","tce"
"M2016_19003_13_15457_150000004836","PB","19003","VEREADOR","2016","fim_regular","tce"
"M2016_19003_13_25369_150000005024","PB","19003","VEREADOR","2016","fim_regular","tce"
"M2016_19003_13_40123_150000004202","PB","19003","VEREADOR","2016","fim_regular","tce"
"M2016_19003_13_45789_150000004832","PB","19003","VEREADOR","2016","fim_regular","tce"
"M2016_19003_13_25123_150000005028","PB","19003","VEREADOR","2016","fim_regular","tce"
"M2016_19003_13_17888_150000005023","PB","19003","VEREADOR","2016","fim_regular","tce"
"M2020_19003_13_15678_150001058804","PB","19003","VEREADOR","2020","fim_regular","tce"
"M2020_19003_13_25676_150001077552","PB","19003","VEREADOR","2020","fim_regular","tce"
"M2020_19003_13_25456_150001077555","PB","19003","VEREADOR","2020","fim_regular","tce"
"M2020_19003_13_25369_150001077558","PB","19003","VEREADOR","2020","fim_regular","tce"
"M2020_19003_13_15015_150001058799","PB","19003","VEREADOR","2020","fim_regular","tce"
"M2020_19003_13_25789_150001077561","PB","19003","VEREADOR","2020","fim_regular","tce"
"M2020_19003_13_25800_150001077553","PB","19003","VEREADOR","2020","fim_regular","tce"
"M2012_19011_13_25603_150000002635","PB","19011","VEREADOR","2012","fim_regular","tce"
"M2012_19011_13_40222_150000002639","PB","19011","VEREADOR","2012","fim_regular","tce"
"M2012_19011_13_25678_150000002640","PB","19011","VEREADOR","2012","fim_regular","tce"
"M2012_19011_13_15111_150000006428","PB","19011","VEREADOR","2012","fim_regular","tce"
"M2012_19011_13_15844_150000006422","PB","19011","VEREADOR","2012","fim_regular","tce"
"M2012_19011_13_25555_150000002643","PB","19011","VEREADOR","2012","fim_regular","tce"
"M2012_19011_13_25608_150000002641","PB","19011","VEREADOR","2012","fim_regular","tce"
"M2012_19011_13_25611_150000002642","PB","19011","VEREADOR","2012","outro","tce"
"M2012_19011_13_45123_150000006423","PB","19011","VEREADOR","2012","fim_regular","tce"
"M2016_19011_13_90123_150000000768","PB","19011","VEREADOR","2016","fim_regular","tce"
"M2016_19011_13_40222_150000000772","PB","19011","VEREADOR","2016","fim_regular","tce"
"M2016_19011_13_15111_150000004721","PB","19011","VEREADOR","2016","fim_regular","tce"
"M2016_19011_13_11111_150000000777","PB","19011","VEREADOR","2016","fim_regular","tce"
"M2016_19011_13_25555_150000000764","PB","19011","VEREADOR","2016","fim_regular","tce"
"M2016_19011_13_25608_150000000766","PB","19011","VEREADOR","2016","fim_regular","tce"
"M2016_19011_13_15123_150000004724","PB","19011","VEREADOR","2016","fim_regular","tce"
"M2016_19011_13_15444_150000004717","PB","19011","VEREADOR","2016","fim_regular","tce"
"M2016_19011_13_90111_150000000769","PB","19011","VEREADOR","2016","fim_regular","tce"
"M2020_19011_13_25123_150001195811","PB","19011","VEREADOR","2020","fim_regular","tce"
"M2020_19011_13_25111_150001195818","PB","19011","VEREADOR","2020","fim_regular","tce"
"M2020_19011_13_25555_150001195822","PB","19011","VEREADOR","2020","fim_regular","tce"
"M2020_19011_13_10444_150000735931","PB","19011","VEREADOR","2020","fim_regular","tce"
"M2020_19011_13_10111_150000735929","PB","19011","VEREADOR","2020","fim_regular","tce"
"M2020_19011_13_10000_150000735922","PB","19011","VEREADOR","2020","fim_regular","tce"
"M2020_19011_13_10456_150000735930","PB","19011","VEREADOR","2020","fim_regular","tce"
"M2020_19011_13_10555_150000735928","PB","19011","VEREADOR","2020","fim_regular","tce"
"M2020_19011_13_70111_150000744396","PB","19011","VEREADOR","2020","outro","tce"
"M2012_19020_13_15555_150000003557","PB","19020","VEREADOR","2012","fim_regular","tce"
"M2012_19020_13_12222_150000006754","PB","19020","VEREADOR","2012","fim_regular","tce"
"M2012_19020_13_11555_150000007066","PB","19020","VEREADOR","2012","fim_regular","tce"
"M2012_19020_13_40000_150000003549","PB","19020","VEREADOR","2012","fim_regular","tce"
"M2012_19020_13_40123_150000003552","PB","19020","VEREADOR","2012","fim_regular","tce"
"M2012_19020_13_12333_150000006748","PB","19020","VEREADOR","2012","fim_regular","tce"
"M2012_19020_13_45555_150000006743","PB","19020","VEREADOR","2012","fim_regular","tce"
"M2016_19020_13_40111_150000006513","PB","19020","VEREADOR","2016","fim_regular","tce"
"M2016_19020_13_11333_150000005875","PB","19020","VEREADOR","2016","fim_regular","tce"
"M2016_19020_13_55555_150000007491","PB","19020","VEREADOR","2016","fim_regular","tce"
"M2016_19020_13_55000_150000007493","PB","19020","VEREADOR","2016","outro","tce"
"M2016_19020_13_11111_150000005874","PB","19020","VEREADOR","2016","fim_regular","tce"
"M2016_19020_13_15555_150000006502","PB","19020","VEREADOR","2016","fim_regular","tce"
"M2016_19020_13_45000_150000007484","PB","19020","VEREADOR","2016","fim_regular","tce"
"M2016_19020_13_12333_150000005880","PB","19020","VEREADOR","2016","fim_regular","tce"
"M2016_19020_13_13456_150000006506","PB","19020","VEREADOR","2016","fim_regular","tce"
"M2020_19020_13_23333_150000671282","PB","19020","VEREADOR","2020","fim_regular","tce"
"M2020_19020_13_19333_150000670958","PB","19020","VEREADOR","2020","outro","tce"
"M2020_19020_13_23888_150000671279","PB","19020","VEREADOR","2020","fim_regular","tce"
"M2020_19020_13_90000_150001199417","PB","19020","VEREADOR","2020","fim_regular","tce"
"M2020_19020_13_19000_150000670962","PB","19020","VEREADOR","2020","fim_regular","tce"
"M2020_19020_13_19123_150000670955","PB","19020","VEREADOR","2020","fim_regular","tce"
"M2020_19020_13_90555_150001199416","PB","19020","VEREADOR","2020","fim_regular","tce"
"M2020_19020_13_90789_150001199423","PB","19020","VEREADOR","2020","fim_regular","tce"
"M2020_19020_13_23456_150000671285","PB","19020","VEREADOR","2020","fim_regular","tce"
"M2016_19038_13_35888_150000008294","PB","19038","VEREADOR","2016","fim_regular","tce"
"M2016_19038_13_70000_150000008299","PB","19038","VEREADOR","2016","fim_regular","tce"
"M2016_19038_13_10000_150000008291","PB","19038","VEREADOR","2016","fim_regular","tce"
"M2016_19038_13_45123_150000008292","PB","19038","VEREADOR","2016","fim_regular","tce"
"M2016_19038_13_12345_150000008298","PB","19038","VEREADOR","2016","fim_regular","tce"
"M2016_19038_13_14789_150000008296","PB","19038","VEREADOR","2016","fim_regular","tce"
"M2016_19038_13_28000_150000001100","PB","19038","VEREADOR","2016","fim_regular","tce"
"M2016_19038_13_40000_150000008297","PB","19038","VEREADOR","2016","fim_regular","tce"
"M2016_19038_13_65123_150000008295","PB","19038","VEREADOR","2016","fim_regular","tce"
"M2020_19038_13_11222_150000667701","PB","19038","VEREADOR","2020","fim_regular","tce"
"M2020_19038_13_11111_150000667697","PB","19038","VEREADOR","2020","fim_regular","tce"
"M2020_19038_13_11000_150000667695","PB","19038","VEREADOR","2020","outro","tce"
"M2020_19038_13_25123_150000775829","PB","19038","VEREADOR","2020","fim_regular","tce"
"M2020_19038_13_11333_150000667693","PB","19038","VEREADOR","2020","fim_regular","tce"
"M2020_19038_13_11444_150000667696","PB","19038","VEREADOR","2020","fim_regular","tce"
"M2020_19038_13_11777_150000667694","PB","19038","VEREADOR","2020","fim_regular","tce"
"M2020_19038_13_25555_150000775828","PB","19038","VEREADOR","2020","fim_regular","tce"
"M2020_19038_13_11456_150000667698","PB","19038","VEREADOR","2020","fim_regular","tce"
"M2012_19046_13_15153_150000007051","PB","19046","VEREADOR","2012","fim_regular","tce"
"M2012_19046_13_15159_150000007042","PB","19046","VEREADOR","2012","fim_regular","tce"
"M2012_19046_13_55555_150000004651","PB","19046","VEREADOR","2012","fim_regular","tce"
"M2012_19046_13_14111_150000004657","PB","19046","VEREADOR","2012","fim_regular","tce"
"M2012_19046_13_15000_150000007041","PB","19046","VEREADOR","2012","fim_regular","tce"
"M2012_19046_13_15111_150000007054","PB","19046","VEREADOR","2012","fim_regular","tce"
"M2012_19046_13_15555_150000007046","PB","19046","VEREADOR","2012","fim_regular","tce"
"M2012_19046_13_40000_150000004654","PB","19046","VEREADOR","2012","fim_regular","tce"
"M2012_19046_13_45678_150000004641","PB","19046","VEREADOR","2012","fim_regular","tce"
"M2012_19054_13_11111_150000007839","PB","19054","VEREADOR","2012","fim_regular","tce"
"M2012_19054_13_55888_150000008057","PB","19054","VEREADOR","2012","fim_regular","tce"
"M2012_19054_13_27000_150000008053","PB","19054","VEREADOR","2012","fim_regular","tce"
"M2012_19054_13_55555_150000008054","PB","19054","VEREADOR","2012","fim_regular","tce"
"M2012_19054_13_11444_150000007834","PB","19054","VEREADOR","2012","fim_regular","tce"
"M2012_19054_13_23333_150000008055","PB","19054","VEREADOR","2012","fim_regular","tce"
"M2012_19054_13_19123_150000008049","PB","19054","VEREADOR","2012","fim_regular","tce"
"M2012_19054_13_22123_150000006114","PB","19054","VEREADOR","2012","fim_regular","tce"
"M2012_19054_13_22222_150000014366","PB","19054","VEREADOR","2012","fim_regular","tce"
"M2012_19054_13_22345_150000006104","PB","19054","VEREADOR","2012","outro","tce"
"M2012_19054_13_22333_150000006110","PB","19054","VEREADOR","2012","fim_regular","tce"
"M2016_19054_13_36666_150000005149","PB","19054","VEREADOR","2016","outro","tce"
"M2016_19054_13_77777_150000004601","PB","19054","VEREADOR","2016","fim_regular","tce"
"M2016_19054_13_40000_150000004594","PB","19054","VEREADOR","2016","fim_regular","tce"
"M2016_19054_13_51111_150000004599","PB","19054","VEREADOR","2016","fim_regular","tce"
"M2016_19054_13_45123_150000005148","PB","19054","VEREADOR","2016","fim_regular","tce"
"M2016_19054_13_22123_150000005137","PB","19054","VEREADOR","2016","fim_regular","tce"
"M2016_19054_13_14000_150000005380","PB","19054","VEREADOR","2016","outro","tce"
"M2016_19054_13_17111_150000004584","PB","19054","VEREADOR","2016","fim_regular","tce"
"M2016_19054_13_17555_150000004583","PB","19054","VEREADOR","2016","fim_regular","tce"
"M2016_19054_13_70000_150000005378","PB","19054","VEREADOR","2016","fim_regular","tce"
"M2016_19054_13_22333_150000005141","PB","19054","VEREADOR","2016","outro","tce"
"M2020_19054_13_70888_150000786752","PB","19054","VEREADOR","2020","fim_regular","tce"
"M2020_19054_13_70000_150000786748","PB","19054","VEREADOR","2020","fim_regular","tce"
"M2020_19054_13_22123_150000840046","PB","19054","VEREADOR","2020","fim_regular","tce"
"M2020_19054_13_11222_150000764006","PB","19054","VEREADOR","2020","fim_regular","tce"
"M2020_19054_13_11555_150000764010","PB","19054","VEREADOR","2020","fim_regular","tce"
"M2020_19054_13_12000_150000765072","PB","19054","VEREADOR","2020","outro","tce"
"M2020_19054_13_12999_150000765075","PB","19054","VEREADOR","2020","fim_regular","tce"
"M2020_19054_13_20000_150000839424","PB","19054","VEREADOR","2020","fim_regular","tce"
"M2020_19054_13_22000_150000840042","PB","19054","VEREADOR","2020","fim_regular","tce"
"M2020_19054_13_22222_150000840045","PB","19054","VEREADOR","2020","fim_regular","tce"
"M2020_19054_13_11111_150000764007","PB","19054","VEREADOR","2020","fim_regular","tce"
"M2012_19062_13_15555_150000002896","PB","19062","VEREADOR","2012","fim_regular","tce"
"M2012_19062_13_40000_150000012783","PB","19062","VEREADOR","2012","fim_regular","tce"
"M2012_19062_13_12000_150000012849","PB","19062","VEREADOR","2012","fim_regular","tce"
"M2012_19062_13_12123_150000012859","PB","19062","VEREADOR","2012","fim_regular","tce"
"M2012_19062_13_15222_150000002888","PB","19062","VEREADOR","2012","fim_regular","tce"
"M2012_19062_13_15456_150000002895","PB","19062","VEREADOR","2012","fim_regular","tce"
"M2012_19062_13_45888_150000012854","PB","19062","VEREADOR","2012","fim_regular","tce"
"M2012_19062_13_65555_150000012784","PB","19062","VEREADOR","2012","fim_regular","tce"
"M2012_19062_13_15115_150000002897","PB","19062","VEREADOR","2012","fim_regular","tce"
"M2016_19062_13_15555_150000011612","PB","19062","VEREADOR","2016","fim_regular","tce"
"M2016_19062_13_11223_150000012321","PB","19062","VEREADOR","2016","fim_regular","tce"
"M2016_19062_13_40888_150000011616","PB","19062","VEREADOR","2016","fim_regular","tce"
"M2016_19062_13_10123_150000002560","PB","19062","VEREADOR","2016","fim_regular","tce"
"M2016_19062_13_13333_150000011614","PB","19062","VEREADOR","2016","fim_regular","tce"
"M2016_19062_13_15123_150000011621","PB","19062","VEREADOR","2016","fim_regular","tce"
"M2016_19062_13_45444_150000002511","PB","19062","VEREADOR","2016","fim_regular","tce"
"M2016_19062_13_45888_150000002514","PB","19062","VEREADOR","2016","fim_regular","tce"
"M2016_19062_13_55555_150000002565","PB","19062","VEREADOR","2016","fim_regular","tce"
"M2020_19062_13_43000_150000986069","PB","19062","VEREADOR","2020","outro","tce"
"M2020_19062_13_43111_150000986066","PB","19062","VEREADOR","2020","fim_regular","tce"
"M2020_19062_13_25555_150000838543","PB","19062","VEREADOR","2020","fim_regular","tce"
"M2020_19062_13_13333_150000985631","PB","19062","VEREADOR","2020","fim_regular","tce"
"M2020_19062_13_45444_150000986834","PB","19062","VEREADOR","2020","fim_regular","tce"
"M2020_19062_13_55555_150000987670","PB","19062","VEREADOR","2020","fim_regular","tce"
"M2020_19062_13_23456_150000838008","PB","19062","VEREADOR","2020","fim_regular","tce"
"M2020_19062_13_45555_150000986832","PB","19062","VEREADOR","2020","fim_regular","tce"
"M2020_19062_13_55888_150000987668","PB","19062","VEREADOR","2020","outro","tce"
"M2012_19070_13_15333_150000003368","PB","19070","VEREADOR","2012","fim_regular","tce"
"M2012_19070_13_15000_150000003383","PB","19070","VEREADOR","2012","fim_regular","tce"
"M2012_19070_13_15789_150000003380","PB","19070","VEREADOR","2012","fim_regular","tce"
"M2012_19070_13_45000_150000008671","PB","19070","VEREADOR","2012","fim_regular","tce"
"M2012_19070_13_13111_150000003789","PB","19070","VEREADOR","2012","outro","tce"
"M2012_19070_13_13444_150000003781","PB","19070","VEREADOR","2012","fim_regular","tce"
"M2012_19070_13_15222_150000003384","PB","19070","VEREADOR","2012","fim_regular","tce"
"M2012_19070_13_15888_150000003371","PB","19070","VEREADOR","2012","fim_regular","tce"
"M2012_19070_13_55555_150000008672","PB","19070","VEREADOR","2012","fim_regular","tce"
"M2012_19070_13_14000_150000008675","PB","19070","VEREADOR","2012","fim_regular","tce"
"M2012_19089_13_25678_150000011584","PB","19089","VEREADOR","2012","fim_regular","tce"
"M2012_19089_13_55444_150000003423","PB","19089","VEREADOR","2012","fim_regular","tce"
"M2012_19089_13_40000_150000011582","PB","19089","VEREADOR","2012","fim_regular","tce"
"M2012_19089_13_45123_150000009978","PB","19089","VEREADOR","2012","fim_regular","tce"
"M2012_19089_13_55222_150000003421","PB","19089","VEREADOR","2012","fim_regular","tce"
"M2012_19089_13_55456_150000003416","PB","19089","VEREADOR","2012","fim_regular","tce"
"M2012_19089_13_55678_150000003428","PB","19089","VEREADOR","2012","fim_regular","tce"
"M2012_19089_13_11111_150000003360","PB","19089","VEREADOR","2012","fim_regular","tce"
"M2016_19089_13_55666_150000011033","PB","19089","VEREADOR","2016","outro","tce"
"M2016_19089_13_12222_150000007291","PB","19089","VEREADOR","2016","fim_regular","tce"
"M2016_19089_13_65555_150000007299","PB","19089","VEREADOR","2016","fim_regular","tce"
"M2016_19089_13_20000_150000007297","PB","19089","VEREADOR","2016","outro","tce"
"M2016_19089_13_55222_150000011036","PB","19089","VEREADOR","2016","fim_regular","tce"
"M2016_19089_13_11123_150000007292","PB","19089","VEREADOR","2016","fim_regular","tce"
"M2016_19089_13_55000_150000011028","PB","19089","VEREADOR","2016","fim_regular","tce"
"M2016_19089_13_55555_150000011040","PB","19089","VEREADOR","2016","fim_regular","tce"
"M2020_19089_13_22678_150000950238","PB","19089","VEREADOR","2020","fim_regular","tce"
"M2012_19097_13_13456_150000005032","PB","19097","VEREADOR","2012","fim_regular","tce"
"M2012_19097_13_55555_150000005026","PB","19097","VEREADOR","2012","fim_regular","tce"
"M2012_19097_13_15613_150000007154","PB","19097","VEREADOR","2012","fim_regular","tce"
"M2012_19097_13_20000_150000007142","PB","19097","VEREADOR","2012","fim_regular","tce"
"M2012_19097_13_20123_150000007145","PB","19097","VEREADOR","2012","fim_regular","tce"
"M2012_19097_13_45123_150000005031","PB","19097","VEREADOR","2012","fim_regular","tce"
"M2012_19097_13_31234_150000005028","PB","19097","VEREADOR","2012","fim_regular","tce"
"M2012_19097_13_45633_150000005030","PB","19097","VEREADOR","2012","outro","tce"
"M2012_19097_13_45890_150000005033","PB","19097","VEREADOR","2012","fim_regular","tce"
"M2012_19100_13_54444_150000002158","PB","19100","VEREADOR","2012","fim_regular","tce"
"M2012_19100_13_55123_150000008473","PB","19100","VEREADOR","2012","fim_regular","tce"
"M2012_19100_13_25610_150000002143","PB","19100","VEREADOR","2012","fim_regular","tce"
"M2012_19100_13_25630_150000002149","PB","19100","VEREADOR","2012","outro","tce"
"M2012_19100_13_25666_150000002148","PB","19100","VEREADOR","2012","outro","tce"
"M2012_19100_13_14444_150000002154","PB","19100","VEREADOR","2012","fim_regular","tce"
"M2012_19100_13_22222_150000002142","PB","19100","VEREADOR","2012","fim_regular","tce"
"M2016_19100_13_40123_150000009010","PB","19100","VEREADOR","2016","fim_regular","tce"
"M2016_19100_13_25610_150000009019","PB","19100","VEREADOR","2016","fim_regular","tce"
"M2016_19100_13_40444_150000009011","PB","19100","VEREADOR","2016","fim_regular","tce"
"M2016_19100_13_22222_150000007156","PB","19100","VEREADOR","2016","fim_regular","tce"
"M2016_19100_13_25555_150000009021","PB","19100","VEREADOR","2016","fim_regular","tce"
"M2016_19100_13_40789_150000009014","PB","19100","VEREADOR","2016","fim_regular","tce"
"M2016_19100_13_70000_150000007148","PB","19100","VEREADOR","2016","fim_regular","tce"
"M2016_19100_13_77123_150000007155","PB","19100","VEREADOR","2016","fim_regular","tce"
"M2020_19100_13_11123_150000958999","PB","19100","VEREADOR","2020","fim_regular","tce"
"M2020_19100_13_11111_150000958998","PB","19100","VEREADOR","2020","fim_regular","tce"
"M2020_19100_13_11444_150000958993","PB","19100","VEREADOR","2020","outro","tce"
"M2020_19100_13_23555_150000866140","PB","19100","VEREADOR","2020","fim_regular","tce"
"M2020_19100_13_11789_150000959000","PB","19100","VEREADOR","2020","fim_regular","tce"
"M2020_19100_13_23333_150000866136","PB","19100","VEREADOR","2020","fim_regular","tce"
"M2020_19100_13_23444_150000866138","PB","19100","VEREADOR","2020","fim_regular","tce"
"M2020_19100_13_23456_150000866135","PB","19100","VEREADOR","2020","fim_regular","tce"
"M2012_19119_13_13333_150000010293","PB","19119","VEREADOR","2012","fim_regular","tce"
"M2012_19119_13_45111_150000013453","PB","19119","VEREADOR","2012","fim_regular","tce"
"M2012_19119_13_15789_150000010281","PB","19119","VEREADOR","2012","fim_regular","tce"
"M2012_19119_13_11111_150000012335","PB","19119","VEREADOR","2012","fim_regular","tce"
"M2012_19119_13_15555_150000010291","PB","19119","VEREADOR","2012","fim_regular","tce"
"M2012_19119_13_25100_150000012343","PB","19119","VEREADOR","2012","fim_regular","tce"
"M2012_19119_13_40123_150000013458","PB","19119","VEREADOR","2012","fim_regular","tce"
"M2012_19119_13_12344_150000013451","PB","19119","VEREADOR","2012","fim_regular","tce"
"M2016_19119_13_13333_150000009102","PB","19119","VEREADOR","2016","fim_regular","tce"
"M2016_19119_13_31123_150000009103","PB","19119","VEREADOR","2016","outro","tce"
"M2016_19119_13_25111_150000009420","PB","19119","VEREADOR","2016","fim_regular","tce"
"M2016_19119_13_25888_150000009422","PB","19119","VEREADOR","2016","fim_regular","tce"
"M2016_19119_13_15789_150000005525","PB","19119","VEREADOR","2016","fim_regular","tce"
"M2016_19119_13_15000_150000005528","PB","19119","VEREADOR","2016","fim_regular","tce"
"M2016_19119_13_15123_150000005536","PB","19119","VEREADOR","2016","fim_regular","tce"
"M2016_19119_13_45666_150000009100","PB","19119","VEREADOR","2016","fim_regular","tce"
"M2016_19119_13_65222_150000005202","PB","19119","VEREADOR","2016","fim_regular","tce"
"M2016_19119_13_65555_150000005207","PB","19119","VEREADOR","2016","fim_regular","tce"
"M2016_19119_13_11666_150000005539","PB","19119","VEREADOR","2016","fim_regular","tce"
"M2016_19127_13_15555_150000009215","PB","19127","VEREADOR","2016","fim_regular","tce"
"M2016_19127_13_40000_150000001334","PB","19127","VEREADOR","2016","fim_regular","tce"
"M2016_19127_13_13456_150000009153","PB","19127","VEREADOR","2016","outro","tce"
"M2016_19127_13_90123_150000001339","PB","19127","VEREADOR","2016","fim_regular","tce"
"M2016_19127_13_27777_150000009142","PB","19127","VEREADOR","2016","outro","tce"
"M2016_19127_13_40123_150000001342","PB","19127","VEREADOR","2016","fim_regular","tce"
"M2016_19127_13_40777_150000001338","PB","19127","VEREADOR","2016","fim_regular","tce"
"M2016_19127_13_45789_150000009144","PB","19127","VEREADOR","2016","fim_regular","tce"
"M2016_19127_13_55555_150000001329","PB","19127","VEREADOR","2016","fim_regular","tce"
"M2020_19127_13_45555_150000923533","PB","19127","VEREADOR","2020","fim_regular","tce"
"M2020_19127_13_45789_150000923535","PB","19127","VEREADOR","2020","fim_regular","tce"
"M2020_19127_13_45666_150000923537","PB","19127","VEREADOR","2020","fim_regular","tce"
"M2020_19127_13_12000_150000819767","PB","19127","VEREADOR","2020","fim_regular","tce"
"M2020_19127_13_12111_150000819769","PB","19127","VEREADOR","2020","fim_regular","tce"
"M2020_19127_13_23123_150000819894","PB","19127","VEREADOR","2020","fim_regular","tce"
"M2020_19127_13_45222_150000923544","PB","19127","VEREADOR","2020","fim_regular","tce"
"M2012_19135_13_27222_150000005422","PB","19135","VEREADOR","2012","fim_regular","tce"
"M2012_19135_13_14444_150000007601","PB","19135","VEREADOR","2012","fim_regular","tce"
"M2012_19135_13_40000_150000007607","PB","19135","VEREADOR","2012","fim_regular","tce"
"M2016_19135_13_27000_150000010948","PB","19135","VEREADOR","2016","fim_regular","tce"
"M2016_19135_13_27222_150000010940","PB","19135","VEREADOR","2016","fim_regular","tce"
"M2016_19135_13_15555_150000008583","PB","19135","VEREADOR","2016","fim_regular","tce"
"M2016_19135_13_15678_150000008568","PB","19135","VEREADOR","2016","fim_regular","tce"
"M2016_19135_13_11111_150000010947","PB","19135","VEREADOR","2016","fim_regular","tce"
"M2016_19135_13_11000_150000010942","PB","19135","VEREADOR","2016","fim_regular","tce"
"M2016_19135_13_45555_150000010936","PB","19135","VEREADOR","2016","fim_regular","tce"
"M2016_19135_13_11456_150000010945","PB","19135","VEREADOR","2016","fim_regular","tce"
"M2016_19135_13_40555_150000008578","PB","19135","VEREADOR","2016","fim_regular","tce"
"M2016_19135_13_40000_150000008585","PB","19135","VEREADOR","2016","fim_regular","tce"
"M2020_19135_13_11122_150000732218","PB","19135","VEREADOR","2020","fim_regular","tce"
"M2020_19135_13_11111_150000732221","PB","19135","VEREADOR","2020","fim_regular","tce"
"M2020_19135_13_11000_150000732220","PB","19135","VEREADOR","2020","fim_regular","tce"
"M2020_19135_13_11222_150000732215","PB","19135","VEREADOR","2020","fim_regular","tce"
"M2020_19135_13_11456_150000732212","PB","19135","VEREADOR","2020","fim_regular","tce"
"M2020_19135_13_11999_150000732217","PB","19135","VEREADOR","2020","fim_regular","tce"
"M2020_19135_13_11112_150000732213","PB","19135","VEREADOR","2020","fim_regular","tce"
"M2020_19135_13_11444_150000732208","PB","19135","VEREADOR","2020","fim_regular","tce"
"M2020_19135_13_23333_150001189766","PB","19135","VEREADOR","2020","fim_regular","tce"
"M2012_19151_13_40123_150000005653","PB","19151","VEREADOR","2012","fim_regular","tce"
"M2012_19151_13_10000_150000009523","PB","19151","VEREADOR","2012","fim_regular","tce"
"M2012_19151_13_10222_150000009518","PB","19151","VEREADOR","2012","fim_regular","tce"
"M2012_19151_13_10555_150000009517","PB","19151","VEREADOR","2012","fim_regular","tce"
"M2012_19151_13_13000_150000009290","PB","19151","VEREADOR","2012","fim_regular","tce"
"M2012_19151_13_25555_150000004921","PB","19151","VEREADOR","2012","fim_regular","tce"
"M2012_19151_13_45123_150000004920","PB","19151","VEREADOR","2012","fim_regular","tce"
"M2012_19151_13_55789_150000005652","PB","19151","VEREADOR","2012","fim_regular","tce"
"M2016_19151_13_40111_150000002522","PB","19151","VEREADOR","2016","fim_regular","tce"
"M2016_19151_13_45699_150000002521","PB","19151","VEREADOR","2016","fim_regular","tce"
"M2016_19151_13_28000_150000001737","PB","19151","VEREADOR","2016","fim_regular","tce"
"M2016_19151_13_10123_150000001740","PB","19151","VEREADOR","2016","fim_regular","tce"
"M2016_19151_13_10555_150000001733","PB","19151","VEREADOR","2016","fim_regular","tce"
"M2016_19151_13_22000_150000002524","PB","19151","VEREADOR","2016","fim_regular","tce"
"M2016_19151_13_22222_150000002520","PB","19151","VEREADOR","2016","fim_regular","tce"
"M2016_19151_13_70123_150000002534","PB","19151","VEREADOR","2016","fim_regular","tce"
"M2020_19151_13_45999_150000761493","PB","19151","VEREADOR","2020","fim_regular","tce"
"M2020_19151_13_45000_150000761495","PB","19151","VEREADOR","2020","fim_regular","tce"
"M2020_19151_13_23123_150000759041","PB","19151","VEREADOR","2020","fim_regular","tce"
"M2020_19151_13_23000_150000759038","PB","19151","VEREADOR","2020","fim_regular","tce"
"M2020_19151_13_23230_150000759036","PB","19151","VEREADOR","2020","fim_regular","tce"
"M2020_19151_13_23500_150000759051","PB","19151","VEREADOR","2020","fim_regular","tce"
"M2020_19151_13_45222_150000761488","PB","19151","VEREADOR","2020","fim_regular","tce"
"M2020_19151_13_45555_150000761499","PB","19151","VEREADOR","2020","fim_regular","tce"
"M2012_19178_13_55888_150000002339","PB","19178","VEREADOR","2012","fim_regular","tce"
"M2012_19178_13_15222_150000011835","PB","19178","VEREADOR","2012","fim_regular","tce"
"M2012_19178_13_55555_150000002341","PB","19178","VEREADOR","2012","fim_regular","tce"
"M2012_19178_13_15555_150000011828","PB","19178","VEREADOR","2012","fim_regular","tce"
"M2012_19178_13_11111_150000011832","PB","19178","VEREADOR","2012","fim_regular","tce"
"M2012_19178_13_15111_150000011833","PB","19178","VEREADOR","2012","fim_regular","tce"
"M2012_19178_13_17777_150000011837","PB","19178","VEREADOR","2012","fim_regular","tce"
"M2012_19178_13_13333_150000002330","PB","19178","VEREADOR","2012","fim_regular","tce"
"M2012_19178_13_14444_150000011836","PB","19178","VEREADOR","2012","fim_regular","tce"
"M2016_19178_13_55888_150000000981","PB","19178","VEREADOR","2016","outro","tce"
"M2016_19178_13_22222_150000000974","PB","19178","VEREADOR","2016","fim_regular","tce"
"M2016_19178_13_55555_150000000984","PB","19178","VEREADOR","2016","fim_regular","tce"
"M2016_19178_13_15111_150000006409","PB","19178","VEREADOR","2016","fim_regular","tce"
"M2016_19178_13_15555_150000006424","PB","19178","VEREADOR","2016","fim_regular","tce"
"M2016_19178_13_15888_150000006418","PB","19178","VEREADOR","2016","fim_regular","tce"
"M2016_19178_13_70999_150000000979","PB","19178","VEREADOR","2016","fim_regular","tce"
"M2016_19178_13_13333_150000000980","PB","19178","VEREADOR","2016","fim_regular","tce"
"M2016_19178_13_14444_150000000978","PB","19178","VEREADOR","2016","fim_regular","tce"
"M2020_19178_13_55888_150000767454","PB","19178","VEREADOR","2020","fim_regular","tce"
"M2020_19178_13_55222_150000767453","PB","19178","VEREADOR","2020","fim_regular","tce"
"M2020_19178_13_55555_150000767459","PB","19178","VEREADOR","2020","fim_regular","tce"
"M2020_19178_13_55777_150000767455","PB","19178","VEREADOR","2020","fim_regular","tce"
"M2020_19178_13_15888_150001133071","PB","19178","VEREADOR","2020","fim_regular","tce"
"M2020_19178_13_55999_150000767452","PB","19178","VEREADOR","2020","fim_regular","tce"
"M2020_19178_13_15555_150001133075","PB","19178","VEREADOR","2020","fim_regular","tce"
"M2020_19178_13_55111_150000767462","PB","19178","VEREADOR","2020","fim_regular","tce"
"M2020_19178_13_55123_150000767451","PB","19178","VEREADOR","2020","fim_regular","tce"
"M2016_19194_13_15606_150000002440","PB","19194","VEREADOR","2016","fim_regular","tce"
"M2016_19194_13_40404_150000002651","PB","19194","VEREADOR","2016","fim_regular","tce"
"M2016_19194_13_11567_150000002656","PB","19194","VEREADOR","2016","fim_regular","tce"
"M2016_19194_13_77777_150000002452","PB","19194","VEREADOR","2016","fim_regular","tce"
"M2016_19194_13_22123_150000002647","PB","19194","VEREADOR","2016","fim_regular","tce"
"M2016_19194_13_15155_150000002437","PB","19194","VEREADOR","2016","fim_regular","tce"
"M2016_19194_13_11111_150000002641","PB","19194","VEREADOR","2016","fim_regular","tce"
"M2016_19194_13_11456_150000002642","PB","19194","VEREADOR","2016","fim_regular","tce"
"M2016_19194_13_55555_150000002655","PB","19194","VEREADOR","2016","fim_regular","tce"
"M2016_19194_13_15678_150000002441","PB","19194","VEREADOR","2016","fim_regular","tce"
"M2020_19194_13_11123_150000944501","PB","19194","VEREADOR","2020","fim_regular","tce"
"M2020_19194_13_15606_150000721474","PB","19194","VEREADOR","2020","fim_regular","tce"
"M2020_19194_13_15601_150000721480","PB","19194","VEREADOR","2020","fim_regular","tce"
"M2020_19194_13_11567_150000944500","PB","19194","VEREADOR","2020","fim_regular","tce"
"M2020_19194_13_11258_150000944503","PB","19194","VEREADOR","2020","outro","tce"
"M2020_19194_13_15123_150000721479","PB","19194","VEREADOR","2020","fim_regular","tce"
"M2020_19194_13_11211_150000944502","PB","19194","VEREADOR","2020","fim_regular","tce"
"M2020_19194_13_11222_150000944504","PB","19194","VEREADOR","2020","fim_regular","tce"
"M2020_19194_13_11777_150000944499","PB","19194","VEREADOR","2020","fim_regular","tce"
"M2012_19208_13_25555_150000005916","PB","19208","VEREADOR","2012","fim_regular","tce"
"M2012_19208_13_14111_150000005930","PB","19208","VEREADOR","2012","fim_regular","tce"
"M2012_19208_13_28123_150000002171","PB","19208","VEREADOR","2012","fim_regular","tce"
"M2012_19208_13_14258_150000005920","PB","19208","VEREADOR","2012","fim_regular","tce"
"M2012_19208_13_14725_150000005923","PB","19208","VEREADOR","2012","fim_regular","tce"
"M2012_19208_13_15333_150000002162","PB","19208","VEREADOR","2012","fim_regular","tce"
"M2016_19208_13_25555_150000002328","PB","19208","VEREADOR","2016","fim_regular","tce"
"M2016_19208_13_40000_150000002981","PB","19208","VEREADOR","2016","fim_regular","tce"
"M2016_19208_13_14111_150000002337","PB","19208","VEREADOR","2016","fim_regular","tce"
"M2016_19208_13_14000_150000002334","PB","19208","VEREADOR","2016","fim_regular","tce"
"M2016_19208_13_15444_150000002979","PB","19208","VEREADOR","2016","fim_regular","tce"
"M2016_19208_13_25250_150000002324","PB","19208","VEREADOR","2016","fim_regular","tce"
"M2016_19208_13_40789_150000002977","PB","19208","VEREADOR","2016","fim_regular","tce"
"M2016_19208_13_14725_150000002327","PB","19208","VEREADOR","2016","fim_regular","tce"
"M2020_19208_13_45222_150000763409","PB","19208","VEREADOR","2020","fim_regular","tce"
"M2020_19208_13_45555_150000763403","PB","19208","VEREADOR","2020","fim_regular","tce"
"M2020_19208_13_40777_150000944734","PB","19208","VEREADOR","2020","outro","tce"
"M2020_19208_13_22444_150000826361","PB","19208","VEREADOR","2020","fim_regular","tce"
"M2020_19208_13_22222_150000826360","PB","19208","VEREADOR","2020","fim_regular","tce"
"M2020_19208_13_45000_150000763410","PB","19208","VEREADOR","2020","fim_regular","tce"
"M2020_19208_13_45123_150000763399","PB","19208","VEREADOR","2020","fim_regular","tce"
"M2016_19216_13_40000_150000007098","PB","19216","VEREADOR","2016","fim_regular","tce"
"M2016_19216_13_55333_150000010489","PB","19216","VEREADOR","2016","fim_regular","tce"
"M2016_19216_13_17789_150000007095","PB","19216","VEREADOR","2016","fim_regular","tce"
"M2016_19216_13_31456_150000010671","PB","19216","VEREADOR","2016","outro","tce"
"M2016_19216_13_12345_150000009191","PB","19216","VEREADOR","2016","fim_regular","tce"
"M2016_19216_13_36333_150000010682","PB","19216","VEREADOR","2016","fim_regular","tce"
"M2016_19216_13_44444_150000010343","PB","19216","VEREADOR","2016","fim_regular","tce"
"M2016_19216_13_45444_150000010657","PB","19216","VEREADOR","2016","fim_regular","tce"
"M2016_19216_13_55678_150000010499","PB","19216","VEREADOR","2016","fim_regular","tce"
"M2016_19216_13_65333_150000010335","PB","19216","VEREADOR","2016","fim_regular","tce"
"M2016_19216_13_20222_150000010488","PB","19216","VEREADOR","2016","fim_regular","tce"
"M2020_19216_13_70123_150001029346","PB","19216","VEREADOR","2020","outro","tce"
"M2020_19216_13_28123_150000910329","PB","19216","VEREADOR","2020","fim_regular","tce"
"M2020_19216_13_20123_150001071106","PB","19216","VEREADOR","2020","fim_regular","tce"
"M2020_19216_13_12111_150001071416","PB","19216","VEREADOR","2020","fim_regular","tce"
"M2020_19216_13_12444_150001071427","PB","19216","VEREADOR","2020","fim_regular","tce"
"M2020_19216_13_12888_150001071425","PB","19216","VEREADOR","2020","fim_regular","tce"
"M2020_19216_13_20000_150001071113","PB","19216","VEREADOR","2020","outro","tce"
"M2020_19216_13_20777_150001071112","PB","19216","VEREADOR","2020","fim_regular","tce"
"M2020_19216_13_28888_150000910330","PB","19216","VEREADOR","2020","fim_regular","tce"
"M2020_19216_13_45000_150000983640","PB","19216","VEREADOR","2020","fim_regular","tce"
"M2020_19216_13_20222_150001071119","PB","19216","VEREADOR","2020","fim_regular","tce"
"M2016_19224_13_45120_150000010766","PB","19224","VEREADOR","2016","fim_regular","tce"
"M2016_19224_13_15369_150000012795","PB","19224","VEREADOR","2016","fim_regular","tce"
"M2016_19224_13_15123_150000012785","PB","19224","VEREADOR","2016","fim_regular","tce"
"M2016_19224_13_40321_150000012789","PB","19224","VEREADOR","2016","fim_regular","tce"
"M2016_19224_13_45555_150000010770","PB","19224","VEREADOR","2016","fim_regular","tce"
"M2016_19224_13_45500_150000010773","PB","19224","VEREADOR","2016","fim_regular","tce"
"M2016_19224_13_45678_150000010765","PB","19224","VEREADOR","2016","fim_regular","tce"
"M2016_19224_13_55555_150000010772","PB","19224","VEREADOR","2016","outro","tce"
"M2016_19224_13_40123_150000012796","PB","19224","VEREADOR","2016","fim_regular","tce"
"M2020_19224_13_12444_150000733437","PB","19224","VEREADOR","2020","fim_regular","tce"
"M2020_19224_13_12369_150000733439","PB","19224","VEREADOR","2020","fim_regular","tce"
"M2020_19224_13_11345_150000672922","PB","19224","VEREADOR","2020","fim_regular","tce"
"M2020_19224_13_11000_150000672919","PB","19224","VEREADOR","2020","fim_regular","tce"
"M2020_19224_13_11222_150000672918","PB","19224","VEREADOR","2020","fim_regular","tce"
"M2020_19224_13_12345_150000733446","PB","19224","VEREADOR","2020","fim_regular","tce"
"M2020_19224_13_11555_150000672916","PB","19224","VEREADOR","2020","fim_regular","tce"
"M2020_19224_13_12333_150000733442","PB","19224","VEREADOR","2020","fim_regular","tce"
"M2020_19224_13_11123_150000672926","PB","19224","VEREADOR","2020","fim_regular","tce"
"M2012_19232_13_15666_150000002068","PB","19232","VEREADOR","2012","fim_regular","tce"
"M2012_19232_13_45666_150000005278","PB","19232","VEREADOR","2012","fim_regular","tce"
"M2012_19232_13_15678_150000002060","PB","19232","VEREADOR","2012","fim_regular","tce"
"M2012_19232_13_25123_150000005287","PB","19232","VEREADOR","2012","fim_regular","tce"
"M2012_19232_13_40000_150000015155","PB","19232","VEREADOR","2012","fim_regular","tce"
"M2012_19232_13_45222_150000005283","PB","19232","VEREADOR","2012","outro","tce"
"M2016_19232_13_55555_150000009226","PB","19232","VEREADOR","2016","fim_regular","tce"
"M2016_19232_13_15000_150000007653","PB","19232","VEREADOR","2016","fim_regular","tce"
"M2016_19232_13_55456_150000009224","PB","19232","VEREADOR","2016","outro","tce"
"M2016_19232_13_45123_150000009233","PB","19232","VEREADOR","2016","fim_regular","tce"
"M2016_19232_13_45222_150000009238","PB","19232","VEREADOR","2016","outro","tce"
"M2016_19232_13_15333_150000007648","PB","19232","VEREADOR","2016","fim_regular","tce"
"M2016_19232_13_15966_150000007645","PB","19232","VEREADOR","2016","fim_regular","tce"
"M2016_19232_13_22222_150000007644","PB","19232","VEREADOR","2016","fim_regular","tce"
"M2016_19232_13_45789_150000009237","PB","19232","VEREADOR","2016","fim_regular","tce"
"M2020_19232_13_23333_150000671231","PB","19232","VEREADOR","2020","fim_regular","tce"
"M2020_19232_13_23222_150000671229","PB","19232","VEREADOR","2020","fim_regular","tce"
"M2020_19232_13_23678_150000671240","PB","19232","VEREADOR","2020","fim_regular","tce"
"M2020_19232_13_23456_150000671232","PB","19232","VEREADOR","2020","fim_regular","tce"
"M2020_19232_13_23123_150000671234","PB","19232","VEREADOR","2020","fim_regular","tce"
"M2020_19232_13_23000_150000671241","PB","19232","VEREADOR","2020","outro","tce"
"M2020_19232_13_23111_150000671242","PB","19232","VEREADOR","2020","fim_regular","tce"
"M2020_19232_13_23555_150000671239","PB","19232","VEREADOR","2020","fim_regular","tce"
"M2020_19232_13_40333_150001168581","PB","19232","VEREADOR","2020","fim_regular","tce"
"M2012_19240_13_20567_150000001538","PB","19240","VEREADOR","2012","fim_regular","tce"
"M2012_19240_13_20123_150000001539","PB","19240","VEREADOR","2012","fim_regular","tce"
"M2012_19240_13_14000_150000001455","PB","19240","VEREADOR","2012","fim_regular","tce"
"M2012_19240_13_25620_150000001456","PB","19240","VEREADOR","2012","fim_regular","tce"
"M2012_19240_13_15123_150000001537","PB","19240","VEREADOR","2012","fim_regular","tce"
"M2012_19240_13_15999_150000001536","PB","19240","VEREADOR","2012","outro","tce"
"M2012_19240_13_45789_150000001457","PB","19240","VEREADOR","2012","fim_regular","tce"
"M2012_19240_13_20611_150000001540","PB","19240","VEREADOR","2012","fim_regular","tce"
"M2012_19240_13_20111_150000001542","PB","19240","VEREADOR","2012","fim_regular","tce"
"M2016_19240_13_40789_150000005263","PB","19240","VEREADOR","2016","outro","tce"
"M2016_19240_13_55555_150000003354","PB","19240","VEREADOR","2016","fim_regular","tce"
"M2016_19240_13_15123_150000003351","PB","19240","VEREADOR","2016","fim_regular","tce"
"M2016_19240_13_15999_150000003346","PB","19240","VEREADOR","2016","fim_regular","tce"
"M2016_19240_13_15555_150000003348","PB","19240","VEREADOR","2016","fim_regular","tce"
"M2016_19240_13_20611_150000005256","PB","19240","VEREADOR","2016","fim_regular","tce"
"M2016_19240_13_40111_150000005255","PB","19240","VEREADOR","2016","fim_regular","tce"
"M2016_19240_13_65111_150000003358","PB","19240","VEREADOR","2016","fim_regular","tce"
"M2020_19240_13_25123_150000732611","PB","19240","VEREADOR","2020","fim_regular","tce"
"M2020_19240_13_25999_150000732604","PB","19240","VEREADOR","2020","fim_regular","tce"
"M2020_19240_13_25611_150000732606","PB","19240","VEREADOR","2020","fim_regular","tce"
"M2020_19240_13_25111_150000732607","PB","19240","VEREADOR","2020","fim_regular","tce"
"M2020_19240_13_15678_150000829737","PB","19240","VEREADOR","2020","fim_regular","tce"
"M2020_19240_13_65123_150000732666","PB","19240","VEREADOR","2020","fim_regular","tce"
"M2012_19267_13_11111_150000001922","PB","19267","VEREADOR","2012","outro","tce"
"M2012_19267_13_40555_150000003901","PB","19267","VEREADOR","2012","fim_regular","tce"
"M2012_19267_13_45666_150000003914","PB","19267","VEREADOR","2012","fim_regular","tce"
"M2012_19267_13_55555_150000003911","PB","19267","VEREADOR","2012","fim_regular","tce"
"M2012_19267_13_70123_150000001920","PB","19267","VEREADOR","2012","fim_regular","tce"
"M2012_19267_13_25123_150000003915","PB","19267","VEREADOR","2012","fim_regular","tce"
"M2012_19267_13_31111_150000001918","PB","19267","VEREADOR","2012","fim_regular","tce"
"M2012_19267_13_20123_150000001930","PB","19267","VEREADOR","2012","fim_regular","tce"
"M2016_19267_13_55555_150000011220","PB","19267","VEREADOR","2016","fim_regular","tce"
"M2016_19267_13_15222_150000011755","PB","19267","VEREADOR","2016","fim_regular","tce"
"M2016_19267_13_12444_150000011747","PB","19267","VEREADOR","2016","fim_regular","tce"
"M2016_19267_13_15123_150000011753","PB","19267","VEREADOR","2016","fim_regular","tce"
"M2016_19267_13_40000_150000011216","PB","19267","VEREADOR","2016","fim_regular","tce"
"M2016_19267_13_40123_150000011217","PB","19267","VEREADOR","2016","fim_regular","tce"
"M2016_19267_13_45555_150000011751","PB","19267","VEREADOR","2016","fim_regular","tce"
"M2016_19267_13_25123_150000011746","PB","19267","VEREADOR","2016","fim_regular","tce"
"M2016_19267_13_20000_150000011759","PB","19267","VEREADOR","2016","outro","tce"
"M2020_19267_13_10000_150001052025","PB","19267","VEREADOR","2020","fim_regular","tce"
"M2020_19267_13_11444_150001111554","PB","19267","VEREADOR","2020","fim_regular","tce"
"M2020_19267_13_10222_150001052024","PB","19267","VEREADOR","2020","fim_regular","tce"
"M2020_19267_13_11111_150001111556","PB","19267","VEREADOR","2020","fim_regular","tce"
"M2020_19267_13_11222_150001111560","PB","19267","VEREADOR","2020","fim_regular","tce"
"M2020_19267_13_11555_150001111562","PB","19267","VEREADOR","2020","fim_regular","tce"
"M2020_19267_13_12222_150001047086","PB","19267","VEREADOR","2020","fim_regular","tce"
"M2020_19267_13_12345_150001047085","PB","19267","VEREADOR","2020","fim_regular","tce"
"M2012_19275_13_40123_150000006653","PB","19275","VEREADOR","2012","fim_regular","tce"
"M2012_19275_13_15611_150000000656","PB","19275","VEREADOR","2012","fim_regular","tce"
"M2012_19275_13_40234_150000006649","PB","19275","VEREADOR","2012","fim_regular","tce"
"M2012_19275_13_15655_150000000655","PB","19275","VEREADOR","2012","fim_regular","tce"
"M2012_19275_13_13115_150000000648","PB","19275","VEREADOR","2012","fim_regular","tce"
"M2012_19275_13_13333_150000000649","PB","19275","VEREADOR","2012","fim_regular","tce"
"M2012_19275_13_40111_150000006657","PB","19275","VEREADOR","2012","outro","tce"
"M2012_19275_13_40147_150000006652","PB","19275","VEREADOR","2012","fim_regular","tce"
"M2016_19275_13_40789_150000003471","PB","19275","VEREADOR","2016","outro","tce"
"M2016_19275_13_40123_150000003469","PB","19275","VEREADOR","2016","fim_regular","tce"
"M2016_19275_13_20123_150000005936","PB","19275","VEREADOR","2016","fim_regular","tce"
"M2016_19275_13_15655_150000003466","PB","19275","VEREADOR","2016","fim_regular","tce"
"M2016_19275_13_55111_150000005933","PB","19275","VEREADOR","2016","fim_regular","tce"
"M2016_19275_13_40111_150000003461","PB","19275","VEREADOR","2016","fim_regular","tce"
"M2016_19275_13_14000_150000003467","PB","19275","VEREADOR","2016","fim_regular","tce"
"M2016_19275_13_20000_150000005938","PB","19275","VEREADOR","2016","fim_regular","tce"
"M2016_19275_13_90123_150000003473","PB","19275","VEREADOR","2016","fim_regular","tce"
"M2020_19275_13_11112_150000672780","PB","19275","VEREADOR","2020","fim_regular","tce"
"M2020_19275_13_11000_150000672789","PB","19275","VEREADOR","2020","fim_regular","tce"
"M2020_19275_13_11234_150000672788","PB","19275","VEREADOR","2020","fim_regular","tce"
"M2020_19275_13_12345_150001015987","PB","19275","VEREADOR","2020","fim_regular","tce"
"M2020_19275_13_14123_150001029203","PB","19275","VEREADOR","2020","fim_regular","tce"
"M2020_19275_13_11111_150000672783","PB","19275","VEREADOR","2020","fim_regular","tce"
"M2016_19283_13_12345_150000007738","PB","19283","VEREADOR","2016","outro","tce"
"M2016_19283_13_45444_150000008783","PB","19283","VEREADOR","2016","fim_regular","tce"
"M2016_19283_13_55111_150000007727","PB","19283","VEREADOR","2016","fim_regular","tce"
"M2020_19291_13_25444_150000683232","PB","19291","VEREADOR","2020","fim_regular","tce"
"M2020_19291_13_23333_150000727346","PB","19291","VEREADOR","2020","fim_regular","tce"
"M2020_19291_13_45222_150001076509","PB","19291","VEREADOR","2020","fim_regular","tce"
"M2020_19291_13_23777_150000727351","PB","19291","VEREADOR","2020","fim_regular","tce"
"M2020_19291_13_25333_150000683229","PB","19291","VEREADOR","2020","fim_regular","tce"
"M2020_19291_13_25555_150000683231","PB","19291","VEREADOR","2020","fim_regular","tce"
"M2020_19291_13_25600_150000683234","PB","19291","VEREADOR","2020","fim_regular","tce"
"M2020_19291_13_90345_150001103596","PB","19291","VEREADOR","2020","fim_regular","tce"
"M2012_19305_13_22123_150000000949","PB","19305","VEREADOR","2012","fim_regular","tce"
"M2012_19305_13_25111_150000005165","PB","19305","VEREADOR","2012","fim_regular","tce"
"M2012_19305_13_11222_150000000942","PB","19305","VEREADOR","2012","fim_regular","tce"
"M2012_19305_13_15444_150000000952","PB","19305","VEREADOR","2012","fim_regular","tce"
"M2012_19305_13_22222_150000000947","PB","19305","VEREADOR","2012","fim_regular","tce"
"M2012_19305_13_15111_150000000951","PB","19305","VEREADOR","2012","outro","tce"
"M2012_19305_13_17123_150000000945","PB","19305","VEREADOR","2012","fim_regular","tce"
"M2012_19305_13_40111_150000005155","PB","19305","VEREADOR","2012","fim_regular","tce"
"M2012_19305_13_40123_150000005161","PB","19305","VEREADOR","2012","outro","tce"
"M2016_19305_13_11222_150000002942","PB","19305","VEREADOR","2016","fim_regular","tce"
"M2016_19305_13_15555_150000002947","PB","19305","VEREADOR","2016","fim_regular","tce"
"M2016_19305_13_55111_150000002952","PB","19305","VEREADOR","2016","fim_regular","tce"
"M2016_19305_13_45555_150000009486","PB","19305","VEREADOR","2016","fim_regular","tce"
"M2016_19305_13_17111_150000009487","PB","19305","VEREADOR","2016","fim_regular","tce"
"M2016_19305_13_13456_150000009495","PB","19305","VEREADOR","2016","fim_regular","tce"
"M2016_19305_13_15333_150000002951","PB","19305","VEREADOR","2016","fim_regular","tce"
"M2016_19305_13_40456_150000002944","PB","19305","VEREADOR","2016","fim_regular","tce"
"M2020_19305_13_12123_150000751696","PB","19305","VEREADOR","2020","fim_regular","tce"
"M2020_19305_13_40000_150000690715","PB","19305","VEREADOR","2020","fim_regular","tce"
"M2020_19305_13_12111_150000751695","PB","19305","VEREADOR","2020","fim_regular","tce"
"M2020_19305_13_13456_150000751723","PB","19305","VEREADOR","2020","fim_regular","tce"
"M2020_19305_13_40456_150000690713","PB","19305","VEREADOR","2020","fim_regular","tce"
"M2020_19305_13_40123_150000690719","PB","19305","VEREADOR","2020","fim_regular","tce"
"M2020_19305_13_40888_150000690723","PB","19305","VEREADOR","2020","fim_regular","tce"
"M2020_19305_13_40999_150000690714","PB","19305","VEREADOR","2020","fim_regular","tce"
"M2012_19321_13_14123_150000004530","PB","19321","VEREADOR","2012","outro","tce"
"M2012_19321_13_14444_150000004537","PB","19321","VEREADOR","2012","fim_regular","tce"
"M2012_19321_13_14566_150000004540","PB","19321","VEREADOR","2012","fim_regular","tce"
"M2012_19321_13_14622_150000004527","PB","19321","VEREADOR","2012","fim_regular","tce"
"M2012_19321_13_25800_150000012409","PB","19321","VEREADOR","2012","fim_regular","tce"
"M2012_19321_13_55555_150000004536","PB","19321","VEREADOR","2012","fim_regular","tce"
"M2012_19321_13_70000_150000012400","PB","19321","VEREADOR","2012","fim_regular","tce"
"M2012_19321_13_70456_150000012401","PB","19321","VEREADOR","2012","fim_regular","tce"
"M2016_19321_13_27777_150000008280","PB","19321","VEREADOR","2016","fim_regular","tce"
"M2016_19321_13_14444_150000008798","PB","19321","VEREADOR","2016","fim_regular","tce"
"M2016_19321_13_40123_150000008794","PB","19321","VEREADOR","2016","fim_regular","tce"
"M2016_19321_13_14566_150000008797","PB","19321","VEREADOR","2016","fim_regular","tce"
"M2016_19321_13_14622_150000008796","PB","19321","VEREADOR","2016","fim_regular","tce"
"M2016_19321_13_70000_150000008282","PB","19321","VEREADOR","2016","fim_regular","tce"
"M2016_19321_13_25123_150000008790","PB","19321","VEREADOR","2016","outro","tce"
"M2016_19321_13_13123_150000008791","PB","19321","VEREADOR","2016","fim_regular","tce"
"M2016_19321_13_55333_150000008283","PB","19321","VEREADOR","2016","fim_regular","tce"
"M2020_19321_13_14123_150000994080","PB","19321","VEREADOR","2020","fim_regular","tce"
"M2020_19321_13_14111_150000994076","PB","19321","VEREADOR","2020","fim_regular","tce"
"M2020_19321_13_14566_150000994081","PB","19321","VEREADOR","2020","fim_regular","tce"
"M2020_19321_13_14622_150000994082","PB","19321","VEREADOR","2020","fim_regular","tce"
"M2020_19321_13_13123_150001092526","PB","19321","VEREADOR","2020","fim_regular","tce"
"M2020_19321_13_70777_150000729458","PB","19321","VEREADOR","2020","fim_regular","tce"
"M2020_19321_13_70000_150000729462","PB","19321","VEREADOR","2020","fim_regular","tce"
"M2020_19321_13_70222_150000729456","PB","19321","VEREADOR","2020","fim_regular","tce"
"M2020_19321_13_70456_150000729461","PB","19321","VEREADOR","2020","fim_regular","tce"
"M2012_19330_13_15789_150000012072","PB","19330","VEREADOR","2012","fim_regular","tce"
"M2012_19330_13_40123_150000012067","PB","19330","VEREADOR","2012","outro","tce"
"M2012_19330_13_25800_150000005270","PB","19330","VEREADOR","2012","fim_regular","tce"
"M2012_19330_13_23456_150000005274","PB","19330","VEREADOR","2012","fim_regular","tce"
"M2012_19330_13_40789_150000012068","PB","19330","VEREADOR","2012","fim_regular","tce"
"M2012_19330_13_15155_150000012061","PB","19330","VEREADOR","2012","fim_regular","tce"
"M2012_19330_13_11111_150000012073","PB","19330","VEREADOR","2012","fim_regular","tce"
"M2012_19330_13_13333_150000012063","PB","19330","VEREADOR","2012","fim_regular","tce"
"M2012_19330_13_25622_150000005269","PB","19330","VEREADOR","2012","fim_regular","tce"
"M2016_19330_13_11111_150000003503","PB","19330","VEREADOR","2016","fim_regular","tce"
"M2016_19330_13_25611_150000003502","PB","19330","VEREADOR","2016","fim_regular","tce"
"M2016_19330_13_12333_150000003508","PB","19330","VEREADOR","2016","fim_regular","tce"
"M2016_19330_13_25678_150000003513","PB","19330","VEREADOR","2016","fim_regular","tce"
"M2016_19330_13_12222_150000003511","PB","19330","VEREADOR","2016","fim_regular","tce"
"M2016_19330_13_13111_150000009401","PB","19330","VEREADOR","2016","fim_regular","tce"
"M2016_19330_13_20000_150000009396","PB","19330","VEREADOR","2016","fim_regular","tce"
"M2016_19330_13_25222_150000003509","PB","19330","VEREADOR","2016","fim_regular","tce"
"M2016_19330_13_31789_150000003501","PB","19330","VEREADOR","2016","fim_regular","tce"
"M2016_19330_13_40000_150000003506","PB","19330","VEREADOR","2016","fim_regular","tce"
"M2016_19330_13_55555_150000009407","PB","19330","VEREADOR","2016","outro","tce"
"M2020_19330_13_11444_150001136320","PB","19330","VEREADOR","2020","fim_regular","tce"
"M2020_19330_13_25600_150000976123","PB","19330","VEREADOR","2020","outro","tce"
"M2020_19330_13_25678_150000976126","PB","19330","VEREADOR","2020","fim_regular","tce"
"M2020_19330_13_11333_150001136322","PB","19330","VEREADOR","2020","fim_regular","tce"
"M2020_19330_13_25222_150000976111","PB","19330","VEREADOR","2020","fim_regular","tce"
"M2020_19330_13_11000_150001136321","PB","19330","VEREADOR","2020","fim_regular","tce"
"M2020_19330_13_25456_150000976120","PB","19330","VEREADOR","2020","fim_regular","tce"
"M2020_19330_13_25555_150000976122","PB","19330","VEREADOR","2020","fim_regular","tce"
"M2020_19330_13_25789_150000976125","PB","19330","VEREADOR","2020","fim_regular","tce"
"M2020_19330_13_11111_150001136315","PB","19330","VEREADOR","2020","fim_regular","tce"
"M2020_19330_13_25622_150000976114","PB","19330","VEREADOR","2020","fim_regular","tce"
"M2012_19348_13_22222_150000004614","PB","19348","VEREADOR","2012","fim_regular","tce"
"M2012_19348_13_25999_150000006262","PB","19348","VEREADOR","2012","fim_regular","tce"
"M2012_19348_13_13333_150000004619","PB","19348","VEREADOR","2012","fim_regular","tce"
"M2012_19348_13_13444_150000004621","PB","19348","VEREADOR","2012","fim_regular","tce"
"M2012_19348_13_25111_150000006261","PB","19348","VEREADOR","2012","fim_regular","tce"
"M2012_19348_13_55222_150000006260","PB","19348","VEREADOR","2012","fim_regular","tce"
"M2012_19348_13_55555_150000006266","PB","19348","VEREADOR","2012","fim_regular","tce"
"M2012_19348_13_14610_150000004618","PB","19348","VEREADOR","2012","fim_regular","tce"
"M2012_19364_13_22345_150000002622","PB","19364","VEREADOR","2012","fim_regular","tce"
"M2012_19364_13_22222_150000002631","PB","19364","VEREADOR","2012","fim_regular","tce"
"M2012_19364_13_22333_150000002620","PB","19364","VEREADOR","2012","fim_regular","tce"
"M2012_19364_13_11111_150000002625","PB","19364","VEREADOR","2012","fim_regular","tce"
"M2012_19364_13_11555_150000002632","PB","19364","VEREADOR","2012","fim_regular","tce"
"M2012_19364_13_40000_150000001420","PB","19364","VEREADOR","2012","fim_regular","tce"
"M2012_19364_13_40777_150000001412","PB","19364","VEREADOR","2012","outro","tce"
"M2012_19364_13_40444_150000001419","PB","19364","VEREADOR","2012","fim_regular","tce"
"M2012_19364_13_40222_150000001417","PB","19364","VEREADOR","2012","outro","tce"
"M2016_19364_13_45444_150000008245","PB","19364","VEREADOR","2016","fim_regular","tce"
"M2016_19364_13_18888_150000009370","PB","19364","VEREADOR","2016","fim_regular","tce"
"M2016_19364_13_45333_150000008244","PB","19364","VEREADOR","2016","fim_regular","tce"
"M2016_19364_13_40000_150000009374","PB","19364","VEREADOR","2016","fim_regular","tce"
"M2016_19364_13_10000_150000009380","PB","19364","VEREADOR","2016","fim_regular","tce"
"M2016_19364_13_11111_150000008248","PB","19364","VEREADOR","2016","fim_regular","tce"
"M2016_19364_13_40777_150000009377","PB","19364","VEREADOR","2016","fim_regular","tce"
"M2016_19364_13_45678_150000008256","PB","19364","VEREADOR","2016","fim_regular","tce"
"M2020_19364_13_45444_150001200079","PB","19364","VEREADOR","2020","outro","tce"
"M2020_19364_13_45122_150001200075","PB","19364","VEREADOR","2020","outro","tce"
"M2020_19364_13_45777_150001200082","PB","19364","VEREADOR","2020","fim_regular","tce"
"M2020_19364_13_45678_150001200078","PB","19364","VEREADOR","2020","fim_regular","tce"
"M2020_19364_13_45111_150001200084","PB","19364","VEREADOR","2020","fim_regular","tce"
"M2020_19364_13_45123_150001200076","PB","19364","VEREADOR","2020","fim_regular","tce"
"M2020_19364_13_45222_150001200081","PB","19364","VEREADOR","2020","outro","tce"
"M2020_19364_13_45333_150001275798","PB","19364","VEREADOR","2020","fim_regular","tce"
"M2020_19364_13_45555_150001200080","PB","19364","VEREADOR","2020","fim_regular","tce"
"M2012_19372_13_25333_150000009462","PB","19372","VEREADOR","2012","fim_regular","tce"
"M2012_19372_13_33777_150000012332","PB","19372","VEREADOR","2012","fim_regular","tce"
"M2012_19372_13_40111_150000005691","PB","19372","VEREADOR","2012","fim_regular","tce"
"M2012_19372_13_11612_150000010768","PB","19372","VEREADOR","2012","fim_regular","tce"
"M2012_19372_13_14190_150000006299","PB","19372","VEREADOR","2012","fim_regular","tce"
"M2012_19372_13_14630_150000006295","PB","19372","VEREADOR","2012","fim_regular","tce"
"M2012_19372_13_15555_150000013061","PB","19372","VEREADOR","2012","fim_regular","tce"
"M2012_19372_13_17007_150000004297","PB","19372","VEREADOR","2012","fim_regular","tce"
"M2012_19372_13_17111_150000004298","PB","19372","VEREADOR","2012","fim_regular","tce"
"M2012_19372_13_17190_150000004299","PB","19372","VEREADOR","2012","fim_regular","tce"
"M2012_19372_13_23200_150000006278","PB","19372","VEREADOR","2012","fim_regular","tce"
"M2012_19372_13_45000_150000009474","PB","19372","VEREADOR","2012","fim_regular","tce"
"M2012_19372_13_55345_150000013721","PB","19372","VEREADOR","2012","outro","tce"
"M2012_19372_13_10123_150000013714","PB","19372","VEREADOR","2012","fim_regular","tce"
"M2016_19372_13_33777_150000006917","PB","19372","VEREADOR","2016","fim_regular","tce"
"M2016_19372_13_40111_150000007707","PB","19372","VEREADOR","2016","fim_regular","tce"
"M2016_19372_13_55612_150000012490","PB","19372","VEREADOR","2016","fim_regular","tce"
"M2016_19372_13_40190_150000007705","PB","19372","VEREADOR","2016","fim_regular","tce"
"M2016_19372_13_17630_150000010597","PB","19372","VEREADOR","2016","fim_regular","tce"
"M2016_19372_13_17007_150000010606","PB","19372","VEREADOR","2016","fim_regular","tce"
"M2016_19372_13_40444_150000007708","PB","19372","VEREADOR","2016","outro","tce"
"M2016_19372_13_12123_150000012342","PB","19372","VEREADOR","2016","fim_regular","tce"
"M2016_19372_13_15123_150000012349","PB","19372","VEREADOR","2016","outro","tce"
"M2016_19372_13_17555_150000010599","PB","19372","VEREADOR","2016","fim_regular","tce"
"M2016_19372_13_19200_150000005900","PB","19372","VEREADOR","2016","fim_regular","tce"
"M2016_19372_13_19333_150000005928","PB","19372","VEREADOR","2016","fim_regular","tce"
"M2016_19372_13_19789_150000005901","PB","19372","VEREADOR","2016","fim_regular","tce"
"M2016_19372_13_22111_150000011310","PB","19372","VEREADOR","2016","fim_regular","tce"
"M2016_19372_13_33115_150000006916","PB","19372","VEREADOR","2016","fim_regular","tce"
"M2016_19372_13_40122_150000007712","PB","19372","VEREADOR","2016","outro","tce"
"M2020_19372_13_12612_150000914040","PB","19372","VEREADOR","2020","fim_regular","tce"
"M2020_19372_13_36630_150001035007","PB","19372","VEREADOR","2020","fim_regular","tce"
"M2020_19372_13_22007_150000721080","PB","19372","VEREADOR","2020","fim_regular","tce"
"M2020_19372_13_11000_150000913329","PB","19372","VEREADOR","2020","outro","tce"
"M2020_19372_13_22200_150000721083","PB","19372","VEREADOR","2020","fim_regular","tce"
"M2020_19372_13_12789_150000914036","PB","19372","VEREADOR","2020","fim_regular","tce"
"M2020_19372_13_10111_150000841443","PB","19372","VEREADOR","2020","fim_regular","tce"
"M2020_19372_13_11001_150000913328","PB","19372","VEREADOR","2020","fim_regular","tce"
"M2020_19372_13_11222_150000913330","PB","19372","VEREADOR","2020","fim_regular","tce"
"M2020_19372_13_14000_150000914555","PB","19372","VEREADOR","2020","fim_regular","tce"
"M2020_19372_13_14100_150000914564","PB","19372","VEREADOR","2020","fim_regular","tce"
"M2020_19372_13_23444_150000914941","PB","19372","VEREADOR","2020","fim_regular","tce"
"M2020_19372_13_25147_150000972822","PB","19372","VEREADOR","2020","fim_regular","tce"
"M2020_19372_13_43000_150000758269","PB","19372","VEREADOR","2020","fim_regular","tce"
"M2020_19372_13_65600_150001178130","PB","19372","VEREADOR","2020","fim_regular","tce"
"M2012_19380_13_40123_150000003270","PB","19380","VEREADOR","2012","fim_regular","tce"
"M2012_19380_13_14444_150000003262","PB","19380","VEREADOR","2012","fim_regular","tce"
"M2012_19380_13_15611_150000003265","PB","19380","VEREADOR","2012","fim_regular","tce"
"M2012_19380_13_55000_150000003308","PB","19380","VEREADOR","2012","fim_regular","tce"
"M2012_19380_13_70000_150000003258","PB","19380","VEREADOR","2012","fim_regular","tce"
"M2012_19380_13_45678_150000003259","PB","19380","VEREADOR","2012","fim_regular","tce"
"M2012_19380_13_14555_150000003256","PB","19380","VEREADOR","2012","fim_regular","tce"
"M2012_19380_13_45611_150000003267","PB","19380","VEREADOR","2012","fim_regular","tce"
"M2016_19380_13_15222_150000002786","PB","19380","VEREADOR","2016","outro","tce"
"M2016_19380_13_22123_150000002778","PB","19380","VEREADOR","2016","fim_regular","tce"
"M2016_19380_13_11111_150000001236","PB","19380","VEREADOR","2016","fim_regular","tce"
"M2016_19380_13_70000_150000002780","PB","19380","VEREADOR","2016","fim_regular","tce"
"M2016_19380_13_20000_150000001244","PB","19380","VEREADOR","2016","fim_regular","tce"
"M2016_19380_13_40000_150000001243","PB","19380","VEREADOR","2016","fim_regular","tce"
"M2016_19380_13_20555_150000001242","PB","19380","VEREADOR","2016","fim_regular","tce"
"M2016_19380_13_11222_150000001237","PB","19380","VEREADOR","2016","outro","tce"
"M2016_19380_13_45611_150000002782","PB","19380","VEREADOR","2016","fim_regular","tce"
"M2020_19380_13_19111_150000661046","PB","19380","VEREADOR","2020","outro","tce"
"M2020_19380_13_19999_150000661048","PB","19380","VEREADOR","2020","fim_regular","tce"
"M2020_19380_13_19000_150000661041","PB","19380","VEREADOR","2020","fim_regular","tce"
"M2020_19380_13_19333_150000661045","PB","19380","VEREADOR","2020","fim_regular","tce"
"M2020_19380_13_22122_150001268429","PB","19380","VEREADOR","2020","fim_regular","tce"
"M2020_19380_13_22123_150000920660","PB","19380","VEREADOR","2020","fim_regular","tce"
"M2020_19380_13_19555_150000661044","PB","19380","VEREADOR","2020","fim_regular","tce"
"M2020_19380_13_19222_150000661042","PB","19380","VEREADOR","2020","fim_regular","tce"
"M2020_19380_13_22222_150000920661","PB","19380","VEREADOR","2020","fim_regular","tce"
"M2012_19399_13_13333_150000009963","PB","19399","VEREADOR","2012","fim_regular","tce"
"M2012_19399_13_15123_150000009974","PB","19399","VEREADOR","2012","fim_regular","tce"
"M2012_19399_13_12222_150000011318","PB","19399","VEREADOR","2012","fim_regular","tce"
"M2012_19399_13_15222_150000009971","PB","19399","VEREADOR","2012","fim_regular","tce"
"M2012_19399_13_15555_150000009962","PB","19399","VEREADOR","2012","fim_regular","tce"
"M2012_19399_13_15777_150000009966","PB","19399","VEREADOR","2012","fim_regular","tce"
"M2012_19399_13_40444_150000011142","PB","19399","VEREADOR","2012","fim_regular","tce"
"M2012_19399_13_45111_150000011140","PB","19399","VEREADOR","2012","fim_regular","tce"
"M2012_19399_13_55555_150000011132","PB","19399","VEREADOR","2012","fim_regular","tce"
"M2012_19399_13_65123_150000009973","PB","19399","VEREADOR","2012","fim_regular","tce"
"M2020_19399_13_23333_150001182211","PB","19399","VEREADOR","2020","fim_regular","tce"
"M2020_19399_13_25800_150000921860","PB","19399","VEREADOR","2020","fim_regular","tce"
"M2020_19399_13_23222_150001182212","PB","19399","VEREADOR","2020","fim_regular","tce"
"M2020_19399_13_23444_150001182215","PB","19399","VEREADOR","2020","fim_regular","tce"
"M2020_19399_13_23555_150001182213","PB","19399","VEREADOR","2020","fim_regular","tce"
"M2020_19399_13_15123_150000666840","PB","19399","VEREADOR","2020","fim_regular","tce"
"M2020_19399_13_23123_150001182217","PB","19399","VEREADOR","2020","fim_regular","tce"
"M2020_19399_13_25000_150000921862","PB","19399","VEREADOR","2020","fim_regular","tce"
"M2020_19399_13_25444_150000921864","PB","19399","VEREADOR","2020","fim_regular","tce"
"M2020_19399_13_90222_150001185105","PB","19399","VEREADOR","2020","fim_regular","tce"
"M2012_19402_13_22444_150000004754","PB","19402","VEREADOR","2012","outro","tce"
"M2012_19402_13_11111_150000004759","PB","19402","VEREADOR","2012","fim_regular","tce"
"M2012_19402_13_14444_150000007915","PB","19402","VEREADOR","2012","fim_regular","tce"
"M2012_19402_13_22666_150000004757","PB","19402","VEREADOR","2012","fim_regular","tce"
"M2012_19402_13_40111_150000004760","PB","19402","VEREADOR","2012","fim_regular","tce"
"M2012_19402_13_45444_150000007924","PB","19402","VEREADOR","2012","fim_regular","tce"
"M2012_19402_13_15604_150000007916","PB","19402","VEREADOR","2012","fim_regular","tce"
"M2012_19402_13_55555_150000004753","PB","19402","VEREADOR","2012","fim_regular","tce"
"M2012_19402_13_45666_150000007913","PB","19402","VEREADOR","2012","fim_regular","tce"
"M2016_19402_13_40444_150000011602","PB","19402","VEREADOR","2016","fim_regular","tce"
"M2016_19402_13_19000_150000008717","PB","19402","VEREADOR","2016","outro","tce"
"M2016_19402_13_40111_150000011597","PB","19402","VEREADOR","2016","fim_regular","tce"
"M2016_19402_13_40333_150000011593","PB","19402","VEREADOR","2016","fim_regular","tce"
"M2016_19402_13_15123_150000008716","PB","19402","VEREADOR","2016","fim_regular","tce"
"M2016_19402_13_40456_150000011592","PB","19402","VEREADOR","2016","fim_regular","tce"
"M2016_19402_13_40123_150000011587","PB","19402","VEREADOR","2016","fim_regular","tce"
"M2016_19402_13_15555_150000008714","PB","19402","VEREADOR","2016","fim_regular","tce"
"M2016_19402_13_40777_150000011595","PB","19402","VEREADOR","2016","fim_regular","tce"
"M2020_19402_13_23444_150000674385","PB","19402","VEREADOR","2020","fim_regular","tce"
"M2020_19402_13_23666_150000674382","PB","19402","VEREADOR","2020","fim_regular","tce"
"M2020_19402_13_23333_150000674386","PB","19402","VEREADOR","2020","fim_regular","tce"
"M2020_19402_13_23888_150000674377","PB","19402","VEREADOR","2020","outro","tce"
"M2020_19402_13_23456_150000674375","PB","19402","VEREADOR","2020","fim_regular","tce"
"M2020_19402_13_22123_150000911853","PB","19402","VEREADOR","2020","fim_regular","tce"
"M2020_19402_13_22888_150000911856","PB","19402","VEREADOR","2020","fim_regular","tce"
"M2020_19402_13_23555_150000674379","PB","19402","VEREADOR","2020","fim_regular","tce"
"M2020_19402_13_22444_150000911852","PB","19402","VEREADOR","2020","fim_regular","tce"
"M2016_19410_13_90000_150000009110","PB","19410","VEREADOR","2016","fim_regular","tce"
"M2016_19410_13_40444_150000009112","PB","19410","VEREADOR","2016","fim_regular","tce"
"M2016_19410_13_40000_150000009116","PB","19410","VEREADOR","2016","fim_regular","tce"
"M2016_19410_13_13333_150000011767","PB","19410","VEREADOR","2016","fim_regular","tce"
"M2016_19410_13_20000_150000011771","PB","19410","VEREADOR","2016","fim_regular","tce"
"M2016_19410_13_45555_150000011760","PB","19410","VEREADOR","2016","fim_regular","tce"
"M2016_19410_13_11111_150000009120","PB","19410","VEREADOR","2016","fim_regular","tce"
"M2016_19410_13_77777_150000013301","PB","19410","VEREADOR","2016","fim_regular","tce"
"M2020_19410_13_22222_150000914067","PB","19410","VEREADOR","2020","fim_regular","tce"
"M2020_19410_13_22333_150000914070","PB","19410","VEREADOR","2020","fim_regular","tce"
"M2020_19410_13_22555_150000914065","PB","19410","VEREADOR","2020","fim_regular","tce"
"M2020_19410_13_22111_150000914063","PB","19410","VEREADOR","2020","fim_regular","tce"
"M2012_19429_13_15611_150000001829","PB","19429","VEREADOR","2012","fim_regular","tce"
"M2012_19429_13_15555_150000001824","PB","19429","VEREADOR","2012","fim_regular","tce"
"M2012_19429_13_15123_150000001827","PB","19429","VEREADOR","2012","fim_regular","tce"
"M2012_19429_13_11112_150000001821","PB","19429","VEREADOR","2012","fim_regular","tce"
"M2012_19429_13_15222_150000001822","PB","19429","VEREADOR","2012","fim_regular","tce"
"M2012_19429_13_15607_150000001823","PB","19429","VEREADOR","2012","fim_regular","tce"
"M2012_19429_13_15604_150000001830","PB","19429","VEREADOR","2012","fim_regular","tce"
"M2012_19429_13_15603_150000001828","PB","19429","VEREADOR","2012","outro","tce"
"M2016_19429_13_22111_150000006030","PB","19429","VEREADOR","2016","fim_regular","tce"
"M2016_19429_13_22777_150000006033","PB","19429","VEREADOR","2016","fim_regular","tce"
"M2016_19429_13_22222_150000006027","PB","19429","VEREADOR","2016","outro","tce"
"M2016_19429_13_22555_150000006041","PB","19429","VEREADOR","2016","fim_regular","tce"
"M2016_19429_13_15111_150000010006","PB","19429","VEREADOR","2016","fim_regular","tce"
"M2016_19429_13_22000_150000006037","PB","19429","VEREADOR","2016","fim_regular","tce"
"M2016_19429_13_22333_150000006032","PB","19429","VEREADOR","2016","fim_regular","tce"
"M2016_19429_13_11111_150000006026","PB","19429","VEREADOR","2016","fim_regular","tce"
"M2016_19429_13_15555_150000009999","PB","19429","VEREADOR","2016","fim_regular","tce"
"M2020_19429_13_22222_150000879452","PB","19429","VEREADOR","2020","fim_regular","tce"
"M2020_19429_13_22555_150000879453","PB","19429","VEREADOR","2020","fim_regular","tce"
"M2020_19429_13_22333_150000879456","PB","19429","VEREADOR","2020","fim_regular","tce"
"M2020_19429_13_22000_150000879451","PB","19429","VEREADOR","2020","fim_regular","tce"
"M2020_19429_13_23222_150000880603","PB","19429","VEREADOR","2020","fim_regular","tce"
"M2020_19429_13_23444_150000880595","PB","19429","VEREADOR","2020","fim_regular","tce"
"M2020_19429_13_22888_150000879450","PB","19429","VEREADOR","2020","outro","tce"
"M2020_19429_13_23333_150000880602","PB","19429","VEREADOR","2020","fim_regular","tce"
"M2020_19429_13_23111_150000880600","PB","19429","VEREADOR","2020","fim_regular","tce"
"M2012_19437_13_27111_150000002395","PB","19437","VEREADOR","2012","fim_regular","tce"
"M2012_19437_13_45000_150000006053","PB","19437","VEREADOR","2012","fim_regular","tce"
"M2012_19437_13_65478_150000002391","PB","19437","VEREADOR","2012","fim_regular","tce"
"M2012_19437_13_10123_150000008580","PB","19437","VEREADOR","2012","fim_regular","tce"
"M2012_19437_13_45123_150000006064","PB","19437","VEREADOR","2012","fim_regular","tce"
"M2012_19437_13_45555_150000006052","PB","19437","VEREADOR","2012","fim_regular","tce"
"M2012_19437_13_45678_150000006058","PB","19437","VEREADOR","2012","fim_regular","tce"
"M2012_19437_13_55555_150000002394","PB","19437","VEREADOR","2012","outro","tce"
"M2012_19437_13_70000_150000008584","PB","19437","VEREADOR","2012","fim_regular","tce"
"M2016_19437_13_15111_150000004769","PB","19437","VEREADOR","2016","fim_regular","tce"
"M2016_19437_13_27111_150000002307","PB","19437","VEREADOR","2016","outro","tce"
"M2016_19437_13_55666_150000002308","PB","19437","VEREADOR","2016","fim_regular","tce"
"M2016_19437_13_55000_150000002312","PB","19437","VEREADOR","2016","fim_regular","tce"
"M2016_19437_13_15678_150000004775","PB","19437","VEREADOR","2016","fim_regular","tce"
"M2016_19437_13_27123_150000002306","PB","19437","VEREADOR","2016","fim_regular","tce"
"M2016_19437_13_55888_150000002310","PB","19437","VEREADOR","2016","fim_regular","tce"
"M2016_19437_13_70000_150000004778","PB","19437","VEREADOR","2016","fim_regular","tce"
"M2016_19437_13_70111_150000004773","PB","19437","VEREADOR","2016","fim_regular","tce"
"M2020_19437_13_10444_150000727745","PB","19437","VEREADOR","2020","fim_regular","tce"
"M2020_19437_13_45000_150001002128","PB","19437","VEREADOR","2020","fim_regular","tce"
"M2020_19437_13_10123_150000727747","PB","19437","VEREADOR","2020","fim_regular","tce"
"M2020_19437_13_10000_150000727738","PB","19437","VEREADOR","2020","outro","tce"
"M2020_19437_13_10555_150000727740","PB","19437","VEREADOR","2020","outro","tce"
"M2020_19437_13_77777_150000863624","PB","19437","VEREADOR","2020","outro","tce"
"M2020_19437_13_10888_150000727748","PB","19437","VEREADOR","2020","fim_regular","tce"
"M2020_19437_13_10999_150000727737","PB","19437","VEREADOR","2020","fim_regular","tce"
"M2020_19437_13_45123_150001002127","PB","19437","VEREADOR","2020","fim_regular","tce"
"M2016_19445_13_15222_150000004474","PB","19445","VEREADOR","2016","fim_regular","tce"
"M2016_19445_13_65555_150000004473","PB","19445","VEREADOR","2016","fim_regular","tce"
"M2016_19445_13_15000_150000004482","PB","19445","VEREADOR","2016","fim_regular","tce"
"M2016_19445_13_15800_150000004478","PB","19445","VEREADOR","2016","fim_regular","tce"
"M2016_19445_13_65222_150000004471","PB","19445","VEREADOR","2016","fim_regular","tce"
"M2016_19445_13_25000_150000008452","PB","19445","VEREADOR","2016","fim_regular","tce"
"M2016_19445_13_23333_150000004480","PB","19445","VEREADOR","2016","fim_regular","tce"
"M2020_19445_13_11222_150001110998","PB","19445","VEREADOR","2020","fim_regular","tce"
"M2020_19445_13_11111_150001110997","PB","19445","VEREADOR","2020","fim_regular","tce"
"M2020_19445_13_11123_150001110995","PB","19445","VEREADOR","2020","fim_regular","tce"
"M2020_19445_13_11124_150001110993","PB","19445","VEREADOR","2020","fim_regular","tce"
"M2020_19445_13_70111_150000922639","PB","19445","VEREADOR","2020","fim_regular","tce"
"M2012_19453_13_14444_150000003066","PB","19453","VEREADOR","2012","fim_regular","tce"
"M2012_19453_13_14521_150000003069","PB","19453","VEREADOR","2012","fim_regular","tce"
"M2012_19453_13_14612_150000003068","PB","19453","VEREADOR","2012","fim_regular","tce"
"M2012_19453_13_43555_150000003076","PB","19453","VEREADOR","2012","fim_regular","tce"
"M2012_19453_13_45678_150000002463","PB","19453","VEREADOR","2012","fim_regular","tce"
"M2012_19453_13_17601_150000003070","PB","19453","VEREADOR","2012","fim_regular","tce"
"M2012_19461_13_19111_150000002612","PB","19461","VEREADOR","2012","fim_regular","tce"
"M2012_19461_13_22555_150000002610","PB","19461","VEREADOR","2012","fim_regular","tce"
"M2012_19461_13_14444_150000002611","PB","19461","VEREADOR","2012","fim_regular","tce"
"M2012_19461_13_15555_150000002601","PB","19461","VEREADOR","2012","fim_regular","tce"
"M2012_19461_13_19000_150000002609","PB","19461","VEREADOR","2012","fim_regular","tce"
"M2012_19461_13_19777_150000002608","PB","19461","VEREADOR","2012","fim_regular","tce"
"M2012_19461_13_40000_150000002260","PB","19461","VEREADOR","2012","fim_regular","tce"
"M2016_19461_13_11111_150000007511","PB","19461","VEREADOR","2016","fim_regular","tce"
"M2016_19461_13_40000_150000007517","PB","19461","VEREADOR","2016","fim_regular","tce"
"M2016_19461_13_45000_150000006454","PB","19461","VEREADOR","2016","fim_regular","tce"
"M2016_19461_13_40111_150000007515","PB","19461","VEREADOR","2016","fim_regular","tce"
"M2016_19461_13_15555_150000006446","PB","19461","VEREADOR","2016","fim_regular","tce"
"M2016_19461_13_11000_150000007520","PB","19461","VEREADOR","2016","fim_regular","tce"
"M2016_19461_13_18000_150000006447","PB","19461","VEREADOR","2016","fim_regular","tce"
"M2016_19461_13_11555_150000007510","PB","19461","VEREADOR","2016","fim_regular","tce"
"M2016_19461_13_20000_150000006445","PB","19461","VEREADOR","2016","fim_regular","tce"
"M2012_19470_13_25111_150000000811","PB","19470","VEREADOR","2012","outro","tce"
"M2012_19470_13_25610_150000000809","PB","19470","VEREADOR","2012","fim_regular","tce"
"M2012_19470_13_23333_150000000385","PB","19470","VEREADOR","2012","fim_regular","tce"
"M2012_19470_13_13456_150000000384","PB","19470","VEREADOR","2012","fim_regular","tce"
"M2012_19470_13_25602_150000000807","PB","19470","VEREADOR","2012","fim_regular","tce"
"M2012_19470_13_10456_150000000812","PB","19470","VEREADOR","2012","fim_regular","tce"
"M2012_19470_13_20000_150000000390","PB","19470","VEREADOR","2012","fim_regular","tce"
"M2012_19470_13_70000_150000000386","PB","19470","VEREADOR","2012","fim_regular","tce"
"M2016_19488_13_25789_150000001355","PB","19488","VEREADOR","2016","fim_regular","tce"
"M2016_19488_13_40123_150000001365","PB","19488","VEREADOR","2016","fim_regular","tce"
"M2016_19488_13_15123_150000001368","PB","19488","VEREADOR","2016","fim_regular","tce"
"M2016_19488_13_15556_150000001366","PB","19488","VEREADOR","2016","fim_regular","tce"
"M2016_19488_13_11111_150000011965","PB","19488","VEREADOR","2016","fim_regular","tce"
"M2016_19488_13_22222_150000001361","PB","19488","VEREADOR","2016","fim_regular","tce"
"M2016_19488_13_25123_150000001352","PB","19488","VEREADOR","2016","fim_regular","tce"
"M2016_19488_13_51111_150000001362","PB","19488","VEREADOR","2016","fim_regular","tce"
"M2016_19488_13_77777_150000001353","PB","19488","VEREADOR","2016","fim_regular","tce"
"M2020_19488_13_10222_150001055072","PB","19488","VEREADOR","2020","fim_regular","tce"
"M2020_19488_13_10123_150001055067","PB","19488","VEREADOR","2020","fim_regular","tce"
"M2020_19488_13_22222_150000989472","PB","19488","VEREADOR","2020","fim_regular","tce"
"M2020_19488_13_10000_150001055073","PB","19488","VEREADOR","2020","outro","tce"
"M2020_19488_13_10777_150001055062","PB","19488","VEREADOR","2020","fim_regular","tce"
"M2020_19488_13_10789_150001055064","PB","19488","VEREADOR","2020","fim_regular","tce"
"M2020_19488_13_22333_150000989467","PB","19488","VEREADOR","2020","fim_regular","tce"
"M2020_19488_13_22555_150000989468","PB","19488","VEREADOR","2020","fim_regular","tce"
"M2020_19488_13_22666_150000989471","PB","19488","VEREADOR","2020","fim_regular","tce"
"M2012_19496_13_13333_150000011512","PB","19496","VEREADOR","2012","fim_regular","tce"
"M2012_19496_13_15555_150000009748","PB","19496","VEREADOR","2012","fim_regular","tce"
"M2012_19496_13_22222_150000009747","PB","19496","VEREADOR","2012","fim_regular","tce"
"M2012_19496_13_43456_150000009745","PB","19496","VEREADOR","2012","fim_regular","tce"
"M2012_19496_13_14444_150000009746","PB","19496","VEREADOR","2012","fim_regular","tce"
"M2012_19496_13_25603_150000011513","PB","19496","VEREADOR","2012","fim_regular","tce"
"M2016_19496_13_14000_150000002849","PB","19496","VEREADOR","2016","fim_regular","tce"
"M2016_19496_13_25555_150000008746","PB","19496","VEREADOR","2016","fim_regular","tce"
"M2016_19496_13_15555_150000002847","PB","19496","VEREADOR","2016","fim_regular","tce"
"M2016_19496_13_12222_150000008742","PB","19496","VEREADOR","2016","fim_regular","tce"
"M2016_19496_13_10000_150000002846","PB","19496","VEREADOR","2016","fim_regular","tce"
"M2016_19496_13_11111_150000002850","PB","19496","VEREADOR","2016","fim_regular","tce"
"M2016_19496_13_25678_150000008743","PB","19496","VEREADOR","2016","fim_regular","tce"
"M2016_19496_13_40123_150000002841","PB","19496","VEREADOR","2016","fim_regular","tce"
"M2016_19496_13_55123_150000008741","PB","19496","VEREADOR","2016","fim_regular","tce"
"M2012_19500_13_15123_150000000103","PB","19500","VEREADOR","2012","fim_regular","tce"
"M2012_19500_13_15155_150000000115","PB","19500","VEREADOR","2012","fim_regular","tce"
"M2012_19500_13_15456_150000000111","PB","19500","VEREADOR","2012","fim_regular","tce"
"M2016_19500_13_40111_150000012801","PB","19500","VEREADOR","2016","fim_regular","tce"
"M2016_19500_13_40000_150000012811","PB","19500","VEREADOR","2016","fim_regular","tce"
"M2016_19500_13_40155_150000012808","PB","19500","VEREADOR","2016","fim_regular","tce"
"M2016_19500_13_40222_150000012804","PB","19500","VEREADOR","2016","fim_regular","tce"
"M2016_19500_13_40555_150000012806","PB","19500","VEREADOR","2016","fim_regular","tce"
"M2016_19500_13_40999_150000012805","PB","19500","VEREADOR","2016","fim_regular","tce"
"M2016_19500_13_40888_150000012809","PB","19500","VEREADOR","2016","fim_regular","tce"
"M2016_19500_13_45555_150000012800","PB","19500","VEREADOR","2016","fim_regular","tce"
"M2012_19518_13_13111_150000006711","PB","19518","VEREADOR","2012","fim_regular","tce"
"M2012_19518_13_13456_150000006726","PB","19518","VEREADOR","2012","fim_regular","tce"
"M2012_19518_13_15555_150000002382","PB","19518","VEREADOR","2012","fim_regular","tce"
"M2012_19518_13_23333_150000009501","PB","19518","VEREADOR","2012","fim_regular","tce"
"M2012_19518_13_15111_150000002375","PB","19518","VEREADOR","2012","fim_regular","tce"
"M2012_19518_13_10000_150000009494","PB","19518","VEREADOR","2012","fim_regular","tce"
"M2012_19518_13_13222_150000006716","PB","19518","VEREADOR","2012","fim_regular","tce"
"M2012_19518_13_40123_150000007251","PB","19518","VEREADOR","2012","fim_regular","tce"
"M2012_19518_13_43111_150000009498","PB","19518","VEREADOR","2012","fim_regular","tce"
"M2012_19518_13_55678_150000002372","PB","19518","VEREADOR","2012","fim_regular","tce"
"M2016_19518_13_55555_150000005014","PB","19518","VEREADOR","2016","fim_regular","tce"
"M2016_19518_13_12345_150000005007","PB","19518","VEREADOR","2016","fim_regular","tce"
"M2016_19518_13_15333_150000004097","PB","19518","VEREADOR","2016","fim_regular","tce"
"M2016_19518_13_17777_150000004956","PB","19518","VEREADOR","2016","fim_regular","tce"
"M2016_19518_13_23123_150000004971","PB","19518","VEREADOR","2016","fim_regular","tce"
"M2016_19518_13_43111_150000004104","PB","19518","VEREADOR","2016","fim_regular","tce"
"M2016_19518_13_11111_150000004963","PB","19518","VEREADOR","2016","fim_regular","tce"
"M2016_19518_13_12333_150000005001","PB","19518","VEREADOR","2016","fim_regular","tce"
"M2016_19518_13_12555_150000005002","PB","19518","VEREADOR","2016","fim_regular","tce"
"M2016_19518_13_20123_150000004088","PB","19518","VEREADOR","2016","fim_regular","tce"
"M2020_19518_13_55555_150000766357","PB","19518","VEREADOR","2020","fim_regular","tce"
"M2020_19518_13_14333_150000816879","PB","19518","VEREADOR","2020","outro","tce"
"M2020_19518_13_55678_150000766369","PB","19518","VEREADOR","2020","fim_regular","tce"
"M2020_19518_13_11111_150000788119","PB","19518","VEREADOR","2020","fim_regular","tce"
"M2020_19518_13_14369_150000816889","PB","19518","VEREADOR","2020","fim_regular","tce"
"M2020_19518_13_55222_150000766362","PB","19518","VEREADOR","2020","fim_regular","tce"
"M2020_19518_13_55888_150000766371","PB","19518","VEREADOR","2020","fim_regular","tce"
"M2020_19518_13_11555_150000788118","PB","19518","VEREADOR","2020","outro","tce"
"M2020_19518_13_14123_150000816876","PB","19518","VEREADOR","2020","fim_regular","tce"
"M2016_19526_13_14123_150000005887","PB","19526","VEREADOR","2016","fim_regular","tce"
"M2016_19526_13_55555_150000005884","PB","19526","VEREADOR","2016","fim_regular","tce"
"M2016_19526_13_40456_150000005885","PB","19526","VEREADOR","2016","fim_regular","tce"
"M2016_19526_13_15123_150000010890","PB","19526","VEREADOR","2016","fim_regular","tce"
"M2016_19526_13_40123_150000005881","PB","19526","VEREADOR","2016","fim_regular","tce"
"M2016_19526_13_20000_150000005888","PB","19526","VEREADOR","2016","fim_regular","tce"
"M2016_19526_13_25123_150000005890","PB","19526","VEREADOR","2016","fim_regular","tce"
"M2016_19526_13_25555_150000005891","PB","19526","VEREADOR","2016","fim_regular","tce"
"M2012_19534_13_45111_150000002800","PB","19534","VEREADOR","2012","fim_regular","tce"
"M2012_19534_13_12345_150000003022","PB","19534","VEREADOR","2012","fim_regular","tce"
"M2012_19534_13_14567_150000003705","PB","19534","VEREADOR","2012","fim_regular","tce"
"M2012_19534_13_40444_150000003027","PB","19534","VEREADOR","2012","fim_regular","tce"
"M2012_19534_13_45123_150000002798","PB","19534","VEREADOR","2012","fim_regular","tce"
"M2012_19534_13_15222_150000002799","PB","19534","VEREADOR","2012","fim_regular","tce"
"M2016_19534_13_36666_150000001084","PB","19534","VEREADOR","2016","fim_regular","tce"
"M2016_19534_13_11111_150000008548","PB","19534","VEREADOR","2016","fim_regular","tce"
"M2016_19534_13_40444_150000008561","PB","19534","VEREADOR","2016","fim_regular","tce"
"M2016_19534_13_40000_150000008546","PB","19534","VEREADOR","2016","fim_regular","tce"
"M2016_19534_13_55666_150000001083","PB","19534","VEREADOR","2016","fim_regular","tce"
"M2016_19534_13_40111_150000008558","PB","19534","VEREADOR","2016","fim_regular","tce"
"M2020_19534_13_23999_150000839322","PB","19534","VEREADOR","2020","fim_regular","tce"
"M2020_19534_13_23444_150000839329","PB","19534","VEREADOR","2020","fim_regular","tce"
"M2020_19534_13_14000_150000777967","PB","19534","VEREADOR","2020","fim_regular","tce"
"M2020_19534_13_23555_150000839325","PB","19534","VEREADOR","2020","fim_regular","tce"
"M2020_19534_13_14551_150000777965","PB","19534","VEREADOR","2020","fim_regular","tce"
"M2020_19534_13_14567_150000777958","PB","19534","VEREADOR","2020","outro","tce"
"M2012_19542_13_11111_150000001373","PB","19542","VEREADOR","2012","fim_regular","tce"
"M2012_19542_13_15555_150000001378","PB","19542","VEREADOR","2012","fim_regular","tce"
"M2012_19542_13_40000_150000001382","PB","19542","VEREADOR","2012","fim_regular","tce"
"M2012_19542_13_40666_150000001383","PB","19542","VEREADOR","2012","fim_regular","tce"
"M2012_19542_13_15333_150000001369","PB","19542","VEREADOR","2012","fim_regular","tce"
"M2012_19542_13_15111_150000001375","PB","19542","VEREADOR","2012","fim_regular","tce"
"M2012_19542_13_25555_150000001055","PB","19542","VEREADOR","2012","fim_regular","tce"
"M2012_19542_13_25777_150000001051","PB","19542","VEREADOR","2012","fim_regular","tce"
"M2012_19542_13_15222_150000001381","PB","19542","VEREADOR","2012","fim_regular","tce"
"M2016_19542_13_11111_150000000869","PB","19542","VEREADOR","2016","fim_regular","tce"
"M2016_19542_13_22333_150000000863","PB","19542","VEREADOR","2016","fim_regular","tce"
"M2016_19542_13_40666_150000002016","PB","19542","VEREADOR","2016","fim_regular","tce"
"M2016_19542_13_11222_150000000861","PB","19542","VEREADOR","2016","fim_regular","tce"
"M2016_19542_13_10000_150000000859","PB","19542","VEREADOR","2016","fim_regular","tce"
"M2016_19542_13_25555_150000002017","PB","19542","VEREADOR","2016","fim_regular","tce"
"M2016_19542_13_25777_150000002022","PB","19542","VEREADOR","2016","fim_regular","tce"
"M2016_19542_13_11234_150000000867","PB","19542","VEREADOR","2016","fim_regular","tce"
"M2016_19542_13_15333_150000002019","PB","19542","VEREADOR","2016","fim_regular","tce"
"M2020_19542_13_22222_150000666126","PB","19542","VEREADOR","2020","fim_regular","tce"
"M2020_19542_13_22333_150000666122","PB","19542","VEREADOR","2020","fim_regular","tce"
"M2020_19542_13_22666_150000666124","PB","19542","VEREADOR","2020","fim_regular","tce"
"M2020_19542_13_22345_150000666127","PB","19542","VEREADOR","2020","fim_regular","tce"
"M2020_19542_13_25333_150001186597","PB","19542","VEREADOR","2020","fim_regular","tce"
"M2020_19542_13_22000_150000666128","PB","19542","VEREADOR","2020","fim_regular","tce"
"M2020_19542_13_22555_150000666123","PB","19542","VEREADOR","2020","fim_regular","tce"
"M2020_19542_13_22777_150000666121","PB","19542","VEREADOR","2020","fim_regular","tce"
"M2020_19542_13_22888_150000666129","PB","19542","VEREADOR","2020","fim_regular","tce"
"M2016_19550_13_77000_150000012059","PB","19550","VEREADOR","2016","fim_regular","tce"
"M2016_19550_13_14000_150000009648","PB","19550","VEREADOR","2016","fim_regular","tce"
"M2016_19550_13_14444_150000009651","PB","19550","VEREADOR","2016","outro","tce"
"M2016_19550_13_40123_150000012063","PB","19550","VEREADOR","2016","fim_regular","tce"
"M2016_19550_13_45123_150000009645","PB","19550","VEREADOR","2016","fim_regular","tce"
"M2016_19550_13_40222_150000012068","PB","19550","VEREADOR","2016","fim_regular","tce"
"M2016_19550_13_17000_150000012069","PB","19550","VEREADOR","2016","fim_regular","tce"
"M2012_19577_13_45123_150000000846","PB","19577","VEREADOR","2012","fim_regular","tce"
"M2012_19577_13_45666_150000000841","PB","19577","VEREADOR","2012","fim_regular","tce"
"M2012_19577_13_25555_150000000273","PB","19577","VEREADOR","2012","fim_regular","tce"
"M2012_19577_13_25610_150000000275","PB","19577","VEREADOR","2012","fim_regular","tce"
"M2012_19577_13_22333_150000000277","PB","19577","VEREADOR","2012","fim_regular","tce"
"M2012_19577_13_20000_150000000837","PB","19577","VEREADOR","2012","fim_regular","tce"
"M2012_19577_13_20333_150000000844","PB","19577","VEREADOR","2012","fim_regular","tce"
"M2012_19577_13_22000_150000000267","PB","19577","VEREADOR","2012","fim_regular","tce"
"M2012_19577_13_22111_150000000268","PB","19577","VEREADOR","2012","fim_regular","tce"
"M2016_19577_13_22222_150000000854","PB","19577","VEREADOR","2016","fim_regular","tce"
"M2016_19577_13_31111_150000007829","PB","19577","VEREADOR","2016","fim_regular","tce"
"M2016_19577_13_35555_150000000855","PB","19577","VEREADOR","2016","fim_regular","tce"
"M2016_19577_13_20000_150000007826","PB","19577","VEREADOR","2016","fim_regular","tce"
"M2016_19577_13_20333_150000007823","PB","19577","VEREADOR","2016","fim_regular","tce"
"M2016_19577_13_22000_150000000851","PB","19577","VEREADOR","2016","fim_regular","tce"
"M2016_19577_13_22555_150000000845","PB","19577","VEREADOR","2016","fim_regular","tce"
"M2016_19577_13_22888_150000000846","PB","19577","VEREADOR","2016","fim_regular","tce"
"M2016_19577_13_51456_150000007824","PB","19577","VEREADOR","2016","outro","tce"
"M2020_19577_13_22222_150000656991","PB","19577","VEREADOR","2020","fim_regular","tce"
"M2020_19577_13_40123_150001034743","PB","19577","VEREADOR","2020","outro","tce"
"M2020_19577_13_22555_150000656992","PB","19577","VEREADOR","2020","fim_regular","tce"
"M2020_19577_13_40999_150001034744","PB","19577","VEREADOR","2020","fim_regular","tce"
"M2020_19577_13_22333_150000656996","PB","19577","VEREADOR","2020","fim_regular","tce"
"M2020_19577_13_40000_150001034745","PB","19577","VEREADOR","2020","fim_regular","tce"
"M2020_19577_13_40333_150001034748","PB","19577","VEREADOR","2020","fim_regular","tce"
"M2020_19577_13_22000_150000656989","PB","19577","VEREADOR","2020","fim_regular","tce"
"M2020_19577_13_22111_150000656993","PB","19577","VEREADOR","2020","fim_regular","tce"
"M2012_19585_13_12444_150000006416","PB","19585","VEREADOR","2012","fim_regular","tce"
"M2012_19585_13_22222_150000006411","PB","19585","VEREADOR","2012","fim_regular","tce"
"M2012_19585_13_12555_150000006415","PB","19585","VEREADOR","2012","fim_regular","tce"
"M2012_19585_13_13456_150000007296","PB","19585","VEREADOR","2012","fim_regular","tce"
"M2012_19585_13_25555_150000006551","PB","19585","VEREADOR","2012","outro","tce"
"M2012_19585_13_40000_150000007299","PB","19585","VEREADOR","2012","fim_regular","tce"
"M2012_19585_13_44444_150000006552","PB","19585","VEREADOR","2012","fim_regular","tce"
"M2012_19585_13_40999_150000007301","PB","19585","VEREADOR","2012","fim_regular","tce"
"M2016_19585_13_70888_150000008380","PB","19585","VEREADOR","2016","fim_regular","tce"
"M2016_19585_13_14111_150000008329","PB","19585","VEREADOR","2016","fim_regular","tce"
"M2016_19585_13_12333_150000008321","PB","19585","VEREADOR","2016","fim_regular","tce"
"M2016_19585_13_22123_150000008381","PB","19585","VEREADOR","2016","fim_regular","tce"
"M2016_19585_13_25123_150000007759","PB","19585","VEREADOR","2016","outro","tce"
"M2016_19585_13_90000_150000008382","PB","19585","VEREADOR","2016","outro","tce"
"M2016_19585_13_90123_150000008385","PB","19585","VEREADOR","2016","fim_regular","tce"
"M2016_19585_13_12000_150000008322","PB","19585","VEREADOR","2016","outro","tce"
"M2016_19585_13_40000_150000008324","PB","19585","VEREADOR","2016","fim_regular","tce"
"M2020_19585_13_25444_150000720499","PB","19585","VEREADOR","2020","outro","tce"
"M2012_19593_13_25604_150000002834","PB","19593","VEREADOR","2012","fim_regular","tce"
"M2012_19593_13_25456_150000002833","PB","19593","VEREADOR","2012","fim_regular","tce"
"M2012_19593_13_25602_150000002836","PB","19593","VEREADOR","2012","fim_regular","tce"
"M2012_19593_13_25609_150000002835","PB","19593","VEREADOR","2012","fim_regular","tce"
"M2012_19593_13_45678_150000001528","PB","19593","VEREADOR","2012","fim_regular","tce"
"M2012_19593_13_70000_150000001533","PB","19593","VEREADOR","2012","fim_regular","tce"
"M2012_19593_13_70111_150000001530","PB","19593","VEREADOR","2012","fim_regular","tce"
"M2012_19593_13_70123_150000001531","PB","19593","VEREADOR","2012","fim_regular","tce"
"M2016_19593_13_70333_150000003450","PB","19593","VEREADOR","2016","fim_regular","tce"
"M2016_19593_13_45456_150000008165","PB","19593","VEREADOR","2016","fim_regular","tce"
"M2016_19593_13_45000_150000008160","PB","19593","VEREADOR","2016","fim_regular","tce"
"M2016_19593_13_70222_150000003454","PB","19593","VEREADOR","2016","fim_regular","tce"
"M2016_19593_13_55555_150000008161","PB","19593","VEREADOR","2016","fim_regular","tce"
"M2016_19593_13_70000_150000003451","PB","19593","VEREADOR","2016","fim_regular","tce"
"M2016_19593_13_70123_150000003452","PB","19593","VEREADOR","2016","fim_regular","tce"
"M2016_19593_13_45123_150000008163","PB","19593","VEREADOR","2016","fim_regular","tce"
"M2020_19593_13_45006_150001240526","PB","19593","VEREADOR","2020","fim_regular","tce"
"M2020_19593_13_45222_150001240533","PB","19593","VEREADOR","2020","fim_regular","tce"
"M2020_19593_13_25000_150000931995","PB","19593","VEREADOR","2020","fim_regular","tce"
"M2020_19593_13_45000_150001240525","PB","19593","VEREADOR","2020","fim_regular","tce"
"M2020_19593_13_45001_150001240527","PB","19593","VEREADOR","2020","fim_regular","tce"
"M2020_19593_13_45123_150001240524","PB","19593","VEREADOR","2020","fim_regular","tce"
"M2020_19593_13_45456_150001240529","PB","19593","VEREADOR","2020","fim_regular","tce"
"M2012_19607_13_25111_150000010741","PB","19607","VEREADOR","2012","fim_regular","tce"
"M2012_19607_13_40123_150000010745","PB","19607","VEREADOR","2012","outro","tce"
"M2012_19607_13_15555_150000002216","PB","19607","VEREADOR","2012","fim_regular","tce"
"M2012_19607_13_25555_150000010746","PB","19607","VEREADOR","2012","fim_regular","tce"
"M2012_19607_13_25666_150000010753","PB","19607","VEREADOR","2012","fim_regular","tce"
"M2012_19607_13_25677_150000010749","PB","19607","VEREADOR","2012","fim_regular","tce"
"M2012_19607_13_40111_150000010751","PB","19607","VEREADOR","2012","fim_regular","tce"
"M2016_19607_13_40123_150000002601","PB","19607","VEREADOR","2016","outro","tce"
"M2016_19607_13_15888_150000002614","PB","19607","VEREADOR","2016","fim_regular","tce"
"M2016_19607_13_25555_150000002612","PB","19607","VEREADOR","2016","fim_regular","tce"
"M2016_19607_13_25000_150000002602","PB","19607","VEREADOR","2016","fim_regular","tce"
"M2016_19607_13_25677_150000002609","PB","19607","VEREADOR","2016","fim_regular","tce"
"M2016_19607_13_10789_150000001856","PB","19607","VEREADOR","2016","fim_regular","tce"
"M2016_19607_13_40000_150000002605","PB","19607","VEREADOR","2016","fim_regular","tce"
"M2016_19607_13_45666_150000001852","PB","19607","VEREADOR","2016","fim_regular","tce"
"M2016_19607_13_45456_150000001853","PB","19607","VEREADOR","2016","fim_regular","tce"
"M2020_19607_13_22333_150001093890","PB","19607","VEREADOR","2020","fim_regular","tce"
"M2020_19607_13_70000_150001094979","PB","19607","VEREADOR","2020","fim_regular","tce"
"M2020_19607_13_22555_150001093887","PB","19607","VEREADOR","2020","fim_regular","tce"
"M2020_19607_13_40000_150000984171","PB","19607","VEREADOR","2020","fim_regular","tce"
"M2020_19607_13_22222_150001093888","PB","19607","VEREADOR","2020","fim_regular","tce"
"M2020_19607_13_40555_150000984169","PB","19607","VEREADOR","2020","fim_regular","tce"
"M2020_19607_13_40777_150000984170","PB","19607","VEREADOR","2020","fim_regular","tce"
"M2020_19607_13_70123_150001094973","PB","19607","VEREADOR","2020","fim_regular","tce"
"M2020_19607_13_70456_150001094977","PB","19607","VEREADOR","2020","outro","tce"
"M2012_19615_13_54123_150000003922","PB","19615","VEREADOR","2012","fim_regular","tce"
"M2012_19615_13_13789_150000003936","PB","19615","VEREADOR","2012","fim_regular","tce"
"M2012_19615_13_13123_150000003925","PB","19615","VEREADOR","2012","fim_regular","tce"
"M2012_19615_13_15610_150000003156","PB","19615","VEREADOR","2012","fim_regular","tce"
"M2012_19615_13_11123_150000012532","PB","19615","VEREADOR","2012","fim_regular","tce"
"M2012_19615_13_15123_150000003169","PB","19615","VEREADOR","2012","fim_regular","tce"
"M2012_19615_13_31333_150000003162","PB","19615","VEREADOR","2012","fim_regular","tce"
"M2012_19615_13_31456_150000003160","PB","19615","VEREADOR","2012","fim_regular","tce"
"M2012_19615_13_43456_150000003171","PB","19615","VEREADOR","2012","fim_regular","tce"
"M2016_19615_13_23123_150000002416","PB","19615","VEREADOR","2016","fim_regular","tce"
"M2016_19615_13_11789_150000004865","PB","19615","VEREADOR","2016","fim_regular","tce"
"M2016_19615_13_77000_150000002501","PB","19615","VEREADOR","2016","fim_regular","tce"
"M2016_19615_13_11456_150000004863","PB","19615","VEREADOR","2016","fim_regular","tce"
"M2016_19615_13_31333_150000002414","PB","19615","VEREADOR","2016","fim_regular","tce"
"M2016_19615_13_22456_150000004848","PB","19615","VEREADOR","2016","fim_regular","tce"
"M2016_19615_13_23456_150000002415","PB","19615","VEREADOR","2016","fim_regular","tce"
"M2016_19615_13_12369_150000002421","PB","19615","VEREADOR","2016","fim_regular","tce"
"M2016_19615_13_22111_150000004846","PB","19615","VEREADOR","2016","fim_regular","tce"
"M2016_19615_13_25555_150000002496","PB","19615","VEREADOR","2016","fim_regular","tce"
"M2020_19615_13_19888_150001087298","PB","19615","VEREADOR","2020","fim_regular","tce"
"M2020_19615_13_25888_150001093795","PB","19615","VEREADOR","2020","outro","tce"
"M2012_19623_13_10000_150000009258","PB","19623","VEREADOR","2012","fim_regular","tce"
"M2012_19623_13_15111_150000009255","PB","19623","VEREADOR","2012","outro","tce"
"M2012_19623_13_33456_150000009030","PB","19623","VEREADOR","2012","fim_regular","tce"
"M2012_19623_13_55555_150000003519","PB","19623","VEREADOR","2012","fim_regular","tce"
"M2012_19623_13_45789_150000003523","PB","19623","VEREADOR","2012","fim_regular","tce"
"M2012_19631_13_12345_150000013003","PB","19631","VEREADOR","2012","fim_regular","tce"
"M2012_19631_13_14789_150000013018","PB","19631","VEREADOR","2012","fim_regular","tce"
"M2012_19631_13_25605_150000009165","PB","19631","VEREADOR","2012","outro","tce"
"M2012_19631_13_23456_150000013005","PB","19631","VEREADOR","2012","fim_regular","tce"
"M2012_19631_13_27123_150000009172","PB","19631","VEREADOR","2012","outro","tce"
"M2012_19631_13_40123_150000009177","PB","19631","VEREADOR","2012","fim_regular","tce"
"M2012_19631_13_40789_150000009164","PB","19631","VEREADOR","2012","fim_regular","tce"
"M2012_19631_13_23123_150000013004","PB","19631","VEREADOR","2012","fim_regular","tce"
"M2012_19631_13_25555_150000009173","PB","19631","VEREADOR","2012","fim_regular","tce"
"M2016_19631_13_20123_150000008891","PB","19631","VEREADOR","2016","fim_regular","tce"
"M2016_19631_13_55123_150000008899","PB","19631","VEREADOR","2016","fim_regular","tce"
"M2016_19631_13_23456_150000008895","PB","19631","VEREADOR","2016","fim_regular","tce"
"M2016_19631_13_40123_150000010250","PB","19631","VEREADOR","2016","fim_regular","tce"
"M2016_19631_13_20000_150000008892","PB","19631","VEREADOR","2016","fim_regular","tce"
"M2016_19631_13_11111_150000010261","PB","19631","VEREADOR","2016","fim_regular","tce"
"M2016_19631_13_25555_150000010258","PB","19631","VEREADOR","2016","fim_regular","tce"
"M2020_19631_13_55555_150000687865","PB","19631","VEREADOR","2020","fim_regular","tce"
"M2020_19631_13_55123_150000687864","PB","19631","VEREADOR","2020","fim_regular","tce"
"M2020_19631_13_11444_150000636927","PB","19631","VEREADOR","2020","fim_regular","tce"
"M2020_19631_13_11123_150000636930","PB","19631","VEREADOR","2020","fim_regular","tce"
"M2020_19631_13_11011_150000636932","PB","19631","VEREADOR","2020","fim_regular","tce"
"M2020_19631_13_11456_150000636933","PB","19631","VEREADOR","2020","fim_regular","tce"
"M2020_19631_13_11111_150000636926","PB","19631","VEREADOR","2020","fim_regular","tce"
"M2020_19631_13_11555_150000636929","PB","19631","VEREADOR","2020","fim_regular","tce"
"M2016_19640_13_14111_150000007922","PB","19640","VEREADOR","2016","fim_regular","tce"
"M2016_19640_13_14222_150000007925","PB","19640","VEREADOR","2016","fim_regular","tce"
"M2016_19640_13_14444_150000007915","PB","19640","VEREADOR","2016","fim_regular","tce"
"M2016_19640_13_40000_150000005814","PB","19640","VEREADOR","2016","fim_regular","tce"
"M2016_19640_13_40123_150000005818","PB","19640","VEREADOR","2016","fim_regular","tce"
"M2016_19640_13_14123_150000007921","PB","19640","VEREADOR","2016","fim_regular","tce"
"M2016_19640_13_14000_150000007923","PB","19640","VEREADOR","2016","fim_regular","tce"
"M2016_19640_13_14567_150000007914","PB","19640","VEREADOR","2016","fim_regular","tce"
"M2020_19640_13_14222_150000652376","PB","19640","VEREADOR","2020","fim_regular","tce"
"M2020_19640_13_14444_150000652381","PB","19640","VEREADOR","2020","fim_regular","tce"
"M2020_19640_13_14555_150000652374","PB","19640","VEREADOR","2020","fim_regular","tce"
"M2020_19640_13_77456_150000653424","PB","19640","VEREADOR","2020","fim_regular","tce"
"M2020_19640_13_14123_150000652377","PB","19640","VEREADOR","2020","fim_regular","tce"
"M2020_19640_13_14333_150000652383","PB","19640","VEREADOR","2020","fim_regular","tce"
"M2020_19640_13_77123_150000653427","PB","19640","VEREADOR","2020","fim_regular","tce"
"M2020_19640_13_77777_150000653428","PB","19640","VEREADOR","2020","fim_regular","tce"
"M2020_19640_13_14000_150000652373","PB","19640","VEREADOR","2020","fim_regular","tce"
"M2012_19666_13_14000_150000001985","PB","19666","VEREADOR","2012","fim_regular","tce"
"M2012_19666_13_15555_150000001984","PB","19666","VEREADOR","2012","fim_regular","tce"
"M2012_19666_13_14567_150000001987","PB","19666","VEREADOR","2012","fim_regular","tce"
"M2012_19666_13_13333_150000001988","PB","19666","VEREADOR","2012","fim_regular","tce"
"M2012_19666_13_14111_150000001989","PB","19666","VEREADOR","2012","fim_regular","tce"
"M2012_19666_13_23111_150000001986","PB","19666","VEREADOR","2012","fim_regular","tce"
"M2016_19666_13_14444_150000003611","PB","19666","VEREADOR","2016","fim_regular","tce"
"M2016_19666_13_40222_150000002122","PB","19666","VEREADOR","2016","fim_regular","tce"
"M2016_19666_13_45555_150000002129","PB","19666","VEREADOR","2016","fim_regular","tce"
"M2016_19666_13_12333_150000002119","PB","19666","VEREADOR","2016","fim_regular","tce"
"M2016_19666_13_14777_150000003619","PB","19666","VEREADOR","2016","fim_regular","tce"
"M2016_19666_13_14888_150000003620","PB","19666","VEREADOR","2016","fim_regular","tce"
"M2016_19666_13_45000_150000002135","PB","19666","VEREADOR","2016","fim_regular","tce"
"M2016_19666_13_13333_150000003625","PB","19666","VEREADOR","2016","fim_regular","tce"
"M2016_19666_13_14111_150000003622","PB","19666","VEREADOR","2016","fim_regular","tce"
"M2020_19666_13_11106_150000634489","PB","19666","VEREADOR","2020","fim_regular","tce"
"M2020_19666_13_14444_150000674796","PB","19666","VEREADOR","2020","fim_regular","tce"
"M2020_19666_13_14222_150000674800","PB","19666","VEREADOR","2020","fim_regular","tce"
"M2020_19666_13_11111_150000634491","PB","19666","VEREADOR","2020","fim_regular","tce"
"M2020_19666_13_14777_150000674802","PB","19666","VEREADOR","2020","fim_regular","tce"
"M2020_19666_13_11000_150000634488","PB","19666","VEREADOR","2020","fim_regular","tce"
"M2020_19666_13_11123_150000634492","PB","19666","VEREADOR","2020","fim_regular","tce"
"M2020_19666_13_11333_150000634487","PB","19666","VEREADOR","2020","fim_regular","tce"
"M2020_19666_13_14111_150000674797","PB","19666","VEREADOR","2020","fim_regular","tce"
"M2012_19674_13_25555_150000003654","PB","19674","VEREADOR","2012","fim_regular","tce"
"M2012_19674_13_33456_150000003653","PB","19674","VEREADOR","2012","fim_regular","tce"
"M2012_19674_13_22621_150000003655","PB","19674","VEREADOR","2012","fim_regular","tce"
"M2012_19674_13_25610_150000003652","PB","19674","VEREADOR","2012","fim_regular","tce"
"M2012_19674_13_25616_150000003658","PB","19674","VEREADOR","2012","fim_regular","tce"
"M2012_19674_13_15000_150000015200","PB","19674","VEREADOR","2012","fim_regular","tce"
"M2012_19674_13_33123_150000003657","PB","19674","VEREADOR","2012","fim_regular","tce"
"M2016_19674_13_33690_150000006720","PB","19674","VEREADOR","2016","fim_regular","tce"
"M2016_19674_13_25555_150000006724","PB","19674","VEREADOR","2016","fim_regular","tce"
"M2016_19674_13_33456_150000006722","PB","19674","VEREADOR","2016","fim_regular","tce"
"M2016_19674_13_22621_150000006719","PB","19674","VEREADOR","2016","fim_regular","tce"
"M2016_19674_13_25616_150000006718","PB","19674","VEREADOR","2016","fim_regular","tce"
"M2016_19674_13_40123_150000005447","PB","19674","VEREADOR","2016","fim_regular","tce"
"M2016_19674_13_40222_150000005451","PB","19674","VEREADOR","2016","fim_regular","tce"
"M2016_19674_13_43444_150000005456","PB","19674","VEREADOR","2016","fim_regular","tce"
"M2016_19674_13_33123_150000006729","PB","19674","VEREADOR","2016","fim_regular","tce"
"M2012_19682_13_40111_150000007159","PB","19682","VEREADOR","2012","fim_regular","tce"
"M2012_19682_13_10123_150000007171","PB","19682","VEREADOR","2012","fim_regular","tce"
"M2012_19682_13_11111_150000004741","PB","19682","VEREADOR","2012","fim_regular","tce"
"M2012_19682_13_15609_150000004738","PB","19682","VEREADOR","2012","fim_regular","tce"
"M2012_19682_13_40123_150000007157","PB","19682","VEREADOR","2012","fim_regular","tce"
"M2012_19682_13_45678_150000007166","PB","19682","VEREADOR","2012","outro","tce"
"M2012_19682_13_55333_150000004743","PB","19682","VEREADOR","2012","fim_regular","tce"
"M2012_19682_13_55456_150000004736","PB","19682","VEREADOR","2012","fim_regular","tce"
"M2012_19682_13_40222_150000007168","PB","19682","VEREADOR","2012","fim_regular","tce"
"M2016_19682_13_14000_150000009504","PB","19682","VEREADOR","2016","fim_regular","tce"
"M2016_19682_13_10123_150000006331","PB","19682","VEREADOR","2016","fim_regular","tce"
"M2016_19682_13_11111_150000006344","PB","19682","VEREADOR","2016","fim_regular","tce"
"M2016_19682_13_19999_150000009503","PB","19682","VEREADOR","2016","fim_regular","tce"
"M2016_19682_13_40678_150000006337","PB","19682","VEREADOR","2016","fim_regular","tce"
"M2016_19682_13_40333_150000006338","PB","19682","VEREADOR","2016","outro","tce"
"M2016_19682_13_40555_150000006339","PB","19682","VEREADOR","2016","fim_regular","tce"
"M2016_19682_13_55555_150000013277","PB","19682","VEREADOR","2016","fim_regular","tce"
"M2016_19682_13_40222_150000006335","PB","19682","VEREADOR","2016","fim_regular","tce"
"M2020_19682_13_23111_150000724711","PB","19682","VEREADOR","2020","fim_regular","tce"
"M2020_19682_13_10123_150000654767","PB","19682","VEREADOR","2020","fim_regular","tce"
"M2020_19682_13_23333_150000724706","PB","19682","VEREADOR","2020","outro","tce"
"M2020_19682_13_10000_150000654769","PB","19682","VEREADOR","2020","fim_regular","tce"
"M2020_19682_13_10555_150000654775","PB","19682","VEREADOR","2020","fim_regular","tce"
"M2020_19682_13_10111_150000654768","PB","19682","VEREADOR","2020","fim_regular","tce"
"M2020_19682_13_23000_150000724714","PB","19682","VEREADOR","2020","fim_regular","tce"
"M2020_19682_13_23789_150000724712","PB","19682","VEREADOR","2020","fim_regular","tce"
"M2020_19682_13_23444_150000724705","PB","19682","VEREADOR","2020","fim_regular","tce"
"M2012_19690_13_15604_150000000416","PB","19690","VEREADOR","2012","fim_regular","tce"
"M2012_19690_13_65123_150000000415","PB","19690","VEREADOR","2012","fim_regular","tce"
"M2012_19690_13_15606_150000000413","PB","19690","VEREADOR","2012","fim_regular","tce"
"M2012_19690_13_15444_150000000409","PB","19690","VEREADOR","2012","fim_regular","tce"
"M2012_19690_13_15111_150000000417","PB","19690","VEREADOR","2012","fim_regular","tce"
"M2012_19690_13_15555_150000000410","PB","19690","VEREADOR","2012","fim_regular","tce"
"M2012_19690_13_25051_150000004355","PB","19690","VEREADOR","2012","fim_regular","tce"
"M2012_19690_13_40000_150000004362","PB","19690","VEREADOR","2012","fim_regular","tce"
"M2016_19690_13_15606_150000005470","PB","19690","VEREADOR","2016","fim_regular","tce"
"M2016_19690_13_15444_150000005471","PB","19690","VEREADOR","2016","fim_regular","tce"
"M2016_19690_13_22555_150000008956","PB","19690","VEREADOR","2016","fim_regular","tce"
"M2016_19690_13_12333_150000008949","PB","19690","VEREADOR","2016","fim_regular","tce"
"M2016_19690_13_15555_150000005464","PB","19690","VEREADOR","2016","fim_regular","tce"
"M2016_19690_13_22200_150000008950","PB","19690","VEREADOR","2016","fim_regular","tce"
"M2016_19690_13_43333_150000005949","PB","19690","VEREADOR","2016","outro","tce"
"M2016_19690_13_65789_150000005476","PB","19690","VEREADOR","2016","fim_regular","tce"
"M2020_19690_13_15606_150000666149","PB","19690","VEREADOR","2020","fim_regular","tce"
"M2020_19690_13_15444_150000666148","PB","19690","VEREADOR","2020","fim_regular","tce"
"M2020_19690_13_15555_150000666153","PB","19690","VEREADOR","2020","fim_regular","tce"
"M2020_19690_13_15789_150000666155","PB","19690","VEREADOR","2020","fim_regular","tce"
"M2020_19690_13_15456_150000666154","PB","19690","VEREADOR","2020","fim_regular","tce"
"M2020_19690_13_22333_150000741231","PB","19690","VEREADOR","2020","fim_regular","tce"
"M2012_19704_13_40123_150000003339","PB","19704","VEREADOR","2012","outro","tce"
"M2012_19704_13_45123_150000003351","PB","19704","VEREADOR","2012","fim_regular","tce"
"M2016_19704_13_20123_150000009886","PB","19704","VEREADOR","2016","outro","tce"
"M2016_19704_13_25147_150000006435","PB","19704","VEREADOR","2016","fim_regular","tce"
"M2016_19704_13_25123_150000006434","PB","19704","VEREADOR","2016","fim_regular","tce"
"M2016_19704_13_55666_150000006439","PB","19704","VEREADOR","2016","fim_regular","tce"
"M2016_19704_13_25625_150000006436","PB","19704","VEREADOR","2016","outro","tce"
"M2016_19704_13_25111_150000006427","PB","19704","VEREADOR","2016","fim_regular","tce"
"M2016_19704_13_55555_150000006444","PB","19704","VEREADOR","2016","fim_regular","tce"
"M2016_19704_13_45222_150000009885","PB","19704","VEREADOR","2016","fim_regular","tce"
"M2016_19704_13_45333_150000009889","PB","19704","VEREADOR","2016","fim_regular","tce"
"M2020_19704_13_25147_150001100774","PB","19704","VEREADOR","2020","outro","tce"
"M2020_19704_13_25123_150001100770","PB","19704","VEREADOR","2020","fim_regular","tce"
"M2020_19704_13_65777_150001219219","PB","19704","VEREADOR","2020","fim_regular","tce"
"M2020_19704_13_25222_150001100771","PB","19704","VEREADOR","2020","fim_regular","tce"
"M2020_19704_13_25625_150001100768","PB","19704","VEREADOR","2020","fim_regular","tce"
"M2020_19704_13_25777_150001100769","PB","19704","VEREADOR","2020","fim_regular","tce"
"M2020_19704_13_65111_150001219222","PB","19704","VEREADOR","2020","fim_regular","tce"
"M2020_19704_13_65123_150001219223","PB","19704","VEREADOR","2020","fim_regular","tce"
"M2020_19704_13_25888_150001274545","PB","19704","VEREADOR","2020","fim_regular","tce"
"M2012_19712_13_15123_150000003319","PB","19712","VEREADOR","2012","fim_regular","tce"
"M2012_19712_13_25123_150000009051","PB","19712","VEREADOR","2012","outro","tce"
"M2012_19712_13_45610_150000003316","PB","19712","VEREADOR","2012","fim_regular","tce"
"M2012_19712_13_55678_150000003315","PB","19712","VEREADOR","2012","fim_regular","tce"
"M2012_19712_13_45615_150000003322","PB","19712","VEREADOR","2012","fim_regular","tce"
"M2012_19712_13_14123_150000009071","PB","19712","VEREADOR","2012","fim_regular","tce"
"M2012_19712_13_14567_150000009067","PB","19712","VEREADOR","2012","fim_regular","tce"
"M2012_19712_13_22222_150000009054","PB","19712","VEREADOR","2012","fim_regular","tce"
"M2012_19712_13_25000_150000009066","PB","19712","VEREADOR","2012","fim_regular","tce"
"M2012_19712_13_45145_150000003313","PB","19712","VEREADOR","2012","fim_regular","tce"
"M2012_19712_13_15600_150000003332","PB","19712","VEREADOR","2012","fim_regular","tce"
"M2016_19712_13_15123_150000002173","PB","19712","VEREADOR","2016","fim_regular","tce"
"M2016_19712_13_45123_150000002176","PB","19712","VEREADOR","2016","fim_regular","tce"
"M2016_19712_13_55555_150000002172","PB","19712","VEREADOR","2016","fim_regular","tce"
"M2016_19712_13_40000_150000008964","PB","19712","VEREADOR","2016","fim_regular","tce"
"M2016_19712_13_15111_150000002171","PB","19712","VEREADOR","2016","fim_regular","tce"
"M2016_19712_13_25123_150000008976","PB","19712","VEREADOR","2016","fim_regular","tce"
"M2016_19712_13_40140_150000008962","PB","19712","VEREADOR","2016","outro","tce"
"M2016_19712_13_40222_150000008963","PB","19712","VEREADOR","2016","fim_regular","tce"
"M2016_19712_13_40678_150000008970","PB","19712","VEREADOR","2016","fim_regular","tce"
"M2016_19712_13_45678_150000002181","PB","19712","VEREADOR","2016","fim_regular","tce"
"M2016_19712_13_10123_150000002168","PB","19712","VEREADOR","2016","fim_regular","tce"
"M2020_19712_13_23000_150000763834","PB","19712","VEREADOR","2020","outro","tce"
"M2012_19720_13_43123_150000005901","PB","19720","VEREADOR","2012","fim_regular","tce"
"M2016_19720_13_40000_150000009578","PB","19720","VEREADOR","2016","fim_regular","tce"
"M2016_19720_13_23456_150000009727","PB","19720","VEREADOR","2016","outro","tce"
"M2016_19720_13_45678_150000009730","PB","19720","VEREADOR","2016","fim_regular","tce"
"M2016_19720_13_45555_150000009729","PB","19720","VEREADOR","2016","fim_regular","tce"
"M2016_19720_13_22222_150000009575","PB","19720","VEREADOR","2016","outro","tce"
"M2016_19720_13_22000_150000009571","PB","19720","VEREADOR","2016","outro","tce"
"M2016_19720_13_14123_150000009572","PB","19720","VEREADOR","2016","fim_regular","tce"
"M2016_19720_13_40123_150000009568","PB","19720","VEREADOR","2016","fim_regular","tce"
"M2016_19720_13_55555_150000009733","PB","19720","VEREADOR","2016","fim_regular","tce"
"M2020_19720_13_55678_150001181631","PB","19720","VEREADOR","2020","fim_regular","tce"
"M2020_19720_13_22123_150001097957","PB","19720","VEREADOR","2020","outro","tce"
"M2020_19720_13_55555_150001181628","PB","19720","VEREADOR","2020","fim_regular","tce"
"M2020_19720_13_22000_150001097960","PB","19720","VEREADOR","2020","fim_regular","tce"
"M2020_19720_13_22223_150001097953","PB","19720","VEREADOR","2020","fim_regular","tce"
"M2020_19720_13_22456_150001097954","PB","19720","VEREADOR","2020","fim_regular","tce"
"M2020_19720_13_22603_150001097955","PB","19720","VEREADOR","2020","fim_regular","tce"
"M2020_19720_13_22888_150001097952","PB","19720","VEREADOR","2020","fim_regular","tce"
"M2012_19747_13_15600_150000003228","PB","19747","VEREADOR","2012","fim_regular","tce"
"M2012_19747_13_45605_150000007266","PB","19747","VEREADOR","2012","fim_regular","tce"
"M2012_19747_13_15555_150000003214","PB","19747","VEREADOR","2012","fim_regular","tce"
"M2012_19747_13_17777_150000003217","PB","19747","VEREADOR","2012","fim_regular","tce"
"M2012_19747_13_22345_150000007267","PB","19747","VEREADOR","2012","fim_regular","tce"
"M2012_19747_13_25111_150000013867","PB","19747","VEREADOR","2012","fim_regular","tce"
"M2012_19747_13_45345_150000007271","PB","19747","VEREADOR","2012","fim_regular","tce"
"M2012_19747_13_45600_150000007273","PB","19747","VEREADOR","2012","fim_regular","tce"
"M2012_19747_13_25625_150000007274","PB","19747","VEREADOR","2012","fim_regular","tce"
"M2016_19747_13_15600_150000009309","PB","19747","VEREADOR","2016","fim_regular","tce"
"M2016_19747_13_12123_150000009308","PB","19747","VEREADOR","2016","fim_regular","tce"
"M2016_19747_13_22345_150000011947","PB","19747","VEREADOR","2016","outro","tce"
"M2016_19747_13_25111_150000011949","PB","19747","VEREADOR","2016","fim_regular","tce"
"M2016_19747_13_45600_150000011942","PB","19747","VEREADOR","2016","fim_regular","tce"
"M2016_19747_13_15111_150000009312","PB","19747","VEREADOR","2016","outro","tce"
"M2016_19747_13_45555_150000011950","PB","19747","VEREADOR","2016","fim_regular","tce"
"M2016_19747_13_45678_150000011944","PB","19747","VEREADOR","2016","fim_regular","tce"
"M2016_19747_13_70123_150000011943","PB","19747","VEREADOR","2016","fim_regular","tce"
"M2020_19747_13_11789_150000790077","PB","19747","VEREADOR","2020","fim_regular","tce"
"M2020_19747_13_11123_150000790073","PB","19747","VEREADOR","2020","fim_regular","tce"
"M2020_19747_13_11145_150000790081","PB","19747","VEREADOR","2020","fim_regular","tce"
"M2020_19747_13_11456_150000790084","PB","19747","VEREADOR","2020","fim_regular","tce"
"M2020_19747_13_11111_150000790079","PB","19747","VEREADOR","2020","fim_regular","tce"
"M2020_19747_13_11222_150000790086","PB","19747","VEREADOR","2020","fim_regular","tce"
"M2020_19747_13_11345_150000790074","PB","19747","VEREADOR","2020","fim_regular","tce"
"M2012_19755_13_14111_150000006635","PB","19755","VEREADOR","2012","fim_regular","tce"
"M2016_19755_13_14111_150000004657","PB","19755","VEREADOR","2016","fim_regular","tce"
"M2012_19763_13_11111_150000004324","PB","19763","VEREADOR","2012","fim_regular","tce"
"M2012_19763_13_14123_150000004327","PB","19763","VEREADOR","2012","fim_regular","tce"
"M2012_19763_13_14111_150000004331","PB","19763","VEREADOR","2012","fim_regular","tce"
"M2012_19763_13_15111_150000003727","PB","19763","VEREADOR","2012","fim_regular","tce"
"M2012_19763_13_13333_150000003720","PB","19763","VEREADOR","2012","fim_regular","tce"
"M2012_19763_13_13445_150000003721","PB","19763","VEREADOR","2012","fim_regular","tce"
"M2012_19763_13_23777_150000004431","PB","19763","VEREADOR","2012","fim_regular","tce"
"M2012_19763_13_43100_150000003040","PB","19763","VEREADOR","2012","fim_regular","tce"
"M2012_19763_13_13200_150000003723","PB","19763","VEREADOR","2012","fim_regular","tce"
"M2016_19763_13_45555_150000005487","PB","19763","VEREADOR","2016","fim_regular","tce"
"M2016_19763_13_13333_150000003021","PB","19763","VEREADOR","2016","fim_regular","tce"
"M2016_19763_13_40100_150000003016","PB","19763","VEREADOR","2016","outro","tce"
"M2016_19763_13_43333_150000005489","PB","19763","VEREADOR","2016","outro","tce"
"M2016_19763_13_45333_150000005484","PB","19763","VEREADOR","2016","fim_regular","tce"
"M2016_19763_13_45444_150000005481","PB","19763","VEREADOR","2016","fim_regular","tce"
"M2016_19763_13_55678_150000003019","PB","19763","VEREADOR","2016","fim_regular","tce"
"M2016_19763_13_65123_150000002906","PB","19763","VEREADOR","2016","fim_regular","tce"
"M2016_19763_13_22200_150000005486","PB","19763","VEREADOR","2016","fim_regular","tce"
"M2012_19771_13_15151_150000003101","PB","19771","VEREADOR","2012","fim_regular","tce"
"M2016_19771_13_25888_150000006573","PB","19771","VEREADOR","2016","fim_regular","tce"
"M2016_19771_13_12345_150000008026","PB","19771","VEREADOR","2016","fim_regular","tce"
"M2016_19771_13_15222_150000006565","PB","19771","VEREADOR","2016","fim_regular","tce"
"M2016_19771_13_15555_150000006566","PB","19771","VEREADOR","2016","fim_regular","tce"
"M2016_19771_13_40000_150000008031","PB","19771","VEREADOR","2016","fim_regular","tce"
"M2016_19771_13_55555_150000008029","PB","19771","VEREADOR","2016","fim_regular","tce"
"M2016_19771_13_19111_150000006578","PB","19771","VEREADOR","2016","fim_regular","tce"
"M2016_19771_13_15888_150000006564","PB","19771","VEREADOR","2016","fim_regular","tce"
"M2020_19771_13_15123_150001096763","PB","19771","VEREADOR","2020","fim_regular","tce"
"M2020_19771_13_15222_150001096765","PB","19771","VEREADOR","2020","fim_regular","tce"
"M2020_19771_13_15555_150001096758","PB","19771","VEREADOR","2020","fim_regular","tce"
"M2020_19771_13_15666_150001096766","PB","19771","VEREADOR","2020","fim_regular","tce"
"M2020_19771_13_22333_150001165805","PB","19771","VEREADOR","2020","outro","tce"
"M2020_19771_13_23222_150001152683","PB","19771","VEREADOR","2020","fim_regular","tce"
"M2020_19771_13_23234_150001152684","PB","19771","VEREADOR","2020","fim_regular","tce"
"M2020_19771_13_15888_150001096760","PB","19771","VEREADOR","2020","fim_regular","tce"
"M2012_19780_13_55222_150000002590","PB","19780","VEREADOR","2012","fim_regular","tce"
"M2012_19780_13_55123_150000002577","PB","19780","VEREADOR","2012","fim_regular","tce"
"M2012_19780_13_15123_150000010516","PB","19780","VEREADOR","2012","fim_regular","tce"
"M2012_19780_13_55555_150000002579","PB","19780","VEREADOR","2012","fim_regular","tce"
"M2012_19780_13_11111_150000002584","PB","19780","VEREADOR","2012","fim_regular","tce"
"M2012_19780_13_15000_150000010507","PB","19780","VEREADOR","2012","outro","tce"
"M2012_19780_13_20000_150000010513","PB","19780","VEREADOR","2012","fim_regular","tce"
"M2012_19780_13_40111_150000002576","PB","19780","VEREADOR","2012","fim_regular","tce"
"M2012_19780_13_55666_150000002574","PB","19780","VEREADOR","2012","fim_regular","tce"
"M2016_19780_13_40222_150000006352","PB","19780","VEREADOR","2016","fim_regular","tce"
"M2016_19780_13_55123_150000005063","PB","19780","VEREADOR","2016","fim_regular","tce"
"M2016_19780_13_15123_150000006363","PB","19780","VEREADOR","2016","fim_regular","tce"
"M2016_19780_13_14444_150000006362","PB","19780","VEREADOR","2016","fim_regular","tce"
"M2016_19780_13_11111_150000005070","PB","19780","VEREADOR","2016","fim_regular","tce"
"M2016_19780_13_15000_150000006360","PB","19780","VEREADOR","2016","outro","tce"
"M2016_19780_13_40000_150000006350","PB","19780","VEREADOR","2016","fim_regular","tce"
"M2016_19780_13_27777_150000005073","PB","19780","VEREADOR","2016","fim_regular","tce"
"M2020_19780_13_55123_150000730307","PB","19780","VEREADOR","2020","outro","tce"
"M2020_19780_13_20123_150000766375","PB","19780","VEREADOR","2020","fim_regular","tce"
"M2020_19780_13_20999_150000766382","PB","19780","VEREADOR","2020","fim_regular","tce"
"M2020_19780_13_20444_150000766374","PB","19780","VEREADOR","2020","fim_regular","tce"
"M2020_19780_13_20888_150000766379","PB","19780","VEREADOR","2020","fim_regular","tce"
"M2020_19780_13_55111_150000730308","PB","19780","VEREADOR","2020","fim_regular","tce"
"M2020_19780_13_55999_150000730316","PB","19780","VEREADOR","2020","fim_regular","tce"
"M2020_19801_13_11111_150000735051","PB","19801","VEREADOR","2020","fim_regular","tce"
"M2020_19801_13_14444_150000849491","PB","19801","VEREADOR","2020","fim_regular","tce"
"M2020_19801_13_11000_150000735049","PB","19801","VEREADOR","2020","fim_regular","tce"
"M2020_19801_13_19456_150000737081","PB","19801","VEREADOR","2020","fim_regular","tce"
"M2020_19801_13_11222_150000735046","PB","19801","VEREADOR","2020","fim_regular","tce"
"M2020_19801_13_11444_150000735052","PB","19801","VEREADOR","2020","fim_regular","tce"
"M2020_19801_13_14123_150000849489","PB","19801","VEREADOR","2020","fim_regular","tce"
"M2020_19801_13_14222_150000849490","PB","19801","VEREADOR","2020","fim_regular","tce"
"M2020_19801_13_14789_150000849487","PB","19801","VEREADOR","2020","fim_regular","tce"
"M2012_19810_13_15222_150000008260","PB","19810","VEREADOR","2012","fim_regular","tce"
"M2012_19810_13_15333_150000008262","PB","19810","VEREADOR","2012","fim_regular","tce"
"M2012_19810_13_45100_150000011794","PB","19810","VEREADOR","2012","outro","tce"
"M2012_19810_13_20630_150000011448","PB","19810","VEREADOR","2012","fim_regular","tce"
"M2012_19810_13_10789_150000013214","PB","19810","VEREADOR","2012","fim_regular","tce"
"M2012_19810_13_15888_150000008251","PB","19810","VEREADOR","2012","fim_regular","tce"
"M2012_19810_13_45678_150000011776","PB","19810","VEREADOR","2012","outro","tce"
"M2012_19810_13_10444_150000011352","PB","19810","VEREADOR","2012","fim_regular","tce"
"M2012_19810_13_19999_150000007207","PB","19810","VEREADOR","2012","fim_regular","tce"
"M2012_19810_13_20000_150000011430","PB","19810","VEREADOR","2012","fim_regular","tce"
"M2012_19810_13_23456_150000009212","PB","19810","VEREADOR","2012","fim_regular","tce"
"M2012_19810_13_25123_150000011365","PB","19810","VEREADOR","2012","fim_regular","tce"
"M2012_19810_13_25777_150000011359","PB","19810","VEREADOR","2012","fim_regular","tce"
"M2012_19810_13_33000_150000002688","PB","19810","VEREADOR","2012","fim_regular","tce"
"M2012_19810_13_33190_150000002675","PB","19810","VEREADOR","2012","fim_regular","tce"
"M2012_19810_13_33888_150000002705","PB","19810","VEREADOR","2012","fim_regular","tce"
"M2012_19810_13_45123_150000011769","PB","19810","VEREADOR","2012","outro","tce"
"M2012_19810_13_44222_150000011786","PB","19810","VEREADOR","2012","fim_regular","tce"
"M2012_19810_13_44456_150000011785","PB","19810","VEREADOR","2012","fim_regular","tce"
"M2012_19828_13_45555_150000011713","PB","19828","VEREADOR","2012","fim_regular","tce"
"M2012_19828_13_22777_150000011530","PB","19828","VEREADOR","2012","fim_regular","tce"
"M2012_19828_13_45670_150000011714","PB","19828","VEREADOR","2012","fim_regular","tce"
"M2012_19828_13_14141_150000003743","PB","19828","VEREADOR","2012","fim_regular","tce"
"M2012_19828_13_22555_150000011520","PB","19828","VEREADOR","2012","fim_regular","tce"
"M2012_19828_13_40999_150000011715","PB","19828","VEREADOR","2012","fim_regular","tce"
"M2012_19828_13_55555_150000003737","PB","19828","VEREADOR","2012","fim_regular","tce"
"M2012_19828_13_14123_150000003746","PB","19828","VEREADOR","2012","fim_regular","tce"
"M2012_19828_13_22123_150000011522","PB","19828","VEREADOR","2012","fim_regular","tce"
"M2016_19828_13_14141_150000007435","PB","19828","VEREADOR","2016","fim_regular","tce"
"M2016_19828_13_11111_150000005048","PB","19828","VEREADOR","2016","fim_regular","tce"
"M2016_19828_13_12222_150000007438","PB","19828","VEREADOR","2016","fim_regular","tce"
"M2016_19828_13_14555_150000007436","PB","19828","VEREADOR","2016","fim_regular","tce"
"M2016_19828_13_17777_150000005046","PB","19828","VEREADOR","2016","fim_regular","tce"
"M2016_19828_13_40100_150000005050","PB","19828","VEREADOR","2016","fim_regular","tce"
"M2016_19828_13_40444_150000005057","PB","19828","VEREADOR","2016","fim_regular","tce"
"M2016_19828_13_45670_150000007430","PB","19828","VEREADOR","2016","fim_regular","tce"
"M2016_19828_13_90000_150000005054","PB","19828","VEREADOR","2016","fim_regular","tce"
"M2020_19828_13_65678_150000732158","PB","19828","VEREADOR","2020","fim_regular","tce"
"M2020_19828_13_70000_150000816922","PB","19828","VEREADOR","2020","fim_regular","tce"
"M2020_19828_13_70777_150000816917","PB","19828","VEREADOR","2020","fim_regular","tce"
"M2020_19828_13_65555_150000732152","PB","19828","VEREADOR","2020","fim_regular","tce"
"M2020_19828_13_22222_150001271110","PB","19828","VEREADOR","2020","fim_regular","tce"
"M2020_19828_13_65000_150000732150","PB","19828","VEREADOR","2020","fim_regular","tce"
"M2020_19828_13_65456_150000732159","PB","19828","VEREADOR","2020","fim_regular","tce"
"M2020_19828_13_70141_150000816920","PB","19828","VEREADOR","2020","fim_regular","tce"
"M2012_19836_13_23333_150000001242","PB","19836","VEREADOR","2012","outro","tce"
"M2012_19836_13_43333_150000002866","PB","19836","VEREADOR","2012","fim_regular","tce"
"M2012_19836_13_11111_150000002865","PB","19836","VEREADOR","2012","fim_regular","tce"
"M2012_19836_13_22222_150000002867","PB","19836","VEREADOR","2012","fim_regular","tce"
"M2012_19836_13_65555_150000002864","PB","19836","VEREADOR","2012","fim_regular","tce"
"M2012_19836_13_14789_150000001237","PB","19836","VEREADOR","2012","fim_regular","tce"
"M2016_19836_13_55555_150000012713","PB","19836","VEREADOR","2016","fim_regular","tce"
"M2020_19836_13_22222_150000727502","PB","19836","VEREADOR","2020","outro","tce"
"M2020_19836_13_22000_150000727501","PB","19836","VEREADOR","2020","fim_regular","tce"
"M2012_19844_13_12345_150000001613","PB","19844","VEREADOR","2012","outro","tce"
"M2012_19844_13_25611_150000001611","PB","19844","VEREADOR","2012","fim_regular","tce"
"M2012_19844_13_55000_150000002934","PB","19844","VEREADOR","2012","fim_regular","tce"
"M2012_19844_13_55678_150000002936","PB","19844","VEREADOR","2012","fim_regular","tce"
"M2012_19844_13_55888_150000002935","PB","19844","VEREADOR","2012","fim_regular","tce"
"M2012_19844_13_65123_150000001608","PB","19844","VEREADOR","2012","fim_regular","tce"
"M2012_19844_13_22210_150000001605","PB","19844","VEREADOR","2012","fim_regular","tce"
"M2012_19844_13_55123_150000002937","PB","19844","VEREADOR","2012","fim_regular","tce"
"M2016_19844_13_55566_150000007353","PB","19844","VEREADOR","2016","fim_regular","tce"
"M2016_19844_13_55555_150000007354","PB","19844","VEREADOR","2016","fim_regular","tce"
"M2016_19844_13_22222_150000002145","PB","19844","VEREADOR","2016","fim_regular","tce"
"M2016_19844_13_45789_150000007346","PB","19844","VEREADOR","2016","fim_regular","tce"
"M2016_19844_13_55888_150000007350","PB","19844","VEREADOR","2016","fim_regular","tce"
"M2016_19844_13_65123_150000002148","PB","19844","VEREADOR","2016","fim_regular","tce"
"M2016_19844_13_55111_150000007352","PB","19844","VEREADOR","2016","fim_regular","tce"
"M2016_19844_13_22210_150000002143","PB","19844","VEREADOR","2016","fim_regular","tce"
"M2016_19844_13_12345_150000002149","PB","19844","VEREADOR","2016","fim_regular","tce"
"M2012_19852_13_14777_150000012493","PB","19852","VEREADOR","2012","fim_regular","tce"
"M2012_19852_13_17111_150000012497","PB","19852","VEREADOR","2012","fim_regular","tce"
"M2012_19852_13_22222_150000009353","PB","19852","VEREADOR","2012","outro","tce"
"M2012_19852_13_22345_150000009358","PB","19852","VEREADOR","2012","fim_regular","tce"
"M2012_19852_13_25123_150000009359","PB","19852","VEREADOR","2012","fim_regular","tce"
"M2012_19852_13_27000_150000012491","PB","19852","VEREADOR","2012","fim_regular","tce"
"M2012_19852_13_25800_150000009350","PB","19852","VEREADOR","2012","fim_regular","tce"
"M2012_19852_13_40555_150000012490","PB","19852","VEREADOR","2012","fim_regular","tce"
"M2016_19852_13_15111_150000010642","PB","19852","VEREADOR","2016","fim_regular","tce"
"M2016_19852_13_65555_150000010647","PB","19852","VEREADOR","2016","fim_regular","tce"
"M2016_19852_13_22345_150000010398","PB","19852","VEREADOR","2016","fim_regular","tce"
"M2016_19852_13_22222_150000010400","PB","19852","VEREADOR","2016","fim_regular","tce"
"M2016_19852_13_15555_150000010639","PB","19852","VEREADOR","2016","fim_regular","tce"
"M2016_19852_13_15666_150000010634","PB","19852","VEREADOR","2016","fim_regular","tce"
"M2016_19852_13_45123_150000010403","PB","19852","VEREADOR","2016","fim_regular","tce"
"M2016_19852_13_25800_150000010648","PB","19852","VEREADOR","2016","fim_regular","tce"
"M2020_19852_13_10111_150000652850","PB","19852","VEREADOR","2020","fim_regular","tce"
"M2020_19852_13_25800_150001026312","PB","19852","VEREADOR","2020","fim_regular","tce"
"M2020_19852_13_25222_150001026315","PB","19852","VEREADOR","2020","fim_regular","tce"
"M2020_19852_13_10555_150000652842","PB","19852","VEREADOR","2020","fim_regular","tce"
"M2020_19852_13_10222_150000652844","PB","19852","VEREADOR","2020","fim_regular","tce"
"M2020_19852_13_10888_150000652845","PB","19852","VEREADOR","2020","outro","tce"
"M2020_19852_13_10999_150000652846","PB","19852","VEREADOR","2020","fim_regular","tce"
"M2020_19852_13_25999_150001026313","PB","19852","VEREADOR","2020","fim_regular","tce"
"M2012_19860_13_25601_150000004877","PB","19860","VEREADOR","2012","fim_regular","tce"
"M2012_19860_13_15678_150000004873","PB","19860","VEREADOR","2012","fim_regular","tce"
"M2012_19860_13_45655_150000004876","PB","19860","VEREADOR","2012","outro","tce"
"M2012_19860_13_23123_150000006783","PB","19860","VEREADOR","2012","fim_regular","tce"
"M2012_19860_13_45123_150000004870","PB","19860","VEREADOR","2012","fim_regular","tce"
"M2012_19860_13_13456_150000006785","PB","19860","VEREADOR","2012","fim_regular","tce"
"M2012_19860_13_55111_150000004869","PB","19860","VEREADOR","2012","fim_regular","tce"
"M2016_19860_13_15678_150000003837","PB","19860","VEREADOR","2016","fim_regular","tce"
"M2016_19860_13_45611_150000003832","PB","19860","VEREADOR","2016","fim_regular","tce"
"M2016_19860_13_40123_150000002698","PB","19860","VEREADOR","2016","fim_regular","tce"
"M2016_19860_13_45123_150000003829","PB","19860","VEREADOR","2016","fim_regular","tce"
"M2016_19860_13_40111_150000002697","PB","19860","VEREADOR","2016","fim_regular","tce"
"M2016_19860_13_40444_150000002700","PB","19860","VEREADOR","2016","fim_regular","tce"
"M2016_19860_13_40678_150000002699","PB","19860","VEREADOR","2016","fim_regular","tce"
"M2016_19860_13_45555_150000003835","PB","19860","VEREADOR","2016","outro","tce"
"M2016_19860_13_45111_150000003840","PB","19860","VEREADOR","2016","fim_regular","tce"
"M2012_19879_13_11111_150000006037","PB","19879","VEREADOR","2012","fim_regular","tce"
"M2012_19879_13_15603_150000007754","PB","19879","VEREADOR","2012","fim_regular","tce"
"M2012_19879_13_45006_150000007766","PB","19879","VEREADOR","2012","fim_regular","tce"
"M2012_19879_13_45600_150000007756","PB","19879","VEREADOR","2012","fim_regular","tce"
"M2012_19879_13_15607_150000007764","PB","19879","VEREADOR","2012","fim_regular","tce"
"M2012_19879_13_22123_150000007761","PB","19879","VEREADOR","2012","fim_regular","tce"
"M2012_19879_13_45678_150000007758","PB","19879","VEREADOR","2012","fim_regular","tce"
"M2012_19879_13_22003_150000007759","PB","19879","VEREADOR","2012","fim_regular","tce"
"M2012_19879_13_23456_150000006047","PB","19879","VEREADOR","2012","fim_regular","tce"
"M2012_19879_13_25123_150000006046","PB","19879","VEREADOR","2012","fim_regular","tce"
"M2016_19879_13_45600_150000009861","PB","19879","VEREADOR","2016","fim_regular","tce"
"M2016_19879_13_70123_150000010581","PB","19879","VEREADOR","2016","fim_regular","tce"
"M2016_19879_13_17123_150000010572","PB","19879","VEREADOR","2016","fim_regular","tce"
"M2016_19879_13_14147_150000009849","PB","19879","VEREADOR","2016","fim_regular","tce"
"M2016_19879_13_22003_150000010573","PB","19879","VEREADOR","2016","fim_regular","tce"
"M2016_19879_13_22333_150000010575","PB","19879","VEREADOR","2016","fim_regular","tce"
"M2016_19879_13_10888_150000010584","PB","19879","VEREADOR","2016","fim_regular","tce"
"M2016_19879_13_14000_150000009850","PB","19879","VEREADOR","2016","fim_regular","tce"
"M2016_19879_13_23123_150000009857","PB","19879","VEREADOR","2016","fim_regular","tce"
"M2016_19879_13_25123_150000009856","PB","19879","VEREADOR","2016","outro","tce"
"M2016_19879_13_25456_150000009855","PB","19879","VEREADOR","2016","fim_regular","tce"
"M2016_19879_13_77777_150000010588","PB","19879","VEREADOR","2016","fim_regular","tce"
"M2020_19879_13_45600_150000961542","PB","19879","VEREADOR","2020","fim_regular","tce"
"M2020_19879_13_23456_150001236056","PB","19879","VEREADOR","2020","outro","tce"
"M2020_19879_13_45678_150000961548","PB","19879","VEREADOR","2020","fim_regular","tce"
"M2020_19879_13_45223_150000961544","PB","19879","VEREADOR","2020","fim_regular","tce"
"M2020_19879_13_23123_150001236064","PB","19879","VEREADOR","2020","fim_regular","tce"
"M2020_19879_13_45555_150000961547","PB","19879","VEREADOR","2020","fim_regular","tce"
"M2020_19879_13_25000_150000960732","PB","19879","VEREADOR","2020","fim_regular","tce"
"M2020_19879_13_45123_150000961546","PB","19879","VEREADOR","2020","fim_regular","tce"
"M2020_19879_13_25456_150000960726","PB","19879","VEREADOR","2020","fim_regular","tce"
"M2020_19879_13_25555_150000960734","PB","19879","VEREADOR","2020","outro","tce"
"M2020_19879_13_23111_150001236061","PB","19879","VEREADOR","2020","fim_regular","tce"
"M2020_19879_13_25123_150000960731","PB","19879","VEREADOR","2020","fim_regular","tce"
"M2020_19879_13_25800_150000960730","PB","19879","VEREADOR","2020","fim_regular","tce"
"M2012_19887_13_14000_150000009577","PB","19887","VEREADOR","2012","fim_regular","tce"
"M2012_19887_13_14555_150000009586","PB","19887","VEREADOR","2012","fim_regular","tce"
"M2012_19887_13_14222_150000009583","PB","19887","VEREADOR","2012","fim_regular","tce"
"M2012_19887_13_36666_150000005967","PB","19887","VEREADOR","2012","outro","tce"
"M2012_19887_13_14777_150000015209","PB","19887","VEREADOR","2012","fim_regular","tce"
"M2012_19887_13_15789_150000005955","PB","19887","VEREADOR","2012","fim_regular","tce"
"M2012_19887_13_20000_150000005960","PB","19887","VEREADOR","2012","fim_regular","tce"
"M2012_19887_13_14111_150000009581","PB","19887","VEREADOR","2012","fim_regular","tce"
"M2012_19887_13_14444_150000009576","PB","19887","VEREADOR","2012","fim_regular","tce"
"M2016_19887_13_14000_150000008120","PB","19887","VEREADOR","2016","fim_regular","tce"
"M2016_19887_13_45678_150000006189","PB","19887","VEREADOR","2016","fim_regular","tce"
"M2016_19887_13_45555_150000006194","PB","19887","VEREADOR","2016","fim_regular","tce"
"M2016_19887_13_14777_150000008121","PB","19887","VEREADOR","2016","fim_regular","tce"
"M2016_19887_13_20120_150000006188","PB","19887","VEREADOR","2016","fim_regular","tce"
"M2016_19887_13_20222_150000006192","PB","19887","VEREADOR","2016","fim_regular","tce"
"M2016_19887_13_20555_150000006199","PB","19887","VEREADOR","2016","fim_regular","tce"
"M2016_19887_13_20000_150000006190","PB","19887","VEREADOR","2016","fim_regular","tce"
"M2016_19887_13_14111_150000008125","PB","19887","VEREADOR","2016","fim_regular","tce"
"M2012_19895_13_10123_150000004236","PB","19895","VEREADOR","2012","fim_regular","tce"
"M2012_19895_13_45555_150000005258","PB","19895","VEREADOR","2012","fim_regular","tce"
"M2012_19895_13_10000_150000004232","PB","19895","VEREADOR","2012","fim_regular","tce"
"M2012_19895_13_10111_150000004231","PB","19895","VEREADOR","2012","fim_regular","tce"
"M2012_19895_13_45678_150000005257","PB","19895","VEREADOR","2012","fim_regular","tce"
"M2012_19895_13_13123_150000004224","PB","19895","VEREADOR","2012","outro","tce"
"M2012_19895_13_45111_150000005243","PB","19895","VEREADOR","2012","fim_regular","tce"
"M2012_19895_13_22345_150000005239","PB","19895","VEREADOR","2012","fim_regular","tce"
"M2012_19895_13_45666_150000005246","PB","19895","VEREADOR","2012","fim_regular","tce"
"M2012_19895_13_45800_150000005252","PB","19895","VEREADOR","2012","fim_regular","tce"
"M2016_19895_13_15000_150000004130","PB","19895","VEREADOR","2016","fim_regular","tce"
"M2016_19895_13_65123_150000005228","PB","19895","VEREADOR","2016","fim_regular","tce"
"M2016_19895_13_40555_150000005231","PB","19895","VEREADOR","2016","fim_regular","tce"
"M2016_19895_13_40111_150000005226","PB","19895","VEREADOR","2016","fim_regular","tce"
"M2016_19895_13_45678_150000004107","PB","19895","VEREADOR","2016","outro","tce"
"M2016_19895_13_45111_150000004124","PB","19895","VEREADOR","2016","fim_regular","tce"
"M2016_19895_13_25789_150000004108","PB","19895","VEREADOR","2016","fim_regular","tce"
"M2016_19895_13_28000_150000004125","PB","19895","VEREADOR","2016","fim_regular","tce"
"M2016_19895_13_45800_150000004121","PB","19895","VEREADOR","2016","fim_regular","tce"
"M2016_19895_13_40000_150000005229","PB","19895","VEREADOR","2016","fim_regular","tce"
"M2012_19909_13_45123_150000009149","PB","19909","VEREADOR","2012","fim_regular","tce"
"M2012_19909_13_45678_150000009144","PB","19909","VEREADOR","2012","fim_regular","tce"
"M2012_19909_13_25123_150000009141","PB","19909","VEREADOR","2012","fim_regular","tce"
"M2012_19909_13_22222_150000006735","PB","19909","VEREADOR","2012","fim_regular","tce"
"M2012_19909_13_15222_150000006734","PB","19909","VEREADOR","2012","fim_regular","tce"
"M2012_19909_13_40123_150000009142","PB","19909","VEREADOR","2012","fim_regular","tce"
"M2012_19909_13_25456_150000009151","PB","19909","VEREADOR","2012","fim_regular","tce"
"M2012_19909_13_45444_150000009139","PB","19909","VEREADOR","2012","fim_regular","tce"
"M2016_19909_13_45123_150000002051","PB","19909","VEREADOR","2016","outro","tce"
"M2016_19909_13_55555_150000002884","PB","19909","VEREADOR","2016","fim_regular","tce"
"M2016_19909_13_25123_150000002053","PB","19909","VEREADOR","2016","fim_regular","tce"
"M2016_19909_13_15222_150000002885","PB","19909","VEREADOR","2016","fim_regular","tce"
"M2016_19909_13_15123_150000002887","PB","19909","VEREADOR","2016","fim_regular","tce"
"M2016_19909_13_45678_150000002047","PB","19909","VEREADOR","2016","fim_regular","tce"
"M2016_19909_13_25456_150000002050","PB","19909","VEREADOR","2016","fim_regular","tce"
"M2016_19909_13_25789_150000002049","PB","19909","VEREADOR","2016","fim_regular","tce"
"M2020_19909_13_23123_150000689278","PB","19909","VEREADOR","2020","fim_regular","tce"
"M2020_19909_13_90999_150000741123","PB","19909","VEREADOR","2020","fim_regular","tce"
"M2020_19909_13_23444_150000689286","PB","19909","VEREADOR","2020","fim_regular","tce"
"M2020_19909_13_90678_150000741117","PB","19909","VEREADOR","2020","fim_regular","tce"
"M2020_19909_13_23222_150000689285","PB","19909","VEREADOR","2020","fim_regular","tce"
"M2020_19909_13_90456_150000741118","PB","19909","VEREADOR","2020","fim_regular","tce"
"M2020_19909_13_23456_150000689282","PB","19909","VEREADOR","2020","fim_regular","tce"
"M2012_19917_13_22333_150000008078","PB","19917","VEREADOR","2012","fim_regular","tce"
"M2012_19917_13_15613_150000006071","PB","19917","VEREADOR","2012","fim_regular","tce"
"M2012_19917_13_25456_150000001568","PB","19917","VEREADOR","2012","outro","tce"
"M2012_19917_13_25888_150000001565","PB","19917","VEREADOR","2012","fim_regular","tce"
"M2012_19917_13_15555_150000006075","PB","19917","VEREADOR","2012","fim_regular","tce"
"M2012_19917_13_15655_150000006069","PB","19917","VEREADOR","2012","fim_regular","tce"
"M2012_19917_13_22222_150000008081","PB","19917","VEREADOR","2012","fim_regular","tce"
"M2012_19917_13_45555_150000008079","PB","19917","VEREADOR","2012","fim_regular","tce"
"M2012_19917_13_45565_150000008084","PB","19917","VEREADOR","2012","fim_regular","tce"
"M2016_19917_13_55555_150000005251","PB","19917","VEREADOR","2016","fim_regular","tce"
"M2016_19917_13_15234_150000006975","PB","19917","VEREADOR","2016","fim_regular","tce"
"M2016_19917_13_45555_150000005238","PB","19917","VEREADOR","2016","fim_regular","tce"
"M2016_19917_13_45565_150000005237","PB","19917","VEREADOR","2016","fim_regular","tce"
"M2016_19917_13_15678_150000006984","PB","19917","VEREADOR","2016","fim_regular","tce"
"M2016_19917_13_20000_150000005246","PB","19917","VEREADOR","2016","fim_regular","tce"
"M2016_19917_13_22222_150000005245","PB","19917","VEREADOR","2016","outro","tce"
"M2016_19917_13_22555_150000005240","PB","19917","VEREADOR","2016","fim_regular","tce"
"M2016_19917_13_25888_150000005249","PB","19917","VEREADOR","2016","fim_regular","tce"
"M2020_19917_13_22123_150001086441","PB","19917","VEREADOR","2020","fim_regular","tce"
"M2020_19917_13_23123_150001192071","PB","19917","VEREADOR","2020","fim_regular","tce"
"M2020_19917_13_22333_150001086440","PB","19917","VEREADOR","2020","fim_regular","tce"
"M2020_19917_13_22000_150001086439","PB","19917","VEREADOR","2020","fim_regular","tce"
"M2020_19917_13_22222_150001086442","PB","19917","VEREADOR","2020","fim_regular","tce"
"M2020_19917_13_22555_150001086438","PB","19917","VEREADOR","2020","fim_regular","tce"
"M2020_19917_13_25888_150001172115","PB","19917","VEREADOR","2020","fim_regular","tce"
"M2020_19917_13_12333_150000727273","PB","19917","VEREADOR","2020","fim_regular","tce"
"M2020_19917_13_22122_150001086444","PB","19917","VEREADOR","2020","outro","tce"
"M2012_19925_13_15555_150000000871","PB","19925","VEREADOR","2012","outro","tce"
"M2012_19925_13_55111_150000007021","PB","19925","VEREADOR","2012","fim_regular","tce"
"M2012_19925_13_15888_150000000873","PB","19925","VEREADOR","2012","fim_regular","tce"
"M2012_19925_13_11111_150000007029","PB","19925","VEREADOR","2012","outro","tce"
"M2012_19925_13_11222_150000007026","PB","19925","VEREADOR","2012","fim_regular","tce"
"M2012_19925_13_15000_150000000881","PB","19925","VEREADOR","2012","fim_regular","tce"
"M2012_19925_13_55222_150000007036","PB","19925","VEREADOR","2012","fim_regular","tce"
"M2012_19925_13_13333_150000000875","PB","19925","VEREADOR","2012","fim_regular","tce"
"M2012_19925_13_55555_150000007031","PB","19925","VEREADOR","2012","fim_regular","tce"
"M2012_19941_13_14222_150000001278","PB","19941","VEREADOR","2012","fim_regular","tce"
"M2012_19941_13_15630_150000006157","PB","19941","VEREADOR","2012","fim_regular","tce"
"M2012_19941_13_45555_150000001274","PB","19941","VEREADOR","2012","fim_regular","tce"
"M2012_19941_13_45222_150000001275","PB","19941","VEREADOR","2012","fim_regular","tce"
"M2012_19941_13_14444_150000001282","PB","19941","VEREADOR","2012","fim_regular","tce"
"M2012_19941_13_13999_150000005670","PB","19941","VEREADOR","2012","fim_regular","tce"
"M2012_19941_13_20222_150000006162","PB","19941","VEREADOR","2012","fim_regular","tce"
"M2012_19941_13_14333_150000001280","PB","19941","VEREADOR","2012","fim_regular","tce"
"M2012_19941_13_15650_150000006159","PB","19941","VEREADOR","2012","fim_regular","tce"
"M2016_19941_13_14222_150000001289","PB","19941","VEREADOR","2016","fim_regular","tce"
"M2016_19941_13_70630_150000009965","PB","19941","VEREADOR","2016","fim_regular","tce"
"M2016_19941_13_45555_150000001935","PB","19941","VEREADOR","2016","fim_regular","tce"
"M2016_19941_13_45222_150000001934","PB","19941","VEREADOR","2016","fim_regular","tce"
"M2016_19941_13_14444_150000001294","PB","19941","VEREADOR","2016","fim_regular","tce"
"M2016_19941_13_12333_150000001939","PB","19941","VEREADOR","2016","fim_regular","tce"
"M2016_19941_13_13456_150000009954","PB","19941","VEREADOR","2016","fim_regular","tce"
"M2016_19941_13_14333_150000001285","PB","19941","VEREADOR","2016","fim_regular","tce"
"M2016_19941_13_45678_150000001936","PB","19941","VEREADOR","2016","fim_regular","tce"
"M2020_19941_13_14222_150000829638","PB","19941","VEREADOR","2020","fim_regular","tce"
"M2020_19941_13_90000_150001189998","PB","19941","VEREADOR","2020","fim_regular","tce"
"M2020_19941_13_14000_150000829635","PB","19941","VEREADOR","2020","fim_regular","tce"
"M2020_19941_13_14444_150000829637","PB","19941","VEREADOR","2020","fim_regular","tce"
"M2020_19941_13_12999_150000645119","PB","19941","VEREADOR","2020","fim_regular","tce"
"M2020_19941_13_12333_150000645114","PB","19941","VEREADOR","2020","fim_regular","tce"
"M2020_19941_13_12444_150000645113","PB","19941","VEREADOR","2020","fim_regular","tce"
"M2020_19941_13_14333_150000829630","PB","19941","VEREADOR","2020","fim_regular","tce"
"M2020_19941_13_12345_150000645121","PB","19941","VEREADOR","2020","fim_regular","tce"
"M2012_19950_13_12312_150000004122","PB","19950","VEREADOR","2012","fim_regular","tce"
"M2012_19950_13_12345_150000004115","PB","19950","VEREADOR","2012","fim_regular","tce"
"M2012_19950_13_70123_150000004117","PB","19950","VEREADOR","2012","fim_regular","tce"
"M2012_19950_13_45678_150000002348","PB","19950","VEREADOR","2012","fim_regular","tce"
"M2012_19950_13_40123_150000002347","PB","19950","VEREADOR","2012","fim_regular","tce"
"M2012_19950_13_40000_150000002354","PB","19950","VEREADOR","2012","fim_regular","tce"
"M2012_19950_13_20123_150000004119","PB","19950","VEREADOR","2012","fim_regular","tce"
"M2012_19950_13_12456_150000004124","PB","19950","VEREADOR","2012","fim_regular","tce"
"M2020_19950_13_40100_150001123002","PB","19950","VEREADOR","2020","fim_regular","tce"
"M2020_19950_13_40888_150001122991","PB","19950","VEREADOR","2020","fim_regular","tce"
"M2020_19950_13_12000_150000985834","PB","19950","VEREADOR","2020","fim_regular","tce"
"M2020_19950_13_40111_150001122996","PB","19950","VEREADOR","2020","fim_regular","tce"
"M2020_19950_13_40222_150001123001","PB","19950","VEREADOR","2020","fim_regular","tce"
"M2020_19950_13_55123_150000986227","PB","19950","VEREADOR","2020","fim_regular","tce"
"M2020_19950_13_55555_150000986229","PB","19950","VEREADOR","2020","fim_regular","tce"
"M2020_19950_13_12456_150000985833","PB","19950","VEREADOR","2020","fim_regular","tce"
"M2012_19976_13_15555_150000002718","PB","19976","VEREADOR","2012","fim_regular","tce"
"M2012_19976_13_14555_150000001903","PB","19976","VEREADOR","2012","fim_regular","tce"
"M2012_19976_13_44444_150000005004","PB","19976","VEREADOR","2012","fim_regular","tce"
"M2012_19976_13_14444_150000001905","PB","19976","VEREADOR","2012","fim_regular","tce"
"M2012_19976_13_15000_150000002716","PB","19976","VEREADOR","2012","fim_regular","tce"
"M2012_19976_13_22222_150000005010","PB","19976","VEREADOR","2012","fim_regular","tce"
"M2012_19976_13_40222_150000005016","PB","19976","VEREADOR","2012","fim_regular","tce"
"M2012_19976_13_55333_150000004999","PB","19976","VEREADOR","2012","fim_regular","tce"
"M2016_19976_13_45666_150000001494","PB","19976","VEREADOR","2016","fim_regular","tce"
"M2016_19976_13_40000_150000007036","PB","19976","VEREADOR","2016","fim_regular","tce"
"M2016_19976_13_15000_150000001484","PB","19976","VEREADOR","2016","fim_regular","tce"
"M2016_19976_13_22222_150000007034","PB","19976","VEREADOR","2016","outro","tce"
"M2016_19976_13_12000_150000007039","PB","19976","VEREADOR","2016","fim_regular","tce"
"M2016_19976_13_12111_150000007044","PB","19976","VEREADOR","2016","fim_regular","tce"
"M2016_19976_13_14111_150000001454","PB","19976","VEREADOR","2016","fim_regular","tce"
"M2016_19976_13_20000_150000007035","PB","19976","VEREADOR","2016","fim_regular","tce"
"M2016_19976_13_45245_150000001492","PB","19976","VEREADOR","2016","fim_regular","tce"
"M2016_19976_13_51111_150000001500","PB","19976","VEREADOR","2016","fim_regular","tce"
"M2020_19976_13_45555_150000718070","PB","19976","VEREADOR","2020","fim_regular","tce"
"M2020_19976_13_12888_150000877410","PB","19976","VEREADOR","2020","fim_regular","tce"
"M2020_19976_13_12333_150000877409","PB","19976","VEREADOR","2020","fim_regular","tce"
"M2020_19976_13_12000_150000877418","PB","19976","VEREADOR","2020","outro","tce"
"M2020_19976_13_12111_150000877411","PB","19976","VEREADOR","2020","fim_regular","tce"
"M2020_19976_13_12777_150000877412","PB","19976","VEREADOR","2020","fim_regular","tce"
"M2020_19976_13_12666_150000877420","PB","19976","VEREADOR","2020","fim_regular","tce"
"M2020_19976_13_12789_150000877407","PB","19976","VEREADOR","2020","fim_regular","tce"
"M2020_19976_13_45245_150000718076","PB","19976","VEREADOR","2020","fim_regular","tce"
"M2020_19976_13_22222_150000718064","PB","19976","VEREADOR","2020","fim_regular","tce"
"M2012_19984_13_25555_150000007319","PB","19984","VEREADOR","2012","fim_regular","tce"
"M2012_19984_13_15500_150000007306","PB","19984","VEREADOR","2012","fim_regular","tce"
"M2012_19984_13_15888_150000007315","PB","19984","VEREADOR","2012","outro","tce"
"M2012_19984_13_12345_150000007310","PB","19984","VEREADOR","2012","fim_regular","tce"
"M2012_19984_13_13333_150000007311","PB","19984","VEREADOR","2012","fim_regular","tce"
"M2012_19984_13_15222_150000007307","PB","19984","VEREADOR","2012","fim_regular","tce"
"M2012_19984_13_40000_150000000030","PB","19984","VEREADOR","2012","fim_regular","tce"
"M2012_19984_13_45444_150000000029","PB","19984","VEREADOR","2012","fim_regular","tce"
"M2012_19984_13_55000_150000009396","PB","19984","VEREADOR","2012","fim_regular","tce"
"M2016_19984_13_40222_150000003586","PB","19984","VEREADOR","2016","outro","tce"
"M2016_19984_13_14222_150000002068","PB","19984","VEREADOR","2016","fim_regular","tce"
"M2016_19984_13_40000_150000003588","PB","19984","VEREADOR","2016","fim_regular","tce"
"M2016_19984_13_45555_150000002065","PB","19984","VEREADOR","2016","fim_regular","tce"
"M2016_19984_13_55000_150000003580","PB","19984","VEREADOR","2016","fim_regular","tce"
"M2016_19984_13_12222_150000002067","PB","19984","VEREADOR","2016","fim_regular","tce"
"M2016_19984_13_12345_150000002077","PB","19984","VEREADOR","2016","fim_regular","tce"
"M2016_19984_13_40789_150000003589","PB","19984","VEREADOR","2016","fim_regular","tce"
"M2016_19984_13_55222_150000003582","PB","19984","VEREADOR","2016","fim_regular","tce"
"M2020_19984_13_10123_150001177762","PB","19984","VEREADOR","2020","outro","tce"
"M2020_19984_13_10333_150001177765","PB","19984","VEREADOR","2020","fim_regular","tce"
"M2020_19984_13_10000_150001177763","PB","19984","VEREADOR","2020","fim_regular","tce"
"M2020_19984_13_23000_150001223134","PB","19984","VEREADOR","2020","fim_regular","tce"
"M2020_19984_13_10789_150001177760","PB","19984","VEREADOR","2020","fim_regular","tce"
"M2020_19984_13_10555_150001177766","PB","19984","VEREADOR","2020","fim_regular","tce"
"M2020_19984_13_10999_150001177764","PB","19984","VEREADOR","2020","fim_regular","tce"
"M2020_19984_13_23456_150001223132","PB","19984","VEREADOR","2020","fim_regular","tce"
"M2012_19992_13_55555_150000003689","PB","19992","VEREADOR","2012","fim_regular","tce"
"M2012_19992_13_15333_150000012967","PB","19992","VEREADOR","2012","fim_regular","tce"
"M2012_19992_13_12345_150000012977","PB","19992","VEREADOR","2012","fim_regular","tce"
"M2012_19992_13_22111_150000005176","PB","19992","VEREADOR","2012","fim_regular","tce"
"M2012_19992_13_10333_150000005187","PB","19992","VEREADOR","2012","fim_regular","tce"
"M2012_19992_13_20111_150000007462","PB","19992","VEREADOR","2012","fim_regular","tce"
"M2012_19992_13_20123_150000007455","PB","19992","VEREADOR","2012","fim_regular","tce"
"M2012_19992_13_23111_150000014140","PB","19992","VEREADOR","2012","fim_regular","tce"
"M2012_19992_13_40123_150000014136","PB","19992","VEREADOR","2012","fim_regular","tce"
"M2012_19992_13_55800_150000003697","PB","19992","VEREADOR","2012","fim_regular","tce"
"M2016_19992_13_10234_150000013047","PB","19992","VEREADOR","2016","fim_regular","tce"
"M2016_19992_13_45111_150000006605","PB","19992","VEREADOR","2016","fim_regular","tce"
"M2016_19992_13_27123_150000007019","PB","19992","VEREADOR","2016","fim_regular","tce"
"M2016_19992_13_10111_150000013045","PB","19992","VEREADOR","2016","fim_regular","tce"
"M2016_19992_13_11666_150000009158","PB","19992","VEREADOR","2016","fim_regular","tce"
"M2016_19992_13_11999_150000009161","PB","19992","VEREADOR","2016","fim_regular","tce"
"M2016_19992_13_15800_150000007021","PB","19992","VEREADOR","2016","fim_regular","tce"
"M2016_19992_13_45555_150000006602","PB","19992","VEREADOR","2016","fim_regular","tce"
"M2016_19992_13_55500_150000005960","PB","19992","VEREADOR","2016","fim_regular","tce"
"M2016_19992_13_55789_150000005959","PB","19992","VEREADOR","2016","fim_regular","tce"
"M2016_19992_13_10000_150000013050","PB","19992","VEREADOR","2016","fim_regular","tce"
"M2020_19992_13_25888_150001064156","PB","19992","VEREADOR","2020","fim_regular","tce"
"M2020_19992_13_10111_150000938682","PB","19992","VEREADOR","2020","fim_regular","tce"
"M2020_19992_13_90111_150000934485","PB","19992","VEREADOR","2020","fim_regular","tce"
"M2020_19992_13_90888_150000934484","PB","19992","VEREADOR","2020","fim_regular","tce"
"M2020_19992_13_90789_150000934491","PB","19992","VEREADOR","2020","fim_regular","tce"
"M2020_19992_13_12333_150001058000","PB","19992","VEREADOR","2020","fim_regular","tce"
"M2020_19992_13_25000_150001064167","PB","19992","VEREADOR","2020","fim_regular","tce"
"M2020_19992_13_25500_150001064161","PB","19992","VEREADOR","2020","fim_regular","tce"
"M2020_19992_13_25600_150001064153","PB","19992","VEREADOR","2020","outro","tce"
"M2020_19992_13_25800_150001064166","PB","19992","VEREADOR","2020","fim_regular","tce"
"M2020_19992_13_90999_150000934486","PB","19992","VEREADOR","2020","fim_regular","tce"
"M2012_20001_13_55111_150000000970","PB","20001","VEREADOR","2012","fim_regular","tce"
"M2012_20001_13_25555_150000000976","PB","20001","VEREADOR","2012","fim_regular","tce"
"M2012_20001_13_55444_150000000980","PB","20001","VEREADOR","2012","fim_regular","tce"
"M2012_20001_13_15678_150000008152","PB","20001","VEREADOR","2012","fim_regular","tce"
"M2012_20001_13_40444_150000000990","PB","20001","VEREADOR","2012","fim_regular","tce"
"M2012_20001_13_45222_150000000999","PB","20001","VEREADOR","2012","fim_regular","tce"
"M2012_20001_13_45888_150000000998","PB","20001","VEREADOR","2012","outro","tce"
"M2012_20001_13_45000_150000001001","PB","20001","VEREADOR","2012","fim_regular","tce"
"M2016_20001_13_55111_150000006317","PB","20001","VEREADOR","2016","outro","tce"
"M2016_20001_13_25555_150000005725","PB","20001","VEREADOR","2016","fim_regular","tce"
"M2016_20001_13_22222_150000002546","PB","20001","VEREADOR","2016","fim_regular","tce"
"M2016_20001_13_22345_150000002552","PB","20001","VEREADOR","2016","fim_regular","tce"
"M2016_20001_13_25111_150000005731","PB","20001","VEREADOR","2016","fim_regular","tce"
"M2016_20001_13_25666_150000005730","PB","20001","VEREADOR","2016","fim_regular","tce"
"M2016_20001_13_40000_150000002631","PB","20001","VEREADOR","2016","fim_regular","tce"
"M2016_20001_13_40123_150000002632","PB","20001","VEREADOR","2016","fim_regular","tce"
"M2016_20001_13_45555_150000006313","PB","20001","VEREADOR","2016","fim_regular","tce"
"M2020_20001_13_55111_150000795431","PB","20001","VEREADOR","2020","fim_regular","tce"
"M2020_20001_13_25111_150000795085","PB","20001","VEREADOR","2020","fim_regular","tce"
"M2020_20001_13_25666_150000795089","PB","20001","VEREADOR","2020","fim_regular","tce"
"M2020_20001_13_40000_150000908435","PB","20001","VEREADOR","2020","outro","tce"
"M2020_20001_13_45369_150000795389","PB","20001","VEREADOR","2020","fim_regular","tce"
"M2020_20001_13_40123_150000908440","PB","20001","VEREADOR","2020","fim_regular","tce"
"M2020_20001_13_23333_150000897364","PB","20001","VEREADOR","2020","fim_regular","tce"
"M2020_20001_13_40888_150000908433","PB","20001","VEREADOR","2020","fim_regular","tce"
"M2020_20001_13_45555_150000795386","PB","20001","VEREADOR","2020","fim_regular","tce"
"M2012_20010_13_15111_150000013041","PB","20010","VEREADOR","2012","fim_regular","tce"
"M2012_20010_13_15555_150000013045","PB","20010","VEREADOR","2012","fim_regular","tce"
"M2012_20010_13_11115_150000002091","PB","20010","VEREADOR","2012","fim_regular","tce"
"M2012_20010_13_11111_150000002089","PB","20010","VEREADOR","2012","fim_regular","tce"
"M2012_20010_13_20222_150000002097","PB","20010","VEREADOR","2012","fim_regular","tce"
"M2012_20010_13_22222_150000002095","PB","20010","VEREADOR","2012","fim_regular","tce"
"M2012_20010_13_55555_150000002098","PB","20010","VEREADOR","2012","fim_regular","tce"
"M2012_20010_13_15800_150000013050","PB","20010","VEREADOR","2012","fim_regular","tce"
"M2016_20010_13_40555_150000004010","PB","20010","VEREADOR","2016","fim_regular","tce"
"M2016_20010_13_11000_150000003536","PB","20010","VEREADOR","2016","fim_regular","tce"
"M2016_20010_13_40123_150000004008","PB","20010","VEREADOR","2016","fim_regular","tce"
"M2016_20010_13_40789_150000004011","PB","20010","VEREADOR","2016","outro","tce"
"M2016_20010_13_43111_150000003532","PB","20010","VEREADOR","2016","fim_regular","tce"
"M2016_20010_13_55123_150000003893","PB","20010","VEREADOR","2016","fim_regular","tce"
"M2016_20010_13_55555_150000003895","PB","20010","VEREADOR","2016","fim_regular","tce"
"M2016_20010_13_40111_150000004006","PB","20010","VEREADOR","2016","fim_regular","tce"
"M2016_20010_13_23333_150000004014","PB","20010","VEREADOR","2016","fim_regular","tce"
"M2020_20010_13_40555_150000895569","PB","20010","VEREADOR","2020","fim_regular","tce"
"M2020_20010_13_40456_150000895567","PB","20010","VEREADOR","2020","fim_regular","tce"
"M2020_20010_13_11000_150001249627","PB","20010","VEREADOR","2020","fim_regular","tce"
"M2020_20010_13_22222_150001015664","PB","20010","VEREADOR","2020","fim_regular","tce"
"M2020_20010_13_40000_150000895572","PB","20010","VEREADOR","2020","fim_regular","tce"
"M2020_20010_13_40100_150000895573","PB","20010","VEREADOR","2020","fim_regular","tce"
"M2020_20010_13_40333_150000895566","PB","20010","VEREADOR","2020","fim_regular","tce"
"M2020_20010_13_40888_150000895571","PB","20010","VEREADOR","2020","fim_regular","tce"
"M2020_20010_13_40111_150000895562","PB","20010","VEREADOR","2020","outro","tce"
"M2012_20036_13_15444_150000008793","PB","20036","VEREADOR","2012","outro","tce"
"M2012_20036_13_15888_150000008796","PB","20036","VEREADOR","2012","fim_regular","tce"
"M2012_20036_13_11223_150000008780","PB","20036","VEREADOR","2012","fim_regular","tce"
"M2012_20036_13_15111_150000008784","PB","20036","VEREADOR","2012","fim_regular","tce"
"M2012_20036_13_15123_150000008792","PB","20036","VEREADOR","2012","fim_regular","tce"
"M2012_20036_13_15555_150000008795","PB","20036","VEREADOR","2012","fim_regular","tce"
"M2012_20036_13_22222_150000008797","PB","20036","VEREADOR","2012","fim_regular","tce"
"M2012_20036_13_23333_150000004495","PB","20036","VEREADOR","2012","fim_regular","tce"
"M2012_20036_13_25555_150000004503","PB","20036","VEREADOR","2012","fim_regular","tce"
"M2012_20036_13_55555_150000004493","PB","20036","VEREADOR","2012","fim_regular","tce"
"M2016_20036_13_15444_150000001258","PB","20036","VEREADOR","2016","fim_regular","tce"
"M2016_20036_13_15888_150000001250","PB","20036","VEREADOR","2016","fim_regular","tce"
"M2016_20036_13_45555_150000001252","PB","20036","VEREADOR","2016","outro","tce"
"M2016_20036_13_17777_150000002996","PB","20036","VEREADOR","2016","fim_regular","tce"
"M2016_20036_13_20000_150000001253","PB","20036","VEREADOR","2016","fim_regular","tce"
"M2016_20036_13_17888_150000003010","PB","20036","VEREADOR","2016","outro","tce"
"M2016_20036_13_11111_150000003006","PB","20036","VEREADOR","2016","fim_regular","tce"
"M2016_20036_13_15000_150000001249","PB","20036","VEREADOR","2016","fim_regular","tce"
"M2016_20036_13_15999_150000001255","PB","20036","VEREADOR","2016","fim_regular","tce"
"M2016_20036_13_17456_150000003000","PB","20036","VEREADOR","2016","fim_regular","tce"
"M2016_20036_13_17999_150000003004","PB","20036","VEREADOR","2016","fim_regular","tce"
"M2020_20036_13_15444_150001147856","PB","20036","VEREADOR","2020","fim_regular","tce"
"M2020_20036_13_23000_150000687066","PB","20036","VEREADOR","2020","fim_regular","tce"
"M2020_20036_13_15555_150001147846","PB","20036","VEREADOR","2020","fim_regular","tce"
"M2020_20036_13_15000_150001147843","PB","20036","VEREADOR","2020","fim_regular","tce"
"M2020_20036_13_23999_150000687064","PB","20036","VEREADOR","2020","fim_regular","tce"
"M2020_20036_13_15222_150001147855","PB","20036","VEREADOR","2020","fim_regular","tce"
"M2020_20036_13_23333_150000687060","PB","20036","VEREADOR","2020","fim_regular","tce"
"M2020_20036_13_23456_150000687070","PB","20036","VEREADOR","2020","outro","tce"
"M2020_20036_13_23666_150000687068","PB","20036","VEREADOR","2020","fim_regular","tce"
"M2020_20036_13_23789_150000687062","PB","20036","VEREADOR","2020","fim_regular","tce"
"M2020_20036_13_45666_150000840246","PB","20036","VEREADOR","2020","fim_regular","tce"
"M2012_20079_13_25123_150000004631","PB","20079","VEREADOR","2012","fim_regular","tce"
"M2012_20079_13_45666_150000004638","PB","20079","VEREADOR","2012","fim_regular","tce"
"M2012_20079_13_14789_150000004635","PB","20079","VEREADOR","2012","fim_regular","tce"
"M2012_20079_13_45555_150000004636","PB","20079","VEREADOR","2012","fim_regular","tce"
"M2016_20079_13_25800_150000001759","PB","20079","VEREADOR","2016","fim_regular","tce"
"M2016_20079_13_45111_150000001091","PB","20079","VEREADOR","2016","fim_regular","tce"
"M2016_20079_13_45222_150000001093","PB","20079","VEREADOR","2016","fim_regular","tce"
"M2016_20079_13_45666_150000001087","PB","20079","VEREADOR","2016","fim_regular","tce"
"M2016_20079_13_65555_150000001757","PB","20079","VEREADOR","2016","fim_regular","tce"
"M2016_20079_13_45555_150000001097","PB","20079","VEREADOR","2016","fim_regular","tce"
"M2020_20079_13_20000_150001201966","PB","20079","VEREADOR","2020","fim_regular","tce"
"M2020_20079_13_70222_150000729405","PB","20079","VEREADOR","2020","fim_regular","tce"
"M2020_20079_13_70666_150000729403","PB","20079","VEREADOR","2020","fim_regular","tce"
"M2020_20079_13_20111_150001201965","PB","20079","VEREADOR","2020","fim_regular","tce"
"M2020_20079_13_70111_150000729413","PB","20079","VEREADOR","2020","fim_regular","tce"
"M2020_20079_13_70123_150000729408","PB","20079","VEREADOR","2020","outro","tce"
"M2020_20079_13_70777_150000729410","PB","20079","VEREADOR","2020","fim_regular","tce"
"M2012_20095_13_25000_150000001485","PB","20095","VEREADOR","2012","fim_regular","tce"
"M2012_20095_13_22223_150000009649","PB","20095","VEREADOR","2012","fim_regular","tce"
"M2012_20095_13_22222_150000009660","PB","20095","VEREADOR","2012","fim_regular","tce"
"M2012_20095_13_11111_150000009653","PB","20095","VEREADOR","2012","fim_regular","tce"
"M2012_20095_13_22111_150000009663","PB","20095","VEREADOR","2012","fim_regular","tce"
"M2012_20095_13_31555_150000009692","PB","20095","VEREADOR","2012","fim_regular","tce"
"M2012_20095_13_40000_150000001488","PB","20095","VEREADOR","2012","fim_regular","tce"
"M2016_20095_13_40611_150000002748","PB","20095","VEREADOR","2016","fim_regular","tce"
"M2016_20095_13_22222_150000006946","PB","20095","VEREADOR","2016","fim_regular","tce"
"M2016_20095_13_22111_150000006950","PB","20095","VEREADOR","2016","outro","tce"
"M2016_20095_13_31555_150000006947","PB","20095","VEREADOR","2016","fim_regular","tce"
"M2016_20095_13_15222_150000006948","PB","20095","VEREADOR","2016","fim_regular","tce"
"M2016_20095_13_40111_150000002760","PB","20095","VEREADOR","2016","fim_regular","tce"
"M2016_20095_13_40444_150000002754","PB","20095","VEREADOR","2016","fim_regular","tce"
"M2016_20095_13_40456_150000002753","PB","20095","VEREADOR","2016","fim_regular","tce"
"M2016_20095_13_40560_150000002757","PB","20095","VEREADOR","2016","fim_regular","tce"
"M2020_20095_13_10000_150000932094","PB","20095","VEREADOR","2020","fim_regular","tce"
"M2020_20095_13_10555_150000932099","PB","20095","VEREADOR","2020","fim_regular","tce"
"M2020_20095_13_23444_150001245194","PB","20095","VEREADOR","2020","fim_regular","tce"
"M2020_20095_13_23555_150001245188","PB","20095","VEREADOR","2020","outro","tce"
"M2020_20095_13_10222_150000932101","PB","20095","VEREADOR","2020","fim_regular","tce"
"M2020_20095_13_10444_150000932102","PB","20095","VEREADOR","2020","fim_regular","tce"
"M2020_20095_13_10456_150000932093","PB","20095","VEREADOR","2020","fim_regular","tce"
"M2020_20095_13_23456_150001245191","PB","20095","VEREADOR","2020","fim_regular","tce"
"M2012_20117_13_23456_150000001713","PB","20117","VEREADOR","2012","fim_regular","tce"
"M2012_20117_13_15666_150000001643","PB","20117","VEREADOR","2012","fim_regular","tce"
"M2012_20117_13_25555_150000001710","PB","20117","VEREADOR","2012","fim_regular","tce"
"M2012_20117_13_15555_150000001640","PB","20117","VEREADOR","2012","fim_regular","tce"
"M2012_20117_13_15789_150000001636","PB","20117","VEREADOR","2012","fim_regular","tce"
"M2012_20117_13_65555_150000001647","PB","20117","VEREADOR","2012","fim_regular","tce"
"M2012_20117_13_10000_150000001631","PB","20117","VEREADOR","2012","fim_regular","tce"
"M2012_20117_13_15111_150000001639","PB","20117","VEREADOR","2012","fim_regular","tce"
"M2016_20117_13_15666_150000012829","PB","20117","VEREADOR","2016","fim_regular","tce"
"M2016_20117_13_22555_150000003164","PB","20117","VEREADOR","2016","fim_regular","tce"
"M2016_20117_13_15555_150000012834","PB","20117","VEREADOR","2016","fim_regular","tce"
"M2016_20117_13_15015_150000012831","PB","20117","VEREADOR","2016","fim_regular","tce"
"M2016_20117_13_15123_150000012833","PB","20117","VEREADOR","2016","outro","tce"
"M2016_20117_13_22333_150000003158","PB","20117","VEREADOR","2016","fim_regular","tce"
"M2016_20117_13_23333_150000002901","PB","20117","VEREADOR","2016","fim_regular","tce"
"M2016_20117_13_65123_150000003154","PB","20117","VEREADOR","2016","fim_regular","tce"
"M2020_20117_13_15666_150000691915","PB","20117","VEREADOR","2020","fim_regular","tce"
"M2020_20117_13_15444_150000691923","PB","20117","VEREADOR","2020","fim_regular","tce"
"M2020_20117_13_15555_150000691925","PB","20117","VEREADOR","2020","fim_regular","tce"
"M2020_20117_13_15888_150000691917","PB","20117","VEREADOR","2020","fim_regular","tce"
"M2020_20117_13_15123_150000691920","PB","20117","VEREADOR","2020","fim_regular","tce"
"M2020_20117_13_15000_150000691921","PB","20117","VEREADOR","2020","fim_regular","tce"
"M2020_20117_13_15111_150000691916","PB","20117","VEREADOR","2020","fim_regular","tce"
"M2020_20117_13_15999_150000691919","PB","20117","VEREADOR","2020","fim_regular","tce"
"M2012_20133_13_55555_150000009838","PB","20133","VEREADOR","2012","fim_regular","tce"
"M2012_20133_13_15555_150000010483","PB","20133","VEREADOR","2012","fim_regular","tce"
"M2012_20133_13_13111_150000009832","PB","20133","VEREADOR","2012","fim_regular","tce"
"M2012_20133_13_15222_150000010476","PB","20133","VEREADOR","2012","fim_regular","tce"
"M2012_20133_13_19123_150000009839","PB","20133","VEREADOR","2012","fim_regular","tce"
"M2012_20133_13_40000_150000010482","PB","20133","VEREADOR","2012","fim_regular","tce"
"M2012_20133_13_45555_150000009835","PB","20133","VEREADOR","2012","fim_regular","tce"
"M2012_20133_13_65111_150000010480","PB","20133","VEREADOR","2012","fim_regular","tce"
"M2012_20133_13_15500_150000010473","PB","20133","VEREADOR","2012","outro","tce"
"M2016_20133_13_55555_150000001141","PB","20133","VEREADOR","2016","fim_regular","tce"
"M2016_20133_13_15555_150000001583","PB","20133","VEREADOR","2016","fim_regular","tce"
"M2016_20133_13_15222_150000001591","PB","20133","VEREADOR","2016","fim_regular","tce"
"M2016_20133_13_40123_150000001596","PB","20133","VEREADOR","2016","fim_regular","tce"
"M2016_20133_13_40000_150000001589","PB","20133","VEREADOR","2016","fim_regular","tce"
"M2016_20133_13_45555_150000001140","PB","20133","VEREADOR","2016","fim_regular","tce"
"M2016_20133_13_14777_150000001142","PB","20133","VEREADOR","2016","fim_regular","tce"
"M2016_20133_13_15500_150000001594","PB","20133","VEREADOR","2016","fim_regular","tce"
"M2020_20133_13_23222_150001125193","PB","20133","VEREADOR","2020","fim_regular","tce"
"M2020_20133_13_19113_150000727912","PB","20133","VEREADOR","2020","fim_regular","tce"
"M2020_20133_13_19123_150000727915","PB","20133","VEREADOR","2020","fim_regular","tce"
"M2020_20133_13_19444_150000727916","PB","20133","VEREADOR","2020","fim_regular","tce"
"M2020_20133_13_19555_150000727917","PB","20133","VEREADOR","2020","fim_regular","tce"
"M2020_20133_13_19888_150000727918","PB","20133","VEREADOR","2020","fim_regular","tce"
"M2016_20150_13_15222_150000004431","PB","20150","VEREADOR","2016","fim_regular","tce"
"M2012_20176_13_40333_150000003395","PB","20176","VEREADOR","2012","fim_regular","tce"
"M2012_20176_13_22456_150000002186","PB","20176","VEREADOR","2012","fim_regular","tce"
"M2012_20176_13_22111_150000002177","PB","20176","VEREADOR","2012","fim_regular","tce"
"M2012_20176_13_22444_150000002180","PB","20176","VEREADOR","2012","fim_regular","tce"
"M2012_20176_13_40123_150000003394","PB","20176","VEREADOR","2012","fim_regular","tce"
"M2012_20176_13_22123_150000002182","PB","20176","VEREADOR","2012","fim_regular","tce"
"M2012_20176_13_22999_150000002178","PB","20176","VEREADOR","2012","outro","tce"
"M2012_20192_13_15444_150000001657","PB","20192","VEREADOR","2012","fim_regular","tce"
"M2012_20192_13_15888_150000001661","PB","20192","VEREADOR","2012","outro","tce"
"M2012_20192_13_45678_150000001137","PB","20192","VEREADOR","2012","fim_regular","tce"
"M2012_20192_13_15000_150000001655","PB","20192","VEREADOR","2012","fim_regular","tce"
"M2012_20192_13_23456_150000012994","PB","20192","VEREADOR","2012","fim_regular","tce"
"M2012_20192_13_55555_150000001143","PB","20192","VEREADOR","2012","fim_regular","tce"
"M2012_20192_13_15666_150000001656","PB","20192","VEREADOR","2012","fim_regular","tce"
"M2012_20192_13_15111_150000001659","PB","20192","VEREADOR","2012","outro","tce"
"M2016_20192_13_15444_150000003342","PB","20192","VEREADOR","2016","fim_regular","tce"
"M2016_20192_13_15888_150000003345","PB","20192","VEREADOR","2016","fim_regular","tce"
"M2016_20192_13_40789_150000006250","PB","20192","VEREADOR","2016","fim_regular","tce"
"M2016_20192_13_15000_150000003338","PB","20192","VEREADOR","2016","fim_regular","tce"
"M2016_20192_13_40000_150000006264","PB","20192","VEREADOR","2016","outro","tce"
"M2016_20192_13_15555_150000003333","PB","20192","VEREADOR","2016","outro","tce"
"M2016_20192_13_45444_150000006255","PB","20192","VEREADOR","2016","fim_regular","tce"
"M2016_20192_13_15666_150000003337","PB","20192","VEREADOR","2016","fim_regular","tce"
"M2016_20192_13_40123_150000006262","PB","20192","VEREADOR","2016","fim_regular","tce"
"M2020_20192_13_10444_150000666095","PB","20192","VEREADOR","2020","fim_regular","tce"
"M2020_20192_13_23456_150000821414","PB","20192","VEREADOR","2020","fim_regular","tce"
"M2020_20192_13_10222_150000666102","PB","20192","VEREADOR","2020","fim_regular","tce"
"M2020_20192_13_10111_150000666101","PB","20192","VEREADOR","2020","fim_regular","tce"
"M2020_20192_13_23555_150000821405","PB","20192","VEREADOR","2020","fim_regular","tce"
"M2020_20192_13_10666_150000666097","PB","20192","VEREADOR","2020","outro","tce"
"M2020_20192_13_23222_150000821407","PB","20192","VEREADOR","2020","fim_regular","tce"
"M2012_20214_13_40111_150000005778","PB","20214","VEREADOR","2012","fim_regular","tce"
"M2012_20214_13_14456_150000005706","PB","20214","VEREADOR","2012","fim_regular","tce"
"M2012_20214_13_15890_150000001117","PB","20214","VEREADOR","2012","fim_regular","tce"
"M2012_20214_13_14444_150000005703","PB","20214","VEREADOR","2012","fim_regular","tce"
"M2012_20214_13_14789_150000005713","PB","20214","VEREADOR","2012","fim_regular","tce"
"M2012_20214_13_15615_150000001122","PB","20214","VEREADOR","2012","fim_regular","tce"
"M2012_20214_13_17111_150000005779","PB","20214","VEREADOR","2012","fim_regular","tce"
"M2012_20214_13_20123_150000001126","PB","20214","VEREADOR","2012","fim_regular","tce"
"M2012_20214_13_40000_150000005782","PB","20214","VEREADOR","2012","fim_regular","tce"
"M2012_20214_13_55123_150000005724","PB","20214","VEREADOR","2012","fim_regular","tce"
"M2016_20214_13_15111_150000003026","PB","20214","VEREADOR","2016","fim_regular","tce"
"M2016_20214_13_11111_150000003027","PB","20214","VEREADOR","2016","fim_regular","tce"
"M2016_20214_13_14789_150000008844","PB","20214","VEREADOR","2016","fim_regular","tce"
"M2016_20214_13_15615_150000003038","PB","20214","VEREADOR","2016","fim_regular","tce"
"M2016_20214_13_14111_150000008847","PB","20214","VEREADOR","2016","outro","tce"
"M2016_20214_13_20123_150000003049","PB","20214","VEREADOR","2016","fim_regular","tce"
"M2016_20214_13_40000_150000008853","PB","20214","VEREADOR","2016","fim_regular","tce"
"M2016_20214_13_15123_150000003048","PB","20214","VEREADOR","2016","fim_regular","tce"
"M2016_20214_13_11147_150000003029","PB","20214","VEREADOR","2016","fim_regular","tce"
"M2016_20214_13_40110_150000008854","PB","20214","VEREADOR","2016","fim_regular","tce"
"M2016_20214_13_40123_150000008852","PB","20214","VEREADOR","2016","fim_regular","tce"
"M2016_20214_13_40567_150000008859","PB","20214","VEREADOR","2016","fim_regular","tce"
"M2016_20214_13_20789_150000003039","PB","20214","VEREADOR","2016","fim_regular","tce"
"M2020_20214_13_11123_150000654288","PB","20214","VEREADOR","2020","fim_regular","tce"
"M2020_20214_13_11111_150000654301","PB","20214","VEREADOR","2020","fim_regular","tce"
"M2020_20214_13_11114_150000654297","PB","20214","VEREADOR","2020","outro","tce"
"M2020_20214_13_11456_150000654300","PB","20214","VEREADOR","2020","fim_regular","tce"
"M2020_20214_13_20123_150000720480","PB","20214","VEREADOR","2020","fim_regular","tce"
"M2020_20214_13_11000_150000654302","PB","20214","VEREADOR","2020","fim_regular","tce"
"M2020_20214_13_11110_150000654304","PB","20214","VEREADOR","2020","fim_regular","tce"
"M2020_20214_13_11567_150000654298","PB","20214","VEREADOR","2020","outro","tce"
"M2020_20214_13_11222_150000654290","PB","20214","VEREADOR","2020","fim_regular","tce"
"M2020_20214_13_11444_150000654295","PB","20214","VEREADOR","2020","fim_regular","tce"
"M2020_20214_13_11555_150000654291","PB","20214","VEREADOR","2020","fim_regular","tce"
"M2020_20214_13_20120_150000720488","PB","20214","VEREADOR","2020","fim_regular","tce"
"M2020_20214_13_20789_150000720483","PB","20214","VEREADOR","2020","fim_regular","tce"
"M2012_20230_13_15123_150000008517","PB","20230","VEREADOR","2012","fim_regular","tce"
"M2012_20230_13_22222_150000008526","PB","20230","VEREADOR","2012","fim_regular","tce"
"M2012_20230_13_15000_150000008521","PB","20230","VEREADOR","2012","fim_regular","tce"
"M2012_20230_13_25555_150000001737","PB","20230","VEREADOR","2012","fim_regular","tce"
"M2012_20230_13_13123_150000007825","PB","20230","VEREADOR","2012","fim_regular","tce"
"M2012_20230_13_17123_150000001728","PB","20230","VEREADOR","2012","fim_regular","tce"
"M2012_20230_13_40000_150000001724","PB","20230","VEREADOR","2012","fim_regular","tce"
"M2012_20230_13_40123_150000001723","PB","20230","VEREADOR","2012","fim_regular","tce"
"M2016_20230_13_40111_150000003231","PB","20230","VEREADOR","2016","fim_regular","tce"
"M2016_20230_13_15123_150000002218","PB","20230","VEREADOR","2016","fim_regular","tce"
"M2016_20230_13_77777_150000002210","PB","20230","VEREADOR","2016","fim_regular","tce"
"M2016_20230_13_15999_150000002206","PB","20230","VEREADOR","2016","fim_regular","tce"
"M2016_20230_13_40000_150000003232","PB","20230","VEREADOR","2016","fim_regular","tce"
"M2016_20230_13_11234_150000002208","PB","20230","VEREADOR","2016","outro","tce"
"M2016_20230_13_40777_150000003233","PB","20230","VEREADOR","2016","fim_regular","tce"
"M2016_20230_13_55123_150000002221","PB","20230","VEREADOR","2016","fim_regular","tce"
"M2016_20230_13_40222_150000003236","PB","20230","VEREADOR","2016","fim_regular","tce"
"M2020_20230_13_15555_150000735444","PB","20230","VEREADOR","2020","fim_regular","tce"
"M2020_20230_13_23789_150000667845","PB","20230","VEREADOR","2020","fim_regular","tce"
"M2020_20230_13_15777_150000735440","PB","20230","VEREADOR","2020","fim_regular","tce"
"M2020_20230_13_15999_150000735434","PB","20230","VEREADOR","2020","fim_regular","tce"
"M2020_20230_13_23000_150000667838","PB","20230","VEREADOR","2020","fim_regular","tce"
"M2020_20230_13_14333_150000667740","PB","20230","VEREADOR","2020","fim_regular","tce"
"M2020_20230_13_14567_150000667727","PB","20230","VEREADOR","2020","fim_regular","tce"
"M2020_20230_13_15456_150000735436","PB","20230","VEREADOR","2020","fim_regular","tce"
"M2020_20230_13_23333_150000667839","PB","20230","VEREADOR","2020","fim_regular","tce"
"M2012_20257_13_55666_150000001331","PB","20257","VEREADOR","2012","fim_regular","tce"
"M2012_20257_13_33333_150000001576","PB","20257","VEREADOR","2012","fim_regular","tce"
"M2012_20257_13_33111_150000001582","PB","20257","VEREADOR","2012","fim_regular","tce"
"M2012_20257_13_33444_150000001581","PB","20257","VEREADOR","2012","fim_regular","tce"
"M2012_20257_13_33666_150000001585","PB","20257","VEREADOR","2012","fim_regular","tce"
"M2012_20257_13_33777_150000001578","PB","20257","VEREADOR","2012","fim_regular","tce"
"M2012_20257_13_40000_150000001328","PB","20257","VEREADOR","2012","fim_regular","tce"
"M2012_20257_13_40888_150000001333","PB","20257","VEREADOR","2012","fim_regular","tce"
"M2012_20257_13_25444_150000001320","PB","20257","VEREADOR","2012","fim_regular","tce"
"M2016_20257_13_55666_150000007217","PB","20257","VEREADOR","2016","fim_regular","tce"
"M2016_20257_13_33666_150000000788","PB","20257","VEREADOR","2016","fim_regular","tce"
"M2016_20257_13_55777_150000007220","PB","20257","VEREADOR","2016","outro","tce"
"M2016_20257_13_40000_150000007211","PB","20257","VEREADOR","2016","fim_regular","tce"
"M2016_20257_13_40888_150000007212","PB","20257","VEREADOR","2016","fim_regular","tce"
"M2016_20257_13_15555_150000000781","PB","20257","VEREADOR","2016","fim_regular","tce"
"M2016_20257_13_45000_150000000783","PB","20257","VEREADOR","2016","fim_regular","tce"
"M2016_20257_13_45123_150000000786","PB","20257","VEREADOR","2016","fim_regular","tce"
"M2016_20257_13_25444_150000007214","PB","20257","VEREADOR","2016","fim_regular","tce"
"M2020_20257_13_15666_150000635308","PB","20257","VEREADOR","2020","fim_regular","tce"
"M2020_20257_13_23777_150000642638","PB","20257","VEREADOR","2020","fim_regular","tce"
"M2020_20257_13_40888_150000645993","PB","20257","VEREADOR","2020","fim_regular","tce"
"M2020_20257_13_15000_150000635309","PB","20257","VEREADOR","2020","fim_regular","tce"
"M2020_20257_13_15123_150000635306","PB","20257","VEREADOR","2020","fim_regular","tce"
"M2020_20257_13_23444_150000642635","PB","20257","VEREADOR","2020","fim_regular","tce"
"M2020_20257_13_23789_150000642634","PB","20257","VEREADOR","2020","fim_regular","tce"
"M2020_20257_13_40123_150000645992","PB","20257","VEREADOR","2020","fim_regular","tce"
"M2020_20257_13_40444_150000645990","PB","20257","VEREADOR","2020","fim_regular","tce"
"M2012_20311_13_13000_150000003133","PB","20311","VEREADOR","2012","fim_regular","tce"
"M2012_20311_13_20220_150000005517","PB","20311","VEREADOR","2012","fim_regular","tce"
"M2012_20311_13_14111_150000005509","PB","20311","VEREADOR","2012","fim_regular","tce"
"M2012_20311_13_22222_150000003135","PB","20311","VEREADOR","2012","fim_regular","tce"
"M2012_20311_13_43444_150000003131","PB","20311","VEREADOR","2012","fim_regular","tce"
"M2012_20311_13_45678_150000003128","PB","20311","VEREADOR","2012","fim_regular","tce"
"M2012_20311_13_13333_150000003136","PB","20311","VEREADOR","2012","fim_regular","tce"
"M2012_20311_13_25800_150000005510","PB","20311","VEREADOR","2012","outro","tce"
"M2012_20311_13_55555_150000005516","PB","20311","VEREADOR","2012","fim_regular","tce"
"M2016_20311_13_13222_150000007137","PB","20311","VEREADOR","2016","fim_regular","tce"
"M2016_20311_13_20220_150000012002","PB","20311","VEREADOR","2016","fim_regular","tce"
"M2016_20311_13_55111_150000011992","PB","20311","VEREADOR","2016","fim_regular","tce"
"M2016_20311_13_45678_150000011994","PB","20311","VEREADOR","2016","fim_regular","tce"
"M2016_20311_13_13111_150000007129","PB","20311","VEREADOR","2016","fim_regular","tce"
"M2016_20311_13_40000_150000012005","PB","20311","VEREADOR","2016","fim_regular","tce"
"M2016_20311_13_15555_150000011998","PB","20311","VEREADOR","2016","fim_regular","tce"
"M2016_20311_13_55555_150000011993","PB","20311","VEREADOR","2016","outro","tce"
"M2020_20311_13_13000_150001028716","PB","20311","VEREADOR","2020","fim_regular","tce"
"M2020_20311_13_10333_150000932038","PB","20311","VEREADOR","2020","outro","tce"
"M2020_20311_13_10444_150000932039","PB","20311","VEREADOR","2020","fim_regular","tce"
"M2020_20311_13_10789_150000932034","PB","20311","VEREADOR","2020","fim_regular","tce"
"M2020_20311_13_10888_150000932041","PB","20311","VEREADOR","2020","fim_regular","tce"
"M2020_20311_13_10123_150000932043","PB","20311","VEREADOR","2020","fim_regular","tce"
"M2012_20338_13_13123_150000006821","PB","20338","VEREADOR","2012","fim_regular","tce"
"M2012_20338_13_15111_150000006822","PB","20338","VEREADOR","2012","fim_regular","tce"
"M2012_20338_13_54444_150000006823","PB","20338","VEREADOR","2012","outro","tce"
"M2012_20338_13_45555_150000002905","PB","20338","VEREADOR","2012","fim_regular","tce"
"M2012_20338_13_13333_150000006815","PB","20338","VEREADOR","2012","fim_regular","tce"
"M2012_20338_13_15678_150000006820","PB","20338","VEREADOR","2012","fim_regular","tce"
"M2012_20338_13_15555_150000006814","PB","20338","VEREADOR","2012","fim_regular","tce"
"M2012_20338_13_45678_150000002907","PB","20338","VEREADOR","2012","fim_regular","tce"
"M2016_20338_13_40123_150000009869","PB","20338","VEREADOR","2016","fim_regular","tce"
"M2016_20338_13_40111_150000009874","PB","20338","VEREADOR","2016","outro","tce"
"M2016_20338_13_40555_150000009867","PB","20338","VEREADOR","2016","fim_regular","tce"
"M2016_20338_13_40999_150000009870","PB","20338","VEREADOR","2016","fim_regular","tce"
"M2016_20338_13_65555_150000004134","PB","20338","VEREADOR","2016","fim_regular","tce"
"M2012_20354_13_25555_150000003464","PB","20354","VEREADOR","2012","fim_regular","tce"
"M2012_20354_13_55555_150000001551","PB","20354","VEREADOR","2012","fim_regular","tce"
"M2012_20354_13_12345_150000001558","PB","20354","VEREADOR","2012","fim_regular","tce"
"M2012_20354_13_14789_150000001554","PB","20354","VEREADOR","2012","fim_regular","tce"
"M2012_20354_13_40111_150000003462","PB","20354","VEREADOR","2012","fim_regular","tce"
"M2012_20354_13_40789_150000003463","PB","20354","VEREADOR","2012","fim_regular","tce"
"M2012_20354_13_55777_150000001556","PB","20354","VEREADOR","2012","fim_regular","tce"
"M2016_20354_13_25555_150000005080","PB","20354","VEREADOR","2016","fim_regular","tce"
"M2016_20354_13_55555_150000005088","PB","20354","VEREADOR","2016","fim_regular","tce"
"M2016_20354_13_40111_150000004234","PB","20354","VEREADOR","2016","fim_regular","tce"
"M2016_20354_13_40789_150000004233","PB","20354","VEREADOR","2016","fim_regular","tce"
"M2016_20354_13_40123_150000004230","PB","20354","VEREADOR","2016","fim_regular","tce"
"M2016_20354_13_40456_150000004235","PB","20354","VEREADOR","2016","outro","tce"
"M2016_20354_13_55222_150000005084","PB","20354","VEREADOR","2016","fim_regular","tce"
"M2016_20354_13_55444_150000005091","PB","20354","VEREADOR","2016","fim_regular","tce"
"M2016_20354_13_55888_150000005087","PB","20354","VEREADOR","2016","fim_regular","tce"
"M2020_20354_13_55789_150000932992","PB","20354","VEREADOR","2020","fim_regular","tce"
"M2020_20354_13_23456_150001199245","PB","20354","VEREADOR","2020","fim_regular","tce"
"M2020_20354_13_23789_150001199250","PB","20354","VEREADOR","2020","fim_regular","tce"
"M2020_20354_13_55444_150000933001","PB","20354","VEREADOR","2020","fim_regular","tce"
"M2020_20354_13_23333_150001199244","PB","20354","VEREADOR","2020","fim_regular","tce"
"M2020_20354_13_55000_150000932996","PB","20354","VEREADOR","2020","fim_regular","tce"
"M2020_20354_13_55123_150000932997","PB","20354","VEREADOR","2020","fim_regular","tce"
"M2020_20354_13_55777_150000932999","PB","20354","VEREADOR","2020","outro","tce"
"M2012_20370_13_55555_150000007726","PB","20370","VEREADOR","2012","outro","tce"
"M2012_20370_13_14111_150000012248","PB","20370","VEREADOR","2012","fim_regular","tce"
"M2012_20370_13_15456_150000012130","PB","20370","VEREADOR","2012","fim_regular","tce"
"M2012_20370_13_27777_150000007691","PB","20370","VEREADOR","2012","fim_regular","tce"
"M2012_20370_13_15555_150000012125","PB","20370","VEREADOR","2012","fim_regular","tce"
"M2012_20370_13_17123_150000012255","PB","20370","VEREADOR","2012","fim_regular","tce"
"M2012_20370_13_17777_150000012253","PB","20370","VEREADOR","2012","fim_regular","tce"
"M2012_20370_13_25555_150000007694","PB","20370","VEREADOR","2012","fim_regular","tce"
"M2012_20370_13_40000_150000007732","PB","20370","VEREADOR","2012","fim_regular","tce"
"M2016_20370_13_20000_150000006036","PB","20370","VEREADOR","2016","fim_regular","tce"
"M2016_20370_13_27777_150000005599","PB","20370","VEREADOR","2016","fim_regular","tce"
"M2016_20370_13_17777_150000009969","PB","20370","VEREADOR","2016","fim_regular","tce"
"M2016_20370_13_25555_150000005608","PB","20370","VEREADOR","2016","fim_regular","tce"
"M2016_20370_13_10222_150000006034","PB","20370","VEREADOR","2016","fim_regular","tce"
"M2016_20370_13_12222_150000010050","PB","20370","VEREADOR","2016","fim_regular","tce"
"M2016_20370_13_36666_150000009978","PB","20370","VEREADOR","2016","fim_regular","tce"
"M2016_20370_13_40222_150000005824","PB","20370","VEREADOR","2016","fim_regular","tce"
"M2016_20370_13_40555_150000005826","PB","20370","VEREADOR","2016","fim_regular","tce"
"M2016_20370_13_44444_150000005825","PB","20370","VEREADOR","2016","fim_regular","tce"
"M2012_20419_13_14610_150000006145","PB","20419","VEREADOR","2012","fim_regular","tce"
"M2012_20419_13_14622_150000006155","PB","20419","VEREADOR","2012","fim_regular","tce"
"M2012_20419_13_15621_150000003290","PB","20419","VEREADOR","2012","fim_regular","tce"
"M2012_20419_13_15678_150000003287","PB","20419","VEREADOR","2012","fim_regular","tce"
"M2012_20419_13_20123_150000004063","PB","20419","VEREADOR","2012","fim_regular","tce"
"M2012_20419_13_40111_150000006154","PB","20419","VEREADOR","2012","outro","tce"
"M2012_20419_13_45123_150000003300","PB","20419","VEREADOR","2012","fim_regular","tce"
"M2012_20419_13_45222_150000003289","PB","20419","VEREADOR","2012","fim_regular","tce"
"M2012_20419_13_45789_150000003288","PB","20419","VEREADOR","2012","fim_regular","tce"
"M2016_20419_13_15610_150000005420","PB","20419","VEREADOR","2016","fim_regular","tce"
"M2016_20419_13_14567_150000005424","PB","20419","VEREADOR","2016","fim_regular","tce"
"M2016_20419_13_31111_150000005422","PB","20419","VEREADOR","2016","fim_regular","tce"
"M2016_20419_13_15555_150000005415","PB","20419","VEREADOR","2016","outro","tce"
"M2016_20419_13_11615_150000006012","PB","20419","VEREADOR","2016","fim_regular","tce"
"M2016_20419_13_13456_150000006017","PB","20419","VEREADOR","2016","fim_regular","tce"
"M2016_20419_13_33330_150000004262","PB","20419","VEREADOR","2016","fim_regular","tce"
"M2016_20419_13_33999_150000004248","PB","20419","VEREADOR","2016","fim_regular","tce"
"M2016_20419_13_44123_150000004274","PB","20419","VEREADOR","2016","fim_regular","tce"
"M2020_20419_13_25610_150001074102","PB","20419","VEREADOR","2020","fim_regular","tce"
"M2020_20419_13_77678_150001196733","PB","20419","VEREADOR","2020","fim_regular","tce"
"M2020_20419_13_25615_150001074098","PB","20419","VEREADOR","2020","outro","tce"
"M2020_20419_13_25888_150001074096","PB","20419","VEREADOR","2020","fim_regular","tce"
"M2020_20419_13_23456_150001196311","PB","20419","VEREADOR","2020","fim_regular","tce"
"M2020_20419_13_70456_150000912560","PB","20419","VEREADOR","2020","fim_regular","tce"
"M2020_20419_13_70888_150000912571","PB","20419","VEREADOR","2020","fim_regular","tce"
"M2020_20419_13_77111_150001196738","PB","20419","VEREADOR","2020","fim_regular","tce"
"M2020_20419_13_25123_150001074109","PB","20419","VEREADOR","2020","fim_regular","tce"
"M2012_20435_13_11555_150000012919","PB","20435","VEREADOR","2012","fim_regular","tce"
"M2012_20435_13_15999_150000012643","PB","20435","VEREADOR","2012","outro","tce"
"M2012_20435_13_25123_150000012640","PB","20435","VEREADOR","2012","fim_regular","tce"
"M2012_20435_13_25555_150000012653","PB","20435","VEREADOR","2012","fim_regular","tce"
"M2012_20435_13_40123_150000012655","PB","20435","VEREADOR","2012","fim_regular","tce"
"M2012_20435_13_45115_150000012652","PB","20435","VEREADOR","2012","fim_regular","tce"
"M2012_20435_13_15555_150000012650","PB","20435","VEREADOR","2012","fim_regular","tce"
"M2012_20435_13_55110_150000012922","PB","20435","VEREADOR","2012","fim_regular","tce"
"M2012_20435_13_15777_150000012642","PB","20435","VEREADOR","2012","fim_regular","tce"
"M2016_20435_13_11333_150000008176","PB","20435","VEREADOR","2016","fim_regular","tce"
"M2016_20435_13_40123_150000008177","PB","20435","VEREADOR","2016","fim_regular","tce"
"M2016_20435_13_11111_150000008180","PB","20435","VEREADOR","2016","fim_regular","tce"
"M2016_20435_13_45115_150000008183","PB","20435","VEREADOR","2016","fim_regular","tce"
"M2016_20435_13_12222_150000008525","PB","20435","VEREADOR","2016","fim_regular","tce"
"M2016_20435_13_13123_150000008173","PB","20435","VEREADOR","2016","fim_regular","tce"
"M2016_20435_13_15888_150000008187","PB","20435","VEREADOR","2016","fim_regular","tce"
"M2016_20435_13_25111_150000008515","PB","20435","VEREADOR","2016","outro","tce"
"M2016_20435_13_25666_150000008518","PB","20435","VEREADOR","2016","fim_regular","tce"
"M2016_20435_13_25888_150000008512","PB","20435","VEREADOR","2016","fim_regular","tce"
"M2016_20435_13_25555_150000008519","PB","20435","VEREADOR","2016","fim_regular","tce"
"M2020_20435_13_11333_150000970939","PB","20435","VEREADOR","2020","fim_regular","tce"
"M2020_20435_13_25999_150000967854","PB","20435","VEREADOR","2020","fim_regular","tce"
"M2020_20435_13_25123_150000967856","PB","20435","VEREADOR","2020","fim_regular","tce"
"M2020_20435_13_25115_150000967862","PB","20435","VEREADOR","2020","fim_regular","tce"
"M2020_20435_13_11123_150000970946","PB","20435","VEREADOR","2020","fim_regular","tce"
"M2020_20435_13_25111_150000967859","PB","20435","VEREADOR","2020","fim_regular","tce"
"M2020_20435_13_25666_150000967857","PB","20435","VEREADOR","2020","fim_regular","tce"
"M2020_20435_13_23000_150001250319","PB","20435","VEREADOR","2020","fim_regular","tce"
"M2020_20435_13_23456_150001250311","PB","20435","VEREADOR","2020","fim_regular","tce"
"M2020_20435_13_25333_150000967855","PB","20435","VEREADOR","2020","fim_regular","tce"
"M2020_20435_13_25555_150000967858","PB","20435","VEREADOR","2020","outro","tce"
"M2012_20451_13_45123_150000011689","PB","20451","VEREADOR","2012","fim_regular","tce"
"M2012_20451_13_15613_150000000282","PB","20451","VEREADOR","2012","fim_regular","tce"
"M2012_20451_13_25611_150000011693","PB","20451","VEREADOR","2012","fim_regular","tce"
"M2012_20451_13_23456_150000011690","PB","20451","VEREADOR","2012","fim_regular","tce"
"M2012_20451_13_55000_150000012630","PB","20451","VEREADOR","2012","fim_regular","tce"
"M2012_20451_13_15000_150000000281","PB","20451","VEREADOR","2012","fim_regular","tce"
"M2012_20451_13_45622_150000011684","PB","20451","VEREADOR","2012","fim_regular","tce"
"M2016_20451_13_55123_150000006491","PB","20451","VEREADOR","2016","fim_regular","tce"
"M2016_20451_13_40000_150000006483","PB","20451","VEREADOR","2016","fim_regular","tce"
"M2016_20451_13_25611_150000006494","PB","20451","VEREADOR","2016","fim_regular","tce"
"M2016_20451_13_23456_150000006488","PB","20451","VEREADOR","2016","fim_regular","tce"
"M2016_20451_13_55555_150000006486","PB","20451","VEREADOR","2016","fim_regular","tce"
"M2016_20451_13_40123_150000006489","PB","20451","VEREADOR","2016","outro","tce"
"M2016_20451_13_15555_150000006661","PB","20451","VEREADOR","2016","fim_regular","tce"
"M2016_20451_13_15678_150000006665","PB","20451","VEREADOR","2016","fim_regular","tce"
"M2012_20478_13_14222_150000013352","PB","20478","VEREADOR","2012","fim_regular","tce"
"M2012_20478_13_55555_150000001834","PB","20478","VEREADOR","2012","fim_regular","tce"
"M2012_20478_13_40000_150000001839","PB","20478","VEREADOR","2012","fim_regular","tce"
"M2012_20478_13_15123_150000001847","PB","20478","VEREADOR","2012","fim_regular","tce"
"M2012_20478_13_15604_150000001840","PB","20478","VEREADOR","2012","outro","tce"
"M2012_20478_13_15333_150000001845","PB","20478","VEREADOR","2012","fim_regular","tce"
"M2012_20478_13_22222_150000013345","PB","20478","VEREADOR","2012","fim_regular","tce"
"M2012_20478_13_43333_150000013382","PB","20478","VEREADOR","2012","fim_regular","tce"
"M2012_20478_13_45666_150000013347","PB","20478","VEREADOR","2012","fim_regular","tce"
"M2016_20478_13_15222_150000005559","PB","20478","VEREADOR","2016","outro","tce"
"M2016_20478_13_14555_150000006689","PB","20478","VEREADOR","2016","fim_regular","tce"
"M2016_20478_13_40000_150000006688","PB","20478","VEREADOR","2016","fim_regular","tce"
"M2016_20478_13_55555_150000005565","PB","20478","VEREADOR","2016","fim_regular","tce"
"M2016_20478_13_40604_150000006696","PB","20478","VEREADOR","2016","fim_regular","tce"
"M2016_20478_13_14444_150000006698","PB","20478","VEREADOR","2016","fim_regular","tce"
"M2016_20478_13_14123_150000006700","PB","20478","VEREADOR","2016","fim_regular","tce"
"M2016_20478_13_40123_150000006693","PB","20478","VEREADOR","2016","fim_regular","tce"
"M2016_20478_13_44444_150000005550","PB","20478","VEREADOR","2016","fim_regular","tce"
"M2020_20478_13_12222_150000782456","PB","20478","VEREADOR","2020","fim_regular","tce"
"M2020_20478_13_55555_150000774514","PB","20478","VEREADOR","2020","fim_regular","tce"
"M2020_20478_13_12604_150000782455","PB","20478","VEREADOR","2020","fim_regular","tce"
"M2020_20478_13_12555_150000782451","PB","20478","VEREADOR","2020","fim_regular","tce"
"M2020_20478_13_12123_150000782454","PB","20478","VEREADOR","2020","fim_regular","tce"
"M2020_20478_13_12111_150000782450","PB","20478","VEREADOR","2020","fim_regular","tce"
"M2020_20478_13_43333_150000982600","PB","20478","VEREADOR","2020","fim_regular","tce"
"M2012_20494_13_23333_150000000861","PB","20494","VEREADOR","2012","outro","tce"
"M2012_20494_13_12222_150000010866","PB","20494","VEREADOR","2012","outro","tce"
"M2012_20494_13_15620_150000000854","PB","20494","VEREADOR","2012","outro","tce"
"M2012_20494_13_22345_150000011382","PB","20494","VEREADOR","2012","outro","tce"
"M2012_20494_13_55555_150000000856","PB","20494","VEREADOR","2012","outro","tce"
"M2012_20494_13_10123_150000011383","PB","20494","VEREADOR","2012","outro","tce"
"M2012_20494_13_23456_150000000855","PB","20494","VEREADOR","2012","outro","tce"
"M2012_20494_13_33333_150000010868","PB","20494","VEREADOR","2012","outro","tce"
"M2012_20494_13_12111_150000010858","PB","20494","VEREADOR","2012","outro","tce"
"M2020_20494_13_23333_150000978656","PB","20494","VEREADOR","2020","fim_regular","tce"
"M2020_20494_13_11333_150000986060","PB","20494","VEREADOR","2020","fim_regular","tce"
"M2020_20494_13_23123_150000978655","PB","20494","VEREADOR","2020","fim_regular","tce"
"M2020_20494_13_11222_150000986059","PB","20494","VEREADOR","2020","fim_regular","tce"
"M2020_20494_13_11111_150000986065","PB","20494","VEREADOR","2020","fim_regular","tce"
"M2020_20494_13_11456_150000986061","PB","20494","VEREADOR","2020","fim_regular","tce"
"M2020_20494_13_23789_150000978660","PB","20494","VEREADOR","2020","fim_regular","tce"
"M2020_20494_13_23111_150000978657","PB","20494","VEREADOR","2020","fim_regular","tce"
"M2012_20532_13_10999_150000004281","PB","20532","VEREADOR","2012","fim_regular","tce"
"M2012_20532_13_15555_150000004282","PB","20532","VEREADOR","2012","fim_regular","tce"
"M2012_20532_13_25555_150000005066","PB","20532","VEREADOR","2012","fim_regular","tce"
"M2012_20532_13_19555_150000004687","PB","20532","VEREADOR","2012","fim_regular","tce"
"M2012_20532_13_19999_150000004681","PB","20532","VEREADOR","2012","fim_regular","tce"
"M2012_20532_13_20000_150000004284","PB","20532","VEREADOR","2012","outro","tce"
"M2012_20532_13_31111_150000004293","PB","20532","VEREADOR","2012","outro","tce"
"M2012_20532_13_12222_150000004283","PB","20532","VEREADOR","2012","fim_regular","tce"
"M2016_20532_13_40000_150000004760","PB","20532","VEREADOR","2016","fim_regular","tce"
"M2016_20532_13_15555_150000002387","PB","20532","VEREADOR","2016","fim_regular","tce"
"M2016_20532_13_19555_150000002388","PB","20532","VEREADOR","2016","fim_regular","tce"
"M2016_20532_13_19999_150000002389","PB","20532","VEREADOR","2016","fim_regular","tce"
"M2016_20532_13_10555_150000002384","PB","20532","VEREADOR","2016","fim_regular","tce"
"M2016_20532_13_33333_150000004755","PB","20532","VEREADOR","2016","fim_regular","tce"
"M2016_20532_13_51111_150000004756","PB","20532","VEREADOR","2016","fim_regular","tce"
"M2016_20532_13_65555_150000002395","PB","20532","VEREADOR","2016","outro","tce"
"M2016_20532_13_77777_150000004761","PB","20532","VEREADOR","2016","fim_regular","tce"
"M2020_20532_13_55000_150000918200","PB","20532","VEREADOR","2020","fim_regular","tce"
"M2020_20532_13_55123_150000918209","PB","20532","VEREADOR","2020","outro","tce"
"M2020_20532_13_33444_150000841893","PB","20532","VEREADOR","2020","fim_regular","tce"
"M2020_20532_13_55666_150000918197","PB","20532","VEREADOR","2020","fim_regular","tce"
"M2020_20532_13_33333_150000841886","PB","20532","VEREADOR","2020","fim_regular","tce"
"M2020_20532_13_55999_150000918201","PB","20532","VEREADOR","2020","fim_regular","tce"
"M2020_20532_13_23777_150000766118","PB","20532","VEREADOR","2020","fim_regular","tce"
"M2020_20532_13_55456_150000918199","PB","20532","VEREADOR","2020","fim_regular","tce"
"M2020_20532_13_33222_150000841892","PB","20532","VEREADOR","2020","fim_regular","tce"
"M2012_20559_13_45111_150000012467","PB","20559","VEREADOR","2012","fim_regular","tce"
"M2012_20559_13_55630_150000012218","PB","20559","VEREADOR","2012","outro","tce"
"M2012_20559_13_13000_150000011855","PB","20559","VEREADOR","2012","fim_regular","tce"
"M2012_20559_13_13123_150000011850","PB","20559","VEREADOR","2012","fim_regular","tce"
"M2012_20559_13_14000_150000011227","PB","20559","VEREADOR","2012","fim_regular","tce"
"M2012_20559_13_14777_150000011228","PB","20559","VEREADOR","2012","fim_regular","tce"
"M2012_20559_13_14789_150000011229","PB","20559","VEREADOR","2012","fim_regular","tce"
"M2012_20559_13_22369_150000012470","PB","20559","VEREADOR","2012","fim_regular","tce"
"M2012_20559_13_33456_150000012228","PB","20559","VEREADOR","2012","fim_regular","tce"
"M2016_20559_13_40123_150000001547","PB","20559","VEREADOR","2016","fim_regular","tce"
"M2016_20559_13_15555_150000006867","PB","20559","VEREADOR","2016","fim_regular","tce"
"M2016_20559_13_12333_150000007851","PB","20559","VEREADOR","2016","fim_regular","tce"
"M2016_20559_13_15123_150000006868","PB","20559","VEREADOR","2016","fim_regular","tce"
"M2016_20559_13_15333_150000006869","PB","20559","VEREADOR","2016","fim_regular","tce"
"M2016_20559_13_54123_150000003284","PB","20559","VEREADOR","2016","fim_regular","tce"
"M2016_20559_13_70444_150000001551","PB","20559","VEREADOR","2016","fim_regular","tce"
"M2016_20559_13_70456_150000001537","PB","20559","VEREADOR","2016","fim_regular","tce"
"M2016_20559_13_90999_150000003272","PB","20559","VEREADOR","2016","outro","tce"
"M2020_20559_13_55111_150000925622","PB","20559","VEREADOR","2020","outro","tce"
"M2020_20559_13_25678_150001112599","PB","20559","VEREADOR","2020","fim_regular","tce"
"M2020_20559_13_10123_150001192215","PB","20559","VEREADOR","2020","fim_regular","tce"
"M2020_20559_13_10321_150001192219","PB","20559","VEREADOR","2020","fim_regular","tce"
"M2020_20559_13_10000_150001192209","PB","20559","VEREADOR","2020","fim_regular","tce"
"M2020_20559_13_70456_150001110985","PB","20559","VEREADOR","2020","fim_regular","tce"
"M2020_20559_13_10222_150001192213","PB","20559","VEREADOR","2020","fim_regular","tce"
"M2020_20559_13_10456_150001192212","PB","20559","VEREADOR","2020","fim_regular","tce"
"M2020_20559_13_70000_150001110980","PB","20559","VEREADOR","2020","fim_regular","tce"
"M2020_20559_13_70777_150001274333","PB","20559","VEREADOR","2020","fim_regular","tce"
"M2012_20591_13_45789_150000007406","PB","20591","VEREADOR","2012","fim_regular","tce"
"M2012_20591_13_11111_150000008987","PB","20591","VEREADOR","2012","fim_regular","tce"
"M2012_20591_13_13456_150000015132","PB","20591","VEREADOR","2012","fim_regular","tce"
"M2012_20591_13_15123_150000008981","PB","20591","VEREADOR","2012","fim_regular","tce"
"M2012_20591_13_40123_150000007405","PB","20591","VEREADOR","2012","fim_regular","tce"
"M2012_20591_13_40333_150000007400","PB","20591","VEREADOR","2012","fim_regular","tce"
"M2012_20591_13_55147_150000007407","PB","20591","VEREADOR","2012","fim_regular","tce"
"M2012_20591_13_55222_150000007412","PB","20591","VEREADOR","2012","fim_regular","tce"
"M2012_20591_13_55678_150000007415","PB","20591","VEREADOR","2012","fim_regular","tce"
"M2016_20591_13_40222_150000007283","PB","20591","VEREADOR","2016","fim_regular","tce"
"M2016_20591_13_40123_150000007274","PB","20591","VEREADOR","2016","fim_regular","tce"
"M2016_20591_13_40333_150000007282","PB","20591","VEREADOR","2016","fim_regular","tce"
"M2016_20591_13_55222_150000011979","PB","20591","VEREADOR","2016","fim_regular","tce"
"M2016_20591_13_40444_150000007276","PB","20591","VEREADOR","2016","fim_regular","tce"
"M2016_20591_13_45678_150000011978","PB","20591","VEREADOR","2016","fim_regular","tce"
"M2016_20591_13_55444_150000011974","PB","20591","VEREADOR","2016","fim_regular","tce"
"M2020_20591_13_23222_150000865003","PB","20591","VEREADOR","2020","fim_regular","tce"
"M2020_20591_13_55789_150000988441","PB","20591","VEREADOR","2020","fim_regular","tce"
"M2020_20591_13_23123_150000865004","PB","20591","VEREADOR","2020","fim_regular","tce"
"M2020_20591_13_23444_150000865009","PB","20591","VEREADOR","2020","fim_regular","tce"
"M2020_20591_13_45678_150001096584","PB","20591","VEREADOR","2020","fim_regular","tce"
"M2020_20591_13_55444_150000988442","PB","20591","VEREADOR","2020","fim_regular","tce"
"M2020_20591_13_23666_150000865006","PB","20591","VEREADOR","2020","fim_regular","tce"
"M2020_20591_13_45888_150001096580","PB","20591","VEREADOR","2020","fim_regular","tce"
"M2012_20630_13_11111_150000007182","PB","20630","VEREADOR","2012","fim_regular","tce"
"M2012_20630_13_14444_150000007178","PB","20630","VEREADOR","2012","fim_regular","tce"
"M2012_20630_13_14777_150000007183","PB","20630","VEREADOR","2012","fim_regular","tce"
"M2012_20630_13_14513_150000007185","PB","20630","VEREADOR","2012","fim_regular","tce"
"M2012_20630_13_20000_150000007188","PB","20630","VEREADOR","2012","fim_regular","tce"
"M2012_20630_13_25555_150000007180","PB","20630","VEREADOR","2012","outro","tce"
"M2012_20630_13_40444_150000004048","PB","20630","VEREADOR","2012","fim_regular","tce"
"M2012_20630_13_40555_150000004051","PB","20630","VEREADOR","2012","fim_regular","tce"
"M2012_20630_13_40000_150000004046","PB","20630","VEREADOR","2012","fim_regular","tce"
"M2016_20630_13_27333_150000005590","PB","20630","VEREADOR","2016","fim_regular","tce"
"M2016_20630_13_20000_150000005593","PB","20630","VEREADOR","2016","fim_regular","tce"
"M2016_20630_13_40444_150000001276","PB","20630","VEREADOR","2016","fim_regular","tce"
"M2016_20630_13_40555_150000001280","PB","20630","VEREADOR","2016","fim_regular","tce"
"M2016_20630_13_10000_150000002199","PB","20630","VEREADOR","2016","fim_regular","tce"
"M2016_20630_13_10777_150000002197","PB","20630","VEREADOR","2016","fim_regular","tce"
"M2016_20630_13_15123_150000001273","PB","20630","VEREADOR","2016","outro","tce"
"M2016_20630_13_15555_150000001274","PB","20630","VEREADOR","2016","fim_regular","tce"
"M2016_20630_13_40000_150000001275","PB","20630","VEREADOR","2016","fim_regular","tce"
"M2016_20656_13_70000_150000008388","PB","20656","VEREADOR","2016","fim_regular","tce"
"M2016_20656_13_55222_150000007687","PB","20656","VEREADOR","2016","outro","tce"
"M2016_20656_13_14123_150000007688","PB","20656","VEREADOR","2016","fim_regular","tce"
"M2016_20656_13_15555_150000008390","PB","20656","VEREADOR","2016","fim_regular","tce"
"M2016_20656_13_20000_150000008400","PB","20656","VEREADOR","2016","fim_regular","tce"
"M2016_20656_13_45111_150000007692","PB","20656","VEREADOR","2016","fim_regular","tce"
"M2016_20656_13_45555_150000007693","PB","20656","VEREADOR","2016","fim_regular","tce"
"M2016_20656_13_70999_150000008394","PB","20656","VEREADOR","2016","fim_regular","tce"
"M2016_20656_13_45123_150000007696","PB","20656","VEREADOR","2016","fim_regular","tce"
"M2020_20656_13_55789_150000977081","PB","20656","VEREADOR","2020","fim_regular","tce"
"M2020_20656_13_10000_150000867261","PB","20656","VEREADOR","2020","fim_regular","tce"
"M2020_20656_13_10999_150000867255","PB","20656","VEREADOR","2020","fim_regular","tce"
"M2020_20656_13_45633_150000973979","PB","20656","VEREADOR","2020","fim_regular","tce"
"M2020_20656_13_55456_150000977084","PB","20656","VEREADOR","2020","outro","tce"
"M2020_20656_13_55678_150000977085","PB","20656","VEREADOR","2020","fim_regular","tce"
"M2020_20656_13_55888_150000977082","PB","20656","VEREADOR","2020","fim_regular","tce"
"M2020_20656_13_55123_150000977087","PB","20656","VEREADOR","2020","fim_regular","tce"
"M2016_20699_13_11111_150000003406","PB","20699","VEREADOR","2016","fim_regular","tce"
"M2016_20699_13_23333_150000003405","PB","20699","VEREADOR","2016","fim_regular","tce"
"M2016_20699_13_15666_150000006779","PB","20699","VEREADOR","2016","fim_regular","tce"
"M2016_20699_13_15777_150000006778","PB","20699","VEREADOR","2016","fim_regular","tce"
"M2016_20699_13_22222_150000006774","PB","20699","VEREADOR","2016","fim_regular","tce"
"M2016_20699_13_22333_150000006773","PB","20699","VEREADOR","2016","fim_regular","tce"
"M2016_20699_13_25555_150000003407","PB","20699","VEREADOR","2016","fim_regular","tce"
"M2016_20699_13_15123_150000006776","PB","20699","VEREADOR","2016","fim_regular","tce"
"M2016_20699_13_28888_150000003408","PB","20699","VEREADOR","2016","fim_regular","tce"
"M2012_20710_13_55123_150000007581","PB","20710","VEREADOR","2012","fim_regular","tce"
"M2012_20710_13_17444_150000007585","PB","20710","VEREADOR","2012","fim_regular","tce"
"M2012_20710_13_15555_150000008556","PB","20710","VEREADOR","2012","fim_regular","tce"
"M2012_20710_13_40000_150000007586","PB","20710","VEREADOR","2012","fim_regular","tce"
"M2012_20710_13_25678_150000007588","PB","20710","VEREADOR","2012","outro","tce"
"M2012_20710_13_13123_150000008561","PB","20710","VEREADOR","2012","fim_regular","tce"
"M2012_20710_13_13333_150000008554","PB","20710","VEREADOR","2012","fim_regular","tce"
"M2012_20710_13_13444_150000008562","PB","20710","VEREADOR","2012","fim_regular","tce"
"M2016_20710_13_40123_150000005511","PB","20710","VEREADOR","2016","fim_regular","tce"
"M2016_20710_13_17444_150000005516","PB","20710","VEREADOR","2016","fim_regular","tce"
"M2016_20710_13_45555_150000003922","PB","20710","VEREADOR","2016","fim_regular","tce"
"M2016_20710_13_40456_150000005521","PB","20710","VEREADOR","2016","outro","tce"
"M2016_20710_13_13333_150000003916","PB","20710","VEREADOR","2016","fim_regular","tce"
"M2016_20710_13_17222_150000005513","PB","20710","VEREADOR","2016","fim_regular","tce"
"M2016_20710_13_22222_150000005510","PB","20710","VEREADOR","2016","fim_regular","tce"
"M2016_20710_13_40222_150000005518","PB","20710","VEREADOR","2016","fim_regular","tce"
"M2016_20710_13_31111_150000003923","PB","20710","VEREADOR","2016","fim_regular","tce"
"M2020_20710_13_22111_150000861557","PB","20710","VEREADOR","2020","outro","tce"
"M2012_20737_13_65123_150000010335","PB","20737","VEREADOR","2012","fim_regular","tce"
"M2012_20737_13_22613_150000010316","PB","20737","VEREADOR","2012","fim_regular","tce"
"M2012_20737_13_40000_150000010362","PB","20737","VEREADOR","2012","fim_regular","tce"
"M2012_20737_13_14444_150000004384","PB","20737","VEREADOR","2012","fim_regular","tce"
"M2012_20737_13_25500_150000010851","PB","20737","VEREADOR","2012","fim_regular","tce"
"M2012_20737_13_40222_150000010364","PB","20737","VEREADOR","2012","outro","tce"
"M2012_20737_13_40444_150000010356","PB","20737","VEREADOR","2012","fim_regular","tce"
"M2012_20737_13_65111_150000010330","PB","20737","VEREADOR","2012","fim_regular","tce"
"M2012_20737_13_45123_150000010848","PB","20737","VEREADOR","2012","fim_regular","tce"
"M2016_20737_13_14613_150000008332","PB","20737","VEREADOR","2016","fim_regular","tce"
"M2016_20737_13_44444_150000003768","PB","20737","VEREADOR","2016","fim_regular","tce"
"M2016_20737_13_15555_150000001299","PB","20737","VEREADOR","2016","fim_regular","tce"
"M2016_20737_13_10222_150000001306","PB","20737","VEREADOR","2016","fim_regular","tce"
"M2016_20737_13_17000_150000008723","PB","20737","VEREADOR","2016","fim_regular","tce"
"M2016_20737_13_17400_150000008728","PB","20737","VEREADOR","2016","fim_regular","tce"
"M2016_20737_13_28123_150000008730","PB","20737","VEREADOR","2016","fim_regular","tce"
"M2016_20737_13_45123_150000001303","PB","20737","VEREADOR","2016","fim_regular","tce"
"M2020_20737_13_17999_150000785630","PB","20737","VEREADOR","2020","fim_regular","tce"
"M2020_20737_13_25222_150000731514","PB","20737","VEREADOR","2020","fim_regular","tce"
"M2020_20737_13_77222_150001085453","PB","20737","VEREADOR","2020","fim_regular","tce"
"M2020_20737_13_25444_150000731512","PB","20737","VEREADOR","2020","outro","tce"
"M2020_20737_13_23000_150000730974","PB","20737","VEREADOR","2020","fim_regular","tce"
"M2020_20737_13_25000_150000731516","PB","20737","VEREADOR","2020","fim_regular","tce"
"M2020_20737_13_17400_150000785631","PB","20737","VEREADOR","2020","fim_regular","tce"
"M2020_20737_13_23423_150000730980","PB","20737","VEREADOR","2020","fim_regular","tce"
"M2020_20737_13_23999_150000730978","PB","20737","VEREADOR","2020","fim_regular","tce"
"M2012_20753_13_55555_150000000922","PB","20753","VEREADOR","2012","fim_regular","tce"
"M2012_20753_13_15111_150000000140","PB","20753","VEREADOR","2012","fim_regular","tce"
"M2012_20753_13_15555_150000000148","PB","20753","VEREADOR","2012","fim_regular","tce"
"M2012_20753_13_45603_150000000924","PB","20753","VEREADOR","2012","fim_regular","tce"
"M2012_20753_13_45600_150000000939","PB","20753","VEREADOR","2012","fim_regular","tce"
"M2012_20753_13_15333_150000000141","PB","20753","VEREADOR","2012","fim_regular","tce"
"M2012_20753_13_45789_150000000929","PB","20753","VEREADOR","2012","fim_regular","tce"
"M2012_20753_13_55111_150000000932","PB","20753","VEREADOR","2012","fim_regular","tce"
"M2012_20753_13_15888_150000000143","PB","20753","VEREADOR","2012","fim_regular","tce"
"M2016_20753_13_11111_150000001700","PB","20753","VEREADOR","2016","fim_regular","tce"
"M2016_20753_13_15111_150000001725","PB","20753","VEREADOR","2016","fim_regular","tce"
"M2016_20753_13_15555_150000001717","PB","20753","VEREADOR","2016","fim_regular","tce"
"M2016_20753_13_11222_150000001703","PB","20753","VEREADOR","2016","fim_regular","tce"
"M2016_20753_13_55555_150000001696","PB","20753","VEREADOR","2016","fim_regular","tce"
"M2016_20753_13_15333_150000001729","PB","20753","VEREADOR","2016","fim_regular","tce"
"M2016_20753_13_15222_150000001727","PB","20753","VEREADOR","2016","outro","tce"
"M2016_20753_13_11333_150000001702","PB","20753","VEREADOR","2016","fim_regular","tce"
"M2016_20753_13_15888_150000001723","PB","20753","VEREADOR","2016","fim_regular","tce"
"M2020_20753_13_10444_150000642948","PB","20753","VEREADOR","2020","outro","tce"
"M2020_20753_13_10555_150000642959","PB","20753","VEREADOR","2020","fim_regular","tce"
"M2020_20753_13_70000_150000863758","PB","20753","VEREADOR","2020","fim_regular","tce"
"M2020_20753_13_10222_150000642949","PB","20753","VEREADOR","2020","fim_regular","tce"
"M2020_20753_13_10333_150000642956","PB","20753","VEREADOR","2020","outro","tce"
"M2020_20753_13_10777_150000642952","PB","20753","VEREADOR","2020","outro","tce"
"M2020_20753_13_23123_150000860943","PB","20753","VEREADOR","2020","outro","tce"
"M2020_20753_13_23333_150000860946","PB","20753","VEREADOR","2020","fim_regular","tce"
"M2020_20753_13_10888_150000642953","PB","20753","VEREADOR","2020","outro","tce"
"M2012_20770_13_55555_150000006617","PB","20770","VEREADOR","2012","fim_regular","tce"
"M2012_20770_13_23333_150000003142","PB","20770","VEREADOR","2012","fim_regular","tce"
"M2012_20770_13_55666_150000006614","PB","20770","VEREADOR","2012","fim_regular","tce"
"M2012_20770_13_55333_150000006618","PB","20770","VEREADOR","2012","fim_regular","tce"
"M2012_20770_13_23456_150000003143","PB","20770","VEREADOR","2012","fim_regular","tce"
"M2012_20770_13_33333_150000003146","PB","20770","VEREADOR","2012","fim_regular","tce"
"M2012_20770_13_70000_150000005382","PB","20770","VEREADOR","2012","fim_regular","tce"
"M2016_20770_13_55666_150000010085","PB","20770","VEREADOR","2016","fim_regular","tce"
"M2016_20770_13_15444_150000005970","PB","20770","VEREADOR","2016","fim_regular","tce"
"M2016_20770_13_40123_150000010086","PB","20770","VEREADOR","2016","fim_regular","tce"
"M2016_20770_13_45555_150000005972","PB","20770","VEREADOR","2016","fim_regular","tce"
"M2016_20770_13_15000_150000005968","PB","20770","VEREADOR","2016","fim_regular","tce"
"M2016_20770_13_14444_150000005974","PB","20770","VEREADOR","2016","fim_regular","tce"
"M2016_20770_13_15222_150000005980","PB","20770","VEREADOR","2016","fim_regular","tce"
"M2020_20770_13_22000_150001042020","PB","20770","VEREADOR","2020","fim_regular","tce"
"M2020_20770_13_22222_150001042021","PB","20770","VEREADOR","2020","fim_regular","tce"
"M2020_20770_13_12111_150001172163","PB","20770","VEREADOR","2020","fim_regular","tce"
"M2020_20770_13_10111_150001168876","PB","20770","VEREADOR","2020","fim_regular","tce"
"M2020_20770_13_10123_150001168879","PB","20770","VEREADOR","2020","fim_regular","tce"
"M2020_20770_13_12123_150001172161","PB","20770","VEREADOR","2020","fim_regular","tce"
"M2020_20770_13_12345_150001172166","PB","20770","VEREADOR","2020","fim_regular","tce"
"M2020_20770_13_22888_150001042015","PB","20770","VEREADOR","2020","fim_regular","tce"
"M2012_20796_13_40555_150000012904","PB","20796","VEREADOR","2012","fim_regular","tce"
"M2012_20796_13_22123_150000004859","PB","20796","VEREADOR","2012","fim_regular","tce"
"M2012_20796_13_11123_150000005826","PB","20796","VEREADOR","2012","fim_regular","tce"
"M2012_20796_13_11789_150000005835","PB","20796","VEREADOR","2012","fim_regular","tce"
"M2012_20796_13_13555_150000012356","PB","20796","VEREADOR","2012","fim_regular","tce"
"M2012_20796_13_20123_150000005825","PB","20796","VEREADOR","2012","fim_regular","tce"
"M2012_20796_13_20888_150000005837","PB","20796","VEREADOR","2012","fim_regular","tce"
"M2012_20796_13_22111_150000004847","PB","20796","VEREADOR","2012","fim_regular","tce"
"M2012_20796_13_22456_150000004863","PB","20796","VEREADOR","2012","fim_regular","tce"
"M2012_20796_13_22999_150000004848","PB","20796","VEREADOR","2012","fim_regular","tce"
"M2012_20796_13_22345_150000004854","PB","20796","VEREADOR","2012","fim_regular","tce"
"M2016_20796_13_40555_150000002932","PB","20796","VEREADOR","2016","fim_regular","tce"
"M2016_20796_13_15555_150000004028","PB","20796","VEREADOR","2016","fim_regular","tce"
"M2016_20796_13_40123_150000002928","PB","20796","VEREADOR","2016","outro","tce"
"M2016_20796_13_55123_150000004026","PB","20796","VEREADOR","2016","fim_regular","tce"
"M2016_20796_13_14123_150000003998","PB","20796","VEREADOR","2016","fim_regular","tce"
"M2016_20796_13_11111_150000003999","PB","20796","VEREADOR","2016","fim_regular","tce"
"M2016_20796_13_25111_150000002929","PB","20796","VEREADOR","2016","fim_regular","tce"
"M2016_20796_13_27123_150000003992","PB","20796","VEREADOR","2016","fim_regular","tce"
"M2016_20796_13_27777_150000003995","PB","20796","VEREADOR","2016","fim_regular","tce"
"M2016_20796_13_28888_150000002857","PB","20796","VEREADOR","2016","fim_regular","tce"
"M2016_20796_13_31111_150000002867","PB","20796","VEREADOR","2016","fim_regular","tce"
"M2016_20796_13_45123_150000004021","PB","20796","VEREADOR","2016","fim_regular","tce"
"M2020_20796_13_23555_150000655315","PB","20796","VEREADOR","2020","fim_regular","tce"
"M2020_20796_13_10444_150000678208","PB","20796","VEREADOR","2020","fim_regular","tce"
"M2020_20796_13_23123_150000655313","PB","20796","VEREADOR","2020","fim_regular","tce"
"M2020_20796_13_28123_150000727259","PB","20796","VEREADOR","2020","fim_regular","tce"
"M2020_20796_13_23456_150000655325","PB","20796","VEREADOR","2020","outro","tce"
"M2020_20796_13_10888_150000678206","PB","20796","VEREADOR","2020","fim_regular","tce"
"M2020_20796_13_15123_150000931164","PB","20796","VEREADOR","2020","fim_regular","tce"
"M2020_20796_13_10000_150000678204","PB","20796","VEREADOR","2020","fim_regular","tce"
"M2020_20796_13_10666_150000678209","PB","20796","VEREADOR","2020","fim_regular","tce"
"M2020_20796_13_10999_150000678215","PB","20796","VEREADOR","2020","fim_regular","tce"
"M2020_20796_13_23222_150000655323","PB","20796","VEREADOR","2020","fim_regular","tce"
"M2020_20796_13_23333_150000655319","PB","20796","VEREADOR","2020","fim_regular","tce"
"M2020_20796_13_23999_150000655330","PB","20796","VEREADOR","2020","fim_regular","tce"
"M2012_20818_13_14444_150000011877","PB","20818","VEREADOR","2012","fim_regular","tce"
"M2012_20818_13_17777_150000011758","PB","20818","VEREADOR","2012","fim_regular","tce"
"M2012_20818_13_45677_150000011759","PB","20818","VEREADOR","2012","fim_regular","tce"
"M2012_20818_13_45678_150000011757","PB","20818","VEREADOR","2012","fim_regular","tce"
"M2012_20818_13_45333_150000011756","PB","20818","VEREADOR","2012","fim_regular","tce"
"M2012_20818_13_14333_150000011875","PB","20818","VEREADOR","2012","fim_regular","tce"
"M2012_20818_13_31111_150000011880","PB","20818","VEREADOR","2012","fim_regular","tce"
"M2012_20818_13_40000_150000007622","PB","20818","VEREADOR","2012","fim_regular","tce"
"M2016_20818_13_45555_150000008059","PB","20818","VEREADOR","2016","fim_regular","tce"
"M2016_20818_13_17777_150000008063","PB","20818","VEREADOR","2016","fim_regular","tce"
"M2016_20818_13_45333_150000008058","PB","20818","VEREADOR","2016","fim_regular","tce"
"M2016_20818_13_33456_150000002370","PB","20818","VEREADOR","2016","fim_regular","tce"
"M2016_20818_13_14333_150000002366","PB","20818","VEREADOR","2016","fim_regular","tce"
"M2016_20818_13_20000_150000002376","PB","20818","VEREADOR","2016","fim_regular","tce"
"M2016_20818_13_55555_150000008057","PB","20818","VEREADOR","2016","fim_regular","tce"
"M2020_20818_13_45555_150001112308","PB","20818","VEREADOR","2020","fim_regular","tce"
"M2020_20818_13_45777_150001112311","PB","20818","VEREADOR","2020","outro","tce"
"M2020_20818_13_45678_150001112310","PB","20818","VEREADOR","2020","fim_regular","tce"
"M2020_20818_13_25456_150000922946","PB","20818","VEREADOR","2020","fim_regular","tce"
"M2020_20818_13_45888_150001112312","PB","20818","VEREADOR","2020","fim_regular","tce"
"M2020_20818_13_12111_150001113236","PB","20818","VEREADOR","2020","fim_regular","tce"
"M2020_20818_13_25000_150000922949","PB","20818","VEREADOR","2020","fim_regular","tce"
"M2020_20818_13_25555_150000922947","PB","20818","VEREADOR","2020","fim_regular","tce"
"M2020_20834_13_22000_150001069767","PB","20834","VEREADOR","2020","fim_regular","tce"
"M2020_20834_13_14100_150000835034","PB","20834","VEREADOR","2020","fim_regular","tce"
"M2020_20834_13_14123_150000835029","PB","20834","VEREADOR","2020","fim_regular","tce"
"M2020_20834_13_14789_150000835036","PB","20834","VEREADOR","2020","fim_regular","tce"
"M2020_20834_13_22555_150001069761","PB","20834","VEREADOR","2020","fim_regular","tce"
"M2020_20834_13_14333_150000835032","PB","20834","VEREADOR","2020","fim_regular","tce"
"M2020_20834_13_22111_150001069765","PB","20834","VEREADOR","2020","fim_regular","tce"
"M2020_20834_13_22123_150001069762","PB","20834","VEREADOR","2020","fim_regular","tce"
"M2020_20834_13_22456_150001069766","PB","20834","VEREADOR","2020","fim_regular","tce"
"M2012_20877_13_15555_150000011975","PB","20877","VEREADOR","2012","fim_regular","tce"
"M2012_20877_13_15000_150000011973","PB","20877","VEREADOR","2012","fim_regular","tce"
"M2012_20877_13_15666_150000011982","PB","20877","VEREADOR","2012","outro","tce"
"M2012_20877_13_15678_150000011988","PB","20877","VEREADOR","2012","fim_regular","tce"
"M2012_20877_13_25123_150000006764","PB","20877","VEREADOR","2012","outro","tce"
"M2012_20877_13_40456_150000007684","PB","20877","VEREADOR","2012","fim_regular","tce"
"M2012_20877_13_45555_150000007679","PB","20877","VEREADOR","2012","fim_regular","tce"
"M2016_20877_13_15678_150000012530","PB","20877","VEREADOR","2016","fim_regular","tce"
"M2016_20877_13_19999_150000012389","PB","20877","VEREADOR","2016","fim_regular","tce"
"M2016_20877_13_17777_150000011022","PB","20877","VEREADOR","2016","fim_regular","tce"
"M2016_20877_13_10222_150000011011","PB","20877","VEREADOR","2016","fim_regular","tce"
"M2016_20877_13_14777_150000005787","PB","20877","VEREADOR","2016","fim_regular","tce"
"M2016_20877_13_17555_150000011016","PB","20877","VEREADOR","2016","fim_regular","tce"
"M2016_20877_13_40000_150000005780","PB","20877","VEREADOR","2016","fim_regular","tce"
"M2016_20877_13_45456_150000012387","PB","20877","VEREADOR","2016","fim_regular","tce"
"M2020_20877_13_11555_150000930531","PB","20877","VEREADOR","2020","outro","tce"
"M2020_20877_13_40111_150000930989","PB","20877","VEREADOR","2020","fim_regular","tce"
"M2020_20877_13_22555_150000726459","PB","20877","VEREADOR","2020","fim_regular","tce"
"M2020_20877_13_11444_150000930533","PB","20877","VEREADOR","2020","fim_regular","tce"
"M2020_20877_13_22222_150000726460","PB","20877","VEREADOR","2020","fim_regular","tce"
"M2020_20877_13_22456_150000726463","PB","20877","VEREADOR","2020","fim_regular","tce"
"M2020_20877_13_40222_150000930987","PB","20877","VEREADOR","2020","fim_regular","tce"
"M2016_20893_13_22222_150000006236","PB","20893","VEREADOR","2016","outro","tce"
"M2016_20893_13_55555_150000009519","PB","20893","VEREADOR","2016","fim_regular","tce"
"M2016_20893_13_22615_150000006246","PB","20893","VEREADOR","2016","outro","tce"
"M2016_20893_13_22333_150000006237","PB","20893","VEREADOR","2016","fim_regular","tce"
"M2016_20893_13_40222_150000009515","PB","20893","VEREADOR","2016","fim_regular","tce"
"M2016_20893_13_11123_150000006640","PB","20893","VEREADOR","2016","fim_regular","tce"
"M2016_20893_13_17111_150000006627","PB","20893","VEREADOR","2016","fim_regular","tce"
"M2016_20893_13_33222_150000006242","PB","20893","VEREADOR","2016","fim_regular","tce"
"M2016_20893_13_40000_150000009524","PB","20893","VEREADOR","2016","fim_regular","tce"
"M2012_20931_13_45678_150000001514","PB","20931","VEREADOR","2012","fim_regular","tce"
"M2012_20931_13_45555_150000001512","PB","20931","VEREADOR","2012","fim_regular","tce"
"M2012_20931_13_11111_150000001522","PB","20931","VEREADOR","2012","fim_regular","tce"
"M2012_20931_13_15123_150000000601","PB","20931","VEREADOR","2012","fim_regular","tce"
"M2012_20931_13_25123_150000004522","PB","20931","VEREADOR","2012","fim_regular","tce"
"M2012_20931_13_25222_150000004518","PB","20931","VEREADOR","2012","outro","tce"
"M2012_20931_13_25555_150000004517","PB","20931","VEREADOR","2012","fim_regular","tce"
"M2012_20931_13_25678_150000004520","PB","20931","VEREADOR","2012","fim_regular","tce"
"M2012_20931_13_25800_150000004514","PB","20931","VEREADOR","2012","fim_regular","tce"
"M2016_20931_13_55555_150000006588","PB","20931","VEREADOR","2016","fim_regular","tce"
"M2016_20931_13_15123_150000006583","PB","20931","VEREADOR","2016","fim_regular","tce"
"M2016_20931_13_23123_150000006582","PB","20931","VEREADOR","2016","fim_regular","tce"
"M2016_20931_13_40000_150000009932","PB","20931","VEREADOR","2016","fim_regular","tce"
"M2016_20931_13_15555_150000006586","PB","20931","VEREADOR","2016","fim_regular","tce"
"M2016_20931_13_23456_150000006579","PB","20931","VEREADOR","2016","fim_regular","tce"
"M2016_20931_13_40333_150000009938","PB","20931","VEREADOR","2016","fim_regular","tce"
"M2016_20931_13_40444_150000009935","PB","20931","VEREADOR","2016","fim_regular","tce"
"M2016_20931_13_40852_150000009933","PB","20931","VEREADOR","2016","fim_regular","tce"
"M2012_20958_13_55555_150000002790","PB","20958","VEREADOR","2012","fim_regular","tce"
"M2012_20958_13_15123_150000003020","PB","20958","VEREADOR","2012","fim_regular","tce"
"M2012_20958_13_25000_150000002769","PB","20958","VEREADOR","2012","fim_regular","tce"
"M2012_20958_13_54000_150000003018","PB","20958","VEREADOR","2012","fim_regular","tce"
"M2012_20958_13_55000_150000002778","PB","20958","VEREADOR","2012","fim_regular","tce"
"M2012_20958_13_45000_150000002776","PB","20958","VEREADOR","2012","fim_regular","tce"
"M2012_20958_13_55111_150000002775","PB","20958","VEREADOR","2012","outro","tce"
"M2012_20958_13_12345_150000002780","PB","20958","VEREADOR","2012","fim_regular","tce"
"M2012_20958_13_31000_150000000636","PB","20958","VEREADOR","2012","fim_regular","tce"
"M2012_20958_13_45100_150000002791","PB","20958","VEREADOR","2012","fim_regular","tce"
"M2012_20958_13_45555_150000002767","PB","20958","VEREADOR","2012","outro","tce"
"M2012_20958_13_25800_150000002781","PB","20958","VEREADOR","2012","fim_regular","tce"
"M2016_20958_13_44444_150000012405","PB","20958","VEREADOR","2016","fim_regular","tce"
"M2016_20958_13_15123_150000008627","PB","20958","VEREADOR","2016","fim_regular","tce"
"M2016_20958_13_45000_150000012403","PB","20958","VEREADOR","2016","fim_regular","tce"
"M2016_20958_13_45111_150000012420","PB","20958","VEREADOR","2016","fim_regular","tce"
"M2016_20958_13_55111_150000012402","PB","20958","VEREADOR","2016","fim_regular","tce"
"M2016_20958_13_45888_150000012413","PB","20958","VEREADOR","2016","fim_regular","tce"
"M2016_20958_13_45678_150000012384","PB","20958","VEREADOR","2016","outro","tce"
"M2016_20958_13_11111_150000008617","PB","20958","VEREADOR","2016","fim_regular","tce"
"M2016_20958_13_13111_150000008633","PB","20958","VEREADOR","2016","fim_regular","tce"
"M2016_20958_13_31112_150000012105","PB","20958","VEREADOR","2016","fim_regular","tce"
"M2016_20958_13_40000_150000008611","PB","20958","VEREADOR","2016","fim_regular","tce"
"M2016_20958_13_40123_150000008612","PB","20958","VEREADOR","2016","outro","tce"
"M2020_20958_13_23444_150001133653","PB","20958","VEREADOR","2020","fim_regular","tce"
"M2020_20958_13_23123_150001133648","PB","20958","VEREADOR","2020","fim_regular","tce"
"M2020_20958_13_23000_150001133649","PB","20958","VEREADOR","2020","fim_regular","tce"
"M2020_20958_13_23777_150001133644","PB","20958","VEREADOR","2020","fim_regular","tce"
"M2020_20958_13_45000_150001024776","PB","20958","VEREADOR","2020","outro","tce"
"M2020_20958_13_23222_150001133650","PB","20958","VEREADOR","2020","fim_regular","tce"
"M2020_20958_13_23456_150001133645","PB","20958","VEREADOR","2020","fim_regular","tce"
"M2020_20958_13_20555_150001133534","PB","20958","VEREADOR","2020","fim_regular","tce"
"M2020_20958_13_23455_150001133657","PB","20958","VEREADOR","2020","fim_regular","tce"
"M2020_20958_13_45678_150001024777","PB","20958","VEREADOR","2020","fim_regular","tce"
"M2020_20958_13_90555_150001133808","PB","20958","VEREADOR","2020","fim_regular","tce"
"M2020_20958_13_90800_150001133813","PB","20958","VEREADOR","2020","fim_regular","tce"
"M2012_20990_13_55555_150000010881","PB","20990","VEREADOR","2012","fim_regular","tce"
"M2012_20990_13_12678_150000010880","PB","20990","VEREADOR","2012","fim_regular","tce"
"M2012_20990_13_15111_150000009329","PB","20990","VEREADOR","2012","fim_regular","tce"
"M2012_20990_13_15678_150000009337","PB","20990","VEREADOR","2012","fim_regular","tce"
"M2012_20990_13_22000_150000009328","PB","20990","VEREADOR","2012","fim_regular","tce"
"M2012_20990_13_22611_150000009341","PB","20990","VEREADOR","2012","fim_regular","tce"
"M2012_20990_13_12345_150000010885","PB","20990","VEREADOR","2012","fim_regular","tce"
"M2016_20990_13_15555_150000010719","PB","20990","VEREADOR","2016","fim_regular","tce"
"M2016_20990_13_19000_150000009818","PB","20990","VEREADOR","2016","fim_regular","tce"
"M2016_20990_13_15678_150000010725","PB","20990","VEREADOR","2016","fim_regular","tce"
"M2016_20990_13_15000_150000010722","PB","20990","VEREADOR","2016","fim_regular","tce"
"M2016_20990_13_12345_150000009820","PB","20990","VEREADOR","2016","outro","tce"
"M2016_20990_13_19999_150000009822","PB","20990","VEREADOR","2016","fim_regular","tce"
"M2016_20990_13_45678_150000010926","PB","20990","VEREADOR","2016","fim_regular","tce"
"M2016_21016_13_12369_150000007660","PB","21016","VEREADOR","2016","fim_regular","tce"
"M2016_21016_13_14614_150000006967","PB","21016","VEREADOR","2016","fim_regular","tce"
"M2016_21016_13_22222_150000007659","PB","21016","VEREADOR","2016","fim_regular","tce"
"M2016_21016_13_43555_150000006970","PB","21016","VEREADOR","2016","outro","tce"
"M2016_21016_13_14111_150000006961","PB","21016","VEREADOR","2016","fim_regular","tce"
"M2016_21016_13_22333_150000007663","PB","21016","VEREADOR","2016","fim_regular","tce"
"M2016_21016_13_55555_150000007658","PB","21016","VEREADOR","2016","fim_regular","tce"
"M2016_21016_13_14610_150000006965","PB","21016","VEREADOR","2016","fim_regular","tce"
"M2020_21016_13_11456_150000802867","PB","21016","VEREADOR","2020","fim_regular","tce"
"M2020_21016_13_11234_150000802871","PB","21016","VEREADOR","2020","fim_regular","tce"
"M2020_21016_13_11111_150000802874","PB","21016","VEREADOR","2020","fim_regular","tce"
"M2020_21016_13_11222_150000802869","PB","21016","VEREADOR","2020","fim_regular","tce"
"M2020_21016_13_11333_150000802870","PB","21016","VEREADOR","2020","fim_regular","tce"
"M2020_21016_13_11444_150000802872","PB","21016","VEREADOR","2020","fim_regular","tce"
"M2020_21016_13_11555_150000802866","PB","21016","VEREADOR","2020","fim_regular","tce"
"M2020_21016_13_11666_150000802868","PB","21016","VEREADOR","2020","fim_regular","tce"
"M2012_21032_13_23800_150000006091","PB","21032","VEREADOR","2012","fim_regular","tce"
"M2012_21032_13_15111_150000010425","PB","21032","VEREADOR","2012","fim_regular","tce"
"M2012_21032_13_45645_150000006096","PB","21032","VEREADOR","2012","fim_regular","tce"
"M2012_21032_13_12123_150000010412","PB","21032","VEREADOR","2012","fim_regular","tce"
"M2012_21032_13_14700_150000010419","PB","21032","VEREADOR","2012","outro","tce"
"M2012_21032_13_14789_150000010420","PB","21032","VEREADOR","2012","fim_regular","tce"
"M2012_21032_13_15456_150000010410","PB","21032","VEREADOR","2012","fim_regular","tce"
"M2012_21032_13_40789_150000006088","PB","21032","VEREADOR","2012","fim_regular","tce"
"M2012_21032_13_15789_150000010414","PB","21032","VEREADOR","2012","fim_regular","tce"
"M2016_21032_13_14800_150000000887","PB","21032","VEREADOR","2016","fim_regular","tce"
"M2016_21032_13_55123_150000002032","PB","21032","VEREADOR","2016","fim_regular","tce"
"M2016_21032_13_40123_150000002027","PB","21032","VEREADOR","2016","fim_regular","tce"
"M2016_21032_13_15456_150000000883","PB","21032","VEREADOR","2016","fim_regular","tce"
"M2016_21032_13_40789_150000002041","PB","21032","VEREADOR","2016","outro","tce"
"M2016_21032_13_40000_150000002040","PB","21032","VEREADOR","2016","fim_regular","tce"
"M2016_21032_13_40147_150000002028","PB","21032","VEREADOR","2016","fim_regular","tce"
"M2016_21032_13_40456_150000002038","PB","21032","VEREADOR","2016","fim_regular","tce"
"M2016_21032_13_15789_150000000888","PB","21032","VEREADOR","2016","fim_regular","tce"
"M2020_21032_13_15800_150000695487","PB","21032","VEREADOR","2020","fim_regular","tce"
"M2020_21032_13_40789_150000742318","PB","21032","VEREADOR","2020","fim_regular","tce"
"M2020_21032_13_40147_150000742322","PB","21032","VEREADOR","2020","fim_regular","tce"
"M2020_21032_13_40456_150000742321","PB","21032","VEREADOR","2020","outro","tce"
"M2020_21032_13_15111_150000695492","PB","21032","VEREADOR","2020","fim_regular","tce"
"M2020_21032_13_25111_150000687077","PB","21032","VEREADOR","2020","outro","tce"
"M2020_21032_13_25888_150000687074","PB","21032","VEREADOR","2020","fim_regular","tce"
"M2020_21032_13_40111_150000742317","PB","21032","VEREADOR","2020","fim_regular","tce"
"M2020_21032_13_15789_150000695483","PB","21032","VEREADOR","2020","fim_regular","tce"
"M2012_21059_13_14000_150000001871","PB","21059","VEREADOR","2012","fim_regular","tce"
"M2012_21059_13_45555_150000002532","PB","21059","VEREADOR","2012","fim_regular","tce"
"M2012_21059_13_45678_150000002533","PB","21059","VEREADOR","2012","fim_regular","tce"
"M2012_21059_13_25789_150000001868","PB","21059","VEREADOR","2012","fim_regular","tce"
"M2012_21059_13_11111_150000002534","PB","21059","VEREADOR","2012","fim_regular","tce"
"M2012_21059_13_15000_150000002539","PB","21059","VEREADOR","2012","outro","tce"
"M2012_21059_13_40123_150000001870","PB","21059","VEREADOR","2012","fim_regular","tce"
"M2012_21059_13_45111_150000002531","PB","21059","VEREADOR","2012","fim_regular","tce"
"M2012_21059_13_45444_150000002535","PB","21059","VEREADOR","2012","fim_regular","tce"
"M2016_21059_13_14444_150000001778","PB","21059","VEREADOR","2016","fim_regular","tce"
"M2016_21059_13_40123_150000008461","PB","21059","VEREADOR","2016","fim_regular","tce"
"M2016_21059_13_45111_150000001782","PB","21059","VEREADOR","2016","fim_regular","tce"
"M2016_21059_13_11111_150000001788","PB","21059","VEREADOR","2016","fim_regular","tce"
"M2016_21059_13_15555_150000008463","PB","21059","VEREADOR","2016","fim_regular","tce"
"M2016_21059_13_25888_150000008464","PB","21059","VEREADOR","2016","fim_regular","tce"
"M2016_21059_13_40789_150000008466","PB","21059","VEREADOR","2016","fim_regular","tce"
"M2016_21059_13_45555_150000001780","PB","21059","VEREADOR","2016","fim_regular","tce"
"M2020_21059_13_23122_150000729135","PB","21059","VEREADOR","2020","fim_regular","tce"
"M2020_21059_13_23444_150000729133","PB","21059","VEREADOR","2020","fim_regular","tce"
"M2020_21059_13_25000_150001034587","PB","21059","VEREADOR","2020","fim_regular","tce"
"M2020_21059_13_25555_150001034581","PB","21059","VEREADOR","2020","fim_regular","tce"
"M2020_21059_13_23788_150000729140","PB","21059","VEREADOR","2020","fim_regular","tce"
"M2020_21059_13_23690_150000729131","PB","21059","VEREADOR","2020","fim_regular","tce"
"M2020_21059_13_25222_150001034579","PB","21059","VEREADOR","2020","fim_regular","tce"
"M2020_21059_13_25444_150001034588","PB","21059","VEREADOR","2020","fim_regular","tce"
"M2012_21091_13_15111_150000007375","PB","21091","VEREADOR","2012","fim_regular","tce"
"M2012_21091_13_55555_150000007369","PB","21091","VEREADOR","2012","fim_regular","tce"
"M2012_21091_13_55666_150000007376","PB","21091","VEREADOR","2012","fim_regular","tce"
"M2012_21091_13_55000_150000007378","PB","21091","VEREADOR","2012","fim_regular","tce"
"M2012_21091_13_40555_150000002130","PB","21091","VEREADOR","2012","fim_regular","tce"
"M2012_21091_13_45678_150000002134","PB","21091","VEREADOR","2012","fim_regular","tce"
"M2012_21091_13_45555_150000002131","PB","21091","VEREADOR","2012","outro","tce"
"M2012_21091_13_45612_150000002132","PB","21091","VEREADOR","2012","fim_regular","tce"
"M2016_21091_13_15000_150000007764","PB","21091","VEREADOR","2016","outro","tce"
"M2016_21091_13_40555_150000002468","PB","21091","VEREADOR","2016","fim_regular","tce"
"M2016_21091_13_15123_150000007770","PB","21091","VEREADOR","2016","fim_regular","tce"
"M2016_21091_13_15333_150000007775","PB","21091","VEREADOR","2016","fim_regular","tce"
"M2016_21091_13_15444_150000007767","PB","21091","VEREADOR","2016","fim_regular","tce"
"M2016_21091_13_15555_150000007772","PB","21091","VEREADOR","2016","outro","tce"
"M2016_21091_13_40000_150000002473","PB","21091","VEREADOR","2016","fim_regular","tce"
"M2016_21091_13_40444_150000002467","PB","21091","VEREADOR","2016","fim_regular","tce"
"M2016_21091_13_40612_150000002472","PB","21091","VEREADOR","2016","fim_regular","tce"
"M2020_21091_13_10789_150000831103","PB","21091","VEREADOR","2020","fim_regular","tce"
"M2020_21091_13_23555_150000834701","PB","21091","VEREADOR","2020","fim_regular","tce"
"M2020_21091_13_10123_150000831101","PB","21091","VEREADOR","2020","fim_regular","tce"
"M2020_21091_13_10000_150000831098","PB","21091","VEREADOR","2020","fim_regular","tce"
"M2020_21091_13_23333_150000834703","PB","21091","VEREADOR","2020","fim_regular","tce"
"M2020_21091_13_10111_150000831104","PB","21091","VEREADOR","2020","fim_regular","tce"
"M2020_21091_13_23612_150000834709","PB","21091","VEREADOR","2020","outro","tce"
"M2012_21113_13_15600_150000012022","PB","21113","VEREADOR","2012","fim_regular","tce"
"M2012_21113_13_15123_150000012035","PB","21113","VEREADOR","2012","fim_regular","tce"
"M2012_21113_13_15555_150000012032","PB","21113","VEREADOR","2012","outro","tce"
"M2012_21113_13_15800_150000012025","PB","21113","VEREADOR","2012","fim_regular","tce"
"M2012_21113_13_55111_150000001592","PB","21113","VEREADOR","2012","fim_regular","tce"
"M2016_21113_13_40600_150000007055","PB","21113","VEREADOR","2016","fim_regular","tce"
"M2016_21113_13_40040_150000007059","PB","21113","VEREADOR","2016","fim_regular","tce"
"M2016_21113_13_55111_150000005191","PB","21113","VEREADOR","2016","fim_regular","tce"
"M2012_21130_13_55666_150000000078","PB","21130","VEREADOR","2012","fim_regular","tce"
"M2012_21130_13_55555_150000000082","PB","21130","VEREADOR","2012","fim_regular","tce"
"M2012_21130_13_25800_150000001913","PB","21130","VEREADOR","2012","fim_regular","tce"
"M2012_21130_13_15456_150000008032","PB","21130","VEREADOR","2012","fim_regular","tce"
"M2012_21130_13_15147_150000008026","PB","21130","VEREADOR","2012","fim_regular","tce"
"M2012_21130_13_22222_150000008024","PB","21130","VEREADOR","2012","fim_regular","tce"
"M2012_21130_13_40000_150000001912","PB","21130","VEREADOR","2012","fim_regular","tce"
"M2016_21130_13_55789_150000006053","PB","21130","VEREADOR","2016","fim_regular","tce"
"M2016_21130_13_55555_150000006054","PB","21130","VEREADOR","2016","fim_regular","tce"
"M2016_21130_13_45611_150000006052","PB","21130","VEREADOR","2016","fim_regular","tce"
"M2016_21130_13_40000_150000011170","PB","21130","VEREADOR","2016","fim_regular","tce"
"M2016_21130_13_33456_150000006060","PB","21130","VEREADOR","2016","fim_regular","tce"
"M2016_21130_13_40444_150000011171","PB","21130","VEREADOR","2016","fim_regular","tce"
"M2016_21130_13_45555_150000006051","PB","21130","VEREADOR","2016","fim_regular","tce"
"M2016_21130_13_45666_150000006056","PB","21130","VEREADOR","2016","fim_regular","tce"
"M2016_21130_13_55123_150000006058","PB","21130","VEREADOR","2016","fim_regular","tce"
"M2020_21130_13_25789_150000986402","PB","21130","VEREADOR","2020","fim_regular","tce"
"M2020_21130_13_25555_150000986403","PB","21130","VEREADOR","2020","fim_regular","tce"
"M2020_21130_13_25666_150000986401","PB","21130","VEREADOR","2020","fim_regular","tce"
"M2020_21130_13_25444_150000986398","PB","21130","VEREADOR","2020","fim_regular","tce"
"M2020_21130_13_25800_150000986400","PB","21130","VEREADOR","2020","fim_regular","tce"
"M2020_21130_13_25123_150000986395","PB","21130","VEREADOR","2020","fim_regular","tce"
"M2020_21130_13_25333_150000986399","PB","21130","VEREADOR","2020","fim_regular","tce"
"M2020_21130_13_25888_150000986396","PB","21130","VEREADOR","2020","fim_regular","tce"
"M2020_21130_13_25678_150000986397","PB","21130","VEREADOR","2020","fim_regular","tce"
"M2012_21156_13_15555_150000000300","PB","21156","VEREADOR","2012","fim_regular","tce"
"M2012_21156_13_25670_150000001618","PB","21156","VEREADOR","2012","fim_regular","tce"
"M2012_21156_13_45601_150000001627","PB","21156","VEREADOR","2012","fim_regular","tce"
"M2012_21156_13_15602_150000000298","PB","21156","VEREADOR","2012","fim_regular","tce"
"M2012_21156_13_15789_150000000302","PB","21156","VEREADOR","2012","fim_regular","tce"
"M2012_21156_13_45444_150000001621","PB","21156","VEREADOR","2012","fim_regular","tce"
"M2012_21156_13_15678_150000000299","PB","21156","VEREADOR","2012","fim_regular","tce"
"M2016_21156_13_45123_150000001563","PB","21156","VEREADOR","2016","fim_regular","tce"
"M2016_21156_13_25123_150000003241","PB","21156","VEREADOR","2016","fim_regular","tce"
"M2016_21156_13_45601_150000001562","PB","21156","VEREADOR","2016","fim_regular","tce"
"M2016_21156_13_15602_150000003244","PB","21156","VEREADOR","2016","fim_regular","tce"
"M2016_21156_13_15333_150000003247","PB","21156","VEREADOR","2016","outro","tce"
"M2016_21156_13_45555_150000001561","PB","21156","VEREADOR","2016","fim_regular","tce"
"M2016_21156_13_45789_150000001564","PB","21156","VEREADOR","2016","fim_regular","tce"
"M2016_21156_13_13456_150000003250","PB","21156","VEREADOR","2016","fim_regular","tce"
"M2016_21156_13_15678_150000003249","PB","21156","VEREADOR","2016","fim_regular","tce"
"M2020_21156_13_25123_150000858107","PB","21156","VEREADOR","2020","fim_regular","tce"
"M2020_21156_13_45601_150000647573","PB","21156","VEREADOR","2020","fim_regular","tce"
"M2020_21156_13_19123_150000942193","PB","21156","VEREADOR","2020","outro","tce"
"M2020_21156_13_70888_150000858975","PB","21156","VEREADOR","2020","fim_regular","tce"
"M2020_21156_13_45555_150000647577","PB","21156","VEREADOR","2020","fim_regular","tce"
"M2020_21156_13_45789_150000647574","PB","21156","VEREADOR","2020","fim_regular","tce"
"M2020_21156_13_25000_150000858109","PB","21156","VEREADOR","2020","fim_regular","tce"
"M2020_21156_13_45444_150000647575","PB","21156","VEREADOR","2020","fim_regular","tce"
"M2020_21156_13_70123_150000858976","PB","21156","VEREADOR","2020","fim_regular","tce"
"M2012_21172_13_10123_150000010895","PB","21172","VEREADOR","2012","fim_regular","tce"
"M2012_21172_13_15000_150000010902","PB","21172","VEREADOR","2012","fim_regular","tce"
"M2012_21172_13_55789_150000006329","PB","21172","VEREADOR","2012","fim_regular","tce"
"M2012_21172_13_25678_150000006334","PB","21172","VEREADOR","2012","fim_regular","tce"
"M2012_21172_13_13789_150000009234","PB","21172","VEREADOR","2012","fim_regular","tce"
"M2012_21172_13_15678_150000010897","PB","21172","VEREADOR","2012","fim_regular","tce"
"M2012_21172_13_22222_150000012690","PB","21172","VEREADOR","2012","fim_regular","tce"
"M2012_21172_13_28123_150000006335","PB","21172","VEREADOR","2012","fim_regular","tce"
"M2012_21172_13_40123_150000008330","PB","21172","VEREADOR","2012","fim_regular","tce"
"M2012_21172_13_43123_150000001394","PB","21172","VEREADOR","2012","fim_regular","tce"
"M2012_21172_13_43333_150000001384","PB","21172","VEREADOR","2012","fim_regular","tce"
"M2012_21172_13_65111_150000012704","PB","21172","VEREADOR","2012","fim_regular","tce"
"M2016_21172_13_10123_150000006158","PB","21172","VEREADOR","2016","fim_regular","tce"
"M2016_21172_13_15789_150000007926","PB","21172","VEREADOR","2016","outro","tce"
"M2016_21172_13_19000_150000003562","PB","21172","VEREADOR","2016","fim_regular","tce"
"M2016_21172_13_15111_150000007934","PB","21172","VEREADOR","2016","fim_regular","tce"
"M2016_21172_13_10000_150000006159","PB","21172","VEREADOR","2016","outro","tce"
"M2016_21172_13_40123_150000007937","PB","21172","VEREADOR","2016","fim_regular","tce"
"M2016_21172_13_45333_150000006161","PB","21172","VEREADOR","2016","fim_regular","tce"
"M2016_21172_13_65111_150000007942","PB","21172","VEREADOR","2016","fim_regular","tce"
"M2016_21172_13_15000_150000007936","PB","21172","VEREADOR","2016","outro","tce"
"M2016_21172_13_15611_150000007932","PB","21172","VEREADOR","2016","fim_regular","tce"
"M2016_21172_13_19190_150000003558","PB","21172","VEREADOR","2016","fim_regular","tce"
"M2016_21172_13_19789_150000003576","PB","21172","VEREADOR","2016","fim_regular","tce"
"M2016_21172_13_25623_150000005857","PB","21172","VEREADOR","2016","fim_regular","tce"
"M2016_21172_13_28456_150000010122","PB","21172","VEREADOR","2016","fim_regular","tce"
"M2016_21172_13_43100_150000010104","PB","21172","VEREADOR","2016","fim_regular","tce"
"M2016_21172_13_43999_150000010108","PB","21172","VEREADOR","2016","fim_regular","tce"
"M2020_21172_13_10123_150000954694","PB","21172","VEREADOR","2020","fim_regular","tce"
"M2020_21172_13_10111_150000954684","PB","21172","VEREADOR","2020","fim_regular","tce"
"M2020_21172_13_17623_150000682646","PB","21172","VEREADOR","2020","fim_regular","tce"
"M2020_21172_13_10221_150000954693","PB","21172","VEREADOR","2020","fim_regular","tce"
"M2020_21172_13_13111_150001098149","PB","21172","VEREADOR","2020","fim_regular","tce"
"M2020_21172_13_22123_150000682575","PB","21172","VEREADOR","2020","fim_regular","tce"
"M2020_21172_13_27111_150000656685","PB","21172","VEREADOR","2020","fim_regular","tce"
"M2020_21172_13_51111_150000650189","PB","21172","VEREADOR","2020","fim_regular","tce"
"M2020_21172_13_70555_150000955206","PB","21172","VEREADOR","2020","fim_regular","tce"
"M2020_21172_13_77134_150000652395","PB","21172","VEREADOR","2020","fim_regular","tce"
"M2020_21172_13_77888_150000652400","PB","21172","VEREADOR","2020","fim_regular","tce"
"M2020_21172_13_77987_150000652407","PB","21172","VEREADOR","2020","fim_regular","tce"
"M2012_21199_13_22222_150000002747","PB","21199","VEREADOR","2012","outro","tce"
"M2012_21199_13_25555_150000002017","PB","21199","VEREADOR","2012","fim_regular","tce"
"M2012_21199_13_14714_150000002026","PB","21199","VEREADOR","2012","fim_regular","tce"
"M2012_21199_13_45123_150000002750","PB","21199","VEREADOR","2012","fim_regular","tce"
"M2012_21199_13_22789_150000002745","PB","21199","VEREADOR","2012","fim_regular","tce"
"M2012_21199_13_14000_150000002018","PB","21199","VEREADOR","2012","fim_regular","tce"
"M2012_21199_13_14111_150000002021","PB","21199","VEREADOR","2012","fim_regular","tce"
"M2012_21199_13_14777_150000002028","PB","21199","VEREADOR","2012","fim_regular","tce"
"M2012_21199_13_22603_150000002743","PB","21199","VEREADOR","2012","fim_regular","tce"
"M2016_21199_13_25555_150000001530","PB","21199","VEREADOR","2016","fim_regular","tce"
"M2016_21199_13_70111_150000007073","PB","21199","VEREADOR","2016","fim_regular","tce"
"M2016_21199_13_70123_150000007072","PB","21199","VEREADOR","2016","fim_regular","tce"
"M2016_21199_13_22789_150000001534","PB","21199","VEREADOR","2016","fim_regular","tce"
"M2016_21199_13_14777_150000001533","PB","21199","VEREADOR","2016","fim_regular","tce"
"M2016_21199_13_14444_150000001531","PB","21199","VEREADOR","2016","fim_regular","tce"
"M2016_21199_13_14714_150000001528","PB","21199","VEREADOR","2016","fim_regular","tce"
"M2016_21199_13_70333_150000007079","PB","21199","VEREADOR","2016","fim_regular","tce"
"M2016_21199_13_70603_150000007076","PB","21199","VEREADOR","2016","fim_regular","tce"
"M2020_21199_13_22111_150000816678","PB","21199","VEREADOR","2020","fim_regular","tce"
"M2020_21199_13_22123_150000816686","PB","21199","VEREADOR","2020","outro","tce"
"M2020_21199_13_22789_150000816681","PB","21199","VEREADOR","2020","fim_regular","tce"
"M2020_21199_13_22333_150000816679","PB","21199","VEREADOR","2020","fim_regular","tce"
"M2020_21199_13_22000_150000816684","PB","21199","VEREADOR","2020","fim_regular","tce"
"M2020_21199_13_22222_150000816680","PB","21199","VEREADOR","2020","fim_regular","tce"
"M2020_21199_13_25000_150000816648","PB","21199","VEREADOR","2020","fim_regular","tce"
"M2020_21199_13_25114_150000816646","PB","21199","VEREADOR","2020","fim_regular","tce"
"M2020_21199_13_22603_150000816683","PB","21199","VEREADOR","2020","fim_regular","tce"
"M2012_21210_13_45666_150000008179","PB","21210","VEREADOR","2012","fim_regular","tce"
"M2012_21210_13_65555_150000008183","PB","21210","VEREADOR","2012","outro","tce"
"M2012_21210_13_55555_150000003536","PB","21210","VEREADOR","2012","fim_regular","tce"
"M2012_21210_13_14780_150000003542","PB","21210","VEREADOR","2012","fim_regular","tce"
"M2012_21210_13_40000_150000003533","PB","21210","VEREADOR","2012","fim_regular","tce"
"M2012_21210_13_40444_150000003534","PB","21210","VEREADOR","2012","fim_regular","tce"
"M2012_21210_13_14444_150000003537","PB","21210","VEREADOR","2012","fim_regular","tce"
"M2016_21210_13_15555_150000001509","PB","21210","VEREADOR","2016","fim_regular","tce"
"M2016_21210_13_22123_150000001514","PB","21210","VEREADOR","2016","fim_regular","tce"
"M2016_21210_13_22456_150000001507","PB","21210","VEREADOR","2016","outro","tce"
"M2016_21210_13_31780_150000001506","PB","21210","VEREADOR","2016","outro","tce"
"M2016_21210_13_45555_150000004372","PB","21210","VEREADOR","2016","fim_regular","tce"
"M2016_21210_13_90777_150000001508","PB","21210","VEREADOR","2016","fim_regular","tce"
"M2016_21210_13_22222_150000001505","PB","21210","VEREADOR","2016","fim_regular","tce"
"M2016_21210_13_90999_150000001518","PB","21210","VEREADOR","2016","fim_regular","tce"
"M2020_21210_13_22555_150000728195","PB","21210","VEREADOR","2020","fim_regular","tce"
"M2020_21210_13_22123_150000728189","PB","21210","VEREADOR","2020","fim_regular","tce"
"M2020_21210_13_22580_150000728192","PB","21210","VEREADOR","2020","fim_regular","tce"
"M2020_21210_13_12333_150000759061","PB","21210","VEREADOR","2020","fim_regular","tce"
"M2020_21210_13_12222_150000759060","PB","21210","VEREADOR","2020","fim_regular","tce"
"M2020_21210_13_22321_150000728191","PB","21210","VEREADOR","2020","fim_regular","tce"
"M2020_21210_13_22777_150000728198","PB","21210","VEREADOR","2020","fim_regular","tce"
"M2020_21210_13_22222_150000728194","PB","21210","VEREADOR","2020","outro","tce"
"M2012_21237_13_23456_150000002115","PB","21237","VEREADOR","2012","fim_regular","tce"
"M2012_21237_13_45611_150000003887","PB","21237","VEREADOR","2012","fim_regular","tce"
"M2012_21237_13_55123_150000003890","PB","21237","VEREADOR","2012","fim_regular","tce"
"M2012_21237_13_22222_150000002126","PB","21237","VEREADOR","2012","fim_regular","tce"
"M2012_21237_13_40000_150000002112","PB","21237","VEREADOR","2012","outro","tce"
"M2012_21237_13_14123_150000003892","PB","21237","VEREADOR","2012","fim_regular","tce"
"M2012_21237_13_40123_150000002116","PB","21237","VEREADOR","2012","outro","tce"
"M2012_21237_13_40456_150000002110","PB","21237","VEREADOR","2012","fim_regular","tce"
"M2012_21237_13_40444_150000002119","PB","21237","VEREADOR","2012","fim_regular","tce"
"M2016_21237_13_25555_150000008827","PB","21237","VEREADOR","2016","fim_regular","tce"
"M2016_21237_13_45611_150000006062","PB","21237","VEREADOR","2016","fim_regular","tce"
"M2016_21237_13_13456_150000006071","PB","21237","VEREADOR","2016","fim_regular","tce"
"M2016_21237_13_40222_150000008828","PB","21237","VEREADOR","2016","outro","tce"
"M2016_21237_13_45123_150000006070","PB","21237","VEREADOR","2016","fim_regular","tce"
"M2016_21237_13_55123_150000006063","PB","21237","VEREADOR","2016","fim_regular","tce"
"M2016_21237_13_22222_150000008825","PB","21237","VEREADOR","2016","fim_regular","tce"
"M2016_21237_13_40456_150000008831","PB","21237","VEREADOR","2016","fim_regular","tce"
"M2016_21237_13_40444_150000008830","PB","21237","VEREADOR","2016","fim_regular","tce"
"M2020_21237_13_23333_150000835981","PB","21237","VEREADOR","2020","outro","tce"
"M2020_21237_13_23222_150000835977","PB","21237","VEREADOR","2020","fim_regular","tce"
"M2020_21237_13_11111_150000688533","PB","21237","VEREADOR","2020","fim_regular","tce"
"M2020_21237_13_11000_150000688541","PB","21237","VEREADOR","2020","fim_regular","tce"
"M2020_21237_13_11611_150000688532","PB","21237","VEREADOR","2020","fim_regular","tce"
"M2020_21237_13_15000_150000797873","PB","21237","VEREADOR","2020","fim_regular","tce"
"M2020_21237_13_23000_150000835980","PB","21237","VEREADOR","2020","fim_regular","tce"
"M2020_21237_13_23456_150000835983","PB","21237","VEREADOR","2020","fim_regular","tce"
"M2020_21237_13_11456_150000688538","PB","21237","VEREADOR","2020","fim_regular","tce"
"M2012_21270_13_28888_150000011625","PB","21270","VEREADOR","2012","outro","tce"
"M2016_21270_13_25555_150000009360","PB","21270","VEREADOR","2016","fim_regular","tce"
"M2016_21270_13_33333_150000009349","PB","21270","VEREADOR","2016","fim_regular","tce"
"M2016_21270_13_70000_150000009359","PB","21270","VEREADOR","2016","fim_regular","tce"
"M2016_21270_13_19999_150000001468","PB","21270","VEREADOR","2016","fim_regular","tce"
"M2016_21270_13_55222_150000001471","PB","21270","VEREADOR","2016","outro","tce"
"M2016_21270_13_25111_150000009347","PB","21270","VEREADOR","2016","fim_regular","tce"
"M2016_21270_13_25123_150000009344","PB","21270","VEREADOR","2016","fim_regular","tce"
"M2016_21270_13_54444_150000001479","PB","21270","VEREADOR","2016","fim_regular","tce"
"M2016_21270_13_90000_150000001470","PB","21270","VEREADOR","2016","fim_regular","tce"
"M2020_21270_13_23123_150000923338","PB","21270","VEREADOR","2020","fim_regular","tce"
"M2020_21270_13_11000_150000969371","PB","21270","VEREADOR","2020","outro","tce"
"M2020_21270_13_11222_150000969377","PB","21270","VEREADOR","2020","fim_regular","tce"
"M2020_21270_13_11555_150000969374","PB","21270","VEREADOR","2020","fim_regular","tce"
"M2020_21270_13_11444_150000969385","PB","21270","VEREADOR","2020","fim_regular","tce"
"M2020_21270_13_11711_150000969380","PB","21270","VEREADOR","2020","outro","tce"
"M2020_21270_13_11777_150000969379","PB","21270","VEREADOR","2020","fim_regular","tce"
"M2020_21270_13_11888_150000969383","PB","21270","VEREADOR","2020","fim_regular","tce"
"M2020_21270_13_11999_150000969376","PB","21270","VEREADOR","2020","fim_regular","tce"
"M2020_21270_13_23023_150000923345","PB","21270","VEREADOR","2020","fim_regular","tce"
"M2020_21270_13_23000_150000923342","PB","21270","VEREADOR","2020","outro","tce"
"M2012_21296_13_55333_150000007561","PB","21296","VEREADOR","2012","outro","tce"
"M2012_21296_13_25111_150000007558","PB","21296","VEREADOR","2012","fim_regular","tce"
"M2012_21296_13_12345_150000005150","PB","21296","VEREADOR","2012","fim_regular","tce"
"M2012_21296_13_70123_150000007546","PB","21296","VEREADOR","2012","fim_regular","tce"
"M2012_21296_13_14123_150000007554","PB","21296","VEREADOR","2012","fim_regular","tce"
"M2012_21296_13_22222_150000005144","PB","21296","VEREADOR","2012","fim_regular","tce"
"M2012_21296_13_23333_150000014927","PB","21296","VEREADOR","2012","fim_regular","tce"
"M2012_21296_13_23456_150000007556","PB","21296","VEREADOR","2012","fim_regular","tce"
"M2012_21296_13_40444_150000007560","PB","21296","VEREADOR","2012","fim_regular","tce"
"M2012_21296_13_55555_150000007547","PB","21296","VEREADOR","2012","fim_regular","tce"
"M2012_21296_13_13131_150000005148","PB","21296","VEREADOR","2012","fim_regular","tce"
"M2016_21296_13_55333_150000007192","PB","21296","VEREADOR","2016","fim_regular","tce"
"M2016_21296_13_22111_150000002010","PB","21296","VEREADOR","2016","fim_regular","tce"
"M2016_21296_13_70123_150000007177","PB","21296","VEREADOR","2016","fim_regular","tce"
"M2016_21296_13_14123_150000007188","PB","21296","VEREADOR","2016","outro","tce"
"M2016_21296_13_55555_150000007194","PB","21296","VEREADOR","2016","fim_regular","tce"
"M2016_21296_13_13123_150000001990","PB","21296","VEREADOR","2016","fim_regular","tce"
"M2016_21296_13_13131_150000001994","PB","21296","VEREADOR","2016","fim_regular","tce"
"M2016_21296_13_15111_150000001996","PB","21296","VEREADOR","2016","fim_regular","tce"
"M2016_21296_13_25555_150000007174","PB","21296","VEREADOR","2016","fim_regular","tce"
"M2016_21296_13_40456_150000007180","PB","21296","VEREADOR","2016","fim_regular","tce"
"M2016_21296_13_90321_150000002004","PB","21296","VEREADOR","2016","fim_regular","tce"
"M2012_21318_13_11110_150000011489","PB","21318","VEREADOR","2012","fim_regular","tce"
"M2012_21318_13_45555_150000011492","PB","21318","VEREADOR","2012","fim_regular","tce"
"M2012_21318_13_25222_150000007742","PB","21318","VEREADOR","2012","fim_regular","tce"
"M2012_21318_13_11333_150000011493","PB","21318","VEREADOR","2012","fim_regular","tce"
"M2012_21318_13_13333_150000011496","PB","21318","VEREADOR","2012","fim_regular","tce"
"M2012_21318_13_23222_150000008068","PB","21318","VEREADOR","2012","fim_regular","tce"
"M2012_21318_13_40000_150000010793","PB","21318","VEREADOR","2012","fim_regular","tce"
"M2012_21318_13_14444_150000011494","PB","21318","VEREADOR","2012","fim_regular","tce"
"M2016_21318_13_25611_150000012162","PB","21318","VEREADOR","2016","fim_regular","tce"
"M2016_21318_13_11110_150000010693","PB","21318","VEREADOR","2016","fim_regular","tce"
"M2016_21318_13_11333_150000010692","PB","21318","VEREADOR","2016","fim_regular","tce"
"M2016_21318_13_11777_150000010699","PB","21318","VEREADOR","2016","fim_regular","tce"
"M2016_21318_13_12000_150000012166","PB","21318","VEREADOR","2016","fim_regular","tce"
"M2016_21318_13_14444_150000011481","PB","21318","VEREADOR","2016","fim_regular","tce"
"M2016_21318_13_40333_150000012270","PB","21318","VEREADOR","2016","fim_regular","tce"
"M2016_21318_13_40555_150000012273","PB","21318","VEREADOR","2016","fim_regular","tce"
"M2020_21318_13_23611_150000893053","PB","21318","VEREADOR","2020","fim_regular","tce"
"M2020_21318_13_11110_150000698209","PB","21318","VEREADOR","2020","fim_regular","tce"
"M2020_21318_13_25000_150001095126","PB","21318","VEREADOR","2020","fim_regular","tce"
"M2020_21318_13_23000_150000893054","PB","21318","VEREADOR","2020","fim_regular","tce"
"M2020_21318_13_23111_150000893052","PB","21318","VEREADOR","2020","fim_regular","tce"
"M2020_21318_13_12345_150001094494","PB","21318","VEREADOR","2020","fim_regular","tce"
"M2020_21318_13_25456_150001095118","PB","21318","VEREADOR","2020","fim_regular","tce"
"M2012_21334_13_55555_150000010385","PB","21334","VEREADOR","2012","fim_regular","tce"
"M2012_21334_13_11111_150000011261","PB","21334","VEREADOR","2012","fim_regular","tce"
"M2012_21334_13_20000_150000011270","PB","21334","VEREADOR","2012","fim_regular","tce"
"M2012_21334_13_20147_150000011260","PB","21334","VEREADOR","2012","fim_regular","tce"
"M2012_21334_13_40123_150000010370","PB","21334","VEREADOR","2012","fim_regular","tce"
"M2012_21334_13_45555_150000010384","PB","21334","VEREADOR","2012","fim_regular","tce"
"M2012_21334_13_55222_150000010386","PB","21334","VEREADOR","2012","fim_regular","tce"
"M2012_21334_13_55345_150000010375","PB","21334","VEREADOR","2012","fim_regular","tce"
"M2016_21334_13_55555_150000011723","PB","21334","VEREADOR","2016","fim_regular","tce"
"M2016_21334_13_44123_150000011896","PB","21334","VEREADOR","2016","fim_regular","tce"
"M2016_21334_13_27123_150000011897","PB","21334","VEREADOR","2016","fim_regular","tce"
"M2016_21334_13_44567_150000011891","PB","21334","VEREADOR","2016","fim_regular","tce"
"M2016_21334_13_14222_150000011727","PB","21334","VEREADOR","2016","fim_regular","tce"
"M2016_21334_13_40456_150000011728","PB","21334","VEREADOR","2016","fim_regular","tce"
"M2016_21334_13_43123_150000011902","PB","21334","VEREADOR","2016","fim_regular","tce"
"M2016_21334_13_55000_150000011721","PB","21334","VEREADOR","2016","fim_regular","tce"
"M2020_21334_13_90123_150001029908","PB","21334","VEREADOR","2020","fim_regular","tce"
"M2020_21334_13_90789_150001029903","PB","21334","VEREADOR","2020","fim_regular","tce"
"M2020_21334_13_90222_150001029912","PB","21334","VEREADOR","2020","fim_regular","tce"
"M2020_21334_13_11345_150001179487","PB","21334","VEREADOR","2020","fim_regular","tce"
"M2020_21334_13_11222_150001179491","PB","21334","VEREADOR","2020","outro","tce"
"M2020_21334_13_11456_150001179488","PB","21334","VEREADOR","2020","fim_regular","tce"
"M2020_21334_13_11369_150001179482","PB","21334","VEREADOR","2020","fim_regular","tce"
"M2020_21334_13_11789_150001179485","PB","21334","VEREADOR","2020","fim_regular","tce"
"M2020_21334_13_90456_150001029910","PB","21334","VEREADOR","2020","fim_regular","tce"
"M2012_21350_13_25610_150000004836","PB","21350","VEREADOR","2012","fim_regular","tce"
"M2012_21350_13_25615_150000004838","PB","21350","VEREADOR","2012","fim_regular","tce"
"M2012_21350_13_14580_150000000052","PB","21350","VEREADOR","2012","fim_regular","tce"
"M2012_21350_13_25607_150000004835","PB","21350","VEREADOR","2012","outro","tce"
"M2012_21350_13_15123_150000000047","PB","21350","VEREADOR","2012","fim_regular","tce"
"M2012_21350_13_15615_150000000050","PB","21350","VEREADOR","2012","outro","tce"
"M2012_21350_13_15678_150000000048","PB","21350","VEREADOR","2012","fim_regular","tce"
"M2012_21350_13_25123_150000004840","PB","21350","VEREADOR","2012","fim_regular","tce"
"M2012_21350_13_45123_150000004833","PB","21350","VEREADOR","2012","fim_regular","tce"
"M2016_21350_13_15151_150000008229","PB","21350","VEREADOR","2016","fim_regular","tce"
"M2016_21350_13_15655_150000008231","PB","21350","VEREADOR","2016","fim_regular","tce"
"M2016_21350_13_23123_150000007476","PB","21350","VEREADOR","2016","fim_regular","tce"
"M2016_21350_13_23625_150000007471","PB","21350","VEREADOR","2016","fim_regular","tce"
"M2016_21350_13_31000_150000007837","PB","21350","VEREADOR","2016","fim_regular","tce"
"M2016_21350_13_40123_150000003601","PB","21350","VEREADOR","2016","fim_regular","tce"
"M2016_21350_13_45607_150000007842","PB","21350","VEREADOR","2016","fim_regular","tce"
"M2016_21350_13_45678_150000007841","PB","21350","VEREADOR","2016","fim_regular","tce"
"M2020_21350_13_40123_150000969782","PB","21350","VEREADOR","2020","fim_regular","tce"
"M2020_21350_13_45123_150001022824","PB","21350","VEREADOR","2020","fim_regular","tce"
"M2020_21350_13_40607_150000969773","PB","21350","VEREADOR","2020","fim_regular","tce"
"M2020_21350_13_40678_150000969785","PB","21350","VEREADOR","2020","fim_regular","tce"
"M2020_21350_13_15645_150001022659","PB","21350","VEREADOR","2020","fim_regular","tce"
"M2020_21350_13_40456_150000969774","PB","21350","VEREADOR","2020","fim_regular","tce"
"M2020_21350_13_45000_150001022820","PB","21350","VEREADOR","2020","fim_regular","tce"
"M2020_21350_13_45111_150001022827","PB","21350","VEREADOR","2020","fim_regular","tce"
"M2012_21393_13_11222_150000011903","PB","21393","VEREADOR","2012","fim_regular","tce"
"M2012_21393_13_55555_150000012286","PB","21393","VEREADOR","2012","fim_regular","tce"
"M2012_21393_13_23333_150000012287","PB","21393","VEREADOR","2012","fim_regular","tce"
"M2012_21393_13_27000_150000012299","PB","21393","VEREADOR","2012","fim_regular","tce"
"M2012_21393_13_27123_150000012295","PB","21393","VEREADOR","2012","fim_regular","tce"
"M2012_21393_13_45000_150000003777","PB","21393","VEREADOR","2012","fim_regular","tce"
"M2012_21393_13_45777_150000003769","PB","21393","VEREADOR","2012","fim_regular","tce"
"M2012_21393_13_23123_150000012293","PB","21393","VEREADOR","2012","fim_regular","tce"
"M2012_21393_13_43333_150000011737","PB","21393","VEREADOR","2012","fim_regular","tce"
"M2016_21393_13_51888_150000009586","PB","21393","VEREADOR","2016","fim_regular","tce"
"M2016_21393_13_27000_150000009595","PB","21393","VEREADOR","2016","fim_regular","tce"
"M2016_21393_13_45444_150000009827","PB","21393","VEREADOR","2016","fim_regular","tce"
"M2016_21393_13_14000_150000009610","PB","21393","VEREADOR","2016","fim_regular","tce"
"M2016_21393_13_14444_150000009613","PB","21393","VEREADOR","2016","fim_regular","tce"
"M2016_21393_13_14888_150000009617","PB","21393","VEREADOR","2016","fim_regular","tce"
"M2016_21393_13_22111_150000009840","PB","21393","VEREADOR","2016","fim_regular","tce"
"M2016_21393_13_40123_150000008143","PB","21393","VEREADOR","2016","fim_regular","tce"
"M2016_21393_13_70123_150000009831","PB","21393","VEREADOR","2016","fim_regular","tce"
"M2016_21393_13_15111_150000008136","PB","21393","VEREADOR","2016","fim_regular","tce"
"M2020_21393_13_12345_150001238568","PB","21393","VEREADOR","2020","outro","tce"
"M2020_21393_13_19444_150001238510","PB","21393","VEREADOR","2020","fim_regular","tce"
"M2020_21393_13_17777_150001087284","PB","21393","VEREADOR","2020","fim_regular","tce"
"M2020_21393_13_12444_150001238559","PB","21393","VEREADOR","2020","fim_regular","tce"
"M2020_21393_13_19111_150001238508","PB","21393","VEREADOR","2020","fim_regular","tce"
"M2020_21393_13_10000_150001082806","PB","21393","VEREADOR","2020","fim_regular","tce"
"M2020_21393_13_10123_150001082804","PB","21393","VEREADOR","2020","fim_regular","tce"
"M2020_21393_13_12111_150001238553","PB","21393","VEREADOR","2020","fim_regular","tce"
"M2020_21393_13_12123_150001238567","PB","21393","VEREADOR","2020","fim_regular","tce"
"M2020_21393_13_19333_150001238506","PB","21393","VEREADOR","2020","fim_regular","tce"
"M2012_21431_13_13123_150000004594","PB","21431","VEREADOR","2012","outro","tce"
"M2012_21431_13_40444_150000004602","PB","21431","VEREADOR","2012","fim_regular","tce"
"M2012_21431_13_15111_150000005735","PB","21431","VEREADOR","2012","fim_regular","tce"
"M2012_21431_13_15615_150000005730","PB","21431","VEREADOR","2012","fim_regular","tce"
"M2012_21431_13_15666_150000005737","PB","21431","VEREADOR","2012","fim_regular","tce"
"M2012_21431_13_45666_150000008725","PB","21431","VEREADOR","2012","fim_regular","tce"
"M2012_21431_13_45222_150000008719","PB","21431","VEREADOR","2012","fim_regular","tce"
"M2012_21431_13_13111_150000004589","PB","21431","VEREADOR","2012","fim_regular","tce"
"M2012_21431_13_13456_150000004591","PB","21431","VEREADOR","2012","fim_regular","tce"
"M2012_21431_13_13777_150000004596","PB","21431","VEREADOR","2012","fim_regular","tce"
"M2012_21431_13_15000_150000005729","PB","21431","VEREADOR","2012","fim_regular","tce"
"M2012_21431_13_45444_150000008724","PB","21431","VEREADOR","2012","fim_regular","tce"
"M2012_21431_13_15222_150000005739","PB","21431","VEREADOR","2012","fim_regular","tce"
"M2016_21431_13_40456_150000005620","PB","21431","VEREADOR","2016","outro","tce"
"M2016_21431_13_12444_150000005437","PB","21431","VEREADOR","2016","fim_regular","tce"
"M2016_21431_13_15111_150000006737","PB","21431","VEREADOR","2016","fim_regular","tce"
"M2016_21431_13_15615_150000006735","PB","21431","VEREADOR","2016","fim_regular","tce"
"M2016_21431_13_17222_150000005429","PB","21431","VEREADOR","2016","fim_regular","tce"
"M2016_21431_13_13111_150000005435","PB","21431","VEREADOR","2016","fim_regular","tce"
"M2016_21431_13_13777_150000005434","PB","21431","VEREADOR","2016","fim_regular","tce"
"M2016_21431_13_15000_150000006734","PB","21431","VEREADOR","2016","fim_regular","tce"
"M2016_21431_13_12333_150000005441","PB","21431","VEREADOR","2016","fim_regular","tce"
"M2016_21431_13_15555_150000006736","PB","21431","VEREADOR","2016","fim_regular","tce"
"M2016_21431_13_20999_150000006895","PB","21431","VEREADOR","2016","fim_regular","tce"
"M2016_21431_13_23333_150000005430","PB","21431","VEREADOR","2016","fim_regular","tce"
"M2016_21431_13_15222_150000006739","PB","21431","VEREADOR","2016","outro","tce"
"M2020_21431_13_15444_150000979034","PB","21431","VEREADOR","2020","fim_regular","tce"
"M2020_21431_13_15111_150000979029","PB","21431","VEREADOR","2020","fim_regular","tce"
"M2020_21431_13_15666_150000979031","PB","21431","VEREADOR","2020","outro","tce"
"M2020_21431_13_22222_150000880325","PB","21431","VEREADOR","2020","fim_regular","tce"
"M2020_21431_13_22111_150000880320","PB","21431","VEREADOR","2020","fim_regular","tce"
"M2020_21431_13_22777_150000880319","PB","21431","VEREADOR","2020","fim_regular","tce"
"M2020_21431_13_22333_150000880326","PB","21431","VEREADOR","2020","fim_regular","tce"
"M2020_21431_13_15555_150000979035","PB","21431","VEREADOR","2020","fim_regular","tce"
"M2020_21431_13_22000_150000880324","PB","21431","VEREADOR","2020","fim_regular","tce"
"M2020_21431_13_15234_150000979037","PB","21431","VEREADOR","2020","fim_regular","tce"
"M2020_21431_13_15321_150000979041","PB","21431","VEREADOR","2020","fim_regular","tce"
"M2020_21431_13_45666_150000978952","PB","21431","VEREADOR","2020","fim_regular","tce"
"M2020_21431_13_45612_150000978945","PB","21431","VEREADOR","2020","fim_regular","tce"
"M2012_21458_13_44444_150000011704","PB","21458","VEREADOR","2012","fim_regular","tce"
"M2012_21458_13_13333_150000005590","PB","21458","VEREADOR","2012","fim_regular","tce"
"M2012_21458_13_25555_150000005592","PB","21458","VEREADOR","2012","fim_regular","tce"
"M2012_21458_13_55555_150000005600","PB","21458","VEREADOR","2012","fim_regular","tce"
"M2012_21458_13_33333_150000011700","PB","21458","VEREADOR","2012","fim_regular","tce"
"M2012_21458_13_40000_150000005596","PB","21458","VEREADOR","2012","fim_regular","tce"
"M2012_21458_13_45123_150000005594","PB","21458","VEREADOR","2012","outro","tce"
"M2012_21458_13_70111_150000011703","PB","21458","VEREADOR","2012","fim_regular","tce"
"M2016_21458_13_13123_150000007623","PB","21458","VEREADOR","2016","fim_regular","tce"
"M2016_21458_13_45555_150000007788","PB","21458","VEREADOR","2016","fim_regular","tce"
"M2016_21458_13_12333_150000007618","PB","21458","VEREADOR","2016","outro","tce"
"M2016_21458_13_25555_150000007622","PB","21458","VEREADOR","2016","fim_regular","tce"
"M2016_21458_13_33333_150000007782","PB","21458","VEREADOR","2016","fim_regular","tce"
"M2016_21458_13_45123_150000007787","PB","21458","VEREADOR","2016","fim_regular","tce"
"M2016_21458_13_31111_150000007784","PB","21458","VEREADOR","2016","fim_regular","tce"
"M2016_21458_13_40444_150000007626","PB","21458","VEREADOR","2016","fim_regular","tce"
"M2016_21458_13_43333_150000007621","PB","21458","VEREADOR","2016","fim_regular","tce"
"M2020_21458_13_22123_150000668445","PB","21458","VEREADOR","2020","fim_regular","tce"
"M2020_21458_13_25555_150001175713","PB","21458","VEREADOR","2020","fim_regular","tce"
"M2020_21458_13_22111_150000668439","PB","21458","VEREADOR","2020","fim_regular","tce"
"M2020_21458_13_25123_150001175717","PB","21458","VEREADOR","2020","fim_regular","tce"
"M2020_21458_13_25678_150001175721","PB","21458","VEREADOR","2020","fim_regular","tce"
"M2020_21458_13_22147_150000668444","PB","21458","VEREADOR","2020","fim_regular","tce"
"M2020_21458_13_22222_150000668440","PB","21458","VEREADOR","2020","outro","tce"
"M2020_21458_13_22555_150000668446","PB","21458","VEREADOR","2020","outro","tce"
"M2020_21458_13_25000_150001175718","PB","21458","VEREADOR","2020","fim_regular","tce"
"M2012_21474_13_65345_150000011637","PB","21474","VEREADOR","2012","fim_regular","tce"
"M2012_21474_13_65789_150000011640","PB","21474","VEREADOR","2012","fim_regular","tce"
"M2012_21474_13_45605_150000008228","PB","21474","VEREADOR","2012","fim_regular","tce"
"M2012_21474_13_13690_150000008220","PB","21474","VEREADOR","2012","fim_regular","tce"
"M2012_21474_13_15614_150000008222","PB","21474","VEREADOR","2012","fim_regular","tce"
"M2012_21474_13_15678_150000008226","PB","21474","VEREADOR","2012","fim_regular","tce"
"M2012_21474_13_25555_150000011276","PB","21474","VEREADOR","2012","fim_regular","tce"
"M2012_21474_13_45612_150000008234","PB","21474","VEREADOR","2012","fim_regular","tce"
"M2012_21474_13_45655_150000008231","PB","21474","VEREADOR","2012","outro","tce"
"M2012_21474_13_45678_150000008221","PB","21474","VEREADOR","2012","fim_regular","tce"
"M2012_21474_13_65555_150000011644","PB","21474","VEREADOR","2012","fim_regular","tce"
"M2016_21474_13_65789_150000009130","PB","21474","VEREADOR","2016","fim_regular","tce"
"M2016_21474_13_12345_150000009124","PB","21474","VEREADOR","2016","fim_regular","tce"
"M2016_21474_13_40678_150000009126","PB","21474","VEREADOR","2016","fim_regular","tce"
"M2016_21474_13_33333_150000010351","PB","21474","VEREADOR","2016","fim_regular","tce"
"M2016_21474_13_55555_150000010356","PB","21474","VEREADOR","2016","fim_regular","tce"
"M2016_21474_13_15123_150000010362","PB","21474","VEREADOR","2016","fim_regular","tce"
"M2016_21474_13_40123_150000009127","PB","21474","VEREADOR","2016","fim_regular","tce"
"M2016_21474_13_40345_150000009129","PB","21474","VEREADOR","2016","fim_regular","tce"
"M2016_21474_13_40777_150000009138","PB","21474","VEREADOR","2016","fim_regular","tce"
"M2016_21474_13_45111_150000010357","PB","21474","VEREADOR","2016","outro","tce"
"M2016_21474_13_45333_150000010374","PB","21474","VEREADOR","2016","outro","tce"
"M2020_21474_13_23789_150000977449","PB","21474","VEREADOR","2020","fim_regular","tce"
"M2020_21474_13_23455_150000977444","PB","21474","VEREADOR","2020","fim_regular","tce"
"M2020_21474_13_23678_150000977443","PB","21474","VEREADOR","2020","fim_regular","tce"
"M2020_21474_13_45555_150001199047","PB","21474","VEREADOR","2020","fim_regular","tce"
"M2020_21474_13_23123_150000977442","PB","21474","VEREADOR","2020","outro","tce"
"M2020_21474_13_23345_150000977447","PB","21474","VEREADOR","2020","fim_regular","tce"
"M2020_21474_13_23111_150000977448","PB","21474","VEREADOR","2020","fim_regular","tce"
"M2020_21474_13_23000_150000977452","PB","21474","VEREADOR","2020","fim_regular","tce"
"M2020_21474_13_23999_150000977446","PB","21474","VEREADOR","2020","fim_regular","tce"
"M2020_21474_13_25333_150001157277","PB","21474","VEREADOR","2020","fim_regular","tce"
"M2020_21474_13_25555_150001157272","PB","21474","VEREADOR","2020","fim_regular","tce"
"M2012_21490_13_15555_150000012864","PB","21490","VEREADOR","2012","fim_regular","tce"
"M2012_21490_13_55620_150000012870","PB","21490","VEREADOR","2012","fim_regular","tce"
"M2012_21490_13_22333_150000012872","PB","21490","VEREADOR","2012","fim_regular","tce"
"M2012_21490_13_65777_150000012838","PB","21490","VEREADOR","2012","fim_regular","tce"
"M2012_21490_13_22222_150000012867","PB","21490","VEREADOR","2012","fim_regular","tce"
"M2012_21490_13_15222_150000012877","PB","21490","VEREADOR","2012","fim_regular","tce"
"M2012_21490_13_40789_150000012424","PB","21490","VEREADOR","2012","fim_regular","tce"
"M2016_21490_13_55555_150000008477","PB","21490","VEREADOR","2016","fim_regular","tce"
"M2016_21490_13_25620_150000012211","PB","21490","VEREADOR","2016","fim_regular","tce"
"M2016_21490_13_19333_150000008483","PB","21490","VEREADOR","2016","outro","tce"
"M2016_21490_13_17456_150000012200","PB","21490","VEREADOR","2016","fim_regular","tce"
"M2016_21490_13_40222_150000010622","PB","21490","VEREADOR","2016","fim_regular","tce"
"M2016_21490_13_70000_150000010291","PB","21490","VEREADOR","2016","fim_regular","tce"
"M2016_21490_13_45666_150000012212","PB","21490","VEREADOR","2016","fim_regular","tce"
"M2016_21490_13_12789_150000010304","PB","21490","VEREADOR","2016","fim_regular","tce"
"M2020_21490_13_10555_150000828271","PB","21490","VEREADOR","2020","outro","tce"
"M2020_21490_13_10222_150000828276","PB","21490","VEREADOR","2020","fim_regular","tce"
"M2020_21490_13_10444_150000828270","PB","21490","VEREADOR","2020","fim_regular","tce"
"M2020_21490_13_12123_150000828242","PB","21490","VEREADOR","2020","fim_regular","tce"
"M2020_21490_13_12300_150000828236","PB","21490","VEREADOR","2020","fim_regular","tce"
"M2020_21490_13_90789_150000830157","PB","21490","VEREADOR","2020","fim_regular","tce"
"M2020_21490_13_90000_150000830158","PB","21490","VEREADOR","2020","fim_regular","tce"
"M2020_21490_13_10789_150000828278","PB","21490","VEREADOR","2020","fim_regular","tce"
"M2012_21539_13_15151_150000007901","PB","21539","VEREADOR","2012","fim_regular","tce"
"M2012_21539_13_15444_150000007905","PB","21539","VEREADOR","2012","fim_regular","tce"
"M2012_21539_13_15616_150000007907","PB","21539","VEREADOR","2012","fim_regular","tce"
"M2012_21539_13_25345_150000002249","PB","21539","VEREADOR","2012","fim_regular","tce"
"M2012_21539_13_25555_150000002245","PB","21539","VEREADOR","2012","fim_regular","tce"
"M2012_21539_13_15000_150000007908","PB","21539","VEREADOR","2012","fim_regular","tce"
"M2016_21539_13_22222_150000010665","PB","21539","VEREADOR","2016","fim_regular","tce"
"M2016_21539_13_15555_150000003815","PB","21539","VEREADOR","2016","fim_regular","tce"
"M2016_21539_13_15444_150000003809","PB","21539","VEREADOR","2016","fim_regular","tce"
"M2016_21539_13_55555_150000010667","PB","21539","VEREADOR","2016","fim_regular","tce"
"M2016_21539_13_15123_150000003810","PB","21539","VEREADOR","2016","fim_regular","tce"
"M2016_21539_13_15333_150000003808","PB","21539","VEREADOR","2016","fim_regular","tce"
"M2016_21539_13_15000_150000003816","PB","21539","VEREADOR","2016","fim_regular","tce"
"M2012_21571_13_40000_150000012948","PB","21571","VEREADOR","2012","fim_regular","tce"
"M2012_21571_13_25123_150000001170","PB","21571","VEREADOR","2012","fim_regular","tce"
"M2012_21571_13_33333_150000001180","PB","21571","VEREADOR","2012","fim_regular","tce"
"M2012_21571_13_15615_150000012926","PB","21571","VEREADOR","2012","fim_regular","tce"
"M2012_21571_13_11456_150000012937","PB","21571","VEREADOR","2012","fim_regular","tce"
"M2012_21571_13_20000_150000012938","PB","21571","VEREADOR","2012","fim_regular","tce"
"M2012_21571_13_22123_150000012930","PB","21571","VEREADOR","2012","fim_regular","tce"
"M2012_21571_13_43333_150000012928","PB","21571","VEREADOR","2012","fim_regular","tce"
"M2020_21571_13_11111_150000720052","PB","21571","VEREADOR","2020","fim_regular","tce"
"M2020_21571_13_11333_150000720054","PB","21571","VEREADOR","2020","fim_regular","tce"
"M2020_21571_13_11234_150000720053","PB","21571","VEREADOR","2020","fim_regular","tce"
"M2020_21571_13_11222_150000720060","PB","21571","VEREADOR","2020","fim_regular","tce"
"M2020_21571_13_23333_150000728864","PB","21571","VEREADOR","2020","fim_regular","tce"
"M2020_21571_13_23456_150000728862","PB","21571","VEREADOR","2020","fim_regular","tce"
"M2020_21571_13_11555_150000720059","PB","21571","VEREADOR","2020","fim_regular","tce"
"M2020_21571_13_22222_150000827942","PB","21571","VEREADOR","2020","fim_regular","tce"
"M2012_21598_13_14666_150000013432","PB","21598","VEREADOR","2012","fim_regular","tce"
"M2012_21598_13_15456_150000013091","PB","21598","VEREADOR","2012","fim_regular","tce"
"M2012_21598_13_65555_150000013105","PB","21598","VEREADOR","2012","fim_regular","tce"
"M2012_21598_13_15601_150000013089","PB","21598","VEREADOR","2012","fim_regular","tce"
"M2012_21598_13_15611_150000013093","PB","21598","VEREADOR","2012","fim_regular","tce"
"M2012_21598_13_15678_150000013101","PB","21598","VEREADOR","2012","fim_regular","tce"
"M2012_21598_13_15789_150000013094","PB","21598","VEREADOR","2012","fim_regular","tce"
"M2012_21598_13_40000_150000014026","PB","21598","VEREADOR","2012","fim_regular","tce"
"M2012_21598_13_55555_150000013425","PB","21598","VEREADOR","2012","fim_regular","tce"
"M2012_21598_13_55666_150000013440","PB","21598","VEREADOR","2012","fim_regular","tce"
"M2016_21598_13_15456_150000006751","PB","21598","VEREADOR","2016","outro","tce"
"M2016_21598_13_15611_150000006746","PB","21598","VEREADOR","2016","fim_regular","tce"
"M2016_21598_13_45000_150000011860","PB","21598","VEREADOR","2016","fim_regular","tce"
"M2016_21598_13_19999_150000006278","PB","21598","VEREADOR","2016","fim_regular","tce"
"M2016_21598_13_15789_150000006752","PB","21598","VEREADOR","2016","fim_regular","tce"
"M2016_21598_13_45123_150000011861","PB","21598","VEREADOR","2016","fim_regular","tce"
"M2016_21598_13_12222_150000006272","PB","21598","VEREADOR","2016","fim_regular","tce"
"M2016_21598_13_22123_150000006747","PB","21598","VEREADOR","2016","fim_regular","tce"
"M2016_21598_13_22222_150000006749","PB","21598","VEREADOR","2016","fim_regular","tce"
"M2016_21598_13_40000_150000006275","PB","21598","VEREADOR","2016","outro","tce"
"M2016_21598_13_40111_150000006277","PB","21598","VEREADOR","2016","fim_regular","tce"
"M2020_21598_13_11666_150000980537","PB","21598","VEREADOR","2020","fim_regular","tce"
"M2020_21598_13_11456_150000980535","PB","21598","VEREADOR","2020","fim_regular","tce"
"M2020_21598_13_11611_150000980542","PB","21598","VEREADOR","2020","fim_regular","tce"
"M2020_21598_13_11000_150000980538","PB","21598","VEREADOR","2020","fim_regular","tce"
"M2020_21598_13_11233_150000980543","PB","21598","VEREADOR","2020","fim_regular","tce"
"M2020_21598_13_11222_150000980531","PB","21598","VEREADOR","2020","outro","tce"
"M2020_21598_13_11123_150000980534","PB","21598","VEREADOR","2020","fim_regular","tce"
"M2020_21598_13_11777_150000980539","PB","21598","VEREADOR","2020","fim_regular","tce"
"M2020_21598_13_25555_150001192481","PB","21598","VEREADOR","2020","fim_regular","tce"
"M2020_21598_13_90111_150000980714","PB","21598","VEREADOR","2020","fim_regular","tce"
"M2020_21598_13_90190_150000980715","PB","21598","VEREADOR","2020","fim_regular","tce"
"M2016_21610_13_40444_150000001640","PB","21610","VEREADOR","2016","fim_regular","tce"
"M2016_21610_13_11111_150000002777","PB","21610","VEREADOR","2016","fim_regular","tce"
"M2016_21610_13_40123_150000001643","PB","21610","VEREADOR","2016","fim_regular","tce"
"M2016_21610_13_45222_150000002771","PB","21610","VEREADOR","2016","fim_regular","tce"
"M2016_21610_13_14000_150000002769","PB","21610","VEREADOR","2016","fim_regular","tce"
"M2016_21610_13_40322_150000001645","PB","21610","VEREADOR","2016","fim_regular","tce"
"M2016_21610_13_40555_150000001651","PB","21610","VEREADOR","2016","fim_regular","tce"
"M2016_21610_13_45678_150000002773","PB","21610","VEREADOR","2016","fim_regular","tce"
"M2020_21610_13_10604_150001073935","PB","21610","VEREADOR","2020","fim_regular","tce"
"M2020_21610_13_45111_150001073869","PB","21610","VEREADOR","2020","fim_regular","tce"
"M2020_21610_13_45222_150001073875","PB","21610","VEREADOR","2020","fim_regular","tce"
"M2020_21610_13_45444_150001073872","PB","21610","VEREADOR","2020","fim_regular","tce"
"M2020_21610_13_45555_150001073874","PB","21610","VEREADOR","2020","outro","tce"
"M2020_21610_13_10322_150001073936","PB","21610","VEREADOR","2020","fim_regular","tce"
"M2020_21610_13_10555_150001073933","PB","21610","VEREADOR","2020","fim_regular","tce"
"M2020_21610_13_45678_150001073877","PB","21610","VEREADOR","2020","fim_regular","tce"
"M2012_21636_13_12333_150000004250","PB","21636","VEREADOR","2012","fim_regular","tce"
"M2012_21636_13_25456_150000004147","PB","21636","VEREADOR","2012","fim_regular","tce"
"M2012_21636_13_23456_150000004240","PB","21636","VEREADOR","2012","fim_regular","tce"
"M2012_21636_13_15666_150000014114","PB","21636","VEREADOR","2012","fim_regular","tce"
"M2012_21636_13_40222_150000007981","PB","21636","VEREADOR","2012","outro","tce"
"M2012_21636_13_40234_150000007979","PB","21636","VEREADOR","2012","fim_regular","tce"
"M2012_21636_13_25555_150000004156","PB","21636","VEREADOR","2012","fim_regular","tce"
"M2012_21636_13_22222_150000004248","PB","21636","VEREADOR","2012","fim_regular","tce"
"M2016_21636_13_25222_150000002713","PB","21636","VEREADOR","2016","fim_regular","tce"
"M2016_21636_13_25456_150000002714","PB","21636","VEREADOR","2016","fim_regular","tce"
"M2016_21636_13_19222_150000002724","PB","21636","VEREADOR","2016","fim_regular","tce"
"M2016_21636_13_20456_150000008437","PB","21636","VEREADOR","2016","fim_regular","tce"
"M2016_21636_13_40555_150000002725","PB","21636","VEREADOR","2016","fim_regular","tce"
"M2016_21636_13_43123_150000008427","PB","21636","VEREADOR","2016","fim_regular","tce"
"M2016_21636_13_55123_150000008433","PB","21636","VEREADOR","2016","fim_regular","tce"
"M2016_21636_13_40000_150000002729","PB","21636","VEREADOR","2016","outro","tce"
"M2016_21636_13_22222_150000002711","PB","21636","VEREADOR","2016","fim_regular","tce"
"M2020_21636_13_25222_150001025617","PB","21636","VEREADOR","2020","fim_regular","tce"
"M2020_21636_13_25456_150001025612","PB","21636","VEREADOR","2020","fim_regular","tce"
"M2020_21636_13_55222_150000904250","PB","21636","VEREADOR","2020","fim_regular","tce"
"M2020_21636_13_11111_150000903502","PB","21636","VEREADOR","2020","fim_regular","tce"
"M2020_21636_13_55123_150000904246","PB","21636","VEREADOR","2020","fim_regular","tce"
"M2020_21636_13_11222_150000903500","PB","21636","VEREADOR","2020","fim_regular","tce"
"M2020_21636_13_55555_150000904245","PB","21636","VEREADOR","2020","fim_regular","tce"
"M2020_21636_13_55789_150000904240","PB","21636","VEREADOR","2020","fim_regular","tce"
"M2020_21636_13_25555_150001025611","PB","21636","VEREADOR","2020","outro","tce"
"M2012_21652_13_12345_150000001793","PB","21652","VEREADOR","2012","fim_regular","tce"
"M2012_21652_13_13111_150000002478","PB","21652","VEREADOR","2012","fim_regular","tce"
"M2012_21652_13_33333_150000002484","PB","21652","VEREADOR","2012","fim_regular","tce"
"M2012_21652_13_13333_150000002486","PB","21652","VEREADOR","2012","outro","tce"
"M2016_21652_13_12345_150000007809","PB","21652","VEREADOR","2016","outro","tce"
"M2016_21652_13_13111_150000007810","PB","21652","VEREADOR","2016","fim_regular","tce"
"M2016_21652_13_45678_150000002811","PB","21652","VEREADOR","2016","fim_regular","tce"
"M2016_21652_13_11111_150000007806","PB","21652","VEREADOR","2016","fim_regular","tce"
"M2016_21652_13_13000_150000007808","PB","21652","VEREADOR","2016","fim_regular","tce"
"M2016_21652_13_20345_150000002818","PB","21652","VEREADOR","2016","fim_regular","tce"
"M2016_21652_13_44444_150000007815","PB","21652","VEREADOR","2016","fim_regular","tce"
"M2016_21652_13_22222_150000002814","PB","21652","VEREADOR","2016","fim_regular","tce"
"M2016_21652_13_13333_150000007812","PB","21652","VEREADOR","2016","fim_regular","tce"
"M2012_21679_13_12222_150000006003","PB","21679","VEREADOR","2012","fim_regular","tce"
"M2012_21679_13_13333_150000006001","PB","21679","VEREADOR","2012","fim_regular","tce"
"M2012_21679_13_14444_150000005994","PB","21679","VEREADOR","2012","fim_regular","tce"
"M2012_21679_13_14789_150000006006","PB","21679","VEREADOR","2012","fim_regular","tce"
"M2016_21679_13_13333_150000008987","PB","21679","VEREADOR","2016","fim_regular","tce"
"M2016_21679_13_40888_150000008994","PB","21679","VEREADOR","2016","fim_regular","tce"
"M2016_21679_13_55123_150000008986","PB","21679","VEREADOR","2016","fim_regular","tce"
"M2016_21679_13_55555_150000008996","PB","21679","VEREADOR","2016","fim_regular","tce"
"M2016_21679_13_15111_150000006223","PB","21679","VEREADOR","2016","fim_regular","tce"
"M2016_21679_13_15222_150000006222","PB","21679","VEREADOR","2016","fim_regular","tce"
"M2016_21679_13_40123_150000008997","PB","21679","VEREADOR","2016","fim_regular","tce"
"M2016_21679_13_22222_150000006224","PB","21679","VEREADOR","2016","fim_regular","tce"
"M2016_21679_13_55678_150000008985","PB","21679","VEREADOR","2016","fim_regular","tce"
"M2016_21695_13_15123_150000009560","PB","21695","VEREADOR","2016","fim_regular","tce"
"M2016_21695_13_25147_150000003482","PB","21695","VEREADOR","2016","fim_regular","tce"
"M2016_21695_13_45456_150000003494","PB","21695","VEREADOR","2016","outro","tce"
"M2016_21695_13_25555_150000003483","PB","21695","VEREADOR","2016","fim_regular","tce"
"M2016_21695_13_25777_150000003484","PB","21695","VEREADOR","2016","fim_regular","tce"
"M2016_21695_13_55555_150000009565","PB","21695","VEREADOR","2016","fim_regular","tce"
"M2016_21695_13_13000_150000007199","PB","21695","VEREADOR","2016","fim_regular","tce"
"M2016_21695_13_15222_150000009561","PB","21695","VEREADOR","2016","fim_regular","tce"
"M2016_21695_13_45999_150000003496","PB","21695","VEREADOR","2016","fim_regular","tce"
"M2016_21695_13_45123_150000003493","PB","21695","VEREADOR","2016","fim_regular","tce"
"M2012_21717_13_54555_150000002657","PB","21717","VEREADOR","2012","fim_regular","tce"
"M2012_21717_13_45555_150000002568","PB","21717","VEREADOR","2012","fim_regular","tce"
"M2012_21717_13_12222_150000002672","PB","21717","VEREADOR","2012","fim_regular","tce"
"M2012_21717_13_54444_150000002661","PB","21717","VEREADOR","2012","fim_regular","tce"
"M2012_21717_13_15000_150000002660","PB","21717","VEREADOR","2012","fim_regular","tce"
"M2012_21717_13_15666_150000002667","PB","21717","VEREADOR","2012","fim_regular","tce"
"M2012_21717_13_40000_150000002569","PB","21717","VEREADOR","2012","fim_regular","tce"
"M2016_21717_13_45555_150000011435","PB","21717","VEREADOR","2016","fim_regular","tce"
"M2016_21717_13_40111_150000011438","PB","21717","VEREADOR","2016","fim_regular","tce"
"M2016_21717_13_40222_150000011431","PB","21717","VEREADOR","2016","fim_regular","tce"
"M2016_21717_13_40000_150000011439","PB","21717","VEREADOR","2016","fim_regular","tce"
"M2016_21717_13_22222_150000004147","PB","21717","VEREADOR","2016","fim_regular","tce"
"M2016_21717_13_23333_150000004153","PB","21717","VEREADOR","2016","fim_regular","tce"
"M2016_21717_13_40123_150000011442","PB","21717","VEREADOR","2016","outro","tce"
"M2016_21717_13_70000_150000004152","PB","21717","VEREADOR","2016","fim_regular","tce"
"M2016_21717_13_90000_150000011433","PB","21717","VEREADOR","2016","fim_regular","tce"
"M2020_21717_13_70555_150000717500","PB","21717","VEREADOR","2020","fim_regular","tce"
"M2020_21717_13_70111_150000717503","PB","21717","VEREADOR","2020","fim_regular","tce"
"M2020_21717_13_70000_150000717501","PB","21717","VEREADOR","2020","fim_regular","tce"
"M2020_21717_13_70888_150000717502","PB","21717","VEREADOR","2020","fim_regular","tce"
"M2020_21717_13_77000_150000889056","PB","21717","VEREADOR","2020","fim_regular","tce"
"M2020_21717_13_77123_150000889058","PB","21717","VEREADOR","2020","fim_regular","tce"
"M2020_21717_13_77888_150000889060","PB","21717","VEREADOR","2020","fim_regular","tce"
"M2016_21733_13_45678_150000009715","PB","21733","VEREADOR","2016","fim_regular","tce"
"M2016_21733_13_11111_150000002657","PB","21733","VEREADOR","2016","fim_regular","tce"
"M2016_21733_13_13111_150000002666","PB","21733","VEREADOR","2016","fim_regular","tce"
"M2016_21733_13_15555_150000002670","PB","21733","VEREADOR","2016","fim_regular","tce"
"M2016_21733_13_15678_150000002669","PB","21733","VEREADOR","2016","outro","tce"
"M2016_21733_13_25678_150000009713","PB","21733","VEREADOR","2016","fim_regular","tce"
"M2016_21733_13_40000_150000002660","PB","21733","VEREADOR","2016","fim_regular","tce"
"M2016_21733_13_40123_150000002658","PB","21733","VEREADOR","2016","fim_regular","tce"
"M2016_21733_13_25800_150000009719","PB","21733","VEREADOR","2016","fim_regular","tce"
"M2020_21733_13_10789_150000852251","PB","21733","VEREADOR","2020","fim_regular","tce"
"M2020_21733_13_10111_150000852253","PB","21733","VEREADOR","2020","fim_regular","tce"
"M2020_21733_13_10456_150000852254","PB","21733","VEREADOR","2020","fim_regular","tce"
"M2020_21733_13_25123_150000927839","PB","21733","VEREADOR","2020","fim_regular","tce"
"M2020_21733_13_10222_150000852256","PB","21733","VEREADOR","2020","fim_regular","tce"
"M2020_21733_13_10999_150000852255","PB","21733","VEREADOR","2020","fim_regular","tce"
"M2020_21733_13_25888_150000927833","PB","21733","VEREADOR","2020","fim_regular","tce"
"M2020_21733_13_10800_150000852257","PB","21733","VEREADOR","2020","fim_regular","tce"
"M2012_21750_13_13456_150000010706","PB","21750","VEREADOR","2012","fim_regular","tce"
"M2012_21750_13_70644_150000008900","PB","21750","VEREADOR","2012","fim_regular","tce"
"M2012_21750_13_40123_150000008427","PB","21750","VEREADOR","2012","fim_regular","tce"
"M2012_21750_13_55000_150000007886","PB","21750","VEREADOR","2012","fim_regular","tce"
"M2012_21750_13_13444_150000010701","PB","21750","VEREADOR","2012","fim_regular","tce"
"M2012_21750_13_19444_150000011154","PB","21750","VEREADOR","2012","fim_regular","tce"
"M2012_21750_13_31111_150000008891","PB","21750","VEREADOR","2012","fim_regular","tce"
"M2012_21750_13_36111_150000010593","PB","21750","VEREADOR","2012","fim_regular","tce"
"M2012_21750_13_36234_150000010602","PB","21750","VEREADOR","2012","fim_regular","tce"
"M2012_21750_13_36456_150000010620","PB","21750","VEREADOR","2012","fim_regular","tce"
"M2012_21750_13_36999_150000010604","PB","21750","VEREADOR","2012","fim_regular","tce"
"M2012_21750_13_40040_150000008428","PB","21750","VEREADOR","2012","fim_regular","tce"
"M2012_21750_13_40456_150000008443","PB","21750","VEREADOR","2012","fim_regular","tce"
"M2012_21750_13_44555_150000008872","PB","21750","VEREADOR","2012","fim_regular","tce"
"M2012_21750_13_44666_150000008868","PB","21750","VEREADOR","2012","fim_regular","tce"
"M2012_21750_13_55229_150000007878","PB","21750","VEREADOR","2012","fim_regular","tce"
"M2012_21750_13_65444_150000010808","PB","21750","VEREADOR","2012","fim_regular","tce"
"M2012_21750_13_70888_150000008898","PB","21750","VEREADOR","2012","fim_regular","tce"
"M2016_21750_13_13456_150000012549","PB","21750","VEREADOR","2016","fim_regular","tce"
"M2016_21750_13_40123_150000010999","PB","21750","VEREADOR","2016","outro","tce"
"M2016_21750_13_55999_150000011582","PB","21750","VEREADOR","2016","fim_regular","tce"
"M2016_21750_13_55555_150000011580","PB","21750","VEREADOR","2016","fim_regular","tce"
"M2016_21750_13_70888_150000012299","PB","21750","VEREADOR","2016","fim_regular","tce"
"M2016_21750_13_10222_150000010207","PB","21750","VEREADOR","2016","fim_regular","tce"
"M2016_21750_13_10555_150000010216","PB","21750","VEREADOR","2016","fim_regular","tce"
"M2016_21750_13_17100_150000009689","PB","21750","VEREADOR","2016","fim_regular","tce"
"M2016_21750_13_17123_150000009679","PB","21750","VEREADOR","2016","fim_regular","tce"
"M2016_21750_13_19111_150000011235","PB","21750","VEREADOR","2016","fim_regular","tce"
"M2016_21750_13_19229_150000011247","PB","21750","VEREADOR","2016","fim_regular","tce"
"M2016_21750_13_22666_150000005497","PB","21750","VEREADOR","2016","fim_regular","tce"
"M2016_21750_13_28666_150000012290","PB","21750","VEREADOR","2016","fim_regular","tce"
"M2016_21750_13_40045_150000011002","PB","21750","VEREADOR","2016","fim_regular","tce"
"M2016_21750_13_45222_150000011231","PB","21750","VEREADOR","2016","fim_regular","tce"
"M2016_21750_13_45888_150000011229","PB","21750","VEREADOR","2016","fim_regular","tce"
"M2016_21750_13_65112_150000010782","PB","21750","VEREADOR","2016","fim_regular","tce"
"M2016_21750_13_65123_150000010791","PB","21750","VEREADOR","2016","fim_regular","tce"
"M2016_21750_13_65789_150000010779","PB","21750","VEREADOR","2016","fim_regular","tce"
"M2012_21776_13_10123_150000007198","PB","21776","VEREADOR","2012","fim_regular","tce"
"M2012_21776_13_11111_150000007199","PB","21776","VEREADOR","2012","fim_regular","tce"
"M2012_21776_13_22222_150000004548","PB","21776","VEREADOR","2012","fim_regular","tce"
"M2012_21776_13_10000_150000007194","PB","21776","VEREADOR","2012","fim_regular","tce"
"M2012_21776_13_13456_150000005373","PB","21776","VEREADOR","2012","fim_regular","tce"
"M2012_21776_13_20369_150000004549","PB","21776","VEREADOR","2012","fim_regular","tce"
"M2012_21776_13_25123_150000005369","PB","21776","VEREADOR","2012","outro","tce"
"M2012_21792_13_15555_150000006209","PB","21792","VEREADOR","2012","fim_regular","tce"
"M2012_21792_13_55111_150000000782","PB","21792","VEREADOR","2012","fim_regular","tce"
"M2012_21792_13_15123_150000006224","PB","21792","VEREADOR","2012","fim_regular","tce"
"M2012_21792_13_15233_150000006211","PB","21792","VEREADOR","2012","fim_regular","tce"
"M2012_21792_13_22123_150000000775","PB","21792","VEREADOR","2012","outro","tce"
"M2012_21792_13_22222_150000000760","PB","21792","VEREADOR","2012","outro","tce"
"M2012_21792_13_22444_150000000781","PB","21792","VEREADOR","2012","fim_regular","tce"
"M2012_21792_13_22661_150000000779","PB","21792","VEREADOR","2012","fim_regular","tce"
"M2012_21792_13_25555_150000000761","PB","21792","VEREADOR","2012","fim_regular","tce"
"M2012_21792_13_45123_150000000780","PB","21792","VEREADOR","2012","fim_regular","tce"
"M2012_21792_13_55222_150000000784","PB","21792","VEREADOR","2012","fim_regular","tce"
"M2012_21792_13_15688_150000006222","PB","21792","VEREADOR","2012","fim_regular","tce"
"M2012_21792_13_15444_150000006217","PB","21792","VEREADOR","2012","fim_regular","tce"
"M2016_21792_13_40555_150000003744","PB","21792","VEREADOR","2016","outro","tce"
"M2016_21792_13_40111_150000003759","PB","21792","VEREADOR","2016","fim_regular","tce"
"M2016_21792_13_14444_150000003751","PB","21792","VEREADOR","2016","fim_regular","tce"
"M2016_21792_13_15233_150000001027","PB","21792","VEREADOR","2016","fim_regular","tce"
"M2016_21792_13_40000_150000003749","PB","21792","VEREADOR","2016","fim_regular","tce"
"M2016_21792_13_40777_150000003748","PB","21792","VEREADOR","2016","fim_regular","tce"
"M2016_21792_13_11222_150000003750","PB","21792","VEREADOR","2016","fim_regular","tce"
"M2016_21792_13_11111_150000003753","PB","21792","VEREADOR","2016","fim_regular","tce"
"M2016_21792_13_15234_150000001035","PB","21792","VEREADOR","2016","fim_regular","tce"
"M2016_21792_13_15444_150000001026","PB","21792","VEREADOR","2016","fim_regular","tce"
"M2016_21792_13_15615_150000001036","PB","21792","VEREADOR","2016","fim_regular","tce"
"M2016_21792_13_40123_150000003760","PB","21792","VEREADOR","2016","fim_regular","tce"
"M2016_21792_13_25025_150000001040","PB","21792","VEREADOR","2016","fim_regular","tce"
"M2020_21792_13_11555_150000643228","PB","21792","VEREADOR","2020","fim_regular","tce"
"M2020_21792_13_15655_150000683829","PB","21792","VEREADOR","2020","outro","tce"
"M2020_21792_13_11777_150000643224","PB","21792","VEREADOR","2020","fim_regular","tce"
"M2020_21792_13_15661_150000683817","PB","21792","VEREADOR","2020","fim_regular","tce"
"M2020_21792_13_15123_150000683833","PB","21792","VEREADOR","2020","fim_regular","tce"
"M2020_21792_13_11111_150000643223","PB","21792","VEREADOR","2020","fim_regular","tce"
"M2020_21792_13_15234_150000683832","PB","21792","VEREADOR","2020","fim_regular","tce"
"M2020_21792_13_15444_150000683816","PB","21792","VEREADOR","2020","outro","tce"
"M2020_21792_13_15615_150000683824","PB","21792","VEREADOR","2020","fim_regular","tce"
"M2020_21792_13_11123_150000643229","PB","21792","VEREADOR","2020","fim_regular","tce"
"M2020_21792_13_11000_150000643227","PB","21792","VEREADOR","2020","fim_regular","tce"
"M2020_21792_13_15666_150000683830","PB","21792","VEREADOR","2020","fim_regular","tce"
"M2020_21792_13_15025_150000683834","PB","21792","VEREADOR","2020","fim_regular","tce"
"M2012_21814_13_45123_150000003712","PB","21814","VEREADOR","2012","fim_regular","tce"
"M2012_21814_13_13456_150000008739","PB","21814","VEREADOR","2012","fim_regular","tce"
"M2012_21814_13_14444_150000003708","PB","21814","VEREADOR","2012","fim_regular","tce"
"M2012_21814_13_14567_150000003714","PB","21814","VEREADOR","2012","fim_regular","tce"
"M2012_21814_13_15100_150000003875","PB","21814","VEREADOR","2012","outro","tce"
"M2012_21814_13_22000_150000008735","PB","21814","VEREADOR","2012","fim_regular","tce"
"M2012_21814_13_22222_150000008740","PB","21814","VEREADOR","2012","fim_regular","tce"
"M2012_21814_13_22345_150000008742","PB","21814","VEREADOR","2012","fim_regular","tce"
"M2012_21814_13_45678_150000003713","PB","21814","VEREADOR","2012","fim_regular","tce"
"M2016_21814_13_45123_150000009900","PB","21814","VEREADOR","2016","fim_regular","tce"
"M2016_21814_13_40123_150000006403","PB","21814","VEREADOR","2016","fim_regular","tce"
"M2016_21814_13_36000_150000006388","PB","21814","VEREADOR","2016","fim_regular","tce"
"M2016_21814_13_25000_150000009895","PB","21814","VEREADOR","2016","outro","tce"
"M2016_21814_13_25123_150000009906","PB","21814","VEREADOR","2016","fim_regular","tce"
"M2016_21814_13_40999_150000006405","PB","21814","VEREADOR","2016","fim_regular","tce"
"M2016_21814_13_45555_150000009902","PB","21814","VEREADOR","2016","fim_regular","tce"
"M2016_21814_13_14444_150000006394","PB","21814","VEREADOR","2016","fim_regular","tce"
"M2016_21814_13_14678_150000006393","PB","21814","VEREADOR","2016","fim_regular","tce"
"M2020_21814_13_25666_150000760388","PB","21814","VEREADOR","2020","fim_regular","tce"
"M2020_21814_13_25234_150000760386","PB","21814","VEREADOR","2020","fim_regular","tce"
"M2020_21814_13_23123_150000915688","PB","21814","VEREADOR","2020","fim_regular","tce"
"M2020_21814_13_25111_150000760383","PB","21814","VEREADOR","2020","outro","tce"
"M2020_21814_13_25000_150000760376","PB","21814","VEREADOR","2020","fim_regular","tce"
"M2020_21814_13_25123_150000760377","PB","21814","VEREADOR","2020","outro","tce"
"M2020_21814_13_25999_150000760380","PB","21814","VEREADOR","2020","fim_regular","tce"
"M2020_21814_13_10000_150001037491","PB","21814","VEREADOR","2020","fim_regular","tce"
"M2020_21814_13_25678_150000760379","PB","21814","VEREADOR","2020","fim_regular","tce"
"M2012_21830_13_10000_150000005086","PB","21830","VEREADOR","2012","fim_regular","tce"
"M2012_21830_13_22222_150000005088","PB","21830","VEREADOR","2012","fim_regular","tce"
"M2012_21830_13_23456_150000002754","PB","21830","VEREADOR","2012","fim_regular","tce"
"M2012_21857_13_22111_150000006906","PB","21857","VEREADOR","2012","fim_regular","tce"
"M2012_21857_13_25444_150000006908","PB","21857","VEREADOR","2012","fim_regular","tce"
"M2012_21857_13_25333_150000006904","PB","21857","VEREADOR","2012","fim_regular","tce"
"M2012_21857_13_15555_150000006444","PB","21857","VEREADOR","2012","fim_regular","tce"
"M2012_21857_13_40123_150000006916","PB","21857","VEREADOR","2012","fim_regular","tce"
"M2012_21857_13_45111_150000006438","PB","21857","VEREADOR","2012","fim_regular","tce"
"M2012_21857_13_45555_150000006445","PB","21857","VEREADOR","2012","fim_regular","tce"
"M2012_21857_13_25555_150000006905","PB","21857","VEREADOR","2012","fim_regular","tce"
"M2016_21857_13_77777_150000008309","PB","21857","VEREADOR","2016","outro","tce"
"M2016_21857_13_15333_150000008313","PB","21857","VEREADOR","2016","fim_regular","tce"
"M2016_21857_13_40111_150000001958","PB","21857","VEREADOR","2016","fim_regular","tce"
"M2016_21857_13_55123_150000008304","PB","21857","VEREADOR","2016","fim_regular","tce"
"M2016_21857_13_40000_150000001965","PB","21857","VEREADOR","2016","fim_regular","tce"
"M2016_21857_13_28000_150000001963","PB","21857","VEREADOR","2016","fim_regular","tce"
"M2016_21857_13_40123_150000001954","PB","21857","VEREADOR","2016","fim_regular","tce"
"M2016_21857_13_55666_150000008312","PB","21857","VEREADOR","2016","fim_regular","tce"
"M2020_21857_13_45245_150001113609","PB","21857","VEREADOR","2020","fim_regular","tce"
"M2020_21857_13_45777_150001113612","PB","21857","VEREADOR","2020","outro","tce"
"M2020_21857_13_45666_150001113608","PB","21857","VEREADOR","2020","fim_regular","tce"
"M2020_21857_13_45111_150001113613","PB","21857","VEREADOR","2020","fim_regular","tce"
"M2020_21857_13_45123_150001113614","PB","21857","VEREADOR","2020","fim_regular","tce"
"M2020_21857_13_23000_150000718059","PB","21857","VEREADOR","2020","fim_regular","tce"
"M2020_21857_13_45333_150001113615","PB","21857","VEREADOR","2020","fim_regular","tce"
"M2020_21857_13_23333_150000718060","PB","21857","VEREADOR","2020","fim_regular","tce"
"M2012_21873_13_15000_150000001771","PB","21873","VEREADOR","2012","fim_regular","tce"
"M2012_21873_13_17000_150000001764","PB","21873","VEREADOR","2012","fim_regular","tce"
"M2012_21873_13_55555_150000001761","PB","21873","VEREADOR","2012","fim_regular","tce"
"M2012_21873_13_15611_150000001762","PB","21873","VEREADOR","2012","fim_regular","tce"
"M2012_21873_13_19321_150000000662","PB","21873","VEREADOR","2012","fim_regular","tce"
"M2012_21873_13_19456_150000000669","PB","21873","VEREADOR","2012","fim_regular","tce"
"M2012_21873_13_40000_150000001773","PB","21873","VEREADOR","2012","fim_regular","tce"
"M2012_21873_13_70123_150000001772","PB","21873","VEREADOR","2012","fim_regular","tce"
"M2016_21873_13_25555_150000004893","PB","21873","VEREADOR","2016","fim_regular","tce"
"M2016_21873_13_15000_150000004891","PB","21873","VEREADOR","2016","outro","tce"
"M2016_21873_13_14555_150000004626","PB","21873","VEREADOR","2016","fim_regular","tce"
"M2016_21873_13_51233_150000004895","PB","21873","VEREADOR","2016","fim_regular","tce"
"M2016_21873_13_11111_150000004634","PB","21873","VEREADOR","2016","fim_regular","tce"
"M2016_21873_13_14566_150000004625","PB","21873","VEREADOR","2016","fim_regular","tce"
"M2016_21873_13_40000_150000004637","PB","21873","VEREADOR","2016","fim_regular","tce"
"M2016_21873_13_14000_150000004633","PB","21873","VEREADOR","2016","fim_regular","tce"
"M2016_21873_13_19999_150000004887","PB","21873","VEREADOR","2016","fim_regular","tce"
"M2020_21873_13_11000_150000912223","PB","21873","VEREADOR","2020","fim_regular","tce"
"M2020_21873_13_55555_150000637380","PB","21873","VEREADOR","2020","fim_regular","tce"
"M2020_21873_13_11555_150000912224","PB","21873","VEREADOR","2020","fim_regular","tce"
"M2020_21873_13_11222_150000912214","PB","21873","VEREADOR","2020","outro","tce"
"M2020_21873_13_11234_150000912213","PB","21873","VEREADOR","2020","fim_regular","tce"
"M2020_21873_13_55123_150000637383","PB","21873","VEREADOR","2020","outro","tce"
"M2020_21873_13_55678_150000637379","PB","21873","VEREADOR","2020","fim_regular","tce"
"M2012_21890_13_22222_150000001305","PB","21890","VEREADOR","2012","fim_regular","tce"
"M2012_21890_13_45666_150000001308","PB","21890","VEREADOR","2012","outro","tce"
"M2012_21890_13_15611_150000007571","PB","21890","VEREADOR","2012","fim_regular","tce"
"M2012_21890_13_15615_150000007579","PB","21890","VEREADOR","2012","fim_regular","tce"
"M2012_21890_13_45111_150000001302","PB","21890","VEREADOR","2012","fim_regular","tce"
"M2012_21890_13_55555_150000007576","PB","21890","VEREADOR","2012","fim_regular","tce"
"M2012_21890_13_45045_150000001314","PB","21890","VEREADOR","2012","outro","tce"
"M2016_21890_13_22222_150000006711","PB","21890","VEREADOR","2016","fim_regular","tce"
"M2016_21890_13_15611_150000006702","PB","21890","VEREADOR","2016","fim_regular","tce"
"M2016_21890_13_15555_150000006703","PB","21890","VEREADOR","2016","fim_regular","tce"
"M2016_21890_13_12345_150000007747","PB","21890","VEREADOR","2016","fim_regular","tce"
"M2016_21890_13_40222_150000007745","PB","21890","VEREADOR","2016","fim_regular","tce"
"M2016_21890_13_40444_150000007748","PB","21890","VEREADOR","2016","fim_regular","tce"
"M2016_21890_13_45666_150000006706","PB","21890","VEREADOR","2016","fim_regular","tce"
"M2016_21890_13_45045_150000006708","PB","21890","VEREADOR","2016","fim_regular","tce"
"M2020_21890_13_10000_150000826049","PB","21890","VEREADOR","2020","fim_regular","tce"
"M2020_21890_13_15611_150001087583","PB","21890","VEREADOR","2020","fim_regular","tce"
"M2020_21890_13_11555_150000757120","PB","21890","VEREADOR","2020","fim_regular","tce"
"M2020_21890_13_11222_150000757114","PB","21890","VEREADOR","2020","fim_regular","tce"
"M2020_21890_13_11444_150000757119","PB","21890","VEREADOR","2020","fim_regular","tce"
"M2020_21890_13_10123_150000826044","PB","21890","VEREADOR","2020","fim_regular","tce"
"M2020_21890_13_10777_150000826048","PB","21890","VEREADOR","2020","fim_regular","tce"
"M2020_21890_13_11777_150000757116","PB","21890","VEREADOR","2020","fim_regular","tce"
"M2012_21911_13_15123_150000008499","PB","21911","VEREADOR","2012","fim_regular","tce"
"M2012_21911_13_23123_150000008498","PB","21911","VEREADOR","2012","fim_regular","tce"
"M2012_21911_13_15456_150000008496","PB","21911","VEREADOR","2012","fim_regular","tce"
"M2012_21911_13_14444_150000008494","PB","21911","VEREADOR","2012","fim_regular","tce"
"M2012_21911_13_65789_150000008486","PB","21911","VEREADOR","2012","fim_regular","tce"
"M2012_21911_13_70147_150000005216","PB","21911","VEREADOR","2012","fim_regular","tce"
"M2012_21911_13_70555_150000005232","PB","21911","VEREADOR","2012","fim_regular","tce"
"M2012_21911_13_11369_150000005217","PB","21911","VEREADOR","2012","fim_regular","tce"
"M2016_21911_13_14567_150000012746","PB","21911","VEREADOR","2016","fim_regular","tce"
"M2016_21911_13_65234_150000012774","PB","21911","VEREADOR","2016","fim_regular","tce"
"M2016_21911_13_14444_150000012754","PB","21911","VEREADOR","2016","fim_regular","tce"
"M2016_21911_13_40222_150000012747","PB","21911","VEREADOR","2016","fim_regular","tce"
"M2016_21911_13_65789_150000012766","PB","21911","VEREADOR","2016","outro","tce"
"M2016_21911_13_40555_150000012745","PB","21911","VEREADOR","2016","fim_regular","tce"
"M2016_21911_13_11111_150000012724","PB","21911","VEREADOR","2016","fim_regular","tce"
"M2016_21911_13_65444_150000012763","PB","21911","VEREADOR","2016","outro","tce"
"M2016_21911_13_77777_150000012727","PB","21911","VEREADOR","2016","fim_regular","tce"
"M2016_21911_13_23666_150000012750","PB","21911","VEREADOR","2016","fim_regular","tce"
"M2016_21911_13_15456_150000012772","PB","21911","VEREADOR","2016","fim_regular","tce"
"M2020_21911_13_22666_150001195443","PB","21911","VEREADOR","2020","fim_regular","tce"
"M2020_21911_13_23741_150000738436","PB","21911","VEREADOR","2020","outro","tce"
"M2020_21911_13_23222_150000738432","PB","21911","VEREADOR","2020","outro","tce"
"M2020_21911_13_23789_150000738437","PB","21911","VEREADOR","2020","fim_regular","tce"
"M2020_21911_13_23555_150000738440","PB","21911","VEREADOR","2020","fim_regular","tce"
"M2020_21911_13_23333_150000738439","PB","21911","VEREADOR","2020","fim_regular","tce"
"M2020_21911_13_19122_150000729512","PB","21911","VEREADOR","2020","fim_regular","tce"
"M2020_21911_13_19123_150000729517","PB","21911","VEREADOR","2020","fim_regular","tce"
"M2020_21911_13_19888_150000729522","PB","21911","VEREADOR","2020","fim_regular","tce"
"M2020_21911_13_23444_150000738429","PB","21911","VEREADOR","2020","fim_regular","tce"
"M2020_21911_13_23666_150000738434","PB","21911","VEREADOR","2020","fim_regular","tce"
"M2012_21938_13_23300_150000000711","PB","21938","VEREADOR","2012","fim_regular","tce"
"M2012_21938_13_15234_150000004393","PB","21938","VEREADOR","2012","fim_regular","tce"
"M2012_21938_13_15222_150000004403","PB","21938","VEREADOR","2012","fim_regular","tce"
"M2012_21938_13_10123_150000004395","PB","21938","VEREADOR","2012","fim_regular","tce"
"M2012_21938_13_15111_150000004391","PB","21938","VEREADOR","2012","fim_regular","tce"
"M2012_21938_13_15610_150000004400","PB","21938","VEREADOR","2012","fim_regular","tce"
"M2012_21938_13_15678_150000004404","PB","21938","VEREADOR","2012","fim_regular","tce"
"M2012_21938_13_15789_150000004389","PB","21938","VEREADOR","2012","fim_regular","tce"
"M2012_21938_13_23111_150000000715","PB","21938","VEREADOR","2012","fim_regular","tce"
"M2016_21938_13_15789_150000003255","PB","21938","VEREADOR","2016","fim_regular","tce"
"M2016_21938_13_15615_150000003254","PB","21938","VEREADOR","2016","fim_regular","tce"
"M2016_21938_13_15222_150000003267","PB","21938","VEREADOR","2016","fim_regular","tce"
"M2016_21938_13_45123_150000001711","PB","21938","VEREADOR","2016","fim_regular","tce"
"M2016_21938_13_15111_150000003256","PB","21938","VEREADOR","2016","fim_regular","tce"
"M2016_21938_13_15678_150000003269","PB","21938","VEREADOR","2016","fim_regular","tce"
"M2016_21938_13_15000_150000003260","PB","21938","VEREADOR","2016","fim_regular","tce"
"M2016_21938_13_15444_150000003268","PB","21938","VEREADOR","2016","fim_regular","tce"
"M2016_21938_13_45111_150000001713","PB","21938","VEREADOR","2016","fim_regular","tce"
"M2020_21938_13_10789_150000740825","PB","21938","VEREADOR","2020","fim_regular","tce"
"M2020_21938_13_10234_150000740823","PB","21938","VEREADOR","2020","fim_regular","tce"
"M2020_21938_13_10615_150000740820","PB","21938","VEREADOR","2020","fim_regular","tce"
"M2020_21938_13_10123_150000740828","PB","21938","VEREADOR","2020","fim_regular","tce"
"M2020_21938_13_10111_150000740827","PB","21938","VEREADOR","2020","fim_regular","tce"
"M2020_21938_13_10000_150000740817","PB","21938","VEREADOR","2020","fim_regular","tce"
"M2020_21938_13_10300_150000740821","PB","21938","VEREADOR","2020","fim_regular","tce"
"M2020_21938_13_10444_150000740824","PB","21938","VEREADOR","2020","fim_regular","tce"
"M2020_21938_13_45111_150000858112","PB","21938","VEREADOR","2020","fim_regular","tce"
"M2020_21954_13_25123_150000666751","PB","21954","VEREADOR","2020","fim_regular","tce"
"M2020_21954_13_25623_150000666753","PB","21954","VEREADOR","2020","outro","tce"
"M2020_21954_13_25678_150000666752","PB","21954","VEREADOR","2020","fim_regular","tce"
"M2020_21954_13_25777_150000666746","PB","21954","VEREADOR","2020","fim_regular","tce"
"M2020_21954_13_25611_150000666755","PB","21954","VEREADOR","2020","fim_regular","tce"
"M2012_21970_13_55678_150000002190","PB","21970","VEREADOR","2012","outro","tce"
"M2012_21997_13_23333_150000001805","PB","21997","VEREADOR","2012","fim_regular","tce"
"M2012_21997_13_25555_150000001812","PB","21997","VEREADOR","2012","fim_regular","tce"
"M2012_21997_13_13456_150000004188","PB","21997","VEREADOR","2012","fim_regular","tce"
"M2012_21997_13_25456_150000001811","PB","21997","VEREADOR","2012","fim_regular","tce"
"M2012_21997_13_15123_150000004191","PB","21997","VEREADOR","2012","fim_regular","tce"
"M2012_21997_13_25111_150000001810","PB","21997","VEREADOR","2012","fim_regular","tce"
"M2012_21997_13_25789_150000001814","PB","21997","VEREADOR","2012","fim_regular","tce"
"M2012_21997_13_13110_150000004182","PB","21997","VEREADOR","2012","fim_regular","tce"
"M2016_21997_13_23333_150000001889","PB","21997","VEREADOR","2016","fim_regular","tce"
"M2016_21997_13_25789_150000001892","PB","21997","VEREADOR","2016","fim_regular","tce"
"M2016_21997_13_15123_150000001915","PB","21997","VEREADOR","2016","fim_regular","tce"
"M2016_21997_13_15456_150000001921","PB","21997","VEREADOR","2016","fim_regular","tce"
"M2016_21997_13_25456_150000001895","PB","21997","VEREADOR","2016","fim_regular","tce"
"M2016_21997_13_25555_150000001891","PB","21997","VEREADOR","2016","fim_regular","tce"
"M2016_21997_13_40000_150000001928","PB","21997","VEREADOR","2016","fim_regular","tce"
"M2016_21997_13_40234_150000001929","PB","21997","VEREADOR","2016","fim_regular","tce"
"M2016_21997_13_25333_150000001893","PB","21997","VEREADOR","2016","outro","tce"
"M2020_21997_13_25123_150000659323","PB","21997","VEREADOR","2020","outro","tce"
"M2012_22012_13_13311_150000000552","PB","22012","VEREADOR","2012","fim_regular","tce"
"M2012_22012_13_20000_150000000467","PB","22012","VEREADOR","2012","outro","tce"
"M2012_22012_13_13777_150000000540","PB","22012","VEREADOR","2012","fim_regular","tce"
"M2012_22012_13_13999_150000000549","PB","22012","VEREADOR","2012","fim_regular","tce"
"M2012_22012_13_45555_150000000471","PB","22012","VEREADOR","2012","fim_regular","tce"
"M2012_22012_13_45678_150000000475","PB","22012","VEREADOR","2012","outro","tce"
"M2012_22012_13_15111_150000000466","PB","22012","VEREADOR","2012","fim_regular","tce"
"M2012_22012_13_13133_150000000541","PB","22012","VEREADOR","2012","fim_regular","tce"
"M2012_22012_13_40111_150000000554","PB","22012","VEREADOR","2012","fim_regular","tce"
"M2016_22012_13_13311_150000003658","PB","22012","VEREADOR","2016","fim_regular","tce"
"M2016_22012_13_45000_150000005690","PB","22012","VEREADOR","2016","fim_regular","tce"
"M2016_22012_13_13777_150000003649","PB","22012","VEREADOR","2016","fim_regular","tce"
"M2016_22012_13_13000_150000003644","PB","22012","VEREADOR","2016","fim_regular","tce"
"M2016_22012_13_15678_150000005702","PB","22012","VEREADOR","2016","fim_regular","tce"
"M2016_22012_13_15777_150000005691","PB","22012","VEREADOR","2016","fim_regular","tce"
"M2016_22012_13_40777_150000003651","PB","22012","VEREADOR","2016","fim_regular","tce"
"M2016_22012_13_15222_150000005704","PB","22012","VEREADOR","2016","fim_regular","tce"
"M2020_22012_13_45000_150000695044","PB","22012","VEREADOR","2020","outro","tce"
"M2020_22012_13_13777_150000864144","PB","22012","VEREADOR","2020","fim_regular","tce"
"M2020_22012_13_14777_150000864306","PB","22012","VEREADOR","2020","fim_regular","tce"
"M2020_22012_13_14000_150000864302","PB","22012","VEREADOR","2020","fim_regular","tce"
"M2020_22012_13_14888_150000864308","PB","22012","VEREADOR","2020","fim_regular","tce"
"M2020_22012_13_45123_150000695049","PB","22012","VEREADOR","2020","fim_regular","tce"
"M2020_22012_13_45444_150000695053","PB","22012","VEREADOR","2020","fim_regular","tce"
"M2020_22012_13_45888_150000695048","PB","22012","VEREADOR","2020","fim_regular","tce"
"M2020_22012_13_45222_150000695055","PB","22012","VEREADOR","2020","outro","tce"
"M2012_22039_13_55000_150000004219","PB","22039","VEREADOR","2012","fim_regular","tce"
"M2012_22039_13_55555_150000004218","PB","22039","VEREADOR","2012","fim_regular","tce"
"M2012_22039_13_40789_150000004369","PB","22039","VEREADOR","2012","fim_regular","tce"
"M2012_22039_13_45000_150000004206","PB","22039","VEREADOR","2012","outro","tce"
"M2012_22039_13_15123_150000010189","PB","22039","VEREADOR","2012","fim_regular","tce"
"M2012_22039_13_40123_150000004368","PB","22039","VEREADOR","2012","fim_regular","tce"
"M2012_22039_13_40567_150000004370","PB","22039","VEREADOR","2012","fim_regular","tce"
"M2012_22039_13_15680_150000010186","PB","22039","VEREADOR","2012","fim_regular","tce"
"M2016_22039_13_45000_150000004672","PB","22039","VEREADOR","2016","fim_regular","tce"
"M2016_22039_13_40123_150000008814","PB","22039","VEREADOR","2016","outro","tce"
"M2016_22039_13_15610_150000004813","PB","22039","VEREADOR","2016","outro","tce"
"M2016_22039_13_27777_150000009181","PB","22039","VEREADOR","2016","fim_regular","tce"
"M2016_22039_13_40000_150000008815","PB","22039","VEREADOR","2016","fim_regular","tce"
"M2016_22039_13_45678_150000004675","PB","22039","VEREADOR","2016","fim_regular","tce"
"M2016_22039_13_70000_150000008818","PB","22039","VEREADOR","2016","fim_regular","tce"
"M2016_22039_13_15680_150000004818","PB","22039","VEREADOR","2016","fim_regular","tce"
"M2020_22039_13_45690_150000975681","PB","22039","VEREADOR","2020","fim_regular","tce"
"M2020_22039_13_45000_150000975688","PB","22039","VEREADOR","2020","fim_regular","tce"
"M2020_22039_13_55789_150000975812","PB","22039","VEREADOR","2020","outro","tce"
"M2020_22039_13_55123_150000975808","PB","22039","VEREADOR","2020","fim_regular","tce"
"M2020_22039_13_18000_150000926557","PB","22039","VEREADOR","2020","fim_regular","tce"
"M2020_22039_13_45678_150000975689","PB","22039","VEREADOR","2020","outro","tce"
"M2020_22039_13_45555_150000975684","PB","22039","VEREADOR","2020","fim_regular","tce"
"M2020_22039_13_18123_150000926561","PB","22039","VEREADOR","2020","fim_regular","tce"
"M2012_22055_13_15444_150000001953","PB","22055","VEREADOR","2012","fim_regular","tce"
"M2012_22055_13_55608_150000006795","PB","22055","VEREADOR","2012","outro","tce"
"M2012_22055_13_25111_150000006805","PB","22055","VEREADOR","2012","fim_regular","tce"
"M2012_22055_13_15678_150000001958","PB","22055","VEREADOR","2012","fim_regular","tce"
"M2012_22055_13_25555_150000006796","PB","22055","VEREADOR","2012","fim_regular","tce"
"M2012_22055_13_40123_150000006808","PB","22055","VEREADOR","2012","fim_regular","tce"
"M2012_22055_13_44660_150000001952","PB","22055","VEREADOR","2012","fim_regular","tce"
"M2012_22055_13_55555_150000006803","PB","22055","VEREADOR","2012","fim_regular","tce"
"M2012_22055_13_25222_150000006806","PB","22055","VEREADOR","2012","fim_regular","tce"
"M2016_22055_13_15444_150000007405","PB","22055","VEREADOR","2016","fim_regular","tce"
"M2016_22055_13_44660_150000008942","PB","22055","VEREADOR","2016","fim_regular","tce"
"M2016_22055_13_13333_150000008936","PB","22055","VEREADOR","2016","fim_regular","tce"
"M2016_22055_13_15000_150000007399","PB","22055","VEREADOR","2016","fim_regular","tce"
"M2016_22055_13_22222_150000007400","PB","22055","VEREADOR","2016","fim_regular","tce"
"M2016_22055_13_25111_150000008928","PB","22055","VEREADOR","2016","fim_regular","tce"
"M2016_22055_13_25222_150000008933","PB","22055","VEREADOR","2016","fim_regular","tce"
"M2016_22055_13_65555_150000007404","PB","22055","VEREADOR","2016","fim_regular","tce"
"M2020_22055_13_45444_150001166855","PB","22055","VEREADOR","2020","fim_regular","tce"
"M2020_22055_13_25555_150001167869","PB","22055","VEREADOR","2020","fim_regular","tce"
"M2020_22055_13_25660_150001167867","PB","22055","VEREADOR","2020","fim_regular","tce"
"M2020_22055_13_25333_150001167865","PB","22055","VEREADOR","2020","fim_regular","tce"
"M2020_22055_13_25000_150001167871","PB","22055","VEREADOR","2020","fim_regular","tce"
"M2020_22055_13_25100_150001167870","PB","22055","VEREADOR","2020","fim_regular","tce"
"M2020_22055_13_45111_150001166860","PB","22055","VEREADOR","2020","fim_regular","tce"
"M2020_22055_13_25222_150001167868","PB","22055","VEREADOR","2020","fim_regular","tce"
"M2012_22071_13_70222_150000012091","PB","22071","VEREADOR","2012","fim_regular","tce"
"M2012_22071_13_70000_150000012104","PB","22071","VEREADOR","2012","fim_regular","tce"
"M2012_22071_13_14123_150000012795","PB","22071","VEREADOR","2012","fim_regular","tce"
"M2012_22071_13_10000_150000009704","PB","22071","VEREADOR","2012","fim_regular","tce"
"M2012_22071_13_11222_150000012145","PB","22071","VEREADOR","2012","outro","tce"
"M2012_22071_13_14222_150000012799","PB","22071","VEREADOR","2012","fim_regular","tce"
"M2012_22071_13_15555_150000010084","PB","22071","VEREADOR","2012","fim_regular","tce"
"M2012_22071_13_22456_150000012813","PB","22071","VEREADOR","2012","fim_regular","tce"
"M2012_22071_13_25123_150000012804","PB","22071","VEREADOR","2012","fim_regular","tce"
"M2012_22071_13_25222_150000012796","PB","22071","VEREADOR","2012","fim_regular","tce"
"M2012_22071_13_40400_150000012103","PB","22071","VEREADOR","2012","fim_regular","tce"
"M2012_22071_13_40999_150000012093","PB","22071","VEREADOR","2012","fim_regular","tce"
"M2012_22071_13_55777_150000010076","PB","22071","VEREADOR","2012","fim_regular","tce"
"M2012_22071_13_22000_150000012822","PB","22071","VEREADOR","2012","fim_regular","tce"
"M2016_22071_13_55123_150000004913","PB","22071","VEREADOR","2016","outro","tce"
"M2016_22071_13_55888_150000004914","PB","22071","VEREADOR","2016","fim_regular","tce"
"M2016_22071_13_40222_150000011782","PB","22071","VEREADOR","2016","fim_regular","tce"
"M2016_22071_13_14444_150000011419","PB","22071","VEREADOR","2016","fim_regular","tce"
"M2016_22071_13_10000_150000010564","PB","22071","VEREADOR","2016","fim_regular","tce"
"M2016_22071_13_12345_150000011774","PB","22071","VEREADOR","2016","fim_regular","tce"
"M2016_22071_13_11444_150000010971","PB","22071","VEREADOR","2016","fim_regular","tce"
"M2016_22071_13_40400_150000011799","PB","22071","VEREADOR","2016","fim_regular","tce"
"M2016_22071_13_40777_150000011784","PB","22071","VEREADOR","2016","fim_regular","tce"
"M2016_22071_13_11456_150000010981","PB","22071","VEREADOR","2016","fim_regular","tce"
"M2016_22071_13_11789_150000010970","PB","22071","VEREADOR","2016","fim_regular","tce"
"M2016_22071_13_13555_150000010964","PB","22071","VEREADOR","2016","fim_regular","tce"
"M2016_22071_13_27000_150000011400","PB","22071","VEREADOR","2016","outro","tce"
"M2020_22071_13_45888_150001092675","PB","22071","VEREADOR","2020","fim_regular","tce"
"M2020_22071_13_11555_150001054880","PB","22071","VEREADOR","2020","fim_regular","tce"
"M2020_22071_13_11444_150001054873","PB","22071","VEREADOR","2020","outro","tce"
"M2020_22071_13_45000_150001092672","PB","22071","VEREADOR","2020","fim_regular","tce"
"M2020_22071_13_11789_150001054882","PB","22071","VEREADOR","2020","fim_regular","tce"
"M2020_22071_13_11111_150001054877","PB","22071","VEREADOR","2020","fim_regular","tce"
"M2020_22071_13_11000_150001054872","PB","22071","VEREADOR","2020","fim_regular","tce"
"M2020_22071_13_19000_150000837685","PB","22071","VEREADOR","2020","fim_regular","tce"
"M2020_22071_13_19456_150000837684","PB","22071","VEREADOR","2020","fim_regular","tce"
"M2020_22071_13_19999_150000837689","PB","22071","VEREADOR","2020","fim_regular","tce"
"M2020_22071_13_22222_150001072034","PB","22071","VEREADOR","2020","fim_regular","tce"
"M2020_22071_13_22333_150001072046","PB","22071","VEREADOR","2020","fim_regular","tce"
"M2020_22071_13_45100_150001092673","PB","22071","VEREADOR","2020","fim_regular","tce"
"M2020_22071_13_25633_150001212407","PB","22071","VEREADOR","2020","fim_regular","tce"
"M2020_22071_13_11222_150001054875","PB","22071","VEREADOR","2020","fim_regular","tce"
"M2012_22098_13_25123_150000012241","PB","22098","VEREADOR","2012","fim_regular","tce"
"M2012_22098_13_12222_150000011669","PB","22098","VEREADOR","2012","fim_regular","tce"
"M2012_22098_13_22222_150000011556","PB","22098","VEREADOR","2012","fim_regular","tce"
"M2012_22098_13_31444_150000012380","PB","22098","VEREADOR","2012","fim_regular","tce"
"M2012_22098_13_70000_150000012387","PB","22098","VEREADOR","2012","fim_regular","tce"
"M2012_22098_13_70777_150000012384","PB","22098","VEREADOR","2012","fim_regular","tce"
"M2012_22098_13_25800_150000012239","PB","22098","VEREADOR","2012","fim_regular","tce"
"M2012_22098_13_15555_150000011668","PB","22098","VEREADOR","2012","fim_regular","tce"
"M2012_22098_13_45555_150000012303","PB","22098","VEREADOR","2012","outro","tce"
"M2016_22098_13_12222_150000006852","PB","22098","VEREADOR","2016","outro","tce"
"M2016_22098_13_55555_150000006812","PB","22098","VEREADOR","2016","fim_regular","tce"
"M2016_22098_13_45000_150000007270","PB","22098","VEREADOR","2016","fim_regular","tce"
"M2016_22098_13_15111_150000006211","PB","22098","VEREADOR","2016","fim_regular","tce"
"M2016_22098_13_25555_150000006850","PB","22098","VEREADOR","2016","fim_regular","tce"
"M2016_22098_13_70000_150000006810","PB","22098","VEREADOR","2016","fim_regular","tce"
"M2016_22098_13_25800_150000006849","PB","22098","VEREADOR","2016","fim_regular","tce"
"M2016_22098_13_15555_150000006213","PB","22098","VEREADOR","2016","fim_regular","tce"
"M2012_22110_13_13013_150000010495","PB","22110","VEREADOR","2012","fim_regular","tce"
"M2012_22110_13_19999_150000007712","PB","22110","VEREADOR","2012","fim_regular","tce"
"M2012_22110_13_55555_150000007711","PB","22110","VEREADOR","2012","outro","tce"
"M2012_22110_13_22345_150000009681","PB","22110","VEREADOR","2012","fim_regular","tce"
"M2012_22110_13_13333_150000010497","PB","22110","VEREADOR","2012","fim_regular","tce"
"M2012_22110_13_22111_150000009671","PB","22110","VEREADOR","2012","fim_regular","tce"
"M2012_22110_13_22222_150000009674","PB","22110","VEREADOR","2012","fim_regular","tce"
"M2012_22110_13_25000_150000009669","PB","22110","VEREADOR","2012","fim_regular","tce"
"M2016_22110_13_55555_150000008074","PB","22110","VEREADOR","2016","fim_regular","tce"
"M2016_22110_13_40111_150000011633","PB","22110","VEREADOR","2016","fim_regular","tce"
"M2016_22110_13_13333_150000011640","PB","22110","VEREADOR","2016","fim_regular","tce"
"M2016_22110_13_45444_150000008066","PB","22110","VEREADOR","2016","fim_regular","tce"
"M2016_22110_13_22333_150000007085","PB","22110","VEREADOR","2016","fim_regular","tce"
"M2016_22110_13_45000_150000008065","PB","22110","VEREADOR","2016","fim_regular","tce"
"M2016_22110_13_13444_150000011641","PB","22110","VEREADOR","2016","fim_regular","tce"
"M2020_22110_13_11112_150001097263","PB","22110","VEREADOR","2020","fim_regular","tce"
"M2020_22110_13_45555_150001102157","PB","22110","VEREADOR","2020","fim_regular","tce"
"M2020_22110_13_11999_150001097264","PB","22110","VEREADOR","2020","fim_regular","tce"
"M2020_22110_13_11222_150001097256","PB","22110","VEREADOR","2020","fim_regular","tce"
"M2020_22110_13_45444_150001102165","PB","22110","VEREADOR","2020","fim_regular","tce"
"M2020_22110_13_45333_150001102158","PB","22110","VEREADOR","2020","fim_regular","tce"
"M2020_22110_13_51555_150001197504","PB","22110","VEREADOR","2020","fim_regular","tce"
"M2020_22110_13_13444_150001197429","PB","22110","VEREADOR","2020","fim_regular","tce"
"M2012_22136_13_55888_150000010653","PB","22136","VEREADOR","2012","fim_regular","tce"
"M2012_22136_13_55555_150000010656","PB","22136","VEREADOR","2012","fim_regular","tce"
"M2012_22136_13_13123_150000010650","PB","22136","VEREADOR","2012","fim_regular","tce"
"M2012_22136_13_15123_150000003946","PB","22136","VEREADOR","2012","fim_regular","tce"
"M2012_22136_13_55000_150000010649","PB","22136","VEREADOR","2012","fim_regular","tce"
"M2012_22136_13_55111_150000010655","PB","22136","VEREADOR","2012","fim_regular","tce"
"M2012_22136_13_55777_150000010652","PB","22136","VEREADOR","2012","fim_regular","tce"
"M2016_22136_13_55555_150000002292","PB","22136","VEREADOR","2016","fim_regular","tce"
"M2016_22136_13_13456_150000009994","PB","22136","VEREADOR","2016","fim_regular","tce"
"M2016_22136_13_55666_150000002293","PB","22136","VEREADOR","2016","fim_regular","tce"
"M2016_22136_13_15123_150000002300","PB","22136","VEREADOR","2016","fim_regular","tce"
"M2016_22136_13_17123_150000011530","PB","22136","VEREADOR","2016","fim_regular","tce"
"M2016_22136_13_55111_150000002301","PB","22136","VEREADOR","2016","fim_regular","tce"
"M2016_22136_13_12222_150000002294","PB","22136","VEREADOR","2016","fim_regular","tce"
"M2016_22136_13_14777_150000002299","PB","22136","VEREADOR","2016","fim_regular","tce"
"M2016_22136_13_14444_150000002302","PB","22136","VEREADOR","2016","fim_regular","tce"
"M2020_22136_13_23000_150000638693","PB","22136","VEREADOR","2020","fim_regular","tce"
"M2020_22136_13_23666_150000638689","PB","22136","VEREADOR","2020","fim_regular","tce"
"M2020_22136_13_23456_150000638695","PB","22136","VEREADOR","2020","fim_regular","tce"
"M2020_22136_13_23123_150000638698","PB","22136","VEREADOR","2020","fim_regular","tce"
"M2020_22136_13_23111_150000638692","PB","22136","VEREADOR","2020","fim_regular","tce"
"M2020_22136_13_23333_150000638688","PB","22136","VEREADOR","2020","fim_regular","tce"
"M2020_22136_13_22222_150000927688","PB","22136","VEREADOR","2020","fim_regular","tce"
"M2020_22136_13_22345_150000927686","PB","22136","VEREADOR","2020","fim_regular","tce"
"M2020_22136_13_23444_150000638690","PB","22136","VEREADOR","2020","fim_regular","tce"
"M2012_22152_13_14000_150000007288","PB","22152","VEREADOR","2012","fim_regular","tce"
"M2012_22152_13_14444_150000007283","PB","22152","VEREADOR","2012","fim_regular","tce"
"M2012_22152_13_19000_150000002052","PB","22152","VEREADOR","2012","fim_regular","tce"
"M2012_22152_13_19999_150000002055","PB","22152","VEREADOR","2012","fim_regular","tce"
"M2012_22152_13_25555_150000007290","PB","22152","VEREADOR","2012","fim_regular","tce"
"M2012_22152_13_40000_150000007286","PB","22152","VEREADOR","2012","fim_regular","tce"
"M2012_22152_13_55678_150000002054","PB","22152","VEREADOR","2012","fim_regular","tce"
"M2012_22152_13_25222_150000007285","PB","22152","VEREADOR","2012","fim_regular","tce"
"M2012_22152_13_65555_150000007284","PB","22152","VEREADOR","2012","fim_regular","tce"
"M2016_22152_13_14000_150000002184","PB","22152","VEREADOR","2016","fim_regular","tce"
"M2016_22152_13_31111_150000002191","PB","22152","VEREADOR","2016","fim_regular","tce"
"M2016_22152_13_14444_150000002185","PB","22152","VEREADOR","2016","fim_regular","tce"
"M2016_22152_13_31333_150000002192","PB","22152","VEREADOR","2016","outro","tce"
"M2016_22152_13_40000_150000004570","PB","22152","VEREADOR","2016","fim_regular","tce"
"M2016_22152_13_40123_150000004573","PB","22152","VEREADOR","2016","fim_regular","tce"
"M2016_22152_13_45000_150000002188","PB","22152","VEREADOR","2016","fim_regular","tce"
"M2016_22152_13_45555_150000002187","PB","22152","VEREADOR","2016","fim_regular","tce"
"M2016_22152_13_65555_150000004576","PB","22152","VEREADOR","2016","fim_regular","tce"
"M2020_22152_13_22444_150001073749","PB","22152","VEREADOR","2020","fim_regular","tce"
"M2020_22152_13_22608_150001073759","PB","22152","VEREADOR","2020","fim_regular","tce"
"M2020_22152_13_22222_150001073754","PB","22152","VEREADOR","2020","fim_regular","tce"
"M2020_22152_13_22111_150001073760","PB","22152","VEREADOR","2020","fim_regular","tce"
"M2020_22152_13_22000_150001073753","PB","22152","VEREADOR","2020","fim_regular","tce"
"M2020_22152_13_22555_150001073761","PB","22152","VEREADOR","2020","fim_regular","tce"
"M2020_22152_13_22333_150001073757","PB","22152","VEREADOR","2020","fim_regular","tce"
"M2020_22152_13_22777_150001073752","PB","22152","VEREADOR","2020","outro","tce"
"M2020_22152_13_40000_150000944877","PB","22152","VEREADOR","2020","fim_regular","tce"
"M2012_22179_13_45123_150000004700","PB","22179","VEREADOR","2012","fim_regular","tce"
"M2012_22179_13_55147_150000002508","PB","22179","VEREADOR","2012","fim_regular","tce"
"M2012_22179_13_45678_150000004694","PB","22179","VEREADOR","2012","fim_regular","tce"
"M2012_22179_13_19000_150000002503","PB","22179","VEREADOR","2012","fim_regular","tce"
"M2012_22179_13_19789_150000002505","PB","22179","VEREADOR","2012","fim_regular","tce"
"M2012_22179_13_55611_150000002500","PB","22179","VEREADOR","2012","fim_regular","tce"
"M2012_22179_13_45699_150000004703","PB","22179","VEREADOR","2012","fim_regular","tce"
"M2012_22179_13_25555_150000004698","PB","22179","VEREADOR","2012","fim_regular","tce"
"M2016_22179_13_31333_150000008807","PB","22179","VEREADOR","2016","fim_regular","tce"
"M2016_22179_13_55222_150000002676","PB","22179","VEREADOR","2016","fim_regular","tce"
"M2016_22179_13_25000_150000008802","PB","22179","VEREADOR","2016","fim_regular","tce"
"M2016_22179_13_55147_150000002678","PB","22179","VEREADOR","2016","fim_regular","tce"
"M2016_22179_13_19000_150000002691","PB","22179","VEREADOR","2016","fim_regular","tce"
"M2016_22179_13_11456_150000002681","PB","22179","VEREADOR","2016","fim_regular","tce"
"M2016_22179_13_17123_150000008812","PB","22179","VEREADOR","2016","fim_regular","tce"
"M2016_22179_13_70000_150000008805","PB","22179","VEREADOR","2016","fim_regular","tce"
"M2020_22179_13_22123_150000673140","PB","22179","VEREADOR","2020","fim_regular","tce"
"M2020_22179_13_22147_150000673144","PB","22179","VEREADOR","2020","fim_regular","tce"
"M2020_22179_13_22111_150000673149","PB","22179","VEREADOR","2020","fim_regular","tce"
"M2020_22179_13_22333_150000673148","PB","22179","VEREADOR","2020","fim_regular","tce"
"M2020_22179_13_22456_150000673142","PB","22179","VEREADOR","2020","outro","tce"
"M2020_22179_13_22555_150000673145","PB","22179","VEREADOR","2020","fim_regular","tce"
"M2020_22179_13_23000_150000662112","PB","22179","VEREADOR","2020","fim_regular","tce"
"M2020_22179_13_23123_150000662113","PB","22179","VEREADOR","2020","fim_regular","tce"
"M2020_22179_13_22222_150000673147","PB","22179","VEREADOR","2020","fim_regular","tce"
"M2012_22195_13_40456_150000001664","PB","22195","VEREADOR","2012","fim_regular","tce"
"M2012_22195_13_55555_150000011966","PB","22195","VEREADOR","2012","outro","tce"
"M2012_22195_13_55123_150000011958","PB","22195","VEREADOR","2012","fim_regular","tce"
"M2012_22195_13_15555_150000011951","PB","22195","VEREADOR","2012","fim_regular","tce"
"M2012_22195_13_22000_150000011956","PB","22195","VEREADOR","2012","fim_regular","tce"
"M2012_22195_13_45111_150000011960","PB","22195","VEREADOR","2012","fim_regular","tce"
"M2012_22195_13_45456_150000011952","PB","22195","VEREADOR","2012","fim_regular","tce"
"M2012_22195_13_45555_150000011965","PB","22195","VEREADOR","2012","fim_regular","tce"
"M2012_22195_13_55456_150000011963","PB","22195","VEREADOR","2012","fim_regular","tce"
"M2012_22217_13_11111_150000008971","PB","22217","VEREADOR","2012","fim_regular","tce"
"M2012_22217_13_12345_150000008963","PB","22217","VEREADOR","2012","outro","tce"
"M2012_22217_13_55555_150000008968","PB","22217","VEREADOR","2012","fim_regular","tce"
"M2012_22217_13_12369_150000008974","PB","22217","VEREADOR","2012","fim_regular","tce"
"M2012_22217_13_19999_150000013658","PB","22217","VEREADOR","2012","fim_regular","tce"
"M2012_22217_13_27777_150000008973","PB","22217","VEREADOR","2012","fim_regular","tce"
"M2012_22217_13_28888_150000007360","PB","22217","VEREADOR","2012","fim_regular","tce"
"M2012_22217_13_31234_150000013649","PB","22217","VEREADOR","2012","fim_regular","tce"
"M2012_22217_13_36999_150000013661","PB","22217","VEREADOR","2012","fim_regular","tce"
"M2012_22217_13_13333_150000013648","PB","22217","VEREADOR","2012","fim_regular","tce"
"M2016_22217_13_11111_150000001434","PB","22217","VEREADOR","2016","fim_regular","tce"
"M2016_22217_13_40123_150000001448","PB","22217","VEREADOR","2016","fim_regular","tce"
"M2016_22217_13_40000_150000001443","PB","22217","VEREADOR","2016","fim_regular","tce"
"M2016_22217_13_19999_150000001450","PB","22217","VEREADOR","2016","fim_regular","tce"
"M2016_22217_13_31234_150000004732","PB","22217","VEREADOR","2016","fim_regular","tce"
"M2016_22217_13_33333_150000001433","PB","22217","VEREADOR","2016","fim_regular","tce"
"M2016_22217_13_13333_150000001440","PB","22217","VEREADOR","2016","fim_regular","tce"
"M2016_22217_13_17123_150000004746","PB","22217","VEREADOR","2016","fim_regular","tce"
"M2016_22217_13_20000_150000004727","PB","22217","VEREADOR","2016","fim_regular","tce"
"M2016_22217_13_22222_150000001442","PB","22217","VEREADOR","2016","fim_regular","tce"
"M2016_22217_13_25555_150000001437","PB","22217","VEREADOR","2016","outro","tce"
"M2020_22217_13_25678_150000634570","PB","22217","VEREADOR","2020","fim_regular","tce"
"M2012_22233_13_22444_150000009800","PB","22233","VEREADOR","2012","fim_regular","tce"
"M2012_22233_13_14111_150000011202","PB","22233","VEREADOR","2012","outro","tce"
"M2012_22233_13_15000_150000011204","PB","22233","VEREADOR","2012","fim_regular","tce"
"M2012_22233_13_22222_150000009805","PB","22233","VEREADOR","2012","fim_regular","tce"
"M2012_22233_13_13123_150000009810","PB","22233","VEREADOR","2012","fim_regular","tce"
"M2012_22233_13_13222_150000009802","PB","22233","VEREADOR","2012","outro","tce"
"M2012_22233_13_40123_150000012555","PB","22233","VEREADOR","2012","fim_regular","tce"
"M2012_22233_13_70123_150000012742","PB","22233","VEREADOR","2012","outro","tce"
"M2012_22233_13_55456_150000012720","PB","22233","VEREADOR","2012","fim_regular","tce"
"M2016_22233_13_22123_150000005317","PB","22233","VEREADOR","2016","fim_regular","tce"
"M2016_22233_13_22222_150000005316","PB","22233","VEREADOR","2016","outro","tce"
"M2016_22233_13_15555_150000005314","PB","22233","VEREADOR","2016","fim_regular","tce"
"M2016_22233_13_22555_150000005319","PB","22233","VEREADOR","2016","fim_regular","tce"
"M2016_22233_13_27777_150000005800","PB","22233","VEREADOR","2016","fim_regular","tce"
"M2016_22233_13_70123_150000005806","PB","22233","VEREADOR","2016","fim_regular","tce"
"M2016_22233_13_70888_150000005798","PB","22233","VEREADOR","2016","fim_regular","tce"
"M2016_22233_13_90123_150000005344","PB","22233","VEREADOR","2016","fim_regular","tce"
"M2016_22233_13_45000_150000005802","PB","22233","VEREADOR","2016","fim_regular","tce"
"M2020_22233_13_10000_150000754184","PB","22233","VEREADOR","2020","fim_regular","tce"
"M2020_22233_13_23555_150000711386","PB","22233","VEREADOR","2020","fim_regular","tce"
"M2020_22233_13_11555_150000754194","PB","22233","VEREADOR","2020","fim_regular","tce"
"M2020_22233_13_10555_150000754176","PB","22233","VEREADOR","2020","fim_regular","tce"
"M2020_22233_13_70123_150000754204","PB","22233","VEREADOR","2020","fim_regular","tce"
"M2020_22233_13_11111_150000754189","PB","22233","VEREADOR","2020","outro","tce"
"M2020_22233_13_11345_150000754198","PB","22233","VEREADOR","2020","fim_regular","tce"
"M2020_22233_13_11789_150000754188","PB","22233","VEREADOR","2020","fim_regular","tce"
"M2020_22233_13_23111_150000711388","PB","22233","VEREADOR","2020","fim_regular","tce"
"M2020_22233_13_11000_150000754190","PB","22233","VEREADOR","2020","fim_regular","tce"
"M2012_22250_13_14222_150000009718","PB","22250","VEREADOR","2012","fim_regular","tce"
"M2012_22250_13_13333_150000013875","PB","22250","VEREADOR","2012","fim_regular","tce"
"M2012_22250_13_14190_150000009721","PB","22250","VEREADOR","2012","fim_regular","tce"
"M2012_22250_13_14199_150000009738","PB","22250","VEREADOR","2012","fim_regular","tce"
"M2012_22250_13_15555_150000005812","PB","22250","VEREADOR","2012","fim_regular","tce"
"M2012_22250_13_65123_150000010945","PB","22250","VEREADOR","2012","fim_regular","tce"
"M2016_22250_13_55123_150000008211","PB","22250","VEREADOR","2016","fim_regular","tce"
"M2016_22250_13_45111_150000008592","PB","22250","VEREADOR","2016","fim_regular","tce"
"M2016_22250_13_15222_150000008600","PB","22250","VEREADOR","2016","fim_regular","tce"
"M2016_22250_13_12345_150000009062","PB","22250","VEREADOR","2016","outro","tce"
"M2016_22250_13_14611_150000009055","PB","22250","VEREADOR","2016","fim_regular","tce"
"M2016_22250_13_25111_150000009054","PB","22250","VEREADOR","2016","fim_regular","tce"
"M2016_22250_13_15789_150000008596","PB","22250","VEREADOR","2016","fim_regular","tce"
"M2016_22250_13_12000_150000009064","PB","22250","VEREADOR","2016","fim_regular","tce"
"M2016_22250_13_22444_150000003184","PB","22250","VEREADOR","2016","fim_regular","tce"
"M2016_22250_13_22456_150000003186","PB","22250","VEREADOR","2016","fim_regular","tce"
"M2016_22250_13_27888_150000003856","PB","22250","VEREADOR","2016","fim_regular","tce"
"M2016_22250_13_55333_150000008205","PB","22250","VEREADOR","2016","fim_regular","tce"
"M2016_22250_13_70123_150000011828","PB","22250","VEREADOR","2016","fim_regular","tce"
"M2016_22250_13_70234_150000011827","PB","22250","VEREADOR","2016","fim_regular","tce"
"M2016_22250_13_90000_150000009060","PB","22250","VEREADOR","2016","fim_regular","tce"
"M2012_22276_13_11000_150000010433","PB","22276","VEREADOR","2012","fim_regular","tce"
"M2012_22276_13_22611_150000011250","PB","22276","VEREADOR","2012","fim_regular","tce"
"M2012_22276_13_15000_150000010429","PB","22276","VEREADOR","2012","fim_regular","tce"
"M2012_22276_13_15222_150000010434","PB","22276","VEREADOR","2012","fim_regular","tce"
"M2012_22276_13_15444_150000010436","PB","22276","VEREADOR","2012","fim_regular","tce"
"M2012_22276_13_15888_150000010428","PB","22276","VEREADOR","2012","fim_regular","tce"
"M2012_22276_13_22000_150000011254","PB","22276","VEREADOR","2012","fim_regular","tce"
"M2012_22276_13_22456_150000011248","PB","22276","VEREADOR","2012","fim_regular","tce"
"M2012_22276_13_33000_150000010437","PB","22276","VEREADOR","2012","fim_regular","tce"
"M2012_22276_13_45678_150000010403","PB","22276","VEREADOR","2012","fim_regular","tce"
"M2016_22276_13_22611_150000006163","PB","22276","VEREADOR","2016","outro","tce"
"M2016_22276_13_40123_150000005708","PB","22276","VEREADOR","2016","fim_regular","tce"
"M2016_22276_13_40444_150000005716","PB","22276","VEREADOR","2016","fim_regular","tce"
"M2016_22276_13_40000_150000005711","PB","22276","VEREADOR","2016","fim_regular","tce"
"M2016_22276_13_22000_150000006165","PB","22276","VEREADOR","2016","fim_regular","tce"
"M2016_22276_13_22456_150000006170","PB","22276","VEREADOR","2016","fim_regular","tce"
"M2016_22276_13_15222_150000010180","PB","22276","VEREADOR","2016","fim_regular","tce"
"M2016_22276_13_13000_150000005712","PB","22276","VEREADOR","2016","fim_regular","tce"
"M2016_22276_13_22222_150000006164","PB","22276","VEREADOR","2016","outro","tce"
"M2020_22276_13_55555_150001072717","PB","22276","VEREADOR","2020","fim_regular","tce"
"M2020_22276_13_22611_150000798061","PB","22276","VEREADOR","2020","fim_regular","tce"
"M2020_22276_13_23000_150000798319","PB","22276","VEREADOR","2020","fim_regular","tce"
"M2020_22276_13_22000_150000798065","PB","22276","VEREADOR","2020","fim_regular","tce"
"M2020_22276_13_22456_150000798054","PB","22276","VEREADOR","2020","fim_regular","tce"
"M2020_22276_13_23333_150000798320","PB","22276","VEREADOR","2020","outro","tce"
"M2020_22276_13_22666_150000798053","PB","22276","VEREADOR","2020","fim_regular","tce"
"M2020_22276_13_23456_150000798329","PB","22276","VEREADOR","2020","fim_regular","tce"
"M2020_22276_13_77666_150001068422","PB","22276","VEREADOR","2020","outro","tce"
"M2020_22276_13_77777_150001068420","PB","22276","VEREADOR","2020","fim_regular","tce"
"M2012_22292_13_15610_150000001209","PB","22292","VEREADOR","2012","fim_regular","tce"
"M2012_22292_13_11111_150000001202","PB","22292","VEREADOR","2012","fim_regular","tce"
"M2012_22292_13_15123_150000001210","PB","22292","VEREADOR","2012","outro","tce"
"M2012_22292_13_15555_150000001208","PB","22292","VEREADOR","2012","outro","tce"
"M2012_22292_13_15666_150000001200","PB","22292","VEREADOR","2012","fim_regular","tce"
"M2012_22292_13_20222_150000001204","PB","22292","VEREADOR","2012","fim_regular","tce"
"M2012_22292_13_25789_150000003976","PB","22292","VEREADOR","2012","fim_regular","tce"
"M2012_22292_13_25123_150000003967","PB","22292","VEREADOR","2012","fim_regular","tce"
"M2012_22314_13_45123_150000010142","PB","22314","VEREADOR","2012","fim_regular","tce"
"M2012_22314_13_15111_150000010150","PB","22314","VEREADOR","2012","outro","tce"
"M2012_22314_13_15789_150000010156","PB","22314","VEREADOR","2012","fim_regular","tce"
"M2012_22314_13_23456_150000010149","PB","22314","VEREADOR","2012","fim_regular","tce"
"M2012_22314_13_25123_150000008915","PB","22314","VEREADOR","2012","fim_regular","tce"
"M2012_22314_13_25678_150000008904","PB","22314","VEREADOR","2012","fim_regular","tce"
"M2012_22314_13_40555_150000008909","PB","22314","VEREADOR","2012","fim_regular","tce"
"M2012_22314_13_40222_150000008917","PB","22314","VEREADOR","2012","fim_regular","tce"
"M2016_22314_13_15123_150000003111","PB","22314","VEREADOR","2016","fim_regular","tce"
"M2016_22314_13_31222_150000011452","PB","22314","VEREADOR","2016","fim_regular","tce"
"M2016_22314_13_90000_150000003102","PB","22314","VEREADOR","2016","fim_regular","tce"
"M2016_22314_13_25678_150000003101","PB","22314","VEREADOR","2016","fim_regular","tce"
"M2016_22314_13_14444_150000003516","PB","22314","VEREADOR","2016","fim_regular","tce"
"M2016_22314_13_15555_150000003116","PB","22314","VEREADOR","2016","fim_regular","tce"
"M2016_22314_13_45555_150000011461","PB","22314","VEREADOR","2016","fim_regular","tce"
"M2016_22314_13_55555_150000003100","PB","22314","VEREADOR","2016","fim_regular","tce"
"M2016_22314_13_45222_150000011450","PB","22314","VEREADOR","2016","fim_regular","tce"
"M2016_22314_13_22222_150000011459","PB","22314","VEREADOR","2016","fim_regular","tce"
"M2020_22314_13_45000_150001185059","PB","22314","VEREADOR","2020","fim_regular","tce"
"M2020_22314_13_12111_150001059611","PB","22314","VEREADOR","2020","outro","tce"
"M2020_22314_13_11789_150001200102","PB","22314","VEREADOR","2020","fim_regular","tce"
"M2020_22314_13_45678_150001185066","PB","22314","VEREADOR","2020","fim_regular","tce"
"M2020_22314_13_12345_150001059605","PB","22314","VEREADOR","2020","fim_regular","tce"
"M2020_22314_13_45555_150001185060","PB","22314","VEREADOR","2020","fim_regular","tce"
"M2020_22314_13_11111_150001200109","PB","22314","VEREADOR","2020","fim_regular","tce"
"M2020_22314_13_11444_150001200106","PB","22314","VEREADOR","2020","fim_regular","tce"
"M2020_22314_13_36123_150000862391","PB","22314","VEREADOR","2020","fim_regular","tce"
"M2020_22314_13_45222_150001185058","PB","22314","VEREADOR","2020","fim_regular","tce"
"M2012_22330_13_55555_150000005325","PB","22330","VEREADOR","2012","fim_regular","tce"
"M2012_22330_13_15555_150000008771","PB","22330","VEREADOR","2012","fim_regular","tce"
"M2012_22330_13_15666_150000008762","PB","22330","VEREADOR","2012","fim_regular","tce"
"M2012_22330_13_15777_150000008763","PB","22330","VEREADOR","2012","outro","tce"
"M2012_22330_13_25000_150000005322","PB","22330","VEREADOR","2012","fim_regular","tce"
"M2012_22330_13_40000_150000005314","PB","22330","VEREADOR","2012","fim_regular","tce"
"M2012_22330_13_45621_150000005317","PB","22330","VEREADOR","2012","fim_regular","tce"
"M2016_22330_13_40777_150000011931","PB","22330","VEREADOR","2016","fim_regular","tce"
"M2016_22330_13_15555_150000001622","PB","22330","VEREADOR","2016","fim_regular","tce"
"M2016_22330_13_25000_150000011925","PB","22330","VEREADOR","2016","outro","tce"
"M2016_22330_13_12345_150000011930","PB","22330","VEREADOR","2016","fim_regular","tce"
"M2016_22330_13_15000_150000001634","PB","22330","VEREADOR","2016","fim_regular","tce"
"M2016_22330_13_15111_150000001624","PB","22330","VEREADOR","2016","fim_regular","tce"
"M2016_22330_13_15666_150000001630","PB","22330","VEREADOR","2016","fim_regular","tce"
"M2016_22330_13_40111_150000011929","PB","22330","VEREADOR","2016","fim_regular","tce"
"M2016_22330_13_40222_150000011926","PB","22330","VEREADOR","2016","fim_regular","tce"
"M2012_22357_13_17456_150000008205","PB","22357","VEREADOR","2012","outro","tce"
"M2012_22357_13_12345_150000006692","PB","22357","VEREADOR","2012","fim_regular","tce"
"M2012_22357_13_25678_150000004578","PB","22357","VEREADOR","2012","fim_regular","tce"
"M2012_22357_13_12456_150000006688","PB","22357","VEREADOR","2012","fim_regular","tce"
"M2012_22357_13_13333_150000008216","PB","22357","VEREADOR","2012","fim_regular","tce"
"M2012_22357_13_15221_150000008204","PB","22357","VEREADOR","2012","fim_regular","tce"
"M2012_22357_13_19123_150000006548","PB","22357","VEREADOR","2012","fim_regular","tce"
"M2012_22357_13_22223_150000006691","PB","22357","VEREADOR","2012","fim_regular","tce"
"M2016_22357_13_12345_150000000949","PB","22357","VEREADOR","2016","fim_regular","tce"
"M2016_22357_13_12456_150000000944","PB","22357","VEREADOR","2016","fim_regular","tce"
"M2016_22357_13_22000_150000002236","PB","22357","VEREADOR","2016","outro","tce"
"M2016_22357_13_17234_150000001768","PB","22357","VEREADOR","2016","fim_regular","tce"
"M2016_22357_13_17888_150000001770","PB","22357","VEREADOR","2016","fim_regular","tce"
"M2016_22357_13_20456_150000000939","PB","22357","VEREADOR","2016","fim_regular","tce"
"M2016_22357_13_40456_150000002234","PB","22357","VEREADOR","2016","fim_regular","tce"
"M2016_22357_13_45555_150000000838","PB","22357","VEREADOR","2016","fim_regular","tce"
"M2020_22357_13_15456_150000660153","PB","22357","VEREADOR","2020","fim_regular","tce"
"M2020_22357_13_70123_150000634734","PB","22357","VEREADOR","2020","outro","tce"
"M2020_22357_13_15444_150000660152","PB","22357","VEREADOR","2020","fim_regular","tce"
"M2020_22357_13_12122_150000638564","PB","22357","VEREADOR","2020","fim_regular","tce"
"M2020_22357_13_12222_150000638559","PB","22357","VEREADOR","2020","fim_regular","tce"
"M2020_22357_13_12444_150000638555","PB","22357","VEREADOR","2020","fim_regular","tce"
"M2020_22357_13_12456_150000638571","PB","22357","VEREADOR","2020","fim_regular","tce"
"M2020_22357_13_25123_150000638486","PB","22357","VEREADOR","2020","fim_regular","tce"
"M2020_22357_13_25800_150000638490","PB","22357","VEREADOR","2020","fim_regular","tce"
"M2020_22357_13_25222_150000638488","PB","22357","VEREADOR","2020","fim_regular","tce"
"M2016_22373_13_17777_150000011463","PB","22373","VEREADOR","2016","fim_regular","tce"
"M2016_22373_13_14333_150000011475","PB","22373","VEREADOR","2016","fim_regular","tce"
"M2016_22373_13_14444_150000011472","PB","22373","VEREADOR","2016","fim_regular","tce"
"M2016_22373_13_40000_150000007612","PB","22373","VEREADOR","2016","fim_regular","tce"
"M2016_22373_13_40123_150000007613","PB","22373","VEREADOR","2016","fim_regular","tce"
"M2016_22373_13_14111_150000011473","PB","22373","VEREADOR","2016","fim_regular","tce"
"M2016_22373_13_22222_150000011465","PB","22373","VEREADOR","2016","fim_regular","tce"
"M2016_22373_13_70123_150000007608","PB","22373","VEREADOR","2016","fim_regular","tce"
"M2016_22373_13_90789_150000007605","PB","22373","VEREADOR","2016","fim_regular","tce"
"M2020_22373_13_14555_150000871876","PB","22373","VEREADOR","2020","fim_regular","tce"
"M2020_22373_13_11000_150000815362","PB","22373","VEREADOR","2020","fim_regular","tce"
"M2020_22373_13_11444_150000815351","PB","22373","VEREADOR","2020","fim_regular","tce"
"M2020_22373_13_11123_150000815355","PB","22373","VEREADOR","2020","fim_regular","tce"
"M2020_22373_13_11456_150000815354","PB","22373","VEREADOR","2020","fim_regular","tce"
"M2020_22373_13_14114_150000871877","PB","22373","VEREADOR","2020","fim_regular","tce"
"M2020_22373_13_14333_150000871867","PB","22373","VEREADOR","2020","fim_regular","tce"
"M2020_22373_13_11333_150000815363","PB","22373","VEREADOR","2020","fim_regular","tce"
"M2012_22390_13_40000_150000001683","PB","22390","VEREADOR","2012","fim_regular","tce"
"M2012_22390_13_40888_150000001685","PB","22390","VEREADOR","2012","fim_regular","tce"
"M2012_22390_13_40777_150000001687","PB","22390","VEREADOR","2012","fim_regular","tce"
"M2012_22390_13_40123_150000001680","PB","22390","VEREADOR","2012","fim_regular","tce"
"M2012_22390_13_45222_150000003764","PB","22390","VEREADOR","2012","fim_regular","tce"
"M2012_22390_13_55555_150000003759","PB","22390","VEREADOR","2012","fim_regular","tce"
"M2016_22390_13_45000_150000008914","PB","22390","VEREADOR","2016","fim_regular","tce"
"M2016_22390_13_14000_150000008911","PB","22390","VEREADOR","2016","fim_regular","tce"
"M2016_22390_13_25555_150000010421","PB","22390","VEREADOR","2016","fim_regular","tce"
"M2016_22390_13_45777_150000008916","PB","22390","VEREADOR","2016","fim_regular","tce"
"M2016_22390_13_45123_150000008915","PB","22390","VEREADOR","2016","fim_regular","tce"
"M2016_22390_13_55555_150000010424","PB","22390","VEREADOR","2016","outro","tce"
"M2016_22390_13_45333_150000008913","PB","22390","VEREADOR","2016","outro","tce"
"M2016_22390_13_55111_150000010427","PB","22390","VEREADOR","2016","outro","tce"
"M2016_22390_13_40000_150000010426","PB","22390","VEREADOR","2016","fim_regular","tce"
"M2016_22390_13_45555_150000008923","PB","22390","VEREADOR","2016","fim_regular","tce"
"M2016_22390_13_55000_150000010433","PB","22390","VEREADOR","2016","fim_regular","tce"
"M2012_22411_13_15000_150000011931","PB","22411","VEREADOR","2012","outro","tce"
"M2012_22411_13_55888_150000010526","PB","22411","VEREADOR","2012","outro","tce"
"M2012_22438_13_25789_150000001430","PB","22438","VEREADOR","2012","outro","tce"
"M2012_22438_13_45456_150000001429","PB","22438","VEREADOR","2012","fim_regular","tce"
"M2012_22438_13_25123_150000001438","PB","22438","VEREADOR","2012","fim_regular","tce"
"M2012_22438_13_23333_150000000161","PB","22438","VEREADOR","2012","fim_regular","tce"
"M2012_22438_13_25000_150000001442","PB","22438","VEREADOR","2012","fim_regular","tce"
"M2012_22438_13_25333_150000001432","PB","22438","VEREADOR","2012","fim_regular","tce"
"M2012_22438_13_25606_150000001436","PB","22438","VEREADOR","2012","fim_regular","tce"
"M2012_22438_13_55789_150000000157","PB","22438","VEREADOR","2012","fim_regular","tce"
"M2012_22438_13_55555_150000000152","PB","22438","VEREADOR","2012","fim_regular","tce"
"M2016_22438_13_25789_150000001053","PB","22438","VEREADOR","2016","fim_regular","tce"
"M2016_22438_13_15123_150000000910","PB","22438","VEREADOR","2016","fim_regular","tce"
"M2016_22438_13_25000_150000001044","PB","22438","VEREADOR","2016","outro","tce"
"M2016_22438_13_22123_150000000801","PB","22438","VEREADOR","2016","fim_regular","tce"
"M2016_22438_13_25111_150000001050","PB","22438","VEREADOR","2016","fim_regular","tce"
"M2016_22438_13_25333_150000001052","PB","22438","VEREADOR","2016","fim_regular","tce"
"M2016_22438_13_25555_150000001056","PB","22438","VEREADOR","2016","fim_regular","tce"
"M2016_22438_13_40123_150000000912","PB","22438","VEREADOR","2016","fim_regular","tce"
"M2016_22438_13_40111_150000000913","PB","22438","VEREADOR","2016","fim_regular","tce"
"M2020_22438_13_25789_150000651982","PB","22438","VEREADOR","2020","fim_regular","tce"
"M2020_22438_13_25123_150000651980","PB","22438","VEREADOR","2020","fim_regular","tce"
"M2020_22438_13_25000_150000651978","PB","22438","VEREADOR","2020","fim_regular","tce"
"M2020_22438_13_10123_150000646085","PB","22438","VEREADOR","2020","fim_regular","tce"
"M2020_22438_13_25111_150000651985","PB","22438","VEREADOR","2020","fim_regular","tce"
"M2020_22438_13_25333_150000651983","PB","22438","VEREADOR","2020","fim_regular","tce"
"M2020_22438_13_25555_150000651981","PB","22438","VEREADOR","2020","outro","tce"
"M2020_22438_13_10000_150000646086","PB","22438","VEREADOR","2020","fim_regular","tce"
"M2020_22438_13_10111_150000646082","PB","22438","VEREADOR","2020","fim_regular","tce"
"M2016_23000_13_22333_170000012785","PE","23000","VEREADOR","2016","fim_regular","tce"
"M2020_23000_13_70555_170000645209","PE","23000","VEREADOR","2020","fim_regular","tce"
"M2012_23019_13_17888_170000007625","PE","23019","VEREADOR","2012","fim_regular","tce"
"M2012_23019_13_23000_170000005633","PE","23019","VEREADOR","2012","fim_regular","tce"
"M2016_23019_13_15000_170000008928","PE","23019","VEREADOR","2016","fim_regular","tce"
"M2016_23019_13_51000_170000009224","PE","23019","VEREADOR","2016","fim_regular","tce"
"M2016_23019_13_51222_170000009214","PE","23019","VEREADOR","2016","fim_regular","tce"
"M2016_23019_13_51555_170000009221","PE","23019","VEREADOR","2016","fim_regular","tce"
"M2020_23019_13_55700_170000803060","PE","23019","VEREADOR","2020","fim_regular","tce"
"M2020_23019_13_40123_170000804010","PE","23019","VEREADOR","2020","fim_regular","tce"
"M2020_23019_13_40690_170000804011","PE","23019","VEREADOR","2020","fim_regular","tce"
"M2020_23019_13_40640_170000804006","PE","23019","VEREADOR","2020","fim_regular","tce"
"M2020_23019_13_55000_170000803051","PE","23019","VEREADOR","2020","fim_regular","tce"
"M2020_23019_13_55555_170000803056","PE","23019","VEREADOR","2020","fim_regular","tce"
"M2020_23019_13_12000_170000803331","PE","23019","VEREADOR","2020","fim_regular","tce"
"M2020_23019_13_12222_170000803328","PE","23019","VEREADOR","2020","fim_regular","tce"
"M2020_23019_13_14999_170000803291","PE","23019","VEREADOR","2020","fim_regular","tce"
"M2020_23019_13_19500_170000803563","PE","23019","VEREADOR","2020","fim_regular","tce"
"M2020_23019_13_55888_170000803058","PE","23019","VEREADOR","2020","fim_regular","tce"
"M2020_23019_13_40789_170000804016","PE","23019","VEREADOR","2020","fim_regular","tce"
"M2012_23035_13_55999_170000003401","PE","23035","VEREADOR","2012","fim_regular","tce"
"M2016_23035_13_19999_170000001431","PE","23035","VEREADOR","2016","fim_regular","tce"
"M2016_23035_13_40111_170000007594","PE","23035","VEREADOR","2016","fim_regular","tce"
"M2016_23035_13_40000_170000007586","PE","23035","VEREADOR","2016","fim_regular","tce"
"M2020_23035_13_14000_170000845269","PE","23035","VEREADOR","2020","fim_regular","tce"
"M2020_23035_13_14444_170000845272","PE","23035","VEREADOR","2020","fim_regular","tce"
"M2020_23035_13_14555_170000845261","PE","23035","VEREADOR","2020","fim_regular","tce"
"M2020_23035_13_14666_170000845262","PE","23035","VEREADOR","2020","fim_regular","tce"
"M2020_23035_13_40999_170000779998","PE","23035","VEREADOR","2020","fim_regular","tce"
"M2020_23035_13_12000_170000828819","PE","23035","VEREADOR","2020","fim_regular","tce"
"M2020_23035_13_12222_170000828818","PE","23035","VEREADOR","2020","fim_regular","tce"
"M2020_23035_13_14111_170000845266","PE","23035","VEREADOR","2020","fim_regular","tce"
"M2020_23035_13_40555_170000780003","PE","23035","VEREADOR","2020","fim_regular","tce"
"M2020_23035_13_40777_170000780004","PE","23035","VEREADOR","2020","fim_regular","tce"
"M2020_23035_13_40888_170000780002","PE","23035","VEREADOR","2020","fim_regular","tce"
"M2020_23043_13_10123_170000795919","PE","23043","VEREADOR","2020","fim_regular","tce"
"M2020_23043_13_19222_170001100945","PE","23043","VEREADOR","2020","falecimento","tce"
"M2020_23043_13_11011_170001186026","PE","23043","VEREADOR","2020","fim_regular","tce"
"M2020_23043_13_10333_170000795916","PE","23043","VEREADOR","2020","fim_regular","tce"
"M2020_23043_13_11123_170001186030","PE","23043","VEREADOR","2020","fim_regular","tce"
"M2020_23043_13_11555_170001186029","PE","23043","VEREADOR","2020","fim_regular","tce"
"M2020_23043_13_14345_170000792827","PE","23043","VEREADOR","2020","fim_regular","tce"
"M2012_23060_13_13111_170000004927","PE","23060","VEREADOR","2012","fim_regular","tce"
"M2012_23060_13_17777_170000006633","PE","23060","VEREADOR","2012","fim_regular","tce"
"M2016_23060_13_25111_170000014024","PE","23060","VEREADOR","2016","fim_regular","tce"
"M2020_23060_13_40140_170000747965","PE","23060","VEREADOR","2020","falecimento","tce"
"M2020_23060_13_40555_170000747955","PE","23060","VEREADOR","2020","falecimento","tce"
"M2020_23060_13_40111_170000747963","PE","23060","VEREADOR","2020","fim_regular","tce"
"M2020_23060_13_40000_170000747959","PE","23060","VEREADOR","2020","fim_regular","tce"
"M2020_23060_13_10123_170001118173","PE","23060","VEREADOR","2020","fim_regular","tce"
"M2020_23060_13_20000_170001118043","PE","23060","VEREADOR","2020","fim_regular","tce"
"M2020_23060_13_20789_170001118046","PE","23060","VEREADOR","2020","fim_regular","tce"
"M2020_23060_13_40777_170000747962","PE","23060","VEREADOR","2020","fim_regular","tce"
"M2020_23060_13_40100_170000747953","PE","23060","VEREADOR","2020","fim_regular","tce"
"M2012_23078_13_19333_170000009695","PE","23078","VEREADOR","2012","fim_regular","tce"
"M2012_23078_13_44000_170000001802","PE","23078","VEREADOR","2012","fim_regular","tce"
"M2012_23078_13_40000_170000009975","PE","23078","VEREADOR","2012","fim_regular","tce"
"M2012_23078_13_36666_170000009686","PE","23078","VEREADOR","2012","fim_regular","tce"
"M2012_23078_13_19999_170000009693","PE","23078","VEREADOR","2012","fim_regular","tce"
"M2012_23078_13_31444_170000009970","PE","23078","VEREADOR","2012","fim_regular","tce"
"M2012_23078_13_40140_170000009980","PE","23078","VEREADOR","2012","fim_regular","tce"
"M2012_23078_13_55555_170000009690","PE","23078","VEREADOR","2012","fim_regular","tce"
"M2016_23078_13_11111_170000012706","PE","23078","VEREADOR","2016","fim_regular","tce"
"M2016_23078_13_19000_170000016879","PE","23078","VEREADOR","2016","fim_regular","tce"
"M2016_23078_13_40140_170000016891","PE","23078","VEREADOR","2016","fim_regular","tce"
"M2016_23078_13_31789_170000013291","PE","23078","VEREADOR","2016","fim_regular","tce"
"M2020_23078_13_40222_170001166574","PE","23078","VEREADOR","2020","fim_regular","tce"
"M2020_23078_13_40333_170001166576","PE","23078","VEREADOR","2020","fim_regular","tce"
"M2020_23078_13_70222_170001166208","PE","23078","VEREADOR","2020","fim_regular","tce"
"M2020_23078_13_90222_170000660210","PE","23078","VEREADOR","2020","fim_regular","tce"
"M2020_23078_13_90456_170000660217","PE","23078","VEREADOR","2020","fim_regular","tce"
"M2020_23078_13_90789_170000660212","PE","23078","VEREADOR","2020","fim_regular","tce"
"M2012_23086_13_13000_170000012409","PE","23086","VEREADOR","2012","fim_regular","tce"
"M2012_23086_13_22222_170000006043","PE","23086","VEREADOR","2012","fim_regular","tce"
"M2012_23086_13_20000_170000012408","PE","23086","VEREADOR","2012","fim_regular","tce"
"M2012_23086_13_22456_170000006040","PE","23086","VEREADOR","2012","fim_regular","tce"
"M2012_23086_13_22322_170000006034","PE","23086","VEREADOR","2012","fim_regular","tce"
"M2012_23086_13_11222_170000006045","PE","23086","VEREADOR","2012","fim_regular","tce"
"M2012_23086_13_22333_170000006035","PE","23086","VEREADOR","2012","fim_regular","tce"
"M2012_23086_13_14444_170000012420","PE","23086","VEREADOR","2012","fim_regular","tce"
"M2012_23086_13_11111_170000006033","PE","23086","VEREADOR","2012","fim_regular","tce"
"M2016_23086_13_15555_170000001313","PE","23086","VEREADOR","2016","fim_regular","tce"
"M2016_23086_13_19999_170000016212","PE","23086","VEREADOR","2016","fim_regular","tce"
"M2016_23086_13_15222_170000001318","PE","23086","VEREADOR","2016","fim_regular","tce"
"M2016_23086_13_14444_170000016207","PE","23086","VEREADOR","2016","fim_regular","tce"
"M2016_23086_13_15111_170000001326","PE","23086","VEREADOR","2016","fim_regular","tce"
"M2016_23086_13_19222_170000016211","PE","23086","VEREADOR","2016","fim_regular","tce"
"M2016_23086_13_44444_170000016219","PE","23086","VEREADOR","2016","fim_regular","tce"
"M2016_23086_13_15333_170000001322","PE","23086","VEREADOR","2016","fim_regular","tce"
"M2016_23086_13_22222_170000016214","PE","23086","VEREADOR","2016","fim_regular","tce"
"M2020_23086_13_14555_170000971541","PE","23086","VEREADOR","2020","fim_regular","tce"
"M2020_23086_13_15777_170000771769","PE","23086","VEREADOR","2020","fim_regular","tce"
"M2020_23086_13_40000_170000772627","PE","23086","VEREADOR","2020","fim_regular","tce"
"M2020_23086_13_40111_170000772632","PE","23086","VEREADOR","2020","fim_regular","tce"
"M2020_23086_13_40222_170000772635","PE","23086","VEREADOR","2020","fim_regular","tce"
"M2012_23094_13_13333_170000007009","PE","23094","VEREADOR","2012","fim_regular","tce"
"M2012_23094_13_55555_170000007211","PE","23094","VEREADOR","2012","fim_regular","tce"
"M2012_23094_13_36000_170000006667","PE","23094","VEREADOR","2012","fim_regular","tce"
"M2012_23094_13_55123_170000007203","PE","23094","VEREADOR","2012","fim_regular","tce"
"M2016_23094_13_55555_170000007602","PE","23094","VEREADOR","2016","outro","tce"
"M2016_23094_13_14789_170000007608","PE","23094","VEREADOR","2016","fim_regular","tce"
"M2016_23094_13_22222_170000009120","PE","23094","VEREADOR","2016","fim_regular","tce"
"M2020_23094_13_15000_170000800801","PE","23094","VEREADOR","2020","fim_regular","tce"
"M2020_23094_13_55555_170000800612","PE","23094","VEREADOR","2020","fim_regular","tce"
"M2020_23094_13_13000_170000800919","PE","23094","VEREADOR","2020","fim_regular","tce"
"M2020_23094_13_65000_170001088109","PE","23094","VEREADOR","2020","fim_regular","tce"
"M2020_23094_13_13456_170000800922","PE","23094","VEREADOR","2020","fim_regular","tce"
"M2020_23094_13_43222_170000800734","PE","23094","VEREADOR","2020","fim_regular","tce"
"M2020_23094_13_65555_170001088103","PE","23094","VEREADOR","2020","fim_regular","tce"
"M2020_23094_13_13222_170000800913","PE","23094","VEREADOR","2020","outro","tce"
"M2020_23094_13_13666_170000800921","PE","23094","VEREADOR","2020","outro","tce"
"M2020_23094_13_15333_170000800812","PE","23094","VEREADOR","2020","outro","tce"
"M2020_23094_13_55222_170000800609","PE","23094","VEREADOR","2020","outro","tce"
"M2020_23094_13_55655_170000800625","PE","23094","VEREADOR","2020","outro","tce"
"M2020_23094_13_70555_170001177739","PE","23094","VEREADOR","2020","outro","tce"
"M2016_23108_13_15555_170000010603","PE","23108","VEREADOR","2016","fim_regular","tce"
"M2016_23108_13_22222_170000000863","PE","23108","VEREADOR","2016","fim_regular","tce"
"M2016_23108_13_40123_170000000875","PE","23108","VEREADOR","2016","fim_regular","tce"
"M2012_23116_13_55555_170000006275","PE","23116","VEREADOR","2012","fim_regular","tce"
"M2012_23116_13_55123_170000006276","PE","23116","VEREADOR","2012","fim_regular","tce"
"M2012_23116_13_55655_170000006272","PE","23116","VEREADOR","2012","fim_regular","tce"
"M2012_23116_13_40456_170000000918","PE","23116","VEREADOR","2012","fim_regular","tce"
"M2012_23116_13_14222_170000000911","PE","23116","VEREADOR","2012","fim_regular","tce"
"M2012_23116_13_14444_170000000921","PE","23116","VEREADOR","2012","fim_regular","tce"
"M2012_23116_13_40000_170000000922","PE","23116","VEREADOR","2012","fim_regular","tce"
"M2012_23116_13_14111_170000000914","PE","23116","VEREADOR","2012","outro","tce"
"M2012_23116_13_14123_170000000915","PE","23116","VEREADOR","2012","fim_regular","tce"
"M2016_23116_13_13000_170000001405","PE","23116","VEREADOR","2016","fim_regular","tce"
"M2016_23116_13_15555_170000002185","PE","23116","VEREADOR","2016","fim_regular","tce"
"M2016_23116_13_40456_170000001400","PE","23116","VEREADOR","2016","fim_regular","tce"
"M2016_23116_13_40444_170000001402","PE","23116","VEREADOR","2016","fim_regular","tce"
"M2016_23116_13_10000_170000001398","PE","23116","VEREADOR","2016","fim_regular","tce"
"M2016_23116_13_10123_170000001395","PE","23116","VEREADOR","2016","fim_regular","tce"
"M2016_23116_13_15000_170000002183","PE","23116","VEREADOR","2016","fim_regular","tce"
"M2016_23116_13_15777_170000002180","PE","23116","VEREADOR","2016","fim_regular","tce"
"M2016_23116_13_40111_170000001399","PE","23116","VEREADOR","2016","fim_regular","tce"
"M2020_23116_13_13000_170001045311","PE","23116","VEREADOR","2020","outro","tce"
"M2020_23116_13_40555_170001044999","PE","23116","VEREADOR","2020","fim_regular","tce"
"M2020_23116_13_15777_170000840295","PE","23116","VEREADOR","2020","fim_regular","tce"
"M2020_23116_13_40040_170001045001","PE","23116","VEREADOR","2020","fim_regular","tce"
"M2020_23116_13_40444_170001045002","PE","23116","VEREADOR","2020","fim_regular","tce"
"M2020_23116_13_40456_170001045004","PE","23116","VEREADOR","2020","fim_regular","tce"
"M2020_23116_13_51123_170001042521","PE","23116","VEREADOR","2020","fim_regular","tce"
"M2020_23116_13_51444_170001042518","PE","23116","VEREADOR","2020","fim_regular","tce"
"M2020_23116_13_51555_170001042520","PE","23116","VEREADOR","2020","fim_regular","tce"
"M2024_23116_13_20123_170002119162","PE","23116","VEREADOR","2024","falecimento","tce"
"M2012_23124_13_55222_170000006439","PE","23124","VEREADOR","2012","fim_regular","tce"
"M2016_23124_13_11111_170000004224","PE","23124","VEREADOR","2016","fim_regular","tce"
"M2016_23124_13_40111_170000004215","PE","23124","VEREADOR","2016","fim_regular","tce"
"M2020_23124_13_12345_170000947396","PE","23124","VEREADOR","2020","fim_regular","tce"
"M2020_23124_13_12111_170000947390","PE","23124","VEREADOR","2020","fim_regular","tce"
"M2020_23124_13_70555_170001200629","PE","23124","VEREADOR","2020","fim_regular","tce"
"M2012_23132_13_13456_170000005535","PE","23132","VEREADOR","2012","fim_regular","tce"
"M2012_23132_13_11572_170000005522","PE","23132","VEREADOR","2012","fim_regular","tce"
"M2012_23132_13_13613_170000005534","PE","23132","VEREADOR","2012","fim_regular","tce"
"M2012_23132_13_14666_170000019078","PE","23132","VEREADOR","2012","fim_regular","tce"
"M2012_23132_13_36444_170000008730","PE","23132","VEREADOR","2012","fim_regular","tce"
"M2012_23132_13_40000_170000008729","PE","23132","VEREADOR","2012","fim_regular","tce"
"M2012_23132_13_40123_170000008733","PE","23132","VEREADOR","2012","fim_regular","tce"
"M2012_23132_13_40611_170000008736","PE","23132","VEREADOR","2012","fim_regular","tce"
"M2016_23132_13_12222_170000009561","PE","23132","VEREADOR","2016","outro","tce"
"M2016_23132_13_14666_170000002013","PE","23132","VEREADOR","2016","outro","tce"
"M2016_23132_13_40611_170000002032","PE","23132","VEREADOR","2016","outro","tce"
"M2016_23132_13_15615_170000004698","PE","23132","VEREADOR","2016","falecimento","tce"
"M2016_23132_13_43444_170000009551","PE","23132","VEREADOR","2016","outro","tce"
"M2020_23132_13_40456_170000922693","PE","23132","VEREADOR","2020","fim_regular","tce"
"M2020_23132_13_55222_170000926439","PE","23132","VEREADOR","2020","fim_regular","tce"
"M2024_23132_13_55555_170001962591","PE","23132","VEREADOR","2024","outro","tce"
"M2016_23140_13_14614_170000001643","PE","23140","VEREADOR","2016","fim_regular","tce"
"M2020_23140_13_40999_170000689130","PE","23140","VEREADOR","2020","fim_regular","tce"
"M2012_23159_13_13111_170000000750","PE","23159","VEREADOR","2012","fim_regular","tce"
"M2012_23159_13_22222_170000000296","PE","23159","VEREADOR","2012","fim_regular","tce"
"M2012_23159_13_40000_170000000741","PE","23159","VEREADOR","2012","fim_regular","tce"
"M2012_23159_13_40888_170000000743","PE","23159","VEREADOR","2012","fim_regular","tce"
"M2016_23159_13_65333_170000015106","PE","23159","VEREADOR","2016","outro","tce"
"M2016_23159_13_11111_170000010894","PE","23159","VEREADOR","2016","outro","tce"
"M2016_23159_13_14000_170000015102","PE","23159","VEREADOR","2016","fim_regular","tce"
"M2016_23159_13_40123_170000015095","PE","23159","VEREADOR","2016","fim_regular","tce"
"M2016_23159_13_40888_170000015093","PE","23159","VEREADOR","2016","outro","tce"
"M2020_23159_13_10444_170000878382","PE","23159","VEREADOR","2020","fim_regular","tce"
"M2020_23159_13_25800_170000917326","PE","23159","VEREADOR","2020","fim_regular","tce"
"M2020_23159_13_45000_170001215123","PE","23159","VEREADOR","2020","fim_regular","tce"
"M2012_23167_13_12222_170000005853","PE","23167","VEREADOR","2012","fim_regular","tce"
"M2012_23167_13_45555_170000005860","PE","23167","VEREADOR","2012","fim_regular","tce"
"M2012_23167_13_13123_170000003510","PE","23167","VEREADOR","2012","fim_regular","tce"
"M2012_23167_13_40123_170000003463","PE","23167","VEREADOR","2012","fim_regular","tce"
"M2016_23167_13_55123_170000018740","PE","23167","VEREADOR","2016","fim_regular","tce"
"M2020_23167_13_15456_170000772207","PE","23167","VEREADOR","2020","fim_regular","tce"
"M2020_23167_13_22111_170000642856","PE","23167","VEREADOR","2020","fim_regular","tce"
"M2020_23167_13_25000_170000943712","PE","23167","VEREADOR","2020","fim_regular","tce"
"M2020_23167_13_70333_170000656446","PE","23167","VEREADOR","2020","fim_regular","tce"
"M2012_23175_13_10111_170000007476","PE","23175","VEREADOR","2012","fim_regular","tce"
"M2012_23175_13_14222_170000004901","PE","23175","VEREADOR","2012","fim_regular","tce"
"M2012_23175_13_22222_170000004272","PE","23175","VEREADOR","2012","fim_regular","tce"
"M2012_23175_13_55555_170000004897","PE","23175","VEREADOR","2012","fim_regular","tce"
"M2012_23175_13_11456_170000016234","PE","23175","VEREADOR","2012","fim_regular","tce"
"M2012_23175_13_10555_170000007467","PE","23175","VEREADOR","2012","fim_regular","tce"
"M2012_23175_13_13111_170000006023","PE","23175","VEREADOR","2012","fim_regular","tce"
"M2012_23175_13_14125_170000004900","PE","23175","VEREADOR","2012","fim_regular","tce"
"M2016_23175_13_40000_170000013880","PE","23175","VEREADOR","2016","fim_regular","tce"
"M2016_23175_13_10000_170000013883","PE","23175","VEREADOR","2016","fim_regular","tce"
"M2016_23175_13_18123_170000006402","PE","23175","VEREADOR","2016","fim_regular","tce"
"M2016_23175_13_40111_170000013881","PE","23175","VEREADOR","2016","fim_regular","tce"
"M2012_23183_13_13222_170000007388","PE","23183","VEREADOR","2012","fim_regular","tce"
"M2012_23183_13_12622_170000020459","PE","23183","VEREADOR","2012","fim_regular","tce"
"M2012_23183_13_13111_170000007397","PE","23183","VEREADOR","2012","fim_regular","tce"
"M2012_23183_13_22444_170000008199","PE","23183","VEREADOR","2012","fim_regular","tce"
"M2016_23183_13_33333_170000004382","PE","23183","VEREADOR","2016","fim_regular","tce"
"M2016_23183_13_40333_170000008449","PE","23183","VEREADOR","2016","fim_regular","tce"
"M2016_23183_13_55123_170000004371","PE","23183","VEREADOR","2016","fim_regular","tce"
"M2020_23183_13_15155_170000890421","PE","23183","VEREADOR","2020","fim_regular","tce"
"M2012_23191_13_22000_170000013048","PE","23191","VEREADOR","2012","fim_regular","tce"
"M2016_23191_13_13444_170000015786","PE","23191","VEREADOR","2016","fim_regular","tce"
"M2016_23191_13_40789_170000015783","PE","23191","VEREADOR","2016","fim_regular","tce"
"M2016_23191_13_22000_170000015788","PE","23191","VEREADOR","2016","fim_regular","tce"
"M2016_23191_13_55555_170000012333","PE","23191","VEREADOR","2016","fim_regular","tce"
"M2016_23191_13_40999_170000015776","PE","23191","VEREADOR","2016","fim_regular","tce"
"M2016_23191_13_45111_170000012287","PE","23191","VEREADOR","2016","fim_regular","tce"
"M2016_23191_13_45678_170000012293","PE","23191","VEREADOR","2016","fim_regular","tce"
"M2016_23191_13_14610_170000015784","PE","23191","VEREADOR","2016","fim_regular","tce"
"M2020_23191_13_13444_170000792182","PE","23191","VEREADOR","2020","fim_regular","tce"
"M2020_23191_13_40789_170000986802","PE","23191","VEREADOR","2020","fim_regular","tce"
"M2020_23191_13_40555_170000986811","PE","23191","VEREADOR","2020","fim_regular","tce"
"M2020_23191_13_40999_170000986812","PE","23191","VEREADOR","2020","fim_regular","tce"
"M2020_23191_13_13678_170000792179","PE","23191","VEREADOR","2020","fim_regular","tce"
"M2020_23191_13_25000_170001119506","PE","23191","VEREADOR","2020","fim_regular","tce"
"M2020_23191_13_25333_170001119504","PE","23191","VEREADOR","2020","fim_regular","tce"
"M2020_23191_13_25555_170001119503","PE","23191","VEREADOR","2020","fim_regular","tce"
"M2020_23191_13_25444_170001119508","PE","23191","VEREADOR","2020","fim_regular","tce"
"M2012_23205_13_22000_170000006518","PE","23205","VEREADOR","2012","fim_regular","tce"
"M2012_23205_13_12111_170000014798","PE","23205","VEREADOR","2012","fim_regular","tce"
"M2012_23205_13_40789_170000014829","PE","23205","VEREADOR","2012","fim_regular","tce"
"M2020_23205_13_25555_170001209055","PE","23205","VEREADOR","2020","fim_regular","tce"
"M2020_23205_13_15123_170001084707","PE","23205","VEREADOR","2020","fim_regular","tce"
"M2020_23205_13_36555_170001202559","PE","23205","VEREADOR","2020","fim_regular","tce"
"M2020_23205_13_40070_170001089393","PE","23205","VEREADOR","2020","fim_regular","tce"
"M2020_23205_13_70123_170001074085","PE","23205","VEREADOR","2020","fim_regular","tce"
"M2012_23213_13_12345_170000017472","PE","23213","VEREADOR","2012","fim_regular","tce"
"M2012_23213_13_22222_170000002009","PE","23213","VEREADOR","2012","fim_regular","tce"
"M2012_23213_13_10555_170000017452","PE","23213","VEREADOR","2012","fim_regular","tce"
"M2012_23213_13_40555_170000005396","PE","23213","VEREADOR","2012","fim_regular","tce"
"M2012_23213_13_12222_170000017474","PE","23213","VEREADOR","2012","fim_regular","tce"
"M2012_23213_13_14111_170000017468","PE","23213","VEREADOR","2012","fim_regular","tce"
"M2012_23213_13_17111_170000015703","PE","23213","VEREADOR","2012","fim_regular","tce"
"M2012_23213_13_22123_170000002018","PE","23213","VEREADOR","2012","fim_regular","tce"
"M2012_23213_13_28555_170000015692","PE","23213","VEREADOR","2012","fim_regular","tce"
"M2012_23213_13_45555_170000005393","PE","23213","VEREADOR","2012","fim_regular","tce"
"M2012_23213_13_65111_170000011233","PE","23213","VEREADOR","2012","fim_regular","tce"
"M2012_23213_13_70000_170000005390","PE","23213","VEREADOR","2012","fim_regular","tce"
"M2012_23213_13_40888_170000005397","PE","23213","VEREADOR","2012","fim_regular","tce"
"M2016_23213_13_17000_170000009884","PE","23213","VEREADOR","2016","fim_regular","tce"
"M2016_23213_13_10555_170000009273","PE","23213","VEREADOR","2016","fim_regular","tce"
"M2016_23213_13_12333_170000018243","PE","23213","VEREADOR","2016","fim_regular","tce"
"M2016_23213_13_28888_170000010256","PE","23213","VEREADOR","2016","fim_regular","tce"
"M2016_23213_13_77777_170000018251","PE","23213","VEREADOR","2016","fim_regular","tce"
"M2012_23221_13_22222_170000016669","PE","23221","VEREADOR","2012","fim_regular","tce"
"M2012_23221_13_55555_170000016677","PE","23221","VEREADOR","2012","fim_regular","tce"
"M2012_23221_13_14444_170000016676","PE","23221","VEREADOR","2012","fim_regular","tce"
"M2012_23221_13_14111_170000016667","PE","23221","VEREADOR","2012","fim_regular","tce"
"M2012_23221_13_40123_170000016678","PE","23221","VEREADOR","2012","fim_regular","tce"
"M2012_23221_13_55444_170000016671","PE","23221","VEREADOR","2012","fim_regular","tce"
"M2016_23221_13_11111_170000006093","PE","23221","VEREADOR","2016","fim_regular","tce"
"M2016_23221_13_14111_170000006091","PE","23221","VEREADOR","2016","fim_regular","tce"
"M2016_23221_13_40789_170000010047","PE","23221","VEREADOR","2016","fim_regular","tce"
"M2016_23221_13_40567_170000010040","PE","23221","VEREADOR","2016","outro","tce"
"M2016_23221_13_11333_170000006101","PE","23221","VEREADOR","2016","fim_regular","tce"
"M2016_23221_13_14444_170000006106","PE","23221","VEREADOR","2016","outro","tce"
"M2016_23221_13_14567_170000006104","PE","23221","VEREADOR","2016","fim_regular","tce"
"M2016_23221_13_40000_170000010039","PE","23221","VEREADOR","2016","fim_regular","tce"
"M2016_23221_13_40444_170000010041","PE","23221","VEREADOR","2016","fim_regular","tce"
"M2020_23221_13_40111_170001243954","PE","23221","VEREADOR","2020","outro","tce"
"M2020_23221_13_15000_170001013101","PE","23221","VEREADOR","2020","outro","tce"
"M2020_23221_13_15222_170001013108","PE","23221","VEREADOR","2020","outro","tce"
"M2020_23221_13_25555_170000971277","PE","23221","VEREADOR","2020","outro","tce"
"M2020_23221_13_25888_170000971269","PE","23221","VEREADOR","2020","outro","tce"
"M2020_23221_13_33444_170001183611","PE","23221","VEREADOR","2020","outro","tce"
"M2020_23221_13_33888_170001183604","PE","23221","VEREADOR","2020","outro","tce"
"M2012_23230_13_14000_170000015390","PE","23230","VEREADOR","2012","outro","tce"
"M2012_23230_13_55555_170000015388","PE","23230","VEREADOR","2012","outro","tce"
"M2012_23230_13_55789_170000015391","PE","23230","VEREADOR","2012","outro","tce"
"M2012_23230_13_11111_170000017170","PE","23230","VEREADOR","2012","outro","tce"
"M2012_23230_13_22222_170000016420","PE","23230","VEREADOR","2012","outro","tce"
"M2012_23230_13_15123_170000017177","PE","23230","VEREADOR","2012","outro","tce"
"M2012_23230_13_28888_170000017304","PE","23230","VEREADOR","2012","outro","tce"
"M2012_23230_13_11000_170000017175","PE","23230","VEREADOR","2012","outro","tce"
"M2020_23230_13_15789_170000799777","PE","23230","VEREADOR","2020","fim_regular","tce"
"M2020_23230_13_14444_170000799757","PE","23230","VEREADOR","2020","fim_regular","tce"
"M2020_23230_13_40123_170000799296","PE","23230","VEREADOR","2020","fim_regular","tce"
"M2020_23230_13_14000_170000799756","PE","23230","VEREADOR","2020","outro","tce"
"M2020_23230_13_40444_170000799293","PE","23230","VEREADOR","2020","fim_regular","tce"
"M2020_23230_13_40555_170000799292","PE","23230","VEREADOR","2020","fim_regular","tce"
"M2020_23230_13_15222_170000799778","PE","23230","VEREADOR","2020","fim_regular","tce"
"M2020_23230_13_36190_170000799579","PE","23230","VEREADOR","2020","fim_regular","tce"
"M2020_23230_13_70999_170000799236","PE","23230","VEREADOR","2020","fim_regular","tce"
"M2020_23230_13_40111_170000799297","PE","23230","VEREADOR","2020","fim_regular","tce"
"M2024_23230_13_40777_170002194905","PE","23230","VEREADOR","2024","outro","tce"
"M2012_23248_13_25555_170000008539","PE","23248","VEREADOR","2012","fim_regular","tce"
"M2012_23248_13_55555_170000008530","PE","23248","VEREADOR","2012","fim_regular","tce"
"M2012_23248_13_11222_170000008658","PE","23248","VEREADOR","2012","fim_regular","tce"
"M2012_23248_13_22222_170000001990","PE","23248","VEREADOR","2012","fim_regular","tce"
"M2012_23248_13_25111_170000008533","PE","23248","VEREADOR","2012","fim_regular","tce"
"M2012_23248_13_25222_170000008531","PE","23248","VEREADOR","2012","fim_regular","tce"
"M2012_23248_13_25666_170000008543","PE","23248","VEREADOR","2012","fim_regular","tce"
"M2012_23248_13_40123_170000001987","PE","23248","VEREADOR","2012","fim_regular","tce"
"M2012_23248_13_45645_170000008529","PE","23248","VEREADOR","2012","fim_regular","tce"
"M2012_23248_13_14444_170000008540","PE","23248","VEREADOR","2012","fim_regular","tce"
"M2012_23248_13_15555_170000008536","PE","23248","VEREADOR","2012","fim_regular","tce"
"M2016_23248_13_14222_170000003187","PE","23248","VEREADOR","2016","fim_regular","tce"
"M2016_23248_13_11111_170000008567","PE","23248","VEREADOR","2016","fim_regular","tce"
"M2016_23248_13_11777_170000008562","PE","23248","VEREADOR","2016","fim_regular","tce"
"M2016_23248_13_45222_170000008955","PE","23248","VEREADOR","2016","fim_regular","tce"
"M2016_23248_13_15555_170000008962","PE","23248","VEREADOR","2016","fim_regular","tce"
"M2020_23248_13_11211_170000801885","PE","23248","VEREADOR","2020","fim_regular","tce"
"M2020_23248_13_11000_170000801890","PE","23248","VEREADOR","2020","fim_regular","tce"
"M2020_23248_13_11110_170000801894","PE","23248","VEREADOR","2020","fim_regular","tce"
"M2012_23256_13_12222_170000008995","PE","23256","VEREADOR","2012","fim_regular","tce"
"M2012_23256_13_25222_170000006057","PE","23256","VEREADOR","2012","fim_regular","tce"
"M2016_23256_13_28888_170000015864","PE","23256","VEREADOR","2016","fim_regular","tce"
"M2020_23256_13_11444_170000798877","PE","23256","VEREADOR","2020","fim_regular","tce"
"M2020_23256_13_11999_170000798874","PE","23256","VEREADOR","2020","fim_regular","tce"
"M2020_23256_13_15888_170000799020","PE","23256","VEREADOR","2020","fim_regular","tce"
"M2012_23272_13_12000_170000017428","PE","23272","VEREADOR","2012","fim_regular","tce"
"M2012_23272_13_11140_170000017442","PE","23272","VEREADOR","2012","fim_regular","tce"
"M2012_23272_13_13333_170000017335","PE","23272","VEREADOR","2012","fim_regular","tce"
"M2012_23272_13_70000_170000017324","PE","23272","VEREADOR","2012","fim_regular","tce"
"M2016_23272_13_11222_170000015048","PE","23272","VEREADOR","2016","fim_regular","tce"
"M2016_23272_13_12123_170000007297","PE","23272","VEREADOR","2016","fim_regular","tce"
"M2016_23272_13_31111_170000003200","PE","23272","VEREADOR","2016","fim_regular","tce"
"M2016_23272_13_36123_170000003213","PE","23272","VEREADOR","2016","fim_regular","tce"
"M2020_23272_13_40456_170000921518","PE","23272","VEREADOR","2020","fim_regular","tce"
"M2020_23272_13_40000_170000921507","PE","23272","VEREADOR","2020","fim_regular","tce"
"M2020_23272_13_40777_170000921501","PE","23272","VEREADOR","2020","fim_regular","tce"
"M2020_23272_13_40444_170000921503","PE","23272","VEREADOR","2020","fim_regular","tce"
"M2020_23272_13_19000_170001128214","PE","23272","VEREADOR","2020","fim_regular","tce"
"M2020_23272_13_40888_170000921505","PE","23272","VEREADOR","2020","fim_regular","tce"
"M2020_23272_13_11111_170001124254","PE","23272","VEREADOR","2020","fim_regular","tce"
"M2020_23272_13_11555_170001124256","PE","23272","VEREADOR","2020","fim_regular","tce"
"M2020_23272_13_19444_170001128215","PE","23272","VEREADOR","2020","fim_regular","tce"
"M2020_23272_13_19777_170001128209","PE","23272","VEREADOR","2020","fim_regular","tce"
"M2020_23272_13_19999_170001128207","PE","23272","VEREADOR","2020","fim_regular","tce"
"M2020_23272_13_40111_170000921514","PE","23272","VEREADOR","2020","fim_regular","tce"
"M2012_23280_13_55555_170000005940","PE","23280","VEREADOR","2012","fim_regular","tce"
"M2012_23280_13_65678_170000017842","PE","23280","VEREADOR","2012","fim_regular","tce"
"M2012_23280_13_55888_170000005948","PE","23280","VEREADOR","2012","fim_regular","tce"
"M2012_23280_13_55222_170000005953","PE","23280","VEREADOR","2012","fim_regular","tce"
"M2012_23280_13_14000_170000006157","PE","23280","VEREADOR","2012","fim_regular","tce"
"M2012_23280_13_15120_170000006501","PE","23280","VEREADOR","2012","fim_regular","tce"
"M2012_23280_13_15777_170000006503","PE","23280","VEREADOR","2012","fim_regular","tce"
"M2012_23280_13_36123_170000006156","PE","23280","VEREADOR","2012","fim_regular","tce"
"M2012_23280_13_65789_170000017853","PE","23280","VEREADOR","2012","fim_regular","tce"
"M2012_23280_13_15123_170000006510","PE","23280","VEREADOR","2012","fim_regular","tce"
"M2016_23280_13_55555_170000009456","PE","23280","VEREADOR","2016","fim_regular","tce"
"M2016_23280_13_55222_170000009460","PE","23280","VEREADOR","2016","fim_regular","tce"
"M2016_23280_13_40000_170000009172","PE","23280","VEREADOR","2016","fim_regular","tce"
"M2016_23280_13_15777_170000009466","PE","23280","VEREADOR","2016","fim_regular","tce"
"M2016_23280_13_36123_170000009171","PE","23280","VEREADOR","2016","fim_regular","tce"
"M2016_23280_13_12123_170000019369","PE","23280","VEREADOR","2016","fim_regular","tce"
"M2016_23280_13_15000_170000009467","PE","23280","VEREADOR","2016","fim_regular","tce"
"M2016_23280_13_22222_170000009184","PE","23280","VEREADOR","2016","fim_regular","tce"
"M2016_23280_13_27123_170000009470","PE","23280","VEREADOR","2016","fim_regular","tce"
"M2016_23280_13_40789_170000009173","PE","23280","VEREADOR","2016","fim_regular","tce"
"M2016_23280_13_65123_170000019167","PE","23280","VEREADOR","2016","fim_regular","tce"
"M2020_23280_13_55555_170001098180","PE","23280","VEREADOR","2020","fim_regular","tce"
"M2020_23280_13_77888_170001098272","PE","23280","VEREADOR","2020","fim_regular","tce"
"M2020_23280_13_40123_170001093711","PE","23280","VEREADOR","2020","fim_regular","tce"
"M2020_23280_13_55222_170001098183","PE","23280","VEREADOR","2020","fim_regular","tce"
"M2020_23280_13_40222_170001093719","PE","23280","VEREADOR","2020","fim_regular","tce"
"M2020_23280_13_10123_170001222392","PE","23280","VEREADOR","2020","fim_regular","tce"
"M2020_23280_13_14555_170001076777","PE","23280","VEREADOR","2020","fim_regular","tce"
"M2020_23280_13_51225_170001094312","PE","23280","VEREADOR","2020","fim_regular","tce"
"M2020_23280_13_55444_170001098192","PE","23280","VEREADOR","2020","fim_regular","tce"
"M2020_23280_13_77222_170001098270","PE","23280","VEREADOR","2020","fim_regular","tce"
"M2012_23299_13_14111_170000003920","PE","23299","VEREADOR","2012","outro","tce"
"M2012_23299_13_22222_170000005297","PE","23299","VEREADOR","2012","fim_regular","tce"
"M2012_23299_13_12345_170000013526","PE","23299","VEREADOR","2012","fim_regular","tce"
"M2012_23299_13_14789_170000003904","PE","23299","VEREADOR","2012","fim_regular","tce"
"M2012_23299_13_22111_170000005292","PE","23299","VEREADOR","2012","fim_regular","tce"
"M2012_23299_13_55789_170000013515","PE","23299","VEREADOR","2012","fim_regular","tce"
"M2012_23299_13_12222_170000013524","PE","23299","VEREADOR","2012","fim_regular","tce"
"M2012_23299_13_55555_170000013528","PE","23299","VEREADOR","2012","fim_regular","tce"
"M2012_23299_13_20111_170000003915","PE","23299","VEREADOR","2012","fim_regular","tce"
"M2016_23299_13_40123_170000013795","PE","23299","VEREADOR","2016","fim_regular","tce"
"M2016_23299_13_11111_170000013823","PE","23299","VEREADOR","2016","fim_regular","tce"
"M2016_23299_13_14111_170000019867","PE","23299","VEREADOR","2016","fim_regular","tce"
"M2016_23299_13_14123_170000019856","PE","23299","VEREADOR","2016","fim_regular","tce"
"M2016_23299_13_14222_170000019865","PE","23299","VEREADOR","2016","falecimento","tce"
"M2016_23299_13_43222_170000017023","PE","23299","VEREADOR","2016","fim_regular","tce"
"M2016_23299_13_45555_170000013827","PE","23299","VEREADOR","2016","fim_regular","tce"
"M2016_23299_13_77777_170000017022","PE","23299","VEREADOR","2016","fim_regular","tce"
"M2020_23299_13_10888_170000993418","PE","23299","VEREADOR","2020","outro","tce"
"M2020_23299_13_10000_170000993423","PE","23299","VEREADOR","2020","fim_regular","tce"
"M2020_23299_13_10123_170000993413","PE","23299","VEREADOR","2020","fim_regular","tce"
"M2020_23299_13_10222_170000993420","PE","23299","VEREADOR","2020","fim_regular","tce"
"M2020_23299_13_40444_170000869630","PE","23299","VEREADOR","2020","fim_regular","tce"
"M2020_23299_13_51122_170000870110","PE","23299","VEREADOR","2020","fim_regular","tce"
"M2020_23299_13_51222_170000870108","PE","23299","VEREADOR","2020","fim_regular","tce"
"M2020_23299_13_55555_170000765381","PE","23299","VEREADOR","2020","fim_regular","tce"
"M2016_23302_13_45555_170000009213","PE","23302","VEREADOR","2016","fim_regular","tce"
"M2016_23302_13_40123_170000009592","PE","23302","VEREADOR","2016","fim_regular","tce"
"M2016_23302_13_13333_170000009589","PE","23302","VEREADOR","2016","fim_regular","tce"
"M2016_23302_13_19000_170000009686","PE","23302","VEREADOR","2016","fim_regular","tce"
"M2020_23302_13_13000_170001127691","PE","23302","VEREADOR","2020","fim_regular","tce"
"M2012_23310_13_10000_170000006984","PE","23310","VEREADOR","2012","outro","tce"
"M2012_23310_13_12345_170000008181","PE","23310","VEREADOR","2012","outro","tce"
"M2012_23310_13_45000_170000006989","PE","23310","VEREADOR","2012","outro","tce"
"M2012_23310_13_14444_170000007002","PE","23310","VEREADOR","2012","outro","tce"
"M2012_23310_13_40222_170000006986","PE","23310","VEREADOR","2012","outro","tce"
"M2012_23310_13_55444_170000008191","PE","23310","VEREADOR","2012","outro","tce"
"M2012_23310_13_40000_170000006981","PE","23310","VEREADOR","2012","outro","tce"
"M2016_23310_13_10000_170000003948","PE","23310","VEREADOR","2016","fim_regular","tce"
"M2016_23310_13_14444_170000003950","PE","23310","VEREADOR","2016","fim_regular","tce"
"M2016_23310_13_55444_170000015687","PE","23310","VEREADOR","2016","fim_regular","tce"
"M2016_23310_13_31111_170000012751","PE","23310","VEREADOR","2016","fim_regular","tce"
"M2016_23310_13_40555_170000003946","PE","23310","VEREADOR","2016","fim_regular","tce"
"M2016_23310_13_44444_170000003945","PE","23310","VEREADOR","2016","fim_regular","tce"
"M2016_23310_13_90123_170000012746","PE","23310","VEREADOR","2016","fim_regular","tce"
"M2016_23310_13_65555_170000003937","PE","23310","VEREADOR","2016","fim_regular","tce"
"M2020_23310_13_15000_170000887841","PE","23310","VEREADOR","2020","fim_regular","tce"
"M2020_23310_13_15620_170000887839","PE","23310","VEREADOR","2020","fim_regular","tce"
"M2020_23310_13_70000_170000888424","PE","23310","VEREADOR","2020","fim_regular","tce"
"M2020_23310_13_70222_170000888416","PE","23310","VEREADOR","2020","fim_regular","tce"
"M2020_23310_13_13555_170000888107","PE","23310","VEREADOR","2020","fim_regular","tce"
"M2020_23310_13_13123_170000888099","PE","23310","VEREADOR","2020","fim_regular","tce"
"M2020_23310_13_13999_170000888102","PE","23310","VEREADOR","2020","fim_regular","tce"
"M2020_23310_13_15123_170000887843","PE","23310","VEREADOR","2020","fim_regular","tce"
"M2020_23310_13_15222_170000887842","PE","23310","VEREADOR","2020","fim_regular","tce"
"M2020_23310_13_45678_170001103116","PE","23310","VEREADOR","2020","fim_regular","tce"
"M2020_23310_13_70555_170000888427","PE","23310","VEREADOR","2020","fim_regular","tce"
"M2016_23329_13_15000_170000001833","PE","23329","VEREADOR","2016","outro","tce"
"M2016_23329_13_12345_170000001368","PE","23329","VEREADOR","2016","fim_regular","tce"
"M2016_23329_13_19333_170000001846","PE","23329","VEREADOR","2016","fim_regular","tce"
"M2016_23329_13_33333_170000001841","PE","23329","VEREADOR","2016","fim_regular","tce"
"M2020_23329_13_40000_170000679453","PE","23329","VEREADOR","2020","fim_regular","tce"
"M2020_23329_13_40222_170000679450","PE","23329","VEREADOR","2020","fim_regular","tce"
"M2020_23329_13_55555_170000702849","PE","23329","VEREADOR","2020","fim_regular","tce"
"M2020_23329_13_77777_170000672898","PE","23329","VEREADOR","2020","fim_regular","tce"
"M2020_23329_13_55000_170000702848","PE","23329","VEREADOR","2020","fim_regular","tce"
"M2020_23329_13_55444_170000702851","PE","23329","VEREADOR","2020","fim_regular","tce"
"M2020_23329_13_77888_170000672897","PE","23329","VEREADOR","2020","fim_regular","tce"
"M2020_23329_13_55777_170000702845","PE","23329","VEREADOR","2020","fim_regular","tce"
"M2020_23329_13_77000_170000672901","PE","23329","VEREADOR","2020","fim_regular","tce"
"M2012_23353_13_22333_170000008007","PE","23353","VEREADOR","2012","fim_regular","tce"
"M2016_23353_13_11111_170000014892","PE","23353","VEREADOR","2016","fim_regular","tce"
"M2016_23353_13_22333_170000002641","PE","23353","VEREADOR","2016","fim_regular","tce"
"M2016_23353_13_11222_170000014898","PE","23353","VEREADOR","2016","outro","tce"
"M2016_23353_13_36000_170000014906","PE","23353","VEREADOR","2016","fim_regular","tce"
"M2016_23353_13_55555_170000002645","PE","23353","VEREADOR","2016","fim_regular","tce"
"M2016_23353_13_70000_170000014908","PE","23353","VEREADOR","2016","fim_regular","tce"
"M2016_23370_13_17888_170000017382","PE","23370","VEREADOR","2016","fim_regular","tce"
"M2016_23370_13_22333_170000016515","PE","23370","VEREADOR","2016","fim_regular","tce"
"M2016_23370_13_40333_170000017761","PE","23370","VEREADOR","2016","fim_regular","tce"
"M2016_23370_13_43333_170000016097","PE","23370","VEREADOR","2016","fim_regular","tce"
"M2012_23396_13_15888_170000006697","PE","23396","VEREADOR","2012","fim_regular","tce"
"M2012_23396_13_13333_170000010911","PE","23396","VEREADOR","2012","fim_regular","tce"
"M2012_23396_13_15111_170000006715","PE","23396","VEREADOR","2012","fim_regular","tce"
"M2012_23396_13_25123_170000006707","PE","23396","VEREADOR","2012","fim_regular","tce"
"M2012_23396_13_40222_170000010905","PE","23396","VEREADOR","2012","fim_regular","tce"
"M2012_23396_13_40999_170000010909","PE","23396","VEREADOR","2012","fim_regular","tce"
"M2016_23396_13_40999_170000008426","PE","23396","VEREADOR","2016","outro","tce"
"M2016_23396_13_25800_170000007812","PE","23396","VEREADOR","2016","fim_regular","tce"
"M2016_23396_13_28222_170000007821","PE","23396","VEREADOR","2016","fim_regular","tce"
"M2016_23396_13_40111_170000008424","PE","23396","VEREADOR","2016","fim_regular","tce"
"M2016_23396_13_55000_170000008411","PE","23396","VEREADOR","2016","fim_regular","tce"
"M2012_23418_13_13555_170000018733","PE","23418","VEREADOR","2012","fim_regular","tce"
"M2012_23418_13_44123_170000002993","PE","23418","VEREADOR","2012","fim_regular","tce"
"M2012_23418_13_44789_170000002994","PE","23418","VEREADOR","2012","fim_regular","tce"
"M2016_23418_13_40000_170000003723","PE","23418","VEREADOR","2016","fim_regular","tce"
"M2016_23418_13_40040_170000003718","PE","23418","VEREADOR","2016","fim_regular","tce"
"M2016_23418_13_40147_170000003719","PE","23418","VEREADOR","2016","fim_regular","tce"
"M2016_23418_13_40789_170000003734","PE","23418","VEREADOR","2016","fim_regular","tce"
"M2016_23418_13_55222_170000012272","PE","23418","VEREADOR","2016","fim_regular","tce"
"M2016_23418_13_55555_170000012268","PE","23418","VEREADOR","2016","fim_regular","tce"
"M2020_23418_13_45123_170000738247","PE","23418","VEREADOR","2020","fim_regular","tce"
"M2020_23418_13_11111_170000986103","PE","23418","VEREADOR","2020","fim_regular","tce"
"M2020_23418_13_10555_170000844666","PE","23418","VEREADOR","2020","fim_regular","tce"
"M2020_23418_13_10444_170000844668","PE","23418","VEREADOR","2020","fim_regular","tce"
"M2020_23418_13_11444_170000986092","PE","23418","VEREADOR","2020","fim_regular","tce"
"M2020_23418_13_40040_170000890583","PE","23418","VEREADOR","2020","fim_regular","tce"
"M2020_23418_13_40147_170000890584","PE","23418","VEREADOR","2020","fim_regular","tce"
"M2020_23418_13_40789_170000890587","PE","23418","VEREADOR","2020","fim_regular","tce"
"M2020_23418_13_40222_170000890586","PE","23418","VEREADOR","2020","fim_regular","tce"
"M2020_23418_13_10610_170000844672","PE","23418","VEREADOR","2020","fim_regular","tce"
"M2020_23418_13_13111_170001098835","PE","23418","VEREADOR","2020","fim_regular","tce"
"M2020_23418_13_45789_170000738246","PE","23418","VEREADOR","2020","fim_regular","tce"
"M2004_23434_13_23123_63","PE","23434","VEREADOR","2004","outro","tce"
"M2008_23434_13_23111_3537","PE","23434","VEREADOR","2008","outro","tce"
"M2012_23434_13_11789_170000002230","PE","23434","VEREADOR","2012","outro","tce"
"M2016_23434_13_20222_170000006621","PE","23434","VEREADOR","2016","fim_regular","tce"
"M2016_23434_13_11123_170000003283","PE","23434","VEREADOR","2016","fim_regular","tce"
"M2016_23434_13_11444_170000003297","PE","23434","VEREADOR","2016","fim_regular","tce"
"M2016_23434_13_35000_170000003386","PE","23434","VEREADOR","2016","outro","tce"
"M2016_23434_13_36333_170000006626","PE","23434","VEREADOR","2016","fim_regular","tce"
"M2016_23434_13_44000_170000003401","PE","23434","VEREADOR","2016","fim_regular","tce"
"M2016_23434_13_55365_170000003900","PE","23434","VEREADOR","2016","outro","tce"
"M2016_23434_13_55444_170000003902","PE","23434","VEREADOR","2016","fim_regular","tce"
"M2016_23434_13_55555_170000003888","PE","23434","VEREADOR","2016","outro","tce"
"M2016_23434_13_55888_170000003893","PE","23434","VEREADOR","2016","outro","tce"
"M2020_23434_13_11444_170001111883","PE","23434","VEREADOR","2020","fim_regular","tce"
"M2020_23434_13_11111_170001111874","PE","23434","VEREADOR","2020","fim_regular","tce"
"M2020_23434_13_22222_170000801482","PE","23434","VEREADOR","2020","fim_regular","tce"
"M2020_23434_13_20222_170000801300","PE","23434","VEREADOR","2020","fim_regular","tce"
"M2020_23434_13_55888_170000801021","PE","23434","VEREADOR","2020","fim_regular","tce"
"M2020_23434_13_11123_170001111887","PE","23434","VEREADOR","2020","fim_regular","tce"
"M2020_23434_13_13444_170001115886","PE","23434","VEREADOR","2020","fim_regular","tce"
"M2020_23434_13_19000_170000801203","PE","23434","VEREADOR","2020","fim_regular","tce"
"M2020_23434_13_19123_170000801198","PE","23434","VEREADOR","2020","fim_regular","tce"
"M2020_23434_13_20000_170000801294","PE","23434","VEREADOR","2020","fim_regular","tce"
"M2020_23434_13_22444_170000801480","PE","23434","VEREADOR","2020","fim_regular","tce"
"M2020_23434_13_55222_170000801024","PE","23434","VEREADOR","2020","fim_regular","tce"
"M2020_23434_13_55123_170000801023","PE","23434","VEREADOR","2020","fim_regular","tce"
"M2024_23434_13_22222_170002005319","PE","23434","VEREADOR","2024","outro","tce"
"M2012_23450_13_10123_170000013643","PE","23450","VEREADOR","2012","fim_regular","tce"
"M2012_23450_13_14000_170000013127","PE","23450","VEREADOR","2012","fim_regular","tce"
"M2012_23450_13_14777_170000013128","PE","23450","VEREADOR","2012","fim_regular","tce"
"M2012_23450_13_40456_170000014132","PE","23450","VEREADOR","2012","fim_regular","tce"
"M2012_23450_13_19999_170000014141","PE","23450","VEREADOR","2012","fim_regular","tce"
"M2012_23450_13_40123_170000014137","PE","23450","VEREADOR","2012","fim_regular","tce"
"M2012_23450_13_11444_170000013449","PE","23450","VEREADOR","2012","fim_regular","tce"
"M2012_23450_13_13613_170000013135","PE","23450","VEREADOR","2012","fim_regular","tce"
"M2012_23450_13_17700_170000002965","PE","23450","VEREADOR","2012","fim_regular","tce"
"M2012_23450_13_27123_170000013655","PE","23450","VEREADOR","2012","fim_regular","tce"
"M2012_23450_13_28888_170000014135","PE","23450","VEREADOR","2012","fim_regular","tce"
"M2012_23450_13_33000_170000013641","PE","23450","VEREADOR","2012","fim_regular","tce"
"M2012_23450_13_55000_170000013644","PE","23450","VEREADOR","2012","fim_regular","tce"
"M2016_23450_13_14000_170000017003","PE","23450","VEREADOR","2016","fim_regular","tce"
"M2016_23450_13_40777_170000011750","PE","23450","VEREADOR","2016","fim_regular","tce"
"M2016_23450_13_40456_170000011749","PE","23450","VEREADOR","2016","fim_regular","tce"
"M2016_23450_13_40123_170000011745","PE","23450","VEREADOR","2016","fim_regular","tce"
"M2016_23450_13_12345_170000011754","PE","23450","VEREADOR","2016","fim_regular","tce"
"M2016_23450_13_28111_170000011965","PE","23450","VEREADOR","2016","fim_regular","tce"
"M2016_23450_13_28456_170000011977","PE","23450","VEREADOR","2016","fim_regular","tce"
"M2016_23450_13_31000_170000017129","PE","23450","VEREADOR","2016","fim_regular","tce"
"M2016_23450_13_40000_170000011748","PE","23450","VEREADOR","2016","fim_regular","tce"
"M2016_23450_13_55555_170000017141","PE","23450","VEREADOR","2016","fim_regular","tce"
"M2016_23450_13_77777_170000017001","PE","23450","VEREADOR","2016","fim_regular","tce"
"M2016_23450_13_90140_170000011933","PE","23450","VEREADOR","2016","fim_regular","tce"
"M2016_23450_13_14123_170000017007","PE","23450","VEREADOR","2016","fim_regular","tce"
"M2012_23477_13_33333_170000011973","PE","23477","VEREADOR","2012","fim_regular","tce"
"M2012_23477_13_12789_170000005409","PE","23477","VEREADOR","2012","fim_regular","tce"
"M2012_23477_13_40123_170000009998","PE","23477","VEREADOR","2012","fim_regular","tce"
"M2012_23477_13_15555_170000011976","PE","23477","VEREADOR","2012","fim_regular","tce"
"M2016_23477_13_22369_170000009192","PE","23477","VEREADOR","2016","fim_regular","tce"
"M2016_23477_13_14444_170000014803","PE","23477","VEREADOR","2016","fim_regular","tce"
"M2016_23477_13_14111_170000014802","PE","23477","VEREADOR","2016","fim_regular","tce"
"M2016_23477_13_22456_170000009190","PE","23477","VEREADOR","2016","fim_regular","tce"
"M2016_23477_13_10114_170000014798","PE","23477","VEREADOR","2016","fim_regular","tce"
"M2016_23477_13_20222_170000014792","PE","23477","VEREADOR","2016","fim_regular","tce"
"M2016_23477_13_40123_170000009195","PE","23477","VEREADOR","2016","fim_regular","tce"
"M2016_23477_13_40333_170000009197","PE","23477","VEREADOR","2016","fim_regular","tce"
"M2020_23477_13_40140_170000986188","PE","23477","VEREADOR","2020","fim_regular","tce"
"M2020_23477_13_15555_170000986196","PE","23477","VEREADOR","2020","fim_regular","tce"
"M2020_23477_13_15222_170000986200","PE","23477","VEREADOR","2020","fim_regular","tce"
"M2020_23477_13_40123_170000986185","PE","23477","VEREADOR","2020","fim_regular","tce"
"M2020_23477_13_40333_170000986192","PE","23477","VEREADOR","2020","fim_regular","tce"
"M2020_23477_13_10123_170001120674","PE","23477","VEREADOR","2020","fim_regular","tce"
"M2020_23477_13_15369_170000986199","PE","23477","VEREADOR","2020","fim_regular","tce"
"M2012_23493_13_22222_170000009233","PE","23493","VEREADOR","2012","fim_regular","tce"
"M2016_23493_13_14200_170000013089","PE","23493","VEREADOR","2016","fim_regular","tce"
"M2016_23493_13_14604_170000013088","PE","23493","VEREADOR","2016","fim_regular","tce"
"M2020_23493_13_10111_170001093284","PE","23493","VEREADOR","2020","fim_regular","tce"
"M2020_23493_13_40014_170000872664","PE","23493","VEREADOR","2020","outro","tce"
"M2020_23493_13_40123_170000872672","PE","23493","VEREADOR","2020","outro","tce"
"M2020_23493_13_40555_170000872670","PE","23493","VEREADOR","2020","fim_regular","tce"
"M2020_23493_13_10110_170001093290","PE","23493","VEREADOR","2020","fim_regular","tce"
"M2020_23493_13_10555_170001093286","PE","23493","VEREADOR","2020","outro","tce"
"M2020_23493_13_10789_170001093281","PE","23493","VEREADOR","2020","outro","tce"
"M2020_23493_13_40222_170000872669","PE","23493","VEREADOR","2020","fim_regular","tce"
"M2012_23515_13_36777_170000007160","PE","23515","VEREADOR","2012","fim_regular","tce"
"M2012_23515_13_36999_170000007153","PE","23515","VEREADOR","2012","fim_regular","tce"
"M2016_23515_13_36111_170000015841","PE","23515","VEREADOR","2016","fim_regular","tce"
"M2016_23515_13_14123_170000014834","PE","23515","VEREADOR","2016","fim_regular","tce"
"M2016_23515_13_36123_170000015827","PE","23515","VEREADOR","2016","fim_regular","tce"
"M2016_23515_13_36777_170000015828","PE","23515","VEREADOR","2016","fim_regular","tce"
"M2016_23515_13_55555_170000014839","PE","23515","VEREADOR","2016","fim_regular","tce"
"M2016_23515_13_65555_170000014833","PE","23515","VEREADOR","2016","fim_regular","tce"
"M2020_23515_13_11111_170001144329","PE","23515","VEREADOR","2020","fim_regular","tce"
"M2020_23515_13_13456_170001144552","PE","23515","VEREADOR","2020","fim_regular","tce"
"M2020_23515_13_65000_170001143531","PE","23515","VEREADOR","2020","fim_regular","tce"
"M2020_23515_13_11000_170001144328","PE","23515","VEREADOR","2020","fim_regular","tce"
"M2020_23515_13_22123_170001145563","PE","23515","VEREADOR","2020","fim_regular","tce"
"M2020_23515_13_55555_170001144004","PE","23515","VEREADOR","2020","fim_regular","tce"
"M2020_23515_13_25111_170000799565","PE","23515","VEREADOR","2020","fim_regular","tce"
"M2020_23515_13_55000_170001144000","PE","23515","VEREADOR","2020","fim_regular","tce"
"M2020_23515_13_55055_170001144017","PE","23515","VEREADOR","2020","fim_regular","tce"
"M2020_23515_13_55222_170001144006","PE","23515","VEREADOR","2020","fim_regular","tce"
"M2020_23515_13_17677_170001144756","PE","23515","VEREADOR","2020","fim_regular","tce"
"M2012_23531_13_55678_170000007356","PE","23531","VEREADOR","2012","fim_regular","tce"
"M2016_23531_13_40333_170000001960","PE","23531","VEREADOR","2016","fim_regular","tce"
"M2020_23531_13_40123_170000821656","PE","23531","VEREADOR","2020","outro","tce"
"M2020_23531_13_55000_170000822029","PE","23531","VEREADOR","2020","outro","tce"
"M2020_23531_13_19123_170000969630","PE","23531","VEREADOR","2020","outro","tce"
"M2020_23531_13_55678_170000822026","PE","23531","VEREADOR","2020","outro","tce"
"M2020_23531_13_11000_170000968923","PE","23531","VEREADOR","2020","outro","tce"
"M2020_23531_13_22555_170000821695","PE","23531","VEREADOR","2020","outro","tce"
"M2020_23531_13_55555_170000822021","PE","23531","VEREADOR","2020","outro","tce"
"M2020_23531_13_11456_170000968921","PE","23531","VEREADOR","2020","outro","tce"
"M2016_23558_13_31111_170000007031","PE","23558","VEREADOR","2016","fim_regular","tce"
"M2016_23558_13_28888_170000007029","PE","23558","VEREADOR","2016","fim_regular","tce"
"M2016_23558_13_40000_170000007956","PE","23558","VEREADOR","2016","fim_regular","tce"
"M2016_23558_13_15222_170000006425","PE","23558","VEREADOR","2016","fim_regular","tce"
"M2016_23558_13_25555_170000013927","PE","23558","VEREADOR","2016","fim_regular","tce"
"M2016_23558_13_14555_170000013923","PE","23558","VEREADOR","2016","fim_regular","tce"
"M2016_23558_13_14777_170000013924","PE","23558","VEREADOR","2016","fim_regular","tce"
"M2016_23558_13_15555_170000006423","PE","23558","VEREADOR","2016","fim_regular","tce"
"M2016_23558_13_20111_170000007037","PE","23558","VEREADOR","2016","fim_regular","tce"
"M2016_23558_13_23444_170000007023","PE","23558","VEREADOR","2016","fim_regular","tce"
"M2016_23558_13_44444_170000006428","PE","23558","VEREADOR","2016","fim_regular","tce"
"M2016_23558_13_55111_170000007958","PE","23558","VEREADOR","2016","fim_regular","tce"
"M2016_23558_13_55888_170000007960","PE","23558","VEREADOR","2016","fim_regular","tce"
"M2016_23558_13_55555_170000007959","PE","23558","VEREADOR","2016","fim_regular","tce"
"M2020_23558_13_55888_170000763514","PE","23558","VEREADOR","2020","fim_regular","tce"
"M2020_23558_13_15222_170000761469","PE","23558","VEREADOR","2020","fim_regular","tce"
"M2020_23558_13_77555_170000763868","PE","23558","VEREADOR","2020","fim_regular","tce"
"M2020_23558_13_55555_170000763509","PE","23558","VEREADOR","2020","fim_regular","tce"
"M2020_23558_13_77777_170000763857","PE","23558","VEREADOR","2020","outro","tce"
"M2020_23558_13_15444_170000761480","PE","23558","VEREADOR","2020","fim_regular","tce"
"M2020_23558_13_15333_170000761476","PE","23558","VEREADOR","2020","fim_regular","tce"
"M2020_23558_13_15000_170000761479","PE","23558","VEREADOR","2020","fim_regular","tce"
"M2020_23558_13_15115_170000761471","PE","23558","VEREADOR","2020","fim_regular","tce"
"M2020_23558_13_15555_170000761467","PE","23558","VEREADOR","2020","fim_regular","tce"
"M2020_23558_13_55655_170000763510","PE","23558","VEREADOR","2020","fim_regular","tce"
"M2020_23558_13_77000_170000763873","PE","23558","VEREADOR","2020","fim_regular","tce"
"M2020_23558_13_77100_170000763876","PE","23558","VEREADOR","2020","fim_regular","tce"
"M2020_23558_13_77666_170000763858","PE","23558","VEREADOR","2020","fim_regular","tce"
"M2012_23574_13_33900_170000007074","PE","23574","VEREADOR","2012","fim_regular","tce"
"M2012_23574_13_13456_170000008237","PE","23574","VEREADOR","2012","fim_regular","tce"
"M2012_23574_13_20000_170000011956","PE","23574","VEREADOR","2012","fim_regular","tce"
"M2012_23574_13_20123_170000011950","PE","23574","VEREADOR","2012","fim_regular","tce"
"M2012_23574_13_36111_170000008256","PE","23574","VEREADOR","2012","fim_regular","tce"
"M2012_23574_13_40000_170000018754","PE","23574","VEREADOR","2012","fim_regular","tce"
"M2012_23574_13_45123_170000013597","PE","23574","VEREADOR","2012","outro","tce"
"M2012_23574_13_45545_170000013612","PE","23574","VEREADOR","2012","fim_regular","tce"
"M2012_23574_13_65511_170000013938","PE","23574","VEREADOR","2012","fim_regular","tce"
"M2012_23574_13_33500_170000007075","PE","23574","VEREADOR","2012","fim_regular","tce"
"M2016_23574_13_44123_170000001079","PE","23574","VEREADOR","2016","outro","tce"
"M2016_23574_13_77777_170000003239","PE","23574","VEREADOR","2016","fim_regular","tce"
"M2016_23574_13_22900_170000001201","PE","23574","VEREADOR","2016","fim_regular","tce"
"M2016_23574_13_20000_170000000885","PE","23574","VEREADOR","2016","fim_regular","tce"
"M2016_23574_13_13456_170000002099","PE","23574","VEREADOR","2016","fim_regular","tce"
"M2016_23574_13_40000_170000001455","PE","23574","VEREADOR","2016","fim_regular","tce"
"M2016_23574_13_12111_170000001198","PE","23574","VEREADOR","2016","fim_regular","tce"
"M2016_23574_13_20511_170000000880","PE","23574","VEREADOR","2016","fim_regular","tce"
"M2016_23574_13_14222_170000002085","PE","23574","VEREADOR","2016","fim_regular","tce"
"M2016_23574_13_36111_170000001488","PE","23574","VEREADOR","2016","outro","tce"
"M2016_23574_13_40111_170000001450","PE","23574","VEREADOR","2016","fim_regular","tce"
"M2016_23574_13_40123_170000001466","PE","23574","VEREADOR","2016","fim_regular","tce"
"M2016_23574_13_43000_170000003134","PE","23574","VEREADOR","2016","fim_regular","tce"
"M2016_23574_13_65123_170000003231","PE","23574","VEREADOR","2016","fim_regular","tce"
"M2016_23574_13_33500_170000000860","PE","23574","VEREADOR","2016","fim_regular","tce"
"M2016_23574_13_45000_170000003227","PE","23574","VEREADOR","2016","fim_regular","tce"
"M2016_23574_13_44000_170000001077","PE","23574","VEREADOR","2016","fim_regular","tce"
"M2012_23612_13_13333_170000003139","PE","23612","VEREADOR","2012","fim_regular","tce"
"M2012_23612_13_55000_170000019052","PE","23612","VEREADOR","2012","fim_regular","tce"
"M2016_23612_13_45678_170000006138","PE","23612","VEREADOR","2016","fim_regular","tce"
"M2016_23612_13_65555_170000006143","PE","23612","VEREADOR","2016","fim_regular","tce"
"M2020_23612_13_55444_170001041934","PE","23612","VEREADOR","2020","falecimento","tce"
"M2012_23639_13_12356_170000005077","PE","23639","VEREADOR","2012","fim_regular","tce"
"M2016_23639_13_40345_170000013616","PE","23639","VEREADOR","2016","fim_regular","tce"
"M2016_23639_13_40456_170000013618","PE","23639","VEREADOR","2016","fim_regular","tce"
"M2016_23639_13_14789_170000004065","PE","23639","VEREADOR","2016","fim_regular","tce"
"M2016_23639_13_36789_170000004072","PE","23639","VEREADOR","2016","fim_regular","tce"
"M2016_23639_13_40223_170000013614","PE","23639","VEREADOR","2016","fim_regular","tce"
"M2016_23639_13_45678_170000004076","PE","23639","VEREADOR","2016","fim_regular","tce"
"M2016_23639_13_70456_170000004063","PE","23639","VEREADOR","2016","fim_regular","tce"
"M2016_23639_13_14456_170000004078","PE","23639","VEREADOR","2016","fim_regular","tce"
"M2016_23639_13_70123_170000004069","PE","23639","VEREADOR","2016","fim_regular","tce"
"M2016_23639_13_11620_170000004079","PE","23639","VEREADOR","2016","fim_regular","tce"
"M2020_23639_13_22345_170000971742","PE","23639","VEREADOR","2020","falecimento","tce"
"M2020_23639_13_10789_170000975704","PE","23639","VEREADOR","2020","fim_regular","tce"
"M2020_23639_13_10456_170000975708","PE","23639","VEREADOR","2020","fim_regular","tce"
"M2020_23639_13_10111_170000975707","PE","23639","VEREADOR","2020","fim_regular","tce"
"M2020_23639_13_11210_170000951883","PE","23639","VEREADOR","2020","fim_regular","tce"
"M2020_23639_13_11222_170000951881","PE","23639","VEREADOR","2020","fim_regular","tce"
"M2020_23639_13_20789_170000965732","PE","23639","VEREADOR","2020","fim_regular","tce"
"M2020_23639_13_22000_170000971740","PE","23639","VEREADOR","2020","fim_regular","tce"
"M2020_23639_13_11620_170000951882","PE","23639","VEREADOR","2020","fim_regular","tce"
"M2012_23655_13_11111_170000002176","PE","23655","VEREADOR","2012","fim_regular","tce"
"M2012_23655_13_40000_170000002168","PE","23655","VEREADOR","2012","fim_regular","tce"
"M2012_23655_13_40123_170000002171","PE","23655","VEREADOR","2012","fim_regular","tce"
"M2012_23655_13_10000_170000004121","PE","23655","VEREADOR","2012","fim_regular","tce"
"M2016_23655_13_40111_170000011180","PE","23655","VEREADOR","2016","outro","tce"
"M2016_23655_13_55777_170000005107","PE","23655","VEREADOR","2016","fim_regular","tce"
"M2016_23655_13_55222_170000005113","PE","23655","VEREADOR","2016","fim_regular","tce"
"M2020_23655_13_11222_170000740792","PE","23655","VEREADOR","2020","fim_regular","tce"
"M2020_23655_13_11444_170000740795","PE","23655","VEREADOR","2020","outro","tce"
"M2020_23655_13_55777_170000788006","PE","23655","VEREADOR","2020","fim_regular","tce"
"M2016_23671_13_40123_170000016429","PE","23671","VEREADOR","2016","fim_regular","tce"
"M2016_23671_13_65222_170000023019","PE","23671","VEREADOR","2016","fim_regular","tce"
"M2016_23671_13_40555_170000016430","PE","23671","VEREADOR","2016","fim_regular","tce"
"M2016_23671_13_17555_170000006299","PE","23671","VEREADOR","2016","fim_regular","tce"
"M2016_23671_13_65123_170000006307","PE","23671","VEREADOR","2016","fim_regular","tce"
"M2016_23671_13_77777_170000016437","PE","23671","VEREADOR","2016","fim_regular","tce"
"M2016_23671_13_12000_170000006304","PE","23671","VEREADOR","2016","fim_regular","tce"
"M2016_23671_13_40147_170000016428","PE","23671","VEREADOR","2016","fim_regular","tce"
"M2020_23671_13_17888_170000764506","PE","23671","VEREADOR","2020","fim_regular","tce"
"M2020_23671_13_13333_170000887779","PE","23671","VEREADOR","2020","fim_regular","tce"
"M2020_23671_13_13555_170000887788","PE","23671","VEREADOR","2020","fim_regular","tce"
"M2020_23671_13_13222_170000887787","PE","23671","VEREADOR","2020","fim_regular","tce"
"M2020_23671_13_13777_170000887785","PE","23671","VEREADOR","2020","fim_regular","tce"
"M2020_23671_13_17147_170000764502","PE","23671","VEREADOR","2020","fim_regular","tce"
"M2020_23671_13_17777_170000764511","PE","23671","VEREADOR","2020","fim_regular","tce"
"M2020_23671_13_17999_170000764509","PE","23671","VEREADOR","2020","fim_regular","tce"
"M2020_23671_13_13000_170000887780","PE","23671","VEREADOR","2020","fim_regular","tce"
"M2012_23698_13_12345_170000007798","PE","23698","VEREADOR","2012","fim_regular","tce"
"M2016_23698_13_25000_170000015254","PE","23698","VEREADOR","2016","fim_regular","tce"
"M2016_23698_13_14444_170000006738","PE","23698","VEREADOR","2016","fim_regular","tce"
"M2016_23698_13_14690_170000006750","PE","23698","VEREADOR","2016","fim_regular","tce"
"M2016_23698_13_55222_170000015257","PE","23698","VEREADOR","2016","fim_regular","tce"
"M2020_23698_13_10400_170001056658","PE","23698","VEREADOR","2020","fim_regular","tce"
"M2020_23698_13_10000_170001056645","PE","23698","VEREADOR","2020","falecimento","tce"
"M2020_23698_13_10111_170001056646","PE","23698","VEREADOR","2020","fim_regular","tce"
"M2020_23698_13_40640_170000788709","PE","23698","VEREADOR","2020","fim_regular","tce"
"M2020_23698_13_55333_170000851564","PE","23698","VEREADOR","2020","fim_regular","tce"
"M2016_23710_13_40222_170000013072","PE","23710","VEREADOR","2016","fim_regular","tce"
"M2020_23710_13_15000_170000861457","PE","23710","VEREADOR","2020","outro","tce"
"M2020_23710_13_15777_170000861459","PE","23710","VEREADOR","2020","outro","tce"
"M2020_23710_13_22222_170000875028","PE","23710","VEREADOR","2020","outro","tce"
"M2020_23710_13_40040_170001059997","PE","23710","VEREADOR","2020","outro","tce"
"M2020_23710_13_40123_170001059994","PE","23710","VEREADOR","2020","fim_regular","tce"
"M2012_23736_13_25888_170000002100","PE","23736","VEREADOR","2012","fim_regular","tce"
"M2012_23736_13_40333_170000017682","PE","23736","VEREADOR","2012","fim_regular","tce"
"M2012_23736_13_40789_170000017677","PE","23736","VEREADOR","2012","fim_regular","tce"
"M2012_23736_13_27000_170000002090","PE","23736","VEREADOR","2012","fim_regular","tce"
"M2012_23736_13_40888_170000017676","PE","23736","VEREADOR","2012","fim_regular","tce"
"M2012_23736_13_44456_170000003524","PE","23736","VEREADOR","2012","fim_regular","tce"
"M2012_23736_13_45111_170000003538","PE","23736","VEREADOR","2012","fim_regular","tce"
"M2012_23736_13_70111_170000003519","PE","23736","VEREADOR","2012","fim_regular","tce"
"M2016_23736_13_55111_170000009862","PE","23736","VEREADOR","2016","fim_regular","tce"
"M2016_23736_13_27000_170000009861","PE","23736","VEREADOR","2016","fim_regular","tce"
"M2016_23736_13_40888_170000014564","PE","23736","VEREADOR","2016","fim_regular","tce"
"M2016_23736_13_45111_170000009867","PE","23736","VEREADOR","2016","fim_regular","tce"
"M2016_23736_13_11111_170000014557","PE","23736","VEREADOR","2016","fim_regular","tce"
"M2016_23736_13_45000_170000009858","PE","23736","VEREADOR","2016","fim_regular","tce"
"M2016_23736_13_55123_170000009850","PE","23736","VEREADOR","2016","fim_regular","tce"
"M2016_23736_13_55444_170000009869","PE","23736","VEREADOR","2016","fim_regular","tce"
"M2016_23736_13_55456_170000009863","PE","23736","VEREADOR","2016","fim_regular","tce"
"M2016_23736_13_55555_170000009851","PE","23736","VEREADOR","2016","fim_regular","tce"
"M2020_23736_13_25111_170000860843","PE","23736","VEREADOR","2020","fim_regular","tce"
"M2020_23736_13_70888_170000972180","PE","23736","VEREADOR","2020","fim_regular","tce"
"M2020_23736_13_20000_170000862653","PE","23736","VEREADOR","2020","fim_regular","tce"
"M2020_23736_13_20111_170000862656","PE","23736","VEREADOR","2020","fim_regular","tce"
"M2020_23736_13_25000_170000860850","PE","23736","VEREADOR","2020","fim_regular","tce"
"M2020_23736_13_25123_170000860841","PE","23736","VEREADOR","2020","fim_regular","tce"
"M2020_23736_13_20123_170000862658","PE","23736","VEREADOR","2020","fim_regular","tce"
"M2020_23736_13_20888_170000862661","PE","23736","VEREADOR","2020","fim_regular","tce"
"M2020_23736_13_25678_170000860839","PE","23736","VEREADOR","2020","falecimento","tce"
"M2020_23736_13_25777_170000860845","PE","23736","VEREADOR","2020","fim_regular","tce"
"M2020_23736_13_70000_170000972174","PE","23736","VEREADOR","2020","fim_regular","tce"
"M2024_23736_13_10111_170001950212","PE","23736","VEREADOR","2024","outro","tce"
"M2024_23736_13_20000_170001961356","PE","23736","VEREADOR","2024","outro","tce"
"M2024_23736_13_20222_170001961355","PE","23736","VEREADOR","2024","outro","tce"
"M2024_23736_13_10123_170001950210","PE","23736","VEREADOR","2024","outro","tce"
"M2024_23736_13_20123_170001961350","PE","23736","VEREADOR","2024","outro","tce"
"M2024_23736_13_20888_170001961348","PE","23736","VEREADOR","2024","outro","tce"
"M2024_23736_13_11000_170002148123","PE","23736","VEREADOR","2024","outro","tce"
"M2024_23736_13_10300_170001950206","PE","23736","VEREADOR","2024","outro","tce"
"M2024_23736_13_10777_170001950208","PE","23736","VEREADOR","2024","outro","tce"
"M2024_23736_13_20999_170001961357","PE","23736","VEREADOR","2024","outro","tce"
"M2012_23752_13_17000_170000017999","PE","23752","VEREADOR","2012","fim_regular","tce"
"M2012_23752_13_22222_170000017996","PE","23752","VEREADOR","2012","fim_regular","tce"
"M2012_23752_13_31444_170000002046","PE","23752","VEREADOR","2012","fim_regular","tce"
"M2012_23752_13_40000_170000002032","PE","23752","VEREADOR","2012","fim_regular","tce"
"M2012_23752_13_55555_170000017994","PE","23752","VEREADOR","2012","outro","tce"
"M2016_23752_13_19666_170000008653","PE","23752","VEREADOR","2016","outro","tce"
"M2016_23752_13_55555_170000007252","PE","23752","VEREADOR","2016","fim_regular","tce"
"M2016_23752_13_40123_170000007250","PE","23752","VEREADOR","2016","fim_regular","tce"
"M2016_23752_13_77777_170000008661","PE","23752","VEREADOR","2016","fim_regular","tce"
"M2016_23752_13_40111_170000007248","PE","23752","VEREADOR","2016","fim_regular","tce"
"M2016_23752_13_15555_170000007245","PE","23752","VEREADOR","2016","fim_regular","tce"
"M2016_23752_13_20222_170000007239","PE","23752","VEREADOR","2016","fim_regular","tce"
"M2016_23752_13_20444_170000007253","PE","23752","VEREADOR","2016","fim_regular","tce"
"M2016_23752_13_25555_170000008660","PE","23752","VEREADOR","2016","fim_regular","tce"
"M2016_23752_13_77888_170000008662","PE","23752","VEREADOR","2016","fim_regular","tce"
"M2020_23752_13_10777_170001200163","PE","23752","VEREADOR","2020","fim_regular","tce"
"M2020_23752_13_40123_170001118576","PE","23752","VEREADOR","2020","fim_regular","tce"
"M2020_23752_13_13666_170001218192","PE","23752","VEREADOR","2020","fim_regular","tce"
"M2020_23752_13_40000_170001118577","PE","23752","VEREADOR","2020","fim_regular","tce"
"M2020_23752_13_22122_170001228524","PE","23752","VEREADOR","2020","fim_regular","tce"
"M2020_23752_13_40444_170001118584","PE","23752","VEREADOR","2020","fim_regular","tce"
"M2020_23752_13_22000_170001228523","PE","23752","VEREADOR","2020","fim_regular","tce"
"M2020_23752_13_13222_170001218196","PE","23752","VEREADOR","2020","fim_regular","tce"
"M2020_23752_13_22888_170001228518","PE","23752","VEREADOR","2020","fim_regular","tce"
"M2020_23752_13_40111_170001118579","PE","23752","VEREADOR","2020","fim_regular","tce"
"M2008_23779_13_40612_5057","PE","23779","VEREADOR","2008","outro","tce"
"M2008_23779_13_40000_5059","PE","23779","VEREADOR","2008","outro","tce"
"M2008_23779_13_15222_9071","PE","23779","VEREADOR","2008","outro","tce"
"M2012_23779_13_36999_170000002679","PE","23779","VEREADOR","2012","outro","tce"
"M2012_23779_13_40123_170000002667","PE","23779","VEREADOR","2012","outro","tce"
"M2016_23779_13_40789_170000001345","PE","23779","VEREADOR","2016","outro","tce"
"M2016_23779_13_12345_170000001350","PE","23779","VEREADOR","2016","outro","tce"
"M2016_23779_13_22333_170000002334","PE","23779","VEREADOR","2016","outro","tce"
"M2016_23779_13_40111_170000001340","PE","23779","VEREADOR","2016","outro","tce"
"M2016_23779_13_40147_170000001343","PE","23779","VEREADOR","2016","outro","tce"
"M2016_23779_13_40444_170000001351","PE","23779","VEREADOR","2016","outro","tce"
"M2016_23779_13_40777_170000001354","PE","23779","VEREADOR","2016","outro","tce"
"M2020_23779_13_40333_170000689990","PE","23779","VEREADOR","2020","outro","tce"
"M2020_23779_13_13123_170000689975","PE","23779","VEREADOR","2020","outro","tce"
"M2020_23779_13_25456_170000869203","PE","23779","VEREADOR","2020","outro","tce"
"M2020_23779_13_25777_170000869200","PE","23779","VEREADOR","2020","outro","tce"
"M2020_23779_13_40741_170000689988","PE","23779","VEREADOR","2020","outro","tce"
"M2012_23795_13_45555_170000008320","PE","23795","VEREADOR","2012","fim_regular","tce"
"M2012_23795_13_10010_170000002804","PE","23795","VEREADOR","2012","fim_regular","tce"
"M2012_23795_13_12333_170000008043","PE","23795","VEREADOR","2012","fim_regular","tce"
"M2012_23795_13_19200_170000002723","PE","23795","VEREADOR","2012","fim_regular","tce"
"M2012_23795_13_23456_170000008350","PE","23795","VEREADOR","2012","fim_regular","tce"
"M2012_23795_13_40040_170000005603","PE","23795","VEREADOR","2012","fim_regular","tce"
"M2016_23795_13_11190_170000005435","PE","23795","VEREADOR","2016","outro","tce"
"M2016_23795_13_12222_170000005243","PE","23795","VEREADOR","2016","fim_regular","tce"
"M2016_23795_13_12777_170000005252","PE","23795","VEREADOR","2016","fim_regular","tce"
"M2016_23795_13_14123_170000006019","PE","23795","VEREADOR","2016","fim_regular","tce"
"M2016_23795_13_14156_170000006021","PE","23795","VEREADOR","2016","fim_regular","tce"
"M2016_23795_13_22123_170000005438","PE","23795","VEREADOR","2016","falecimento","tce"
"M2016_23795_13_43000_170000016822","PE","23795","VEREADOR","2016","fim_regular","tce"
"M2016_23795_13_44000_170000012544","PE","23795","VEREADOR","2016","fim_regular","tce"
"M2016_23795_13_44222_170000012559","PE","23795","VEREADOR","2016","fim_regular","tce"
"M2016_23795_13_54400_170000014283","PE","23795","VEREADOR","2016","fim_regular","tce"
"M2016_23795_13_65100_170000011587","PE","23795","VEREADOR","2016","outro","tce"
"M2016_23795_13_77300_170000005427","PE","23795","VEREADOR","2016","fim_regular","tce"
"M2016_23795_13_90190_170000016841","PE","23795","VEREADOR","2016","fim_regular","tce"
"M2012_23817_13_65222_170000004153","PE","23817","VEREADOR","2012","fim_regular","tce"
"M2012_23817_13_19123_170000015625","PE","23817","VEREADOR","2012","fim_regular","tce"
"M2012_23817_13_55123_170000004152","PE","23817","VEREADOR","2012","fim_regular","tce"
"M2012_23817_13_14999_170000004150","PE","23817","VEREADOR","2012","fim_regular","tce"
"M2012_23817_13_14222_170000004170","PE","23817","VEREADOR","2012","fim_regular","tce"
"M2012_23817_13_12345_170000004158","PE","23817","VEREADOR","2012","fim_regular","tce"
"M2012_23817_13_55678_170000004161","PE","23817","VEREADOR","2012","fim_regular","tce"
"M2012_23817_13_25612_170000000857","PE","23817","VEREADOR","2012","fim_regular","tce"
"M2012_23817_13_22614_170000004165","PE","23817","VEREADOR","2012","fim_regular","tce"
"M2012_23817_13_40852_170000004155","PE","23817","VEREADOR","2012","fim_regular","tce"
"M2012_23817_13_11102_170000004546","PE","23817","VEREADOR","2012","fim_regular","tce"
"M2012_23817_13_15123_170000000854","PE","23817","VEREADOR","2012","fim_regular","tce"
"M2012_23817_13_20620_170000015624","PE","23817","VEREADOR","2012","fim_regular","tce"
"M2012_23817_13_23024_170000003314","PE","23817","VEREADOR","2012","fim_regular","tce"
"M2012_23817_13_28000_170000004539","PE","23817","VEREADOR","2012","fim_regular","tce"
"M2012_23817_13_28012_170000004533","PE","23817","VEREADOR","2012","fim_regular","tce"
"M2012_23817_13_28128_170000004529","PE","23817","VEREADOR","2012","fim_regular","tce"
"M2012_23817_13_33111_170000004868","PE","23817","VEREADOR","2012","fim_regular","tce"
"M2012_23817_13_40123_170000004167","PE","23817","VEREADOR","2012","fim_regular","tce"
"M2012_23817_13_45555_170000000844","PE","23817","VEREADOR","2012","fim_regular","tce"
"M2012_23817_13_70000_170000005472","PE","23817","VEREADOR","2012","fim_regular","tce"
"M2016_23817_13_44555_170000012182","PE","23817","VEREADOR","2016","outro","tce"
"M2016_23817_13_12614_170000011765","PE","23817","VEREADOR","2016","fim_regular","tce"
"M2016_23817_13_13013_170000012191","PE","23817","VEREADOR","2016","fim_regular","tce"
"M2016_23817_13_70123_170000017810","PE","23817","VEREADOR","2016","fim_regular","tce"
"M2020_23817_13_45614_170000864045","PE","23817","VEREADOR","2020","fim_regular","tce"
"M2020_23817_13_12345_170001048126","PE","23817","VEREADOR","2020","fim_regular","tce"
"M2020_23817_13_14123_170000695262","PE","23817","VEREADOR","2020","fim_regular","tce"
"M2012_23833_13_40232_170000010163","PE","23833","VEREADOR","2012","fim_regular","tce"
"M2012_23833_13_65333_170000010176","PE","23833","VEREADOR","2012","outro","tce"
"M2016_23833_13_14123_170000018666","PE","23833","VEREADOR","2016","fim_regular","tce"
"M2016_23833_13_25025_170000017276","PE","23833","VEREADOR","2016","fim_regular","tce"
"M2016_23833_13_35000_170000018672","PE","23833","VEREADOR","2016","fim_regular","tce"
"M2016_23833_13_35333_170000018677","PE","23833","VEREADOR","2016","fim_regular","tce"
"M2016_23833_13_40140_170000013280","PE","23833","VEREADOR","2016","fim_regular","tce"
"M2016_23833_13_77555_170000013339","PE","23833","VEREADOR","2016","fim_regular","tce"
"M2016_23833_13_77777_170000013336","PE","23833","VEREADOR","2016","fim_regular","tce"
"M2020_23833_13_40333_170001232507","PE","23833","VEREADOR","2020","fim_regular","tce"
"M2020_23833_13_14000_170001166723","PE","23833","VEREADOR","2020","fim_regular","tce"
"M2020_23833_13_25000_170001130433","PE","23833","VEREADOR","2020","fim_regular","tce"
"M2020_23833_13_70000_170000796241","PE","23833","VEREADOR","2020","fim_regular","tce"
"M2020_23833_13_70111_170000796237","PE","23833","VEREADOR","2020","fim_regular","tce"
"M2020_23833_13_70123_170000796236","PE","23833","VEREADOR","2020","fim_regular","tce"
"M2020_23833_13_70555_170000796245","PE","23833","VEREADOR","2020","fim_regular","tce"
"M2024_23833_13_44666_170001930868","PE","23833","VEREADOR","2024","outro","tce"
"M2012_23850_13_14000_170000001918","PE","23850","VEREADOR","2012","fim_regular","tce"
"M2012_23850_13_55888_170000001589","PE","23850","VEREADOR","2012","fim_regular","tce"
"M2012_23850_13_45000_170000001908","PE","23850","VEREADOR","2012","fim_regular","tce"
"M2012_23850_13_40000_170000001914","PE","23850","VEREADOR","2012","fim_regular","tce"
"M2012_23850_13_13333_170000001585","PE","23850","VEREADOR","2012","fim_regular","tce"
"M2012_23850_13_43123_170000001595","PE","23850","VEREADOR","2012","fim_regular","tce"
"M2012_23850_13_45123_170000001912","PE","23850","VEREADOR","2012","fim_regular","tce"
"M2016_23850_13_55555_170000008826","PE","23850","VEREADOR","2016","outro","tce"
"M2016_23850_13_22888_170000015148","PE","23850","VEREADOR","2016","outro","tce"
"M2016_23850_13_22123_170000015139","PE","23850","VEREADOR","2016","outro","tce"
"M2016_23850_13_13333_170000015131","PE","23850","VEREADOR","2016","outro","tce"
"M2016_23850_13_14789_170000015134","PE","23850","VEREADOR","2016","outro","tce"
"M2016_23850_13_40000_170000008821","PE","23850","VEREADOR","2016","outro","tce"
"M2016_23850_13_40555_170000008816","PE","23850","VEREADOR","2016","outro","tce"
"M2016_23850_13_44444_170000015141","PE","23850","VEREADOR","2016","outro","tce"
"M2020_23850_13_15555_170000976348","PE","23850","VEREADOR","2020","fim_regular","tce"
"M2020_23850_13_10888_170000975870","PE","23850","VEREADOR","2020","fim_regular","tce"
"M2020_23850_13_70777_170000767291","PE","23850","VEREADOR","2020","fim_regular","tce"
"M2020_23850_13_10123_170000975871","PE","23850","VEREADOR","2020","fim_regular","tce"
"M2020_23850_13_10789_170000975873","PE","23850","VEREADOR","2020","fim_regular","tce"
"M2020_23850_13_15333_170000976355","PE","23850","VEREADOR","2020","fim_regular","tce"
"M2020_23850_13_15888_170000976352","PE","23850","VEREADOR","2020","fim_regular","tce"
"M2020_23850_13_15999_170000976349","PE","23850","VEREADOR","2020","fim_regular","tce"
"M2020_23850_13_40888_170000767259","PE","23850","VEREADOR","2020","fim_regular","tce"
"M2016_23876_13_43333_170000009416","PE","23876","VEREADOR","2016","outro","tce"
"M2016_23876_13_65123_170000009418","PE","23876","VEREADOR","2016","outro","tce"
"M2016_23876_13_12000_170000009293","PE","23876","VEREADOR","2016","outro","tce"
"M2016_23876_13_11111_170000015240","PE","23876","VEREADOR","2016","outro","tce"
"M2016_23876_13_77777_170000015242","PE","23876","VEREADOR","2016","outro","tce"
"M2016_23876_13_28888_170000009299","PE","23876","VEREADOR","2016","outro","tce"
"M2016_23876_13_45555_170000014989","PE","23876","VEREADOR","2016","outro","tce"
"M2016_23876_13_55555_170000009412","PE","23876","VEREADOR","2016","outro","tce"
"M2012_23892_13_12345_170000018068","PE","23892","VEREADOR","2012","fim_regular","tce"
"M2012_23892_13_22222_170000007839","PE","23892","VEREADOR","2012","fim_regular","tce"
"M2012_23892_13_55611_170000018084","PE","23892","VEREADOR","2012","fim_regular","tce"
"M2012_23892_13_22664_170000007822","PE","23892","VEREADOR","2012","fim_regular","tce"
"M2012_23892_13_14632_170000018078","PE","23892","VEREADOR","2012","fim_regular","tce"
"M2012_23892_13_13123_170000007833","PE","23892","VEREADOR","2012","fim_regular","tce"
"M2012_23892_13_17617_170000007977","PE","23892","VEREADOR","2012","fim_regular","tce"
"M2012_23892_13_17622_170000007981","PE","23892","VEREADOR","2012","fim_regular","tce"
"M2012_23892_13_36123_170000007820","PE","23892","VEREADOR","2012","fim_regular","tce"
"M2012_23892_13_70777_170000007979","PE","23892","VEREADOR","2012","fim_regular","tce"
"M2016_23892_13_12345_170000009066","PE","23892","VEREADOR","2016","fim_regular","tce"
"M2016_23892_13_77777_170000009067","PE","23892","VEREADOR","2016","fim_regular","tce"
"M2016_23892_13_55611_170000009055","PE","23892","VEREADOR","2016","fim_regular","tce"
"M2016_23892_13_22333_170000007015","PE","23892","VEREADOR","2016","fim_regular","tce"
"M2016_23892_13_22123_170000007016","PE","23892","VEREADOR","2016","fim_regular","tce"
"M2016_23892_13_70777_170000007136","PE","23892","VEREADOR","2016","fim_regular","tce"
"M2016_23892_13_17617_170000007138","PE","23892","VEREADOR","2016","fim_regular","tce"
"M2016_23892_13_18123_170000007008","PE","23892","VEREADOR","2016","fim_regular","tce"
"M2016_23892_13_22444_170000007018","PE","23892","VEREADOR","2016","fim_regular","tce"
"M2016_23892_13_22456_170000007001","PE","23892","VEREADOR","2016","fim_regular","tce"
"M2016_23892_13_55555_170000009056","PE","23892","VEREADOR","2016","fim_regular","tce"
"M2016_23914_13_14014_170000012477","PE","23914","VEREADOR","2016","fim_regular","tce"
"M2016_23914_13_15615_170000016200","PE","23914","VEREADOR","2016","fim_regular","tce"
"M2016_23914_13_43123_170000011693","PE","23914","VEREADOR","2016","fim_regular","tce"
"M2020_23914_13_10222_170000788293","PE","23914","VEREADOR","2020","fim_regular","tce"
"M2020_23914_13_10111_170000788304","PE","23914","VEREADOR","2020","fim_regular","tce"
"M2020_23914_13_14210_170000822692","PE","23914","VEREADOR","2020","fim_regular","tce"
"M2020_23914_13_15123_170000928950","PE","23914","VEREADOR","2020","fim_regular","tce"
"M2020_23914_13_55555_170000933537","PE","23914","VEREADOR","2020","fim_regular","tce"
"M2020_23914_13_55655_170000933541","PE","23914","VEREADOR","2020","fim_regular","tce"
"M2012_23930_13_40666_170000001158","PE","23930","VEREADOR","2012","fim_regular","tce"
"M2012_23930_13_40789_170000001147","PE","23930","VEREADOR","2012","fim_regular","tce"
"M2016_23930_13_33333_170000016246","PE","23930","VEREADOR","2016","fim_regular","tce"
"M2016_23930_13_77123_170000016244","PE","23930","VEREADOR","2016","fim_regular","tce"
"M2016_23930_13_11111_170000016234","PE","23930","VEREADOR","2016","fim_regular","tce"
"M2016_23930_13_40111_170000016247","PE","23930","VEREADOR","2016","fim_regular","tce"
"M2020_23930_13_22456_170000832171","PE","23930","VEREADOR","2020","fim_regular","tce"
"M2020_23930_13_22123_170000832169","PE","23930","VEREADOR","2020","fim_regular","tce"
"M2020_23930_13_22444_170000832164","PE","23930","VEREADOR","2020","fim_regular","tce"
"M2020_23930_13_40000_170000740006","PE","23930","VEREADOR","2020","fim_regular","tce"
"M2020_23930_13_40111_170000740010","PE","23930","VEREADOR","2020","fim_regular","tce"
"M2020_23930_13_40456_170000740001","PE","23930","VEREADOR","2020","fim_regular","tce"
"M2016_23957_13_55555_170000021808","PE","23957","VEREADOR","2016","fim_regular","tce"
"M2016_23957_13_11111_170000021880","PE","23957","VEREADOR","2016","fim_regular","tce"
"M2016_23957_13_43456_170000022002","PE","23957","VEREADOR","2016","fim_regular","tce"
"M2016_23957_13_20000_170000021821","PE","23957","VEREADOR","2016","fim_regular","tce"
"M2016_23957_13_20123_170000021819","PE","23957","VEREADOR","2016","outro","tce"
"M2016_23957_13_20555_170000021824","PE","23957","VEREADOR","2016","fim_regular","tce"
"M2016_23957_13_28000_170000022001","PE","23957","VEREADOR","2016","fim_regular","tce"
"M2020_23957_13_55123_170001202997","PE","23957","VEREADOR","2020","fim_regular","tce"
"M2020_23957_13_40555_170001067084","PE","23957","VEREADOR","2020","fim_regular","tce"
"M2020_23957_13_11234_170001206176","PE","23957","VEREADOR","2020","fim_regular","tce"
"M2020_23957_13_10123_170000735286","PE","23957","VEREADOR","2020","fim_regular","tce"
"M2020_23957_13_11456_170001206171","PE","23957","VEREADOR","2020","fim_regular","tce"
"M2020_23957_13_11555_170001206163","PE","23957","VEREADOR","2020","fim_regular","tce"
"M2020_23957_13_10610_170000735297","PE","23957","VEREADOR","2020","fim_regular","tce"
"M2020_23957_13_40444_170001067094","PE","23957","VEREADOR","2020","fim_regular","tce"
"M2020_23957_13_11111_170001206173","PE","23957","VEREADOR","2020","fim_regular","tce"
"M2012_23973_13_40111_170000002153","PE","23973","VEREADOR","2012","fim_regular","tce"
"M2012_23973_13_14888_170000002158","PE","23973","VEREADOR","2012","fim_regular","tce"
"M2012_23973_13_40250_170000002147","PE","23973","VEREADOR","2012","fim_regular","tce"
"M2012_23973_13_14258_170000002148","PE","23973","VEREADOR","2012","fim_regular","tce"
"M2012_23973_13_13333_170000004085","PE","23973","VEREADOR","2012","fim_regular","tce"
"M2012_23973_13_13555_170000004077","PE","23973","VEREADOR","2012","fim_regular","tce"
"M2012_23973_13_36111_170000002144","PE","23973","VEREADOR","2012","fim_regular","tce"
"M2012_23973_13_55222_170000004080","PE","23973","VEREADOR","2012","fim_regular","tce"
"M2012_23973_13_55444_170000004078","PE","23973","VEREADOR","2012","fim_regular","tce"
"M2012_23973_13_55602_170000004086","PE","23973","VEREADOR","2012","fim_regular","tce"
"M2016_23973_13_36111_170000009763","PE","23973","VEREADOR","2016","outro","tce"
"M2016_23973_13_20111_170000013594","PE","23973","VEREADOR","2016","fim_regular","tce"
"M2016_23973_13_55602_170000013598","PE","23973","VEREADOR","2016","fim_regular","tce"
"M2016_23973_13_36123_170000009778","PE","23973","VEREADOR","2016","fim_regular","tce"
"M2016_23973_13_36600_170000009786","PE","23973","VEREADOR","2016","fim_regular","tce"
"M2016_23973_13_36666_170000009769","PE","23973","VEREADOR","2016","fim_regular","tce"
"M2016_23973_13_55555_170000013602","PE","23973","VEREADOR","2016","fim_regular","tce"
"M2016_23973_13_65222_170000009772","PE","23973","VEREADOR","2016","fim_regular","tce"
"M2016_23973_13_36610_170000009780","PE","23973","VEREADOR","2016","fim_regular","tce"
"M2016_23973_13_55123_170000013590","PE","23973","VEREADOR","2016","fim_regular","tce"
"M2020_23973_13_55111_170001220316","PE","23973","VEREADOR","2020","fim_regular","tce"
"M2020_23973_13_11333_170001198101","PE","23973","VEREADOR","2020","fim_regular","tce"
"M2020_23973_13_11000_170001198100","PE","23973","VEREADOR","2020","fim_regular","tce"
"M2020_23973_13_11111_170001198098","PE","23973","VEREADOR","2020","fim_regular","tce"
"M2020_23973_13_55602_170001220305","PE","23973","VEREADOR","2020","fim_regular","tce"
"M2020_23973_13_23123_170001060572","PE","23973","VEREADOR","2020","fim_regular","tce"
"M2020_23973_13_55555_170001220307","PE","23973","VEREADOR","2020","fim_regular","tce"
"M2020_23973_13_11222_170001198107","PE","23973","VEREADOR","2020","fim_regular","tce"
"M2020_23973_13_11400_170001198102","PE","23973","VEREADOR","2020","fim_regular","tce"
"M2020_23973_13_23333_170001060565","PE","23973","VEREADOR","2020","fim_regular","tce"
"M2020_23973_13_55055_170001220304","PE","23973","VEREADOR","2020","fim_regular","tce"
"M2012_24031_13_14456_170000017262","PE","24031","VEREADOR","2012","fim_regular","tce"
"M2016_24031_13_11111_170000001279","PE","24031","VEREADOR","2016","fim_regular","tce"
"M2016_24031_13_14000_170000018710","PE","24031","VEREADOR","2016","fim_regular","tce"
"M2016_24031_13_20700_170000003812","PE","24031","VEREADOR","2016","fim_regular","tce"
"M2016_24031_13_22222_170000001261","PE","24031","VEREADOR","2016","fim_regular","tce"
"M2016_24031_13_33234_170000014778","PE","24031","VEREADOR","2016","fim_regular","tce"
"M2016_24031_13_33567_170000014784","PE","24031","VEREADOR","2016","fim_regular","tce"
"M2016_24031_13_35555_170000001293","PE","24031","VEREADOR","2016","fim_regular","tce"
"M2016_24031_13_40190_170000008343","PE","24031","VEREADOR","2016","fim_regular","tce"
"M2016_24031_13_70111_170000003828","PE","24031","VEREADOR","2016","fim_regular","tce"
"M2020_24031_13_40040_170000932500","PE","24031","VEREADOR","2020","fim_regular","tce"
"M2020_24031_13_45111_170001128018","PE","24031","VEREADOR","2020","fim_regular","tce"
"M2020_24031_13_15000_170000933047","PE","24031","VEREADOR","2020","fim_regular","tce"
"M2020_24031_13_22222_170001082537","PE","24031","VEREADOR","2020","fim_regular","tce"
"M2020_24031_13_15700_170000933041","PE","24031","VEREADOR","2020","fim_regular","tce"
"M2020_24031_13_20000_170001171509","PE","24031","VEREADOR","2020","fim_regular","tce"
"M2020_24031_13_40190_170000932511","PE","24031","VEREADOR","2020","fim_regular","tce"
"M2020_24031_13_15015_170000933053","PE","24031","VEREADOR","2020","fim_regular","tce"
"M2020_24031_13_20444_170001171493","PE","24031","VEREADOR","2020","fim_regular","tce"
"M2020_24031_13_22123_170001082540","PE","24031","VEREADOR","2020","fim_regular","tce"
"M2020_24031_13_33123_170001135135","PE","24031","VEREADOR","2020","fim_regular","tce"
"M2020_24031_13_33333_170001135133","PE","24031","VEREADOR","2020","fim_regular","tce"
"M2020_24031_13_36333_170001086528","PE","24031","VEREADOR","2020","fim_regular","tce"
"M2024_24031_13_40040_170002358005","PE","24031","VEREADOR","2024","outro","tce"
"M2024_24031_13_35000_170002362396","PE","24031","VEREADOR","2024","outro","tce"
"M2024_24031_13_35555_170002362394","PE","24031","VEREADOR","2024","outro","tce"
"M2024_24031_13_70111_170002194158","PE","24031","VEREADOR","2024","outro","tce"
"M2024_24031_13_27000_170002352592","PE","24031","VEREADOR","2024","outro","tce"
"M2024_24031_13_33000_170002355089","PE","24031","VEREADOR","2024","outro","tce"
"M2024_24031_13_70070_170002194161","PE","24031","VEREADOR","2024","outro","tce"
"M2024_24031_13_22111_170002205489","PE","24031","VEREADOR","2024","outro","tce"
"M2012_24058_13_40111_170000005376","PE","24058","VEREADOR","2012","fim_regular","tce"
"M2012_24058_13_22111_170000008019","PE","24058","VEREADOR","2012","fim_regular","tce"
"M2012_24058_13_14000_170000008027","PE","24058","VEREADOR","2012","fim_regular","tce"
"M2012_24058_13_40000_170000005378","PE","24058","VEREADOR","2012","fim_regular","tce"
"M2012_24058_13_40222_170000005385","PE","24058","VEREADOR","2012","fim_regular","tce"
"M2012_24058_13_40123_170000005383","PE","24058","VEREADOR","2012","fim_regular","tce"
"M2016_24058_13_13123_170000004809","PE","24058","VEREADOR","2016","fim_regular","tce"
"M2016_24058_13_13222_170000004813","PE","24058","VEREADOR","2016","fim_regular","tce"
"M2016_24058_13_22555_170000003638","PE","24058","VEREADOR","2016","fim_regular","tce"
"M2016_24058_13_40888_170000003635","PE","24058","VEREADOR","2016","fim_regular","tce"
"M2016_24058_13_45222_170000004790","PE","24058","VEREADOR","2016","fim_regular","tce"
"M2016_24058_13_45555_170000004786","PE","24058","VEREADOR","2016","fim_regular","tce"
"M2020_24058_13_17333_170000924857","PE","24058","VEREADOR","2020","fim_regular","tce"
"M2020_24058_13_17777_170000924848","PE","24058","VEREADOR","2020","fim_regular","tce"
"M2020_24058_13_10333_170000942887","PE","24058","VEREADOR","2020","fim_regular","tce"
"M2020_24058_13_17444_170000924861","PE","24058","VEREADOR","2020","fim_regular","tce"
"M2020_24058_13_11000_170001080041","PE","24058","VEREADOR","2020","fim_regular","tce"
"M2020_24058_13_13222_170000983279","PE","24058","VEREADOR","2020","fim_regular","tce"
"M2020_24058_13_17888_170000924851","PE","24058","VEREADOR","2020","fim_regular","tce"
"M2020_24058_13_25555_170000951936","PE","24058","VEREADOR","2020","fim_regular","tce"
"M2020_24058_13_10444_170000942888","PE","24058","VEREADOR","2020","fim_regular","tce"
"M2020_24058_13_10777_170000942902","PE","24058","VEREADOR","2020","fim_regular","tce"
"M2020_24058_13_13444_170000983268","PE","24058","VEREADOR","2020","fim_regular","tce"
"M2020_24058_13_17800_170000924846","PE","24058","VEREADOR","2020","fim_regular","tce"
"M2012_24074_13_13123_170000000704","PE","24074","VEREADOR","2012","fim_regular","tce"
"M2012_24074_13_17456_170000018610","PE","24074","VEREADOR","2012","fim_regular","tce"
"M2012_24074_13_14444_170000004323","PE","24074","VEREADOR","2012","fim_regular","tce"
"M2012_24074_13_13444_170000000701","PE","24074","VEREADOR","2012","fim_regular","tce"
"M2012_24074_13_15611_170000019814","PE","24074","VEREADOR","2012","fim_regular","tce"
"M2012_24074_13_17444_170000018601","PE","24074","VEREADOR","2012","fim_regular","tce"
"M2012_24074_13_17611_170000018584","PE","24074","VEREADOR","2012","fim_regular","tce"
"M2012_24074_13_22222_170000000692","PE","24074","VEREADOR","2012","fim_regular","tce"
"M2012_24074_13_33333_170000015840","PE","24074","VEREADOR","2012","fim_regular","tce"
"M2012_24074_13_43222_170000015835","PE","24074","VEREADOR","2012","fim_regular","tce"
"M2016_24074_13_13333_170000019914","PE","24074","VEREADOR","2016","outro","tce"
"M2016_24074_13_40222_170000011026","PE","24074","VEREADOR","2016","outro","tce"
"M2016_24074_13_22222_170000001173","PE","24074","VEREADOR","2016","outro","tce"
"M2016_24074_13_40999_170000011033","PE","24074","VEREADOR","2016","outro","tce"
"M2020_24074_13_55444_170001058323","PE","24074","VEREADOR","2020","fim_regular","tce"
"M2020_24074_13_12333_170001058156","PE","24074","VEREADOR","2020","fim_regular","tce"
"M2020_24074_13_13222_170001056980","PE","24074","VEREADOR","2020","fim_regular","tce"
"M2020_24074_13_20456_170001058118","PE","24074","VEREADOR","2020","fim_regular","tce"
"M2020_24074_13_20562_170001058117","PE","24074","VEREADOR","2020","fim_regular","tce"
"M2020_24074_13_55155_170001058328","PE","24074","VEREADOR","2020","fim_regular","tce"
"M2024_24074_13_55444_170001881163","PE","24074","VEREADOR","2024","outro","tce"
"M2012_24090_13_13456_170000006489","PE","24090","VEREADOR","2012","fim_regular","tce"
"M2012_24090_13_40222_170000006482","PE","24090","VEREADOR","2012","fim_regular","tce"
"M2020_24090_13_40222_170000877076","PE","24090","VEREADOR","2020","fim_regular","tce"
"M2012_24112_13_13111_170000003633","PE","24112","VEREADOR","2012","fim_regular","tce"
"M2012_24112_13_14555_170000003595","PE","24112","VEREADOR","2012","fim_regular","tce"
"M2012_24112_13_65333_170000003641","PE","24112","VEREADOR","2012","fim_regular","tce"
"M2016_24112_13_12222_170000009830","PE","24112","VEREADOR","2016","fim_regular","tce"
"M2016_24112_13_22777_170000004268","PE","24112","VEREADOR","2016","fim_regular","tce"
"M2016_24112_13_40111_170000009828","PE","24112","VEREADOR","2016","fim_regular","tce"
"M2020_24112_13_40456_170000654845","PE","24112","VEREADOR","2020","fim_regular","tce"
"M2012_24155_13_36789_170000008479","PE","24155","VEREADOR","2012","fim_regular","tce"
"M2012_24155_13_25555_170000008089","PE","24155","VEREADOR","2012","fim_regular","tce"
"M2012_24155_13_40567_170000008307","PE","24155","VEREADOR","2012","fim_regular","tce"
"M2012_24155_13_55222_170000010622","PE","24155","VEREADOR","2012","fim_regular","tce"
"M2016_24155_13_40123_170000017476","PE","24155","VEREADOR","2016","fim_regular","tce"
"M2016_24155_13_40611_170000017477","PE","24155","VEREADOR","2016","fim_regular","tce"
"M2016_24155_13_22222_170000014421","PE","24155","VEREADOR","2016","fim_regular","tce"
"M2016_24155_13_10000_170000019097","PE","24155","VEREADOR","2016","fim_regular","tce"
"M2016_24155_13_19999_170000015547","PE","24155","VEREADOR","2016","fim_regular","tce"
"M2016_24155_13_22333_170000014422","PE","24155","VEREADOR","2016","fim_regular","tce"
"M2016_24155_13_44444_170000017485","PE","24155","VEREADOR","2016","fim_regular","tce"
"M2016_24155_13_55555_170000015538","PE","24155","VEREADOR","2016","fim_regular","tce"
"M2020_24155_13_70123_170001173882","PE","24155","VEREADOR","2020","falecimento","tce"
"M2020_24155_13_15611_170001144546","PE","24155","VEREADOR","2020","fim_regular","tce"
"M2020_24155_13_19555_170001146220","PE","24155","VEREADOR","2020","fim_regular","tce"
"M2020_24155_13_19999_170001146224","PE","24155","VEREADOR","2020","fim_regular","tce"
"M2020_24155_13_15555_170001144543","PE","24155","VEREADOR","2020","fim_regular","tce"
"M2020_24155_13_19789_170001146215","PE","24155","VEREADOR","2020","fim_regular","tce"
"M2020_24155_13_70100_170001173880","PE","24155","VEREADOR","2020","fim_regular","tce"
"M2020_24155_13_70789_170001173878","PE","24155","VEREADOR","2020","fim_regular","tce"
"M2016_24171_13_15222_170000017723","PE","24171","VEREADOR","2016","fim_regular","tce"
"M2016_24171_13_11000_170000017707","PE","24171","VEREADOR","2016","fim_regular","tce"
"M2016_24171_13_36999_170000017715","PE","24171","VEREADOR","2016","fim_regular","tce"
"M2016_24171_13_40123_170000014230","PE","24171","VEREADOR","2016","fim_regular","tce"
"M2016_24171_13_45145_170000017851","PE","24171","VEREADOR","2016","fim_regular","tce"
"M2016_24171_13_65222_170000014216","PE","24171","VEREADOR","2016","fim_regular","tce"
"M2016_24171_13_10333_170000017949","PE","24171","VEREADOR","2016","fim_regular","tce"
"M2016_24171_13_10456_170000017945","PE","24171","VEREADOR","2016","fim_regular","tce"
"M2016_24171_13_55222_170000012959","PE","24171","VEREADOR","2016","fim_regular","tce"
"M2020_24171_13_40123_170000859833","PE","24171","VEREADOR","2020","fim_regular","tce"
"M2020_24171_13_90333_170000921843","PE","24171","VEREADOR","2020","fim_regular","tce"
"M2020_24171_13_11211_170001068893","PE","24171","VEREADOR","2020","fim_regular","tce"
"M2020_24171_13_11611_170001068892","PE","24171","VEREADOR","2020","fim_regular","tce"
"M2020_24171_13_40333_170000859831","PE","24171","VEREADOR","2020","fim_regular","tce"
"M2020_24171_13_40140_170000859828","PE","24171","VEREADOR","2020","fim_regular","tce"
"M2020_24171_13_15222_170001067525","PE","24171","VEREADOR","2020","fim_regular","tce"
"M2020_24171_13_22333_170000734905","PE","24171","VEREADOR","2020","fim_regular","tce"
"M2020_24171_13_90140_170000921854","PE","24171","VEREADOR","2020","fim_regular","tce"
"M2020_24171_13_90777_170000921857","PE","24171","VEREADOR","2020","fim_regular","tce"
"M2012_24198_13_23456_170000005131","PE","24198","VEREADOR","2012","fim_regular","tce"
"M2012_24198_13_22123_170000016754","PE","24198","VEREADOR","2012","fim_regular","tce"
"M2012_24198_13_40333_170000012166","PE","24198","VEREADOR","2012","fim_regular","tce"
"M2012_24198_13_45000_170000005118","PE","24198","VEREADOR","2012","fim_regular","tce"
"M2012_24198_13_45789_170000005124","PE","24198","VEREADOR","2012","fim_regular","tce"
"M2012_24198_13_20000_170000011424","PE","24198","VEREADOR","2012","fim_regular","tce"
"M2016_24198_13_14123_170000015996","PE","24198","VEREADOR","2016","outro","tce"
"M2016_24198_13_20000_170000015913","PE","24198","VEREADOR","2016","falecimento","tce"
"M2016_24198_13_14222_170000015989","PE","24198","VEREADOR","2016","fim_regular","tce"
"M2016_24198_13_31333_170000015892","PE","24198","VEREADOR","2016","outro","tce"
"M2016_24198_13_45678_170000010947","PE","24198","VEREADOR","2016","fim_regular","tce"
"M2020_24198_13_14333_170000820987","PE","24198","VEREADOR","2020","fim_regular","tce"
"M2020_24198_13_11444_170001199506","PE","24198","VEREADOR","2020","fim_regular","tce"
"M2020_24198_13_11456_170001199509","PE","24198","VEREADOR","2020","fim_regular","tce"
"M2020_24198_13_13180_170000820169","PE","24198","VEREADOR","2020","fim_regular","tce"
"M2020_24198_13_17123_170001030370","PE","24198","VEREADOR","2020","fim_regular","tce"
"M2020_24198_13_23000_170000820944","PE","24198","VEREADOR","2020","fim_regular","tce"
"M2020_24198_13_40140_170000763946","PE","24198","VEREADOR","2020","fim_regular","tce"
"M2012_24210_13_40123_170000006127","PE","24210","VEREADOR","2012","fim_regular","tce"
"M2012_24210_13_22606_170000009034","PE","24210","VEREADOR","2012","fim_regular","tce"
"M2012_24210_13_12100_170000006124","PE","24210","VEREADOR","2012","fim_regular","tce"
"M2012_24210_13_14222_170000009032","PE","24210","VEREADOR","2012","fim_regular","tce"
"M2012_24210_13_17555_170000006128","PE","24210","VEREADOR","2012","fim_regular","tce"
"M2012_24210_13_20222_170000008814","PE","24210","VEREADOR","2012","fim_regular","tce"
"M2012_24210_13_40608_170000006122","PE","24210","VEREADOR","2012","fim_regular","tce"
"M2012_24210_13_40222_170000006129","PE","24210","VEREADOR","2012","fim_regular","tce"
"M2012_24210_13_14444_170000009039","PE","24210","VEREADOR","2012","fim_regular","tce"
"M2012_24210_13_14200_170000009035","PE","24210","VEREADOR","2012","fim_regular","tce"
"M2016_24210_13_17222_170000008328","PE","24210","VEREADOR","2016","fim_regular","tce"
"M2016_24210_13_40608_170000008318","PE","24210","VEREADOR","2016","fim_regular","tce"
"M2016_24210_13_14555_170000008918","PE","24210","VEREADOR","2016","fim_regular","tce"
"M2016_24210_13_15222_170000008322","PE","24210","VEREADOR","2016","fim_regular","tce"
"M2016_24210_13_19606_170000008915","PE","24210","VEREADOR","2016","fim_regular","tce"
"M2016_24210_13_25555_170000009990","PE","24210","VEREADOR","2016","fim_regular","tce"
"M2016_24210_13_33123_170000008908","PE","24210","VEREADOR","2016","fim_regular","tce"
"M2016_24210_13_55555_170000009984","PE","24210","VEREADOR","2016","fim_regular","tce"
"M2016_24210_13_65333_170000008969","PE","24210","VEREADOR","2016","fim_regular","tce"
"M2016_24210_13_14444_170000008919","PE","24210","VEREADOR","2016","fim_regular","tce"
"M2016_24210_13_14200_170000008914","PE","24210","VEREADOR","2016","fim_regular","tce"
"M2020_24210_13_19606_170001104788","PE","24210","VEREADOR","2020","fim_regular","tce"
"M2020_24210_13_55222_170000821912","PE","24210","VEREADOR","2020","fim_regular","tce"
"M2020_24210_13_40608_170000821570","PE","24210","VEREADOR","2020","fim_regular","tce"
"M2020_24210_13_55999_170000821904","PE","24210","VEREADOR","2020","fim_regular","tce"
"M2020_24210_13_40000_170000821577","PE","24210","VEREADOR","2020","fim_regular","tce"
"M2020_24210_13_40777_170000821578","PE","24210","VEREADOR","2020","fim_regular","tce"
"M2020_24210_13_40888_170000821567","PE","24210","VEREADOR","2020","fim_regular","tce"
"M2020_24210_13_77000_170000889976","PE","24210","VEREADOR","2020","fim_regular","tce"
"M2020_24210_13_77123_170000889979","PE","24210","VEREADOR","2020","fim_regular","tce"
"M2020_24210_13_55555_170000821908","PE","24210","VEREADOR","2020","fim_regular","tce"
"M2012_24236_13_14630_170000008887","PE","24236","VEREADOR","2012","fim_regular","tce"
"M2012_24236_13_17678_170000010428","PE","24236","VEREADOR","2012","fim_regular","tce"
"M2012_24236_13_20620_170000010444","PE","24236","VEREADOR","2012","fim_regular","tce"
"M2012_24236_13_22166_170000018155","PE","24236","VEREADOR","2012","fim_regular","tce"
"M2012_24236_13_22222_170000018153","PE","24236","VEREADOR","2012","fim_regular","tce"
"M2012_24236_13_22622_170000018152","PE","24236","VEREADOR","2012","fim_regular","tce"
"M2012_24236_13_23123_170000018209","PE","24236","VEREADOR","2012","fim_regular","tce"
"M2012_24236_13_33123_170000018186","PE","24236","VEREADOR","2012","fim_regular","tce"
"M2012_24236_13_36123_170000009249","PE","24236","VEREADOR","2012","fim_regular","tce"
"M2012_24236_13_40610_170000008875","PE","24236","VEREADOR","2012","fim_regular","tce"
"M2012_24236_13_65677_170000018195","PE","24236","VEREADOR","2012","fim_regular","tce"
"M2012_24236_13_36333_170000009250","PE","24236","VEREADOR","2012","fim_regular","tce"
"M2012_24236_13_11111_170000018194","PE","24236","VEREADOR","2012","fim_regular","tce"
"M2012_24236_13_40123_170000008874","PE","24236","VEREADOR","2012","fim_regular","tce"
"M2016_24236_13_14630_170000015149","PE","24236","VEREADOR","2016","fim_regular","tce"
"M2016_24236_13_15678_170000014375","PE","24236","VEREADOR","2016","fim_regular","tce"
"M2016_24236_13_70620_170000014213","PE","24236","VEREADOR","2016","fim_regular","tce"
"M2016_24236_13_22166_170000015749","PE","24236","VEREADOR","2016","fim_regular","tce"
"M2016_24236_13_25625_170000019696","PE","24236","VEREADOR","2016","fim_regular","tce"
"M2016_24236_13_45123_170000019701","PE","24236","VEREADOR","2016","fim_regular","tce"
"M2016_24236_13_15677_170000014368","PE","24236","VEREADOR","2016","fim_regular","tce"
"M2016_24236_13_13555_170000010455","PE","24236","VEREADOR","2016","fim_regular","tce"
"M2016_24236_13_20620_170000015772","PE","24236","VEREADOR","2016","fim_regular","tce"
"M2016_24236_13_40123_170000019647","PE","24236","VEREADOR","2016","fim_regular","tce"
"M2016_24236_13_40190_170000019648","PE","24236","VEREADOR","2016","fim_regular","tce"
"M2016_24236_13_44555_170000019630","PE","24236","VEREADOR","2016","fim_regular","tce"
"M2016_24236_13_55123_170000010449","PE","24236","VEREADOR","2016","fim_regular","tce"
"M2016_24236_13_70456_170000014204","PE","24236","VEREADOR","2016","fim_regular","tce"
"M2016_24236_13_40456_170000019643","PE","24236","VEREADOR","2016","fim_regular","tce"
"M2012_24252_13_40000_170000004251","PE","24252","VEREADOR","2012","fim_regular","tce"
"M2012_24252_13_25555_170000004247","PE","24252","VEREADOR","2012","fim_regular","tce"
"M2012_24252_13_13555_170000001858","PE","24252","VEREADOR","2012","fim_regular","tce"
"M2016_24252_13_40123_170000016121","PE","24252","VEREADOR","2016","fim_regular","tce"
"M2016_24252_13_40444_170000016115","PE","24252","VEREADOR","2016","fim_regular","tce"
"M2012_24279_13_40123_170000014395","PE","24279","VEREADOR","2012","fim_regular","tce"
"M2012_24279_13_11222_170000018137","PE","24279","VEREADOR","2012","fim_regular","tce"
"M2012_24279_13_23111_170000017286","PE","24279","VEREADOR","2012","fim_regular","tce"
"M2012_24279_13_40640_170000014404","PE","24279","VEREADOR","2012","fim_regular","tce"
"M2012_24279_13_44111_170000011259","PE","24279","VEREADOR","2012","fim_regular","tce"
"M2012_24279_13_12111_170000013409","PE","24279","VEREADOR","2012","fim_regular","tce"
"M2012_24279_13_43143_170000008452","PE","24279","VEREADOR","2012","fim_regular","tce"
"M2016_24279_13_40644_170000016561","PE","24279","VEREADOR","2016","fim_regular","tce"
"M2016_24279_13_10123_170000018107","PE","24279","VEREADOR","2016","fim_regular","tce"
"M2016_24279_13_27045_170000018600","PE","24279","VEREADOR","2016","fim_regular","tce"
"M2016_24279_13_40000_170000016545","PE","24279","VEREADOR","2016","fim_regular","tce"
"M2016_24279_13_40111_170000016556","PE","24279","VEREADOR","2016","fim_regular","tce"
"M2016_24279_13_45145_170000018409","PE","24279","VEREADOR","2016","fim_regular","tce"
"M2016_24279_13_45345_170000018412","PE","24279","VEREADOR","2016","fim_regular","tce"
"M2016_24279_13_43143_170000013189","PE","24279","VEREADOR","2016","fim_regular","tce"
"M2012_24295_13_13123_170000010459","PE","24295","VEREADOR","2012","fim_regular","tce"
"M2012_24295_13_55111_170000005923","PE","24295","VEREADOR","2012","fim_regular","tce"
"M2012_24295_13_22632_170000005922","PE","24295","VEREADOR","2012","fim_regular","tce"
"M2012_24295_13_13333_170000010457","PE","24295","VEREADOR","2012","fim_regular","tce"
"M2012_24295_13_11111_170000005913","PE","24295","VEREADOR","2012","fim_regular","tce"
"M2012_24295_13_44444_170000004571","PE","24295","VEREADOR","2012","fim_regular","tce"
"M2012_24295_13_70456_170000004581","PE","24295","VEREADOR","2012","fim_regular","tce"
"M2012_24295_13_65111_170000009764","PE","24295","VEREADOR","2012","fim_regular","tce"
"M2016_24295_13_44444_170000005691","PE","24295","VEREADOR","2016","fim_regular","tce"
"M2016_24295_13_55789_170000005687","PE","24295","VEREADOR","2016","fim_regular","tce"
"M2016_24295_13_12111_170000012510","PE","24295","VEREADOR","2016","fim_regular","tce"
"M2016_24295_13_12345_170000012512","PE","24295","VEREADOR","2016","fim_regular","tce"
"M2016_24295_13_23000_170000006407","PE","24295","VEREADOR","2016","outro","tce"
"M2016_24295_13_40123_170000011941","PE","24295","VEREADOR","2016","fim_regular","tce"
"M2020_24295_13_40333_170001108076","PE","24295","VEREADOR","2020","fim_regular","tce"
"M2020_24295_13_40888_170001108071","PE","24295","VEREADOR","2020","fim_regular","tce"
"M2020_24295_13_45555_170001152574","PE","24295","VEREADOR","2020","fim_regular","tce"
"M2020_24295_13_45888_170001152578","PE","24295","VEREADOR","2020","fim_regular","tce"
"M2020_24295_13_51123_170000769526","PE","24295","VEREADOR","2020","fim_regular","tce"
"M2016_24317_13_55123_170000002931","PE","24317","VEREADOR","2016","fim_regular","tce"
"M2016_24317_13_40666_170000004527","PE","24317","VEREADOR","2016","outro","tce"
"M2016_24317_13_55444_170000002937","PE","24317","VEREADOR","2016","fim_regular","tce"
"M2016_24317_13_55555_170000002925","PE","24317","VEREADOR","2016","outro","tce"
"M2016_24317_13_65000_170000002932","PE","24317","VEREADOR","2016","outro","tce"
"M2016_24317_13_40000_170000004526","PE","24317","VEREADOR","2016","fim_regular","tce"
"M2016_24317_13_11000_170000004591","PE","24317","VEREADOR","2016","fim_regular","tce"
"M2016_24317_13_11222_170000004587","PE","24317","VEREADOR","2016","fim_regular","tce"
"M2016_24317_13_33333_170000004540","PE","24317","VEREADOR","2016","fim_regular","tce"
"M2016_24317_13_77777_170000004594","PE","24317","VEREADOR","2016","fim_regular","tce"
"M2020_24317_13_65000_170000690071","PE","24317","VEREADOR","2020","fim_regular","tce"
"M2020_24317_13_11666_170000847321","PE","24317","VEREADOR","2020","fim_regular","tce"
"M2020_24317_13_11444_170000847329","PE","24317","VEREADOR","2020","fim_regular","tce"
"M2020_24317_13_65555_170000690070","PE","24317","VEREADOR","2020","fim_regular","tce"
"M2020_24317_13_70777_170000844040","PE","24317","VEREADOR","2020","fim_regular","tce"
"M2020_24317_13_11123_170000847325","PE","24317","VEREADOR","2020","fim_regular","tce"
"M2020_24317_13_65444_170000690067","PE","24317","VEREADOR","2020","fim_regular","tce"
"M2020_24317_13_65500_170000690057","PE","24317","VEREADOR","2020","fim_regular","tce"
"M2020_24317_13_65888_170000690066","PE","24317","VEREADOR","2020","fim_regular","tce"
"M2020_24317_13_70333_170000844030","PE","24317","VEREADOR","2020","fim_regular","tce"
"M2012_24333_13_14444_170000015680","PE","24333","VEREADOR","2012","outro","tce"
"M2012_24333_13_25555_170000015669","PE","24333","VEREADOR","2012","outro","tce"
"M2012_24333_13_25678_170000019061","PE","24333","VEREADOR","2012","outro","tce"
"M2016_24333_13_22222_170000011213","PE","24333","VEREADOR","2016","outro","tce"
"M2016_24333_13_23333_170000011210","PE","24333","VEREADOR","2016","outro","tce"
"M2016_24333_13_77777_170000008257","PE","24333","VEREADOR","2016","outro","tce"
"M2016_24333_13_36666_170000008256","PE","24333","VEREADOR","2016","outro","tce"
"M2016_24333_13_14000_170000011208","PE","24333","VEREADOR","2016","outro","tce"
"M2016_24333_13_15000_170000008255","PE","24333","VEREADOR","2016","outro","tce"
"M2016_24333_13_40333_170000008252","PE","24333","VEREADOR","2016","outro","tce"
"M2016_24333_13_11111_170000011216","PE","24333","VEREADOR","2016","outro","tce"
"M2012_24350_13_40233_170000014313","PE","24350","VEREADOR","2012","fim_regular","tce"
"M2016_24350_13_40233_170000013561","PE","24350","VEREADOR","2016","fim_regular","tce"
"M2012_24376_13_10111_170000003674","PE","24376","VEREADOR","2012","fim_regular","tce"
"M2012_24376_13_22555_170000000328","PE","24376","VEREADOR","2012","fim_regular","tce"
"M2016_24376_13_55555_170000006375","PE","24376","VEREADOR","2016","fim_regular","tce"
"M2016_24376_13_43111_170000006483","PE","24376","VEREADOR","2016","fim_regular","tce"
"M2020_24376_13_40123_170000648993","PE","24376","VEREADOR","2020","fim_regular","tce"
"M2020_24376_13_15555_170001153684","PE","24376","VEREADOR","2020","fim_regular","tce"
"M2020_24376_13_40333_170000648991","PE","24376","VEREADOR","2020","fim_regular","tce"
"M2020_24376_13_15678_170001153694","PE","24376","VEREADOR","2020","fim_regular","tce"
"M2016_24392_13_22222_170000007737","PE","24392","VEREADOR","2016","fim_regular","tce"
"M2016_24392_13_11111_170000008091","PE","24392","VEREADOR","2016","fim_regular","tce"
"M2016_24392_13_45333_170000008084","PE","24392","VEREADOR","2016","fim_regular","tce"
"M2016_24392_13_45444_170000008097","PE","24392","VEREADOR","2016","fim_regular","tce"
"M2016_24392_13_20222_170000008094","PE","24392","VEREADOR","2016","fim_regular","tce"
"M2016_24392_13_22555_170000007734","PE","24392","VEREADOR","2016","fim_regular","tce"
"M2016_24392_13_23333_170000007747","PE","24392","VEREADOR","2016","fim_regular","tce"
"M2016_24392_13_23444_170000007748","PE","24392","VEREADOR","2016","fim_regular","tce"
"M2016_24392_13_45000_170000008086","PE","24392","VEREADOR","2016","fim_regular","tce"
"M2016_24392_13_45123_170000008088","PE","24392","VEREADOR","2016","fim_regular","tce"
"M2016_24392_13_90000_170000007745","PE","24392","VEREADOR","2016","fim_regular","tce"
"M2020_24392_13_11888_170001128120","PE","24392","VEREADOR","2020","fim_regular","tce"
"M2020_24392_13_55555_170001197086","PE","24392","VEREADOR","2020","fim_regular","tce"
"M2020_24392_13_55000_170001197093","PE","24392","VEREADOR","2020","fim_regular","tce"
"M2020_24392_13_11144_170001128121","PE","24392","VEREADOR","2020","fim_regular","tce"
"M2020_24392_13_11222_170001128133","PE","24392","VEREADOR","2020","fim_regular","tce"
"M2020_24392_13_70777_170001129910","PE","24392","VEREADOR","2020","fim_regular","tce"
"M2020_24392_13_11234_170001128130","PE","24392","VEREADOR","2020","fim_regular","tce"
"M2020_24392_13_11678_170001128128","PE","24392","VEREADOR","2020","fim_regular","tce"
"M2020_24392_13_70111_170001129916","PE","24392","VEREADOR","2020","fim_regular","tce"
"M2020_24392_13_70800_170001129912","PE","24392","VEREADOR","2020","fim_regular","tce"
"M2020_24392_13_70999_170001129909","PE","24392","VEREADOR","2020","fim_regular","tce"
"M2012_24414_13_55666_170000000356","PE","24414","VEREADOR","2012","fim_regular","tce"
"M2012_24414_13_20000_170000000351","PE","24414","VEREADOR","2012","fim_regular","tce"
"M2012_24414_13_22345_170000001963","PE","24414","VEREADOR","2012","fim_regular","tce"
"M2012_24414_13_40111_170000000348","PE","24414","VEREADOR","2012","fim_regular","tce"
"M2012_24414_13_45555_170000001955","PE","24414","VEREADOR","2012","fim_regular","tce"
"M2012_24414_13_55000_170000000362","PE","24414","VEREADOR","2012","fim_regular","tce"
"M2012_24414_13_55555_170000000361","PE","24414","VEREADOR","2012","fim_regular","tce"
"M2012_24414_13_40000_170000000359","PE","24414","VEREADOR","2012","fim_regular","tce"
"M2012_24414_13_55123_170000000355","PE","24414","VEREADOR","2012","fim_regular","tce"
"M2016_24414_13_55555_170000003847","PE","24414","VEREADOR","2016","fim_regular","tce"
"M2016_24414_13_40111_170000003831","PE","24414","VEREADOR","2016","fim_regular","tce"
"M2016_24414_13_14614_170000004208","PE","24414","VEREADOR","2016","fim_regular","tce"
"M2016_24414_13_14111_170000004205","PE","24414","VEREADOR","2016","fim_regular","tce"
"M2016_24414_13_40000_170000003835","PE","24414","VEREADOR","2016","fim_regular","tce"
"M2016_24414_13_55123_170000003848","PE","24414","VEREADOR","2016","fim_regular","tce"
"M2016_24414_13_40123_170000003832","PE","24414","VEREADOR","2016","fim_regular","tce"
"M2020_24414_13_15111_170000725765","PE","24414","VEREADOR","2020","fim_regular","tce"
"M2020_24414_13_40000_170000643516","PE","24414","VEREADOR","2020","fim_regular","tce"
"M2020_24414_13_40777_170000643510","PE","24414","VEREADOR","2020","fim_regular","tce"
"M2020_24414_13_19123_170000673672","PE","24414","VEREADOR","2020","fim_regular","tce"
"M2020_24414_13_40111_170000643511","PE","24414","VEREADOR","2020","fim_regular","tce"
"M2020_24414_13_40640_170000643509","PE","24414","VEREADOR","2020","fim_regular","tce"
"M2020_24414_13_40123_170000643514","PE","24414","VEREADOR","2020","fim_regular","tce"
"M2020_24414_13_40999_170000643515","PE","24414","VEREADOR","2020","fim_regular","tce"
"M2012_24430_13_12012_170000010954","PE","24430","VEREADOR","2012","fim_regular","tce"
"M2012_24430_13_33333_170000011562","PE","24430","VEREADOR","2012","fim_regular","tce"
"M2012_24430_13_12777_170000010946","PE","24430","VEREADOR","2012","fim_regular","tce"
"M2012_24430_13_15000_170000010939","PE","24430","VEREADOR","2012","fim_regular","tce"
"M2012_24430_13_23190_170000006541","PE","24430","VEREADOR","2012","fim_regular","tce"
"M2012_24430_13_36369_170000008946","PE","24430","VEREADOR","2012","fim_regular","tce"
"M2016_24430_13_36036_170000005801","PE","24430","VEREADOR","2016","fim_regular","tce"
"M2016_24430_13_33133_170000005520","PE","24430","VEREADOR","2016","fim_regular","tce"
"M2016_24430_13_33333_170000005527","PE","24430","VEREADOR","2016","fim_regular","tce"
"M2016_24430_13_15000_170000005521","PE","24430","VEREADOR","2016","outro","tce"
"M2016_24430_13_36111_170000005795","PE","24430","VEREADOR","2016","outro","tce"
"M2016_24430_13_36369_170000005797","PE","24430","VEREADOR","2016","fim_regular","tce"
"M2016_24430_13_19999_170000004320","PE","24430","VEREADOR","2016","outro","tce"
"M2016_24430_13_31031_170000004328","PE","24430","VEREADOR","2016","outro","tce"
"M2016_24430_13_36000_170000005804","PE","24430","VEREADOR","2016","outro","tce"
"M2016_24430_13_40000_170000005814","PE","24430","VEREADOR","2016","fim_regular","tce"
"M2016_24430_13_55103_170000005533","PE","24430","VEREADOR","2016","fim_regular","tce"
"M2016_24430_13_55555_170000005514","PE","24430","VEREADOR","2016","fim_regular","tce"
"M2020_24430_13_11011_170000819747","PE","24430","VEREADOR","2020","fim_regular","tce"
"M2020_24430_13_14031_170000718738","PE","24430","VEREADOR","2020","fim_regular","tce"
"M2020_24430_13_14777_170000718739","PE","24430","VEREADOR","2020","fim_regular","tce"
"M2020_24430_13_14999_170000718727","PE","24430","VEREADOR","2020","fim_regular","tce"
"M2020_24430_13_40123_170000718381","PE","24430","VEREADOR","2020","fim_regular","tce"
"M2020_24430_13_40888_170000718375","PE","24430","VEREADOR","2020","fim_regular","tce"
"M2016_24457_13_15000_170000001739","PE","24457","VEREADOR","2016","fim_regular","tce"
"M2016_24457_13_14111_170000001743","PE","24457","VEREADOR","2016","outro","tce"
"M2016_24457_13_20222_170000007758","PE","24457","VEREADOR","2016","fim_regular","tce"
"M2016_24457_13_20000_170000007759","PE","24457","VEREADOR","2016","outro","tce"
"M2016_24457_13_15777_170000001736","PE","24457","VEREADOR","2016","fim_regular","tce"
"M2016_24457_13_31333_170000009432","PE","24457","VEREADOR","2016","outro","tce"
"M2016_24457_13_15999_170000001742","PE","24457","VEREADOR","2016","fim_regular","tce"
"M2016_24457_13_40555_170000009423","PE","24457","VEREADOR","2016","fim_regular","tce"
"M2016_24457_13_77777_170000009421","PE","24457","VEREADOR","2016","outro","tce"
"M2020_24457_13_55888_170000888336","PE","24457","VEREADOR","2020","fim_regular","tce"
"M2020_24457_13_40000_170000888633","PE","24457","VEREADOR","2020","fim_regular","tce"
"M2012_24473_13_12222_170000003095","PE","24473","VEREADOR","2012","fim_regular","tce"
"M2012_24473_13_14567_170000002534","PE","24473","VEREADOR","2012","fim_regular","tce"
"M2012_24473_13_40222_170000003106","PE","24473","VEREADOR","2012","fim_regular","tce"
"M2012_24473_13_40999_170000003105","PE","24473","VEREADOR","2012","fim_regular","tce"
"M2016_24473_13_28888_170000009752","PE","24473","VEREADOR","2016","fim_regular","tce"
"M2016_24473_13_40605_170000005718","PE","24473","VEREADOR","2016","fim_regular","tce"
"M2016_24473_13_11111_170000009753","PE","24473","VEREADOR","2016","fim_regular","tce"
"M2016_24473_13_40444_170000005722","PE","24473","VEREADOR","2016","fim_regular","tce"
"M2016_24473_13_15678_170000009748","PE","24473","VEREADOR","2016","fim_regular","tce"
"M2016_24473_13_40222_170000005721","PE","24473","VEREADOR","2016","fim_regular","tce"
"M2016_24473_13_15999_170000009743","PE","24473","VEREADOR","2016","fim_regular","tce"
"M2016_24473_13_13333_170000005714","PE","24473","VEREADOR","2016","fim_regular","tce"
"M2016_24473_13_15666_170000009744","PE","24473","VEREADOR","2016","fim_regular","tce"
"M2020_24473_13_15000_170000802709","PE","24473","VEREADOR","2020","fim_regular","tce"
"M2020_24473_13_40000_170001248172","PE","24473","VEREADOR","2020","fim_regular","tce"
"M2020_24473_13_15678_170000802706","PE","24473","VEREADOR","2020","fim_regular","tce"
"M2020_24473_13_15222_170000802710","PE","24473","VEREADOR","2020","fim_regular","tce"
"M2020_24473_13_13222_170001103428","PE","24473","VEREADOR","2020","fim_regular","tce"
"M2020_24473_13_15111_170000802707","PE","24473","VEREADOR","2020","fim_regular","tce"
"M2020_24473_13_15123_170000802703","PE","24473","VEREADOR","2020","fim_regular","tce"
"M2020_24473_13_15555_170000802708","PE","24473","VEREADOR","2020","fim_regular","tce"
"M2020_24473_13_40555_170001248171","PE","24473","VEREADOR","2020","fim_regular","tce"
"M2012_24490_13_11111_170000012532","PE","24490","VEREADOR","2012","fim_regular","tce"
"M2012_24490_13_11113_170000012534","PE","24490","VEREADOR","2012","fim_regular","tce"
"M2012_24490_13_17888_170000012525","PE","24490","VEREADOR","2012","fim_regular","tce"
"M2012_24490_13_31000_170000011130","PE","24490","VEREADOR","2012","fim_regular","tce"
"M2012_24490_13_31555_170000011137","PE","24490","VEREADOR","2012","fim_regular","tce"
"M2012_24490_13_31999_170000011128","PE","24490","VEREADOR","2012","fim_regular","tce"
"M2016_24490_13_45555_170000019012","PE","24490","VEREADOR","2016","fim_regular","tce"
"M2016_24490_13_12345_170000013134","PE","24490","VEREADOR","2016","fim_regular","tce"
"M2016_24490_13_22333_170000022963","PE","24490","VEREADOR","2016","fim_regular","tce"
"M2016_24490_13_14333_170000013143","PE","24490","VEREADOR","2016","fim_regular","tce"
"M2016_24490_13_15111_170000018799","PE","24490","VEREADOR","2016","fim_regular","tce"
"M2020_24490_13_40000_170000788074","PE","24490","VEREADOR","2020","fim_regular","tce"
"M2020_24490_13_11000_170000787285","PE","24490","VEREADOR","2020","fim_regular","tce"
"M2020_24490_13_11112_170000787282","PE","24490","VEREADOR","2020","fim_regular","tce"
"M2020_24490_13_13444_170000806738","PE","24490","VEREADOR","2020","fim_regular","tce"
"M2020_24490_13_13456_170000806744","PE","24490","VEREADOR","2020","fim_regular","tce"
"M2020_24490_13_19000_170000806909","PE","24490","VEREADOR","2020","fim_regular","tce"
"M2020_24490_13_40333_170000788064","PE","24490","VEREADOR","2020","fim_regular","tce"
"M2016_24511_13_12222_170000021960","PE","24511","VEREADOR","2016","fim_regular","tce"
"M2016_24511_13_25000_170000022022","PE","24511","VEREADOR","2016","fim_regular","tce"
"M2016_24511_13_27000_170000021895","PE","24511","VEREADOR","2016","outro","tce"
"M2016_24511_13_14000_170000021886","PE","24511","VEREADOR","2016","outro","tce"
"M2016_24511_13_14222_170000021890","PE","24511","VEREADOR","2016","fim_regular","tce"
"M2016_24511_13_33000_170000021858","PE","24511","VEREADOR","2016","outro","tce"
"M2020_24511_13_15123_170001131978","PE","24511","VEREADOR","2020","fim_regular","tce"
"M2020_24511_13_10888_170000795902","PE","24511","VEREADOR","2020","fim_regular","tce"
"M2020_24511_13_10123_170000795912","PE","24511","VEREADOR","2020","fim_regular","tce"
"M2020_24511_13_10444_170000795909","PE","24511","VEREADOR","2020","fim_regular","tce"
"M2020_24511_13_11111_170001126572","PE","24511","VEREADOR","2020","fim_regular","tce"
"M2020_24511_13_11115_170001126574","PE","24511","VEREADOR","2020","fim_regular","tce"
"M2020_24511_13_11500_170001126575","PE","24511","VEREADOR","2020","fim_regular","tce"
"M2020_24511_13_15100_170001131980","PE","24511","VEREADOR","2020","fim_regular","tce"
"M2020_24511_13_77000_170000990444","PE","24511","VEREADOR","2020","fim_regular","tce"
"M2020_24511_13_77222_170000990449","PE","24511","VEREADOR","2020","fim_regular","tce"
"M2020_24511_13_77777_170000990439","PE","24511","VEREADOR","2020","fim_regular","tce"
"M2012_24538_13_40400_170000002198","PE","24538","VEREADOR","2012","fim_regular","tce"
"M2012_24538_13_55555_170000002185","PE","24538","VEREADOR","2012","fim_regular","tce"
"M2012_24538_13_45123_170000013727","PE","24538","VEREADOR","2012","fim_regular","tce"
"M2012_24538_13_40123_170000002182","PE","24538","VEREADOR","2012","fim_regular","tce"
"M2016_24538_13_40000_170000009444","PE","24538","VEREADOR","2016","fim_regular","tce"
"M2016_24538_13_14123_170000015614","PE","24538","VEREADOR","2016","outro","tce"
"M2016_24538_13_14222_170000015608","PE","24538","VEREADOR","2016","fim_regular","tce"
"M2016_24538_13_40100_170000009448","PE","24538","VEREADOR","2016","outro","tce"
"M2016_24538_13_40555_170000009446","PE","24538","VEREADOR","2016","fim_regular","tce"
"M2020_24538_13_40222_170000833354","PE","24538","VEREADOR","2020","outro","tce"
"M2020_24538_13_40999_170000833349","PE","24538","VEREADOR","2020","outro","tce"
"M2020_24538_13_14123_170001175661","PE","24538","VEREADOR","2020","outro","tce"
"M2020_24538_13_14555_170001175664","PE","24538","VEREADOR","2020","outro","tce"
"M2020_24538_13_40111_170000833350","PE","24538","VEREADOR","2020","fim_regular","tce"
"M2020_24538_13_40123_170000833347","PE","24538","VEREADOR","2020","fim_regular","tce"
"M2020_24538_13_14444_170001175660","PE","24538","VEREADOR","2020","fim_regular","tce"
"M2016_24554_13_55555_170000007544","PE","24554","VEREADOR","2016","outro","tce"
"M2016_24554_13_55222_170000007542","PE","24554","VEREADOR","2016","outro","tce"
"M2016_24554_13_20222_170000007537","PE","24554","VEREADOR","2016","outro","tce"
"M2016_24554_13_22122_170000007530","PE","24554","VEREADOR","2016","outro","tce"
"M2016_24554_13_27777_170000011436","PE","24554","VEREADOR","2016","outro","tce"
"M2016_24554_13_33633_170000007219","PE","24554","VEREADOR","2016","outro","tce"
"M2016_24554_13_20123_170000007541","PE","24554","VEREADOR","2016","outro","tce"
"M2016_24554_13_27234_170000011441","PE","24554","VEREADOR","2016","outro","tce"
"M2016_24554_13_27900_170000011439","PE","24554","VEREADOR","2016","outro","tce"
"M2016_24554_13_33123_170000007228","PE","24554","VEREADOR","2016","outro","tce"
"M2016_24554_13_77123_170000007215","PE","24554","VEREADOR","2016","outro","tce"
"M2020_24554_13_40444_170000823849","PE","24554","VEREADOR","2020","fim_regular","tce"
"M2020_24554_13_10000_170000990971","PE","24554","VEREADOR","2020","fim_regular","tce"
"M2020_24554_13_40190_170000823847","PE","24554","VEREADOR","2020","fim_regular","tce"
"M2020_24554_13_11222_170001058559","PE","24554","VEREADOR","2020","fim_regular","tce"
"M2020_24554_13_17789_170001036555","PE","24554","VEREADOR","2020","fim_regular","tce"
"M2020_24554_13_19000_170000969741","PE","24554","VEREADOR","2020","fim_regular","tce"
"M2020_24554_13_36036_170001036977","PE","24554","VEREADOR","2020","fim_regular","tce"
"M2020_24554_13_40555_170000823848","PE","24554","VEREADOR","2020","falecimento","tce"
"M2020_24554_13_55222_170000646655","PE","24554","VEREADOR","2020","fim_regular","tce"
"M2020_24554_13_55554_170000646654","PE","24554","VEREADOR","2020","fim_regular","tce"
"M2020_24554_13_55555_170000646660","PE","24554","VEREADOR","2020","fim_regular","tce"
"M2016_24619_13_11222_170000009077","PE","24619","VEREADOR","2016","fim_regular","tce"
"M2016_24619_13_11333_170000009080","PE","24619","VEREADOR","2016","fim_regular","tce"
"M2016_24619_13_40000_170000009097","PE","24619","VEREADOR","2016","fim_regular","tce"
"M2016_24619_13_40444_170000009085","PE","24619","VEREADOR","2016","fim_regular","tce"
"M2020_24619_13_55555_170000949913","PE","24619","VEREADOR","2020","fim_regular","tce"
"M2020_24619_13_55800_170000949912","PE","24619","VEREADOR","2020","fim_regular","tce"
"M2020_24619_13_40123_170001030051","PE","24619","VEREADOR","2020","fim_regular","tce"
"M2020_24619_13_55777_170000949918","PE","24619","VEREADOR","2020","fim_regular","tce"
"M2020_24619_13_55111_170000949925","PE","24619","VEREADOR","2020","fim_regular","tce"
"M2020_24619_13_40222_170001030054","PE","24619","VEREADOR","2020","fim_regular","tce"
"M2020_24619_13_40333_170001030057","PE","24619","VEREADOR","2020","fim_regular","tce"
"M2020_24619_13_55123_170000949910","PE","24619","VEREADOR","2020","outro","tce"
"M2020_24619_13_40000_170001030050","PE","24619","VEREADOR","2020","falecimento","tce"
"M2020_24619_13_40111_170001030053","PE","24619","VEREADOR","2020","fim_regular","tce"
"M2020_24619_13_40777_170001030056","PE","24619","VEREADOR","2020","fim_regular","tce"
"M2020_24619_13_55000_170000949909","PE","24619","VEREADOR","2020","fim_regular","tce"
"M2020_24619_13_55666_170000949907","PE","24619","VEREADOR","2020","fim_regular","tce"
"M2012_24635_13_40111_170000009527","PE","24635","VEREADOR","2012","fim_regular","tce"
"M2012_24635_13_40400_170000009532","PE","24635","VEREADOR","2012","fim_regular","tce"
"M2016_24635_13_14444_170000004448","PE","24635","VEREADOR","2016","fim_regular","tce"
"M2016_24635_13_40123_170000003915","PE","24635","VEREADOR","2016","fim_regular","tce"
"M2016_24635_13_23400_170000003970","PE","24635","VEREADOR","2016","fim_regular","tce"
"M2016_24635_13_44111_170000004243","PE","24635","VEREADOR","2016","fim_regular","tce"
"M2016_24635_13_40111_170000003914","PE","24635","VEREADOR","2016","fim_regular","tce"
"M2016_24635_13_14456_170000004428","PE","24635","VEREADOR","2016","outro","tce"
"M2016_24635_13_23123_170000003971","PE","24635","VEREADOR","2016","fim_regular","tce"
"M2016_24635_13_36123_170000004261","PE","24635","VEREADOR","2016","fim_regular","tce"
"M2016_24635_13_40222_170000003924","PE","24635","VEREADOR","2016","fim_regular","tce"
"M2016_24635_13_23555_170000003972","PE","24635","VEREADOR","2016","fim_regular","tce"
"M2016_24635_13_14500_170000004430","PE","24635","VEREADOR","2016","fim_regular","tce"
"M2020_24635_13_77123_170001104345","PE","24635","VEREADOR","2020","outro","tce"
"M2020_24635_13_14777_170001138507","PE","24635","VEREADOR","2020","fim_regular","tce"
"M2020_24635_13_40123_170001106569","PE","24635","VEREADOR","2020","fim_regular","tce"
"M2020_24635_13_90400_170001107989","PE","24635","VEREADOR","2020","fim_regular","tce"
"M2020_24635_13_77114_170001104348","PE","24635","VEREADOR","2020","outro","tce"
"M2020_24635_13_90456_170001108004","PE","24635","VEREADOR","2020","fim_regular","tce"
"M2020_24635_13_14123_170001138508","PE","24635","VEREADOR","2020","fim_regular","tce"
"M2020_24635_13_14222_170001138502","PE","24635","VEREADOR","2020","fim_regular","tce"
"M2020_24635_13_14444_170001138509","PE","24635","VEREADOR","2020","fim_regular","tce"
"M2020_24635_13_40555_170001106562","PE","24635","VEREADOR","2020","fim_regular","tce"
"M2020_24635_13_77777_170001104340","PE","24635","VEREADOR","2020","fim_regular","tce"
"M2008_24651_13_40999_12564","PE","24651","VEREADOR","2008","outro","tce"
"M2008_24651_13_14444_10796","PE","24651","VEREADOR","2008","outro","tce"
"M2012_24651_13_12222_170000009668","PE","24651","VEREADOR","2012","outro","tce"
"M2012_24651_13_22333_170000009673","PE","24651","VEREADOR","2012","outro","tce"
"M2012_24651_13_40444_170000011819","PE","24651","VEREADOR","2012","outro","tce"
"M2016_24651_13_40111_170000010804","PE","24651","VEREADOR","2016","fim_regular","tce"
"M2016_24651_13_14444_170000005510","PE","24651","VEREADOR","2016","outro","tce"
"M2016_24651_13_40999_170000010799","PE","24651","VEREADOR","2016","fim_regular","tce"
"M2020_24651_13_25000_170001119719","PE","24651","VEREADOR","2020","fim_regular","tce"
"M2020_24651_13_25999_170001119709","PE","24651","VEREADOR","2020","fim_regular","tce"
"M2012_24678_13_13000_170000002741","PE","24678","VEREADOR","2012","fim_regular","tce"
"M2012_24678_13_14444_170000016447","PE","24678","VEREADOR","2012","fim_regular","tce"
"M2012_24678_13_45555_170000002739","PE","24678","VEREADOR","2012","fim_regular","tce"
"M2016_24678_13_17000_170000005279","PE","24678","VEREADOR","2016","fim_regular","tce"
"M2016_24678_13_12111_170000010735","PE","24678","VEREADOR","2016","fim_regular","tce"
"M2016_24678_13_12333_170000010741","PE","24678","VEREADOR","2016","fim_regular","tce"
"M2016_24678_13_22000_170000005280","PE","24678","VEREADOR","2016","fim_regular","tce"
"M2016_24678_13_23789_170000005276","PE","24678","VEREADOR","2016","fim_regular","tce"
"M2016_24678_13_22222_170000005275","PE","24678","VEREADOR","2016","fim_regular","tce"
"M2020_24678_13_12345_170000681400","PE","24678","VEREADOR","2020","fim_regular","tce"
"M2020_24678_13_70777_170001037161","PE","24678","VEREADOR","2020","fim_regular","tce"
"M2020_24678_13_12444_170000681410","PE","24678","VEREADOR","2020","fim_regular","tce"
"M2020_24678_13_12111_170000681403","PE","24678","VEREADOR","2020","fim_regular","tce"
"M2020_24678_13_12333_170000681408","PE","24678","VEREADOR","2020","fim_regular","tce"
"M2020_24678_13_70000_170001037157","PE","24678","VEREADOR","2020","fim_regular","tce"
"M2020_24678_13_70999_170001037158","PE","24678","VEREADOR","2020","fim_regular","tce"
"M2020_24678_13_70789_170001037154","PE","24678","VEREADOR","2020","fim_regular","tce"
"M2016_24694_13_40000_170000007655","PE","24694","VEREADOR","2016","fim_regular","tce"
"M2016_24694_13_40444_170000007659","PE","24694","VEREADOR","2016","fim_regular","tce"
"M2016_24694_13_20610_170000007652","PE","24694","VEREADOR","2016","fim_regular","tce"
"M2016_24694_13_40630_170000007661","PE","24694","VEREADOR","2016","fim_regular","tce"
"M2016_24694_13_14000_170000011112","PE","24694","VEREADOR","2016","fim_regular","tce"
"M2016_24694_13_22222_170000012896","PE","24694","VEREADOR","2016","fim_regular","tce"
"M2016_24694_13_31000_170000012908","PE","24694","VEREADOR","2016","fim_regular","tce"
"M2016_24694_13_36789_170000011253","PE","24694","VEREADOR","2016","fim_regular","tce"
"M2016_24694_13_90555_170000017887","PE","24694","VEREADOR","2016","fim_regular","tce"
"M2016_24694_13_13611_170000011243","PE","24694","VEREADOR","2016","fim_regular","tce"
"M2020_24694_13_40444_170001238082","PE","24694","VEREADOR","2020","fim_regular","tce"
"M2020_24694_13_19610_170001061635","PE","24694","VEREADOR","2020","fim_regular","tce"
"M2020_24694_13_40123_170001238089","PE","24694","VEREADOR","2020","fim_regular","tce"
"M2020_24694_13_40222_170001238092","PE","24694","VEREADOR","2020","fim_regular","tce"
"M2020_24694_13_12000_170001211355","PE","24694","VEREADOR","2020","fim_regular","tce"
"M2020_24694_13_12555_170001211368","PE","24694","VEREADOR","2020","fim_regular","tce"
"M2020_24694_13_13333_170001063064","PE","24694","VEREADOR","2020","fim_regular","tce"
"M2020_24694_13_15222_170001062256","PE","24694","VEREADOR","2020","outro","tce"
"M2020_24694_13_15888_170001062249","PE","24694","VEREADOR","2020","fim_regular","tce"
"M2020_24694_13_19000_170001061629","PE","24694","VEREADOR","2020","fim_regular","tce"
"M2020_24694_13_40640_170001238085","PE","24694","VEREADOR","2020","fim_regular","tce"
"M2012_24716_13_40444_170000015044","PE","24716","VEREADOR","2012","fim_regular","tce"
"M2020_24716_13_11111_170000831078","PE","24716","VEREADOR","2020","fim_regular","tce"
"M2020_24716_13_17777_170000831775","PE","24716","VEREADOR","2020","fim_regular","tce"
"M2012_24732_13_43333_170000009158","PE","24732","VEREADOR","2012","fim_regular","tce"
"M2012_24732_13_10000_170000001674","PE","24732","VEREADOR","2012","fim_regular","tce"
"M2012_24759_13_12000_170000009104","PE","24759","VEREADOR","2012","fim_regular","tce"
"M2012_24759_13_22222_170000009116","PE","24759","VEREADOR","2012","fim_regular","tce"
"M2012_24759_13_25777_170000003930","PE","24759","VEREADOR","2012","fim_regular","tce"
"M2012_24759_13_36000_170000009125","PE","24759","VEREADOR","2012","fim_regular","tce"
"M2012_24759_13_40888_170000009113","PE","24759","VEREADOR","2012","fim_regular","tce"
"M2012_24759_13_55369_170000003944","PE","24759","VEREADOR","2012","fim_regular","tce"
"M2012_24759_13_55555_170000003945","PE","24759","VEREADOR","2012","fim_regular","tce"
"M2012_24759_13_55999_170000003936","PE","24759","VEREADOR","2012","fim_regular","tce"
"M2016_24759_13_11011_170000005094","PE","24759","VEREADOR","2016","fim_regular","tce"
"M2016_24759_13_55777_170000001055","PE","24759","VEREADOR","2016","outro","tce"
"M2016_24759_13_25555_170000001050","PE","24759","VEREADOR","2016","fim_regular","tce"
"M2016_24759_13_55000_170000001066","PE","24759","VEREADOR","2016","fim_regular","tce"
"M2016_24759_13_17000_170000005103","PE","24759","VEREADOR","2016","fim_regular","tce"
"M2016_24759_13_55999_170000001057","PE","24759","VEREADOR","2016","fim_regular","tce"
"M2016_24759_13_55666_170000001059","PE","24759","VEREADOR","2016","fim_regular","tce"
"M2020_24759_13_25555_170000681338","PE","24759","VEREADOR","2020","fim_regular","tce"
"M2020_24759_13_40888_170001256444","PE","24759","VEREADOR","2020","fim_regular","tce"
"M2020_24759_13_11777_170001093785","PE","24759","VEREADOR","2020","fim_regular","tce"
"M2020_24759_13_25333_170000681340","PE","24759","VEREADOR","2020","fim_regular","tce"
"M2020_24759_13_40100_170001256441","PE","24759","VEREADOR","2020","fim_regular","tce"
"M2020_24759_13_40333_170001256435","PE","24759","VEREADOR","2020","fim_regular","tce"
"M2016_24775_13_19211_170000001605","PE","24775","VEREADOR","2016","fim_regular","tce"
"M2016_24775_13_90000_170000007428","PE","24775","VEREADOR","2016","fim_regular","tce"
"M2016_24775_13_14123_170000001587","PE","24775","VEREADOR","2016","fim_regular","tce"
"M2016_24775_13_10610_170000001626","PE","24775","VEREADOR","2016","fim_regular","tce"
"M2016_24775_13_11211_170000006194","PE","24775","VEREADOR","2016","fim_regular","tce"
"M2016_24775_13_25615_170000007430","PE","24775","VEREADOR","2016","fim_regular","tce"
"M2016_24775_13_11111_170000006196","PE","24775","VEREADOR","2016","fim_regular","tce"
"M2016_24775_13_14777_170000001582","PE","24775","VEREADOR","2016","fim_regular","tce"
"M2016_24775_13_14111_170000001590","PE","24775","VEREADOR","2016","fim_regular","tce"
"M2016_24775_13_14114_170000001579","PE","24775","VEREADOR","2016","fim_regular","tce"
"M2016_24775_13_40000_170000007420","PE","24775","VEREADOR","2016","fim_regular","tce"
"M2016_24775_13_40888_170000007417","PE","24775","VEREADOR","2016","fim_regular","tce"
"M2016_24775_13_55055_170000001631","PE","24775","VEREADOR","2016","fim_regular","tce"
"M2016_24775_13_55123_170000001630","PE","24775","VEREADOR","2016","fim_regular","tce"
"M2016_24775_13_70000_170000001620","PE","24775","VEREADOR","2016","fim_regular","tce"
"M2020_24775_13_11211_170001175836","PE","24775","VEREADOR","2020","fim_regular","tce"
"M2020_24775_13_40555_170001176438","PE","24775","VEREADOR","2020","fim_regular","tce"
"M2020_24775_13_19123_170000648778","PE","24775","VEREADOR","2020","fim_regular","tce"
"M2020_24775_13_19999_170000648770","PE","24775","VEREADOR","2020","fim_regular","tce"
"M2020_24775_13_40610_170001176449","PE","24775","VEREADOR","2020","fim_regular","tce"
"M2020_24775_13_77211_170000648862","PE","24775","VEREADOR","2020","fim_regular","tce"
"M2020_24775_13_25615_170000649127","PE","24775","VEREADOR","2020","fim_regular","tce"
"M2020_24775_13_11333_170001175829","PE","24775","VEREADOR","2020","fim_regular","tce"
"M2020_24775_13_40333_170001176448","PE","24775","VEREADOR","2020","fim_regular","tce"
"M2020_24775_13_19019_170000648781","PE","24775","VEREADOR","2020","fim_regular","tce"
"M2020_24775_13_11111_170001175832","PE","24775","VEREADOR","2020","fim_regular","tce"
"M2020_24775_13_15000_170001028269","PE","24775","VEREADOR","2020","fim_regular","tce"
"M2020_24775_13_25123_170000649130","PE","24775","VEREADOR","2020","fim_regular","tce"
"M2020_24775_13_70111_170000757844","PE","24775","VEREADOR","2020","fim_regular","tce"
"M2012_24791_13_15615_170000008974","PE","24791","VEREADOR","2012","fim_regular","tce"
"M2012_24791_13_25633_170000012333","PE","24791","VEREADOR","2012","fim_regular","tce"
"M2012_24791_13_25690_170000012346","PE","24791","VEREADOR","2012","fim_regular","tce"
"M2012_24791_13_25181_170000012338","PE","24791","VEREADOR","2012","outro","tce"
"M2012_24791_13_25456_170000012340","PE","24791","VEREADOR","2012","fim_regular","tce"
"M2016_24791_13_25605_170000003682","PE","24791","VEREADOR","2016","fim_regular","tce"
"M2016_24791_13_14111_170000022291","PE","24791","VEREADOR","2016","fim_regular","tce"
"M2016_24791_13_15000_170000006761","PE","24791","VEREADOR","2016","fim_regular","tce"
"M2016_24791_13_36789_170000023092","PE","24791","VEREADOR","2016","fim_regular","tce"
"M2016_24791_13_45111_170000006768","PE","24791","VEREADOR","2016","fim_regular","tce"
"M2020_24791_13_11234_170001156843","PE","24791","VEREADOR","2020","outro","tce"
"M2020_24791_13_25605_170001211263","PE","24791","VEREADOR","2020","fim_regular","tce"
"M2020_24791_13_25633_170001211254","PE","24791","VEREADOR","2020","fim_regular","tce"
"M2020_24791_13_25000_170001211260","PE","24791","VEREADOR","2020","fim_regular","tce"
"M2020_24791_13_25181_170001211264","PE","24791","VEREADOR","2020","fim_regular","tce"
"M2020_24791_13_25111_170001211258","PE","24791","VEREADOR","2020","fim_regular","tce"
"M2020_24791_13_11111_170001156844","PE","24791","VEREADOR","2020","fim_regular","tce"
"M2020_24791_13_11600_170001156835","PE","24791","VEREADOR","2020","fim_regular","tce"
"M2020_24791_13_11611_170001156839","PE","24791","VEREADOR","2020","fim_regular","tce"
"M2020_24791_13_25625_170001211261","PE","24791","VEREADOR","2020","fim_regular","tce"
"M2020_24791_13_11333_170001156838","PE","24791","VEREADOR","2020","fim_regular","tce"
"M2024_24791_13_11234_170002121693","PE","24791","VEREADOR","2024","outro","tce"
"M2012_24830_13_13111_170000008404","PE","24830","VEREADOR","2012","fim_regular","tce"
"M2012_24830_13_15444_170000007424","PE","24830","VEREADOR","2012","fim_regular","tce"
"M2012_24830_13_19999_170000006642","PE","24830","VEREADOR","2012","fim_regular","tce"
"M2012_24830_13_20000_170000009565","PE","24830","VEREADOR","2012","fim_regular","tce"
"M2012_24830_13_20110_170000009557","PE","24830","VEREADOR","2012","fim_regular","tce"
"M2016_24830_13_14111_170000006283","PE","24830","VEREADOR","2016","fim_regular","tce"
"M2016_24830_13_11123_170000006563","PE","24830","VEREADOR","2016","fim_regular","tce"
"M2016_24830_13_20000_170000006294","PE","24830","VEREADOR","2016","fim_regular","tce"
"M2016_24830_13_77114_170000006715","PE","24830","VEREADOR","2016","fim_regular","tce"
"M2012_24856_13_13333_170000014934","PE","24856","VEREADOR","2012","fim_regular","tce"
"M2012_24856_13_65321_170000011869","PE","24856","VEREADOR","2012","fim_regular","tce"
"M2012_24856_13_11111_170000014967","PE","24856","VEREADOR","2012","fim_regular","tce"
"M2012_24856_13_44555_170000013352","PE","24856","VEREADOR","2012","fim_regular","tce"
"M2012_24856_13_55000_170000013552","PE","24856","VEREADOR","2012","fim_regular","tce"
"M2012_24856_13_12345_170000011859","PE","24856","VEREADOR","2012","fim_regular","tce"
"M2016_24856_13_44555_170000001765","PE","24856","VEREADOR","2016","fim_regular","tce"
"M2016_24856_13_12222_170000001787","PE","24856","VEREADOR","2016","fim_regular","tce"
"M2016_24856_13_14444_170000004006","PE","24856","VEREADOR","2016","fim_regular","tce"
"M2016_24856_13_45650_170000001764","PE","24856","VEREADOR","2016","fim_regular","tce"
"M2020_24856_13_40789_170000989727","PE","24856","VEREADOR","2020","fim_regular","tce"
"M2020_24856_13_55555_170000989806","PE","24856","VEREADOR","2020","fim_regular","tce"
"M2020_24856_13_13613_170000995535","PE","24856","VEREADOR","2020","fim_regular","tce"
"M2020_24856_13_13777_170000995527","PE","24856","VEREADOR","2020","fim_regular","tce"
"M2020_24856_13_20111_170000987517","PE","24856","VEREADOR","2020","fim_regular","tce"
"M2020_24856_13_40999_170000989722","PE","24856","VEREADOR","2020","fim_regular","tce"
"M2012_24872_13_23444_170000013011","PE","24872","VEREADOR","2012","fim_regular","tce"
"M2012_24872_13_45123_170000005036","PE","24872","VEREADOR","2012","fim_regular","tce"
"M2012_24872_13_11222_170000006000","PE","24872","VEREADOR","2012","fim_regular","tce"
"M2012_24872_13_27888_170000011503","PE","24872","VEREADOR","2012","fim_regular","tce"
"M2012_24872_13_40111_170000006603","PE","24872","VEREADOR","2012","fim_regular","tce"
"M2012_24872_13_40222_170000006612","PE","24872","VEREADOR","2012","fim_regular","tce"
"M2012_24872_13_15615_170000009453","PE","24872","VEREADOR","2012","fim_regular","tce"
"M2016_24872_13_13013_170000016338","PE","24872","VEREADOR","2016","fim_regular","tce"
"M2016_24872_13_20620_170000013112","PE","24872","VEREADOR","2016","fim_regular","tce"
"M2016_24872_13_31000_170000006223","PE","24872","VEREADOR","2016","fim_regular","tce"
"M2016_24872_13_31222_170000006233","PE","24872","VEREADOR","2016","fim_regular","tce"
"M2016_24872_13_33177_170000013213","PE","24872","VEREADOR","2016","fim_regular","tce"
"M2016_24872_13_33333_170000013211","PE","24872","VEREADOR","2016","fim_regular","tce"
"M2016_24899_13_31123_170000013808","PE","24899","VEREADOR","2016","fim_regular","tce"
"M2016_24899_13_22111_170000011004","PE","24899","VEREADOR","2016","outro","tce"
"M2016_24899_13_45123_170000013801","PE","24899","VEREADOR","2016","outro","tce"
"M2016_24899_13_12345_170000011010","PE","24899","VEREADOR","2016","fim_regular","tce"
"M2016_24899_13_13111_170000015287","PE","24899","VEREADOR","2016","fim_regular","tce"
"M2016_24899_13_15333_170000015286","PE","24899","VEREADOR","2016","fim_regular","tce"
"M2016_24899_13_17000_170000010576","PE","24899","VEREADOR","2016","fim_regular","tce"
"M2016_24899_13_17777_170000010574","PE","24899","VEREADOR","2016","outro","tce"
"M2016_24899_13_22222_170000010992","PE","24899","VEREADOR","2016","outro","tce"
"M2016_24899_13_40100_170000013798","PE","24899","VEREADOR","2016","fim_regular","tce"
"M2016_24899_13_45222_170000013807","PE","24899","VEREADOR","2016","fim_regular","tce"
"M2016_24899_13_14111_170000015271","PE","24899","VEREADOR","2016","fim_regular","tce"
"M2020_24899_13_45555_170001127265","PE","24899","VEREADOR","2020","fim_regular","tce"
"M2020_24899_13_55555_170001225836","PE","24899","VEREADOR","2020","fim_regular","tce"
"M2020_24899_13_40100_170001011477","PE","24899","VEREADOR","2020","fim_regular","tce"
"M2020_24899_13_45222_170001127254","PE","24899","VEREADOR","2020","fim_regular","tce"
"M2020_24899_13_14111_170001054704","PE","24899","VEREADOR","2020","fim_regular","tce"
"M2020_24899_13_17444_170001235409","PE","24899","VEREADOR","2020","fim_regular","tce"
"M2020_24899_13_40000_170001011480","PE","24899","VEREADOR","2020","fim_regular","tce"
"M2020_24899_13_40222_170001011471","PE","24899","VEREADOR","2020","fim_regular","tce"
"M2020_24899_13_45000_170001127252","PE","24899","VEREADOR","2020","fim_regular","tce"
"M2020_24899_13_45666_170001127256","PE","24899","VEREADOR","2020","fim_regular","tce"
"M2020_24899_13_70444_170001014089","PE","24899","VEREADOR","2020","fim_regular","tce"
"M2020_24899_13_70999_170001014087","PE","24899","VEREADOR","2020","fim_regular","tce"
"M2012_24910_13_12340_170000011605","PE","24910","VEREADOR","2012","fim_regular","tce"
"M2012_24910_13_12345_170000011606","PE","24910","VEREADOR","2012","fim_regular","tce"
"M2012_24910_13_17617_170000017759","PE","24910","VEREADOR","2012","fim_regular","tce"
"M2012_24910_13_36789_170000004845","PE","24910","VEREADOR","2012","fim_regular","tce"
"M2012_24910_13_44555_170000009609","PE","24910","VEREADOR","2012","fim_regular","tce"
"M2012_24910_13_65650_170000017495","PE","24910","VEREADOR","2012","fim_regular","tce"
"M2012_24937_13_55000_170000000598","PE","24937","VEREADOR","2012","fim_regular","tce"
"M2012_24937_13_55123_170000000592","PE","24937","VEREADOR","2012","fim_regular","tce"
"M2012_24937_13_40222_170000000678","PE","24937","VEREADOR","2012","fim_regular","tce"
"M2012_24937_13_45666_170000000688","PE","24937","VEREADOR","2012","fim_regular","tce"
"M2012_24937_13_10000_170000000677","PE","24937","VEREADOR","2012","fim_regular","tce"
"M2012_24937_13_11111_170000000594","PE","24937","VEREADOR","2012","fim_regular","tce"
"M2012_24937_13_55555_170000000590","PE","24937","VEREADOR","2012","fim_regular","tce"
"M2016_24937_13_15611_170000008768","PE","24937","VEREADOR","2016","fim_regular","tce"
"M2016_24937_13_12345_170000009939","PE","24937","VEREADOR","2016","fim_regular","tce"
"M2016_24937_13_13842_170000006729","PE","24937","VEREADOR","2016","fim_regular","tce"
"M2016_24937_13_15123_170000008764","PE","24937","VEREADOR","2016","fim_regular","tce"
"M2016_24937_13_15333_170000008765","PE","24937","VEREADOR","2016","fim_regular","tce"
"M2016_24937_13_55000_170000009945","PE","24937","VEREADOR","2016","fim_regular","tce"
"M2016_24937_13_55666_170000009941","PE","24937","VEREADOR","2016","fim_regular","tce"
"M2016_24937_13_55999_170000009944","PE","24937","VEREADOR","2016","fim_regular","tce"
"M2020_24937_13_25555_170001183873","PE","24937","VEREADOR","2020","outro","tce"
"M2020_24937_13_15111_170001116252","PE","24937","VEREADOR","2020","outro","tce"
"M2020_24937_13_40789_170001118747","PE","24937","VEREADOR","2020","outro","tce"
"M2020_24937_13_15333_170001116248","PE","24937","VEREADOR","2020","outro","tce"
"M2020_24937_13_40999_170001118750","PE","24937","VEREADOR","2020","outro","tce"
"M2020_24937_13_15555_170001116251","PE","24937","VEREADOR","2020","outro","tce"
"M2020_24937_13_25111_170001183865","PE","24937","VEREADOR","2020","outro","tce"
"M2020_24937_13_25800_170001183859","PE","24937","VEREADOR","2020","outro","tce"
"M2020_24937_13_40007_170001118755","PE","24937","VEREADOR","2020","outro","tce"
"M2020_24937_13_40111_170001118754","PE","24937","VEREADOR","2020","outro","tce"
"M2020_24937_13_40123_170001118759","PE","24937","VEREADOR","2020","outro","tce"
"M2016_24953_13_11111_170000010023","PE","24953","VEREADOR","2016","fim_regular","tce"
"M2016_24953_13_12123_170000008847","PE","24953","VEREADOR","2016","fim_regular","tce"
"M2016_24953_13_13111_170000008853","PE","24953","VEREADOR","2016","fim_regular","tce"
"M2016_24953_13_17123_170000008852","PE","24953","VEREADOR","2016","fim_regular","tce"
"M2016_24953_13_55123_170000009669","PE","24953","VEREADOR","2016","fim_regular","tce"
"M2020_24953_13_15555_170001109918","PE","24953","VEREADOR","2020","fim_regular","tce"
"M2020_24953_13_11111_170000886376","PE","24953","VEREADOR","2020","fim_regular","tce"
"M2020_24953_13_15111_170001109915","PE","24953","VEREADOR","2020","fim_regular","tce"
"M2020_24953_13_77123_170001109911","PE","24953","VEREADOR","2020","fim_regular","tce"
"M2020_24953_13_13111_170001109063","PE","24953","VEREADOR","2020","fim_regular","tce"
"M2020_24953_13_13000_170001109060","PE","24953","VEREADOR","2020","fim_regular","tce"
"M2020_24953_13_13123_170001109061","PE","24953","VEREADOR","2020","fim_regular","tce"
"M2020_24953_13_15000_170001275230","PE","24953","VEREADOR","2020","fim_regular","tce"
"M2020_24953_13_77444_170001109908","PE","24953","VEREADOR","2020","fim_regular","tce"
"M2012_24970_13_12345_170000014111","PE","24970","VEREADOR","2012","fim_regular","tce"
"M2012_24970_13_11455_170000008365","PE","24970","VEREADOR","2012","fim_regular","tce"
"M2012_24970_13_20000_170000014088","PE","24970","VEREADOR","2012","fim_regular","tce"
"M2012_24970_13_45633_170000008625","PE","24970","VEREADOR","2012","fim_regular","tce"
"M2012_24970_13_45678_170000008626","PE","24970","VEREADOR","2012","fim_regular","tce"
"M2016_24970_13_45222_170000001241","PE","24970","VEREADOR","2016","fim_regular","tce"
"M2016_24970_13_45234_170000001239","PE","24970","VEREADOR","2016","fim_regular","tce"
"M2016_24970_13_77777_170000016636","PE","24970","VEREADOR","2016","fim_regular","tce"
"M2016_24970_13_90222_170000013244","PE","24970","VEREADOR","2016","fim_regular","tce"
"M2020_24970_13_13777_170000932753","PE","24970","VEREADOR","2020","fim_regular","tce"
"M2020_24970_13_50222_170001179390","PE","24970","VEREADOR","2020","fim_regular","tce"
"M2020_24970_13_77111_170000967339","PE","24970","VEREADOR","2020","fim_regular","tce"
"M2020_24970_13_77333_170000967358","PE","24970","VEREADOR","2020","fim_regular","tce"
"M2020_24970_13_77777_170000967343","PE","24970","VEREADOR","2020","fim_regular","tce"
"M2012_25011_13_40111_170000004505","PE","25011","VEREADOR","2012","fim_regular","tce"
"M2012_25011_13_40333_170000004510","PE","25011","VEREADOR","2012","fim_regular","tce"
"M2012_25011_13_40777_170000004504","PE","25011","VEREADOR","2012","fim_regular","tce"
"M2016_25011_13_15000_170000016786","PE","25011","VEREADOR","2016","fim_regular","tce"
"M2016_25011_13_40111_170000014857","PE","25011","VEREADOR","2016","fim_regular","tce"
"M2016_25011_13_40888_170000014864","PE","25011","VEREADOR","2016","fim_regular","tce"
"M2020_25011_13_22000_170001182737","PE","25011","VEREADOR","2020","fim_regular","tce"
"M2020_25011_13_77000_170000657050","PE","25011","VEREADOR","2020","fim_regular","tce"
"M2020_25011_13_77123_170000657054","PE","25011","VEREADOR","2020","fim_regular","tce"
"M2020_25011_13_77444_170000657059","PE","25011","VEREADOR","2020","fim_regular","tce"
"M2012_25038_13_14000_170000006476","PE","25038","VEREADOR","2012","fim_regular","tce"
"M2012_25038_13_14111_170000006475","PE","25038","VEREADOR","2012","fim_regular","tce"
"M2012_25038_13_14369_170000006470","PE","25038","VEREADOR","2012","fim_regular","tce"
"M2012_25038_13_14444_170000006473","PE","25038","VEREADOR","2012","fim_regular","tce"
"M2016_25038_13_55555_170000017990","PE","25038","VEREADOR","2016","fim_regular","tce"
"M2016_25038_13_15555_170000017985","PE","25038","VEREADOR","2016","fim_regular","tce"
"M2016_25038_13_55222_170000017989","PE","25038","VEREADOR","2016","fim_regular","tce"
"M2016_25038_13_65555_170000015197","PE","25038","VEREADOR","2016","fim_regular","tce"
"M2016_25038_13_40888_170000017976","PE","25038","VEREADOR","2016","fim_regular","tce"
"M2016_25038_13_40999_170000017978","PE","25038","VEREADOR","2016","fim_regular","tce"
"M2016_25038_13_40111_170000017986","PE","25038","VEREADOR","2016","fim_regular","tce"
"M2016_25038_13_40333_170000017992","PE","25038","VEREADOR","2016","fim_regular","tce"
"M2016_25038_13_40777_170000017979","PE","25038","VEREADOR","2016","fim_regular","tce"
"M2016_25038_13_44444_170000015191","PE","25038","VEREADOR","2016","fim_regular","tce"
"M2016_25038_13_55789_170000017991","PE","25038","VEREADOR","2016","fim_regular","tce"
"M2020_25038_13_15000_170001050649","PE","25038","VEREADOR","2020","fim_regular","tce"
"M2020_25038_13_15015_170001050645","PE","25038","VEREADOR","2020","fim_regular","tce"
"M2020_25038_13_40100_170000967387","PE","25038","VEREADOR","2020","fim_regular","tce"
"M2016_25054_13_12300_170000004150","PE","25054","VEREADOR","2016","fim_regular","tce"
"M2016_25054_13_40444_170000004087","PE","25054","VEREADOR","2016","fim_regular","tce"
"M2016_25054_13_11555_170000004340","PE","25054","VEREADOR","2016","fim_regular","tce"
"M2016_25054_13_40000_170000004083","PE","25054","VEREADOR","2016","fim_regular","tce"
"M2016_25054_13_40123_170000004090","PE","25054","VEREADOR","2016","fim_regular","tce"
"M2020_25054_13_11111_170000660994","PE","25054","VEREADOR","2020","outro","tce"
"M2020_25054_13_15123_170000660972","PE","25054","VEREADOR","2020","outro","tce"
"M2020_25054_13_40740_170001205379","PE","25054","VEREADOR","2020","fim_regular","tce"
"M2012_25070_13_55555_170000015880","PE","25070","VEREADOR","2012","fim_regular","tce"
"M2012_25070_13_13111_170000010138","PE","25070","VEREADOR","2012","fim_regular","tce"
"M2012_25070_13_22111_170000015873","PE","25070","VEREADOR","2012","fim_regular","tce"
"M2012_25070_13_55111_170000015882","PE","25070","VEREADOR","2012","fim_regular","tce"
"M2012_25070_13_40000_170000015968","PE","25070","VEREADOR","2012","fim_regular","tce"
"M2012_25070_13_22333_170000015878","PE","25070","VEREADOR","2012","fim_regular","tce"
"M2012_25070_13_20000_170000015877","PE","25070","VEREADOR","2012","fim_regular","tce"
"M2012_25070_13_40333_170000015963","PE","25070","VEREADOR","2012","fim_regular","tce"
"M2012_25070_13_40444_170000015966","PE","25070","VEREADOR","2012","fim_regular","tce"
"M2012_25070_13_33555_170000010140","PE","25070","VEREADOR","2012","fim_regular","tce"
"M2016_25070_13_14444_170000003440","PE","25070","VEREADOR","2016","fim_regular","tce"
"M2016_25070_13_14777_170000003434","PE","25070","VEREADOR","2016","fim_regular","tce"
"M2016_25070_13_40000_170000007074","PE","25070","VEREADOR","2016","fim_regular","tce"
"M2016_25070_13_14666_170000003431","PE","25070","VEREADOR","2016","fim_regular","tce"
"M2016_25070_13_15555_170000007073","PE","25070","VEREADOR","2016","fim_regular","tce"
"M2016_25070_13_40333_170000007067","PE","25070","VEREADOR","2016","fim_regular","tce"
"M2016_25070_13_40444_170000007057","PE","25070","VEREADOR","2016","fim_regular","tce"
"M2016_25070_13_14123_170000003437","PE","25070","VEREADOR","2016","fim_regular","tce"
"M2016_25070_13_22111_170000007064","PE","25070","VEREADOR","2016","fim_regular","tce"
"M2016_25070_13_40111_170000007068","PE","25070","VEREADOR","2016","fim_regular","tce"
"M2016_25070_13_40555_170000007060","PE","25070","VEREADOR","2016","fim_regular","tce"
"M2020_25070_13_14444_170001114268","PE","25070","VEREADOR","2020","fim_regular","tce"
"M2020_25070_13_14777_170001114266","PE","25070","VEREADOR","2020","fim_regular","tce"
"M2020_25070_13_40888_170000828028","PE","25070","VEREADOR","2020","fim_regular","tce"
"M2020_25070_13_40333_170000828025","PE","25070","VEREADOR","2020","fim_regular","tce"
"M2020_25070_13_40666_170000828033","PE","25070","VEREADOR","2020","fim_regular","tce"
"M2020_25070_13_40123_170000828024","PE","25070","VEREADOR","2020","fim_regular","tce"
"M2020_25070_13_40111_170000828022","PE","25070","VEREADOR","2020","fim_regular","tce"
"M2020_25070_13_40555_170000828026","PE","25070","VEREADOR","2020","fim_regular","tce"
"M2020_25070_13_14000_170001114273","PE","25070","VEREADOR","2020","fim_regular","tce"
"M2020_25070_13_14111_170001114275","PE","25070","VEREADOR","2020","fim_regular","tce"
"M2020_25070_13_40222_170000828023","PE","25070","VEREADOR","2020","fim_regular","tce"
"M2016_25097_13_15555_170000007266","PE","25097","VEREADOR","2016","fim_regular","tce"
"M2016_25097_13_15678_170000007271","PE","25097","VEREADOR","2016","fim_regular","tce"
"M2016_25097_13_44444_170000008721","PE","25097","VEREADOR","2016","fim_regular","tce"
"M2016_25097_13_10000_170000011307","PE","25097","VEREADOR","2016","fim_regular","tce"
"M2016_25097_13_55123_170000007260","PE","25097","VEREADOR","2016","fim_regular","tce"
"M2016_25097_13_40000_170000008719","PE","25097","VEREADOR","2016","fim_regular","tce"
"M2016_25097_13_77777_170000007276","PE","25097","VEREADOR","2016","fim_regular","tce"
"M2016_25097_13_55678_170000007258","PE","25097","VEREADOR","2016","fim_regular","tce"
"M2016_25097_13_23111_170000008717","PE","25097","VEREADOR","2016","fim_regular","tce"
"M2016_25097_13_55555_170000007267","PE","25097","VEREADOR","2016","fim_regular","tce"
"M2016_25097_13_15615_170000007269","PE","25097","VEREADOR","2016","fim_regular","tce"
"M2020_25097_13_11111_170001198604","PE","25097","VEREADOR","2020","fim_regular","tce"
"M2020_25097_13_40123_170001061327","PE","25097","VEREADOR","2020","fim_regular","tce"
"M2020_25097_13_11000_170001198605","PE","25097","VEREADOR","2020","fim_regular","tce"
"M2020_25097_13_55555_170001062329","PE","25097","VEREADOR","2020","fim_regular","tce"
"M2020_25097_13_11333_170001198592","PE","25097","VEREADOR","2020","fim_regular","tce"
"M2020_25097_13_14333_170001059120","PE","25097","VEREADOR","2020","fim_regular","tce"
"M2020_25097_13_17555_170001059414","PE","25097","VEREADOR","2020","fim_regular","tce"
"M2020_25097_13_17999_170001059418","PE","25097","VEREADOR","2020","fim_regular","tce"
"M2020_25097_13_55000_170001062330","PE","25097","VEREADOR","2020","fim_regular","tce"
"M2020_25097_13_55888_170001062333","PE","25097","VEREADOR","2020","fim_regular","tce"
"M2020_25097_13_40456_170001061321","PE","25097","VEREADOR","2020","fim_regular","tce"
"M2016_25119_13_40000_170000018221","PE","25119","VEREADOR","2016","fim_regular","tce"
"M2016_25119_13_40111_170000018220","PE","25119","VEREADOR","2016","fim_regular","tce"
"M2016_25119_13_40510_170000018218","PE","25119","VEREADOR","2016","fim_regular","tce"
"M2016_25119_13_19123_170000011624","PE","25119","VEREADOR","2016","fim_regular","tce"
"M2016_25119_13_23456_170000018014","PE","25119","VEREADOR","2016","fim_regular","tce"
"M2016_25119_13_28100_170000018516","PE","25119","VEREADOR","2016","fim_regular","tce"
"M2016_25119_13_31123_170000017691","PE","25119","VEREADOR","2016","fim_regular","tce"
"M2016_25119_13_44100_170000012064","PE","25119","VEREADOR","2016","fim_regular","tce"
"M2016_25119_13_45888_170000012725","PE","25119","VEREADOR","2016","fim_regular","tce"
"M2016_25119_13_55222_170000012071","PE","25119","VEREADOR","2016","fim_regular","tce"
"M2016_25119_13_77122_170000017704","PE","25119","VEREADOR","2016","fim_regular","tce"
"M2016_25119_13_90999_170000011630","PE","25119","VEREADOR","2016","fim_regular","tce"
"M2016_25119_13_11111_170000012737","PE","25119","VEREADOR","2016","fim_regular","tce"
"M2020_25119_13_10999_170000658659","PE","25119","VEREADOR","2020","fim_regular","tce"
"M2020_25119_13_19123_170000658673","PE","25119","VEREADOR","2020","fim_regular","tce"
"M2020_25119_13_25125_170000658953","PE","25119","VEREADOR","2020","fim_regular","tce"
"M2020_25119_13_55123_170000659064","PE","25119","VEREADOR","2020","fim_regular","tce"
"M2020_25119_13_55456_170000659065","PE","25119","VEREADOR","2020","fim_regular","tce"
"M2020_25119_13_55222_170000659054","PE","25119","VEREADOR","2020","fim_regular","tce"
"M2020_25119_13_25555_170000658947","PE","25119","VEREADOR","2020","fim_regular","tce"
"M2020_25119_13_10000_170000658653","PE","25119","VEREADOR","2020","fim_regular","tce"
"M2020_25119_13_19456_170000658680","PE","25119","VEREADOR","2020","fim_regular","tce"
"M2020_25119_13_25123_170000658946","PE","25119","VEREADOR","2020","fim_regular","tce"
"M2020_25119_13_40654_170001251695","PE","25119","VEREADOR","2020","fim_regular","tce"
"M2020_25119_13_55800_170000659058","PE","25119","VEREADOR","2020","fim_regular","tce"
"M2020_25119_13_77777_170000659454","PE","25119","VEREADOR","2020","fim_regular","tce"
"M2012_25135_13_31031_170000016340","PE","25135","VEREADOR","2012","fim_regular","tce"
"M2012_25135_13_11800_170000015499","PE","25135","VEREADOR","2012","fim_regular","tce"
"M2012_25135_13_40333_170000012663","PE","25135","VEREADOR","2012","fim_regular","tce"
"M2012_25135_13_65222_170000012278","PE","25135","VEREADOR","2012","fim_regular","tce"
"M2016_25135_13_40123_170000004478","PE","25135","VEREADOR","2016","fim_regular","tce"
"M2016_25135_13_40640_170000004476","PE","25135","VEREADOR","2016","fim_regular","tce"
"M2016_25135_13_15100_170000005612","PE","25135","VEREADOR","2016","fim_regular","tce"
"M2016_25135_13_77123_170000004497","PE","25135","VEREADOR","2016","fim_regular","tce"
"M2016_25135_13_65222_170000004469","PE","25135","VEREADOR","2016","fim_regular","tce"
"M2016_25135_13_27123_170000005594","PE","25135","VEREADOR","2016","fim_regular","tce"
"M2016_25135_13_43210_170000008629","PE","25135","VEREADOR","2016","fim_regular","tce"
"M2016_25135_13_43444_170000008619","PE","25135","VEREADOR","2016","fim_regular","tce"
"M2016_25135_13_45555_170000005167","PE","25135","VEREADOR","2016","fim_regular","tce"
"M2020_25135_13_40640_170000771100","PE","25135","VEREADOR","2020","fim_regular","tce"
"M2020_25135_13_22100_170000760319","PE","25135","VEREADOR","2020","fim_regular","tce"
"M2020_25135_13_40500_170000771098","PE","25135","VEREADOR","2020","fim_regular","tce"
"M2020_25135_13_40444_170000771104","PE","25135","VEREADOR","2020","fim_regular","tce"
"M2020_25135_13_40333_170000771099","PE","25135","VEREADOR","2020","fim_regular","tce"
"M2020_25135_13_40210_170000771090","PE","25135","VEREADOR","2020","fim_regular","tce"
"M2020_25135_13_51444_170000766437","PE","25135","VEREADOR","2020","fim_regular","tce"
"M2020_25135_13_12000_170000773242","PE","25135","VEREADOR","2020","fim_regular","tce"
"M2020_25135_13_13180_170000865192","PE","25135","VEREADOR","2020","fim_regular","tce"
"M2020_25135_13_15222_170000818320","PE","25135","VEREADOR","2020","fim_regular","tce"
"M2020_25135_13_22130_170000760324","PE","25135","VEREADOR","2020","fim_regular","tce"
"M2020_25135_13_23123_170001024551","PE","25135","VEREADOR","2020","fim_regular","tce"
"M2020_25135_13_33112_170000783288","PE","25135","VEREADOR","2020","fim_regular","tce"
"M2020_25135_13_51333_170000766435","PE","25135","VEREADOR","2020","fim_regular","tce"
"M2020_25135_13_65030_170000760074","PE","25135","VEREADOR","2020","fim_regular","tce"
"M2012_25151_13_14014_170000005566","PE","25151","VEREADOR","2012","fim_regular","tce"
"M2012_25151_13_22000_170000009069","PE","25151","VEREADOR","2012","fim_regular","tce"
"M2016_25151_13_43456_170000008633","PE","25151","VEREADOR","2016","fim_regular","tce"
"M2016_25151_13_22000_170000002199","PE","25151","VEREADOR","2016","fim_regular","tce"
"M2016_25151_13_36000_170000002196","PE","25151","VEREADOR","2016","fim_regular","tce"
"M2020_25151_13_40000_170000729543","PE","25151","VEREADOR","2020","fim_regular","tce"
"M2020_25151_13_70000_170000991845","PE","25151","VEREADOR","2020","fim_regular","tce"
"M2020_25151_13_70333_170000991841","PE","25151","VEREADOR","2020","fim_regular","tce"
"M2020_25151_13_40456_170000729542","PE","25151","VEREADOR","2020","fim_regular","tce"
"M2020_25151_13_70888_170000991832","PE","25151","VEREADOR","2020","fim_regular","tce"
"M2020_25151_13_40222_170000729547","PE","25151","VEREADOR","2020","fim_regular","tce"
"M2020_25151_13_40123_170000729545","PE","25151","VEREADOR","2020","fim_regular","tce"
"M2020_25151_13_40640_170000729548","PE","25151","VEREADOR","2020","fim_regular","tce"
"M2020_25151_13_40888_170000729541","PE","25151","VEREADOR","2020","fim_regular","tce"
"M2020_25151_13_70111_170000991844","PE","25151","VEREADOR","2020","fim_regular","tce"
"M2020_25151_13_70555_170000991835","PE","25151","VEREADOR","2020","fim_regular","tce"
"M2012_25178_13_15123_170000015248","PE","25178","VEREADOR","2012","outro","tce"
"M2012_25178_13_40000_170000015061","PE","25178","VEREADOR","2012","fim_regular","tce"
"M2012_25178_13_65000_170000015067","PE","25178","VEREADOR","2012","fim_regular","tce"
"M2012_25178_13_17147_170000015255","PE","25178","VEREADOR","2012","fim_regular","tce"
"M2016_25178_13_55555_170000005972","PE","25178","VEREADOR","2016","outro","tce"
"M2016_25178_13_25555_170000005758","PE","25178","VEREADOR","2016","fim_regular","tce"
"M2016_25178_13_70123_170000005763","PE","25178","VEREADOR","2016","fim_regular","tce"
"M2016_25178_13_10123_170000007440","PE","25178","VEREADOR","2016","fim_regular","tce"
"M2016_25178_13_10222_170000007438","PE","25178","VEREADOR","2016","fim_regular","tce"
"M2016_25178_13_10789_170000007441","PE","25178","VEREADOR","2016","fim_regular","tce"
"M2016_25178_13_44440_170000006252","PE","25178","VEREADOR","2016","fim_regular","tce"
"M2020_25178_13_10000_170001059009","PE","25178","VEREADOR","2020","fim_regular","tce"
"M2020_25178_13_25555_170001060508","PE","25178","VEREADOR","2020","fim_regular","tce"
"M2020_25178_13_45123_170001061892","PE","25178","VEREADOR","2020","fim_regular","tce"
"M2020_25178_13_51222_170001072674","PE","25178","VEREADOR","2020","fim_regular","tce"
"M2020_25178_13_10555_170001059010","PE","25178","VEREADOR","2020","fim_regular","tce"
"M2020_25178_13_14122_170001087219","PE","25178","VEREADOR","2020","fim_regular","tce"
"M2020_25178_13_36036_170001060663","PE","25178","VEREADOR","2020","fim_regular","tce"
"M2020_25178_13_36666_170001060671","PE","25178","VEREADOR","2020","fim_regular","tce"
"M2020_25178_13_45222_170001061901","PE","25178","VEREADOR","2020","fim_regular","tce"
"M2020_25178_13_25111_170001060511","PE","25178","VEREADOR","2020","fim_regular","tce"
"M2004_25194_13_14500_41","PE","25194","VEREADOR","2004","outro","tce"
"M2008_25194_13_10000_5014","PE","25194","VEREADOR","2008","outro","tce"
"M2008_25194_13_22345_6571","PE","25194","VEREADOR","2008","outro","tce"
"M2008_25194_13_23608_6575","PE","25194","VEREADOR","2008","outro","tce"
"M2008_25194_13_22222_6564","PE","25194","VEREADOR","2008","outro","tce"
"M2012_25194_13_23609_170000002254","PE","25194","VEREADOR","2012","outro","tce"
"M2012_25194_13_10222_170000002062","PE","25194","VEREADOR","2012","outro","tce"
"M2012_25194_13_17000_170000014311","PE","25194","VEREADOR","2012","outro","tce"
"M2016_25194_13_43333_170000018560","PE","25194","VEREADOR","2016","outro","tce"
"M2016_25194_13_27123_170000009917","PE","25194","VEREADOR","2016","fim_regular","tce"
"M2016_25194_13_40555_170000018550","PE","25194","VEREADOR","2016","fim_regular","tce"
"M2016_25194_13_55777_170000007195","PE","25194","VEREADOR","2016","fim_regular","tce"
"M2016_25194_13_65555_170000009906","PE","25194","VEREADOR","2016","fim_regular","tce"
"M2016_25194_13_77123_170000019317","PE","25194","VEREADOR","2016","fim_regular","tce"
"M2020_25194_13_40000_170000966494","PE","25194","VEREADOR","2020","fim_regular","tce"
"M2024_25194_13_40777_170001883452","PE","25194","VEREADOR","2024","outro","tce"
"M2008_25216_13_28650_1286","PE","25216","VEREADOR","2008","outro","tce"
"M2012_25216_13_12345_170000017653","PE","25216","VEREADOR","2012","outro","tce"
"M2012_25216_13_13600_170000015185","PE","25216","VEREADOR","2012","outro","tce"
"M2012_25216_13_15000_170000004723","PE","25216","VEREADOR","2012","outro","tce"
"M2012_25216_13_15777_170000004704","PE","25216","VEREADOR","2012","outro","tce"
"M2012_25216_13_17040_170000004211","PE","25216","VEREADOR","2012","outro","tce"
"M2012_25216_13_17222_170000004234","PE","25216","VEREADOR","2012","outro","tce"
"M2012_25216_13_17700_170000004203","PE","25216","VEREADOR","2012","outro","tce"
"M2016_25216_13_14789_170000003603","PE","25216","VEREADOR","2016","fim_regular","tce"
"M2016_25216_13_12345_170000004933","PE","25216","VEREADOR","2016","outro","tce"
"M2016_25216_13_28000_170000004946","PE","25216","VEREADOR","2016","outro","tce"
"M2016_25216_13_17888_170000004165","PE","25216","VEREADOR","2016","outro","tce"
"M2016_25216_13_22333_170000002666","PE","25216","VEREADOR","2016","fim_regular","tce"
"M2016_25216_13_45123_170000004896","PE","25216","VEREADOR","2016","outro","tce"
"M2016_25216_13_15555_170000002473","PE","25216","VEREADOR","2016","fim_regular","tce"
"M2016_25216_13_40613_170000004926","PE","25216","VEREADOR","2016","outro","tce"
"M2020_25216_13_19999_170000690226","PE","25216","VEREADOR","2020","fim_regular","tce"
"M2020_25216_13_25000_170000824938","PE","25216","VEREADOR","2020","fim_regular","tce"
"M2020_25216_13_55055_170000690168","PE","25216","VEREADOR","2020","fim_regular","tce"
"M2012_25232_13_40000_170000003892","PE","25232","VEREADOR","2012","fim_regular","tce"
"M2012_25232_13_55333_170000017572","PE","25232","VEREADOR","2012","fim_regular","tce"
"M2012_25232_13_45555_170000017567","PE","25232","VEREADOR","2012","fim_regular","tce"
"M2012_25232_13_10000_170000003903","PE","25232","VEREADOR","2012","fim_regular","tce"
"M2012_25232_13_13333_170000003894","PE","25232","VEREADOR","2012","fim_regular","tce"
"M2012_25232_13_31111_170000011450","PE","25232","VEREADOR","2012","fim_regular","tce"
"M2012_25232_13_44111_170000011448","PE","25232","VEREADOR","2012","fim_regular","tce"
"M2012_25232_13_70123_170000003901","PE","25232","VEREADOR","2012","fim_regular","tce"
"M2012_25232_13_55555_170000017570","PE","25232","VEREADOR","2012","fim_regular","tce"
"M2016_25232_13_55555_170000007053","PE","25232","VEREADOR","2016","fim_regular","tce"
"M2016_25232_13_10000_170000019407","PE","25232","VEREADOR","2016","fim_regular","tce"
"M2016_25232_13_90000_170000019405","PE","25232","VEREADOR","2016","fim_regular","tce"
"M2016_25232_13_15000_170000019409","PE","25232","VEREADOR","2016","fim_regular","tce"
"M2016_25232_13_15123_170000019411","PE","25232","VEREADOR","2016","fim_regular","tce"
"M2016_25232_13_40000_170000007046","PE","25232","VEREADOR","2016","fim_regular","tce"
"M2016_25232_13_40123_170000007049","PE","25232","VEREADOR","2016","fim_regular","tce"
"M2016_25232_13_70000_170000019410","PE","25232","VEREADOR","2016","fim_regular","tce"
"M2020_25232_13_15666_170000769578","PE","25232","VEREADOR","2020","fim_regular","tce"
"M2020_25232_13_10000_170000769626","PE","25232","VEREADOR","2020","fim_regular","tce"
"M2020_25232_13_15000_170000769579","PE","25232","VEREADOR","2020","fim_regular","tce"
"M2020_25232_13_15111_170000769581","PE","25232","VEREADOR","2020","fim_regular","tce"
"M2020_25232_13_10444_170000769623","PE","25232","VEREADOR","2020","fim_regular","tce"
"M2020_25232_13_15888_170000769580","PE","25232","VEREADOR","2020","fim_regular","tce"
"M2020_25232_13_45444_170000770334","PE","25232","VEREADOR","2020","fim_regular","tce"
"M2020_25232_13_45888_170000770332","PE","25232","VEREADOR","2020","fim_regular","tce"
"M2020_25232_13_45111_170000770340","PE","25232","VEREADOR","2020","outro","tce"
"M2012_25259_13_22122_170000001001","PE","25259","VEREADOR","2012","fim_regular","tce"
"M2012_25259_13_33633_170000009321","PE","25259","VEREADOR","2012","fim_regular","tce"
"M2012_25259_13_10222_170000000991","PE","25259","VEREADOR","2012","fim_regular","tce"
"M2012_25259_13_12111_170000017165","PE","25259","VEREADOR","2012","fim_regular","tce"
"M2012_25259_13_17123_170000000095","PE","25259","VEREADOR","2012","fim_regular","tce"
"M2012_25259_13_22333_170000000999","PE","25259","VEREADOR","2012","fim_regular","tce"
"M2012_25259_13_36123_170000017152","PE","25259","VEREADOR","2012","fim_regular","tce"
"M2012_25259_13_45678_170000009320","PE","25259","VEREADOR","2012","fim_regular","tce"
"M2012_25259_13_22222_170000000995","PE","25259","VEREADOR","2012","fim_regular","tce"
"M2016_25259_13_15678_170000010000","PE","25259","VEREADOR","2016","fim_regular","tce"
"M2016_25259_13_15633_170000010015","PE","25259","VEREADOR","2016","fim_regular","tce"
"M2016_25259_13_10222_170000004055","PE","25259","VEREADOR","2016","fim_regular","tce"
"M2016_25259_13_36123_170000003488","PE","25259","VEREADOR","2016","fim_regular","tce"
"M2016_25259_13_15999_170000010012","PE","25259","VEREADOR","2016","fim_regular","tce"
"M2016_25259_13_17777_170000003489","PE","25259","VEREADOR","2016","fim_regular","tce"
"M2016_25259_13_43000_170000003520","PE","25259","VEREADOR","2016","fim_regular","tce"
"M2016_25259_13_45555_170000010011","PE","25259","VEREADOR","2016","fim_regular","tce"
"M2016_25259_13_45635_170000009999","PE","25259","VEREADOR","2016","fim_regular","tce"
"M2016_25259_13_55555_170000004047","PE","25259","VEREADOR","2016","fim_regular","tce"
"M2016_25259_13_14123_170000003487","PE","25259","VEREADOR","2016","fim_regular","tce"
"M2020_25259_13_40999_170000890859","PE","25259","VEREADOR","2020","fim_regular","tce"
"M2020_25259_13_55555_170001133994","PE","25259","VEREADOR","2020","fim_regular","tce"
"M2020_25259_13_17123_170000784588","PE","25259","VEREADOR","2020","fim_regular","tce"
"M2020_25259_13_20120_170000690364","PE","25259","VEREADOR","2020","fim_regular","tce"
"M2012_25275_13_55555_170000008752","PE","25275","VEREADOR","2012","fim_regular","tce"
"M2012_25275_13_25123_170000004622","PE","25275","VEREADOR","2012","fim_regular","tce"
"M2012_25275_13_17777_170000011652","PE","25275","VEREADOR","2012","fim_regular","tce"
"M2012_25275_13_17333_170000011662","PE","25275","VEREADOR","2012","fim_regular","tce"
"M2012_25275_13_22222_170000010785","PE","25275","VEREADOR","2012","fim_regular","tce"
"M2012_25275_13_28111_170000004625","PE","25275","VEREADOR","2012","fim_regular","tce"
"M2012_25275_13_40000_170000008750","PE","25275","VEREADOR","2012","fim_regular","tce"
"M2012_25275_13_20123_170000005226","PE","25275","VEREADOR","2012","fim_regular","tce"
"M2012_25275_13_22111_170000010793","PE","25275","VEREADOR","2012","fim_regular","tce"
"M2016_25275_13_55555_170000019465","PE","25275","VEREADOR","2016","fim_regular","tce"
"M2016_25275_13_12345_170000018694","PE","25275","VEREADOR","2016","fim_regular","tce"
"M2016_25275_13_33222_170000018492","PE","25275","VEREADOR","2016","fim_regular","tce"
"M2016_25275_13_77333_170000019494","PE","25275","VEREADOR","2016","fim_regular","tce"
"M2020_25275_13_40555_170001050182","PE","25275","VEREADOR","2020","outro","tce"
"M2012_25291_13_13333_170000003874","PE","25291","VEREADOR","2012","fim_regular","tce"
"M2012_25291_13_55000_170000000950","PE","25291","VEREADOR","2012","fim_regular","tce"
"M2012_25291_13_45555_170000000961","PE","25291","VEREADOR","2012","fim_regular","tce"
"M2012_25291_13_10000_170000002616","PE","25291","VEREADOR","2012","fim_regular","tce"
"M2012_25291_13_15555_170000000563","PE","25291","VEREADOR","2012","fim_regular","tce"
"M2012_25291_13_19999_170000002607","PE","25291","VEREADOR","2012","fim_regular","tce"
"M2012_25291_13_40000_170000003876","PE","25291","VEREADOR","2012","fim_regular","tce"
"M2012_25291_13_45678_170000020524","PE","25291","VEREADOR","2012","fim_regular","tce"
"M2012_25291_13_40555_170000003869","PE","25291","VEREADOR","2012","fim_regular","tce"
"M2012_25291_13_55555_170000000957","PE","25291","VEREADOR","2012","fim_regular","tce"
"M2016_25291_13_45555_170000019121","PE","25291","VEREADOR","2016","fim_regular","tce"
"M2016_25291_13_77777_170000018445","PE","25291","VEREADOR","2016","fim_regular","tce"
"M2016_25291_13_40000_170000018448","PE","25291","VEREADOR","2016","fim_regular","tce"
"M2016_25291_13_45678_170000019111","PE","25291","VEREADOR","2016","fim_regular","tce"
"M2016_25291_13_11111_170000018447","PE","25291","VEREADOR","2016","fim_regular","tce"
"M2016_25291_13_55123_170000005472","PE","25291","VEREADOR","2016","fim_regular","tce"
"M2016_25291_13_55222_170000005487","PE","25291","VEREADOR","2016","fim_regular","tce"
"M2016_25291_13_55888_170000005471","PE","25291","VEREADOR","2016","fim_regular","tce"
"M2016_25291_13_40555_170000018455","PE","25291","VEREADOR","2016","fim_regular","tce"
"M2016_25291_13_44444_170000019124","PE","25291","VEREADOR","2016","fim_regular","tce"
"M2020_25291_13_11555_170000950696","PE","25291","VEREADOR","2020","fim_regular","tce"
"M2020_25291_13_40555_170001204429","PE","25291","VEREADOR","2020","fim_regular","tce"
"M2020_25291_13_11000_170000950695","PE","25291","VEREADOR","2020","fim_regular","tce"
"M2020_25291_13_40000_170001204427","PE","25291","VEREADOR","2020","fim_regular","tce"
"M2020_25291_13_11111_170000950697","PE","25291","VEREADOR","2020","fim_regular","tce"
"M2020_25291_13_11222_170000950694","PE","25291","VEREADOR","2020","fim_regular","tce"
"M2020_25291_13_20000_170001184175","PE","25291","VEREADOR","2020","fim_regular","tce"
"M2020_25291_13_25000_170000950434","PE","25291","VEREADOR","2020","fim_regular","tce"
"M2020_25291_13_40111_170001204428","PE","25291","VEREADOR","2020","fim_regular","tce"
"M2012_25330_13_45666_170000002039","PE","25330","VEREADOR","2012","fim_regular","tce"
"M2012_25330_13_22333_170000015132","PE","25330","VEREADOR","2012","outro","tce"
"M2012_25330_13_45555_170000002035","PE","25330","VEREADOR","2012","fim_regular","tce"
"M2012_25330_13_11111_170000002043","PE","25330","VEREADOR","2012","fim_regular","tce"
"M2012_25330_13_13111_170000002124","PE","25330","VEREADOR","2012","fim_regular","tce"
"M2012_25330_13_25123_170000002040","PE","25330","VEREADOR","2012","fim_regular","tce"
"M2012_25330_13_40123_170000015114","PE","25330","VEREADOR","2012","fim_regular","tce"
"M2012_25330_13_40555_170000015122","PE","25330","VEREADOR","2012","fim_regular","tce"
"M2020_25372_13_51678_170000981198","PE","25372","VEREADOR","2020","fim_regular","tce"
"M2020_25372_13_55333_170000982756","PE","25372","VEREADOR","2020","fim_regular","tce"
"M2020_25372_13_40789_170000941908","PE","25372","VEREADOR","2020","fim_regular","tce"
"M2024_25372_13_45222_170002147113","PE","25372","VEREADOR","2024","outro","tce"
"M2024_25372_13_11211_170001966639","PE","25372","VEREADOR","2024","outro","tce"
"M2024_25372_13_40999_170002040786","PE","25372","VEREADOR","2024","outro","tce"
"M2024_25372_13_45645_170002147116","PE","25372","VEREADOR","2024","outro","tce"
"M2024_25372_13_45666_170002147120","PE","25372","VEREADOR","2024","outro","tce"
"M2012_25399_13_13444_170000001282","PE","25399","VEREADOR","2012","fim_regular","tce"
"M2012_25399_13_40111_170000000004","PE","25399","VEREADOR","2012","fim_regular","tce"
"M2012_25399_13_12222_170000000009","PE","25399","VEREADOR","2012","fim_regular","tce"
"M2016_25399_13_12125_170000007723","PE","25399","VEREADOR","2016","fim_regular","tce"
"M2016_25399_13_22000_170000007726","PE","25399","VEREADOR","2016","fim_regular","tce"
"M2016_25399_13_40123_170000007729","PE","25399","VEREADOR","2016","fim_regular","tce"
"M2020_25399_13_10000_170000787010","PE","25399","VEREADOR","2020","fim_regular","tce"
"M2020_25399_13_22555_170000727516","PE","25399","VEREADOR","2020","fim_regular","tce"
"M2020_25399_13_22222_170000727521","PE","25399","VEREADOR","2020","fim_regular","tce"
"M2020_25399_13_40111_170000786771","PE","25399","VEREADOR","2020","fim_regular","tce"
"M2020_25399_13_40125_170000786767","PE","25399","VEREADOR","2020","fim_regular","tce"
"M2020_25399_13_40123_170000786766","PE","25399","VEREADOR","2020","fim_regular","tce"
"M2020_25399_13_22444_170000727515","PE","25399","VEREADOR","2020","fim_regular","tce"
"M2020_25399_13_22777_170000727520","PE","25399","VEREADOR","2020","fim_regular","tce"
"M2020_25399_13_40222_170000786770","PE","25399","VEREADOR","2020","fim_regular","tce"
"M2012_25410_13_15666_170000016505","PE","25410","VEREADOR","2012","fim_regular","tce"
"M2012_25410_13_20000_170000016499","PE","25410","VEREADOR","2012","fim_regular","tce"
"M2012_25410_13_22222_170000017355","PE","25410","VEREADOR","2012","outro","tce"
"M2020_25410_13_70222_170000919154","PE","25410","VEREADOR","2020","fim_regular","tce"
"M2012_25437_13_15999_170000005789","PE","25437","VEREADOR","2012","fim_regular","tce"
"M2012_25437_13_19222_170000001829","PE","25437","VEREADOR","2012","fim_regular","tce"
"M2016_25453_13_10000_170000015369","PE","25453","VEREADOR","2016","fim_regular","tce"
"M2016_25453_13_14444_170000016527","PE","25453","VEREADOR","2016","fim_regular","tce"
"M2016_25453_13_15123_170000015358","PE","25453","VEREADOR","2016","outro","tce"
"M2016_25453_13_45123_170000015353","PE","25453","VEREADOR","2016","fim_regular","tce"
"M2016_25453_13_11444_170000014258","PE","25453","VEREADOR","2016","outro","tce"
"M2016_25453_13_15000_170000015366","PE","25453","VEREADOR","2016","outro","tce"
"M2016_25453_13_15600_170000015354","PE","25453","VEREADOR","2016","outro","tce"
"M2016_25453_13_15678_170000015367","PE","25453","VEREADOR","2016","outro","tce"
"M2016_25453_13_15789_170000015350","PE","25453","VEREADOR","2016","outro","tce"
"M2016_25453_13_28000_170000016535","PE","25453","VEREADOR","2016","outro","tce"
"M2020_25453_13_40000_170000784731","PE","25453","VEREADOR","2020","falecimento","tce"
"M2020_25453_13_10789_170000974046","PE","25453","VEREADOR","2020","fim_regular","tce"
"M2020_25453_13_40444_170000784732","PE","25453","VEREADOR","2020","fim_regular","tce"
"M2020_25453_13_15123_170000769715","PE","25453","VEREADOR","2020","fim_regular","tce"
"M2020_25453_13_40123_170000784734","PE","25453","VEREADOR","2020","fim_regular","tce"
"M2020_25453_13_10000_170000974041","PE","25453","VEREADOR","2020","fim_regular","tce"
"M2020_25453_13_15000_170000769712","PE","25453","VEREADOR","2020","fim_regular","tce"
"M2020_25453_13_15600_170000769706","PE","25453","VEREADOR","2020","fim_regular","tce"
"M2020_25453_13_15222_170000769711","PE","25453","VEREADOR","2020","fim_regular","tce"
"M2020_25453_13_15666_170000769709","PE","25453","VEREADOR","2020","fim_regular","tce"
"M2020_25453_13_40888_170000784733","PE","25453","VEREADOR","2020","fim_regular","tce"
"M2012_25470_13_14444_170000004615","PE","25470","VEREADOR","2012","outro","tce"
"M2012_25470_13_65111_170000004602","PE","25470","VEREADOR","2012","outro","tce"
"M2012_25470_13_55555_170000016524","PE","25470","VEREADOR","2012","outro","tce"
"M2012_25470_13_65444_170000004605","PE","25470","VEREADOR","2012","outro","tce"
"M2012_25470_13_65555_170000004597","PE","25470","VEREADOR","2012","outro","tce"
"M2012_25470_13_22222_170000016528","PE","25470","VEREADOR","2012","outro","tce"
"M2012_25470_13_54111_170000004600","PE","25470","VEREADOR","2012","outro","tce"
"M2012_25470_13_33333_170000016532","PE","25470","VEREADOR","2012","outro","tce"
"M2012_25470_13_65666_170000004617","PE","25470","VEREADOR","2012","outro","tce"
"M2020_25470_13_40000_170001061305","PE","25470","VEREADOR","2020","fim_regular","tce"
"M2020_25470_13_40111_170001061299","PE","25470","VEREADOR","2020","fim_regular","tce"
"M2020_25470_13_65555_170000805335","PE","25470","VEREADOR","2020","fim_regular","tce"
"M2020_25470_13_65111_170000805330","PE","25470","VEREADOR","2020","fim_regular","tce"
"M2020_25470_13_40123_170001061303","PE","25470","VEREADOR","2020","fim_regular","tce"
"M2020_25470_13_40444_170001061307","PE","25470","VEREADOR","2020","fim_regular","tce"
"M2020_25470_13_13888_170000859266","PE","25470","VEREADOR","2020","fim_regular","tce"
"M2020_25470_13_40999_170001061300","PE","25470","VEREADOR","2020","fim_regular","tce"
"M2020_25470_13_65192_170000805339","PE","25470","VEREADOR","2020","fim_regular","tce"
"M2020_25470_13_65333_170000805333","PE","25470","VEREADOR","2020","fim_regular","tce"
"M2012_25496_13_22123_170000015458","PE","25496","VEREADOR","2012","fim_regular","tce"
"M2012_25496_13_40100_170000015427","PE","25496","VEREADOR","2012","fim_regular","tce"
"M2012_25496_13_45111_170000015424","PE","25496","VEREADOR","2012","fim_regular","tce"
"M2012_25496_13_45555_170000015421","PE","25496","VEREADOR","2012","fim_regular","tce"
"M2012_25496_13_14567_170000012049","PE","25496","VEREADOR","2012","fim_regular","tce"
"M2016_25496_13_40258_170000014584","PE","25496","VEREADOR","2016","fim_regular","tce"
"M2016_25496_13_45045_170000014574","PE","25496","VEREADOR","2016","outro","tce"
"M2016_25496_13_19456_170000015084","PE","25496","VEREADOR","2016","fim_regular","tce"
"M2016_25496_13_55456_170000014546","PE","25496","VEREADOR","2016","fim_regular","tce"
"M2016_25496_13_77123_170000014533","PE","25496","VEREADOR","2016","fim_regular","tce"
"M2012_25518_13_11111_170000011996","PE","25518","VEREADOR","2012","fim_regular","tce"
"M2012_25518_13_13444_170000002108","PE","25518","VEREADOR","2012","fim_regular","tce"
"M2012_25518_13_14333_170000008561","PE","25518","VEREADOR","2012","fim_regular","tce"
"M2012_25518_13_14555_170000008555","PE","25518","VEREADOR","2012","fim_regular","tce"
"M2012_25518_13_15555_170000010008","PE","25518","VEREADOR","2012","fim_regular","tce"
"M2012_25518_13_40555_170000012004","PE","25518","VEREADOR","2012","fim_regular","tce"
"M2012_25518_13_43123_170000009822","PE","25518","VEREADOR","2012","fim_regular","tce"
"M2012_25518_13_14111_170000008552","PE","25518","VEREADOR","2012","fim_regular","tce"
"M2016_25518_13_14444_170000017519","PE","25518","VEREADOR","2016","fim_regular","tce"
"M2016_25518_13_15555_170000015626","PE","25518","VEREADOR","2016","outro","tce"
"M2016_25518_13_12222_170000014177","PE","25518","VEREADOR","2016","fim_regular","tce"
"M2016_25518_13_12333_170000014165","PE","25518","VEREADOR","2016","fim_regular","tce"
"M2016_25518_13_12345_170000014167","PE","25518","VEREADOR","2016","fim_regular","tce"
"M2016_25518_13_13555_170000017424","PE","25518","VEREADOR","2016","fim_regular","tce"
"M2016_25518_13_17000_170000015630","PE","25518","VEREADOR","2016","fim_regular","tce"
"M2016_25518_13_20000_170000018572","PE","25518","VEREADOR","2016","fim_regular","tce"
"M2016_25518_13_40130_170000018801","PE","25518","VEREADOR","2016","fim_regular","tce"
"M2016_25518_13_40333_170000018804","PE","25518","VEREADOR","2016","fim_regular","tce"
"M2016_25518_13_55111_170000015633","PE","25518","VEREADOR","2016","fim_regular","tce"
"M2020_25518_13_13000_170001134933","PE","25518","VEREADOR","2020","fim_regular","tce"
"M2020_25518_13_40111_170001136485","PE","25518","VEREADOR","2020","fim_regular","tce"
"M2020_25518_13_11888_170001134188","PE","25518","VEREADOR","2020","fim_regular","tce"
"M2020_25518_13_13113_170001134931","PE","25518","VEREADOR","2020","fim_regular","tce"
"M2020_25518_13_15000_170000807528","PE","25518","VEREADOR","2020","fim_regular","tce"
"M2020_25518_13_40000_170001136488","PE","25518","VEREADOR","2020","fim_regular","tce"
"M2020_25518_13_77000_170001137174","PE","25518","VEREADOR","2020","fim_regular","tce"
"M2012_25534_13_45000_170000007112","PE","25534","VEREADOR","2012","fim_regular","tce"
"M2016_25534_13_12555_170000016932","PE","25534","VEREADOR","2016","fim_regular","tce"
"M2016_25534_13_44100_170000016691","PE","25534","VEREADOR","2016","fim_regular","tce"
"M2012_25550_13_14789_170000006938","PE","25550","VEREADOR","2012","fim_regular","tce"
"M2012_25550_13_22000_170000006935","PE","25550","VEREADOR","2012","fim_regular","tce"
"M2012_25550_13_15000_170000002498","PE","25550","VEREADOR","2012","outro","tce"
"M2012_25550_13_14644_170000006933","PE","25550","VEREADOR","2012","fim_regular","tce"
"M2012_25550_13_22123_170000006937","PE","25550","VEREADOR","2012","fim_regular","tce"
"M2016_25550_13_10123_170000011341","PE","25550","VEREADOR","2016","fim_regular","tce"
"M2016_25550_13_15222_170000007124","PE","25550","VEREADOR","2016","fim_regular","tce"
"M2020_25550_13_19199_170000740480","PE","25550","VEREADOR","2020","fim_regular","tce"
"M2020_25550_13_19456_170000740472","PE","25550","VEREADOR","2020","fim_regular","tce"
"M2020_25550_13_70644_170000850636","PE","25550","VEREADOR","2020","fim_regular","tce"
"M2012_25577_13_55555_170000001550","PE","25577","VEREADOR","2012","fim_regular","tce"
"M2012_25577_13_22123_170000000462","PE","25577","VEREADOR","2012","fim_regular","tce"
"M2012_25577_13_13333_170000000469","PE","25577","VEREADOR","2012","fim_regular","tce"
"M2012_25577_13_14123_170000000509","PE","25577","VEREADOR","2012","fim_regular","tce"
"M2012_25577_13_14444_170000000515","PE","25577","VEREADOR","2012","fim_regular","tce"
"M2012_25577_13_15140_170000001547","PE","25577","VEREADOR","2012","fim_regular","tce"
"M2012_25577_13_15777_170000001561","PE","25577","VEREADOR","2012","fim_regular","tce"
"M2012_25577_13_40444_170000000514","PE","25577","VEREADOR","2012","fim_regular","tce"
"M2012_25577_13_22111_170000000461","PE","25577","VEREADOR","2012","fim_regular","tce"
"M2016_25577_13_15555_170000015852","PE","25577","VEREADOR","2016","fim_regular","tce"
"M2016_25577_13_22123_170000004186","PE","25577","VEREADOR","2016","falecimento","tce"
"M2016_25577_13_40000_170000015848","PE","25577","VEREADOR","2016","fim_regular","tce"
"M2016_25577_13_22222_170000004187","PE","25577","VEREADOR","2016","outro","tce"
"M2016_25577_13_40444_170000015844","PE","25577","VEREADOR","2016","fim_regular","tce"
"M2016_25577_13_10000_170000004230","PE","25577","VEREADOR","2016","fim_regular","tce"
"M2016_25577_13_44000_170000004190","PE","25577","VEREADOR","2016","fim_regular","tce"
"M2016_25577_13_44103_170000004191","PE","25577","VEREADOR","2016","fim_regular","tce"
"M2016_25577_13_44444_170000004197","PE","25577","VEREADOR","2016","fim_regular","tce"
"M2012_25593_13_22222_170000004257","PE","25593","VEREADOR","2012","fim_regular","tce"
"M2012_25593_13_10000_170000000497","PE","25593","VEREADOR","2012","fim_regular","tce"
"M2012_25593_13_10444_170000000506","PE","25593","VEREADOR","2012","fim_regular","tce"
"M2012_25593_13_11111_170000004369","PE","25593","VEREADOR","2012","fim_regular","tce"
"M2012_25593_13_13000_170000000452","PE","25593","VEREADOR","2012","fim_regular","tce"
"M2012_25593_13_13111_170000000455","PE","25593","VEREADOR","2012","fim_regular","tce"
"M2012_25593_13_22022_170000004255","PE","25593","VEREADOR","2012","fim_regular","tce"
"M2012_25593_13_65123_170000000822","PE","25593","VEREADOR","2012","fim_regular","tce"
"M2012_25593_13_65888_170000000817","PE","25593","VEREADOR","2012","fim_regular","tce"
"M2016_25593_13_12789_170000003371","PE","25593","VEREADOR","2016","fim_regular","tce"
"M2016_25593_13_40111_170000003369","PE","25593","VEREADOR","2016","fim_regular","tce"
"M2016_25593_13_45777_170000003367","PE","25593","VEREADOR","2016","fim_regular","tce"
"M2016_25593_13_55555_170000003372","PE","25593","VEREADOR","2016","fim_regular","tce"
"M2016_25593_13_10444_170000003380","PE","25593","VEREADOR","2016","fim_regular","tce"
"M2016_25593_13_14789_170000006864","PE","25593","VEREADOR","2016","fim_regular","tce"
"M2016_25593_13_14123_170000006863","PE","25593","VEREADOR","2016","fim_regular","tce"
"M2016_25593_13_65888_170000006878","PE","25593","VEREADOR","2016","fim_regular","tce"
"M2016_25593_13_10111_170000003382","PE","25593","VEREADOR","2016","fim_regular","tce"
"M2016_25593_13_10123_170000003374","PE","25593","VEREADOR","2016","fim_regular","tce"
"M2016_25593_13_19444_170000006870","PE","25593","VEREADOR","2016","fim_regular","tce"
"M2016_25593_13_36000_170000003301","PE","25593","VEREADOR","2016","fim_regular","tce"
"M2016_25593_13_36123_170000003311","PE","25593","VEREADOR","2016","fim_regular","tce"
"M2016_25593_13_36333_170000003314","PE","25593","VEREADOR","2016","fim_regular","tce"
"M2016_25593_13_65124_170000006880","PE","25593","VEREADOR","2016","fim_regular","tce"
"M2020_25593_13_15789_170001136592","PE","25593","VEREADOR","2020","fim_regular","tce"
"M2020_25593_13_40111_170001134896","PE","25593","VEREADOR","2020","fim_regular","tce"
"M2020_25593_13_40777_170001134904","PE","25593","VEREADOR","2020","fim_regular","tce"
"M2020_25593_13_15444_170001136603","PE","25593","VEREADOR","2020","fim_regular","tce"
"M2020_25593_13_40123_170001134905","PE","25593","VEREADOR","2020","fim_regular","tce"
"M2020_25593_13_15123_170001136595","PE","25593","VEREADOR","2020","fim_regular","tce"
"M2020_25593_13_65888_170000870303","PE","25593","VEREADOR","2020","fim_regular","tce"
"M2020_25593_13_40456_170001134900","PE","25593","VEREADOR","2020","fim_regular","tce"
"M2020_25593_13_40000_170001134892","PE","25593","VEREADOR","2020","fim_regular","tce"
"M2020_25593_13_12000_170001137604","PE","25593","VEREADOR","2020","fim_regular","tce"
"M2020_25593_13_12124_170001137616","PE","25593","VEREADOR","2020","fim_regular","tce"
"M2020_25593_13_12345_170001137601","PE","25593","VEREADOR","2020","fim_regular","tce"
"M2020_25593_13_65111_170000870299","PE","25593","VEREADOR","2020","fim_regular","tce"
"M2020_25593_13_65234_170000870291","PE","25593","VEREADOR","2020","fim_regular","tce"
"M2020_25593_13_11111_170001138011","PE","25593","VEREADOR","2020","fim_regular","tce"
"M2012_25615_13_11000_170000004460","PE","25615","VEREADOR","2012","fim_regular","tce"
"M2012_25615_13_13444_170000009757","PE","25615","VEREADOR","2012","fim_regular","tce"
"M2012_25615_13_14777_170000010254","PE","25615","VEREADOR","2012","fim_regular","tce"
"M2012_25615_13_20111_170000010248","PE","25615","VEREADOR","2012","fim_regular","tce"
"M2012_25615_13_40222_170000009754","PE","25615","VEREADOR","2012","fim_regular","tce"
"M2012_25615_13_44444_170000003810","PE","25615","VEREADOR","2012","fim_regular","tce"
"M2012_25615_13_65555_170000010243","PE","25615","VEREADOR","2012","fim_regular","tce"
"M2012_25631_13_14555_170000014990","PE","25631","VEREADOR","2012","fim_regular","tce"
"M2012_25631_13_44444_170000014987","PE","25631","VEREADOR","2012","fim_regular","tce"
"M2012_25631_13_55555_170000008080","PE","25631","VEREADOR","2012","fim_regular","tce"
"M2012_25631_13_11111_170000005889","PE","25631","VEREADOR","2012","fim_regular","tce"
"M2012_25631_13_13456_170000014986","PE","25631","VEREADOR","2012","fim_regular","tce"
"M2012_25631_13_14444_170000014981","PE","25631","VEREADOR","2012","fim_regular","tce"
"M2012_25631_13_65555_170000014988","PE","25631","VEREADOR","2012","fim_regular","tce"
"M2012_25631_13_14000_170000014983","PE","25631","VEREADOR","2012","fim_regular","tce"
"M2012_25631_13_40000_170000014984","PE","25631","VEREADOR","2012","fim_regular","tce"
"M2016_25631_13_12555_170000018416","PE","25631","VEREADOR","2016","fim_regular","tce"
"M2016_25631_13_55555_170000008269","PE","25631","VEREADOR","2016","fim_regular","tce"
"M2016_25631_13_11111_170000018430","PE","25631","VEREADOR","2016","fim_regular","tce"
"M2016_25631_13_23333_170000008268","PE","25631","VEREADOR","2016","fim_regular","tce"
"M2016_25631_13_12222_170000018419","PE","25631","VEREADOR","2016","fim_regular","tce"
"M2016_25631_13_12000_170000018425","PE","25631","VEREADOR","2016","fim_regular","tce"
"M2016_25631_13_20000_170000008280","PE","25631","VEREADOR","2016","fim_regular","tce"
"M2016_25631_13_55444_170000008272","PE","25631","VEREADOR","2016","fim_regular","tce"
"M2016_25631_13_65123_170000008270","PE","25631","VEREADOR","2016","fim_regular","tce"
"M2016_25631_13_65222_170000008276","PE","25631","VEREADOR","2016","fim_regular","tce"
"M2020_25631_13_10000_170000794559","PE","25631","VEREADOR","2020","fim_regular","tce"
"M2020_25631_13_40000_170000828155","PE","25631","VEREADOR","2020","outro","tce"
"M2020_25631_13_10555_170000794561","PE","25631","VEREADOR","2020","outro","tce"
"M2020_25631_13_11777_170000800102","PE","25631","VEREADOR","2020","fim_regular","tce"
"M2020_25631_13_55123_170000802160","PE","25631","VEREADOR","2020","fim_regular","tce"
"M2020_25631_13_55888_170000802161","PE","25631","VEREADOR","2020","fim_regular","tce"
"M2016_25658_13_15615_170000004638","PE","25658","VEREADOR","2016","fim_regular","tce"
"M2016_25658_13_12345_170000007796","PE","25658","VEREADOR","2016","falecimento","tce"
"M2016_25658_13_11111_170000007800","PE","25658","VEREADOR","2016","fim_regular","tce"
"M2016_25658_13_19999_170000007806","PE","25658","VEREADOR","2016","fim_regular","tce"
"M2016_25658_13_22222_170000005785","PE","25658","VEREADOR","2016","fim_regular","tce"
"M2016_25658_13_25690_170000007799","PE","25658","VEREADOR","2016","fim_regular","tce"
"M2016_25658_13_36456_170000005777","PE","25658","VEREADOR","2016","fim_regular","tce"
"M2016_25658_13_40000_170000004628","PE","25658","VEREADOR","2016","fim_regular","tce"
"M2016_25658_13_45111_170000004631","PE","25658","VEREADOR","2016","fim_regular","tce"
"M2016_25658_13_55777_170000004637","PE","25658","VEREADOR","2016","fim_regular","tce"
"M2020_25658_13_40000_170000871414","PE","25658","VEREADOR","2020","fim_regular","tce"
"M2020_25658_13_45456_170000725121","PE","25658","VEREADOR","2020","fim_regular","tce"
"M2020_25658_13_45000_170000725115","PE","25658","VEREADOR","2020","fim_regular","tce"
"M2020_25658_13_45111_170000725120","PE","25658","VEREADOR","2020","fim_regular","tce"
"M2020_25658_13_10340_170000988693","PE","25658","VEREADOR","2020","fim_regular","tce"
"M2020_25658_13_11000_170001189632","PE","25658","VEREADOR","2020","fim_regular","tce"
"M2020_25658_13_20120_170000787817","PE","25658","VEREADOR","2020","fim_regular","tce"
"M2020_25658_13_20122_170000787820","PE","25658","VEREADOR","2020","fim_regular","tce"
"M2020_25658_13_40100_170000871421","PE","25658","VEREADOR","2020","outro","tce"
"M2020_25658_13_45222_170000725122","PE","25658","VEREADOR","2020","fim_regular","tce"
"M2020_25658_13_45690_170000725126","PE","25658","VEREADOR","2020","fim_regular","tce"
"M2012_25674_13_11111_170000015985","PE","25674","VEREADOR","2012","fim_regular","tce"
"M2012_25674_13_23456_170000016980","PE","25674","VEREADOR","2012","fim_regular","tce"
"M2012_25674_13_31111_170000016951","PE","25674","VEREADOR","2012","fim_regular","tce"
"M2012_25674_13_65555_170000016944","PE","25674","VEREADOR","2012","fim_regular","tce"
"M2012_25674_13_55666_170000016976","PE","25674","VEREADOR","2012","fim_regular","tce"
"M2016_25674_13_55123_170000009024","PE","25674","VEREADOR","2016","fim_regular","tce"
"M2016_25674_13_14000_170000007083","PE","25674","VEREADOR","2016","fim_regular","tce"
"M2016_25674_13_40222_170000008891","PE","25674","VEREADOR","2016","fim_regular","tce"
"M2016_25674_13_55888_170000009016","PE","25674","VEREADOR","2016","fim_regular","tce"
"M2016_25674_13_65333_170000009027","PE","25674","VEREADOR","2016","fim_regular","tce"
"M2020_25674_13_25111_170001128041","PE","25674","VEREADOR","2020","fim_regular","tce"
"M2020_25674_13_40640_170001129371","PE","25674","VEREADOR","2020","fim_regular","tce"
"M2020_25674_13_23456_170000920792","PE","25674","VEREADOR","2020","fim_regular","tce"
"M2020_25674_13_40123_170001129380","PE","25674","VEREADOR","2020","fim_regular","tce"
"M2020_25674_13_40888_170001129376","PE","25674","VEREADOR","2020","fim_regular","tce"
"M2012_25690_13_22333_170000014039","PE","25690","VEREADOR","2012","fim_regular","tce"
"M2012_25690_13_22111_170000014046","PE","25690","VEREADOR","2012","fim_regular","tce"
"M2012_25690_13_22789_170000014056","PE","25690","VEREADOR","2012","fim_regular","tce"
"M2012_25690_13_44444_170000009731","PE","25690","VEREADOR","2012","fim_regular","tce"
"M2012_25690_13_14123_170000009736","PE","25690","VEREADOR","2012","fim_regular","tce"
"M2012_25690_13_14563_170000009737","PE","25690","VEREADOR","2012","fim_regular","tce"
"M2012_25690_13_14777_170000009742","PE","25690","VEREADOR","2012","fim_regular","tce"
"M2012_25690_13_22123_170000014057","PE","25690","VEREADOR","2012","fim_regular","tce"
"M2012_25690_13_22345_170000014051","PE","25690","VEREADOR","2012","fim_regular","tce"
"M2012_25690_13_44555_170000009738","PE","25690","VEREADOR","2012","fim_regular","tce"
"M2012_25690_13_22456_170000014052","PE","25690","VEREADOR","2012","fim_regular","tce"
"M2012_25690_13_22000_170000014037","PE","25690","VEREADOR","2012","fim_regular","tce"
"M2016_25690_13_22111_170000003479","PE","25690","VEREADOR","2016","fim_regular","tce"
"M2016_25690_13_31123_170000002149","PE","25690","VEREADOR","2016","fim_regular","tce"
"M2016_25690_13_31190_170000002161","PE","25690","VEREADOR","2016","fim_regular","tce"
"M2016_25690_13_31580_170000002146","PE","25690","VEREADOR","2016","fim_regular","tce"
"M2020_25690_13_40345_170000748738","PE","25690","VEREADOR","2020","fim_regular","tce"
"M2020_25690_13_40777_170000748737","PE","25690","VEREADOR","2020","fim_regular","tce"
"M2020_25690_13_40999_170000748742","PE","25690","VEREADOR","2020","outro","tce"
"M2012_25712_13_20000_170000005657","PE","25712","VEREADOR","2012","outro","tce"
"M2012_25712_13_40000_170000001447","PE","25712","VEREADOR","2012","outro","tce"
"M2012_25712_13_40789_170000001428","PE","25712","VEREADOR","2012","outro","tce"
"M2012_25712_13_40123_170000001439","PE","25712","VEREADOR","2012","fim_regular","tce"
"M2012_25712_13_40444_170000001437","PE","25712","VEREADOR","2012","outro","tce"
"M2012_25712_13_13666_170000005647","PE","25712","VEREADOR","2012","outro","tce"
"M2012_25712_13_14444_170000001448","PE","25712","VEREADOR","2012","outro","tce"
"M2012_25712_13_22120_170000005653","PE","25712","VEREADOR","2012","outro","tce"
"M2012_25712_13_22333_170000005654","PE","25712","VEREADOR","2012","fim_regular","tce"
"M2012_25712_13_40222_170000001440","PE","25712","VEREADOR","2012","outro","tce"
"M2012_25712_13_55111_170000005645","PE","25712","VEREADOR","2012","outro","tce"
"M2016_25712_13_40888_170000010478","PE","25712","VEREADOR","2016","outro","tce"
"M2016_25712_13_40222_170000010460","PE","25712","VEREADOR","2016","outro","tce"
"M2016_25712_13_13613_170000015325","PE","25712","VEREADOR","2016","outro","tce"
"M2020_25712_13_40000_170000675196","PE","25712","VEREADOR","2020","outro","tce"
"M2020_25712_13_40400_170000675193","PE","25712","VEREADOR","2020","outro","tce"
"M2020_25712_13_40777_170000675204","PE","25712","VEREADOR","2020","outro","tce"
"M2016_25739_13_40999_170000021493","PE","25739","VEREADOR","2016","fim_regular","tce"
"M2012_25755_13_45678_170000008067","PE","25755","VEREADOR","2012","fim_regular","tce"
"M2012_25755_13_45123_170000008077","PE","25755","VEREADOR","2012","fim_regular","tce"
"M2012_25755_13_45456_170000008063","PE","25755","VEREADOR","2012","fim_regular","tce"
"M2012_25755_13_45555_170000008069","PE","25755","VEREADOR","2012","fim_regular","tce"
"M2012_25755_13_55123_170000013115","PE","25755","VEREADOR","2012","fim_regular","tce"
"M2012_25755_13_55555_170000013116","PE","25755","VEREADOR","2012","fim_regular","tce"
"M2016_25755_13_40444_170000001808","PE","25755","VEREADOR","2016","fim_regular","tce"
"M2016_25755_13_25623_170000006042","PE","25755","VEREADOR","2016","fim_regular","tce"
"M2016_25755_13_11111_170000001826","PE","25755","VEREADOR","2016","fim_regular","tce"
"M2020_25755_13_11456_170001155683","PE","25755","VEREADOR","2020","fim_regular","tce"
"M2020_25755_13_11789_170001155681","PE","25755","VEREADOR","2020","fim_regular","tce"
"M2012_25771_13_19123_170000010319","PE","25771","VEREADOR","2012","fim_regular","tce"
"M2012_25771_13_40000_170000010316","PE","25771","VEREADOR","2012","fim_regular","tce"
"M2020_25771_13_11543_170001090387","PE","25771","VEREADOR","2020","outro","tce"
"M2016_25798_13_55000_170000019613","PE","25798","VEREADOR","2016","fim_regular","tce"
"M2016_25798_13_55555_170000019609","PE","25798","VEREADOR","2016","fim_regular","tce"
"M2016_25798_13_55123_170000019614","PE","25798","VEREADOR","2016","fim_regular","tce"
"M2016_25798_13_11111_170000007115","PE","25798","VEREADOR","2016","fim_regular","tce"
"M2016_25798_13_14000_170000007101","PE","25798","VEREADOR","2016","fim_regular","tce"
"M2016_25798_13_17000_170000019615","PE","25798","VEREADOR","2016","fim_regular","tce"
"M2016_25798_13_15615_170000007109","PE","25798","VEREADOR","2016","fim_regular","tce"
"M2016_25798_13_15777_170000007116","PE","25798","VEREADOR","2016","fim_regular","tce"
"M2016_25798_13_22222_170000007106","PE","25798","VEREADOR","2016","fim_regular","tce"
"M2016_25798_13_90333_170000019616","PE","25798","VEREADOR","2016","fim_regular","tce"
"M2016_25798_13_55666_170000019610","PE","25798","VEREADOR","2016","fim_regular","tce"
"M2020_25798_13_55555_170000920282","PE","25798","VEREADOR","2020","fim_regular","tce"
"M2020_25798_13_15222_170000975462","PE","25798","VEREADOR","2020","fim_regular","tce"
"M2020_25798_13_15615_170000975466","PE","25798","VEREADOR","2020","fim_regular","tce"
"M2020_25798_13_15777_170000975474","PE","25798","VEREADOR","2020","fim_regular","tce"
"M2020_25798_13_55333_170000920274","PE","25798","VEREADOR","2020","fim_regular","tce"
"M2020_25798_13_13123_170000833636","PE","25798","VEREADOR","2020","fim_regular","tce"
"M2020_25798_13_15215_170000975461","PE","25798","VEREADOR","2020","fim_regular","tce"
"M2020_25798_13_15345_170000975459","PE","25798","VEREADOR","2020","fim_regular","tce"
"M2020_25798_13_25111_170000804794","PE","25798","VEREADOR","2020","fim_regular","tce"
"M2020_25798_13_25777_170000804795","PE","25798","VEREADOR","2020","fim_regular","tce"
"M2020_25798_13_55666_170000920280","PE","25798","VEREADOR","2020","fim_regular","tce"
"M2024_25798_13_13333_170001915892","PE","25798","VEREADOR","2024","outro","tce"
"M2012_25810_13_23444_170000007737","PE","25810","VEREADOR","2012","fim_regular","tce"
"M2012_25810_13_40000_170000007736","PE","25810","VEREADOR","2012","fim_regular","tce"
"M2012_25810_13_45444_170000002849","PE","25810","VEREADOR","2012","fim_regular","tce"
"M2012_25810_13_45666_170000002854","PE","25810","VEREADOR","2012","fim_regular","tce"
"M2012_25810_13_65555_170000007569","PE","25810","VEREADOR","2012","fim_regular","tce"
"M2012_25810_13_12000_170000007570","PE","25810","VEREADOR","2012","fim_regular","tce"
"M2012_25810_13_40123_170000007753","PE","25810","VEREADOR","2012","fim_regular","tce"
"M2012_25810_13_13000_170000005509","PE","25810","VEREADOR","2012","fim_regular","tce"
"M2012_25810_13_13300_170000005504","PE","25810","VEREADOR","2012","fim_regular","tce"
"M2012_25810_13_40777_170000007741","PE","25810","VEREADOR","2012","fim_regular","tce"
"M2012_25810_13_40888_170000007749","PE","25810","VEREADOR","2012","fim_regular","tce"
"M2012_25810_13_65000_170000007572","PE","25810","VEREADOR","2012","fim_regular","tce"
"M2012_25810_13_36888_170000002855","PE","25810","VEREADOR","2012","fim_regular","tce"
"M2016_25810_13_40000_170000002787","PE","25810","VEREADOR","2016","fim_regular","tce"
"M2016_25810_13_55555_170000008807","PE","25810","VEREADOR","2016","fim_regular","tce"
"M2016_25810_13_45666_170000008809","PE","25810","VEREADOR","2016","fim_regular","tce"
"M2016_25810_13_65555_170000008808","PE","25810","VEREADOR","2016","fim_regular","tce"
"M2016_25810_13_12000_170000002551","PE","25810","VEREADOR","2016","fim_regular","tce"
"M2016_25810_13_14000_170000009049","PE","25810","VEREADOR","2016","fim_regular","tce"
"M2016_25810_13_44444_170000002554","PE","25810","VEREADOR","2016","fim_regular","tce"
"M2016_25810_13_40123_170000002792","PE","25810","VEREADOR","2016","fim_regular","tce"
"M2016_25810_13_13000_170000009039","PE","25810","VEREADOR","2016","fim_regular","tce"
"M2016_25810_13_22000_170000009041","PE","25810","VEREADOR","2016","fim_regular","tce"
"M2016_25810_13_51111_170000002806","PE","25810","VEREADOR","2016","fim_regular","tce"
"M2016_25810_13_65000_170000008797","PE","25810","VEREADOR","2016","fim_regular","tce"
"M2016_25810_13_15555_170000002797","PE","25810","VEREADOR","2016","fim_regular","tce"
"M2016_25836_13_40333_170000001910","PE","25836","VEREADOR","2016","outro","tce"
"M2016_25836_13_40000_170000001906","PE","25836","VEREADOR","2016","outro","tce"
"M2016_25836_13_15555_170000001974","PE","25836","VEREADOR","2016","outro","tce"
"M2016_25836_13_22222_170000001905","PE","25836","VEREADOR","2016","outro","tce"
"M2016_25836_13_55100_170000001990","PE","25836","VEREADOR","2016","outro","tce"
"M2016_25836_13_15623_170000001975","PE","25836","VEREADOR","2016","outro","tce"
"M2016_25836_13_28888_170000002839","PE","25836","VEREADOR","2016","outro","tce"
"M2016_25836_13_36000_170000001991","PE","25836","VEREADOR","2016","outro","tce"
"M2016_25836_13_40111_170000001901","PE","25836","VEREADOR","2016","outro","tce"
"M2020_25836_13_55789_170000979772","PE","25836","VEREADOR","2020","fim_regular","tce"
"M2020_25836_13_55555_170000979773","PE","25836","VEREADOR","2020","fim_regular","tce"
"M2020_25836_13_11000_170000843427","PE","25836","VEREADOR","2020","fim_regular","tce"
"M2020_25836_13_11222_170001271489","PE","25836","VEREADOR","2020","fim_regular","tce"
"M2020_25836_13_36036_170001099107","PE","25836","VEREADOR","2020","fim_regular","tce"
"M2020_25836_13_36789_170001099118","PE","25836","VEREADOR","2020","fim_regular","tce"
"M2020_25836_13_55055_170000979775","PE","25836","VEREADOR","2020","fim_regular","tce"
"M2020_25836_13_55444_170000979787","PE","25836","VEREADOR","2020","fim_regular","tce"
"M2016_25879_13_55555_170000000912","PE","25879","VEREADOR","2016","fim_regular","tce"
"M2016_25879_13_40222_170000001656","PE","25879","VEREADOR","2016","fim_regular","tce"
"M2016_25879_13_40888_170000001660","PE","25879","VEREADOR","2016","fim_regular","tce"
"M2016_25879_13_40111_170000001658","PE","25879","VEREADOR","2016","fim_regular","tce"
"M2016_25879_13_55666_170000000915","PE","25879","VEREADOR","2016","fim_regular","tce"
"M2016_25879_13_55888_170000000909","PE","25879","VEREADOR","2016","fim_regular","tce"
"M2016_25879_13_55999_170000000913","PE","25879","VEREADOR","2016","fim_regular","tce"
"M2016_25879_13_40555_170000001657","PE","25879","VEREADOR","2016","fim_regular","tce"
"M2016_25879_13_55111_170000000908","PE","25879","VEREADOR","2016","fim_regular","tce"
"M2020_25879_13_19999_170000639168","PE","25879","VEREADOR","2020","outro","tce"
"M2020_25879_13_19555_170000639170","PE","25879","VEREADOR","2020","outro","tce"
"M2020_25879_13_40222_170000848189","PE","25879","VEREADOR","2020","outro","tce"
"M2020_25879_13_19888_170000639169","PE","25879","VEREADOR","2020","outro","tce"
"M2020_25879_13_40000_170000848192","PE","25879","VEREADOR","2020","outro","tce"
"M2020_25879_13_40123_170000848185","PE","25879","VEREADOR","2020","outro","tce"
"M2020_25879_13_40555_170000848190","PE","25879","VEREADOR","2020","outro","tce"
"M2020_25879_13_40888_170000848187","PE","25879","VEREADOR","2020","outro","tce"
"M2020_25879_13_40111_170000848188","PE","25879","VEREADOR","2020","outro","tce"
"M2012_25895_13_13000_170000004060","PE","25895","VEREADOR","2012","outro","tce"
"M2012_25895_13_40123_170000009846","PE","25895","VEREADOR","2012","outro","tce"
"M2012_25895_13_55333_170000009831","PE","25895","VEREADOR","2012","outro","tce"
"M2012_25895_13_55444_170000009840","PE","25895","VEREADOR","2012","outro","tce"
"M2016_25895_13_12112_170000003360","PE","25895","VEREADOR","2016","outro","tce"
"M2016_25895_13_12777_170000003357","PE","25895","VEREADOR","2016","outro","tce"
"M2016_25895_13_13123_170000012889","PE","25895","VEREADOR","2016","outro","tce"
"M2016_25895_13_14555_170000006368","PE","25895","VEREADOR","2016","outro","tce"
"M2016_25895_13_22456_170000008205","PE","25895","VEREADOR","2016","outro","tce"
"M2016_25895_13_40111_170000008195","PE","25895","VEREADOR","2016","outro","tce"
"M2016_25895_13_45123_170000015024","PE","25895","VEREADOR","2016","outro","tce"
"M2012_25917_13_14555_170000009942","PE","25917","VEREADOR","2012","fim_regular","tce"
"M2012_25917_13_40147_170000002836","PE","25917","VEREADOR","2012","fim_regular","tce"
"M2012_25917_13_40222_170000002833","PE","25917","VEREADOR","2012","fim_regular","tce"
"M2012_25917_13_40601_170000002846","PE","25917","VEREADOR","2012","fim_regular","tce"
"M2012_25917_13_15666_170000009938","PE","25917","VEREADOR","2012","fim_regular","tce"
"M2012_25917_13_10000_170000009933","PE","25917","VEREADOR","2012","fim_regular","tce"
"M2012_25917_13_20000_170000009947","PE","25917","VEREADOR","2012","fim_regular","tce"
"M2012_25917_13_40333_170000002831","PE","25917","VEREADOR","2012","fim_regular","tce"
"M2012_25917_13_65555_170000002834","PE","25917","VEREADOR","2012","fim_regular","tce"
"M2012_25917_13_40666_170000002838","PE","25917","VEREADOR","2012","fim_regular","tce"
"M2016_25917_13_20000_170000016292","PE","25917","VEREADOR","2016","fim_regular","tce"
"M2016_25917_13_90123_170000001381","PE","25917","VEREADOR","2016","fim_regular","tce"
"M2016_25917_13_22222_170000001383","PE","25917","VEREADOR","2016","fim_regular","tce"
"M2016_25917_13_40000_170000005177","PE","25917","VEREADOR","2016","fim_regular","tce"
"M2016_25917_13_40666_170000005182","PE","25917","VEREADOR","2016","fim_regular","tce"
"M2016_25917_13_12345_170000016296","PE","25917","VEREADOR","2016","fim_regular","tce"
"M2020_25917_13_15999_170000840669","PE","25917","VEREADOR","2020","fim_regular","tce"
"M2020_25917_13_15666_170000840675","PE","25917","VEREADOR","2020","fim_regular","tce"
"M2020_25917_13_13333_170000917497","PE","25917","VEREADOR","2020","fim_regular","tce"
"M2020_25917_13_15111_170000840680","PE","25917","VEREADOR","2020","fim_regular","tce"
"M2020_25917_13_40123_170000944842","PE","25917","VEREADOR","2020","fim_regular","tce"
"M2020_25917_13_13123_170000917488","PE","25917","VEREADOR","2020","fim_regular","tce"
"M2020_25917_13_15123_170000840678","PE","25917","VEREADOR","2020","fim_regular","tce"
"M2020_25917_13_15222_170000840671","PE","25917","VEREADOR","2020","fim_regular","tce"
"M2020_25917_13_15555_170000840683","PE","25917","VEREADOR","2020","fim_regular","tce"
"M2020_25917_13_18456_170001075973","PE","25917","VEREADOR","2020","fim_regular","tce"
"M2020_25917_13_40000_170000944839","PE","25917","VEREADOR","2020","fim_regular","tce"
"M2004_25950_13_43147_34","PE","25950","VEREADOR","2004","outro","tce"
"M2008_25950_13_12222_6931","PE","25950","VEREADOR","2008","outro","tce"
"M2012_25950_13_40000_170000009646","PE","25950","VEREADOR","2012","outro","tce"
"M2016_25976_13_40000_170000017863","PE","25976","VEREADOR","2016","fim_regular","tce"
"M2016_25976_13_12222_170000014714","PE","25976","VEREADOR","2016","fim_regular","tce"
"M2016_25976_13_43333_170000017568","PE","25976","VEREADOR","2016","fim_regular","tce"
"M2016_25976_13_40333_170000017857","PE","25976","VEREADOR","2016","fim_regular","tce"
"M2016_25976_13_77123_170000015306","PE","25976","VEREADOR","2016","fim_regular","tce"
"M2016_25976_13_77777_170000015307","PE","25976","VEREADOR","2016","fim_regular","tce"
"M2020_25976_13_11123_170000927831","PE","25976","VEREADOR","2020","fim_regular","tce"
"M2020_25976_13_11333_170000927826","PE","25976","VEREADOR","2020","fim_regular","tce"
"M2020_25976_13_11678_170000927818","PE","25976","VEREADOR","2020","fim_regular","tce"
"M2020_25976_13_13123_170001225273","PE","25976","VEREADOR","2020","fim_regular","tce"
"M2020_25976_13_15888_170000875328","PE","25976","VEREADOR","2020","fim_regular","tce"
"M2020_25976_13_25123_170000877526","PE","25976","VEREADOR","2020","fim_regular","tce"
"M2020_25976_13_25444_170000877528","PE","25976","VEREADOR","2020","fim_regular","tce"
"M2020_25976_13_25666_170000877531","PE","25976","VEREADOR","2020","fim_regular","tce"
"M2024_25976_13_55555_170002367640","PE","25976","VEREADOR","2024","outro","tce"
"M2012_25992_13_43456_170000000943","PE","25992","VEREADOR","2012","fim_regular","tce"
"M2016_25992_13_45369_170000006502","PE","25992","VEREADOR","2016","fim_regular","tce"
"M2016_25992_13_55602_170000011638","PE","25992","VEREADOR","2016","fim_regular","tce"
"M2016_25992_13_14123_170000006520","PE","25992","VEREADOR","2016","fim_regular","tce"
"M2016_25992_13_19852_170000006507","PE","25992","VEREADOR","2016","fim_regular","tce"
"M2016_25992_13_20123_170000006508","PE","25992","VEREADOR","2016","fim_regular","tce"
"M2016_25992_13_23456_170000006516","PE","25992","VEREADOR","2016","fim_regular","tce"
"M2016_25992_13_55555_170000011643","PE","25992","VEREADOR","2016","fim_regular","tce"
"M2016_25992_13_55999_170000011645","PE","25992","VEREADOR","2016","fim_regular","tce"
"M2016_25992_13_77123_170000011648","PE","25992","VEREADOR","2016","fim_regular","tce"
"M2016_25992_13_15123_170000006521","PE","25992","VEREADOR","2016","fim_regular","tce"
"M2016_25992_13_22222_170000006512","PE","25992","VEREADOR","2016","fim_regular","tce"
"M2012_26018_13_14555_170000016219","PE","26018","VEREADOR","2012","outro","tce"
"M2012_26018_13_45225_170000018464","PE","26018","VEREADOR","2012","outro","tce"
"M2012_26018_13_55555_170000016226","PE","26018","VEREADOR","2012","outro","tce"
"M2012_26018_13_65222_170000016210","PE","26018","VEREADOR","2012","outro","tce"
"M2016_26018_13_45225_170000010788","PE","26018","VEREADOR","2016","fim_regular","tce"
"M2016_26018_13_55555_170000010784","PE","26018","VEREADOR","2016","fim_regular","tce"
"M2020_26018_13_65777_170000773164","PE","26018","VEREADOR","2020","fim_regular","tce"
"M2012_26034_13_40555_170000007363","PE","26034","VEREADOR","2012","fim_regular","tce"
"M2012_26034_13_22122_170000002207","PE","26034","VEREADOR","2012","fim_regular","tce"
"M2012_26034_13_40000_170000007375","PE","26034","VEREADOR","2012","fim_regular","tce"
"M2012_26034_13_22555_170000002218","PE","26034","VEREADOR","2012","fim_regular","tce"
"M2016_26034_13_22333_170000002472","PE","26034","VEREADOR","2016","fim_regular","tce"
"M2016_26034_13_40456_170000003877","PE","26034","VEREADOR","2016","fim_regular","tce"
"M2020_26034_13_40000_170000807137","PE","26034","VEREADOR","2020","fim_regular","tce"
"M2012_26077_13_40444_170000009916","PE","26077","VEREADOR","2012","fim_regular","tce"
"M2012_26077_13_40100_170000009908","PE","26077","VEREADOR","2012","fim_regular","tce"
"M2012_26077_13_45111_170000009911","PE","26077","VEREADOR","2012","fim_regular","tce"
"M2012_26077_13_45555_170000009914","PE","26077","VEREADOR","2012","fim_regular","tce"
"M2012_26093_13_22612_170000003702","PE","26093","VEREADOR","2012","fim_regular","tce"
"M2012_26093_13_12333_170000000392","PE","26093","VEREADOR","2012","fim_regular","tce"
"M2012_26093_13_15000_170000013467","PE","26093","VEREADOR","2012","fim_regular","tce"
"M2012_26093_13_22222_170000003707","PE","26093","VEREADOR","2012","fim_regular","tce"
"M2016_26093_13_15555_170000010722","PE","26093","VEREADOR","2016","fim_regular","tce"
"M2016_26093_13_22612_170000010759","PE","26093","VEREADOR","2016","fim_regular","tce"
"M2016_26093_13_15123_170000010728","PE","26093","VEREADOR","2016","fim_regular","tce"
"M2016_26093_13_17111_170000005586","PE","26093","VEREADOR","2016","fim_regular","tce"
"M2016_26115_13_15555_170000002617","PE","26115","VEREADOR","2016","fim_regular","tce"
"M2016_26115_13_17000_170000010060","PE","26115","VEREADOR","2016","fim_regular","tce"
"M2016_26115_13_36123_170000010071","PE","26115","VEREADOR","2016","fim_regular","tce"
"M2012_26131_13_40123_170000001118","PE","26131","VEREADOR","2012","outro","tce"
"M2012_26131_13_55555_170000001323","PE","26131","VEREADOR","2012","fim_regular","tce"
"M2016_26131_13_40123_170000013852","PE","26131","VEREADOR","2016","fim_regular","tce"
"M2016_26131_13_40000_170000013850","PE","26131","VEREADOR","2016","fim_regular","tce"
"M2016_26131_13_40222_170000013849","PE","26131","VEREADOR","2016","fim_regular","tce"
"M2016_26131_13_90777_170000017622","PE","26131","VEREADOR","2016","fim_regular","tce"
"M2016_26131_13_22123_170000013519","PE","26131","VEREADOR","2016","fim_regular","tce"
"M2020_26131_13_70456_170001150552","PE","26131","VEREADOR","2020","fim_regular","tce"
"M2020_26131_13_51444_170000727766","PE","26131","VEREADOR","2020","fim_regular","tce"
"M2020_26131_13_40777_170000806455","PE","26131","VEREADOR","2020","fim_regular","tce"
"M2020_26131_13_40000_170000806459","PE","26131","VEREADOR","2020","fim_regular","tce"
"M2020_26131_13_40888_170000806461","PE","26131","VEREADOR","2020","fim_regular","tce"
"M2020_26131_13_70321_170001150551","PE","26131","VEREADOR","2020","fim_regular","tce"
"M2020_26131_13_70555_170001150543","PE","26131","VEREADOR","2020","fim_regular","tce"
"M2020_26131_13_70777_170001150542","PE","26131","VEREADOR","2020","fim_regular","tce"
"M2020_26131_13_70888_170001150550","PE","26131","VEREADOR","2020","fim_regular","tce"
"M2020_26131_13_40123_170000806457","PE","26131","VEREADOR","2020","fim_regular","tce"
"M2020_26131_13_70000_170001150547","PE","26131","VEREADOR","2020","fim_regular","tce"
"M2012_26158_13_13999_170000006082","PE","26158","VEREADOR","2012","fim_regular","tce"
"M2012_26158_13_11111_170000012294","PE","26158","VEREADOR","2012","fim_regular","tce"
"M2012_26158_13_55555_170000006076","PE","26158","VEREADOR","2012","fim_regular","tce"
"M2012_26158_13_13333_170000006071","PE","26158","VEREADOR","2012","outro","tce"
"M2012_26158_13_11112_170000012295","PE","26158","VEREADOR","2012","fim_regular","tce"
"M2012_26158_13_11444_170000012296","PE","26158","VEREADOR","2012","fim_regular","tce"
"M2012_26158_13_13444_170000006081","PE","26158","VEREADOR","2012","fim_regular","tce"
"M2016_26158_13_31456_170000018987","PE","26158","VEREADOR","2016","fim_regular","tce"
"M2016_26158_13_10111_170000018995","PE","26158","VEREADOR","2016","fim_regular","tce"
"M2016_26158_13_11111_170000014090","PE","26158","VEREADOR","2016","fim_regular","tce"
"M2016_26158_13_13333_170000018985","PE","26158","VEREADOR","2016","fim_regular","tce"
"M2016_26158_13_36666_170000012680","PE","26158","VEREADOR","2016","fim_regular","tce"
"M2016_26158_13_55111_170000014091","PE","26158","VEREADOR","2016","fim_regular","tce"
"M2020_26158_13_15222_170000788616","PE","26158","VEREADOR","2020","fim_regular","tce"
"M2020_26158_13_40000_170001108933","PE","26158","VEREADOR","2020","fim_regular","tce"
"M2020_26158_13_11444_170000788571","PE","26158","VEREADOR","2020","fim_regular","tce"
"M2020_26158_13_40333_170001108936","PE","26158","VEREADOR","2020","fim_regular","tce"
"M2020_26158_13_51111_170000788681","PE","26158","VEREADOR","2020","fim_regular","tce"
"M2020_26158_13_11111_170000788582","PE","26158","VEREADOR","2020","outro","tce"
"M2020_26158_13_13333_170001109209","PE","26158","VEREADOR","2020","fim_regular","tce"
"M2020_26158_13_40740_170001108939","PE","26158","VEREADOR","2020","fim_regular","tce"
"M2020_26158_13_40999_170001108937","PE","26158","VEREADOR","2020","fim_regular","tce"
"M2020_26158_13_51888_170000788680","PE","26158","VEREADOR","2020","fim_regular","tce"
"M2012_26174_13_22123_170000007407","PE","26174","VEREADOR","2012","fim_regular","tce"
"M2012_26174_13_11000_170000007940","PE","26174","VEREADOR","2012","fim_regular","tce"
"M2012_26174_13_11111_170000007939","PE","26174","VEREADOR","2012","fim_regular","tce"
"M2016_26174_13_15000_170000013471","PE","26174","VEREADOR","2016","outro","tce"
"M2016_26174_13_17700_170000013467","PE","26174","VEREADOR","2016","outro","tce"
"M2016_26174_13_17777_170000013464","PE","26174","VEREADOR","2016","outro","tce"
"M2016_26174_13_25000_170000000814","PE","26174","VEREADOR","2016","outro","tce"
"M2016_26174_13_55555_170000013462","PE","26174","VEREADOR","2016","outro","tce"
"M2020_26174_13_14333_170001102962","PE","26174","VEREADOR","2020","fim_regular","tce"
"M2024_26174_13_70070_170002142749","PE","26174","VEREADOR","2024","outro","tce"
"M2024_26174_13_70888_170002142748","PE","26174","VEREADOR","2024","outro","tce"
"M2012_26212_13_25611_170000008226","PE","26212","VEREADOR","2012","fim_regular","tce"
"M2012_26212_13_11111_170000007812","PE","26212","VEREADOR","2012","fim_regular","tce"
"M2012_26212_13_55000_170000012681","PE","26212","VEREADOR","2012","fim_regular","tce"
"M2012_26212_13_17777_170000007809","PE","26212","VEREADOR","2012","fim_regular","tce"
"M2016_26212_13_11000_170000009641","PE","26212","VEREADOR","2016","fim_regular","tce"
"M2016_26212_13_22222_170000009576","PE","26212","VEREADOR","2016","fim_regular","tce"
"M2016_26212_13_15555_170000011348","PE","26212","VEREADOR","2016","outro","tce"
"M2016_26212_13_55123_170000011224","PE","26212","VEREADOR","2016","fim_regular","tce"
"M2020_26212_13_40677_170001019287","PE","26212","VEREADOR","2020","fim_regular","tce"
"M2020_26212_13_25222_170001019388","PE","26212","VEREADOR","2020","fim_regular","tce"
"M2020_26212_13_25555_170001019391","PE","26212","VEREADOR","2020","fim_regular","tce"
"M2020_26212_13_55222_170001221790","PE","26212","VEREADOR","2020","fim_regular","tce"
"M2020_26212_13_20222_170001208690","PE","26212","VEREADOR","2020","fim_regular","tce"
"M2020_26212_13_25123_170001019389","PE","26212","VEREADOR","2020","fim_regular","tce"
"M2020_26212_13_40666_170001019291","PE","26212","VEREADOR","2020","fim_regular","tce"
"M2020_26212_13_40888_170001019289","PE","26212","VEREADOR","2020","fim_regular","tce"
"M2020_26212_13_40000_170001019292","PE","26212","VEREADOR","2020","fim_regular","tce"
"M2012_26239_13_14123_170000005356","PE","26239","VEREADOR","2012","fim_regular","tce"
"M2016_26239_13_31123_170000002282","PE","26239","VEREADOR","2016","fim_regular","tce"
"M2016_26239_13_31456_170000002279","PE","26239","VEREADOR","2016","fim_regular","tce"
"M2016_26255_13_14123_170000003695","PE","26255","VEREADOR","2016","fim_regular","tce"
"M2016_26255_13_14614_170000003697","PE","26255","VEREADOR","2016","fim_regular","tce"
"M2016_26255_13_11123_170000001024","PE","26255","VEREADOR","2016","outro","tce"
"M2016_26255_13_12200_170000002854","PE","26255","VEREADOR","2016","fim_regular","tce"
"M2016_26255_13_12222_170000002859","PE","26255","VEREADOR","2016","fim_regular","tce"
"M2016_26255_13_22111_170000004139","PE","26255","VEREADOR","2016","fim_regular","tce"
"M2016_26255_13_36445_170000001018","PE","26255","VEREADOR","2016","fim_regular","tce"
"M2016_26255_13_45678_170000001014","PE","26255","VEREADOR","2016","fim_regular","tce"
"M2016_26255_13_55123_170000003712","PE","26255","VEREADOR","2016","fim_regular","tce"
"M2016_26255_13_55678_170000003707","PE","26255","VEREADOR","2016","fim_regular","tce"
"M2016_26255_13_65555_170000004131","PE","26255","VEREADOR","2016","fim_regular","tce"
"M2016_26255_13_14188_170000003696","PE","26255","VEREADOR","2016","fim_regular","tce"
"M2012_26271_13_27555_170000018532","PE","26271","VEREADOR","2012","fim_regular","tce"
"M2012_26271_13_40678_170000013681","PE","26271","VEREADOR","2012","fim_regular","tce"
"M2012_26271_13_55444_170000018319","PE","26271","VEREADOR","2012","fim_regular","tce"
"M2012_26271_13_15232_170000018722","PE","26271","VEREADOR","2012","fim_regular","tce"
"M2012_26271_13_22456_170000018252","PE","26271","VEREADOR","2012","fim_regular","tce"
"M2012_26271_13_22999_170000018245","PE","26271","VEREADOR","2012","fim_regular","tce"
"M2012_26271_13_33111_170000001082","PE","26271","VEREADOR","2012","fim_regular","tce"
"M2012_26271_13_33123_170000001083","PE","26271","VEREADOR","2012","fim_regular","tce"
"M2012_26271_13_36444_170000014258","PE","26271","VEREADOR","2012","fim_regular","tce"
"M2012_26271_13_36611_170000014267","PE","26271","VEREADOR","2012","fim_regular","tce"
"M2012_26271_13_55123_170000018577","PE","26271","VEREADOR","2012","fim_regular","tce"
"M2020_26271_13_12345_170000941449","PE","26271","VEREADOR","2020","fim_regular","tce"
"M2020_26271_13_10444_170000878186","PE","26271","VEREADOR","2020","fim_regular","tce"
"M2020_26271_13_55000_170001099298","PE","26271","VEREADOR","2020","fim_regular","tce"
"M2020_26271_13_15555_170000941860","PE","26271","VEREADOR","2020","fim_regular","tce"
"M2020_26271_13_15615_170000941854","PE","26271","VEREADOR","2020","fim_regular","tce"
"M2020_26271_13_40333_170000788736","PE","26271","VEREADOR","2020","fim_regular","tce"
"M2020_26271_13_40123_170000788738","PE","26271","VEREADOR","2020","fim_regular","tce"
"M2020_26271_13_10111_170000878172","PE","26271","VEREADOR","2020","fim_regular","tce"
"M2020_26271_13_40000_170000788750","PE","26271","VEREADOR","2020","fim_regular","tce"
"M2020_26271_13_10555_170000878179","PE","26271","VEREADOR","2020","fim_regular","tce"
"M2020_26271_13_10999_170000878169","PE","26271","VEREADOR","2020","fim_regular","tce"
"M2020_26271_13_11111_170000735937","PE","26271","VEREADOR","2020","fim_regular","tce"
"M2020_26271_13_11123_170000735945","PE","26271","VEREADOR","2020","fim_regular","tce"
"M2020_26271_13_11602_170000735942","PE","26271","VEREADOR","2020","fim_regular","tce"
"M2020_26271_13_11611_170000735949","PE","26271","VEREADOR","2020","fim_regular","tce"
"M2020_26271_13_12456_170000941448","PE","26271","VEREADOR","2020","fim_regular","tce"
"M2020_26271_13_14444_170000858597","PE","26271","VEREADOR","2020","fim_regular","tce"
"M2020_26271_13_40232_170000788749","PE","26271","VEREADOR","2020","fim_regular","tce"
"M2020_26271_13_55123_170001099305","PE","26271","VEREADOR","2020","fim_regular","tce"
"M2012_26298_13_20513_170000009370","PE","26298","VEREADOR","2012","fim_regular","tce"
"M2012_26298_13_15660_170000008838","PE","26298","VEREADOR","2012","fim_regular","tce"
"M2012_26298_13_17456_170000009361","PE","26298","VEREADOR","2012","fim_regular","tce"
"M2012_26298_13_22111_170000016020","PE","26298","VEREADOR","2012","fim_regular","tce"
"M2012_26298_13_43611_170000009458","PE","26298","VEREADOR","2012","fim_regular","tce"
"M2016_26298_13_36111_170000021955","PE","26298","VEREADOR","2016","fim_regular","tce"
"M2016_26298_13_43456_170000021829","PE","26298","VEREADOR","2016","fim_regular","tce"
"M2016_26298_13_45000_170000021911","PE","26298","VEREADOR","2016","fim_regular","tce"
"M2020_26298_13_15222_170001182480","PE","26298","VEREADOR","2020","fim_regular","tce"
"M2020_26298_13_17111_170000982365","PE","26298","VEREADOR","2020","fim_regular","tce"
"M2020_26298_13_45555_170001230594","PE","26298","VEREADOR","2020","fim_regular","tce"
"M2020_26298_13_70070_170000830684","PE","26298","VEREADOR","2020","fim_regular","tce"
"M2020_26298_13_77333_170001135565","PE","26298","VEREADOR","2020","fim_regular","tce"
"M2020_26298_13_77777_170001135559","PE","26298","VEREADOR","2020","fim_regular","tce"
"M2016_26310_13_12000_170000012154","PE","26310","VEREADOR","2016","fim_regular","tce"
"M2016_26310_13_10610_170000009142","PE","26310","VEREADOR","2016","fim_regular","tce"
"M2016_26310_13_17617_170000011521","PE","26310","VEREADOR","2016","fim_regular","tce"
"M2016_26310_13_28000_170000017375","PE","26310","VEREADOR","2016","fim_regular","tce"
"M2020_26310_13_17000_170000662465","PE","26310","VEREADOR","2020","fim_regular","tce"
"M2020_26310_13_15333_170000662415","PE","26310","VEREADOR","2020","fim_regular","tce"
"M2020_26310_13_10610_170000662341","PE","26310","VEREADOR","2020","fim_regular","tce"
"M2020_26310_13_70670_170000663017","PE","26310","VEREADOR","2020","fim_regular","tce"
"M2020_26310_13_12100_170000758515","PE","26310","VEREADOR","2020","fim_regular","tce"
"M2020_26310_13_25333_170000721219","PE","26310","VEREADOR","2020","fim_regular","tce"
"M2012_26336_13_14444_170000012571","PE","26336","VEREADOR","2012","fim_regular","tce"
"M2012_26336_13_45045_170000018347","PE","26336","VEREADOR","2012","fim_regular","tce"
"M2012_26336_13_45123_170000018343","PE","26336","VEREADOR","2012","fim_regular","tce"
"M2012_26336_13_45222_170000018352","PE","26336","VEREADOR","2012","fim_regular","tce"
"M2020_26336_13_15555_170000965404","PE","26336","VEREADOR","2020","outro","tce"
"M2020_26336_13_15222_170000965416","PE","26336","VEREADOR","2020","fim_regular","tce"
"M2020_26336_13_15620_170000965419","PE","26336","VEREADOR","2020","fim_regular","tce"
"M2020_26336_13_15789_170000965411","PE","26336","VEREADOR","2020","outro","tce"
"M2020_26336_13_55000_170000888760","PE","26336","VEREADOR","2020","outro","tce"
"M2020_26336_13_77222_170000940934","PE","26336","VEREADOR","2020","outro","tce"
