nome_wiki,inicio_txt,fim_txt,eleito_txt,partido_wiki,observacao_original,inicio,fim,uf,cargo,legislatura,condicao,url_pagina,revisao
"Ruy Trindade","2 de abril de 1994","2 de maio de 1994",NA,"Nenhum","Presidente do Tribunal de Justiça da Bahia no cargo de governador interino em função da dupla vacância no executivo.","1994-04-02","1994-05-02","BA","GOVERNADOR",NA,"titular","https://pt.wikipedia.org/wiki/Lista_de_governadores_da_Bahia","72820186"
"Antônio Imbassahy","2 de maio de 1994","31 de dezembro de 1994",NA,"","Governador eleito indiretamente pela Assembleia Legislativa da Bahia após renúncia da chapa eleita em 1990.","1994-05-02","1994-12-31","BA","GOVERNADOR",NA,"titular","https://pt.wikipedia.org/wiki/Lista_de_governadores_da_Bahia","72820186"
"Paulo Souto","1.º de janeiro de 1995","4 de abril de 1998",NA,"","Governador eleito em sufrágio universal, renunciou ao mandato para concorrer ao cargo de Senador nas Eleições estaduais na Bahia em 1998.","1995-01-01","1998-04-04","BA","GOVERNADOR",NA,"titular","https://pt.wikipedia.org/wiki/Lista_de_governadores_da_Bahia","72820186"
"César Borges","4 de abril de 1998","31 de dezembro de 1998",NA,"","Vice-governador eleito no cargo de governador, assumiu o mandato após a renúncia do titular Paulo Souto.","1998-04-04","1998-12-31","BA","GOVERNADOR",NA,"titular","https://pt.wikipedia.org/wiki/Lista_de_governadores_da_Bahia","72820186"
"César Borges","1.º de janeiro de 1999","5 de abril de 2002",NA,"","Governador eleito em sufrágio universal, renunciou ao mandato para concorrer ao cargo de Senador nas Eleições estaduais da Bahia em 2002.","1999-01-01","2002-04-05","BA","GOVERNADOR",NA,"titular","https://pt.wikipedia.org/wiki/Lista_de_governadores_da_Bahia","72820186"
"Otto Alencar","5 de abril de 2002","31 de dezembro de 2002",NA,"","Vice-governador eleito no cargo de governador, assumiu o mandato após a renúncia do titular César Borges.","2002-04-05","2002-12-31","BA","GOVERNADOR",NA,"titular","https://pt.wikipedia.org/wiki/Lista_de_governadores_da_Bahia","72820186"
"Paulo Souto","1.º de janeiro de 2003","31 de dezembro de 2006",NA,"","Governador e vice eleitos em sufrágio universal.","2003-01-01","2006-12-31","BA","GOVERNADOR",NA,"titular","https://pt.wikipedia.org/wiki/Lista_de_governadores_da_Bahia","72820186"
"Jaques Wagner","1.º de janeiro de 2007","31 de dezembro de 2010",NA,"","Governador e vice eleitos em sufrágio universal.","2007-01-01","2010-12-31","BA","GOVERNADOR",NA,"titular","https://pt.wikipedia.org/wiki/Lista_de_governadores_da_Bahia","72820186"
"Jaques Wagner","1.º de janeiro de 2011","31 de dezembro de 2014",NA,"","Governador reeleito e vice eleito em sufrágio universal.","2011-01-01","2014-12-31","BA","GOVERNADOR",NA,"titular","https://pt.wikipedia.org/wiki/Lista_de_governadores_da_Bahia","72820186"
"Rui Costa","1.º de janeiro de 2015","31 de dezembro de 2018",NA,"","Governador e vice eleitos em sufrágio universal.","2015-01-01","2018-12-31","BA","GOVERNADOR",NA,"titular","https://pt.wikipedia.org/wiki/Lista_de_governadores_da_Bahia","72820186"
"Rui Costa","1.º de janeiro de 2019","31 de dezembro de 2022",NA,"","Governador e vice reeleitos em sufrágio universal.","2019-01-01","2022-12-31","BA","GOVERNADOR",NA,"titular","https://pt.wikipedia.org/wiki/Lista_de_governadores_da_Bahia","72820186"
"Jerônimo Rodrigues","1.º de janeiro de 2023","Em exercício",NA,"","Governador e vice eleitos em sufrágio universal.","2023-01-01",NA,"BA","GOVERNADOR",NA,"titular","https://pt.wikipedia.org/wiki/Lista_de_governadores_da_Bahia","72820186"
"Cícero Lucena","2 de abril de 1994","1º de janeiro de 1995",NA,"Partido do Movimento Democrático Brasileiro PMDB","Vice-Governador, assumiu a vaga após a renúncia do titular","1994-04-02","1995-01-01","PB","GOVERNADOR",NA,"titular","https://pt.wikipedia.org/wiki/Lista_de_governadores_da_Paraíba","72867924"
"Antônio Mariz","1º de janeiro de 1995","16 de setembro de 1995",NA,"Partido do Movimento Democrático Brasileiro PMDB","Governador eleito falecido durante o mandato","1995-01-01","1995-09-16","PB","GOVERNADOR",NA,"titular","https://pt.wikipedia.org/wiki/Lista_de_governadores_da_Paraíba","72867924"
"José Maranhão","16 de setembro de 1995","1º de janeiro de 1999",NA,"Partido do Movimento Democrático Brasileiro PMDB","Vice-Governador, assumiu a vaga após a morte do titular","1995-09-16","1999-01-01","PB","GOVERNADOR",NA,"titular","https://pt.wikipedia.org/wiki/Lista_de_governadores_da_Paraíba","72867924"
"José Maranhão","1º de janeiro de 1999","6 de abril de 2002",NA,"Partido do Movimento Democrático Brasileiro PMDB","Governador reeleito que renunciou o cargo","1999-01-01","2002-04-06","PB","GOVERNADOR",NA,"titular","https://pt.wikipedia.org/wiki/Lista_de_governadores_da_Paraíba","72867924"
"Roberto Paulino","6 de abril de 2002","1° de janeiro de 2003",NA,"Partido do Movimento Democrático Brasileiro PMDB","Vice-Governador, assumiu a vaga após a renúncia do titular","2002-04-06","2003-01-01","PB","GOVERNADOR",NA,"titular","https://pt.wikipedia.org/wiki/Lista_de_governadores_da_Paraíba","72867924"
"Cássio Cunha Lima","1º de janeiro de 2003","1º de janeiro de 2007",NA,"Partido da Social Democracia Brasileira PSDB","Governador eleito","2003-01-01","2007-01-01","PB","GOVERNADOR",NA,"titular","https://pt.wikipedia.org/wiki/Lista_de_governadores_da_Paraíba","72867924"
"Cássio Cunha Lima","1º de janeiro de 2007","17 de fevereiro de 2009",NA,"Partido da Social Democracia Brasileira PSDB","Governador reeleito cassado por decisão judicial","2007-01-01","2009-02-17","PB","GOVERNADOR",NA,"titular","https://pt.wikipedia.org/wiki/Lista_de_governadores_da_Paraíba","72867924"
"José Maranhão","18 de fevereiro de 2009","1° de janeiro de 2011",NA,"Partido do Movimento Democrático Brasileiro PMDB","Segundo colocado nas eleições, assumiu o cargo de governador","2009-02-18","2011-01-01","PB","GOVERNADOR",NA,"titular","https://pt.wikipedia.org/wiki/Lista_de_governadores_da_Paraíba","72867924"
"Ricardo Coutinho","1º de janeiro de 2011","1° de janeiro de 2015",NA,"Partido Socialista Brasileiro PSB","Governador eleito","2011-01-01","2015-01-01","PB","GOVERNADOR",NA,"titular","https://pt.wikipedia.org/wiki/Lista_de_governadores_da_Paraíba","72867924"
"Ricardo Coutinho","1º de janeiro de 2015","1° de janeiro de 2019",NA,"Partido Socialista Brasileiro PSB","Governador reeleito","2015-01-01","2019-01-01","PB","GOVERNADOR",NA,"titular","https://pt.wikipedia.org/wiki/Lista_de_governadores_da_Paraíba","72867924"
"João Azevêdo","1º de janeiro de 2019","1° de janeiro de 2023",NA,"Partido Socialista Brasileiro PSB","Governador eleito","2019-01-01","2023-01-01","PB","GOVERNADOR",NA,"titular","https://pt.wikipedia.org/wiki/Lista_de_governadores_da_Paraíba","72867924"
"João Azevêdo","1° de janeiro de 2023","2 de abril de 2026",NA,"Partido Socialista Brasileiro PSB","Governador reeleito que renunciou o cargo","2023-01-01","2026-04-02","PB","GOVERNADOR",NA,"titular","https://pt.wikipedia.org/wiki/Lista_de_governadores_da_Paraíba","72867924"
"Lucas Ribeiro","2 de abril de 2026","Atualidade",NA,"Progressistas PP","Vice-Governador, assumiu a vaga após a renúncia do titular","2026-04-02",NA,"PB","GOVERNADOR",NA,"titular","https://pt.wikipedia.org/wiki/Lista_de_governadores_da_Paraíba","72867924"
"Divaldo Suruagy","1º de janeiro de 1995","17 de julho de 1997",NA,"Partido do Movimento Democrático Brasileiro PMDB","Governador eleito em sufrágio universal","1995-01-01","1997-07-17","AL","GOVERNADOR",NA,"titular","https://pt.wikipedia.org/wiki/Lista_de_governadores_de_Alagoas","72860717"
"Manoel Gomes de Barros","17 de julho de 1997","1º de janeiro de 1999",NA,"Partido Trabalhista Brasileiro PTB","Vice-governador eleito por voto direto,assumiu em decorrência da renúncia do titular","1997-07-17","1999-01-01","AL","GOVERNADOR",NA,"titular","https://pt.wikipedia.org/wiki/Lista_de_governadores_de_Alagoas","72860717"
"Ronaldo Lessa","1º de janeiro de 1999","1º de janeiro de 2003",NA,"Partido Socialista Brasileiro PSB","Governador eleito em sufrágio universal","1999-01-01","2003-01-01","AL","GOVERNADOR",NA,"titular","https://pt.wikipedia.org/wiki/Lista_de_governadores_de_Alagoas","72860717"
"Ronaldo Lessa","1º de janeiro de 2003","31 de março de 2006",NA,"Partido Socialista Brasileiro PSB","Governador reeleito em sufrágio universal","2003-01-01","2006-03-31","AL","GOVERNADOR",NA,"titular","https://pt.wikipedia.org/wiki/Lista_de_governadores_de_Alagoas","72860717"
"Luís Abílio","31 de março de 2006","1º de janeiro de 2007",NA,"Partido Democrático Trabalhista PDT","Vice-governador eleito por voto direto,assumiu em decorrência da renúncia do titular","2006-03-31","2007-01-01","AL","GOVERNADOR",NA,"titular","https://pt.wikipedia.org/wiki/Lista_de_governadores_de_Alagoas","72860717"
"Teotônio Vilela Filho","1º de janeiro de 2007","1º de janeiro de 2011",NA,"Partido da Social Democracia Brasileira PSDB","Governador eleito em sufrágio universal","2007-01-01","2011-01-01","AL","GOVERNADOR",NA,"titular","https://pt.wikipedia.org/wiki/Lista_de_governadores_de_Alagoas","72860717"
"Teotônio Vilela Filho","1º de janeiro de 2011","1º de janeiro de 2015",NA,"Partido da Social Democracia Brasileira PSDB","Governador reeleito em sufrágio universal","2011-01-01","2015-01-01","AL","GOVERNADOR",NA,"titular","https://pt.wikipedia.org/wiki/Lista_de_governadores_de_Alagoas","72860717"
"Renan Filho","1º de janeiro de 2015","1º de janeiro de 2019",NA,"Partido do Movimento Democrático Brasileiro PMDB","Governador eleito em sufrágio universal","2015-01-01","2019-01-01","AL","GOVERNADOR",NA,"titular","https://pt.wikipedia.org/wiki/Lista_de_governadores_de_Alagoas","72860717"
"Renan Filho","1º de janeiro de 2019","2 de abril de 2022",NA,"Partido do Movimento Democrático Brasileiro PMDB","Governador reeleito em sufrágio universal","2019-01-01","2022-04-02","AL","GOVERNADOR",NA,"titular","https://pt.wikipedia.org/wiki/Lista_de_governadores_de_Alagoas","72860717"
"Klever Loureiro","2 de abril de 2022","15 de maio de 2022",NA,"sem partido","Governador interino, assumiu por ser o Presidente do Tribunal de Justiça, em função da renuncia do titular e do vice, até a eleição indireta de um novo governador","2022-04-02","2022-05-15","AL","GOVERNADOR",NA,"titular","https://pt.wikipedia.org/wiki/Lista_de_governadores_de_Alagoas","72860717"
"Paulo Dantas","15 de maio de 2022[nota 1]","31 de dezembro de 2022",NA,"Movimento Democrático Brasileiro MDB","Governador eleito pela Assembleia Legislativa","2022-05-15","2022-12-31","AL","GOVERNADOR",NA,"titular","https://pt.wikipedia.org/wiki/Lista_de_governadores_de_Alagoas","72860717"
"Paulo Dantas","1º de janeiro de 2023","atualmente",NA,"Movimento Democrático Brasileiro MDB","Governador reeleito em sufrágio universal","2023-01-01",NA,"AL","GOVERNADOR",NA,"titular","https://pt.wikipedia.org/wiki/Lista_de_governadores_de_Alagoas","72860717"
"Agenor Rezende","2 de abril de 1994","1º de janeiro de 1995","1990",NA,"Presidente da Assembleia Legislativa, assumiu o cargo de Governador","1994-04-02","1995-01-01","GO","GOVERNADOR",NA,"titular","https://pt.wikipedia.org/wiki/Lista_de_governadores_de_Goiás","72828236"
"Maguito Vilela","1º de janeiro de 1995","2 de abril de 1998","1994",NA,"Governador eleito em sufrágio universal","1995-01-01","1998-04-02","GO","GOVERNADOR",NA,"titular","https://pt.wikipedia.org/wiki/Lista_de_governadores_de_Goiás","72828236"
"Naphtali Alves","2 de abril de 1998","24 de novembro de 1998","1994",NA,"Vice-governador eleito, assumiu o cargo de Governador","1998-04-02","1998-11-24","GO","GOVERNADOR",NA,"titular","https://pt.wikipedia.org/wiki/Lista_de_governadores_de_Goiás","72828236"
"Helenês Cândido","24 de novembro de 1998","1º de janeiro de 1999","1994",NA,"Governador eleito pela Assembleia Legislativa, assumindocargo de Governador","1998-11-24","1999-01-01","GO","GOVERNADOR",NA,"titular","https://pt.wikipedia.org/wiki/Lista_de_governadores_de_Goiás","72828236"
"Marconi Perillo","1º de janeiro de 1999","1º de janeiro de 2003","1998",NA,"Governador eleito em sufrágio universal","1999-01-01","2003-01-01","GO","GOVERNADOR",NA,"titular","https://pt.wikipedia.org/wiki/Lista_de_governadores_de_Goiás","72828236"
"Marconi Perillo","1º de janeiro de 2003","31 de março de 2006","2002",NA,"Governador reeleito em sufrágio universal","2003-01-01","2006-03-31","GO","GOVERNADOR",NA,"titular","https://pt.wikipedia.org/wiki/Lista_de_governadores_de_Goiás","72828236"
"Alcides Rodrigues","31 de março de 2006","1º de janeiro de 2007","2002",NA,"Vice-governador eleito, assumiu o cargo de Governador","2006-03-31","2007-01-01","GO","GOVERNADOR",NA,"titular","https://pt.wikipedia.org/wiki/Lista_de_governadores_de_Goiás","72828236"
"Alcides Rodrigues","1º de janeiro de 2007","1º de janeiro de 2011","2006",NA,"Governador reeleito em sufrágio universal","2007-01-01","2011-01-01","GO","GOVERNADOR",NA,"titular","https://pt.wikipedia.org/wiki/Lista_de_governadores_de_Goiás","72828236"
"Marconi Perillo","1º de janeiro de 2011","1º de janeiro de 2015","2010",NA,"Governador eleito em sufrágio universal","2011-01-01","2015-01-01","GO","GOVERNADOR",NA,"titular","https://pt.wikipedia.org/wiki/Lista_de_governadores_de_Goiás","72828236"
"Marconi Perillo","1º de janeiro de 2015","7 de abril de 2018","2014",NA,"Governador reeleito em sufrágio universal","2015-01-01","2018-04-07","GO","GOVERNADOR",NA,"titular","https://pt.wikipedia.org/wiki/Lista_de_governadores_de_Goiás","72828236"
"José Eliton Júnior","7 de abril de 2018","1º de janeiro de 2019","2014",NA,"Vice-governador eleito, assumiu o cargo de Governador","2018-04-07","2019-01-01","GO","GOVERNADOR",NA,"titular","https://pt.wikipedia.org/wiki/Lista_de_governadores_de_Goiás","72828236"
"Ronaldo Caiado","1º de janeiro de 2019","1° de janeiro de 2023","2018",NA,"Governador eleito em sufrágio universal","2019-01-01","2023-01-01","GO","GOVERNADOR",NA,"titular","https://pt.wikipedia.org/wiki/Lista_de_governadores_de_Goiás","72828236"
"Ronaldo Caiado","1° de janeiro de 2023","31 de março de 2026","2022",NA,"Governador reeleito em sufrágio universal","2023-01-01","2026-03-31","GO","GOVERNADOR",NA,"titular","https://pt.wikipedia.org/wiki/Lista_de_governadores_de_Goiás","72828236"
"Ronaldo Caiado","1° de janeiro de 2023","31 de março de 2026","2022",NA,"Governador reeleito em sufrágio universal","2023-01-01","2026-03-31","GO","GOVERNADOR",NA,"titular","https://pt.wikipedia.org/wiki/Lista_de_governadores_de_Goiás","72828236"
"Daniel Vilela","31 de março de 2026","presente","2022",NA,"Vice-governador eleito, assumiu o cargo de Governador","2026-03-31",NA,"GO","GOVERNADOR",NA,"titular","https://pt.wikipedia.org/wiki/Lista_de_governadores_de_Goiás","72828236"
"Wilson Barbosa Martins","1º de janeiro de 1995","1º de janeiro de 1999 (4 anos)","1994","Partido doMovimento Democrático BrasileiroPMDB","","1995-01-01","1999-01-01","MS","GOVERNADOR",NA,"titular","https://pt.wikipedia.org/wiki/Lista_de_governadores_de_Mato_Grosso_do_Sul","72488812"
"José Orcírio Miranda dos Santos","1º de janeiro de 1999","1º de janeiro de 2007 (8 anos)","1998","Partido dosTrabalhadoresPT","","1999-01-01","2007-01-01","MS","GOVERNADOR",NA,"titular","https://pt.wikipedia.org/wiki/Lista_de_governadores_de_Mato_Grosso_do_Sul","72488812"
"José Orcírio Miranda dos Santos","1º de janeiro de 1999","1º de janeiro de 2007 (8 anos)","2002","Partido dosTrabalhadoresPT","","1999-01-01","2007-01-01","MS","GOVERNADOR",NA,"titular","https://pt.wikipedia.org/wiki/Lista_de_governadores_de_Mato_Grosso_do_Sul","72488812"
"André Puccinelli","1º de janeiro de 2007","1º de janeiro de 2015 (8 anos)","2006","Partido doMovimento Democrático BrasileiroPMDB","","2007-01-01","2015-01-01","MS","GOVERNADOR",NA,"titular","https://pt.wikipedia.org/wiki/Lista_de_governadores_de_Mato_Grosso_do_Sul","72488812"
"André Puccinelli","1º de janeiro de 2007","1º de janeiro de 2015 (8 anos)","2010","Partido doMovimento Democrático BrasileiroPMDB","","2007-01-01","2015-01-01","MS","GOVERNADOR",NA,"titular","https://pt.wikipedia.org/wiki/Lista_de_governadores_de_Mato_Grosso_do_Sul","72488812"
"Reinaldo Azambuja","1º de janeiro de 2015","1° de janeiro de 2023 (8 anos)","2014","Partido daSocial Democracia BrasileiraPSDB",".","2015-01-01","2023-01-01","MS","GOVERNADOR",NA,"titular","https://pt.wikipedia.org/wiki/Lista_de_governadores_de_Mato_Grosso_do_Sul","72488812"
"Reinaldo Azambuja","1º de janeiro de 2015","1° de janeiro de 2023 (8 anos)","2018","Partido daSocial Democracia BrasileiraPSDB",".","2015-01-01","2023-01-01","MS","GOVERNADOR",NA,"titular","https://pt.wikipedia.org/wiki/Lista_de_governadores_de_Mato_Grosso_do_Sul","72488812"
"Eduardo Riedel","1º de janeiro de 2023","atualidade (3 anos e 239 dias","2022","Partido daSocial Democracia BrasileiraPSDB","","2023-01-01",NA,"MS","GOVERNADOR",NA,"titular","https://pt.wikipedia.org/wiki/Lista_de_governadores_de_Mato_Grosso_do_Sul","72488812"
"Dante de Oliveira","1º de janeiro de 1995","1º de janeiro de 1999",NA,"Partido Democrático Trabalhista PDT","Governador eleito em sufrágio universal em 3 de outubro de 1994","1995-01-01","1999-01-01","MT","GOVERNADOR",NA,"titular","https://pt.wikipedia.org/wiki/Lista_de_governadores_de_Mato_Grosso","72745937"
"Dante de Oliveira","1º de janeiro de 1999","6 de abril de 2002",NA,"Partido da Social Democracia Brasileira PSDB","Governador reeleito em sufrágio universal em 4 de outubro de 1998 e que renunciou ao mandato","1999-01-01","2002-04-06","MT","GOVERNADOR",NA,"titular","https://pt.wikipedia.org/wiki/Lista_de_governadores_de_Mato_Grosso","72745937"
"Rogério Salles","6 de abril de 2002","1º de janeiro de 2003",NA,"Partido da Social Democracia Brasileira PSDB","Vice-governador eleito assumiu após a renúncia do titular","2002-04-06","2003-01-01","MT","GOVERNADOR",NA,"titular","https://pt.wikipedia.org/wiki/Lista_de_governadores_de_Mato_Grosso","72745937"
"Blairo Maggi","1º de janeiro de 2003","1º de janeiro de 2007",NA,"Partido Popular Socialista PPS","Governador eleito em sufrágio universal em 6 de outubro de 2002","2003-01-01","2007-01-01","MT","GOVERNADOR",NA,"titular","https://pt.wikipedia.org/wiki/Lista_de_governadores_de_Mato_Grosso","72745937"
"Blairo Maggi","1º de janeiro de 2007","31 de março de 2010",NA,"Partido Popular Socialista PPS","Governador reeleito em 1º de outubro de 2006 e que renunciou ao mandato","2007-01-01","2010-03-31","MT","GOVERNADOR",NA,"titular","https://pt.wikipedia.org/wiki/Lista_de_governadores_de_Mato_Grosso","72745937"
"Silval Barbosa","31 de março de 2010","1º de janeiro de 2011",NA,"Partido do movimento Democrático Brasileiro PMDB","Vice-governador eleito assumiu após a renúncia do titular","2010-03-31","2011-01-01","MT","GOVERNADOR",NA,"titular","https://pt.wikipedia.org/wiki/Lista_de_governadores_de_Mato_Grosso","72745937"
"Silval Barbosa","1º de janeiro de 2011","1º de janeiro de 2015",NA,"Partido do movimento Democrático Brasileiro PMDB","Governador reeleito em 3 de outubro de 2010","2011-01-01","2015-01-01","MT","GOVERNADOR",NA,"titular","https://pt.wikipedia.org/wiki/Lista_de_governadores_de_Mato_Grosso","72745937"
"Pedro Taques","1º de janeiro de 2015","1º de janeiro de 2019",NA,"Partido Democrático Trabalhista PDT","Governador eleito em sufrágio universal em 5 de outubro de 2014","2015-01-01","2019-01-01","MT","GOVERNADOR",NA,"titular","https://pt.wikipedia.org/wiki/Lista_de_governadores_de_Mato_Grosso","72745937"
"Pedro Taques","1º de janeiro de 2015","1º de janeiro de 2019",NA,"Partido da Social Democracia Brasileira PSDB","Governador eleito em sufrágio universal em 5 de outubro de 2014","2015-01-01","2019-01-01","MT","GOVERNADOR",NA,"titular","https://pt.wikipedia.org/wiki/Lista_de_governadores_de_Mato_Grosso","72745937"
"Mauro Mendes","1º de janeiro de 2019","1° de janeiro de 2023",NA,"Democratas DEM","Governador eleito em sufrágio universal em 7 de outubro de 2018","2019-01-01","2023-01-01","MT","GOVERNADOR",NA,"titular","https://pt.wikipedia.org/wiki/Lista_de_governadores_de_Mato_Grosso","72745937"
"Mauro Mendes","1° de janeiro de 2023","31 de março de 2026",NA,"União Brasil UNIÃO","Governador reeleito em sufrágio universal em 2 de outubro de 2022 e que renunciou ao mandato","2023-01-01","2026-03-31","MT","GOVERNADOR",NA,"titular","https://pt.wikipedia.org/wiki/Lista_de_governadores_de_Mato_Grosso","72745937"
"Otaviano Pivetta","31 de março de 2026","Em exercício",NA,"Republicanos REPUBLICANOS","Vice-governador eleito assumiu após a renúncia do titular","2026-03-31",NA,"MT","GOVERNADOR",NA,"titular","https://pt.wikipedia.org/wiki/Lista_de_governadores_de_Mato_Grosso","72745937"
"Eduardo Azeredo","1 de janeiro de 1995","1 de janeiro de 1999",NA,"Partido da Social Democracia BrasileiraPSDB","Governador eleito em sufrágio universalem 15 de novembro de 1994 (2º turno)","1995-01-01","1999-01-01","MG","GOVERNADOR",NA,"titular","https://pt.wikipedia.org/wiki/Lista_de_governadores_de_Minas_Gerais","72891305"
"Itamar Franco","1 de janeiro de 1999","1 de janeiro de 2003",NA,"Partido do Movimento Democrático BrasileiroPMDB","Governador eleito em sufrágio universalem 25 de outubro de 1998 (2º turno)","1999-01-01","2003-01-01","MG","GOVERNADOR",NA,"titular","https://pt.wikipedia.org/wiki/Lista_de_governadores_de_Minas_Gerais","72891305"
"Aécio Neves","1 de janeiro de 2003","1 de janeiro de 2007",NA,"Partido da Social Democracia BrasileiraPSDB","Governador eleito e reeleito em sufrágio universalem 6 de outubro de 2002,que renuncia o mandato","2003-01-01","2007-01-01","MG","GOVERNADOR",NA,"titular","https://pt.wikipedia.org/wiki/Lista_de_governadores_de_Minas_Gerais","72891305"
"Aécio Neves","1 de janeiro de 2007","31 de março de 2010",NA,"Partido da Social Democracia BrasileiraPSDB","Governador eleito e reeleito em sufrágio universalem 6 de outubro de 2002,que renuncia o mandato","2007-01-01","2010-03-31","MG","GOVERNADOR",NA,"titular","https://pt.wikipedia.org/wiki/Lista_de_governadores_de_Minas_Gerais","72891305"
"Antônio Anastasia","31 de março de 2010","1 de janeiro de 2011",NA,"Partido da Social Democracia BrasileiraPSDB","Vice-governador eleito assumiuapós a renúncia do titular","2010-03-31","2011-01-01","MG","GOVERNADOR",NA,"titular","https://pt.wikipedia.org/wiki/Lista_de_governadores_de_Minas_Gerais","72891305"
"Antônio Anastasia","1 de janeiro de 2011","4 de abril de 2014",NA,"Partido da Social Democracia BrasileiraPSDB","Governador reeleito em sufrágio universalem 3 de outubro de 2010,que renuncia o mandato","2011-01-01","2014-04-04","MG","GOVERNADOR",NA,"titular","https://pt.wikipedia.org/wiki/Lista_de_governadores_de_Minas_Gerais","72891305"
"Alberto Pinto Coelho Jr","4 de abril de 2014","1 de janeiro de 2015",NA,"Partido ProgressistaPP","Vice-governador eleito assumiuapós a renúncia do titular","2014-04-04","2015-01-01","MG","GOVERNADOR",NA,"titular","https://pt.wikipedia.org/wiki/Lista_de_governadores_de_Minas_Gerais","72891305"
"Fernando Pimentel","1 de janeiro de 2015","1 de janeiro de 2019",NA,"Partido dos TrabalhadoresPT","Governador eleito em sufrágio universalem 5 de outubro de 2014","2015-01-01","2019-01-01","MG","GOVERNADOR",NA,"titular","https://pt.wikipedia.org/wiki/Lista_de_governadores_de_Minas_Gerais","72891305"
"Romeu Zema","1 de janeiro de 2019","1 de janeiro de 2023",NA,"Partido NovoNOVO","Governador eleito em sufrágio universalem 28 de outubro de 2018 (2º turno)","2019-01-01","2023-01-01","MG","GOVERNADOR",NA,"titular","https://pt.wikipedia.org/wiki/Lista_de_governadores_de_Minas_Gerais","72891305"
"Romeu Zema","1 de janeiro de 2023","22 de março de 2026",NA,"Partido NovoNOVO","Governador reeleito em sufrágio universalem 2 de outubro de 2022","2023-01-01","2026-03-22","MG","GOVERNADOR",NA,"titular","https://pt.wikipedia.org/wiki/Lista_de_governadores_de_Minas_Gerais","72891305"
"Mateus Simões","22 de março de 2026","Atualidade",NA,"Partido Social DemocráticoPSD","Vice-governador eleito, assumiu após a renúncia do titular","2026-03-22",NA,"MG","GOVERNADOR",NA,"titular","https://pt.wikipedia.org/wiki/Lista_de_governadores_de_Minas_Gerais","72891305"
"Miguel Arraes","1º de janeiro de 1995","1º de janeiro de 1999",NA,"Partido Socialista Brasileiro PSB","Governador eleito emsufrágio universal","1995-01-01","1999-01-01","PE","GOVERNADOR",NA,"titular","https://pt.wikipedia.org/wiki/Lista_de_governadores_de_Pernambuco","72820311"
"Jarbas Vasconcelos","1º de janeiro de 1999","1º de janeiro de 2003",NA,"Partido do Movimento Democrático Brasileiro PMDB","Governador eleito emsufrágio universal","1999-01-01","2003-01-01","PE","GOVERNADOR",NA,"titular","https://pt.wikipedia.org/wiki/Lista_de_governadores_de_Pernambuco","72820311"
"Jarbas Vasconcelos","1º de janeiro de 2003","31 de março de 2006",NA,"Partido do Movimento Democrático Brasileiro PMDB","Governador reeleito em sufrágio universal querenunciou o mandato","2003-01-01","2006-03-31","PE","GOVERNADOR",NA,"titular","https://pt.wikipedia.org/wiki/Lista_de_governadores_de_Pernambuco","72820311"
"Mendonça Filho","31 de março de 2006","1º de janeiro de 2007",NA,"Partido da Frente Liberal PFL","Vice-governador eleitono cargo de Governador","2006-03-31","2007-01-01","PE","GOVERNADOR",NA,"titular","https://pt.wikipedia.org/wiki/Lista_de_governadores_de_Pernambuco","72820311"
"Eduardo Campos","1º de janeiro de 2007","1º de janeiro de 2011",NA,"Partido Socialista Brasileiro PSB","Governador eleito em sufrágio universal","2007-01-01","2011-01-01","PE","GOVERNADOR",NA,"titular","https://pt.wikipedia.org/wiki/Lista_de_governadores_de_Pernambuco","72820311"
"Eduardo Campos","1º de janeiro de 2011","4 de abril de 2014",NA,"Partido Socialista Brasileiro PSB","Governador reeleito emsufrágio universal querenunciou o mandato","2011-01-01","2014-04-04","PE","GOVERNADOR",NA,"titular","https://pt.wikipedia.org/wiki/Lista_de_governadores_de_Pernambuco","72820311"
"João Lyra Neto","4 de abril de 2014","1º de janeiro de 2015",NA,"Partido Socialista Brasileiro PSB","Vice-governador eleitono cargo de Governador","2014-04-04","2015-01-01","PE","GOVERNADOR",NA,"titular","https://pt.wikipedia.org/wiki/Lista_de_governadores_de_Pernambuco","72820311"
"Paulo Câmara","1º de janeiro de 2015","1° de janeiro de 2019",NA,"Partido Socialista Brasileiro PSB","Governador eleito emsufrágio universal","2015-01-01","2019-01-01","PE","GOVERNADOR",NA,"titular","https://pt.wikipedia.org/wiki/Lista_de_governadores_de_Pernambuco","72820311"
"Paulo Câmara","1º de janeiro de 2019","1° de janeiro de 2023",NA,"Partido Socialista Brasileiro PSB","Governador reeleito emsufrágio universal","2019-01-01","2023-01-01","PE","GOVERNADOR",NA,"titular","https://pt.wikipedia.org/wiki/Lista_de_governadores_de_Pernambuco","72820311"
"Raquel Lyra","1° de janeiro de 2023","Em exercício",NA,"Partido Social Democrático PSD (Eleita pelo PSDB)","Governadora eleita emsufrágio universal","2023-01-01",NA,"PE","GOVERNADOR",NA,"titular","https://pt.wikipedia.org/wiki/Lista_de_governadores_de_Pernambuco","72820311"
"Valdir Raupp","1° de janeiro de 1995","1° de janeiro de 1999","1994","PMDB",NA,"1995-01-01","1999-01-01","RO","GOVERNADOR",NA,"titular","https://pt.wikipedia.org/wiki/Lista_de_governadores_de_Rondônia","72642543"
"José Bianco","1° de janeiro de 1999","1° de janeiro de 2003","1998","PFL",NA,"1999-01-01","2003-01-01","RO","GOVERNADOR",NA,"titular","https://pt.wikipedia.org/wiki/Lista_de_governadores_de_Rondônia","72642543"
"Ivo Cassol","1° de janeiro de 2003","31 de março de 2010[nota 3]","20022006","PSDB",NA,"2003-01-01","2010-03-31","RO","GOVERNADOR",NA,"titular","https://pt.wikipedia.org/wiki/Lista_de_governadores_de_Rondônia","72642543"
"Ivo Cassol","1° de janeiro de 2003","31 de março de 2010[nota 3]","20022006","PPS",NA,"2003-01-01","2010-03-31","RO","GOVERNADOR",NA,"titular","https://pt.wikipedia.org/wiki/Lista_de_governadores_de_Rondônia","72642543"
"João Cahulla","31 de março de 2010","1° de janeiro de 2011","2006","PPS",NA,"2010-03-31","2011-01-01","RO","GOVERNADOR",NA,"titular","https://pt.wikipedia.org/wiki/Lista_de_governadores_de_Rondônia","72642543"
"Confúcio Moura","1° de janeiro de 2011","5 de abril de 2018","20102014","PMDB",NA,"2011-01-01","2018-04-05","RO","GOVERNADOR",NA,"titular","https://pt.wikipedia.org/wiki/Lista_de_governadores_de_Rondônia","72642543"
"Confúcio Moura","1° de janeiro de 2011","5 de abril de 2018","20102014","PMDB",NA,"2011-01-01","2018-04-05","RO","GOVERNADOR",NA,"titular","https://pt.wikipedia.org/wiki/Lista_de_governadores_de_Rondônia","72642543"
"Daniel Pereira","6 de abril de 2018","31 de dezembro de 2018","2018","PSB",NA,"2018-04-06","2018-12-31","RO","GOVERNADOR",NA,"titular","https://pt.wikipedia.org/wiki/Lista_de_governadores_de_Rondônia","72642543"
"Marcos Rocha","1° de janeiro de 2019","Em exercício","20182022","PSL",NA,"2019-01-01",NA,"RO","GOVERNADOR",NA,"titular","https://pt.wikipedia.org/wiki/Lista_de_governadores_de_Rondônia","72642543"
"Marcos Rocha","1° de janeiro de 2019","Em exercício","20182022","UNIÃO",NA,"2019-01-01",NA,"RO","GOVERNADOR",NA,"titular","https://pt.wikipedia.org/wiki/Lista_de_governadores_de_Rondônia","72642543"
"Neudo Campos","1º de janeiro de 1995","6 de abril de 2002[nota 27]","19941998","Partido Trabalhista Brasileiro(PTB)",NA,"1995-01-01","2002-04-06","RR","GOVERNADOR",NA,"titular","https://pt.wikipedia.org/wiki/Lista_de_governadores_de_Roraima","72478457"
"Neudo Campos","1º de janeiro de 1995","6 de abril de 2002[nota 27]","19941998","Partido Progressista Brasileiro(PPB)",NA,"1995-01-01","2002-04-06","RR","GOVERNADOR",NA,"titular","https://pt.wikipedia.org/wiki/Lista_de_governadores_de_Roraima","72478457"
"Neudo Campos","1º de janeiro de 1995","6 de abril de 2002[nota 27]","19941998","Partido da Frente Liberal(PFL)",NA,"1995-01-01","2002-04-06","RR","GOVERNADOR",NA,"titular","https://pt.wikipedia.org/wiki/Lista_de_governadores_de_Roraima","72478457"
"Flamarion Portela","6 de abril de 2002","10 de novembro de 2004[nota 28]","2002","Partido Social Liberal(PSL)",NA,"2002-04-06","2004-11-10","RR","GOVERNADOR",NA,"titular","https://pt.wikipedia.org/wiki/Lista_de_governadores_de_Roraima","72478457"
"Flamarion Portela","6 de abril de 2002","10 de novembro de 2004[nota 28]","2002","Partido dos Trabalhadores(PT)",NA,"2002-04-06","2004-11-10","RR","GOVERNADOR",NA,"titular","https://pt.wikipedia.org/wiki/Lista_de_governadores_de_Roraima","72478457"
"Ottomar Pinto","10 de novembro de 2004[nota 29]","11 de dezembro de 2007[nota 30]","2006","Partido Trabalhista Brasileiro(PTB)",NA,"2004-11-10","2007-12-11","RR","GOVERNADOR",NA,"titular","https://pt.wikipedia.org/wiki/Lista_de_governadores_de_Roraima","72478457"
"Ottomar Pinto","10 de novembro de 2004[nota 29]","11 de dezembro de 2007[nota 30]","2006","Partido da Social Democracia Brasileira(PSDB)",NA,"2004-11-10","2007-12-11","RR","GOVERNADOR",NA,"titular","https://pt.wikipedia.org/wiki/Lista_de_governadores_de_Roraima","72478457"
"José Anchieta Júnior","11 de dezembro de 2007","4 de abril de 2014[nota 31]","20062010","Partido da Social Democracia Brasileira(PSDB)",NA,"2007-12-11","2014-04-04","RR","GOVERNADOR",NA,"titular","https://pt.wikipedia.org/wiki/Lista_de_governadores_de_Roraima","72478457"
"José Anchieta Júnior","11 de dezembro de 2007","4 de abril de 2014[nota 31]","20062010","Partido da Social Democracia Brasileira(PSDB)",NA,"2007-12-11","2014-04-04","RR","GOVERNADOR",NA,"titular","https://pt.wikipedia.org/wiki/Lista_de_governadores_de_Roraima","72478457"
"José Anchieta Júnior","11 de dezembro de 2007","4 de abril de 2014[nota 31]","20062010","Partido da Social Democracia Brasileira(PSDB)",NA,"2007-12-11","2014-04-04","RR","GOVERNADOR",NA,"titular","https://pt.wikipedia.org/wiki/Lista_de_governadores_de_Roraima","72478457"
"Chico Rodrigues","4 de abril de 2014","31 de dezembro de 2014","2010","Partido Socialista Brasileiro(PSB)",NA,"2014-04-04","2014-12-31","RR","GOVERNADOR",NA,"titular","https://pt.wikipedia.org/wiki/Lista_de_governadores_de_Roraima","72478457"
"Suely Campos","1º de janeiro de 2015","10 de dezembro de 2018[nota 32]","2014","Partido Progressista(PP)",NA,"2015-01-01","2018-12-10","RR","GOVERNADOR",NA,"titular","https://pt.wikipedia.org/wiki/Lista_de_governadores_de_Roraima","72478457"
"Suely Campos","1º de janeiro de 2015","10 de dezembro de 2018[nota 32]","2014","Partido Progressista(PP)",NA,"2015-01-01","2018-12-10","RR","GOVERNADOR",NA,"titular","https://pt.wikipedia.org/wiki/Lista_de_governadores_de_Roraima","72478457"
"Antônio Denarium","1º de janeiro de 2019[nota 32]","27 de março de 2026 [nota 34]","20182022","Partido Social Liberal(PSL)",NA,"2019-01-01","2026-03-27","RR","GOVERNADOR",NA,"titular","https://pt.wikipedia.org/wiki/Lista_de_governadores_de_Roraima","72478457"
"Antônio Denarium","1º de janeiro de 2019[nota 32]","27 de março de 2026 [nota 34]","20182022","Progressistas(PP)",NA,"2019-01-01","2026-03-27","RR","GOVERNADOR",NA,"titular","https://pt.wikipedia.org/wiki/Lista_de_governadores_de_Roraima","72478457"
"Edilson Damião","27 de março de 2026","30 de abril de 2026","2022","União Brasil",NA,"2026-03-27","2026-04-30","RR","GOVERNADOR",NA,"titular","https://pt.wikipedia.org/wiki/Lista_de_governadores_de_Roraima","72478457"
"Soldado Sampaio","30 de abril de 2026","até a atualidade","[nota 35]","Republicanos",NA,"2026-04-30",NA,"RR","GOVERNADOR",NA,"titular","https://pt.wikipedia.org/wiki/Lista_de_governadores_de_Roraima","72478457"
"Antônio Carlos Konder Reis","6 de abril de 1994","1º de janeiro de 1995",NA,"Partido Progressista Reformador PPR","Vice-Governador eleito no cargo de titular","1994-04-06","1995-01-01","SC","GOVERNADOR",NA,"titular","https://pt.wikipedia.org/wiki/Lista_de_governadores_de_Santa_Catarina","72825314"
"Paulo Afonso Vieira","1º de janeiro de 1995","1º de janeiro de 1999",NA,"Partido do Movimento Democrático Brasileiro PMDB","Governador eleito em sufrágio universal","1995-01-01","1999-01-01","SC","GOVERNADOR",NA,"titular","https://pt.wikipedia.org/wiki/Lista_de_governadores_de_Santa_Catarina","72825314"
"Esperidião Amin","1º de janeiro de 1999","1º de janeiro de 2003",NA,"Partido Progressista Brasileiro PPB","Governador eleito em sufrágio universal","1999-01-01","2003-01-01","SC","GOVERNADOR",NA,"titular","https://pt.wikipedia.org/wiki/Lista_de_governadores_de_Santa_Catarina","72825314"
"Luiz Henrique da Silveira","1º de janeiro de 2003","9 de abril de 2006",NA,"Partido do Movimento Democrático Brasileiro PMDB","Governador eleito em sufrágio universal","2003-01-01","2006-04-09","SC","GOVERNADOR",NA,"titular","https://pt.wikipedia.org/wiki/Lista_de_governadores_de_Santa_Catarina","72825314"
"Eduardo Moreira","9 de abril de 2006","1º de janeiro de 2007",NA,"Partido do Movimento Democrático Brasileiro PMDB","Vice-Governador eleito no cargo de titular interinamente","2006-04-09","2007-01-01","SC","GOVERNADOR",NA,"titular","https://pt.wikipedia.org/wiki/Lista_de_governadores_de_Santa_Catarina","72825314"
"Luiz Henrique da Silveira","1º de janeiro de 2007","25 de março de 2010",NA,"Partido do Movimento Democrático Brasileiro PMDB","Governador reeleito em sufrágio universal","2007-01-01","2010-03-25","SC","GOVERNADOR",NA,"titular","https://pt.wikipedia.org/wiki/Lista_de_governadores_de_Santa_Catarina","72825314"
"Leonel Pavan","25 de março de 2010","1º de janeiro de 2011",NA,"Partido da Social Democracia Brasileira PSDB","Vice-Governador eleito no cargo de titular","2010-03-25","2011-01-01","SC","GOVERNADOR",NA,"titular","https://pt.wikipedia.org/wiki/Lista_de_governadores_de_Santa_Catarina","72825314"
"Raimundo Colombo","1º de janeiro de 2011","1.º de janeiro de 2015",NA,"DemocratasDEM","Governador eleito em sufrágio universal","2011-01-01","2015-01-01","SC","GOVERNADOR",NA,"titular","https://pt.wikipedia.org/wiki/Lista_de_governadores_de_Santa_Catarina","72825314"
"Raimundo Colombo","1.º de janeiro de 2015","5 de abril de 2018",NA,"Partido Social DemocráticoPSD","Governador reeleito em sufrágio universal","2015-01-01","2018-04-05","SC","GOVERNADOR",NA,"titular","https://pt.wikipedia.org/wiki/Lista_de_governadores_de_Santa_Catarina","72825314"
"Eduardo Moreira","5 de abril de 2018","1 de janeiro de 2019",NA,"Partido do Movimento Democrático BrasileiroPMDB","Vice-Governador eleito no cargo de titular","2018-04-05","2019-01-01","SC","GOVERNADOR",NA,"titular","https://pt.wikipedia.org/wiki/Lista_de_governadores_de_Santa_Catarina","72825314"
"Carlos Moisés","1 de janeiro de 2019 [nota 2][nota 3]","1 de janeiro de 2023",NA,"Partido Social LiberalPSLRepublicanosREPUBLICANOS","Governador eleito em sufrágio universal","2019-01-01","2023-01-01","SC","GOVERNADOR",NA,"titular","https://pt.wikipedia.org/wiki/Lista_de_governadores_de_Santa_Catarina","72825314"
"Jorginho Mello","1 de janeiro de 2023","Em exercício",NA,"Partido LiberalPL","Governador eleito em sufrágio universal","2023-01-01",NA,"SC","GOVERNADOR",NA,"titular","https://pt.wikipedia.org/wiki/Lista_de_governadores_de_Santa_Catarina","72825314"
"Mário Covas","1 de janeiro de 1995","6 de março de 2001(6 anos, 2 meses e 5 dias)","1994","PSDB","","1995-01-01","2001-03-06","SP","GOVERNADOR",NA,"titular","https://pt.wikipedia.org/wiki/Lista_de_governadores_de_São_Paulo","72871282"
"Mário Covas","1 de janeiro de 1995","6 de março de 2001(6 anos, 2 meses e 5 dias)","1998","PSDB","","1995-01-01","2001-03-06","SP","GOVERNADOR",NA,"titular","https://pt.wikipedia.org/wiki/Lista_de_governadores_de_São_Paulo","72871282"
"Geraldo Alckmin","6 de março de 2001","31 de março de 2006(5 anos e 25 dias)","—","PSDB","","2001-03-06","2006-03-31","SP","GOVERNADOR",NA,"titular","https://pt.wikipedia.org/wiki/Lista_de_governadores_de_São_Paulo","72871282"
"Geraldo Alckmin","6 de março de 2001","31 de março de 2006(5 anos e 25 dias)","2002","PSDB","","2001-03-06","2006-03-31","SP","GOVERNADOR",NA,"titular","https://pt.wikipedia.org/wiki/Lista_de_governadores_de_São_Paulo","72871282"
"Cláudio Lembo","31 de março de 2006","1 de janeiro de 2007(9 meses e 1 dia)","—","PFL","","2006-03-31","2007-01-01","SP","GOVERNADOR",NA,"titular","https://pt.wikipedia.org/wiki/Lista_de_governadores_de_São_Paulo","72871282"
"José Serra","1 de janeiro de 2007","2 de abril de 2010(3 anos, 3 meses e 1 dia)","2006","PSDB","","2007-01-01","2010-04-02","SP","GOVERNADOR",NA,"titular","https://pt.wikipedia.org/wiki/Lista_de_governadores_de_São_Paulo","72871282"
"Alberto Goldman","2 de abril de 2010","1 de janeiro de 2011(8 meses e 30 dias)","—","PSDB","","2010-04-02","2011-01-01","SP","GOVERNADOR",NA,"titular","https://pt.wikipedia.org/wiki/Lista_de_governadores_de_São_Paulo","72871282"
"Geraldo Alckmin","1 de janeiro de 2011","6 de abril de 2018(7 anos, 3 meses e 5 dias)","2010","PSDB","","2011-01-01","2018-04-06","SP","GOVERNADOR",NA,"titular","https://pt.wikipedia.org/wiki/Lista_de_governadores_de_São_Paulo","72871282"
"Geraldo Alckmin","1 de janeiro de 2011","6 de abril de 2018(7 anos, 3 meses e 5 dias)","2014","PSDB","","2011-01-01","2018-04-06","SP","GOVERNADOR",NA,"titular","https://pt.wikipedia.org/wiki/Lista_de_governadores_de_São_Paulo","72871282"
"Márcio França","6 de abril de 2018","1 de janeiro de 2019(8 meses e 26 dias)","—","PSB","","2018-04-06","2019-01-01","SP","GOVERNADOR",NA,"titular","https://pt.wikipedia.org/wiki/Lista_de_governadores_de_São_Paulo","72871282"
"João Doria","1 de janeiro de 2019","1 de abril de 2022(3 anos e 3 meses)","2018","PSDB","","2019-01-01","2022-04-01","SP","GOVERNADOR",NA,"titular","https://pt.wikipedia.org/wiki/Lista_de_governadores_de_São_Paulo","72871282"
"Rodrigo Garcia","1 de abril de 2022","1 de janeiro de 2023(9 meses)","—","PSDB","","2022-04-01","2023-01-01","SP","GOVERNADOR",NA,"titular","https://pt.wikipedia.org/wiki/Lista_de_governadores_de_São_Paulo","72871282"
"Tarcísio de Freitas","1 de janeiro de 2023a atualidade(3 anos, 7 meses e 27 dias)",NA,"2022","Republicanos","","2023-01-01",NA,"SP","GOVERNADOR",NA,"titular","https://pt.wikipedia.org/wiki/Lista_de_governadores_de_São_Paulo","72871282"
"Albano Franco","1º de janeiro de 1995","1º de janeiro de 1999",NA,"Partido da Social Democracia Brasileira PSDB","Governador eleito em sufrágio universal","1995-01-01","1999-01-01","SE","GOVERNADOR",NA,"titular","https://pt.wikipedia.org/wiki/Lista_de_governadores_de_Sergipe","72832868"
"Albano Franco","1º de janeiro de 1999","1º de janeiro de 2003",NA,"Partido da Social Democracia Brasileira PSDB","Governador eleito em sufrágio universal","1999-01-01","2003-01-01","SE","GOVERNADOR",NA,"titular","https://pt.wikipedia.org/wiki/Lista_de_governadores_de_Sergipe","72832868"
"João Alves Filho","1º de janeiro de 2003","1º de janeiro de 2007",NA,"Partido da Frente Liberal PFL","Governador eleito em sufrágio universal","2003-01-01","2007-01-01","SE","GOVERNADOR",NA,"titular","https://pt.wikipedia.org/wiki/Lista_de_governadores_de_Sergipe","72832868"
"Marcelo Déda","1º de janeiro de 2007","1º de janeiro de 2011",NA,"Partido dos Trabalhadores PT","Governador eleito em sufrágio universal","2007-01-01","2011-01-01","SE","GOVERNADOR",NA,"titular","https://pt.wikipedia.org/wiki/Lista_de_governadores_de_Sergipe","72832868"
"Marcelo Déda","1º de janeiro de 2011","2 de dezembro de 2013",NA,"Partido dos Trabalhadores PT","Governador reeleito falecido no cargo","2011-01-01","2013-12-02","SE","GOVERNADOR",NA,"titular","https://pt.wikipedia.org/wiki/Lista_de_governadores_de_Sergipe","72832868"
"Jackson Barreto","2 de dezembro de 2013","1º de janeiro de 2015",NA,"Partido do Movimento Democrático Brasileiro PMDB","Vice-Governador no cargo de Governador","2013-12-02","2015-01-01","SE","GOVERNADOR",NA,"titular","https://pt.wikipedia.org/wiki/Lista_de_governadores_de_Sergipe","72832868"
"Jackson Barreto","1º de janeiro de 2015","6 de abril de 2018",NA,"Partido do Movimento Democrático Brasileiro PMDB","Governador reeleito em sufrágio universal","2015-01-01","2018-04-06","SE","GOVERNADOR",NA,"titular","https://pt.wikipedia.org/wiki/Lista_de_governadores_de_Sergipe","72832868"
"Belivaldo Chagas","6 de abril de 2018","1° de janeiro de 2019",NA,"Partido Social Democrático PSD","Vice-governador no cargo de Governador","2018-04-06","2019-01-01","SE","GOVERNADOR",NA,"titular","https://pt.wikipedia.org/wiki/Lista_de_governadores_de_Sergipe","72832868"
"Belivaldo Chagas","1° de janeiro de 2019","1° de janeiro de 2023",NA,"Partido Social Democrático PSD","Governador reeleito em sufrágio universal","2019-01-01","2023-01-01","SE","GOVERNADOR",NA,"titular","https://pt.wikipedia.org/wiki/Lista_de_governadores_de_Sergipe","72832868"
"Fábio Mitidieri","1° de janeiro de 2023","Em exercício",NA,"Partido Social Democrático PSD","Governador eleito em sufrágio universal","2023-01-01",NA,"SE","GOVERNADOR",NA,"titular","https://pt.wikipedia.org/wiki/Lista_de_governadores_de_Sergipe","72832868"
"Orleir Cameli","1.º de janeiro de 1995","1.º de janeiro de 1999","1994","Partido Progressista Brasileiro(PPB)",NA,"1995-01-01","1999-01-01","AC","GOVERNADOR",NA,"titular","https://pt.wikipedia.org/wiki/Lista_de_governadores_do_Acre","72879559"
"Orleir Cameli","1.º de janeiro de 1995","1.º de janeiro de 1999","1994","Partido da Frente Liberal(PFL)",NA,"1995-01-01","1999-01-01","AC","GOVERNADOR",NA,"titular","https://pt.wikipedia.org/wiki/Lista_de_governadores_do_Acre","72879559"
"Jorge Viana","1.º de janeiro de 1999","1.º de janeiro de 2007","19982002","Partido dos Trabalhadores(PT)",NA,"1999-01-01","2007-01-01","AC","GOVERNADOR",NA,"titular","https://pt.wikipedia.org/wiki/Lista_de_governadores_do_Acre","72879559"
"Jorge Viana","1.º de janeiro de 1999","1.º de janeiro de 2007","19982002","Partido dos Trabalhadores(PT)",NA,"1999-01-01","2007-01-01","AC","GOVERNADOR",NA,"titular","https://pt.wikipedia.org/wiki/Lista_de_governadores_do_Acre","72879559"
"Binho Marques","1.º de janeiro de 2007","1.º de janeiro de 2011","2006","Partido dos Trabalhadores(PT)",NA,"2007-01-01","2011-01-01","AC","GOVERNADOR",NA,"titular","https://pt.wikipedia.org/wiki/Lista_de_governadores_do_Acre","72879559"
"Tião Viana","1.º de janeiro de 2011","1.º de janeiro de 2019","20102014","Partido dos Trabalhadores(PT)",NA,"2011-01-01","2019-01-01","AC","GOVERNADOR",NA,"titular","https://pt.wikipedia.org/wiki/Lista_de_governadores_do_Acre","72879559"
"Tião Viana","1.º de janeiro de 2011","1.º de janeiro de 2019","20102014","Partido dos Trabalhadores(PT)",NA,"2011-01-01","2019-01-01","AC","GOVERNADOR",NA,"titular","https://pt.wikipedia.org/wiki/Lista_de_governadores_do_Acre","72879559"
"Gladson Cameli","1.º de janeiro de 2019","2 de abril de 2026[nota 9]","20182022","Progressistas (PP)",NA,"2019-01-01","2026-04-02","AC","GOVERNADOR",NA,"titular","https://pt.wikipedia.org/wiki/Lista_de_governadores_do_Acre","72879559"
"Gladson Cameli","1.º de janeiro de 2019","2 de abril de 2026[nota 9]","20182022","Progressistas (PP)",NA,"2019-01-01","2026-04-02","AC","GOVERNADOR",NA,"titular","https://pt.wikipedia.org/wiki/Lista_de_governadores_do_Acre","72879559"
"Mailza Assis","2 de abril de 2026","Em exercício","2022","Progressistas (PP)",NA,"2026-04-02",NA,"AC","GOVERNADOR",NA,"titular","https://pt.wikipedia.org/wiki/Lista_de_governadores_do_Acre","72879559"
"João Capiberibe","1 de janeiro de 1995","5 de abril de 2002[nota 2]","1994","PSB",NA,"1995-01-01","2002-04-05","AP","GOVERNADOR",NA,"titular","https://pt.wikipedia.org/wiki/Lista_de_governadores_do_Amapá","72642558"
"João Capiberibe","1 de janeiro de 1995","5 de abril de 2002[nota 2]","1998","PSB",NA,"1995-01-01","2002-04-05","AP","GOVERNADOR",NA,"titular","https://pt.wikipedia.org/wiki/Lista_de_governadores_do_Amapá","72642558"
"Dalva Figueiredo","5 de abril de 2002","1 de janeiro de 2003","1998","PT",NA,"2002-04-05","2003-01-01","AP","GOVERNADOR",NA,"titular","https://pt.wikipedia.org/wiki/Lista_de_governadores_do_Amapá","72642558"
"Waldez Góes","1 de janeiro de 2003","5 de abril de 2010[nota 2]","2002","PDT",NA,"2003-01-01","2010-04-05","AP","GOVERNADOR",NA,"titular","https://pt.wikipedia.org/wiki/Lista_de_governadores_do_Amapá","72642558"
"Waldez Góes","1 de janeiro de 2003","5 de abril de 2010[nota 2]","2006","PDT",NA,"2003-01-01","2010-04-05","AP","GOVERNADOR",NA,"titular","https://pt.wikipedia.org/wiki/Lista_de_governadores_do_Amapá","72642558"
"Pedro Paulo Dias","5 de abril de 2010","1 de janeiro de 2011","—","PP",NA,"2010-04-05","2011-01-01","AP","GOVERNADOR",NA,"titular","https://pt.wikipedia.org/wiki/Lista_de_governadores_do_Amapá","72642558"
"Camilo Capiberibe","1 de janeiro de 2011","1 de janeiro de 2015","2010","PSB",NA,"2011-01-01","2015-01-01","AP","GOVERNADOR",NA,"titular","https://pt.wikipedia.org/wiki/Lista_de_governadores_do_Amapá","72642558"
"Waldez Góes","1 de janeiro de 2015","1 de janeiro de 2023","2014","PDT",NA,"2015-01-01","2023-01-01","AP","GOVERNADOR",NA,"titular","https://pt.wikipedia.org/wiki/Lista_de_governadores_do_Amapá","72642558"
"Waldez Góes","1 de janeiro de 2015","1 de janeiro de 2023","2018","PDT",NA,"2015-01-01","2023-01-01","AP","GOVERNADOR",NA,"titular","https://pt.wikipedia.org/wiki/Lista_de_governadores_do_Amapá","72642558"
"Waldez Góes","1 de janeiro de 2015","1 de janeiro de 2023","2018","PDT",NA,"2015-01-01","2023-01-01","AP","GOVERNADOR",NA,"titular","https://pt.wikipedia.org/wiki/Lista_de_governadores_do_Amapá","72642558"
"Clécio Luís","1 de janeiro de 2023","Em exercício","2022","União Brasil",NA,"2023-01-01",NA,"AP","GOVERNADOR",NA,"titular","https://pt.wikipedia.org/wiki/Lista_de_governadores_do_Amapá","72642558"
"Amazonino Mendes","1 de janeiro de 1995","1 de janeiro de 1999",NA,"Partido Progressista Reformador PPR","Governador eleito em sufrágio universal","1995-01-01","1999-01-01","AM","GOVERNADOR",NA,"titular","https://pt.wikipedia.org/wiki/Lista_de_governadores_do_Amazonas","72891223"
"Amazonino Mendes","1 de janeiro de 1999","1 de janeiro de 2003",NA,"Partido da Frente Liberal PFL","Governador reeleito em sufrágio universal","1999-01-01","2003-01-01","AM","GOVERNADOR",NA,"titular","https://pt.wikipedia.org/wiki/Lista_de_governadores_do_Amazonas","72891223"
"Eduardo Braga","1 de janeiro de 2003","1 de janeiro de 2007",NA,"Partido Popular Socialista PPS","Governador eleito em sufrágio universal","2003-01-01","2007-01-01","AM","GOVERNADOR",NA,"titular","https://pt.wikipedia.org/wiki/Lista_de_governadores_do_Amazonas","72891223"
"Eduardo Braga","1 de janeiro de 2007","31 de março de 2010",NA,"Partido do Movimento Democrático Brasileiro PMDB","Governador reeleito em sufrágio universal","2007-01-01","2010-03-31","AM","GOVERNADOR",NA,"titular","https://pt.wikipedia.org/wiki/Lista_de_governadores_do_Amazonas","72891223"
"Omar Aziz","31 de março de 2010","1 de janeiro de 2011",NA,"Partido da Mobilização Nacional PMN","Vice-Governador eleito no cargo de titular","2010-03-31","2011-01-01","AM","GOVERNADOR",NA,"titular","https://pt.wikipedia.org/wiki/Lista_de_governadores_do_Amazonas","72891223"
"Omar Aziz","1 de janeiro de 2011","4 de abril de 2014",NA,"Partido Social Democrático PSD","Governador reeleito em sufrágio universal","2011-01-01","2014-04-04","AM","GOVERNADOR",NA,"titular","https://pt.wikipedia.org/wiki/Lista_de_governadores_do_Amazonas","72891223"
"José Melo","4 de abril de 2014","1 de janeiro de 2015",NA,"Partido Republicano da Ordem Social PROS","Vice-Governador eleito no cargo de titular","2014-04-04","2015-01-01","AM","GOVERNADOR",NA,"titular","https://pt.wikipedia.org/wiki/Lista_de_governadores_do_Amazonas","72891223"
"José Melo","1 de janeiro de 2015","9 de maio de 2017",NA,"Partido Republicano da Ordem Social PROS","Governador reeleito em sufrágio universal, posteriormente cassado pelo Tribunal Superior Eleitoral","2015-01-01","2017-05-09","AM","GOVERNADOR",NA,"titular","https://pt.wikipedia.org/wiki/Lista_de_governadores_do_Amazonas","72891223"
"David Almeida","9 de maio de 2017","4 de outubro de 2017",NA,"Partido Social Democrático PSD","Presidente da Assembleia Legislativa no cargo de titular interinamente. Assumiu posteriormente após cassação de Melo pelo Tribunal Superior Eleitoral","2017-05-09","2017-10-04","AM","GOVERNADOR",NA,"titular","https://pt.wikipedia.org/wiki/Lista_de_governadores_do_Amazonas","72891223"
"Amazonino Mendes","4 de outubro de 2017","1 de janeiro de 2019",NA,"Partido Democrático Trabalhista PDT","Governador eleito em sufrágio universal nas eleições suplementares do Amazonas em 2017","2017-10-04","2019-01-01","AM","GOVERNADOR",NA,"titular","https://pt.wikipedia.org/wiki/Lista_de_governadores_do_Amazonas","72891223"
"Wilson Lima","1º de janeiro de 2019","1° de janeiro de 2023",NA,"Partido Social Cristão PSC","Governador eleito em sufrágio universal nas eleições estaduais no Amazonas em 2018","2019-01-01","2023-01-01","AM","GOVERNADOR",NA,"titular","https://pt.wikipedia.org/wiki/Lista_de_governadores_do_Amazonas","72891223"
"Wilson Lima","1° de janeiro de 2023","4 de abril de 2026",NA,"União Brasil UNIÃO","Governador reeleito em sufrágio universal nas Eleições estaduais no Amazonas em 2022, que renunciou ao cargo","2023-01-01","2026-04-04","AM","GOVERNADOR",NA,"titular","https://pt.wikipedia.org/wiki/Lista_de_governadores_do_Amazonas","72891223"
"Roberto Cidade","4° de abril de 2026","até a atualidade",NA,"União Brasil UNIÃO","Presidente da Assembleia Legislativa, assumiu o cargo com a renúncia do titular e vice governador Posteriormente, foi eleito governador pela Assembleia Legislativa","2026-04-04",NA,"AM","GOVERNADOR",NA,"titular","https://pt.wikipedia.org/wiki/Lista_de_governadores_do_Amazonas","72891223"
"Francisco de Barros","8 de setembro de 1994","9 de outubro de 1994",NA,"—","Presidente do tribunal de Justiça do Ceará assume com a renuncia do titular","1994-09-08","1994-10-09","CE","GOVERNADOR",NA,"titular","https://pt.wikipedia.org/wiki/Lista_de_governadores_do_Ceará","72864151"
"Francisco Aguiar","9 de outubro de 1994","1º de janeiro de 1995",NA,"Partido da Social Democracia Brasileira PSDB","Presidente da Assembléia eleito pelo voto indireto","1994-10-09","1995-01-01","CE","GOVERNADOR",NA,"titular","https://pt.wikipedia.org/wiki/Lista_de_governadores_do_Ceará","72864151"
"Tasso Jereissati","1º de janeiro de 1995","1º de janeiro de 1999",NA,"Partido da Social Democracia Brasileira PSDB","Governador eleito em sufrágio universal","1995-01-01","1999-01-01","CE","GOVERNADOR",NA,"titular","https://pt.wikipedia.org/wiki/Lista_de_governadores_do_Ceará","72864151"
"Tasso Jereissati","1º de janeiro de 1999","6 de abril de 2002",NA,"Partido da Social Democracia Brasileira PSDB","Governador reeleito renunciou o mandato","1999-01-01","2002-04-06","CE","GOVERNADOR",NA,"titular","https://pt.wikipedia.org/wiki/Lista_de_governadores_do_Ceará","72864151"
"Beni Veras","6 de abril de 2002","1º de janeiro de 2003",NA,"Partido da Social Democracia Brasileira PSDB","Vice-Governador que assume com a renuncia do titular","2002-04-06","2003-01-01","CE","GOVERNADOR",NA,"titular","https://pt.wikipedia.org/wiki/Lista_de_governadores_do_Ceará","72864151"
"Lúcio Alcântara","1º de janeiro de 2003","1º de janeiro de 2007",NA,"Partido da Social Democracia Brasileira PSDB","Governador eleito em sufrágio universal","2003-01-01","2007-01-01","CE","GOVERNADOR",NA,"titular","https://pt.wikipedia.org/wiki/Lista_de_governadores_do_Ceará","72864151"
"Cid Gomes","1º de janeiro de 2007","1º de janeiro de 2011",NA,"Partido Socialista Brasileiro PSB","Governador eleito em sufrágio universal","2007-01-01","2011-01-01","CE","GOVERNADOR",NA,"titular","https://pt.wikipedia.org/wiki/Lista_de_governadores_do_Ceará","72864151"
"Cid Gomes","1º de janeiro de 2011","1º de janeiro de 2015",NA,"Partido Republicano da Ordem Social PROS","Governador reeleito em sufrágio universal","2011-01-01","2015-01-01","CE","GOVERNADOR",NA,"titular","https://pt.wikipedia.org/wiki/Lista_de_governadores_do_Ceará","72864151"
"Camilo Santana","1º de janeiro de 2015","1º de janeiro de 2019",NA,"Partido dos Trabalhadores PT","Governador eleito em sufrágio universal","2015-01-01","2019-01-01","CE","GOVERNADOR",NA,"titular","https://pt.wikipedia.org/wiki/Lista_de_governadores_do_Ceará","72864151"
"Camilo Santana","1º de janeiro de 2019","2 de abril de 2022",NA,"Partido dos Trabalhadores PT","Governador reeleito renunciou o mandato","2019-01-01","2022-04-02","CE","GOVERNADOR",NA,"titular","https://pt.wikipedia.org/wiki/Lista_de_governadores_do_Ceará","72864151"
"Izolda Cela","2 de abril de 2022","1.º de janeiro de 2023",NA,"Partido Democrático Trabalhista PDT","Vice-governadora que assume com a renúncia do titular","2022-04-02","2023-01-01","CE","GOVERNADOR",NA,"titular","https://pt.wikipedia.org/wiki/Lista_de_governadores_do_Ceará","72864151"
"Elmano de Freitas","1.º de janeiro de 2023","em exercício",NA,"Partido dos Trabalhadores PT","Governador eleito em sufrágio universal","2023-01-01",NA,"CE","GOVERNADOR",NA,"titular","https://pt.wikipedia.org/wiki/Lista_de_governadores_do_Ceará","72864151"
"Vitor Buaiz","1.º de janeiro de 1995","1.º de janeiro de 1999",NA,NA,"","1995-01-01","1999-01-01","ES","GOVERNADOR",NA,"titular","https://pt.wikipedia.org/wiki/Lista_de_governadores_do_Espírito_Santo","72701022"
"Vitor Buaiz","1.º de janeiro de 1995","1.º de janeiro de 1999",NA,NA,"","1995-01-01","1999-01-01","ES","GOVERNADOR",NA,"titular","https://pt.wikipedia.org/wiki/Lista_de_governadores_do_Espírito_Santo","72701022"
"José Ignácio Ferreira","1.º de janeiro de 1999","1.º de janeiro de 2003",NA,NA,"","1999-01-01","2003-01-01","ES","GOVERNADOR",NA,"titular","https://pt.wikipedia.org/wiki/Lista_de_governadores_do_Espírito_Santo","72701022"
"José Ignácio Ferreira","1.º de janeiro de 1999","1.º de janeiro de 2003",NA,NA,"","1999-01-01","2003-01-01","ES","GOVERNADOR",NA,"titular","https://pt.wikipedia.org/wiki/Lista_de_governadores_do_Espírito_Santo","72701022"
"José Ignácio Ferreira","1.º de janeiro de 1999","1.º de janeiro de 2003",NA,NA,"","1999-01-01","2003-01-01","ES","GOVERNADOR",NA,"titular","https://pt.wikipedia.org/wiki/Lista_de_governadores_do_Espírito_Santo","72701022"
"José Ignácio Ferreira","1.º de janeiro de 1999","1.º de janeiro de 2003",NA,NA,"","1999-01-01","2003-01-01","ES","GOVERNADOR",NA,"titular","https://pt.wikipedia.org/wiki/Lista_de_governadores_do_Espírito_Santo","72701022"
"Paulo Hartung","1.º de janeiro de 2003","1.º de janeiro de 2007",NA,NA,"","2003-01-01","2007-01-01","ES","GOVERNADOR",NA,"titular","https://pt.wikipedia.org/wiki/Lista_de_governadores_do_Espírito_Santo","72701022"
"Paulo Hartung","1.º de janeiro de 2007","1.º de janeiro de 2011",NA,NA,"","2007-01-01","2011-01-01","ES","GOVERNADOR",NA,"titular","https://pt.wikipedia.org/wiki/Lista_de_governadores_do_Espírito_Santo","72701022"
"Renato Casagrande","1.º de janeiro de 2011","1.º de janeiro de 2015",NA,NA,"","2011-01-01","2015-01-01","ES","GOVERNADOR",NA,"titular","https://pt.wikipedia.org/wiki/Lista_de_governadores_do_Espírito_Santo","72701022"
"Paulo Hartung","1.º de janeiro de 2015","1.º de janeiro de 2019",NA,NA,"","2015-01-01","2019-01-01","ES","GOVERNADOR",NA,"titular","https://pt.wikipedia.org/wiki/Lista_de_governadores_do_Espírito_Santo","72701022"
"Paulo Hartung","1.º de janeiro de 2015","1.º de janeiro de 2019",NA,NA,"","2015-01-01","2019-01-01","ES","GOVERNADOR",NA,"titular","https://pt.wikipedia.org/wiki/Lista_de_governadores_do_Espírito_Santo","72701022"
"Renato Casagrande","1.º de janeiro de 2019","1.º de janeiro de 2023",NA,NA,"","2019-01-01","2023-01-01","ES","GOVERNADOR",NA,"titular","https://pt.wikipedia.org/wiki/Lista_de_governadores_do_Espírito_Santo","72701022"
"Renato Casagrande","1º de janeiro de 2023","1° de abril de 2026",NA,NA,"","2023-01-01","2026-04-01","ES","GOVERNADOR",NA,"titular","https://pt.wikipedia.org/wiki/Lista_de_governadores_do_Espírito_Santo","72701022"
"Ricardo Ferraço","02 de abril de 2026","em exercicio",NA,NA,"Vice-Governador no cargo de titular.","2026-04-02",NA,"ES","GOVERNADOR",NA,"titular","https://pt.wikipedia.org/wiki/Lista_de_governadores_do_Espírito_Santo","72701022"
"José de Ribamar Fiquene","2 de abril de 1994","1º de janeiro de 1995",NA,"Partido da Frente Liberal PFL","Vice-Governador eleito,assumiu após a renuncia do titular","1994-04-02","1995-01-01","MA","GOVERNADOR",NA,"titular","https://pt.wikipedia.org/wiki/Lista_de_governadores_do_Maranhão","72806694"
"Roseana Sarney","1º de janeiro de 1995","1º de janeiro de 1999",NA,"Partido da Frente Liberal PFL","Governadora eleita emsufrágio universal","1995-01-01","1999-01-01","MA","GOVERNADOR",NA,"titular","https://pt.wikipedia.org/wiki/Lista_de_governadores_do_Maranhão","72806694"
"Roseana Sarney","1º de janeiro de 1999","5 de abril de 2002",NA,"Partido da Frente Liberal PFL","Governadora reeleitaem sufrágio universal","1999-01-01","2002-04-05","MA","GOVERNADOR",NA,"titular","https://pt.wikipedia.org/wiki/Lista_de_governadores_do_Maranhão","72806694"
"José Reinaldo Tavares","5 de abril de 2002","1º de janeiro de 2003",NA,"Partido da Frente LiberalPFL","Vice-Governador eleito, assumiu após a renúncia da titular","2002-04-05","2003-01-01","MA","GOVERNADOR",NA,"titular","https://pt.wikipedia.org/wiki/Lista_de_governadores_do_Maranhão","72806694"
"José Reinaldo Tavares","1º de janeiro de 2003","1º de janeiro de 2007",NA,"Partido da Frente LiberalPFL","Governador reeleito em sufrágio universal","2003-01-01","2007-01-01","MA","GOVERNADOR",NA,"titular","https://pt.wikipedia.org/wiki/Lista_de_governadores_do_Maranhão","72806694"
"José Reinaldo Tavares","1º de janeiro de 2003","1º de janeiro de 2007",NA,"Partido Trabalhista BrasileiroPTB","Governador reeleito em sufrágio universal","2003-01-01","2007-01-01","MA","GOVERNADOR",NA,"titular","https://pt.wikipedia.org/wiki/Lista_de_governadores_do_Maranhão","72806694"
"José Reinaldo Tavares","1º de janeiro de 2003","1º de janeiro de 2007",NA,"Partido Socialista BrasileiroPSB","Governador reeleito em sufrágio universal","2003-01-01","2007-01-01","MA","GOVERNADOR",NA,"titular","https://pt.wikipedia.org/wiki/Lista_de_governadores_do_Maranhão","72806694"
"Jackson Lago","1º de janeiro de 2007","17 de abril de 2009",NA,"Partido Democrático Trabalhista PDT","Governador eleito em sufrágiouniversal, cassado em 3 de março de 2009","2007-01-01","2009-04-17","MA","GOVERNADOR",NA,"titular","https://pt.wikipedia.org/wiki/Lista_de_governadores_do_Maranhão","72806694"
"Roseana Sarney","17 de abril de 2009","1º de janeiro de 2011",NA,"Partido do Movimento Democrático Brasileiro PMDB","Segundo lugar nas eleições de 2006,assumiu após a cassação do titular","2009-04-17","2011-01-01","MA","GOVERNADOR",NA,"titular","https://pt.wikipedia.org/wiki/Lista_de_governadores_do_Maranhão","72806694"
"Roseana Sarney","1º de janeiro de 2011","10 de dezembro de 2014",NA,"Partido do Movimento Democrático Brasileiro PMDB","Governadora reeleitaem sufrágio universal","2011-01-01","2014-12-10","MA","GOVERNADOR",NA,"titular","https://pt.wikipedia.org/wiki/Lista_de_governadores_do_Maranhão","72806694"
"Arnaldo Melo","10 de dezembro de 2014","1º de janeiro de 2015",NA,"Partido do Movimento Democrático Brasileiro PMDB","Presidente da Assembleia Legislativa","2014-12-10","2015-01-01","MA","GOVERNADOR",NA,"titular","https://pt.wikipedia.org/wiki/Lista_de_governadores_do_Maranhão","72806694"
"Flávio Dino","1º de janeiro de 2015","1º de janeiro de 2019",NA,"Partido Comunista do BrasilPCdoB","Governador eleito em sufrágio universal","2015-01-01","2019-01-01","MA","GOVERNADOR",NA,"titular","https://pt.wikipedia.org/wiki/Lista_de_governadores_do_Maranhão","72806694"
"Flávio Dino","1º de janeiro de 2019","2 de abril de 2022",NA,"Partido Comunista do BrasilPCdoB","Governador reeleito em sufrágio universal","2019-01-01","2022-04-02","MA","GOVERNADOR",NA,"titular","https://pt.wikipedia.org/wiki/Lista_de_governadores_do_Maranhão","72806694"
"Flávio Dino","1º de janeiro de 2019","2 de abril de 2022",NA,"Partido Socialista BrasileiroPSB","Governador reeleito em sufrágio universal","2019-01-01","2022-04-02","MA","GOVERNADOR",NA,"titular","https://pt.wikipedia.org/wiki/Lista_de_governadores_do_Maranhão","72806694"
"Carlos Brandão","2 de abril de 2022","1° de janeiro de 2023",NA,"Partido Socialista Brasileiro PSB","Vice-Governador eleito,assumiu após a renuncia do titular","2022-04-02","2023-01-01","MA","GOVERNADOR",NA,"titular","https://pt.wikipedia.org/wiki/Lista_de_governadores_do_Maranhão","72806694"
"Carlos Brandão","1° de janeiro de 2023","em exercício",NA,"Partido Socialista Brasileiro PSB","Governador reeleito em sufrágio universal","2023-01-01",NA,"MA","GOVERNADOR",NA,"titular","https://pt.wikipedia.org/wiki/Lista_de_governadores_do_Maranhão","72806694"
"Carlos José Santos","3 de abril de 1994","1.º de janeiro de 1995",NA,NA,"Vice-governador eleito assumiu após a renúncia do titular.","1994-04-03","1995-01-01","PA","GOVERNADOR",NA,"titular","https://pt.wikipedia.org/wiki/Lista_de_governadores_do_Pará","72888854"
"Almir Gabriel","1.º de janeiro de 1995","1.º de janeiro de 1999",NA,NA,"Governador e vice eleitos em sufrágio universal.","1995-01-01","1999-01-01","PA","GOVERNADOR",NA,"titular","https://pt.wikipedia.org/wiki/Lista_de_governadores_do_Pará","72888854"
"Almir Gabriel","1.º de janeiro de 1999","1.º de janeiro de 2003",NA,NA,"Governador reeleito e vice eleito em sufrágio universal.","1999-01-01","2003-01-01","PA","GOVERNADOR",NA,"titular","https://pt.wikipedia.org/wiki/Lista_de_governadores_do_Pará","72888854"
"Simão Jatene","1.º de janeiro de 2003","1.º de janeiro de 2007",NA,NA,"Governador e vice eleitos em sufrágio universal.","2003-01-01","2007-01-01","PA","GOVERNADOR",NA,"titular","https://pt.wikipedia.org/wiki/Lista_de_governadores_do_Pará","72888854"
"Ana Júlia Carepa","1.º de janeiro de 2007","1.º de janeiro de 2011",NA,NA,"Governadora e vice eleitos em sufrágio universal.","2007-01-01","2011-01-01","PA","GOVERNADOR",NA,"titular","https://pt.wikipedia.org/wiki/Lista_de_governadores_do_Pará","72888854"
"Simão Jatene","1.º de janeiro de 2011","1.º de janeiro de 2015",NA,NA,"Governador e vice eleitos em sufrágio universal.","2011-01-01","2015-01-01","PA","GOVERNADOR",NA,"titular","https://pt.wikipedia.org/wiki/Lista_de_governadores_do_Pará","72888854"
"Simão Jatene","1.º de janeiro de 2015","1.º de janeiro de 2019",NA,NA,"Governador reeleito e vice eleito em sufrágio universal.","2015-01-01","2019-01-01","PA","GOVERNADOR",NA,"titular","https://pt.wikipedia.org/wiki/Lista_de_governadores_do_Pará","72888854"
"Helder Barbalho","1.º de janeiro de 2019","26 de abril de 2021",NA,NA,"Governador e vice eleitos em sufrágio universal.","2019-01-01","2021-04-26","PA","GOVERNADOR",NA,"titular","https://pt.wikipedia.org/wiki/Lista_de_governadores_do_Pará","72888854"
"Helder Barbalho","26 de abril de 2021","1.º de janeiro de 2023",NA,NA,"Vice-governador renunciou ao mandato.","2021-04-26","2023-01-01","PA","GOVERNADOR",NA,"titular","https://pt.wikipedia.org/wiki/Lista_de_governadores_do_Pará","72888854"
"Helder Barbalho","1.º de janeiro de 2023","2 de abril de 2026",NA,NA,"Governador reeleito e vice eleita em sufrágio universal.","2023-01-01","2026-04-02","PA","GOVERNADOR",NA,"titular","https://pt.wikipedia.org/wiki/Lista_de_governadores_do_Pará","72888854"
"Hana Ghassan","2 de abril de 2026","Em exercício",NA,NA,"Vice-governadora eleita assumiu após a renúncia do titular.","2026-04-02",NA,"PA","GOVERNADOR",NA,"titular","https://pt.wikipedia.org/wiki/Lista_de_governadores_do_Pará","72888854"
"Mário Pereira","2 de abril de 1994","1 de janeiro de 1995",NA,"Partido do Movimento Democrático Brasileiro PMDB","Vice-governador eleito por sufrágio universal, assumiu em face da reúncia do titular","1994-04-02","1995-01-01","PR","GOVERNADOR",NA,"titular","https://pt.wikipedia.org/wiki/Lista_de_governadores_do_Paraná","72634629"
"Jaime Lerner","1 de janeiro de 1995","1 de janeiro de 1999",NA,"Partido Democrático Trabalhista PDT","Governador eleito por sufrágio universal","1995-01-01","1999-01-01","PR","GOVERNADOR",NA,"titular","https://pt.wikipedia.org/wiki/Lista_de_governadores_do_Paraná","72634629"
"Jaime Lerner","1 de janeiro de 1999","1 de janeiro de 2003",NA,"Partido da Frente Liberal PFL","Governador reeleito por sufrágio universal","1999-01-01","2003-01-01","PR","GOVERNADOR",NA,"titular","https://pt.wikipedia.org/wiki/Lista_de_governadores_do_Paraná","72634629"
"Roberto Requião","1 de janeiro de 2003","4 de setembro de 2006",NA,"Partido do Movimento Democrático Brasileiro PMDB","Governador eleito por sufrágio universal","2003-01-01","2006-09-04","PR","GOVERNADOR",NA,"titular","https://pt.wikipedia.org/wiki/Lista_de_governadores_do_Paraná","72634629"
"Hermas Brandão","4 de setembro de 2006","1º de janeiro de 2007",NA,"Partido da Social Democracia Brasileira - PSDB","Presidente da Assembleia Legislativa","2006-09-04","2007-01-01","PR","GOVERNADOR",NA,"titular","https://pt.wikipedia.org/wiki/Lista_de_governadores_do_Paraná","72634629"
"Roberto Requião","1 de janeiro de 2007","1 de abril de 2010",NA,"Partido do Movimento Democrático Brasileiro PMDB","Governador reeleito por sufrágio universal","2007-01-01","2010-04-01","PR","GOVERNADOR",NA,"titular","https://pt.wikipedia.org/wiki/Lista_de_governadores_do_Paraná","72634629"
"Orlando Pessuti","1 de abril de 2010","1 de janeiro de 2011",NA,"Partido do Movimento Democrático Brasileiro PMDB","Vice-governador eleito por sufrágio universal, assumiu em face da renúncia do titular","2010-04-01","2011-01-01","PR","GOVERNADOR",NA,"titular","https://pt.wikipedia.org/wiki/Lista_de_governadores_do_Paraná","72634629"
"Beto Richa","1 de janeiro de 2011","1 de janeiro de 2015",NA,"Partido da Social Democracia Brasileira PSDB","Governador eleito em sufrágio universal","2011-01-01","2015-01-01","PR","GOVERNADOR",NA,"titular","https://pt.wikipedia.org/wiki/Lista_de_governadores_do_Paraná","72634629"
"Beto Richa","1 de janeiro de 2015","6 de abril de 2018",NA,"Partido da Social Democracia Brasileira PSDB","Governador reeleito por sufrágio universal","2015-01-01","2018-04-06","PR","GOVERNADOR",NA,"titular","https://pt.wikipedia.org/wiki/Lista_de_governadores_do_Paraná","72634629"
"Cida Borghetti","6 de abril de 2018","1 de janeiro de 2019",NA,"Partido Progressista PP","Vice-governadora eleita por sufrágio universal, assumiu em face da renúncia do titular","2018-04-06","2019-01-01","PR","GOVERNADOR",NA,"titular","https://pt.wikipedia.org/wiki/Lista_de_governadores_do_Paraná","72634629"
"Ratinho Júnior","1 de janeiro de 2019","1 de janeiro de 2023",NA,"Partido Social Democrático PSD","Governador eleito por sufrágio universal","2019-01-01","2023-01-01","PR","GOVERNADOR",NA,"titular","https://pt.wikipedia.org/wiki/Lista_de_governadores_do_Paraná","72634629"
"Ratinho Júnior","1 de janeiro de 2023","até a atualidade",NA,"Partido Social Democrático PSD","Governador reeleito por sufrágio universal''","2023-01-01",NA,"PR","GOVERNADOR",NA,"titular","https://pt.wikipedia.org/wiki/Lista_de_governadores_do_Paraná","72634629"
"Guilherme Melo","2 de abril de 1994","1º de janeiro de 1995",NA,"Partido Progressista Reformador PPR","Vice-governador no cargo de titular","1994-04-02","1995-01-01","PI","GOVERNADOR",NA,"titular","https://pt.wikipedia.org/wiki/Lista_de_governadores_do_Piauí","72864141"
"Mão Santa","1º de janeiro de 1995","1º de janeiro de 1999",NA,"Partido do Movimento Democrático Brasileiro PMDB","Governador eleito em sufrágio universal","1995-01-01","1999-01-01","PI","GOVERNADOR",NA,"titular","https://pt.wikipedia.org/wiki/Lista_de_governadores_do_Piauí","72864141"
"Mão Santa","1º de janeiro de 1999","6 de novembro de 2001",NA,"Partido do Movimento Democrático Brasileiro PMDB","Governador reeleito em sufrágio universal","1999-01-01","2001-11-06","PI","GOVERNADOR",NA,"titular","https://pt.wikipedia.org/wiki/Lista_de_governadores_do_Piauí","72864141"
"Kléber Eulálio","9 de novembro de 2001","19 de novembro de 2001",NA,"Partido do Movimento Democrático Brasileiro PMDB","Presidente da Assembleia Legislativa no cargo de Governador de foma interina","2001-11-09","2001-11-19","PI","GOVERNADOR",NA,"titular","https://pt.wikipedia.org/wiki/Lista_de_governadores_do_Piauí","72864141"
"Hugo Napoleão","19 de novembro de 2001","1º de janeiro de 2003",NA,"Partido da Frente Liberal PFL","Segundo lugar nas eleições de 1998,assumiu após a cassação da chapa vencedora","2001-11-19","2003-01-01","PI","GOVERNADOR",NA,"titular","https://pt.wikipedia.org/wiki/Lista_de_governadores_do_Piauí","72864141"
"Wellington Dias","1º de janeiro de 2003","1º de janeiro de 2007",NA,"Partido dos Trabalhadores PT","Governador eleito em sufrágio universal","2003-01-01","2007-01-01","PI","GOVERNADOR",NA,"titular","https://pt.wikipedia.org/wiki/Lista_de_governadores_do_Piauí","72864141"
"Wellington Dias","1º de janeiro de 2007","1º de abril de 2010",NA,"Partido dos Trabalhadores PT","Governador reeleito em sufrágio universal","2007-01-01","2010-04-01","PI","GOVERNADOR",NA,"titular","https://pt.wikipedia.org/wiki/Lista_de_governadores_do_Piauí","72864141"
"Wilson Martins","1º de abril de 2010","1º de janeiro de 2011",NA,"Partido Socialista Brasileiro PSB","Vice-governador no cargo de titular","2010-04-01","2011-01-01","PI","GOVERNADOR",NA,"titular","https://pt.wikipedia.org/wiki/Lista_de_governadores_do_Piauí","72864141"
"Wilson Martins","1º de janeiro de 2011","4 de abril de 2014",NA,"Partido Socialista Brasileiro PSB","Governador reeleito em sufrágio universal","2011-01-01","2014-04-04","PI","GOVERNADOR",NA,"titular","https://pt.wikipedia.org/wiki/Lista_de_governadores_do_Piauí","72864141"
"Zé Filho","4 de abril de 2014","1º de janeiro de 2015",NA,"Partido do Movimento Democrático Brasileiro PMDB","Vice-governador no cargo de titular","2014-04-04","2015-01-01","PI","GOVERNADOR",NA,"titular","https://pt.wikipedia.org/wiki/Lista_de_governadores_do_Piauí","72864141"
"Wellington Dias","1º de janeiro de 2015","1º de janeiro de 2019",NA,"Partido dos TrabalhadoresPT","Governador eleito em sufrágio universal","2015-01-01","2019-01-01","PI","GOVERNADOR",NA,"titular","https://pt.wikipedia.org/wiki/Lista_de_governadores_do_Piauí","72864141"
"Wellington Dias","1º de janeiro de 2019","31 de março de 2022",NA,"Partido dos TrabalhadoresPT","Governador reeleito em sufrágio universal. Renunciou ao cargo para disputar vaga no Senado Federal","2019-01-01","2022-03-31","PI","GOVERNADOR",NA,"titular","https://pt.wikipedia.org/wiki/Lista_de_governadores_do_Piauí","72864141"
"Regina Sousa","31 de março de 2022","1º de janeiro de 2023",NA,"Partido dos TrabalhadoresPT","Vice-governadora eleita em sufrágio universal. Assumiu em face da renúncia do titular.","2022-03-31","2023-01-01","PI","GOVERNADOR",NA,"titular","https://pt.wikipedia.org/wiki/Lista_de_governadores_do_Piauí","72864141"
"Rafael Fonteles","1º de janeiro de 2023","Até a atualidade",NA,"Partido dos TrabalhadoresPT","Governador eleito em sufrágio universal.","2023-01-01",NA,"PI","GOVERNADOR",NA,"titular","https://pt.wikipedia.org/wiki/Lista_de_governadores_do_Piauí","72864141"
"Nilo Batista","2 de abril de 1994","1 de janeiro de 1995","1990","Partido Democrático Trabalhista(PDT)",NA,"1994-04-02","1995-01-01","RJ","GOVERNADOR",NA,"titular","https://pt.wikipedia.org/wiki/Lista_de_governadores_do_Rio_de_Janeiro","72864125"
"Marcello Alencar","1 de janeiro de 1995","1 de janeiro de 1999","1994","Partido da Social Democracia Brasileira(PSDB)",NA,"1995-01-01","1999-01-01","RJ","GOVERNADOR",NA,"titular","https://pt.wikipedia.org/wiki/Lista_de_governadores_do_Rio_de_Janeiro","72864125"
"Anthony Garotinho","1 de janeiro de 1999","6 de abril de 2002
[nota 53]","1998","Partido Democrático Trabalhista(PDT)",NA,"1999-01-01","2002-04-06","RJ","GOVERNADOR",NA,"titular","https://pt.wikipedia.org/wiki/Lista_de_governadores_do_Rio_de_Janeiro","72864125"
"Anthony Garotinho","1 de janeiro de 1999","6 de abril de 2002
[nota 53]","1998","Partido Socialista Brasileiro(PSB)",NA,"1999-01-01","2002-04-06","RJ","GOVERNADOR",NA,"titular","https://pt.wikipedia.org/wiki/Lista_de_governadores_do_Rio_de_Janeiro","72864125"
"Benedita da Silva","6 de abril de 2002","1 de janeiro de 2003","1998","Partido dos Trabalhadores(PT)",NA,"2002-04-06","2003-01-01","RJ","GOVERNADOR",NA,"titular","https://pt.wikipedia.org/wiki/Lista_de_governadores_do_Rio_de_Janeiro","72864125"
"Rosinha Garotinho","1 de janeiro de 2003","1 de janeiro de 2007","2002","Partido Socialista Brasileiro(PSB)",NA,"2003-01-01","2007-01-01","RJ","GOVERNADOR",NA,"titular","https://pt.wikipedia.org/wiki/Lista_de_governadores_do_Rio_de_Janeiro","72864125"
"Rosinha Garotinho","1 de janeiro de 2003","1 de janeiro de 2007","2002","Partido do Movimento Democrático Brasileiro(PMDB)",NA,"2003-01-01","2007-01-01","RJ","GOVERNADOR",NA,"titular","https://pt.wikipedia.org/wiki/Lista_de_governadores_do_Rio_de_Janeiro","72864125"
"Sérgio Cabral Filho","1 de janeiro de 2007","3 de abril de 2014
[nota 54]","2006","Partido do Movimento Democrático Brasileiro(PMDB)",NA,"2007-01-01","2014-04-03","RJ","GOVERNADOR",NA,"titular","https://pt.wikipedia.org/wiki/Lista_de_governadores_do_Rio_de_Janeiro","72864125"
"Sérgio Cabral Filho","1 de janeiro de 2007","3 de abril de 2014
[nota 54]","2010","Partido do Movimento Democrático Brasileiro(PMDB)",NA,"2007-01-01","2014-04-03","RJ","GOVERNADOR",NA,"titular","https://pt.wikipedia.org/wiki/Lista_de_governadores_do_Rio_de_Janeiro","72864125"
"Luiz Fernando Pezão","4 de abril de 2014","1 de janeiro de 2019[nota 55][nota 56]","2010","Partido do Movimento Democrático Brasileiro(PMDB)",NA,"2014-04-04","2019-01-01","RJ","GOVERNADOR",NA,"titular","https://pt.wikipedia.org/wiki/Lista_de_governadores_do_Rio_de_Janeiro","72864125"
"Luiz Fernando Pezão","4 de abril de 2014","1 de janeiro de 2019[nota 55][nota 56]","2014","Partido do Movimento Democrático Brasileiro(PMDB)",NA,"2014-04-04","2019-01-01","RJ","GOVERNADOR",NA,"titular","https://pt.wikipedia.org/wiki/Lista_de_governadores_do_Rio_de_Janeiro","72864125"
"Wilson Witzel","1 de janeiro de 2019","30 de abril de 2021[nota 57]","2018","Partido Social Cristão(PSC)",NA,"2019-01-01","2021-04-30","RJ","GOVERNADOR",NA,"titular","https://pt.wikipedia.org/wiki/Lista_de_governadores_do_Rio_de_Janeiro","72864125"
"Cláudio Castro","1 de maio de 2021[nota 58]","23 de março de 2026
[nota 59][103]","2018","Partido Social Cristão(PSC)",NA,"2021-05-01","2026-03-23","RJ","GOVERNADOR",NA,"titular","https://pt.wikipedia.org/wiki/Lista_de_governadores_do_Rio_de_Janeiro","72864125"
"Cláudio Castro","1 de maio de 2021[nota 58]","23 de março de 2026
[nota 59][103]","2018","Partido Liberal(PL)",NA,"2021-05-01","2026-03-23","RJ","GOVERNADOR",NA,"titular","https://pt.wikipedia.org/wiki/Lista_de_governadores_do_Rio_de_Janeiro","72864125"
"Cláudio Castro","1 de maio de 2021[nota 58]","23 de março de 2026
[nota 59][103]","2022","Partido Liberal(PL)",NA,"2021-05-01","2026-03-23","RJ","GOVERNADOR",NA,"titular","https://pt.wikipedia.org/wiki/Lista_de_governadores_do_Rio_de_Janeiro","72864125"
"Cláudio Castro","1 de maio de 2021[nota 58]","23 de março de 2026
[nota 59][103]","2022","Partido Liberal(PL)",NA,"2021-05-01","2026-03-23","RJ","GOVERNADOR",NA,"titular","https://pt.wikipedia.org/wiki/Lista_de_governadores_do_Rio_de_Janeiro","72864125"
"Cláudio Castro","1 de maio de 2021[nota 58]","23 de março de 2026
[nota 59][103]","2022","Partido Liberal(PL)",NA,"2021-05-01","2026-03-23","RJ","GOVERNADOR",NA,"titular","https://pt.wikipedia.org/wiki/Lista_de_governadores_do_Rio_de_Janeiro","72864125"
"Ricardo Couto","23 de março de 2026
[nota 62]","até a atualidade","—[nota 61]","Nenhum",NA,"2026-03-23",NA,"RJ","GOVERNADOR",NA,"titular","https://pt.wikipedia.org/wiki/Lista_de_governadores_do_Rio_de_Janeiro","72864125"
"Vivaldo Costa","30 de março de 1994","31 de dezembro de 1994","Linha sucessória","PL","","1994-03-30","1994-12-31","RN","GOVERNADOR",NA,"titular","https://pt.wikipedia.org/wiki/Lista_de_governadores_do_Rio_Grande_do_Norte","72863102"
"Garibaldi Alves Filho","1.º de janeiro de 1995","5 de abril de 2002","1994","PMDB","","1995-01-01","2002-04-05","RN","GOVERNADOR",NA,"titular","https://pt.wikipedia.org/wiki/Lista_de_governadores_do_Rio_Grande_do_Norte","72863102"
"Garibaldi Alves Filho","1.º de janeiro de 1995","5 de abril de 2002","1998","PMDB","","1995-01-01","2002-04-05","RN","GOVERNADOR",NA,"titular","https://pt.wikipedia.org/wiki/Lista_de_governadores_do_Rio_Grande_do_Norte","72863102"
"Fernando Freire","5 de abril de 2002","31 de dezembro de 2002","Linha sucessória","PPB","","2002-04-05","2002-12-31","RN","GOVERNADOR",NA,"titular","https://pt.wikipedia.org/wiki/Lista_de_governadores_do_Rio_Grande_do_Norte","72863102"
"Wilma de Faria","1.º de janeiro de 2003","31 de março de 2010","2002","PSB","","2003-01-01","2010-03-31","RN","GOVERNADOR",NA,"titular","https://pt.wikipedia.org/wiki/Lista_de_governadores_do_Rio_Grande_do_Norte","72863102"
"Wilma de Faria","1.º de janeiro de 2003","31 de março de 2010","2006","PSB","","2003-01-01","2010-03-31","RN","GOVERNADOR",NA,"titular","https://pt.wikipedia.org/wiki/Lista_de_governadores_do_Rio_Grande_do_Norte","72863102"
"Iberê Ferreira de Souza","31 de março de 2010","31 de dezembro de 2010","Linha sucessória","PSB","","2010-03-31","2010-12-31","RN","GOVERNADOR",NA,"titular","https://pt.wikipedia.org/wiki/Lista_de_governadores_do_Rio_Grande_do_Norte","72863102"
"Rosalba Ciarlini","1.º de janeiro de 2011","31 de dezembro de 2014","2010","DEM","","2011-01-01","2014-12-31","RN","GOVERNADOR",NA,"titular","https://pt.wikipedia.org/wiki/Lista_de_governadores_do_Rio_Grande_do_Norte","72863102"
"Robinson Faria","1.º de janeiro de 2015","31 de dezembro de 2018","2014","PSD","","2015-01-01","2018-12-31","RN","GOVERNADOR",NA,"titular","https://pt.wikipedia.org/wiki/Lista_de_governadores_do_Rio_Grande_do_Norte","72863102"
"Fátima Bezerra","1.º de janeiro de 2019","","2018","PT","","2019-01-01",NA,"RN","GOVERNADOR",NA,"titular","https://pt.wikipedia.org/wiki/Lista_de_governadores_do_Rio_Grande_do_Norte","72863102"
"Fátima Bezerra","1.º de janeiro de 2019","","2022","PT","","2019-01-01",NA,"RN","GOVERNADOR",NA,"titular","https://pt.wikipedia.org/wiki/Lista_de_governadores_do_Rio_Grande_do_Norte","72863102"
"Antônio Britto","1 de janeiro de 1995","1 de janeiro de 1999","1994","Partido do Movimento Democrático Brasileiro(PMDB)",NA,"1995-01-01","1999-01-01","RS","GOVERNADOR",NA,"titular","https://pt.wikipedia.org/wiki/Lista_de_governadores_do_Rio_Grande_do_Sul","72639850"
"Olívio Dutra","1 de janeiro de 1999","1 de janeiro de 2003","1998","Partido dos Trabalhadores(PT)",NA,"1999-01-01","2003-01-01","RS","GOVERNADOR",NA,"titular","https://pt.wikipedia.org/wiki/Lista_de_governadores_do_Rio_Grande_do_Sul","72639850"
"Germano Rigotto","1 de janeiro de 2003","1 de janeiro de 2007","2002","Partido do Movimento Democrático Brasileiro(PMDB)",NA,"2003-01-01","2007-01-01","RS","GOVERNADOR",NA,"titular","https://pt.wikipedia.org/wiki/Lista_de_governadores_do_Rio_Grande_do_Sul","72639850"
"Yeda Crusius","1 de janeiro de 2007","1 de janeiro de 2011","2006","Partido da Social Democracia Brasileira(PSDB)",NA,"2007-01-01","2011-01-01","RS","GOVERNADOR",NA,"titular","https://pt.wikipedia.org/wiki/Lista_de_governadores_do_Rio_Grande_do_Sul","72639850"
"Tarso Genro","1 de janeiro de 2011","1 de janeiro de 2015","2010","Partido dos Trabalhadores(PT)",NA,"2011-01-01","2015-01-01","RS","GOVERNADOR",NA,"titular","https://pt.wikipedia.org/wiki/Lista_de_governadores_do_Rio_Grande_do_Sul","72639850"
"José Ivo Sartori","1 de janeiro de 2015","1 de janeiro de 2019","2014","Partido do Movimento Democrático Brasileiro(PMDB)",NA,"2015-01-01","2019-01-01","RS","GOVERNADOR",NA,"titular","https://pt.wikipedia.org/wiki/Lista_de_governadores_do_Rio_Grande_do_Sul","72639850"
"Eduardo Leite","1 de janeiro de 2019","31 de março de 2022[nota 2]","2018","Partido da Social Democracia Brasileira(PSDB)",NA,"2019-01-01","2022-03-31","RS","GOVERNADOR",NA,"titular","https://pt.wikipedia.org/wiki/Lista_de_governadores_do_Rio_Grande_do_Sul","72639850"
"Ranolfo Vieira Júnior","31 de março de 2022","1 de janeiro de 2023","2018","Partido da Social Democracia Brasileira(PSDB)",NA,"2022-03-31","2023-01-01","RS","GOVERNADOR",NA,"titular","https://pt.wikipedia.org/wiki/Lista_de_governadores_do_Rio_Grande_do_Sul","72639850"
"Eduardo Leite","1 de janeiro de 2023","em exercício","2022","Partido da Social Democracia Brasileira(PSDB)/Partido Social Democrático(PSD)",NA,"2023-01-01",NA,"RS","GOVERNADOR",NA,"titular","https://pt.wikipedia.org/wiki/Lista_de_governadores_do_Rio_Grande_do_Sul","72639850"
"Siqueira Campos","1º de janeiro de 1995","4 de abril de 1998","1994","PPR","","1995-01-01","1998-04-04","TO","GOVERNADOR",NA,"titular","https://pt.wikipedia.org/wiki/Lista_de_governadores_do_Tocantins","72165671"
"Raimundo Boi","4 de abril de 1998","1º de janeiro de 1999","—","PFL","","1998-04-04","1999-01-01","TO","GOVERNADOR",NA,"titular","https://pt.wikipedia.org/wiki/Lista_de_governadores_do_Tocantins","72165671"
"Siqueira Campos","1º de janeiro de 1999","1º de janeiro de 2003","1998","PFL","","1999-01-01","2003-01-01","TO","GOVERNADOR",NA,"titular","https://pt.wikipedia.org/wiki/Lista_de_governadores_do_Tocantins","72165671"
"Marcelo de Carvalho Miranda","1º de janeiro de 2003","8 de setembro de 2009","20022006","PFL","","2003-01-01","2009-09-08","TO","GOVERNADOR",NA,"titular","https://pt.wikipedia.org/wiki/Lista_de_governadores_do_Tocantins","72165671"
"Marcelo de Carvalho Miranda","1º de janeiro de 2003","8 de setembro de 2009","20022006","PMDB","","2003-01-01","2009-09-08","TO","GOVERNADOR",NA,"titular","https://pt.wikipedia.org/wiki/Lista_de_governadores_do_Tocantins","72165671"
"Carlos Henrique Gaguim","9 de setembro de 2009","1º de janeiro de 2011","2009(indireta)","PMDB","","2009-09-09","2011-01-01","TO","GOVERNADOR",NA,"titular","https://pt.wikipedia.org/wiki/Lista_de_governadores_do_Tocantins","72165671"
"Siqueira Campos","1º de janeiro de 2011","4 de abril de 2014","2010","PSDB","","2011-01-01","2014-04-04","TO","GOVERNADOR",NA,"titular","https://pt.wikipedia.org/wiki/Lista_de_governadores_do_Tocantins","72165671"
"Sandoval Cardoso","4 de abril de 2014","1º de janeiro de 2015","2014(indireta)","SD","","2014-04-04","2015-01-01","TO","GOVERNADOR",NA,"titular","https://pt.wikipedia.org/wiki/Lista_de_governadores_do_Tocantins","72165671"
"Marcelo de Carvalho Miranda","1º de janeiro de 2015","27 de março de 2018","2014","PMDB","","2015-01-01","2018-03-27","TO","GOVERNADOR",NA,"titular","https://pt.wikipedia.org/wiki/Lista_de_governadores_do_Tocantins","72165671"
"Mauro Carlesse","27 de março de 2018","6 de abril de 2018","—","PHS","","2018-03-27","2018-04-06","TO","GOVERNADOR",NA,"titular","https://pt.wikipedia.org/wiki/Lista_de_governadores_do_Tocantins","72165671"
"Marcelo de Carvalho Miranda","6 de abril de 2018[15]","19 de abril de 2018","2014","PMDB","","2018-04-06","2018-04-19","TO","GOVERNADOR",NA,"titular","https://pt.wikipedia.org/wiki/Lista_de_governadores_do_Tocantins","72165671"
"Mauro Carlesse","19 de abril de 2018","11 de março de 2022","2018(suplem.)
2018","PHS","","2018-04-19","2022-03-11","TO","GOVERNADOR",NA,"titular","https://pt.wikipedia.org/wiki/Lista_de_governadores_do_Tocantins","72165671"
"Mauro Carlesse","19 de abril de 2018","11 de março de 2022","2018(suplem.)
2018","DEM","","2018-04-19","2022-03-11","TO","GOVERNADOR",NA,"titular","https://pt.wikipedia.org/wiki/Lista_de_governadores_do_Tocantins","72165671"
"Mauro Carlesse","19 de abril de 2018","11 de março de 2022","2018(suplem.)
2018","PSL","","2018-04-19","2022-03-11","TO","GOVERNADOR",NA,"titular","https://pt.wikipedia.org/wiki/Lista_de_governadores_do_Tocantins","72165671"
"Wanderlei Barbosa","11 de março de 2022","31 de dezembro de 2022","2018(suplem.)
2018","Republicanos","","2022-03-11","2022-12-31","TO","GOVERNADOR",NA,"titular","https://pt.wikipedia.org/wiki/Lista_de_governadores_do_Tocantins","72165671"
"Wanderlei Barbosa","1.º de janeiro de 2023","Atual","2022","Republicanos","","2023-01-01",NA,"TO","GOVERNADOR",NA,"titular","https://pt.wikipedia.org/wiki/Lista_de_governadores_do_Tocantins","72165671"
"Cristovam Buarque","1.º de janeiro de 1995","1.º de janeiro de 1999",NA,"","Governador e vice eleitos em sufrágio universal.","1995-01-01","1999-01-01","DF","GOVERNADOR",NA,"titular","https://pt.wikipedia.org/wiki/Lista_de_prefeitos_e_governadores_do_Distrito_Federal","72156904"
"Joaquim Roriz","1º de janeiro de 1999","1.º de janeiro de 2003",NA,"","Governador e vice eleitos em sufrágio universal.","1999-01-01","2003-01-01","DF","GOVERNADOR",NA,"titular","https://pt.wikipedia.org/wiki/Lista_de_prefeitos_e_governadores_do_Distrito_Federal","72156904"
"Joaquim Roriz","1.º de janeiro de 2003","31 de março de 2006",NA,"","Governador reeleito e vice eleita em sufrágio universal.","2003-01-01","2006-03-31","DF","GOVERNADOR",NA,"titular","https://pt.wikipedia.org/wiki/Lista_de_prefeitos_e_governadores_do_Distrito_Federal","72156904"
"Maria Abadia","31 de março de 2006","1.º de janeiro de 2007",NA,"","Vice-governadora eleita no cargo de titular. Assumiu após a renúncia de Joaquim Roriz para candidatar-se ao Senado Federal pelo Distrito Federal.","2006-03-31","2007-01-01","DF","GOVERNADOR",NA,"titular","https://pt.wikipedia.org/wiki/Lista_de_prefeitos_e_governadores_do_Distrito_Federal","72156904"
"José Roberto Arruda","1.º de janeiro de 2007","16 de março de 2010",NA,"","Governador e vice eleitos em sufrágio universal, tendo o titular eleito sendo posteriormente cassado.","2007-01-01","2010-03-16","DF","GOVERNADOR",NA,"titular","https://pt.wikipedia.org/wiki/Lista_de_prefeitos_e_governadores_do_Distrito_Federal","72156904"
"José Roberto Arruda","1.º de janeiro de 2007","16 de março de 2010",NA,"","Governador e vice eleitos em sufrágio universal, tendo o titular eleito sendo posteriormente cassado.","2007-01-01","2010-03-16","DF","GOVERNADOR",NA,"titular","https://pt.wikipedia.org/wiki/Lista_de_prefeitos_e_governadores_do_Distrito_Federal","72156904"
"Paulo Octávio","11 de fevereiro de 2010","23 de fevereiro de 2010",NA,"","Vice-governador eleito no cargo interinamente, e que posteriormente renunciou o cargo de vice.","2010-02-11","2010-02-23","DF","GOVERNADOR",NA,"titular","https://pt.wikipedia.org/wiki/Lista_de_prefeitos_e_governadores_do_Distrito_Federal","72156904"
"Wilson Lima","23 de fevereiro de 2010","19 de abril de 2010",NA,"","Presidente da Câmara Legislativa do Distrito Federal no cargo de governador interino.","2010-02-23","2010-04-19","DF","GOVERNADOR",NA,"titular","https://pt.wikipedia.org/wiki/Lista_de_prefeitos_e_governadores_do_Distrito_Federal","72156904"
"Rogério Rosso","19 de abril de 2010","1.º de janeiro de 2011",NA,"","Governador e vice eleitos indiretamente para cumprir um mandato tampão.","2010-04-19","2011-01-01","DF","GOVERNADOR",NA,"titular","https://pt.wikipedia.org/wiki/Lista_de_prefeitos_e_governadores_do_Distrito_Federal","72156904"
"Agnelo Queiroz","1.º de janeiro de 2011","1.º de janeiro de 2015",NA,"","Governador e vice eleitos em sufrágio universal.","2011-01-01","2015-01-01","DF","GOVERNADOR",NA,"titular","https://pt.wikipedia.org/wiki/Lista_de_prefeitos_e_governadores_do_Distrito_Federal","72156904"
"Rodrigo Rollemberg","1.º de janeiro de 2015","1.º de janeiro de 2019",NA,"","Governador e vice eleitos em sufrágio universal.","2015-01-01","2019-01-01","DF","GOVERNADOR",NA,"titular","https://pt.wikipedia.org/wiki/Lista_de_prefeitos_e_governadores_do_Distrito_Federal","72156904"
"Ibaneis Rocha","1.º de janeiro de 2019","1.º de janeiro de 2023",NA,"","Governador e vice eleitos em sufrágio universal.","2019-01-01","2023-01-01","DF","GOVERNADOR",NA,"titular","https://pt.wikipedia.org/wiki/Lista_de_prefeitos_e_governadores_do_Distrito_Federal","72156904"
"Ibaneis Rocha","1.º de janeiro de 2023","9 de janeiro de 2023",NA,"","Governador reeleito e vice eleita em sufrágio universal, foi afastado do cargo durante a vigência do 2° mandato.","2023-01-01","2023-01-09","DF","GOVERNADOR",NA,"titular","https://pt.wikipedia.org/wiki/Lista_de_prefeitos_e_governadores_do_Distrito_Federal","72156904"
"Celina Leão","9 de janeiro de 2023","15 de março de 2023",NA,"","Vice-governadora eleita interinamente no cargo de titular, devido ao afastamento de Ibaneis Rocha, por decisão do Ministro do STF, Alexandre de Moraes.","2023-01-09","2023-03-15","DF","GOVERNADOR",NA,"titular","https://pt.wikipedia.org/wiki/Lista_de_prefeitos_e_governadores_do_Distrito_Federal","72156904"
"Ibaneis Rocha","15 de março de 2023","30 de março de 2026",NA,"","Governador reeleito afastado temporariamente de volta ao cargo de titular em março de 2023 e em 28 de Março de 2026, renúncia o mandato para concorrer a uma vaga no Senado Federal","2023-03-15","2026-03-30","DF","GOVERNADOR",NA,"titular","https://pt.wikipedia.org/wiki/Lista_de_prefeitos_e_governadores_do_Distrito_Federal","72156904"
"Celina Leão","30 de março de 2026","Atualidade",NA,"","Vice-governadora que assumiu o mandato após a renuncia de Ibaneis Rocha para concorrer ao senado federal. Embora assumindo efetivamente no dia 30 de março, a renuncia de Ibaneis é contabilizada desde o dia 28 de março.","2026-03-30",NA,"DF","GOVERNADOR",NA,"titular","https://pt.wikipedia.org/wiki/Lista_de_prefeitos_e_governadores_do_Distrito_Federal","72156904"
"Rosalvo Barbosa Romeo","2 de maio de 1994","1.º de janeiro de 1995",NA,"","Eleito indiretamente em 1994 para completar o período governamental.","1994-05-02","1995-01-01","BA","VICE-GOVERNADOR",NA,"titular","https://pt.wikipedia.org/wiki/Lista_de_vice-governadores_da_Bahia","72527430"
"César Borges","1.º de janeiro de 1995","4 de abril de 1998",NA,"","Vice-governador eleito em sufrágio universal.","1995-01-01","1998-04-04","BA","VICE-GOVERNADOR",NA,"titular","https://pt.wikipedia.org/wiki/Lista_de_vice-governadores_da_Bahia","72527430"
"Otto Alencar","1.º de janeiro de 1999","5 de abril de 2002",NA,"","Vice-governador eleito em sufrágio universal","1999-01-01","2002-04-05","BA","VICE-GOVERNADOR",NA,"titular","https://pt.wikipedia.org/wiki/Lista_de_vice-governadores_da_Bahia","72527430"
"Eraldo Tinoco Melo","1.º de janeiro de 2003","1.º de janeiro de 2007",NA,"","Vice-governador eleito em sufrágio universal.","2003-01-01","2007-01-01","BA","VICE-GOVERNADOR",NA,"titular","https://pt.wikipedia.org/wiki/Lista_de_vice-governadores_da_Bahia","72527430"
"Edmundo Pereira Santos","1.º de janeiro de 2007","1.º de janeiro de 2011",NA,"","Vice-governador eleito em sufrágio universal.","2007-01-01","2011-01-01","BA","VICE-GOVERNADOR",NA,"titular","https://pt.wikipedia.org/wiki/Lista_de_vice-governadores_da_Bahia","72527430"
"Otto Alencar","1.º de janeiro de 2011","1.º de janeiro de 2015",NA,"","Vice-governador eleito em sufrágio universal.","2011-01-01","2015-01-01","BA","VICE-GOVERNADOR",NA,"titular","https://pt.wikipedia.org/wiki/Lista_de_vice-governadores_da_Bahia","72527430"
"Otto Alencar","1.º de janeiro de 2011","1.º de janeiro de 2015",NA,"","Vice-governador eleito em sufrágio universal.","2011-01-01","2015-01-01","BA","VICE-GOVERNADOR",NA,"titular","https://pt.wikipedia.org/wiki/Lista_de_vice-governadores_da_Bahia","72527430"
"João Leão","1.º de janeiro de 2015","1.º de janeiro de 2019",NA,"","Vice-governador eleito em sufrágio universal.","2015-01-01","2019-01-01","BA","VICE-GOVERNADOR",NA,"titular","https://pt.wikipedia.org/wiki/Lista_de_vice-governadores_da_Bahia","72527430"
"João Leão","1.º de janeiro de 2019","1.º de janeiro de 2023",NA,"","Vice-governador reeleito em sufrágio universal.","2019-01-01","2023-01-01","BA","VICE-GOVERNADOR",NA,"titular","https://pt.wikipedia.org/wiki/Lista_de_vice-governadores_da_Bahia","72527430"
"Geraldo Júnior","1.º de janeiro de 2023","Em exercício",NA,"","Vice-governador eleito em sufrágio universal.","2023-01-01",NA,"BA","VICE-GOVERNADOR",NA,"titular","https://pt.wikipedia.org/wiki/Lista_de_vice-governadores_da_Bahia","72527430"
"José Targino Maranhão","1º de janeiro de 1995","16 de setembro de 1995",NA,NA,"","1995-01-01","1995-09-16","PB","VICE-GOVERNADOR",NA,"titular","https://pt.wikipedia.org/wiki/Lista_de_vice-governadores_da_Paraíba","72868015"
"Antônio Roberto de Sousa Paulino","1º de janeiro de 1999","5 de abril de 2002",NA,NA,"","1999-01-01","2002-04-05","PB","VICE-GOVERNADOR",NA,"titular","https://pt.wikipedia.org/wiki/Lista_de_vice-governadores_da_Paraíba","72868015"
"Lauremília Lucena","1º de janeiro de 2003","1º de janeiro de 2007",NA,NA,"","2003-01-01","2007-01-01","PB","VICE-GOVERNADOR",NA,"titular","https://pt.wikipedia.org/wiki/Lista_de_vice-governadores_da_Paraíba","72868015"
"José Lacerda Neto","1º de janeiro de 2007","17 de fevereiro de 2009",NA,NA,"","2007-01-01","2009-02-17","PB","VICE-GOVERNADOR",NA,"titular","https://pt.wikipedia.org/wiki/Lista_de_vice-governadores_da_Paraíba","72868015"
"Luciano Cartaxo Pires de Sá","18 de fevereiro de 2009","1º de janeiro de 2011",NA,NA,"","2009-02-18","2011-01-01","PB","VICE-GOVERNADOR",NA,"titular","https://pt.wikipedia.org/wiki/Lista_de_vice-governadores_da_Paraíba","72868015"
"Rômulo José de Gouveia","1º de janeiro de 2011","1º de janeiro de 2015",NA,NA,"","2011-01-01","2015-01-01","PB","VICE-GOVERNADOR",NA,"titular","https://pt.wikipedia.org/wiki/Lista_de_vice-governadores_da_Paraíba","72868015"
"Ana Lígia Costa Feliciano","1º de janeiro de 2015","1º de janeiro de 2023",NA,NA,"","2015-01-01","2023-01-01","PB","VICE-GOVERNADOR",NA,"titular","https://pt.wikipedia.org/wiki/Lista_de_vice-governadores_da_Paraíba","72868015"
"Lucas Ribeiro Novais de Araújo","1º de janeiro de 2023","em exercício",NA,NA,"","2023-01-01",NA,"PB","VICE-GOVERNADOR",NA,"titular","https://pt.wikipedia.org/wiki/Lista_de_vice-governadores_da_Paraíba","72868015"
"Manuel Gomes de Barros","1º de janeiro de 1995","17 de julho de 1997",NA,NA,"","1995-01-01","1997-07-17","AL","VICE-GOVERNADOR",NA,"titular","https://pt.wikipedia.org/wiki/Lista_de_vice-governadores_de_Alagoas","72161577"
"Geraldo Costa Sampaio","1º de janeiro de 1999","1º de janeiro de 2003",NA,NA,"","1999-01-01","2003-01-01","AL","VICE-GOVERNADOR",NA,"titular","https://pt.wikipedia.org/wiki/Lista_de_vice-governadores_de_Alagoas","72161577"
"Luís Abílio de Sousa Neto","1º de janeiro de 2003","31 de março de 2006",NA,NA,"","2003-01-01","2006-03-31","AL","VICE-GOVERNADOR",NA,"titular","https://pt.wikipedia.org/wiki/Lista_de_vice-governadores_de_Alagoas","72161577"
"José Wanderley Neto","1º de janeiro de 2007","1º de janeiro de 2011",NA,NA,"","2007-01-01","2011-01-01","AL","VICE-GOVERNADOR",NA,"titular","https://pt.wikipedia.org/wiki/Lista_de_vice-governadores_de_Alagoas","72161577"
"José Thomaz da Silva Nonô Neto","1º de janeiro de 2011","1º de janeiro de 2015",NA,NA,"","2011-01-01","2015-01-01","AL","VICE-GOVERNADOR",NA,"titular","https://pt.wikipedia.org/wiki/Lista_de_vice-governadores_de_Alagoas","72161577"
"José Luciano Barbosa da Silva","1º de janeiro de 2015","1º de janeiro de 2019",NA,NA,"","2015-01-01","2019-01-01","AL","VICE-GOVERNADOR",NA,"titular","https://pt.wikipedia.org/wiki/Lista_de_vice-governadores_de_Alagoas","72161577"
"José Luciano Barbosa da Silva","1º de janeiro de 2019","1º de janeiro de 2021",NA,NA,"","2019-01-01","2021-01-01","AL","VICE-GOVERNADOR",NA,"titular","https://pt.wikipedia.org/wiki/Lista_de_vice-governadores_de_Alagoas","72161577"
"José Wanderley Neto","15 de maio de 2022","31 de dezembro de 2022",NA,NA,"","2022-05-15","2022-12-31","AL","VICE-GOVERNADOR",NA,"titular","https://pt.wikipedia.org/wiki/Lista_de_vice-governadores_de_Alagoas","72161577"
"Ronaldo Augusto Lessa Santos","1º de janeiro de 2023","em exercício",NA,NA,"","2023-01-01",NA,"AL","VICE-GOVERNADOR",NA,"titular","https://pt.wikipedia.org/wiki/Lista_de_vice-governadores_de_Alagoas","72161577"
"Naphtali Alves de Souza","1.º de janeiro de 1995","3 de abril de 1998",NA,"","","1995-01-01","1998-04-03","GO","VICE-GOVERNADOR",NA,"titular","https://pt.wikipedia.org/wiki/Lista_de_vice-governadores_de_Goiás","72657807"
"Alcides Rodrigues","1.º de janeiro de 1999","31 de março de 2006",NA,"","","1999-01-01","2006-03-31","GO","VICE-GOVERNADOR",NA,"titular","https://pt.wikipedia.org/wiki/Lista_de_vice-governadores_de_Goiás","72657807"
"Ademir de Oliveira Meneses","1.º de janeiro de 2007","1.º de janeiro de 2011",NA,"","","2007-01-01","2011-01-01","GO","VICE-GOVERNADOR",NA,"titular","https://pt.wikipedia.org/wiki/Lista_de_vice-governadores_de_Goiás","72657807"
"José Eliton","1.º de janeiro de 2011","6 de abril de 2018",NA,"","","2011-01-01","2018-04-06","GO","VICE-GOVERNADOR",NA,"titular","https://pt.wikipedia.org/wiki/Lista_de_vice-governadores_de_Goiás","72657807"
"José Eliton","1.º de janeiro de 2011","6 de abril de 2018",NA,"","","2011-01-01","2018-04-06","GO","VICE-GOVERNADOR",NA,"titular","https://pt.wikipedia.org/wiki/Lista_de_vice-governadores_de_Goiás","72657807"
"Lincoln Tejota","1.º de janeiro de 2019","1.º de janeiro de 2023",NA,"","","2019-01-01","2023-01-01","GO","VICE-GOVERNADOR",NA,"titular","https://pt.wikipedia.org/wiki/Lista_de_vice-governadores_de_Goiás","72657807"
"Lincoln Tejota","1.º de janeiro de 2019","1.º de janeiro de 2023",NA,"","","2019-01-01","2023-01-01","GO","VICE-GOVERNADOR",NA,"titular","https://pt.wikipedia.org/wiki/Lista_de_vice-governadores_de_Goiás","72657807"
"Lincoln Tejota","1.º de janeiro de 2019","1.º de janeiro de 2023",NA,"","","2019-01-01","2023-01-01","GO","VICE-GOVERNADOR",NA,"titular","https://pt.wikipedia.org/wiki/Lista_de_vice-governadores_de_Goiás","72657807"
"Daniel Vilela","1.º de janeiro de 2023","31 de março de 2026",NA,"","","2023-01-01","2026-03-31","GO","VICE-GOVERNADOR",NA,"titular","https://pt.wikipedia.org/wiki/Lista_de_vice-governadores_de_Goiás","72657807"
"Braz Melo","1.º de janeiro de 1995","3 de maio de 1996",NA,"","Vice-governador eleito em sufrágio universal.","1995-01-01","1996-05-03","MS","VICE-GOVERNADOR",NA,"titular","https://pt.wikipedia.org/wiki/Lista_de_vice-governadores_de_Mato_Grosso_do_Sul","72143502"
"Moacir Kohl","1.º de janeiro de 1999","1.º de janeiro de 2003",NA,"","Vice-governador eleito em sufrágio universal.","1999-01-01","2003-01-01","MS","VICE-GOVERNADOR",NA,"titular","https://pt.wikipedia.org/wiki/Lista_de_vice-governadores_de_Mato_Grosso_do_Sul","72143502"
"Egon Krakheche","1.º de janeiro de 2003","1.º de janeiro de 2007",NA,"","Vice-governador eleito em sufrágio universal.","2003-01-01","2007-01-01","MS","VICE-GOVERNADOR",NA,"titular","https://pt.wikipedia.org/wiki/Lista_de_vice-governadores_de_Mato_Grosso_do_Sul","72143502"
"Murilo Zauith","1.º de janeiro de 2007","31 de dezembro de 2010",NA,"","Vice-governador eleito em sufrágio universal.","2007-01-01","2010-12-31","MS","VICE-GOVERNADOR",NA,"titular","https://pt.wikipedia.org/wiki/Lista_de_vice-governadores_de_Mato_Grosso_do_Sul","72143502"
"Simone Tebet","1.º de janeiro de 2011","31 de dezembro de 2014",NA,"","Vice-governadora eleita em sufrágio universal.","2011-01-01","2014-12-31","MS","VICE-GOVERNADOR",NA,"titular","https://pt.wikipedia.org/wiki/Lista_de_vice-governadores_de_Mato_Grosso_do_Sul","72143502"
"Rose Modesto","1.º de janeiro de 2015","31 de dezembro de 2018",NA,"","Vice-governadora eleita em sufrágio universal.","2015-01-01","2018-12-31","MS","VICE-GOVERNADOR",NA,"titular","https://pt.wikipedia.org/wiki/Lista_de_vice-governadores_de_Mato_Grosso_do_Sul","72143502"
"Murilo Zauith","1.º de janeiro de 2019","31 de dezembro de 2022",NA,"","Vice-governador eleito em sufrágio universal.","2019-01-01","2022-12-31","MS","VICE-GOVERNADOR",NA,"titular","https://pt.wikipedia.org/wiki/Lista_de_vice-governadores_de_Mato_Grosso_do_Sul","72143502"
"José Carlos Barbosa","1.º de janeiro de 2023","atualidade",NA,"","Vice-governador eleito em sufrágio universal.","2023-01-01",NA,"MS","VICE-GOVERNADOR",NA,"titular","https://pt.wikipedia.org/wiki/Lista_de_vice-governadores_de_Mato_Grosso_do_Sul","72143502"
"José Márcio Panoff de Lacerda","1º de janeiro de 1995","1º de janeiro de 1999",NA,NA,"","1995-01-01","1999-01-01","MT","VICE-GOVERNADOR",NA,"titular","https://pt.wikipedia.org/wiki/Lista_de_vice-governadores_de_Mato_Grosso","72146728"
"José Rogério Sales","1º de janeiro de 1999","5 de abril de 2002",NA,NA,"","1999-01-01","2002-04-05","MT","VICE-GOVERNADOR",NA,"titular","https://pt.wikipedia.org/wiki/Lista_de_vice-governadores_de_Mato_Grosso","72146728"
"Iraci Araújo Moreira","1º de janeiro de 2003","1º de janeiro de 2007",NA,NA,"","2003-01-01","2007-01-01","MT","VICE-GOVERNADOR",NA,"titular","https://pt.wikipedia.org/wiki/Lista_de_vice-governadores_de_Mato_Grosso","72146728"
"Silval da Cunha Barbosa","1º de janeiro de 2007","31 de março de 2010",NA,NA,"","2007-01-01","2010-03-31","MT","VICE-GOVERNADOR",NA,"titular","https://pt.wikipedia.org/wiki/Lista_de_vice-governadores_de_Mato_Grosso","72146728"
"Francisco Tarquínio Daltro","1º de janeiro de 2011","1º de janeiro de 2015",NA,NA,"","2011-01-01","2015-01-01","MT","VICE-GOVERNADOR",NA,"titular","https://pt.wikipedia.org/wiki/Lista_de_vice-governadores_de_Mato_Grosso","72146728"
"Carlos Henrique Baqueta Fávaro","1º de janeiro de 2015","5 de abril de 2018",NA,NA,"","2015-01-01","2018-04-05","MT","VICE-GOVERNADOR",NA,"titular","https://pt.wikipedia.org/wiki/Lista_de_vice-governadores_de_Mato_Grosso","72146728"
"Otaviano Olavo Pivetta","1º de janeiro de 2019","1º de janeiro de 2023",NA,NA,"","2019-01-01","2023-01-01","MT","VICE-GOVERNADOR",NA,"titular","https://pt.wikipedia.org/wiki/Lista_de_vice-governadores_de_Mato_Grosso","72146728"
"Otaviano Olavo Pivetta","1º de janeiro de 2023","31 de março de 2026",NA,NA,"","2023-01-01","2026-03-31","MT","VICE-GOVERNADOR",NA,"titular","https://pt.wikipedia.org/wiki/Lista_de_vice-governadores_de_Mato_Grosso","72146728"
"Walfrido dos Mares Guia","1.º de janeiro de 1995","1.º de janeiro de 1999",NA,"","Vice-governador eleito em sufrágio universal.","1995-01-01","1999-01-01","MG","VICE-GOVERNADOR",NA,"titular","https://pt.wikipedia.org/wiki/Lista_de_vice-governadores_de_Minas_Gerais","72107715"
"Newton Cardoso","1.º de janeiro de 1999","1.º de janeiro de 2003",NA,"","Vice-governador eleito em sufrágio universal.","1999-01-01","2003-01-01","MG","VICE-GOVERNADOR",NA,"titular","https://pt.wikipedia.org/wiki/Lista_de_vice-governadores_de_Minas_Gerais","72107715"
"Clésio Andrade","1.º de janeiro de 2003","1.º de janeiro de 2007",NA,"","Vice-governador eleito em sufrágio universal.","2003-01-01","2007-01-01","MG","VICE-GOVERNADOR",NA,"titular","https://pt.wikipedia.org/wiki/Lista_de_vice-governadores_de_Minas_Gerais","72107715"
"Antônio Anastasia","1.º de janeiro de 2007","31 de março de 2010",NA,"","Vice-governador eleito em sufrágio universal.","2007-01-01","2010-03-31","MG","VICE-GOVERNADOR",NA,"titular","https://pt.wikipedia.org/wiki/Lista_de_vice-governadores_de_Minas_Gerais","72107715"
"Alberto Pinto Coelho Júnior","1.º de janeiro de 2011","4 de abril de 2014",NA,"","Vice-governador eleito em sufrágio universal.","2011-01-01","2014-04-04","MG","VICE-GOVERNADOR",NA,"titular","https://pt.wikipedia.org/wiki/Lista_de_vice-governadores_de_Minas_Gerais","72107715"
"Antônio Andrade","1.º de janeiro de 2015","1.º de janeiro de 2019",NA,"","Vice-governador eleito em sufrágio universal.","2015-01-01","2019-01-01","MG","VICE-GOVERNADOR",NA,"titular","https://pt.wikipedia.org/wiki/Lista_de_vice-governadores_de_Minas_Gerais","72107715"
"Antônio Andrade","1.º de janeiro de 2015","1.º de janeiro de 2019",NA,"","Vice-governador eleito em sufrágio universal.","2015-01-01","2019-01-01","MG","VICE-GOVERNADOR",NA,"titular","https://pt.wikipedia.org/wiki/Lista_de_vice-governadores_de_Minas_Gerais","72107715"
"Paulo Brant","1.º de janeiro de 2019","1.º de janeiro de 2023",NA,"","Vice-governador eleito em sufrágio universal.","2019-01-01","2023-01-01","MG","VICE-GOVERNADOR",NA,"titular","https://pt.wikipedia.org/wiki/Lista_de_vice-governadores_de_Minas_Gerais","72107715"
"Paulo Brant","1.º de janeiro de 2019","1.º de janeiro de 2023",NA,"","Vice-governador eleito em sufrágio universal.","2019-01-01","2023-01-01","MG","VICE-GOVERNADOR",NA,"titular","https://pt.wikipedia.org/wiki/Lista_de_vice-governadores_de_Minas_Gerais","72107715"
"Mateus Simões","1.º de janeiro de 2023","22 de março de 2026",NA,"","Vice-governador eleito em sufrágio universal.","2023-01-01","2026-03-22","MG","VICE-GOVERNADOR",NA,"titular","https://pt.wikipedia.org/wiki/Lista_de_vice-governadores_de_Minas_Gerais","72107715"
"Mateus Simões","1.º de janeiro de 2023","22 de março de 2026",NA,"","Vice-governador eleito em sufrágio universal.","2023-01-01","2026-03-22","MG","VICE-GOVERNADOR",NA,"titular","https://pt.wikipedia.org/wiki/Lista_de_vice-governadores_de_Minas_Gerais","72107715"
"Jorge José Gomes","1º de janeiro de 1995","1º de janeiro de 1999",NA,"","Vice-governador eleito em sufrágio universal.","1995-01-01","1999-01-01","PE","VICE-GOVERNADOR",NA,"titular","https://pt.wikipedia.org/wiki/Lista_de_vice-governadores_de_Pernambuco","72624792"
"Mendonça Filho","1º de janeiro de 1999","1º de janeiro de 2003",NA,"","Vice-governador eleito em sufrágio universal.","1999-01-01","2003-01-01","PE","VICE-GOVERNADOR",NA,"titular","https://pt.wikipedia.org/wiki/Lista_de_vice-governadores_de_Pernambuco","72624792"
"Mendonça Filho","1º de janeiro de 2003","31 de março de 2006",NA,"","Vice-governador reeleito em sufrágio universal.","2003-01-01","2006-03-31","PE","VICE-GOVERNADOR",NA,"titular","https://pt.wikipedia.org/wiki/Lista_de_vice-governadores_de_Pernambuco","72624792"
"João Lyra Neto","1º de janeiro de 2007","1º de janeiro de 2011",NA,"","Vice-governador eleito em sufrágio universal.","2007-01-01","2011-01-01","PE","VICE-GOVERNADOR",NA,"titular","https://pt.wikipedia.org/wiki/Lista_de_vice-governadores_de_Pernambuco","72624792"
"João Lyra Neto","1º de janeiro de 2011","4 de abril de 2014",NA,"","Vice-governador reeleito em sufrágio universal.","2011-01-01","2014-04-04","PE","VICE-GOVERNADOR",NA,"titular","https://pt.wikipedia.org/wiki/Lista_de_vice-governadores_de_Pernambuco","72624792"
"Raul Henry","1º de janeiro de 2015","1º de janeiro de 2019",NA,"","Vice-governador eleito em sufrágio universal.","2015-01-01","2019-01-01","PE","VICE-GOVERNADOR",NA,"titular","https://pt.wikipedia.org/wiki/Lista_de_vice-governadores_de_Pernambuco","72624792"
"Luciana Santos","1º de janeiro de 2019","1º de janeiro de 2023",NA,"","Vice-governadora eleita em sufrágio universal.","2019-01-01","2023-01-01","PE","VICE-GOVERNADOR",NA,"titular","https://pt.wikipedia.org/wiki/Lista_de_vice-governadores_de_Pernambuco","72624792"
"Priscila Krause","1º de janeiro de 2023","Em exercício",NA,"","Vice-governadora eleita em sufrágio universal.","2023-01-01",NA,"PE","VICE-GOVERNADOR",NA,"titular","https://pt.wikipedia.org/wiki/Lista_de_vice-governadores_de_Pernambuco","72624792"
"Priscila Krause","1º de janeiro de 2023","Em exercício",NA,"","Vice-governadora eleita em sufrágio universal.","2023-01-01",NA,"PE","VICE-GOVERNADOR",NA,"titular","https://pt.wikipedia.org/wiki/Lista_de_vice-governadores_de_Pernambuco","72624792"
"Priscila Krause","1º de janeiro de 2023","Em exercício",NA,"","Vice-governadora eleita em sufrágio universal.","2023-01-01",NA,"PE","VICE-GOVERNADOR",NA,"titular","https://pt.wikipedia.org/wiki/Lista_de_vice-governadores_de_Pernambuco","72624792"
"Aparício Carvalho de Moraes","1.º de janeiro de 1995","1.º de janeiro de 1999",NA,"","Vice-governador eleito em sufrágio universal.","1995-01-01","1999-01-01","RO","VICE-GOVERNADOR",NA,"titular","https://pt.wikipedia.org/wiki/Lista_de_vice-governadores_de_Rondônia","72195923"
"Miguel de Souza","1.º de janeiro de 1999","1.º de janeiro de 2003",NA,"","Vice-governador eleito em sufrágio universal.","1999-01-01","2003-01-01","RO","VICE-GOVERNADOR",NA,"titular","https://pt.wikipedia.org/wiki/Lista_de_vice-governadores_de_Rondônia","72195923"
"Odaísa Fernandes Ferreira","1.º de janeiro de 2003","1.º de janeiro de 2007",NA,"","Vice-governadora eleita em sufrágio universal.","2003-01-01","2007-01-01","RO","VICE-GOVERNADOR",NA,"titular","https://pt.wikipedia.org/wiki/Lista_de_vice-governadores_de_Rondônia","72195923"
"João Aparecido Cahulla","1.º de janeiro de 2007","31 de março de 2010",NA,"","Vice-governador eleito em sufrágio universal.","2007-01-01","2010-03-31","RO","VICE-GOVERNADOR",NA,"titular","https://pt.wikipedia.org/wiki/Lista_de_vice-governadores_de_Rondônia","72195923"
"Airton Pedro Gurgacz","1.º de janeiro de 2011","1.º de janeiro de 2015",NA,"","Vice-governador eleito em sufrágio universal.","2011-01-01","2015-01-01","RO","VICE-GOVERNADOR",NA,"titular","https://pt.wikipedia.org/wiki/Lista_de_vice-governadores_de_Rondônia","72195923"
"Daniel Pereira","1.º de janeiro de 2015","6 de abril de 2018",NA,"","Vice-governador eleito em sufrágio universal.","2015-01-01","2018-04-06","RO","VICE-GOVERNADOR",NA,"titular","https://pt.wikipedia.org/wiki/Lista_de_vice-governadores_de_Rondônia","72195923"
"José Atílio Salazar Martins","1.º de janeiro de 2019","1.º de janeiro de 2023",NA,"","Vice-governador eleito em sufrágio universal.","2019-01-01","2023-01-01","RO","VICE-GOVERNADOR",NA,"titular","https://pt.wikipedia.org/wiki/Lista_de_vice-governadores_de_Rondônia","72195923"
"José Atílio Salazar Martins","1.º de janeiro de 2019","1.º de janeiro de 2023",NA,"","Vice-governador eleito em sufrágio universal.","2019-01-01","2023-01-01","RO","VICE-GOVERNADOR",NA,"titular","https://pt.wikipedia.org/wiki/Lista_de_vice-governadores_de_Rondônia","72195923"
"Sérgio Gonçalves da Silva","1° de janeiro de 2023","atualidade.",NA,"","Vice-governador eleito em sufrágio universal.","2023-01-01",NA,"RO","VICE-GOVERNADOR",NA,"titular","https://pt.wikipedia.org/wiki/Lista_de_vice-governadores_de_Rondônia","72195923"
"Airton Cascavel","1.º de janeiro de 1995","1.º de janeiro de 1999",NA,"","Vice-governador eleito em sufrágio universal.","1995-01-01","1999-01-01","RR","VICE-GOVERNADOR",NA,"titular","https://pt.wikipedia.org/wiki/Lista_de_vice-governadores_de_Roraima","72185914"
"Airton Cascavel","1.º de janeiro de 1995","1.º de janeiro de 1999",NA,"","Vice-governador eleito em sufrágio universal.","1995-01-01","1999-01-01","RR","VICE-GOVERNADOR",NA,"titular","https://pt.wikipedia.org/wiki/Lista_de_vice-governadores_de_Roraima","72185914"
"Francisco Flamarion Portela","1.º de janeiro de 1999","5 de abril de 2002",NA,"","Vice-governador eleito em sufrágio universal.","1999-01-01","2002-04-05","RR","VICE-GOVERNADOR",NA,"titular","https://pt.wikipedia.org/wiki/Lista_de_vice-governadores_de_Roraima","72185914"
"Salomão Afonso de Souza Cruz","1.º de janeiro de 2003","10 de novembro de 2004",NA,"","Vice-governador eleito em sufrágio universal, cassado pelo TSE junto ao titular, em 2004.","2003-01-01","2004-11-10","RR","VICE-GOVERNADOR",NA,"titular","https://pt.wikipedia.org/wiki/Lista_de_vice-governadores_de_Roraima","72185914"
"Erci de Moraes","10 de novembro de 2004","1.º de janeiro de 2007",NA,"","2° colocado na eleição de 2002 assumiu o mandato por decisão do TSE que cassou a chapa vencedora.","2004-11-10","2007-01-01","RR","VICE-GOVERNADOR",NA,"titular","https://pt.wikipedia.org/wiki/Lista_de_vice-governadores_de_Roraima","72185914"
"José Anchieta Júnior","1.º de janeiro de 2007","11 de dezembro de 2007",NA,"","Vice-governador eleito em sufrágio universal.","2007-01-01","2007-12-11","RR","VICE-GOVERNADOR",NA,"titular","https://pt.wikipedia.org/wiki/Lista_de_vice-governadores_de_Roraima","72185914"
"Chico Rodrigues","1.º de janeiro de 2011","4 de abril de 2014",NA,"","Vice-governador eleito em sufrágio universal.","2011-01-01","2014-04-04","RR","VICE-GOVERNADOR",NA,"titular","https://pt.wikipedia.org/wiki/Lista_de_vice-governadores_de_Roraima","72185914"
"Paulo Quartiero","1.º de janeiro de 2015","25 de janeiro de 2018",NA,"","Vice-governador eleito renunciou ao mandato.","2015-01-01","2018-01-25","RR","VICE-GOVERNADOR",NA,"titular","https://pt.wikipedia.org/wiki/Lista_de_vice-governadores_de_Roraima","72185914"
"Frutuoso Lins Cavalcante Neto","1.º de janeiro de 2019","1.º de janeiro de 2023",NA,"","Vice-governador eleito em sufrágio universal.","2019-01-01","2023-01-01","RR","VICE-GOVERNADOR",NA,"titular","https://pt.wikipedia.org/wiki/Lista_de_vice-governadores_de_Roraima","72185914"
"Edílson Damião Lima","1.º de janeiro de 2023","27 de março de 2026",NA,"","Vice-governador eleito em sufrágio universal, assumiu o governo após a renúncia do titular.","2023-01-01","2026-03-27","RR","VICE-GOVERNADOR",NA,"titular","https://pt.wikipedia.org/wiki/Lista_de_vice-governadores_de_Roraima","72185914"
"José Augusto Hülse","1º de janeiro de 1995","1º de janeiro de 1999",NA,NA,"","1995-01-01","1999-01-01","SC","VICE-GOVERNADOR",NA,"titular","https://pt.wikipedia.org/wiki/Lista_de_vice-governadores_de_Santa_Catarina","72117040"
"Paulo Roberto Bauer","1º de janeiro de 1999","31 de dezembro de 2002",NA,NA,"","1999-01-01","2002-12-31","SC","VICE-GOVERNADOR",NA,"titular","https://pt.wikipedia.org/wiki/Lista_de_vice-governadores_de_Santa_Catarina","72117040"
"Eduardo Pinho Moreira","1º de janeiro de 2003","9 de abril de 2006",NA,NA,"","2003-01-01","2006-04-09","SC","VICE-GOVERNADOR",NA,"titular","https://pt.wikipedia.org/wiki/Lista_de_vice-governadores_de_Santa_Catarina","72117040"
"Leonel Arcângelo Pavan","1º de janeiro de 2007","25 de março de 2010",NA,NA,"","2007-01-01","2010-03-25","SC","VICE-GOVERNADOR",NA,"titular","https://pt.wikipedia.org/wiki/Lista_de_vice-governadores_de_Santa_Catarina","72117040"
"Eduardo Pinho Moreira","1º de janeiro de 2011","1º de janeiro de 2015",NA,NA,"","2011-01-01","2015-01-01","SC","VICE-GOVERNADOR",NA,"titular","https://pt.wikipedia.org/wiki/Lista_de_vice-governadores_de_Santa_Catarina","72117040"
"Eduardo Pinho Moreira","1º de janeiro de 2015","5 de abril de 2018",NA,NA,"","2015-01-01","2018-04-05","SC","VICE-GOVERNADOR",NA,"titular","https://pt.wikipedia.org/wiki/Lista_de_vice-governadores_de_Santa_Catarina","72117040"
"Daniela Cristina Reinehr","1º de janeiro de 2019","1º de janeiro de 2023",NA,NA,"","2019-01-01","2023-01-01","SC","VICE-GOVERNADOR",NA,"titular","https://pt.wikipedia.org/wiki/Lista_de_vice-governadores_de_Santa_Catarina","72117040"
"Marilisa Boehm","1º de janeiro de 2023","em exercício",NA,NA,"","2023-01-01",NA,"SC","VICE-GOVERNADOR",NA,"titular","https://pt.wikipedia.org/wiki/Lista_de_vice-governadores_de_Santa_Catarina","72117040"
"Geraldo Alckmin","1.º de janeiro de 1995","31 de dezembro de 1998",NA,"","Vice-governador eleito em sufrágio universal.","1995-01-01","1998-12-31","SP","VICE-GOVERNADOR",NA,"titular","https://pt.wikipedia.org/wiki/Lista_de_vice-governadores_de_São_Paulo","72871377"
"Geraldo Alckmin","1.º de janeiro de 1999","6 de março de 2001",NA,"","Vice-governador reeleito em sufrágio universal.","1999-01-01","2001-03-06","SP","VICE-GOVERNADOR",NA,"titular","https://pt.wikipedia.org/wiki/Lista_de_vice-governadores_de_São_Paulo","72871377"
"Cláudio Lembo","1.º de janeiro de 2003","31 de março de 2006",NA,"","Vice-governador eleito em sufrágio universal.","2003-01-01","2006-03-31","SP","VICE-GOVERNADOR",NA,"titular","https://pt.wikipedia.org/wiki/Lista_de_vice-governadores_de_São_Paulo","72871377"
"Alberto Goldman","1.º de janeiro de 2007","2 de abril de 2010",NA,"","Vice-governador eleito em sufrágio universal.","2007-01-01","2010-04-02","SP","VICE-GOVERNADOR",NA,"titular","https://pt.wikipedia.org/wiki/Lista_de_vice-governadores_de_São_Paulo","72871377"
"Guilherme Afif Domingos","1.º de janeiro de 2011","1.º de janeiro de 2015",NA,"","Vice-governador eleito em sufrágio universal.","2011-01-01","2015-01-01","SP","VICE-GOVERNADOR",NA,"titular","https://pt.wikipedia.org/wiki/Lista_de_vice-governadores_de_São_Paulo","72871377"
"Guilherme Afif Domingos","1.º de janeiro de 2011","1.º de janeiro de 2015",NA,"","Vice-governador eleito em sufrágio universal.","2011-01-01","2015-01-01","SP","VICE-GOVERNADOR",NA,"titular","https://pt.wikipedia.org/wiki/Lista_de_vice-governadores_de_São_Paulo","72871377"
"Márcio França","1.º de janeiro de 2015","6 de abril de 2018",NA,"","Vice-governador eleito em sufrágio universal.","2015-01-01","2018-04-06","SP","VICE-GOVERNADOR",NA,"titular","https://pt.wikipedia.org/wiki/Lista_de_vice-governadores_de_São_Paulo","72871377"
"Rodrigo Garcia","1.º de janeiro de 2019","1.º de abril de 2022",NA,"","Vice-governador eleito em sufrágio universal.","2019-01-01","2022-04-01","SP","VICE-GOVERNADOR",NA,"titular","https://pt.wikipedia.org/wiki/Lista_de_vice-governadores_de_São_Paulo","72871377"
"Rodrigo Garcia","1.º de janeiro de 2019","1.º de abril de 2022",NA,"","Vice-governador eleito em sufrágio universal.","2019-01-01","2022-04-01","SP","VICE-GOVERNADOR",NA,"titular","https://pt.wikipedia.org/wiki/Lista_de_vice-governadores_de_São_Paulo","72871377"
"Felicio Ramuth","1.º de janeiro de 2023","atualidade",NA,"","Vice-governador eleito em sufrágio universal.","2023-01-01",NA,"SP","VICE-GOVERNADOR",NA,"titular","https://pt.wikipedia.org/wiki/Lista_de_vice-governadores_de_São_Paulo","72871377"
"Felicio Ramuth","1.º de janeiro de 2023","atualidade",NA,"","Vice-governador eleito em sufrágio universal.","2023-01-01",NA,"SP","VICE-GOVERNADOR",NA,"titular","https://pt.wikipedia.org/wiki/Lista_de_vice-governadores_de_São_Paulo","72871377"
"José Carlos Machado","1º de janeiro de 1995","1º de janeiro de 1999",NA,NA,"","1995-01-01","1999-01-01","SE","VICE-GOVERNADOR",NA,"titular","https://pt.wikipedia.org/wiki/Lista_de_vice-governadores_de_Sergipe","72155680"
"Benedito de Figueiredo","1º de janeiro de 1999","1º de janeiro de 2003",NA,NA,"","1999-01-01","2003-01-01","SE","VICE-GOVERNADOR",NA,"titular","https://pt.wikipedia.org/wiki/Lista_de_vice-governadores_de_Sergipe","72155680"
"Marília Mandarino","1º de janeiro de 2003","1º de janeiro de 2007",NA,NA,"","2003-01-01","2007-01-01","SE","VICE-GOVERNADOR",NA,"titular","https://pt.wikipedia.org/wiki/Lista_de_vice-governadores_de_Sergipe","72155680"
"Belivaldo Chagas Silva","1º de janeiro de 2007","1º de janeiro de 2011",NA,NA,"","2007-01-01","2011-01-01","SE","VICE-GOVERNADOR",NA,"titular","https://pt.wikipedia.org/wiki/Lista_de_vice-governadores_de_Sergipe","72155680"
"Jackson Barreto de Lima","1º de janeiro de 2011","2 de dezembro de 2013",NA,NA,"","2011-01-01","2013-12-02","SE","VICE-GOVERNADOR",NA,"titular","https://pt.wikipedia.org/wiki/Lista_de_vice-governadores_de_Sergipe","72155680"
"Belivaldo Chagas Silva","1º de janeiro de 2015","6 de abril de 2018",NA,NA,"","2015-01-01","2018-04-06","SE","VICE-GOVERNADOR",NA,"titular","https://pt.wikipedia.org/wiki/Lista_de_vice-governadores_de_Sergipe","72155680"
"Eliane Aquino Custódio","1º de janeiro de 2019","1º de janeiro de 2023",NA,NA,"","2019-01-01","2023-01-01","SE","VICE-GOVERNADOR",NA,"titular","https://pt.wikipedia.org/wiki/Lista_de_vice-governadores_de_Sergipe","72155680"
"José Macedo Sobral","1º de janeiro de 2023","em exercício",NA,NA,"","2023-01-01",NA,"SE","VICE-GOVERNADOR",NA,"titular","https://pt.wikipedia.org/wiki/Lista_de_vice-governadores_de_Sergipe","72155680"
"Labib Murad","1º de janeiro de 1995","1º de janeiro de 1999",NA,NA,"","1995-01-01","1999-01-01","AC","VICE-GOVERNADOR",NA,"titular","https://pt.wikipedia.org/wiki/Lista_de_vice-governadores_do_Acre","72189897"
"Edison Simão Cadaxo","1º de janeiro de 1999","7 de outubro de 2002",NA,NA,"","1999-01-01","2002-10-07","AC","VICE-GOVERNADOR",NA,"titular","https://pt.wikipedia.org/wiki/Lista_de_vice-governadores_do_Acre","72189897"
"Arnóbio Marques de Almeida Júnior","1º de janeiro de 2003","1º de janeiro de 2007",NA,NA,"","2003-01-01","2007-01-01","AC","VICE-GOVERNADOR",NA,"titular","https://pt.wikipedia.org/wiki/Lista_de_vice-governadores_do_Acre","72189897"
"Carlos César Correia de Messias","1º de janeiro de 2007","1º de janeiro de 2011",NA,NA,"","2007-01-01","2011-01-01","AC","VICE-GOVERNADOR",NA,"titular","https://pt.wikipedia.org/wiki/Lista_de_vice-governadores_do_Acre","72189897"
"Carlos César Correia de Messias","1º de janeiro de 2011","1º de janeiro de 2015",NA,NA,"","2011-01-01","2015-01-01","AC","VICE-GOVERNADOR",NA,"titular","https://pt.wikipedia.org/wiki/Lista_de_vice-governadores_do_Acre","72189897"
"Maria Nazareth Melo de Araújo Lambert","1º de janeiro de 2015","1º de janeiro de 2019",NA,NA,"","2015-01-01","2019-01-01","AC","VICE-GOVERNADOR",NA,"titular","https://pt.wikipedia.org/wiki/Lista_de_vice-governadores_do_Acre","72189897"
"Wherles Fernandes da Rocha","1º de janeiro de 2019","1º de janeiro de 2023",NA,NA,"","2019-01-01","2023-01-01","AC","VICE-GOVERNADOR",NA,"titular","https://pt.wikipedia.org/wiki/Lista_de_vice-governadores_do_Acre","72189897"
"Mailza Assis da Silva","1º de janeiro de 2023","2 de abril de 2026",NA,NA,"","2023-01-01","2026-04-02","AC","VICE-GOVERNADOR",NA,"titular","https://pt.wikipedia.org/wiki/Lista_de_vice-governadores_do_Acre","72189897"
"Antônio Hildegardo Gomes de Alencar","1º de janeiro de 1995","1º de janeiro de 1999",NA,NA,"","1995-01-01","1999-01-01","AP","VICE-GOVERNADOR",NA,"titular","https://pt.wikipedia.org/wiki/Lista_de_vice-governadores_do_Amapá","72206417"
"Maria Dalva de Souza Figueiredo","1º de janeiro de 1999","5 de abril de 2002",NA,NA,"","1999-01-01","2002-04-05","AP","VICE-GOVERNADOR",NA,"titular","https://pt.wikipedia.org/wiki/Lista_de_vice-governadores_do_Amapá","72206417"
"Pedro Paulo Dias de Carvalho","1º de janeiro de 2003","1º de janeiro de 2007",NA,NA,"","2003-01-01","2007-01-01","AP","VICE-GOVERNADOR",NA,"titular","https://pt.wikipedia.org/wiki/Lista_de_vice-governadores_do_Amapá","72206417"
"Pedro Paulo Dias de Carvalho","1º de janeiro de 2007","4 de abril de 2010",NA,NA,"","2007-01-01","2010-04-04","AP","VICE-GOVERNADOR",NA,"titular","https://pt.wikipedia.org/wiki/Lista_de_vice-governadores_do_Amapá","72206417"
"Doralice Nascimento de Souza","1º de janeiro de 2011","1º de janeiro de 2015",NA,NA,"","2011-01-01","2015-01-01","AP","VICE-GOVERNADOR",NA,"titular","https://pt.wikipedia.org/wiki/Lista_de_vice-governadores_do_Amapá","72206417"
"João Bosco Papaléo Paes","1º de janeiro de 2015","7 de agosto de 2018",NA,NA,"","2015-01-01","2018-08-07","AP","VICE-GOVERNADOR",NA,"titular","https://pt.wikipedia.org/wiki/Lista_de_vice-governadores_do_Amapá","72206417"
"Jaime Domingues Nunes","1º de janeiro de 2019","1º de janeiro de 2023",NA,NA,"","2019-01-01","2023-01-01","AP","VICE-GOVERNADOR",NA,"titular","https://pt.wikipedia.org/wiki/Lista_de_vice-governadores_do_Amapá","72206417"
"Antônio Pinheiro Teles Júnior","1º de janeiro de 2023","em exercício",NA,NA,"","2023-01-01",NA,"AP","VICE-GOVERNADOR",NA,"titular","https://pt.wikipedia.org/wiki/Lista_de_vice-governadores_do_Amapá","72206417"
"Alfredo Pereira do Nascimento","1º de janeiro de 1995","1º de janeiro de 1997",NA,"Partido Progressista Brasileiro PPB","Vice-governador eleito em sufrágio universal.","1995-01-01","1997-01-01","AM","VICE-GOVERNADOR",NA,"titular","https://pt.wikipedia.org/wiki/Lista_de_vice-governadores_do_Amazonas","72188660"
"Samuel Hanan","1º de janeiro de 1999","1º de janeiro de 2003",NA,"","Vice-governador eleito em sufrágio universal.","1999-01-01","2003-01-01","AM","VICE-GOVERNADOR",NA,"titular","https://pt.wikipedia.org/wiki/Lista_de_vice-governadores_do_Amazonas","72188660"
"Omar José Abdel Aziz","1º de janeiro de 2003","31 de março de 2010",NA,"Partido Frente Liberal PFL","Vice-governador eleito e reeleito em sufrágio universal.","2003-01-01","2010-03-31","AM","VICE-GOVERNADOR",NA,"titular","https://pt.wikipedia.org/wiki/Lista_de_vice-governadores_do_Amazonas","72188660"
"Omar José Abdel Aziz","1º de janeiro de 2003","31 de março de 2010",NA,"Partido Republicano Brasileiro PRB","Vice-governador eleito e reeleito em sufrágio universal.","2003-01-01","2010-03-31","AM","VICE-GOVERNADOR",NA,"titular","https://pt.wikipedia.org/wiki/Lista_de_vice-governadores_do_Amazonas","72188660"
"Omar José Abdel Aziz","1º de janeiro de 2003","31 de março de 2010",NA,"Partido Mobilização Nacional PMN","Vice-governador eleito e reeleito em sufrágio universal.","2003-01-01","2010-03-31","AM","VICE-GOVERNADOR",NA,"titular","https://pt.wikipedia.org/wiki/Lista_de_vice-governadores_do_Amazonas","72188660"
"José Melo de Oliveira","1º de janeiro de 2011","4 de abril de 2014",NA,"Partido do Movimento Democrático Brasileiro PMDB","Vice-governador eleito em sufrágio universal.","2011-01-01","2014-04-04","AM","VICE-GOVERNADOR",NA,"titular","https://pt.wikipedia.org/wiki/Lista_de_vice-governadores_do_Amazonas","72188660"
"José Melo de Oliveira","1º de janeiro de 2011","4 de abril de 2014",NA,"Partido Republicano da Ordem Social PROS","Vice-governador eleito em sufrágio universal.","2011-01-01","2014-04-04","AM","VICE-GOVERNADOR",NA,"titular","https://pt.wikipedia.org/wiki/Lista_de_vice-governadores_do_Amazonas","72188660"
"José Henrique Oliveira","1º de janeiro de 2015","4 de maio de 2017",NA,"Solidariedade","Vice-governador eleito em sufrágio universal posteriormente cassado pelo Tribunal Superior Eleitoral.","2015-01-01","2017-05-04","AM","VICE-GOVERNADOR",NA,"titular","https://pt.wikipedia.org/wiki/Lista_de_vice-governadores_do_Amazonas","72188660"
"João Bosco Gomes Saraiva","4 de outubro de 2017","1º de janeiro de 2019",NA,"Solidariedade","Vice-governador eleito em sufrágio universal nas eleições suplementares de 2017.","2017-10-04","2019-01-01","AM","VICE-GOVERNADOR",NA,"titular","https://pt.wikipedia.org/wiki/Lista_de_vice-governadores_do_Amazonas","72188660"
"Carlos Alberto Souza de Almeida Filho","1º de janeiro de 2019","1° de janeiro de 2023",NA,"Partido da Social Democracia Brasileira PSDB","Vice-governador eleito em sufrágio universal.","2019-01-01","2023-01-01","AM","VICE-GOVERNADOR",NA,"titular","https://pt.wikipedia.org/wiki/Lista_de_vice-governadores_do_Amazonas","72188660"
"Tadeu de Souza Silva","1° de janeiro de 2023","4 de abril de 2026",NA,"Avante","Vice-governador eleito em sufrágio universal, renunciou ao cargo","2023-01-01","2026-04-04","AM","VICE-GOVERNADOR",NA,"titular","https://pt.wikipedia.org/wiki/Lista_de_vice-governadores_do_Amazonas","72188660"
"Serafim Corrêa","4 de maio de 2026","Até o momento",NA,"Partido Socialista Brasileiro PSB","Vice-governador eleito indiretamente pela Assembleia Legislativa","2026-05-04",NA,"AM","VICE-GOVERNADOR",NA,"titular","https://pt.wikipedia.org/wiki/Lista_de_vice-governadores_do_Amazonas","72188660"
"Moroni Bing Torgan","1º de janeiro de 1995","1º de janeiro de 1999",NA,NA,"","1995-01-01","1999-01-01","CE","VICE-GOVERNADOR",NA,"titular","https://pt.wikipedia.org/wiki/Lista_de_vice-governadores_do_Ceará","72162102"
"Benedito Clayton Veras Alcântara","1º de janeiro de 1999","5 de abril de 2002",NA,NA,"","1999-01-01","2002-04-05","CE","VICE-GOVERNADOR",NA,"titular","https://pt.wikipedia.org/wiki/Lista_de_vice-governadores_do_Ceará","72162102"
"Francisco de Queiroz Maia Júnior","1º de janeiro de 2003","1º de janeiro de 2007",NA,NA,"","2003-01-01","2007-01-01","CE","VICE-GOVERNADOR",NA,"titular","https://pt.wikipedia.org/wiki/Lista_de_vice-governadores_do_Ceará","72162102"
"Francisco José Pinheiro","1º de janeiro de 2007","1º de janeiro de 2011",NA,NA,"","2007-01-01","2011-01-01","CE","VICE-GOVERNADOR",NA,"titular","https://pt.wikipedia.org/wiki/Lista_de_vice-governadores_do_Ceará","72162102"
"Domingos Gomes de Aguiar Filho","1º de janeiro de 2011","1º de janeiro de 2015",NA,NA,"","2011-01-01","2015-01-01","CE","VICE-GOVERNADOR",NA,"titular","https://pt.wikipedia.org/wiki/Lista_de_vice-governadores_do_Ceará","72162102"
"Maria Izolda Cela de Arruda Coelho","1º de janeiro de 2015","1º de janeiro de 2019",NA,NA,"","2015-01-01","2019-01-01","CE","VICE-GOVERNADOR",NA,"titular","https://pt.wikipedia.org/wiki/Lista_de_vice-governadores_do_Ceará","72162102"
"Maria Izolda Cela de Arruda Coelho","1º de janeiro de 2019","2° de abril de 2022",NA,NA,"","2019-01-01","2022-04-02","CE","VICE-GOVERNADOR",NA,"titular","https://pt.wikipedia.org/wiki/Lista_de_vice-governadores_do_Ceará","72162102"
"Jade Afonso Romero","1° de janeiro de 2023","em exercício",NA,NA,"","2023-01-01",NA,"CE","VICE-GOVERNADOR",NA,"titular","https://pt.wikipedia.org/wiki/Lista_de_vice-governadores_do_Ceará","72162102"
"Arlete Sampaio","1º de janeiro de 1995","31 de dezembro de 1998",NA,"","Vice-governadora eleita em sufrágio universal","1995-01-01","1998-12-31","DF","VICE-GOVERNADOR",NA,"titular","https://pt.wikipedia.org/wiki/Lista_de_vice-governadores_do_Distrito_Federal","72156323"
"Benedito Domingos","1º de janeiro de 1999","31 de dezembro de 2002",NA,"","Vice-governador eleito em sufrágio universal","1999-01-01","2002-12-31","DF","VICE-GOVERNADOR",NA,"titular","https://pt.wikipedia.org/wiki/Lista_de_vice-governadores_do_Distrito_Federal","72156323"
"Maria Abadia","1º de janeiro de 2003","31 de março de 2006",NA,"","Vice-governadora eleita em sufrágio universal","2003-01-01","2006-03-31","DF","VICE-GOVERNADOR",NA,"titular","https://pt.wikipedia.org/wiki/Lista_de_vice-governadores_do_Distrito_Federal","72156323"
"Paulo Octávio","1º de janeiro de 2007","11 de fevereiro de 2010",NA,"","Vice-governador eleito em sufrágio universal","2007-01-01","2010-02-11","DF","VICE-GOVERNADOR",NA,"titular","https://pt.wikipedia.org/wiki/Lista_de_vice-governadores_do_Distrito_Federal","72156323"
"Paulo Octávio","1º de janeiro de 2007","11 de fevereiro de 2010",NA,"","Vice-governador eleito em sufrágio universal","2007-01-01","2010-02-11","DF","VICE-GOVERNADOR",NA,"titular","https://pt.wikipedia.org/wiki/Lista_de_vice-governadores_do_Distrito_Federal","72156323"
"Ivelise Longhi","19 de abril de 2010","31 de dezembro de 2010",NA,"","Vice-governadora eleita em eleição indireta para cumprimento de mandato tampão","2010-04-19","2010-12-31","DF","VICE-GOVERNADOR",NA,"titular","https://pt.wikipedia.org/wiki/Lista_de_vice-governadores_do_Distrito_Federal","72156323"
"Tadeu Filippelli","1º de janeiro de 2011","31 de dezembro de 2014",NA,"","Vice-governador eleito em sufrágio universal","2011-01-01","2014-12-31","DF","VICE-GOVERNADOR",NA,"titular","https://pt.wikipedia.org/wiki/Lista_de_vice-governadores_do_Distrito_Federal","72156323"
"Renato Santana","1º de janeiro de 2015","31 de dezembro de 2018",NA,"","Vice-governador eleito em sufrágio universal","2015-01-01","2018-12-31","DF","VICE-GOVERNADOR",NA,"titular","https://pt.wikipedia.org/wiki/Lista_de_vice-governadores_do_Distrito_Federal","72156323"
"Paco Britto","1º de janeiro de 2019","31 de dezembro de 2022",NA,"","Vice-governador eleito em sufrágio universal","2019-01-01","2022-12-31","DF","VICE-GOVERNADOR",NA,"titular","https://pt.wikipedia.org/wiki/Lista_de_vice-governadores_do_Distrito_Federal","72156323"
"Celina Leão","1º de janeiro de 2023","30 de março de 2026",NA,"","Vice-governadora eleita em sufrágio universal","2023-01-01","2026-03-30","DF","VICE-GOVERNADOR",NA,"titular","https://pt.wikipedia.org/wiki/Lista_de_vice-governadores_do_Distrito_Federal","72156323"
"José Renato Casagrande","1º de janeiro de 1995","1º de janeiro de 1999",NA,NA,"","1995-01-01","1999-01-01","ES","VICE-GOVERNADOR",NA,"titular","https://pt.wikipedia.org/wiki/Lista_de_vice-governadores_do_Espírito_Santo","72112722"
"Celso José Vasconcelos","1º de janeiro de 1999","1º de janeiro de 2003",NA,NA,"","1999-01-01","2003-01-01","ES","VICE-GOVERNADOR",NA,"titular","https://pt.wikipedia.org/wiki/Lista_de_vice-governadores_do_Espírito_Santo","72112722"
"Wellington Coimbra","1º de janeiro de 2003","1º de janeiro de 2007",NA,NA,"","2003-01-01","2007-01-01","ES","VICE-GOVERNADOR",NA,"titular","https://pt.wikipedia.org/wiki/Lista_de_vice-governadores_do_Espírito_Santo","72112722"
"Ricardo de Rezende Ferraço","1º de janeiro de 2007","1º de janeiro de 2011",NA,NA,"","2007-01-01","2011-01-01","ES","VICE-GOVERNADOR",NA,"titular","https://pt.wikipedia.org/wiki/Lista_de_vice-governadores_do_Espírito_Santo","72112722"
"Givaldo Vieira da Silva","1º de janeiro de 2011","1º de janeiro de 2015",NA,NA,"","2011-01-01","2015-01-01","ES","VICE-GOVERNADOR",NA,"titular","https://pt.wikipedia.org/wiki/Lista_de_vice-governadores_do_Espírito_Santo","72112722"
"César Roberto Colnago","1º de janeiro de 2015","1º de janeiro de 2019",NA,NA,"","2015-01-01","2019-01-01","ES","VICE-GOVERNADOR",NA,"titular","https://pt.wikipedia.org/wiki/Lista_de_vice-governadores_do_Espírito_Santo","72112722"
"Jacqueline Moraes da Silva","1º de janeiro de 2019","1º de janeiro de 2023",NA,NA,"","2019-01-01","2023-01-01","ES","VICE-GOVERNADOR",NA,"titular","https://pt.wikipedia.org/wiki/Lista_de_vice-governadores_do_Espírito_Santo","72112722"
"Ricardo de Rezende Ferraço","1º de janeiro de 2023","2 de março de 2026",NA,NA,"","2023-01-01","2026-03-02","ES","VICE-GOVERNADOR",NA,"titular","https://pt.wikipedia.org/wiki/Lista_de_vice-governadores_do_Espírito_Santo","72112722"
"José Reinaldo Carneiro Tavares","1º de janeiro de 1995","1º de janeiro de 1999",NA,NA,"","1995-01-01","1999-01-01","MA","VICE-GOVERNADOR",NA,"titular","https://pt.wikipedia.org/wiki/Lista_de_vice-governadores_do_Maranhão","72178572"
"José Reinaldo Carneiro Tavares","1º de janeiro de 1999","5 de abril de 2002",NA,NA,"","1999-01-01","2002-04-05","MA","VICE-GOVERNADOR",NA,"titular","https://pt.wikipedia.org/wiki/Lista_de_vice-governadores_do_Maranhão","72178572"
"Jurandir Ferro do Lago Filho","1º de janeiro de 2003","1º de janeiro de 2007",NA,NA,"","2003-01-01","2007-01-01","MA","VICE-GOVERNADOR",NA,"titular","https://pt.wikipedia.org/wiki/Lista_de_vice-governadores_do_Maranhão","72178572"
"Luís Carlos Porto","1º de janeiro de 2007","16 de abril de 2009",NA,NA,"","2007-01-01","2009-04-16","MA","VICE-GOVERNADOR",NA,"titular","https://pt.wikipedia.org/wiki/Lista_de_vice-governadores_do_Maranhão","72178572"
"João Alberto Souza","17 de abril de 2009","1º de janeiro de 2011",NA,NA,"","2009-04-17","2011-01-01","MA","VICE-GOVERNADOR",NA,"titular","https://pt.wikipedia.org/wiki/Lista_de_vice-governadores_do_Maranhão","72178572"
"Joaquim Washington Luiz de Oliveira","1º de janeiro de 2011","29 de novembro de 2013",NA,NA,"","2011-01-01","2013-11-29","MA","VICE-GOVERNADOR",NA,"titular","https://pt.wikipedia.org/wiki/Lista_de_vice-governadores_do_Maranhão","72178572"
"Carlos Orleans Brandão Júnior","1º de janeiro de 2015","1º de janeiro de 2019",NA,NA,"","2015-01-01","2019-01-01","MA","VICE-GOVERNADOR",NA,"titular","https://pt.wikipedia.org/wiki/Lista_de_vice-governadores_do_Maranhão","72178572"
"Carlos Orleans Brandão Júnior","1º de janeiro de 2019","2 de abril de 2022",NA,NA,"","2019-01-01","2022-04-02","MA","VICE-GOVERNADOR",NA,"titular","https://pt.wikipedia.org/wiki/Lista_de_vice-governadores_do_Maranhão","72178572"
"Felipe Costa Camarão","1º de janeiro de 2023","em exercício",NA,NA,"","2023-01-01",NA,"MA","VICE-GOVERNADOR",NA,"titular","https://pt.wikipedia.org/wiki/Lista_de_vice-governadores_do_Maranhão","72178572"
"Hélio Mota Gueiros Júnior","1º de janeiro de 1995","1º de janeiro de 1999",NA,NA,"","1995-01-01","1999-01-01","PA","VICE-GOVERNADOR",NA,"titular","https://pt.wikipedia.org/wiki/Lista_de_vice-governadores_do_Pará","72173572"
"Hildegardo de Figueiredo Nunes","1º de janeiro de 1999","1º de janeiro de 2003",NA,NA,"","1999-01-01","2003-01-01","PA","VICE-GOVERNADOR",NA,"titular","https://pt.wikipedia.org/wiki/Lista_de_vice-governadores_do_Pará","72173572"
"Valéria Pires Franco","1º de janeiro de 2003","1º de janeiro de 2007",NA,NA,"","2003-01-01","2007-01-01","PA","VICE-GOVERNADOR",NA,"titular","https://pt.wikipedia.org/wiki/Lista_de_vice-governadores_do_Pará","72173572"
"Odair Santos Corrêa","1º de janeiro de 2007","1º de janeiro de 2011",NA,NA,"","2007-01-01","2011-01-01","PA","VICE-GOVERNADOR",NA,"titular","https://pt.wikipedia.org/wiki/Lista_de_vice-governadores_do_Pará","72173572"
"Helenilson Cunha Pontes","1º de janeiro de 2011","1º de janeiro de 2015",NA,NA,"","2011-01-01","2015-01-01","PA","VICE-GOVERNADOR",NA,"titular","https://pt.wikipedia.org/wiki/Lista_de_vice-governadores_do_Pará","72173572"
"José da Cruz Marinho","1º de janeiro de 2015","1º de janeiro de 2019",NA,NA,"","2015-01-01","2019-01-01","PA","VICE-GOVERNADOR",NA,"titular","https://pt.wikipedia.org/wiki/Lista_de_vice-governadores_do_Pará","72173572"
"Lúcio Dutra Vale","1º de janeiro de 2019","26 de abril de 2021",NA,NA,"","2019-01-01","2021-04-26","PA","VICE-GOVERNADOR",NA,"titular","https://pt.wikipedia.org/wiki/Lista_de_vice-governadores_do_Pará","72173572"
"Hana Ghassan Tuma","1º de janeiro de 2023","2 de abril de 2026",NA,NA,"","2023-01-01","2026-04-02","PA","VICE-GOVERNADOR",NA,"titular","https://pt.wikipedia.org/wiki/Lista_de_vice-governadores_do_Pará","72173572"
"Emília de Sales Belinati","1º de janeiro de 1995","1º de janeiro de 1999",NA,"","Vice-governadora eleita em sufrágio universal","1995-01-01","1999-01-01","PR","VICE-GOVERNADOR",NA,"titular","https://pt.wikipedia.org/wiki/Lista_de_vice-governadores_do_Paraná","72112895"
"Emília de Sales Belinati","1º de janeiro de 1999","1º de janeiro de 2003",NA,"","Vice-governadora reeleita em sufrágio universal","1999-01-01","2003-01-01","PR","VICE-GOVERNADOR",NA,"titular","https://pt.wikipedia.org/wiki/Lista_de_vice-governadores_do_Paraná","72112895"
"Orlando Pessuti","1º de janeiro de 2003","1º de janeiro de 2007",NA,"","Vice-governador eleito em sufrágio universal","2003-01-01","2007-01-01","PR","VICE-GOVERNADOR",NA,"titular","https://pt.wikipedia.org/wiki/Lista_de_vice-governadores_do_Paraná","72112895"
"Orlando Pessuti","1º de janeiro de 2007","1° de abril de 2010",NA,"","Vice-governador eleito em sufrágio universal","2007-01-01","2010-04-01","PR","VICE-GOVERNADOR",NA,"titular","https://pt.wikipedia.org/wiki/Lista_de_vice-governadores_do_Paraná","72112895"
"Flávio José Arns","1º de janeiro de 2011","1º de janeiro de 2015",NA,"","Vice-governador eleito em sufrágio universal","2011-01-01","2015-01-01","PR","VICE-GOVERNADOR",NA,"titular","https://pt.wikipedia.org/wiki/Lista_de_vice-governadores_do_Paraná","72112895"
"Cida Borghetti","1º de janeiro de 2015","6 de abril de 2018",NA,"","Vice-governadora eleita em sufrágio universal","2015-01-01","2018-04-06","PR","VICE-GOVERNADOR",NA,"titular","https://pt.wikipedia.org/wiki/Lista_de_vice-governadores_do_Paraná","72112895"
"Darci Piana","1º de janeiro de 2019","1° de janeiro de 2023",NA,"","Vice-governador eleito em sufrágio universal","2019-01-01","2023-01-01","PR","VICE-GOVERNADOR",NA,"titular","https://pt.wikipedia.org/wiki/Lista_de_vice-governadores_do_Paraná","72112895"
"Darci Piana","1º de janeiro de 2023","em exercício",NA,"","Vice-governador reeleito em sufrágio universal","2023-01-01",NA,"PR","VICE-GOVERNADOR",NA,"titular","https://pt.wikipedia.org/wiki/Lista_de_vice-governadores_do_Paraná","72112895"
"Osmar Antônio de Araújo","1º de janeiro de 1995","1º de janeiro de 1999",NA,NA,"","1995-01-01","1999-01-01","PI","VICE-GOVERNADOR",NA,"titular","https://pt.wikipedia.org/wiki/Lista_de_vice-governadores_do_Piauí","72856099"
"Osmar Ribeiro de Almeida Júnior","1º de janeiro de 1999","6 de novembro de 2001",NA,NA,"","1999-01-01","2001-11-06","PI","VICE-GOVERNADOR",NA,"titular","https://pt.wikipedia.org/wiki/Lista_de_vice-governadores_do_Piauí","72856099"
"Felipe Mendes de Oliveira","19 de novembro de 2001","1º de janeiro de 2003",NA,NA,"","2001-11-19","2003-01-01","PI","VICE-GOVERNADOR",NA,"titular","https://pt.wikipedia.org/wiki/Lista_de_vice-governadores_do_Piauí","72856099"
"Osmar Ribeiro de Almeida Júnior","1º de janeiro de 2003","1º de janeiro de 2007",NA,NA,"","2003-01-01","2007-01-01","PI","VICE-GOVERNADOR",NA,"titular","https://pt.wikipedia.org/wiki/Lista_de_vice-governadores_do_Piauí","72856099"
"Wilson Nunes Martins","1º de janeiro de 2007","1° de abril de 2010",NA,NA,"","2007-01-01","2010-04-01","PI","VICE-GOVERNADOR",NA,"titular","https://pt.wikipedia.org/wiki/Lista_de_vice-governadores_do_Piauí","72856099"
"Antônio José de Moraes Souza Filho","1º de janeiro de 2011","3 de abril de 2014",NA,NA,"","2011-01-01","2014-04-03","PI","VICE-GOVERNADOR",NA,"titular","https://pt.wikipedia.org/wiki/Lista_de_vice-governadores_do_Piauí","72856099"
"Margarete de Castro Coelho","1º de janeiro de 2015","1º de janeiro de 2019",NA,NA,"","2015-01-01","2019-01-01","PI","VICE-GOVERNADOR",NA,"titular","https://pt.wikipedia.org/wiki/Lista_de_vice-governadores_do_Piauí","72856099"
"Maria Regina Sousa","1º de janeiro de 2019","31 de março de 2022",NA,NA,"","2019-01-01","2022-03-31","PI","VICE-GOVERNADOR",NA,"titular","https://pt.wikipedia.org/wiki/Lista_de_vice-governadores_do_Piauí","72856099"
"Themístocles de Sampaio Pereira Filho","1° de janeiro de 2023","em exercício",NA,NA,"","2023-01-01",NA,"PI","VICE-GOVERNADOR",NA,"titular","https://pt.wikipedia.org/wiki/Lista_de_vice-governadores_do_Piauí","72856099"
"Luiz Paulo Corrêa da Rocha","1º de janeiro de 1995","1º de janeiro de 1999",NA,"Partido da Social Democracia BrasileiraPSDB","","1995-01-01","1999-01-01","RJ","VICE-GOVERNADOR",NA,"titular","https://pt.wikipedia.org/wiki/Lista_de_vice-governadores_do_Rio_de_Janeiro","72107279"
"Benedita da Silva","1º de janeiro de 1999","6 de abril de 2002",NA,"Partido dos TrabalhadoresPT","","1999-01-01","2002-04-06","RJ","VICE-GOVERNADOR",NA,"titular","https://pt.wikipedia.org/wiki/Lista_de_vice-governadores_do_Rio_de_Janeiro","72107279"
"Luiz Paulo Conde","1º de janeiro de 2003","1º de janeiro de 2007",NA,"Partido Socialista BrasileiroPSB","","2003-01-01","2007-01-01","RJ","VICE-GOVERNADOR",NA,"titular","https://pt.wikipedia.org/wiki/Lista_de_vice-governadores_do_Rio_de_Janeiro","72107279"
"Luiz Paulo Conde","1º de janeiro de 2003","1º de janeiro de 2007",NA,"Partido do Movimento Democrático BrasileiroPMDB","","2003-01-01","2007-01-01","RJ","VICE-GOVERNADOR",NA,"titular","https://pt.wikipedia.org/wiki/Lista_de_vice-governadores_do_Rio_de_Janeiro","72107279"
"Luiz Fernando Pezão","1º de janeiro de 2007","3 de abril de 2014",NA,"Partido do Movimento Democrático BrasileiroPMDB","","2007-01-01","2014-04-03","RJ","VICE-GOVERNADOR",NA,"titular","https://pt.wikipedia.org/wiki/Lista_de_vice-governadores_do_Rio_de_Janeiro","72107279"
"Francisco Dornelles","1º de janeiro de 2015","1º de janeiro de 2019",NA,"Partido ProgressistaPP","","2015-01-01","2019-01-01","RJ","VICE-GOVERNADOR",NA,"titular","https://pt.wikipedia.org/wiki/Lista_de_vice-governadores_do_Rio_de_Janeiro","72107279"
"Cláudio Castro","1º de janeiro de 2019[2]","30 de abril de 2021",NA,"Partido Social Cristão PSC","","2019-01-01","2021-04-30","RJ","VICE-GOVERNADOR",NA,"titular","https://pt.wikipedia.org/wiki/Lista_de_vice-governadores_do_Rio_de_Janeiro","72107279"
"Thiago Pampolha","1º de janeiro de 2023","21 de maio de 2025",NA,"União Brasil UNIÃO","","2023-01-01","2025-05-21","RJ","VICE-GOVERNADOR",NA,"titular","https://pt.wikipedia.org/wiki/Lista_de_vice-governadores_do_Rio_de_Janeiro","72107279"
"Thiago Pampolha","1º de janeiro de 2023","21 de maio de 2025",NA,"Movimento Democrático BrasileiroMDB","","2023-01-01","2025-05-21","RJ","VICE-GOVERNADOR",NA,"titular","https://pt.wikipedia.org/wiki/Lista_de_vice-governadores_do_Rio_de_Janeiro","72107279"
"Fernando Freire","1.º de janeiro de 1995","5 de abril de 2002",NA,"PPB","","1995-01-01","2002-04-05","RN","VICE-GOVERNADOR",NA,"titular","https://pt.wikipedia.org/wiki/Lista_de_vice-governadores_do_Rio_Grande_do_Norte","72752233"
"Antônio Jácome","1.º de janeiro de 2003","31 de dezembro de 2006",NA,"PMN","","2003-01-01","2006-12-31","RN","VICE-GOVERNADOR",NA,"titular","https://pt.wikipedia.org/wiki/Lista_de_vice-governadores_do_Rio_Grande_do_Norte","72752233"
"Iberê Ferreira de Souza","1.º de janeiro de 2007","31 de março de 2010",NA,"PSB","","2007-01-01","2010-03-31","RN","VICE-GOVERNADOR",NA,"titular","https://pt.wikipedia.org/wiki/Lista_de_vice-governadores_do_Rio_Grande_do_Norte","72752233"
"Robinson Faria","1.º de janeiro de 2011","31 de dezembro de 2014",NA,"PSD","","2011-01-01","2014-12-31","RN","VICE-GOVERNADOR",NA,"titular","https://pt.wikipedia.org/wiki/Lista_de_vice-governadores_do_Rio_Grande_do_Norte","72752233"
"Fábio Dantas","1.º de janeiro de 2015","31 de dezembro de 2018",NA,"PCdoB","","2015-01-01","2018-12-31","RN","VICE-GOVERNADOR",NA,"titular","https://pt.wikipedia.org/wiki/Lista_de_vice-governadores_do_Rio_Grande_do_Norte","72752233"
"Antenor Roberto","1.º de janeiro de 2019","31 de dezembro de 2022",NA,"PCdoB","","2019-01-01","2022-12-31","RN","VICE-GOVERNADOR",NA,"titular","https://pt.wikipedia.org/wiki/Lista_de_vice-governadores_do_Rio_Grande_do_Norte","72752233"
"Walter Alves","1.º de janeiro de 2023","",NA,"PMDB","","2023-01-01",NA,"RN","VICE-GOVERNADOR",NA,"titular","https://pt.wikipedia.org/wiki/Lista_de_vice-governadores_do_Rio_Grande_do_Norte","72752233"
"Vicente Joaquim Bogo","1º de janeiro de 1995","1º de janeiro de 1999",NA,NA,"","1995-01-01","1999-01-01","RS","VICE-GOVERNADOR",NA,"titular","https://pt.wikipedia.org/wiki/Lista_de_vice-governadores_do_Rio_Grande_do_Sul","72116566"
"Miguel Soldatelli Rossetto","1º de janeiro de 1999","1º de janeiro de 2003",NA,NA,"","1999-01-01","2003-01-01","RS","VICE-GOVERNADOR",NA,"titular","https://pt.wikipedia.org/wiki/Lista_de_vice-governadores_do_Rio_Grande_do_Sul","72116566"
"Antônio Carlos Hohlfeldt","1º de janeiro de 2003","1º de janeiro de 2007",NA,NA,"","2003-01-01","2007-01-01","RS","VICE-GOVERNADOR",NA,"titular","https://pt.wikipedia.org/wiki/Lista_de_vice-governadores_do_Rio_Grande_do_Sul","72116566"
"Paulo Afonso Girardi Feijó","1º de janeiro de 2007","1º de janeiro de 2011",NA,NA,"","2007-01-01","2011-01-01","RS","VICE-GOVERNADOR",NA,"titular","https://pt.wikipedia.org/wiki/Lista_de_vice-governadores_do_Rio_Grande_do_Sul","72116566"
"Jorge Alberto Duarte Grill","1º de janeiro de 2011","1º de janeiro de 2015",NA,NA,"","2011-01-01","2015-01-01","RS","VICE-GOVERNADOR",NA,"titular","https://pt.wikipedia.org/wiki/Lista_de_vice-governadores_do_Rio_Grande_do_Sul","72116566"
"José Paulo Dornelles Cairoli","1º de janeiro de 2015","1º de janeiro de 2019",NA,NA,"","2015-01-01","2019-01-01","RS","VICE-GOVERNADOR",NA,"titular","https://pt.wikipedia.org/wiki/Lista_de_vice-governadores_do_Rio_Grande_do_Sul","72116566"
"Ranolfo Vieira Júnior","1º de janeiro de 2019","31 de março de 2022",NA,NA,"","2019-01-01","2022-03-31","RS","VICE-GOVERNADOR",NA,"titular","https://pt.wikipedia.org/wiki/Lista_de_vice-governadores_do_Rio_Grande_do_Sul","72116566"
"Gabriel Vieira de Souza","1º de janeiro de 2023","em exercício",NA,NA,"","2023-01-01",NA,"RS","VICE-GOVERNADOR",NA,"titular","https://pt.wikipedia.org/wiki/Lista_de_vice-governadores_do_Rio_Grande_do_Sul","72116566"
"Raimundo Nonato Pires dos Santos","1º de janeiro de 1995","4 de abril de 1998",NA,NA,"","1995-01-01","1998-04-04","TO","VICE-GOVERNADOR",NA,"titular","https://pt.wikipedia.org/wiki/Lista_de_vice-governadores_do_Tocantins","72168372"
"João Lisboa da Cruz","1º de janeiro de 1999","1º de janeiro de 2003",NA,NA,"","1999-01-01","2003-01-01","TO","VICE-GOVERNADOR",NA,"titular","https://pt.wikipedia.org/wiki/Lista_de_vice-governadores_do_Tocantins","72168372"
"Raimundo Nonato Pires dos Santos","1º de janeiro de 2003","1º de janeiro de 2007",NA,NA,"","2003-01-01","2007-01-01","TO","VICE-GOVERNADOR",NA,"titular","https://pt.wikipedia.org/wiki/Lista_de_vice-governadores_do_Tocantins","72168372"
"Paulo Sidnei Antunes","1º de janeiro de 2007","26 de setembro de 2009",NA,NA,"","2007-01-01","2009-09-26","TO","VICE-GOVERNADOR",NA,"titular","https://pt.wikipedia.org/wiki/Lista_de_vice-governadores_do_Tocantins","72168372"
"Eduardo Machado Silva","8 de outubro de 2009","1º de janeiro de 2011",NA,NA,"","2009-10-08","2011-01-01","TO","VICE-GOVERNADOR",NA,"titular","https://pt.wikipedia.org/wiki/Lista_de_vice-governadores_do_Tocantins","72168372"
"João Oliveira de Sousa","1º de janeiro de 2011","3 de abril de 2014",NA,NA,"","2011-01-01","2014-04-03","TO","VICE-GOVERNADOR",NA,"titular","https://pt.wikipedia.org/wiki/Lista_de_vice-governadores_do_Tocantins","72168372"
"Cláudia Telles de Menezes Pires Martins Lelis","1º de janeiro de 2015","27 de março de 2018",NA,NA,"","2015-01-01","2018-03-27","TO","VICE-GOVERNADOR",NA,"titular","https://pt.wikipedia.org/wiki/Lista_de_vice-governadores_do_Tocantins","72168372"
"Wanderlei Barbosa Castro","9 de julho de 2018","1º de janeiro de 2019",NA,NA,"","2018-07-09","2019-01-01","TO","VICE-GOVERNADOR",NA,"titular","https://pt.wikipedia.org/wiki/Lista_de_vice-governadores_do_Tocantins","72168372"
"Wanderlei Barbosa Castro","1º de janeiro de 2019","11 de março de 2022",NA,NA,"","2019-01-01","2022-03-11","TO","VICE-GOVERNADOR",NA,"titular","https://pt.wikipedia.org/wiki/Lista_de_vice-governadores_do_Tocantins","72168372"
"Laurez da Rocha Moreira","1º de janeiro de 2023","em exercício",NA,NA,"","2023-01-01",NA,"TO","VICE-GOVERNADOR",NA,"titular","https://pt.wikipedia.org/wiki/Lista_de_vice-governadores_do_Tocantins","72168372"
"Laurez da Rocha Moreira","1º de janeiro de 2023","em exercício",NA,NA,"","2023-01-01",NA,"TO","VICE-GOVERNADOR",NA,"titular","https://pt.wikipedia.org/wiki/Lista_de_vice-governadores_do_Tocantins","72168372"
