"uf","ano_eleicao","data_referencia","id_mandato","nome_fonte","situacao","url","trecho","tipo_fonte","arquivo_bruto","confianca","arquivo_frente","trecho_no_bruto"
"DF","2014","2018-12-31","M2014_DF_8_10123_70000000591","JULIO CESAR RIBEIRO","em_exercicio","https://dados.cl.df.gov.br/dataset/f046427e-51b2-49e8-afe5-945e82b55ce9/resource/43481657-ef9b-42c0-b35c-b256c4957a4f/download/2018-12-quadro-desmonstrativo-de-pessoal.csv","JULIO CESAR RIBEIRO,DEPUTADO,,DEPUTADO DISTRITAL,100,GAB. DEP. JULIO CESAR","portal_casa","brutos/folha/quadro_pessoal_2018-12.csv","alta","data_raw/assembleias3/DF/composicao_final.csv",TRUE
"DF","2014","2018-12-31","M2014_DF_8_12123_70000000580","CELINA LEAO HIZIM FERREIRA","em_exercicio","https://dados.cl.df.gov.br/dataset/f046427e-51b2-49e8-afe5-945e82b55ce9/resource/43481657-ef9b-42c0-b35c-b256c4957a4f/download/2018-12-quadro-desmonstrativo-de-pessoal.csv","CELINA LEAO HIZIM FERREIRA,DEPUTADO,,DEPUTADO DISTRITAL,100,GAB. DEP. CELINA LEAO","portal_casa","brutos/folha/quadro_pessoal_2018-12.csv","alta","data_raw/assembleias3/DF/composicao_final.csv",TRUE
"DF","2014","2018-12-31","M2014_DF_8_12345_70000000557","JOE CARLO VIANA VALLE","em_exercicio","https://dados.cl.df.gov.br/dataset/f046427e-51b2-49e8-afe5-945e82b55ce9/resource/43481657-ef9b-42c0-b35c-b256c4957a4f/download/2018-12-quadro-desmonstrativo-de-pessoal.csv","JOE CARLO VIANA VALLE,DEPUTADO,,DEPUTADO DISTRITAL,100,GAB. DEP. JOE VALLE","portal_casa","brutos/folha/quadro_pessoal_2018-12.csv","alta","data_raw/assembleias3/DF/composicao_final.csv",TRUE
"DF","2014","2018-12-31","M2014_DF_8_12512_70000000572","REGINALDO VERAS COELHO","em_exercicio","https://dados.cl.df.gov.br/dataset/f046427e-51b2-49e8-afe5-945e82b55ce9/resource/43481657-ef9b-42c0-b35c-b256c4957a4f/download/2018-12-quadro-desmonstrativo-de-pessoal.csv","REGINALDO VERAS COELHO,DEPUTADO,,DEPUTADO DISTRITAL,100,GAB. DEP. REGINALDO VERAS","portal_casa","brutos/folha/quadro_pessoal_2018-12.csv","alta","data_raw/assembleias3/DF/composicao_final.csv",TRUE
"DF","2014","2018-12-31","M2014_DF_8_13013_70000001132","RICARDO VALE DA SILVA","em_exercicio","https://dados.cl.df.gov.br/dataset/f046427e-51b2-49e8-afe5-945e82b55ce9/resource/43481657-ef9b-42c0-b35c-b256c4957a4f/download/2018-12-quadro-desmonstrativo-de-pessoal.csv","RICARDO VALE DA SILVA,DEPUTADO,,DEPUTADO DISTRITAL,100,GAB. DEP. RICARDO VALE","portal_casa","brutos/folha/quadro_pessoal_2018-12.csv","alta","data_raw/assembleias3/DF/composicao_final.csv",TRUE
"DF","2014","2018-12-31","M2014_DF_8_13100_70000001130","FRANCISCO DOMINGOS DOS SANTOS","em_exercicio","https://dados.cl.df.gov.br/dataset/f046427e-51b2-49e8-afe5-945e82b55ce9/resource/43481657-ef9b-42c0-b35c-b256c4957a4f/download/2018-12-quadro-desmonstrativo-de-pessoal.csv","FRANCISCO DOMINGOS DOS SANTOS,DEPUTADO,,DEPUTADO DISTRITAL,100,GAB. DEP. CHICO VIGILANTE","portal_casa","brutos/folha/quadro_pessoal_2018-12.csv","alta","data_raw/assembleias3/DF/composicao_final.csv",TRUE
"DF","2014","2018-12-31","M2014_DF_8_13222_70000001188","WASNY NAKLE DE ROURE","em_exercicio","https://dados.cl.df.gov.br/dataset/f046427e-51b2-49e8-afe5-945e82b55ce9/resource/43481657-ef9b-42c0-b35c-b256c4957a4f/download/2018-12-quadro-desmonstrativo-de-pessoal.csv","WASNY NAKLE DE ROURE,DEPUTADO,,DEPUTADO DISTRITAL,100,GAB. DEP. WASNY DE ROURE","portal_casa","brutos/folha/quadro_pessoal_2018-12.csv","alta","data_raw/assembleias3/DF/composicao_final.csv",TRUE
"DF","2014","2018-12-31","M2014_DF_8_14014_70000000728","CHRISTIANNO NOGUEIRA ARAUJO","em_exercicio","https://dados.cl.df.gov.br/dataset/f046427e-51b2-49e8-afe5-945e82b55ce9/resource/43481657-ef9b-42c0-b35c-b256c4957a4f/download/2018-12-quadro-desmonstrativo-de-pessoal.csv","CHRISTIANNO NOGUEIRA ARAUJO,DEPUTADO,,DEPUTADO DISTRITAL,100,GAB.DEP.CRISTIANO ARAUJO","portal_casa","brutos/folha/quadro_pessoal_2018-12.csv","alta","data_raw/assembleias3/DF/composicao_final.csv",TRUE
"DF","2014","2018-12-31","M2014_DF_8_15000_70000000887","ROBERIO BANDEIRA DE NEGREIROS FILHO","em_exercicio","https://dados.cl.df.gov.br/dataset/f046427e-51b2-49e8-afe5-945e82b55ce9/resource/43481657-ef9b-42c0-b35c-b256c4957a4f/download/2018-12-quadro-desmonstrativo-de-pessoal.csv","ROBERIO BANDEIRA DE NEGREIROS FILHO,DEPUTADO,,DEPUTADO DISTRITAL,100,GAB. DEP. ROBERIO NEGREIROS","portal_casa","brutos/folha/quadro_pessoal_2018-12.csv","alta","data_raw/assembleias3/DF/composicao_final.csv",TRUE
"DF","2014","2018-12-31","M2014_DF_8_15123_70000000884","WELLINGTON LUIZ DE SOUZA SILVA","em_exercicio","https://dados.cl.df.gov.br/dataset/f046427e-51b2-49e8-afe5-945e82b55ce9/resource/43481657-ef9b-42c0-b35c-b256c4957a4f/download/2018-12-quadro-desmonstrativo-de-pessoal.csv","WELLINGTON LUIZ DE SOUZA SILVA,DEPUTADO,,DEPUTADO DISTRITAL,100,GAB. DEP. WELLINGTON LUIZ","portal_casa","brutos/folha/quadro_pessoal_2018-12.csv","alta","data_raw/assembleias3/DF/composicao_final.csv",TRUE
"DF","2014","2018-12-31","M2014_DF_8_15222_70000000845","RAFAEL CAVALCANTI PRUDENTE","em_exercicio","https://dados.cl.df.gov.br/dataset/f046427e-51b2-49e8-afe5-945e82b55ce9/resource/43481657-ef9b-42c0-b35c-b256c4957a4f/download/2018-12-quadro-desmonstrativo-de-pessoal.csv","RAFAEL CAVALCANTI PRUDENTE,DEPUTADO,,DEPUTADO DISTRITAL,100,DEP. GAB. RAFAEL PRUDENTE","portal_casa","brutos/folha/quadro_pessoal_2018-12.csv","alta","data_raw/assembleias3/DF/composicao_final.csv",TRUE
"DF","2014","2018-12-31","M2014_DF_8_19123_70000000310","RODRIGO GERMANO DELMASSO MARTINS","em_exercicio","https://dados.cl.df.gov.br/dataset/f046427e-51b2-49e8-afe5-945e82b55ce9/resource/43481657-ef9b-42c0-b35c-b256c4957a4f/download/2018-12-quadro-desmonstrativo-de-pessoal.csv","RODRIGO GERMANO DELMASSO MARTINS,DEPUTADO,,DEPUTADO DISTRITAL,100,GAB. DEP. RODRIGO DELMASSO","portal_casa","brutos/folha/quadro_pessoal_2018-12.csv","alta","data_raw/assembleias3/DF/composicao_final.csv",TRUE
"DF","2014","2018-12-31","M2014_DF_8_22122_70000000685","RENATO ANDRADE DOS SANTOS","em_exercicio","https://dados.cl.df.gov.br/dataset/f046427e-51b2-49e8-afe5-945e82b55ce9/resource/43481657-ef9b-42c0-b35c-b256c4957a4f/download/2018-12-quadro-desmonstrativo-de-pessoal.csv","RENATO ANDRADE DOS SANTOS,DEPUTADO,,DEPUTADO DISTRITAL,100,GAB. DEP. BISPO  RENATO ANDRADE","portal_casa","brutos/folha/quadro_pessoal_2018-12.csv","alta","data_raw/assembleias3/DF/composicao_final.csv",TRUE
"DF","2014","2018-12-31","M2014_DF_8_28028_70000000047","LILIANE MARIA RORIZ","em_exercicio","https://dados.cl.df.gov.br/dataset/f046427e-51b2-49e8-afe5-945e82b55ce9/resource/43481657-ef9b-42c0-b35c-b256c4957a4f/download/2018-12-quadro-desmonstrativo-de-pessoal.csv","LILIANE MARIA RORIZ,DEPUTADO,,DEPUTADO DISTRITAL,100,GAB. DEP. LILIANE RORIZ","portal_casa","brutos/folha/quadro_pessoal_2018-12.csv","alta","data_raw/assembleias3/DF/composicao_final.csv",TRUE
"DF","2014","2018-12-31","M2014_DF_8_28123_70000000046","JUAREZ CARLOS DE LIMA OLIVEIRA","em_exercicio","https://dados.cl.df.gov.br/dataset/f046427e-51b2-49e8-afe5-945e82b55ce9/resource/43481657-ef9b-42c0-b35c-b256c4957a4f/download/2018-12-quadro-desmonstrativo-de-pessoal.csv","JUAREZ CARLOS DE LIMA OLIVEIRA,DEPUTADO,,DEPUTADO DISTRITAL,100,GAB. DEP. JUAREZAO","portal_casa","brutos/folha/quadro_pessoal_2018-12.csv","alta","data_raw/assembleias3/DF/composicao_final.csv",TRUE
"DF","2014","2018-12-31","M2014_DF_8_31456_70000000116","IVONILDO ANTONIO LIRA DE MEDEIROS DA SILVA","em_exercicio","https://dados.cl.df.gov.br/dataset/f046427e-51b2-49e8-afe5-945e82b55ce9/resource/43481657-ef9b-42c0-b35c-b256c4957a4f/download/2018-12-quadro-desmonstrativo-de-pessoal.csv","IVONILDO ANTONIO LIRA DE MEDEIROS DA SILVA,DEPUTADO,,DEPUTADO DISTRITAL,100,GAB. DEP. LIRA","portal_casa","brutos/folha/quadro_pessoal_2018-12.csv","alta","data_raw/assembleias3/DF/composicao_final.csv",TRUE
"DF","2014","2018-12-31","M2014_DF_8_36123_70000000620","AGACIEL DA SILVA MAIA","em_exercicio","https://dados.cl.df.gov.br/dataset/f046427e-51b2-49e8-afe5-945e82b55ce9/resource/43481657-ef9b-42c0-b35c-b256c4957a4f/download/2018-12-quadro-desmonstrativo-de-pessoal.csv","AGACIEL DA SILVA MAIA,DEPUTADO,,DEPUTADO DISTRITAL,100,GAB. DEP. AGACIEL MAIA","portal_casa","brutos/folha/quadro_pessoal_2018-12.csv","alta","data_raw/assembleias3/DF/composicao_final.csv",TRUE
"DF","2014","2018-12-31","M2014_DF_8_43123_70000000265","ISRAEL MATOS BATISTA","em_exercicio","https://dados.cl.df.gov.br/dataset/f046427e-51b2-49e8-afe5-945e82b55ce9/resource/43481657-ef9b-42c0-b35c-b256c4957a4f/download/2018-12-quadro-desmonstrativo-de-pessoal.csv","ISRAEL MATOS BATISTA,DEPUTADO,,DEPUTADO DISTRITAL,100,GAB. DEP.  PROFESSOR ISRAEL","portal_casa","brutos/folha/quadro_pessoal_2018-12.csv","alta","data_raw/assembleias3/DF/composicao_final.csv",TRUE
"DF","2014","2018-12-31","M2014_DF_8_45678_70000001047","RAIMUNDO DA SILVA RIBEIRO NETO","em_exercicio","https://dados.cl.df.gov.br/dataset/f046427e-51b2-49e8-afe5-945e82b55ce9/resource/43481657-ef9b-42c0-b35c-b256c4957a4f/download/2018-12-quadro-desmonstrativo-de-pessoal.csv","RAIMUNDO DA SILVA RIBEIRO NETO,DEPUTADO,,DEPUTADO DISTRITAL,100,GAB.DEP.RAIMUNDO RIBEIRO","portal_casa","brutos/folha/quadro_pessoal_2018-12.csv","alta","data_raw/assembleias3/DF/composicao_final.csv",TRUE
"DF","2014","2018-12-31","M2014_DF_8_51456_70000000389","LUZIA DE LOURDES MOREIRA DE PAULA","em_exercicio","https://dados.cl.df.gov.br/dataset/f046427e-51b2-49e8-afe5-945e82b55ce9/resource/43481657-ef9b-42c0-b35c-b256c4957a4f/download/2018-12-quadro-desmonstrativo-de-pessoal.csv","LUZIA DE LOURDES MOREIRA DE PAULA,DEPUTADO,,DEPUTADO DISTRITAL,100,GAB. DEP. LUZIA DE PAULA","portal_casa","brutos/folha/quadro_pessoal_2018-12.csv","alta","data_raw/assembleias3/DF/composicao_final.csv",TRUE
"DF","2014","2018-12-31","M2014_DF_8_54444_70000000350","TELMA RUFINO ALVES","em_exercicio","https://dados.cl.df.gov.br/dataset/f046427e-51b2-49e8-afe5-945e82b55ce9/resource/43481657-ef9b-42c0-b35c-b256c4957a4f/download/2018-12-quadro-desmonstrativo-de-pessoal.csv","TELMA RUFINO ALVES,DEPUTADO,,DEPUTADO DISTRITAL,100,GAB. DEP. TELMA RUFINO","portal_casa","brutos/folha/quadro_pessoal_2018-12.csv","alta","data_raw/assembleias3/DF/composicao_final.csv",TRUE
"DF","2014","2018-12-31","M2014_DF_8_77777_70000000543","SANDRA FARAJ CAVALCANTE","em_exercicio","https://dados.cl.df.gov.br/dataset/f046427e-51b2-49e8-afe5-945e82b55ce9/resource/43481657-ef9b-42c0-b35c-b256c4957a4f/download/2018-12-quadro-desmonstrativo-de-pessoal.csv","SANDRA FARAJ CAVALCANTE,DEPUTADO,,DEPUTADO DISTRITAL,100,GAB. DEP. SANDRA FARAJ","portal_casa","brutos/folha/quadro_pessoal_2018-12.csv","alta","data_raw/assembleias3/DF/composicao_final.csv",TRUE
"DF","2018","2022-12-31","M2018_DF_8_10123_70000608909","MARCOS MARTINS MACHADO","em_exercicio","https://dados.cl.df.gov.br/dataset/f046427e-51b2-49e8-afe5-945e82b55ce9/resource/298cde89-6e51-4642-bc94-23a12f13ebf1/download/2022-12-quadro-desmonstrativo-de-pessoal.csv","MARCOS MARTINS MACHADO,DEPUTADO,,DEPUTADO DISTRITAL,100,GAB. DEP. MARTINS MACHADO","portal_casa","brutos/folha/quadro_pessoal_2022-12.csv","alta","data_raw/assembleias3/DF/composicao_final.csv",TRUE
"DF","2018","2022-12-31","M2018_DF_8_10456_70000608912","RODRIGO GERMANO DELMASSO MARTINS","em_exercicio","https://dados.cl.df.gov.br/dataset/f046427e-51b2-49e8-afe5-945e82b55ce9/resource/298cde89-6e51-4642-bc94-23a12f13ebf1/download/2022-12-quadro-desmonstrativo-de-pessoal.csv","RODRIGO GERMANO DELMASSO MARTINS,DEPUTADO,,DEPUTADO DISTRITAL,100,GAB. DEP. RODRIGO DELMASSO","portal_casa","brutos/folha/quadro_pessoal_2022-12.csv","alta","data_raw/assembleias3/DF/composicao_final.csv",TRUE
"DF","2018","2022-12-31","M2018_DF_8_11234_70000601715","VALDELINO RODRIGUES BARCELOS","em_exercicio","https://dados.cl.df.gov.br/dataset/f046427e-51b2-49e8-afe5-945e82b55ce9/resource/298cde89-6e51-4642-bc94-23a12f13ebf1/download/2022-12-quadro-desmonstrativo-de-pessoal.csv","VALDELINO RODRIGUES BARCELOS,DEPUTADO,,DEPUTADO DISTRITAL,100,GAB. DEP. VALDELINO BARCELOS","portal_casa","brutos/folha/quadro_pessoal_2022-12.csv","alta","data_raw/assembleias3/DF/composicao_final.csv",TRUE
"DF","2018","2022-12-31","M2018_DF_8_12123_70000607609","FRANCISCO CLAUDIO DE ABRANTES","em_exercicio","https://dados.cl.df.gov.br/dataset/f046427e-51b2-49e8-afe5-945e82b55ce9/resource/298cde89-6e51-4642-bc94-23a12f13ebf1/download/2022-12-quadro-desmonstrativo-de-pessoal.csv","FRANCISCO CLAUDIO DE ABRANTES,DEPUTADO,,DEPUTADO DISTRITAL,100,GAB. DEP. CLAUDIO ABRANTES","portal_casa","brutos/folha/quadro_pessoal_2022-12.csv","alta","data_raw/assembleias3/DF/composicao_final.csv",TRUE
"DF","2018","2022-12-31","M2018_DF_8_12345_70000607617","REGINALDO VERAS COELHO","em_exercicio","https://dados.cl.df.gov.br/dataset/f046427e-51b2-49e8-afe5-945e82b55ce9/resource/298cde89-6e51-4642-bc94-23a12f13ebf1/download/2022-12-quadro-desmonstrativo-de-pessoal.csv","REGINALDO VERAS COELHO,DEPUTADO,,DEPUTADO DISTRITAL,100,GAB. DEP. REGINALDO VERAS","portal_casa","brutos/folha/quadro_pessoal_2022-12.csv","alta","data_raw/assembleias3/DF/composicao_final.csv",TRUE
"DF","2018","2022-12-31","M2018_DF_8_13100_70000610817","FRANCISCO DOMINGOS DOS SANTOS","em_exercicio","https://dados.cl.df.gov.br/dataset/f046427e-51b2-49e8-afe5-945e82b55ce9/resource/298cde89-6e51-4642-bc94-23a12f13ebf1/download/2022-12-quadro-desmonstrativo-de-pessoal.csv","FRANCISCO DOMINGOS DOS SANTOS,DEPUTADO,,DEPUTADO DISTRITAL,100,GAB. DEP. CHICO VIGILANTE","portal_casa","brutos/folha/quadro_pessoal_2022-12.csv","alta","data_raw/assembleias3/DF/composicao_final.csv",TRUE
"DF","2018","2022-12-31","M2018_DF_8_13131_70000610807","ARLETE AVELAR SAMPAIO","em_exercicio","https://dados.cl.df.gov.br/dataset/f046427e-51b2-49e8-afe5-945e82b55ce9/resource/298cde89-6e51-4642-bc94-23a12f13ebf1/download/2022-12-quadro-desmonstrativo-de-pessoal.csv","ARLETE AVELAR SAMPAIO,DEPUTADO,,DEPUTADO DISTRITAL,100,GAB. DEP. ARLETE SAMPAIO","portal_casa","brutos/folha/quadro_pessoal_2022-12.csv","alta","data_raw/assembleias3/DF/composicao_final.csv",TRUE
"DF","2018","2022-12-31","M2018_DF_8_14900_70000615687","JAQUELINE ANGELA DA SILVA","em_exercicio","https://dados.cl.df.gov.br/dataset/f046427e-51b2-49e8-afe5-945e82b55ce9/resource/298cde89-6e51-4642-bc94-23a12f13ebf1/download/2022-12-quadro-desmonstrativo-de-pessoal.csv","JAQUELINE ANGELA DA SILVA,DEPUTADO,,DEPUTADO DISTRITAL,100,GAB. DEP. JAQUELINE SILVA","portal_casa","brutos/folha/quadro_pessoal_2022-12.csv","alta","data_raw/assembleias3/DF/composicao_final.csv",TRUE
"DF","2018","2022-12-31","M2018_DF_8_15222_70000614448","RAFAEL CAVALCANTI PRUDENTE","em_exercicio","https://dados.cl.df.gov.br/dataset/f046427e-51b2-49e8-afe5-945e82b55ce9/resource/298cde89-6e51-4642-bc94-23a12f13ebf1/download/2022-12-quadro-desmonstrativo-de-pessoal.csv","RAFAEL CAVALCANTI PRUDENTE,DEPUTADO,,DEPUTADO DISTRITAL,100,GAB. DEP. RAFAEL PRUDENTE","portal_casa","brutos/folha/quadro_pessoal_2022-12.csv","alta","data_raw/assembleias3/DF/composicao_final.csv",TRUE
"DF","2018","2022-12-31","M2018_DF_8_18061_70000612417","LEANDRO ANTONIO GRASS PEIXOTO","em_exercicio","https://dados.cl.df.gov.br/dataset/f046427e-51b2-49e8-afe5-945e82b55ce9/resource/298cde89-6e51-4642-bc94-23a12f13ebf1/download/2022-12-quadro-desmonstrativo-de-pessoal.csv","LEANDRO ANTONIO GRASS PEIXOTO ,DEPUTADO,,DEPUTADO DISTRITAL,100,GAB. DEP. LEANDRO GRASS","portal_casa","brutos/folha/quadro_pessoal_2022-12.csv","alta","data_raw/assembleias3/DF/composicao_final.csv",TRUE
"DF","2018","2022-12-31","M2018_DF_8_19200_70000614564","JORGE VIANA DE SOUSA","em_exercicio","https://dados.cl.df.gov.br/dataset/f046427e-51b2-49e8-afe5-945e82b55ce9/resource/298cde89-6e51-4642-bc94-23a12f13ebf1/download/2022-12-quadro-desmonstrativo-de-pessoal.csv","JORGE VIANA DE SOUSA,DEPUTADO,,DEPUTADO DISTRITAL,100,GAB. DEP. JORGE VIANA","portal_casa","brutos/folha/quadro_pessoal_2022-12.csv","alta","data_raw/assembleias3/DF/composicao_final.csv",TRUE
"DF","2018","2022-12-31","M2018_DF_8_20000_70000627444","IOLANDO ALMEIDA DE SOUZA","em_exercicio","https://dados.cl.df.gov.br/dataset/f046427e-51b2-49e8-afe5-945e82b55ce9/resource/298cde89-6e51-4642-bc94-23a12f13ebf1/download/2022-12-quadro-desmonstrativo-de-pessoal.csv","IOLANDO ALMEIDA DE SOUZA,DEPUTADO,,DEPUTADO DISTRITAL,100,GAB. DEP. IOLANDO","portal_casa","brutos/folha/quadro_pessoal_2022-12.csv","alta","data_raw/assembleias3/DF/composicao_final.csv",TRUE
"DF","2018","2022-12-31","M2018_DF_8_22123_70000611641","AGACIEL DA SILVA MAIA","em_exercicio","https://dados.cl.df.gov.br/dataset/f046427e-51b2-49e8-afe5-945e82b55ce9/resource/298cde89-6e51-4642-bc94-23a12f13ebf1/download/2022-12-quadro-desmonstrativo-de-pessoal.csv","AGACIEL DA SILVA MAIA,DEPUTADO,,DEPUTADO DISTRITAL,100,GAB. DEP. AGACIEL MAIA","portal_casa","brutos/folha/quadro_pessoal_2022-12.csv","alta","data_raw/assembleias3/DF/composicao_final.csv",TRUE
"DF","2018","2022-12-31","M2018_DF_8_30444_70000602365","JULIA LUCY MARQUES ARAUJO","em_exercicio","https://dados.cl.df.gov.br/dataset/f046427e-51b2-49e8-afe5-945e82b55ce9/resource/298cde89-6e51-4642-bc94-23a12f13ebf1/download/2022-12-quadro-desmonstrativo-de-pessoal.csv","JULIA LUCY MARQUES ARAUJO,DEPUTADO,,DEPUTADO DISTRITAL,100,GAB. DEP. JULIA LUCY","portal_casa","brutos/folha/quadro_pessoal_2022-12.csv","alta","data_raw/assembleias3/DF/composicao_final.csv",TRUE
"DF","2018","2022-12-31","M2018_DF_8_31190_70000604873","JOAO HERMETO DE OLIVEIRA NETO","em_exercicio","https://dados.cl.df.gov.br/dataset/f046427e-51b2-49e8-afe5-945e82b55ce9/resource/298cde89-6e51-4642-bc94-23a12f13ebf1/download/2022-12-quadro-desmonstrativo-de-pessoal.csv","JOAO HERMETO DE OLIVEIRA NETO,DEPUTADO,,DEPUTADO DISTRITAL,100,GAB. DEP. HERMETO","portal_casa","brutos/folha/quadro_pessoal_2022-12.csv","alta","data_raw/assembleias3/DF/composicao_final.csv",TRUE
"DF","2018","2022-12-31","M2018_DF_8_36000_70000616373","EDUARDO WEYNE PEDROSA","em_exercicio","https://dados.cl.df.gov.br/dataset/f046427e-51b2-49e8-afe5-945e82b55ce9/resource/298cde89-6e51-4642-bc94-23a12f13ebf1/download/2022-12-quadro-desmonstrativo-de-pessoal.csv","EDUARDO WEYNE PEDROSA,DEPUTADO,,DEPUTADO DISTRITAL,100,GAB. DEP. EDUARDO PEDROSA","portal_casa","brutos/folha/quadro_pessoal_2022-12.csv","alta","data_raw/assembleias3/DF/composicao_final.csv",TRUE
"DF","2018","2022-12-31","M2018_DF_8_40193_70000620310","ROOSEVELT VILELA PIRES","em_exercicio","https://dados.cl.df.gov.br/dataset/f046427e-51b2-49e8-afe5-945e82b55ce9/resource/298cde89-6e51-4642-bc94-23a12f13ebf1/download/2022-12-quadro-desmonstrativo-de-pessoal.csv","ROOSEVELT VILELA PIRES,DEPUTADO,,DEPUTADO DISTRITAL,100,GAB. DEP. ROOSEVELT VILELA","portal_casa","brutos/folha/quadro_pessoal_2022-12.csv","alta","data_raw/assembleias3/DF/composicao_final.csv",TRUE
"DF","2018","2022-12-31","M2018_DF_8_44222_70000614991","DANIEL XAVIER DONIZET","em_exercicio","https://dados.cl.df.gov.br/dataset/f046427e-51b2-49e8-afe5-945e82b55ce9/resource/298cde89-6e51-4642-bc94-23a12f13ebf1/download/2022-12-quadro-desmonstrativo-de-pessoal.csv","DANIEL XAVIER DONIZET,DEPUTADO,,DEPUTADO DISTRITAL,100,GAB. DEP. DANIEL DONIZET","portal_casa","brutos/folha/quadro_pessoal_2022-12.csv","alta","data_raw/assembleias3/DF/composicao_final.csv",TRUE
"DF","2018","2022-12-31","M2018_DF_8_50123_70000602732","FABIO FELIX SILVEIRA","em_exercicio","https://dados.cl.df.gov.br/dataset/f046427e-51b2-49e8-afe5-945e82b55ce9/resource/298cde89-6e51-4642-bc94-23a12f13ebf1/download/2022-12-quadro-desmonstrativo-de-pessoal.csv","FABIO FELIX SILVEIRA,DEPUTADO,,DEPUTADO DISTRITAL,100,GAB. DEP. FABIO FELIX","portal_casa","brutos/folha/quadro_pessoal_2022-12.csv","alta","data_raw/assembleias3/DF/composicao_final.csv",TRUE
"DF","2018","2022-12-31","M2018_DF_8_55000_70000614552","ROBERIO BANDEIRA DE NEGREIROS FILHO","em_exercicio","https://dados.cl.df.gov.br/dataset/f046427e-51b2-49e8-afe5-945e82b55ce9/resource/298cde89-6e51-4642-bc94-23a12f13ebf1/download/2022-12-quadro-desmonstrativo-de-pessoal.csv","ROBERIO BANDEIRA DE NEGREIROS FILHO,DEPUTADO,,DEPUTADO DISTRITAL,100,GAB. DEP. ROBERIO NEGREIROS","portal_casa","brutos/folha/quadro_pessoal_2022-12.csv","alta","data_raw/assembleias3/DF/composicao_final.csv",TRUE
"DF","2018","2022-12-31","M2018_DF_8_70200_70000600750","REGINALDO ROCHA SARDINHA GOES","em_exercicio","https://dados.cl.df.gov.br/dataset/f046427e-51b2-49e8-afe5-945e82b55ce9/resource/298cde89-6e51-4642-bc94-23a12f13ebf1/download/2022-12-quadro-desmonstrativo-de-pessoal.csv","REGINALDO ROCHA SARDINHA GOES,DEPUTADO,,DEPUTADO DISTRITAL,100,GAB. DEP. REGINALDO SARDINHA","portal_casa","brutos/folha/quadro_pessoal_2022-12.csv","alta","data_raw/assembleias3/DF/composicao_final.csv",TRUE
"DF","2018","2022-12-31","M2018_DF_8_70888_70000600747","JOAO ALVES CARDOSO","em_exercicio","https://dados.cl.df.gov.br/dataset/f046427e-51b2-49e8-afe5-945e82b55ce9/resource/298cde89-6e51-4642-bc94-23a12f13ebf1/download/2022-12-quadro-desmonstrativo-de-pessoal.csv","JOAO ALVES CARDOSO,DEPUTADO,,DEPUTADO DISTRITAL,100,GAB. DEP. JOÃO CARDOSO","portal_casa","brutos/folha/quadro_pessoal_2022-12.csv","alta","data_raw/assembleias3/DF/composicao_final.csv",TRUE
"DF","2018","2022-12-31","M2018_DF_8_90190_70000605604","FERNANDO BATISTA FERNANDES","em_exercicio","https://dados.cl.df.gov.br/dataset/f046427e-51b2-49e8-afe5-945e82b55ce9/resource/298cde89-6e51-4642-bc94-23a12f13ebf1/download/2022-12-quadro-desmonstrativo-de-pessoal.csv","FERNANDO BATISTA FERNANDES,DEPUTADO,,DEPUTADO DISTRITAL,100,GAB. DEP. DEL. FERNANDO FERNANDES","portal_casa","brutos/folha/quadro_pessoal_2022-12.csv","alta","data_raw/assembleias3/DF/composicao_final.csv",TRUE
"ES","1998","2003-01-31","M1998_ES_7_13456_800000807134561","CLAUDIO HUMBERTO VEREZA LODI","concluiu_mandato","https://www.al.es.gov.br/Transparencia/ListagemServidoresVinculosData?id=000059&situacao=","""""Vinculo"""":""""000059 - 01"""",""""Nome"""":""""CLAUDIO HUMBERTO VEREZA LODI"""" [...] """"Cargo"""":""""DEPUTADO ESTADUAL"""",""""Setor"""":""""DEPUTADOS ESTADUAIS"""",""""DataAdmissao"""":""""01/02/1995"""",""""DataDemissao"""":""""01/02/2015""""}","portal_casa","brutos/vinculos/000059.json","media","data_raw/assembleias3/ES/composicao_final.csv",TRUE
"ES","1998","2003-01-31","M1998_ES_7_15311_800000807153111","SERGIO MANOEL NADER BORGES","concluiu_mandato","https://www.al.es.gov.br/Transparencia/ListagemServidoresVinculosData?id=000092&situacao=","""""Vinculo"""":""""000092 - 01"""",""""Nome"""":""""SERGIO MANOEL NADER BORGES"""" [...] """"Cargo"""":""""DEPUTADO ESTADUAL"""",""""Setor"""":""""DEPUTADOS ESTADUAIS"""",""""DataAdmissao"""":""""01/02/1999"""",""""DataDemissao"""":""""06/11/2013""""}","portal_casa","brutos/vinculos/000092.json","media","data_raw/assembleias3/ES/composicao_final.csv",TRUE
"ES","2002","2007-01-31","M2002_ES_7_11000_538","REGINALDO ALMEIDA","em_exercicio","https://www.al.es.gov.br/appdata/anexos_internet/DiariosPDF/2007/DPL______15.01.2007-0003.pdf","CONTROLE DE FREQÜÊNCIA DOS DEPUTADOS MÊS: DEZEMBRO- TOTAL DE SESSÕES ORDINÁRIAS: 09 (nove) DEPUTADO AUSÊNCIA NÃO JUSTIFICADA AUSÊNCIA JUSTIFICADA TOTAL LICENÇAS/VIA GENS OFICIAIS ANOTAÇÕES [...] REGINALDO ALMEIDA - - 11 1 - -","portal_casa","brutos/dpl_paginas/DPL______15.01.2007-0003.txt","alta","data_raw/assembleias3/ES/composicao_final.csv",TRUE
"ES","2002","2007-01-31","M2002_ES_7_11190_535","HERALDO MUSSO","em_exercicio","https://www.al.es.gov.br/appdata/anexos_internet/DiariosPDF/2007/DPL______15.01.2007-0003.pdf","CONTROLE DE FREQÜÊNCIA DOS DEPUTADOS MÊS: DEZEMBRO- TOTAL DE SESSÕES ORDINÁRIAS: 09 (nove) DEPUTADO AUSÊNCIA NÃO JUSTIFICADA AUSÊNCIA JUSTIFICADA TOTAL LICENÇAS/VIA GENS OFICIAIS ANOTAÇÕES [...] HERALDO MUSSO - - - - 0 1º a 21","portal_casa","brutos/dpl_paginas/DPL______15.01.2007-0003.txt","alta","data_raw/assembleias3/ES/composicao_final.csv",TRUE
"ES","2002","2007-01-31","M2002_ES_7_11222_541","FÁTIMA COUZI","em_exercicio","https://www.al.es.gov.br/appdata/anexos_internet/DiariosPDF/2007/DPL______15.01.2007-0003.pdf","CONTROLE DE FREQÜÊNCIA DOS DEPUTADOS MÊS: DEZEMBRO- TOTAL DE SESSÕES ORDINÁRIAS: 09 (nove) DEPUTADO AUSÊNCIA NÃO JUSTIFICADA AUSÊNCIA JUSTIFICADA TOTAL LICENÇAS/VIA GENS OFICIAIS ANOTAÇÕES [...] FÁTIMA COUZI - - 19 1 1º a 15","portal_casa","brutos/dpl_paginas/DPL______15.01.2007-0003.txt","alta","data_raw/assembleias3/ES/composicao_final.csv",TRUE
"ES","2002","2007-01-31","M2002_ES_7_12190_321","CABO ELSON","em_exercicio","https://www.al.es.gov.br/appdata/anexos_internet/DiariosPDF/2007/DPL______15.01.2007-0003.pdf","CONTROLE DE FREQÜÊNCIA DOS DEPUTADOS MÊS: DEZEMBRO- TOTAL DE SESSÕES ORDINÁRIAS: 09 (nove) DEPUTADO AUSÊNCIA NÃO JUSTIFICADA AUSÊNCIA JUSTIFICADA TOTAL LICENÇAS/VIA GENS OFICIAIS ANOTAÇÕES [...] CABO ELSON - - 06 e 19 2 04","portal_casa","brutos/dpl_paginas/DPL______15.01.2007-0003.txt","alta","data_raw/assembleias3/ES/composicao_final.csv",TRUE
"ES","2002","2007-01-31","M2002_ES_7_12345_291","SUELI VIDIGAL","em_exercicio","https://www.al.es.gov.br/appdata/anexos_internet/DiariosPDF/2007/DPL______15.01.2007-0003.pdf","CONTROLE DE FREQÜÊNCIA DOS DEPUTADOS MÊS: DEZEMBRO- TOTAL DE SESSÕES ORDINÁRIAS: 09 (nove) DEPUTADO AUSÊNCIA NÃO JUSTIFICADA AUSÊNCIA JUSTIFICADA TOTAL LICENÇAS/VIA GENS OFICIAIS ANOTAÇÕES [...] SUELI VIDIGAL - - - - 0 2 a 11 e 11 a 15","portal_casa","brutos/dpl_paginas/DPL______15.01.2007-0003.txt","alta","data_raw/assembleias3/ES/composicao_final.csv",TRUE
"ES","2002","2007-01-31","M2002_ES_7_13021_269","CARLOS CASTEGLIONE","em_exercicio","https://www.al.es.gov.br/appdata/anexos_internet/DiariosPDF/2007/DPL______15.01.2007-0003.pdf","CONTROLE DE FREQÜÊNCIA DOS DEPUTADOS MÊS: DEZEMBRO- TOTAL DE SESSÕES ORDINÁRIAS: 09 (nove) DEPUTADO AUSÊNCIA NÃO JUSTIFICADA AUSÊNCIA JUSTIFICADA TOTAL LICENÇAS/VIA GENS OFICIAIS ANOTAÇÕES [...] CARLOS CASTEGLIONE - - - - 0 - -","portal_casa","brutos/dpl_paginas/DPL______15.01.2007-0003.txt","alta","data_raw/assembleias3/ES/composicao_final.csv",TRUE
"ES","2002","2007-01-31","M2002_ES_7_13213_272","BRICE BRAGATO","em_exercicio","https://www.al.es.gov.br/appdata/anexos_internet/DiariosPDF/2007/DPL______15.01.2007-0003.pdf","CONTROLE DE FREQÜÊNCIA DOS DEPUTADOS MÊS: DEZEMBRO- TOTAL DE SESSÕES ORDINÁRIAS: 09 (nove) DEPUTADO AUSÊNCIA NÃO JUSTIFICADA AUSÊNCIA JUSTIFICADA TOTAL LICENÇAS/VIA GENS OFICIAIS ANOTAÇÕES [...] BRICE BRAGATO - - - - 0 04, 05 e 06","portal_casa","brutos/dpl_paginas/DPL______15.01.2007-0003.txt","alta","data_raw/assembleias3/ES/composicao_final.csv",TRUE
"ES","2002","2007-01-31","M2002_ES_7_13456_250","CLÁUDIO VEREZA","em_exercicio","https://www.al.es.gov.br/appdata/anexos_internet/DiariosPDF/2007/DPL______15.01.2007-0003.pdf","CONTROLE DE FREQÜÊNCIA DOS DEPUTADOS MÊS: DEZEMBRO- TOTAL DE SESSÕES ORDINÁRIAS: 09 (nove) DEPUTADO AUSÊNCIA NÃO JUSTIFICADA AUSÊNCIA JUSTIFICADA TOTAL LICENÇAS/VIA GENS OFICIAIS ANOTAÇÕES [...] CLÁUDIO VEREZA - - 13 1 04 (viagem oficial)","portal_casa","brutos/dpl_paginas/DPL______15.01.2007-0003.txt","alta","data_raw/assembleias3/ES/composicao_final.csv",TRUE
"ES","2002","2007-01-31","M2002_ES_7_14008_208","GEOVANI SILVA","em_exercicio","https://www.al.es.gov.br/appdata/anexos_internet/DiariosPDF/2007/DPL______15.01.2007-0003.pdf","CONTROLE DE FREQÜÊNCIA DOS DEPUTADOS MÊS: DEZEMBRO- TOTAL DE SESSÕES ORDINÁRIAS: 09 (nove) DEPUTADO AUSÊNCIA NÃO JUSTIFICADA AUSÊNCIA JUSTIFICADA TOTAL LICENÇAS/VIA GENS OFICIAIS ANOTAÇÕES [...] GEOVANI SILVA 04 11 2 -","portal_casa","brutos/dpl_paginas/DPL______15.01.2007-0003.txt","alta","data_raw/assembleias3/ES/composicao_final.csv",TRUE
"ES","2002","2007-01-31","M2002_ES_7_14444_237","EUCLÉRIO SAMPAIO","em_exercicio","https://www.al.es.gov.br/appdata/anexos_internet/DiariosPDF/2007/DPL______15.01.2007-0003.pdf","CONTROLE DE FREQÜÊNCIA DOS DEPUTADOS MÊS: DEZEMBRO- TOTAL DE SESSÕES ORDINÁRIAS: 09 (nove) DEPUTADO AUSÊNCIA NÃO JUSTIFICADA AUSÊNCIA JUSTIFICADA TOTAL LICENÇAS/VIA GENS OFICIAIS ANOTAÇÕES [...] EUCLÉRIO SAMPAIO - - - - 0 11 a 15","portal_casa","brutos/dpl_paginas/DPL______15.01.2007-0003.txt","alta","data_raw/assembleias3/ES/composicao_final.csv",TRUE
"ES","2002","2007-01-31","M2002_ES_7_14456_228","MARCELO SANTOS","em_exercicio","https://www.al.es.gov.br/appdata/anexos_internet/DiariosPDF/2007/DPL______15.01.2007-0003.pdf","CONTROLE DE FREQÜÊNCIA DOS DEPUTADOS MÊS: DEZEMBRO- TOTAL DE SESSÕES ORDINÁRIAS: 09 (nove) DEPUTADO AUSÊNCIA NÃO JUSTIFICADA AUSÊNCIA JUSTIFICADA TOTAL LICENÇAS/VIA GENS OFICIAIS ANOTAÇÕES [...] MARCELO SANTOS - - - - 0 - -","portal_casa","brutos/dpl_paginas/DPL______15.01.2007-0003.txt","alta","data_raw/assembleias3/ES/composicao_final.csv",TRUE
"ES","2002","2007-01-31","M2002_ES_7_15311_499","SÉRGIO BORGES","em_exercicio","https://www.al.es.gov.br/appdata/anexos_internet/DiariosPDF/2007/DPL______15.01.2007-0003.pdf","CONTROLE DE FREQÜÊNCIA DOS DEPUTADOS MÊS: DEZEMBRO- TOTAL DE SESSÕES ORDINÁRIAS: 09 (nove) DEPUTADO AUSÊNCIA NÃO JUSTIFICADA AUSÊNCIA JUSTIFICADA TOTAL LICENÇAS/VIA GENS OFICIAIS ANOTAÇÕES [...] SÉRGIO BORGES - - 04 , 05 e 18 3 11 e 19 (sem remuneração)","portal_casa","brutos/dpl_paginas/DPL______15.01.2007-0003.txt","alta","data_raw/assembleias3/ES/composicao_final.csv",TRUE
"ES","2002","2007-01-31","M2002_ES_7_20000_76","DÉLIO IGLESIAS","em_exercicio","https://www.al.es.gov.br/appdata/anexos_internet/DiariosPDF/2007/DPL______15.01.2007-0003.pdf","CONTROLE DE FREQÜÊNCIA DOS DEPUTADOS MÊS: DEZEMBRO- TOTAL DE SESSÕES ORDINÁRIAS: 09 (nove) DEPUTADO AUSÊNCIA NÃO JUSTIFICADA AUSÊNCIA JUSTIFICADA TOTAL LICENÇAS/VIA GENS OFICIAIS ANOTAÇÕES [...] DÉLIO IGLESIAS - - 04, 12 e 19 3 - -","portal_casa","brutos/dpl_paginas/DPL______15.01.2007-0003.txt","alta","data_raw/assembleias3/ES/composicao_final.csv",TRUE
"ES","2002","2007-01-31","M2002_ES_7_22333_444","ROBSON VAILLANT","em_exercicio","https://www.al.es.gov.br/appdata/anexos_internet/DiariosPDF/2007/DPL______15.01.2007-0003.pdf","CONTROLE DE FREQÜÊNCIA DOS DEPUTADOS MÊS: DEZEMBRO- TOTAL DE SESSÕES ORDINÁRIAS: 09 (nove) DEPUTADO AUSÊNCIA NÃO JUSTIFICADA AUSÊNCIA JUSTIFICADA TOTAL LICENÇAS/VIA GENS OFICIAIS ANOTAÇÕES [...] ROBSON VAILLANT - - 19 1 - -","portal_casa","brutos/dpl_paginas/DPL______15.01.2007-0003.txt","alta","data_raw/assembleias3/ES/composicao_final.csv",TRUE
"ES","2002","2007-01-31","M2002_ES_7_22800_357","CLAUDIO THIAGO","em_exercicio","https://www.al.es.gov.br/appdata/anexos_internet/DiariosPDF/2007/DPL______15.01.2007-0003.pdf","CONTROLE DE FREQÜÊNCIA DOS DEPUTADOS MÊS: DEZEMBRO- TOTAL DE SESSÕES ORDINÁRIAS: 09 (nove) DEPUTADO AUSÊNCIA NÃO JUSTIFICADA AUSÊNCIA JUSTIFICADA TOTAL LICENÇAS/VIA GENS OFICIAIS ANOTAÇÕES [...] CLAUDIO THIAGO - - 04, 11 e 19 3 - -","portal_casa","brutos/dpl_paginas/DPL______15.01.2007-0003.txt","alta","data_raw/assembleias3/ES/composicao_final.csv",TRUE
"ES","2002","2007-01-31","M2002_ES_7_23000_42","Anselmo Tose","licenciado","https://www.al.es.gov.br/appdata/anexos_internet/DiariosPDF/2005/DPL______07.06.2005-0009.pdf ; https://www.al.es.gov.br/appdata/anexos_internet/DiariosPDF/2006/DPL______14.11.2006-0021.pdf","o então Secretário de Estado da Saúde, o Sr. Deputado Anselmo Tose, licenciado [...] Foram convidados para esta solenidade o Secretário Estadual de Saúde, Sr. Anselmo Tose","diario_oficial","brutos/dpl_paginas/DPL______07.06.2005-0009.txt ; brutos/dpl_paginas/DPL______14.11.2006-0021.txt","media","data_raw/assembleias3/ES/composicao_final.csv",TRUE
"ES","2002","2007-01-31","M2002_ES_7_23456_57","CÉSAR COLNAGO","em_exercicio","https://www.al.es.gov.br/appdata/anexos_internet/DiariosPDF/2007/DPL______15.01.2007-0003.pdf","CONTROLE DE FREQÜÊNCIA DOS DEPUTADOS MÊS: DEZEMBRO- TOTAL DE SESSÕES ORDINÁRIAS: 09 (nove) DEPUTADO AUSÊNCIA NÃO JUSTIFICADA AUSÊNCIA JUSTIFICADA TOTAL LICENÇAS/VIA GENS OFICIAIS ANOTAÇÕES [...] CÉSAR COLNAGO - - - - 0 - -","portal_casa","brutos/dpl_paginas/DPL______15.01.2007-0003.txt","alta","data_raw/assembleias3/ES/composicao_final.csv",TRUE
"ES","2002","2007-01-31","M2002_ES_7_25222_412","JOSÉ ESMERALDO","em_exercicio","https://www.al.es.gov.br/appdata/anexos_internet/DiariosPDF/2007/DPL______15.01.2007-0003.pdf","CONTROLE DE FREQÜÊNCIA DOS DEPUTADOS MÊS: DEZEMBRO- TOTAL DE SESSÕES ORDINÁRIAS: 09 (nove) DEPUTADO AUSÊNCIA NÃO JUSTIFICADA AUSÊNCIA JUSTIFICADA TOTAL LICENÇAS/VIA GENS OFICIAIS ANOTAÇÕES [...] JOSÉ ESMERALDO - - 19 1 - -","portal_casa","brutos/dpl_paginas/DPL______15.01.2007-0003.txt","alta","data_raw/assembleias3/ES/composicao_final.csv",TRUE
"ES","2002","2007-01-31","M2002_ES_7_25555_428","ZÉ RAMOS","em_exercicio","https://www.al.es.gov.br/appdata/anexos_internet/DiariosPDF/2007/DPL______15.01.2007-0003.pdf","CONTROLE DE FREQÜÊNCIA DOS DEPUTADOS MÊS: DEZEMBRO- TOTAL DE SESSÕES ORDINÁRIAS: 09 (nove) DEPUTADO AUSÊNCIA NÃO JUSTIFICADA AUSÊNCIA JUSTIFICADA TOTAL LICENÇAS/VIA GENS OFICIAIS ANOTAÇÕES [...] ZÉ RAMOS - - 19 1 1º a 17","portal_casa","brutos/dpl_paginas/DPL______15.01.2007-0003.txt","alta","data_raw/assembleias3/ES/composicao_final.csv",TRUE
"ES","2002","2007-01-31","M2002_ES_7_25789_400","GILSON GOMES","licenciado","https://www.al.es.gov.br/appdata/anexos_internet/DiariosPDF/2007/DPL______15.01.2007-0003.pdf","CONTROLE DE FREQÜÊNCIA DOS DEPUTADOS MÊS: DEZEMBRO- TOTAL DE SESSÕES ORDINÁRIAS: 09 (nove) DEPUTADO AUSÊNCIA NÃO JUSTIFICADA AUSÊNCIA JUSTIFICADA TOTAL LICENÇAS/VIA GENS OFICIAIS ANOTAÇÕES [...] GILSON GOMES - - - - 0 1º a 30","portal_casa","brutos/dpl_paginas/DPL______15.01.2007-0003.txt","alta","data_raw/assembleias3/ES/composicao_final.csv",TRUE
"ES","2002","2007-01-31","M2002_ES_7_36333_367","JOSÉ TASSO ANDRADE","em_exercicio","https://www.al.es.gov.br/appdata/anexos_internet/DiariosPDF/2007/DPL______15.01.2007-0003.pdf","CONTROLE DE FREQÜÊNCIA DOS DEPUTADOS MÊS: DEZEMBRO- TOTAL DE SESSÕES ORDINÁRIAS: 09 (nove) DEPUTADO AUSÊNCIA NÃO JUSTIFICADA AUSÊNCIA JUSTIFICADA TOTAL LICENÇAS/VIA GENS OFICIAIS ANOTAÇÕES [...] JOSÉ TASSO ANDRADE - - - - 0 1º a 12","portal_casa","brutos/dpl_paginas/DPL______15.01.2007-0003.txt","alta","data_raw/assembleias3/ES/composicao_final.csv",TRUE
"ES","2002","2007-01-31","M2002_ES_7_40240_290","PAULO FOLETTO","em_exercicio","https://www.al.es.gov.br/appdata/anexos_internet/DiariosPDF/2007/DPL______15.01.2007-0003.pdf","CONTROLE DE FREQÜÊNCIA DOS DEPUTADOS MÊS: DEZEMBRO- TOTAL DE SESSÕES ORDINÁRIAS: 09 (nove) DEPUTADO AUSÊNCIA NÃO JUSTIFICADA AUSÊNCIA JUSTIFICADA TOTAL LICENÇAS/VIA GENS OFICIAIS ANOTAÇÕES [...] PAULO FOLETTO - - - - 0 - -","portal_casa","brutos/dpl_paginas/DPL______15.01.2007-0003.txt","alta","data_raw/assembleias3/ES/composicao_final.csv",TRUE
"ES","2002","2007-01-31","M2002_ES_7_40800_346","JANETE DE SÁ","em_exercicio","https://www.al.es.gov.br/appdata/anexos_internet/DiariosPDF/2007/DPL______15.01.2007-0003.pdf","CONTROLE DE FREQÜÊNCIA DOS DEPUTADOS MÊS: DEZEMBRO- TOTAL DE SESSÕES ORDINÁRIAS: 09 (nove) DEPUTADO AUSÊNCIA NÃO JUSTIFICADA AUSÊNCIA JUSTIFICADA TOTAL LICENÇAS/VIA GENS OFICIAIS ANOTAÇÕES [...] JANETE DE SÁ - - 13 1 18 e 19","portal_casa","brutos/dpl_paginas/DPL______15.01.2007-0003.txt","alta","data_raw/assembleias3/ES/composicao_final.csv",TRUE
"ES","2002","2007-01-31","M2002_ES_7_45123_488","MARIAZINHA V. LUCAS","em_exercicio","https://www.al.es.gov.br/appdata/anexos_internet/DiariosPDF/2007/DPL______15.01.2007-0003.pdf","CONTROLE DE FREQÜÊNCIA DOS DEPUTADOS MÊS: DEZEMBRO- TOTAL DE SESSÕES ORDINÁRIAS: 09 (nove) DEPUTADO AUSÊNCIA NÃO JUSTIFICADA AUSÊNCIA JUSTIFICADA TOTAL LICENÇAS/VIA GENS OFICIAIS ANOTAÇÕES [...] MARIAZINHA V. LUCAS - - 04 e 19 2 - -","portal_casa","brutos/dpl_paginas/DPL______15.01.2007-0003.txt","alta","data_raw/assembleias3/ES/composicao_final.csv",TRUE
"ES","2002","2007-01-31","M2002_ES_7_45145_489","RUDINHO DE SOUZA","em_exercicio","https://www.al.es.gov.br/appdata/anexos_internet/DiariosPDF/2007/DPL______15.01.2007-0003.pdf","CONTROLE DE FREQÜÊNCIA DOS DEPUTADOS MÊS: DEZEMBRO- TOTAL DE SESSÕES ORDINÁRIAS: 09 (nove) DEPUTADO AUSÊNCIA NÃO JUSTIFICADA AUSÊNCIA JUSTIFICADA TOTAL LICENÇAS/VIA GENS OFICIAIS ANOTAÇÕES [...] RUDINHO DE SOUZA - - 06 1 19 e 20","portal_casa","brutos/dpl_paginas/DPL______15.01.2007-0003.txt","alta","data_raw/assembleias3/ES/composicao_final.csv",TRUE
"ES","2006","2011-01-31","M2006_ES_7_11000_10561","CACAU LORENZONI","em_exercicio","https://www.al.es.gov.br/appdata/anexos_sptl/frequencia_plenario/FrequenciaPlenario012011.pdf","MÊS: JANEIRO – 2011 - TOTAL DE SESSÕES ORDINÁRIAS: 3 (Em cumprimento ao que determina o Ato nº 2869, de 18 de outubro de 2006) MARCUS FARDIN DE AGUIAR DIRETOR LEGISLATIVO - DIPROL DEPUTADO AUSÊNCIA SEM JUSTIFICATIVA (DATAS) AUSÊNCIA JUSTIFICADA (DATAS) TOTAL - AFASTADO POR DECISÃO JUDICIAL (ADJ) - LICENÇA PARA SECRETARIA DE ESTADO (LSE) [...] 3. CACAU LORENZONI -- 05 1 --","portal_casa","brutos/frequencia/FrequenciaPlenario012011.txt","alta","data_raw/assembleias3/ES/composicao_final.csv",TRUE
"ES","2006","2011-01-31","M2006_ES_7_12444_10432","EUCLÉRIO SAMPAIO","em_exercicio","https://www.al.es.gov.br/appdata/anexos_sptl/frequencia_plenario/FrequenciaPlenario012011.pdf","MÊS: JANEIRO – 2011 - TOTAL DE SESSÕES ORDINÁRIAS: 3 (Em cumprimento ao que determina o Ato nº 2869, de 18 de outubro de 2006) MARCUS FARDIN DE AGUIAR DIRETOR LEGISLATIVO - DIPROL DEPUTADO AUSÊNCIA SEM JUSTIFICATIVA (DATAS) AUSÊNCIA JUSTIFICADA (DATAS) TOTAL - AFASTADO POR DECISÃO JUDICIAL (ADJ) - LICENÇA PARA SECRETARIA DE ESTADO (LSE) [...] 12. EUCLÉRIO SAMPAIO -- 04 1 --","portal_casa","brutos/frequencia/FrequenciaPlenario012011.txt","alta","data_raw/assembleias3/ES/composicao_final.csv",TRUE
"ES","2006","2011-01-31","M2006_ES_7_12450_10433","APARECIDA DENADAI","em_exercicio","https://www.al.es.gov.br/appdata/anexos_sptl/frequencia_plenario/FrequenciaPlenario012011.pdf","MÊS: JANEIRO – 2011 - TOTAL DE SESSÕES ORDINÁRIAS: 3 (Em cumprimento ao que determina o Ato nº 2869, de 18 de outubro de 2006) MARCUS FARDIN DE AGUIAR DIRETOR LEGISLATIVO - DIPROL DEPUTADO AUSÊNCIA SEM JUSTIFICATIVA (DATAS) AUSÊNCIA JUSTIFICADA (DATAS) TOTAL - AFASTADO POR DECISÃO JUDICIAL (ADJ) - LICENÇA PARA SECRETARIA DE ESTADO (LSE) [...] 1. APARECIDA DENADAI -- 04 e 05 2 --","portal_casa","brutos/frequencia/FrequenciaPlenario012011.txt","alta","data_raw/assembleias3/ES/composicao_final.csv",TRUE
"ES","2006","2011-01-31","M2006_ES_7_12600_10438","DA VITÓRIA","em_exercicio","https://www.al.es.gov.br/appdata/anexos_sptl/frequencia_plenario/FrequenciaPlenario012011.pdf","MÊS: JANEIRO – 2011 - TOTAL DE SESSÕES ORDINÁRIAS: 3 (Em cumprimento ao que determina o Ato nº 2869, de 18 de outubro de 2006) MARCUS FARDIN DE AGUIAR DIRETOR LEGISLATIVO - DIPROL DEPUTADO AUSÊNCIA SEM JUSTIFICATIVA (DATAS) AUSÊNCIA JUSTIFICADA (DATAS) TOTAL - AFASTADO POR DECISÃO JUDICIAL (ADJ) - LICENÇA PARA SECRETARIA DE ESTADO (LSE) [...] 6. DA VITÓRIA -- -- --","portal_casa","brutos/frequencia/FrequenciaPlenario012011.txt","alta","data_raw/assembleias3/ES/composicao_final.csv",TRUE
"ES","2006","2011-01-31","M2006_ES_7_12789_10443","DOUTOR WOLMAR CAMPOSTRINI","em_exercicio","https://www.al.es.gov.br/appdata/anexos_sptl/frequencia_plenario/FrequenciaPlenario012011.pdf","MÊS: JANEIRO – 2011 - TOTAL DE SESSÕES ORDINÁRIAS: 3 (Em cumprimento ao que determina o Ato nº 2869, de 18 de outubro de 2006) MARCUS FARDIN DE AGUIAR DIRETOR LEGISLATIVO - DIPROL DEPUTADO AUSÊNCIA SEM JUSTIFICATIVA (DATAS) AUSÊNCIA JUSTIFICADA (DATAS) TOTAL - AFASTADO POR DECISÃO JUDICIAL (ADJ) - LICENÇA PARA SECRETARIA DE ESTADO (LSE) [...] 10. DOUTOR WOLMAR CAMPOSTRINI -- --","portal_casa","brutos/frequencia/FrequenciaPlenario012011.txt","alta","data_raw/assembleias3/ES/composicao_final.csv",TRUE
"ES","2006","2011-01-31","M2006_ES_7_13456_10476","CLÁUDIO VEREZA","em_exercicio","https://www.al.es.gov.br/appdata/anexos_sptl/frequencia_plenario/FrequenciaPlenario012011.pdf","MÊS: JANEIRO – 2011 - TOTAL DE SESSÕES ORDINÁRIAS: 3 (Em cumprimento ao que determina o Ato nº 2869, de 18 de outubro de 2006) MARCUS FARDIN DE AGUIAR DIRETOR LEGISLATIVO - DIPROL DEPUTADO AUSÊNCIA SEM JUSTIFICATIVA (DATAS) AUSÊNCIA JUSTIFICADA (DATAS) TOTAL - AFASTADO POR DECISÃO JUDICIAL (ADJ) - LICENÇA PARA SECRETARIA DE ESTADO (LSE) [...] 5. CLÁUDIO VEREZA -- 03 1 --","portal_casa","brutos/frequencia/FrequenciaPlenario012011.txt","alta","data_raw/assembleias3/ES/composicao_final.csv",TRUE
"ES","2006","2011-01-31","M2006_ES_7_14100_10190","DOUTOR HÉRCULES","em_exercicio","https://www.al.es.gov.br/appdata/anexos_sptl/frequencia_plenario/FrequenciaPlenario012011.pdf","MÊS: JANEIRO – 2011 - TOTAL DE SESSÕES ORDINÁRIAS: 3 (Em cumprimento ao que determina o Ato nº 2869, de 18 de outubro de 2006) MARCUS FARDIN DE AGUIAR DIRETOR LEGISLATIVO - DIPROL DEPUTADO AUSÊNCIA SEM JUSTIFICATIVA (DATAS) AUSÊNCIA JUSTIFICADA (DATAS) TOTAL - AFASTADO POR DECISÃO JUDICIAL (ADJ) - LICENÇA PARA SECRETARIA DE ESTADO (LSE) [...] 8. DOUTOR HÉRCULES -- -- --","portal_casa","brutos/frequencia/FrequenciaPlenario012011.txt","alta","data_raw/assembleias3/ES/composicao_final.csv",TRUE
"ES","2006","2011-01-31","M2006_ES_7_14111_10191","THEODORICO FERRAÇO","em_exercicio","https://www.al.es.gov.br/appdata/anexos_sptl/frequencia_plenario/FrequenciaPlenario012011.pdf","MÊS: JANEIRO – 2011 - TOTAL DE SESSÕES ORDINÁRIAS: 3 (Em cumprimento ao que determina o Ato nº 2869, de 18 de outubro de 2006) MARCUS FARDIN DE AGUIAR DIRETOR LEGISLATIVO - DIPROL DEPUTADO AUSÊNCIA SEM JUSTIFICATIVA (DATAS) AUSÊNCIA JUSTIFICADA (DATAS) TOTAL - AFASTADO POR DECISÃO JUDICIAL (ADJ) - LICENÇA PARA SECRETARIA DE ESTADO (LSE) [...] 29. THEODORICO FERRAÇO -- -- --","portal_casa","brutos/frequencia/FrequenciaPlenario012011.txt","alta","data_raw/assembleias3/ES/composicao_final.csv",TRUE
"ES","2006","2011-01-31","M2006_ES_7_14456_10198","MARCELO SANTOS","em_exercicio","https://www.al.es.gov.br/appdata/anexos_sptl/frequencia_plenario/FrequenciaPlenario012011.pdf","MÊS: JANEIRO – 2011 - TOTAL DE SESSÕES ORDINÁRIAS: 3 (Em cumprimento ao que determina o Ato nº 2869, de 18 de outubro de 2006) MARCUS FARDIN DE AGUIAR DIRETOR LEGISLATIVO - DIPROL DEPUTADO AUSÊNCIA SEM JUSTIFICATIVA (DATAS) AUSÊNCIA JUSTIFICADA (DATAS) TOTAL - AFASTADO POR DECISÃO JUDICIAL (ADJ) - LICENÇA PARA SECRETARIA DE ESTADO (LSE) [...] 19. MARCELO SANTOS -- -- --","portal_casa","brutos/frequencia/FrequenciaPlenario012011.txt","alta","data_raw/assembleias3/ES/composicao_final.csv",TRUE
"ES","2006","2011-01-31","M2006_ES_7_14500_10199","LUZIA TOLEDO","em_exercicio","https://www.al.es.gov.br/appdata/anexos_sptl/frequencia_plenario/FrequenciaPlenario012011.pdf","MÊS: JANEIRO – 2011 - TOTAL DE SESSÕES ORDINÁRIAS: 3 (Em cumprimento ao que determina o Ato nº 2869, de 18 de outubro de 2006) MARCUS FARDIN DE AGUIAR DIRETOR LEGISLATIVO - DIPROL DEPUTADO AUSÊNCIA SEM JUSTIFICATIVA (DATAS) AUSÊNCIA JUSTIFICADA (DATAS) TOTAL - AFASTADO POR DECISÃO JUDICIAL (ADJ) - LICENÇA PARA SECRETARIA DE ESTADO (LSE) [...] 18. LUZIA TOLEDO -- -- --","portal_casa","brutos/frequencia/FrequenciaPlenario012011.txt","alta","data_raw/assembleias3/ES/composicao_final.csv",TRUE
"ES","2006","2011-01-31","M2006_ES_7_15311_10218","SÉRGIO BORGES","em_exercicio","https://www.al.es.gov.br/appdata/anexos_sptl/frequencia_plenario/FrequenciaPlenario012011.pdf","MÊS: JANEIRO – 2011 - TOTAL DE SESSÕES ORDINÁRIAS: 3 (Em cumprimento ao que determina o Ato nº 2869, de 18 de outubro de 2006) MARCUS FARDIN DE AGUIAR DIRETOR LEGISLATIVO - DIPROL DEPUTADO AUSÊNCIA SEM JUSTIFICATIVA (DATAS) AUSÊNCIA JUSTIFICADA (DATAS) TOTAL - AFASTADO POR DECISÃO JUDICIAL (ADJ) - LICENÇA PARA SECRETARIA DE ESTADO (LSE) [...] 28. SÉRGIO BORGES -- -- --","portal_casa","brutos/frequencia/FrequenciaPlenario012011.txt","alta","data_raw/assembleias3/ES/composicao_final.csv",TRUE
"ES","2006","2011-01-31","M2006_ES_7_15789_10227","LUIZ CARLOS MOREIRA","em_exercicio","https://www.al.es.gov.br/appdata/anexos_sptl/frequencia_plenario/FrequenciaPlenario012011.pdf","MÊS: JANEIRO – 2011 - TOTAL DE SESSÕES ORDINÁRIAS: 3 (Em cumprimento ao que determina o Ato nº 2869, de 18 de outubro de 2006) MARCUS FARDIN DE AGUIAR DIRETOR LEGISLATIVO - DIPROL DEPUTADO AUSÊNCIA SEM JUSTIFICATIVA (DATAS) AUSÊNCIA JUSTIFICADA (DATAS) TOTAL - AFASTADO POR DECISÃO JUDICIAL (ADJ) - LICENÇA PARA SECRETARIA DE ESTADO (LSE) [...] 17. LUIZ CARLOS MOREIRA -- 05 1 --","portal_casa","brutos/frequencia/FrequenciaPlenario012011.txt","alta","data_raw/assembleias3/ES/composicao_final.csv",TRUE
"ES","2006","2011-01-31","M2006_ES_7_20000_10070","REGINALDO ALMEIDA","em_exercicio","https://www.al.es.gov.br/appdata/anexos_sptl/frequencia_plenario/FrequenciaPlenario012011.pdf","MÊS: JANEIRO – 2011 - TOTAL DE SESSÕES ORDINÁRIAS: 3 (Em cumprimento ao que determina o Ato nº 2869, de 18 de outubro de 2006) MARCUS FARDIN DE AGUIAR DIRETOR LEGISLATIVO - DIPROL DEPUTADO AUSÊNCIA SEM JUSTIFICATIVA (DATAS) AUSÊNCIA JUSTIFICADA (DATAS) TOTAL - AFASTADO POR DECISÃO JUDICIAL (ADJ) - LICENÇA PARA SECRETARIA DE ESTADO (LSE) [...] 22. REGINALDO ALMEIDA -- 03, 04 e 05 3 --","portal_casa","brutos/frequencia/FrequenciaPlenario012011.txt","alta","data_raw/assembleias3/ES/composicao_final.csv",TRUE
"ES","2006","2011-01-31","M2006_ES_7_22000_10390","VANDINHO LEITE","licenciado","https://www.al.es.gov.br/appdata/anexos_sptl/frequencia_plenario/FrequenciaPlenario012011.pdf","MÊS: JANEIRO – 2011 - TOTAL DE SESSÕES ORDINÁRIAS: 3 (Em cumprimento ao que determina o Ato nº 2869, de 18 de outubro de 2006) MARCUS FARDIN DE AGUIAR DIRETOR LEGISLATIVO - DIPROL DEPUTADO AUSÊNCIA SEM JUSTIFICATIVA (DATAS) AUSÊNCIA JUSTIFICADA (DATAS) TOTAL - AFASTADO POR DECISÃO JUDICIAL (ADJ) - LICENÇA PARA SECRETARIA DE ESTADO (LSE) [...] 30. VANDINHO LEITE -- -- 04 (LSE)","portal_casa","brutos/frequencia/FrequenciaPlenario012011.txt","alta","data_raw/assembleias3/ES/composicao_final.csv",TRUE
"ES","2006","2011-01-31","M2006_ES_7_22333_10402","ROBSON VAILLANT","licenciado","https://www.al.es.gov.br/appdata/anexos_sptl/frequencia_plenario/FrequenciaPlenario012011.pdf","MÊS: JANEIRO – 2011 - TOTAL DE SESSÕES ORDINÁRIAS: 3 (Em cumprimento ao que determina o Ato nº 2869, de 18 de outubro de 2006) MARCUS FARDIN DE AGUIAR DIRETOR LEGISLATIVO - DIPROL DEPUTADO AUSÊNCIA SEM JUSTIFICATIVA (DATAS) AUSÊNCIA JUSTIFICADA (DATAS) TOTAL - AFASTADO POR DECISÃO JUDICIAL (ADJ) [...] 24. ROBSON VAILLANT -- -- -- (ADJ)","portal_casa","brutos/frequencia/FrequenciaPlenario012011.txt","media","data_raw/assembleias3/ES/composicao_final.csv",TRUE
"ES","2006","2011-01-31","M2006_ES_7_25000_10233","ELCIO ALVARES","em_exercicio","https://www.al.es.gov.br/appdata/anexos_sptl/frequencia_plenario/FrequenciaPlenario012011.pdf","MÊS: JANEIRO – 2011 - TOTAL DE SESSÕES ORDINÁRIAS: 3 (Em cumprimento ao que determina o Ato nº 2869, de 18 de outubro de 2006) MARCUS FARDIN DE AGUIAR DIRETOR LEGISLATIVO - DIPROL DEPUTADO AUSÊNCIA SEM JUSTIFICATIVA (DATAS) AUSÊNCIA JUSTIFICADA (DATAS) TOTAL - AFASTADO POR DECISÃO JUDICIAL (ADJ) - LICENÇA PARA SECRETARIA DE ESTADO (LSE) [...] 11. ELCIO ALVARES -- -- --","portal_casa","brutos/frequencia/FrequenciaPlenario012011.txt","alta","data_raw/assembleias3/ES/composicao_final.csv",TRUE
"ES","2006","2011-01-31","M2006_ES_7_25179_10238","GIULIANNO","em_exercicio","https://www.al.es.gov.br/appdata/anexos_sptl/frequencia_plenario/FrequenciaPlenario012011.pdf","MÊS: JANEIRO – 2011 - TOTAL DE SESSÕES ORDINÁRIAS: 3 (Em cumprimento ao que determina o Ato nº 2869, de 18 de outubro de 2006) MARCUS FARDIN DE AGUIAR DIRETOR LEGISLATIVO - DIPROL DEPUTADO AUSÊNCIA SEM JUSTIFICATIVA (DATAS) AUSÊNCIA JUSTIFICADA (DATAS) TOTAL - AFASTADO POR DECISÃO JUDICIAL (ADJ) - LICENÇA PARA SECRETARIA DE ESTADO (LSE) [...] 14. GIULIANNO -- 03, 04 e 05 3 --","portal_casa","brutos/frequencia/FrequenciaPlenario012011.txt","alta","data_raw/assembleias3/ES/composicao_final.csv",TRUE
"ES","2006","2011-01-31","M2006_ES_7_25800_10243","ATAYDE ARMANI","em_exercicio","https://www.al.es.gov.br/appdata/anexos_sptl/frequencia_plenario/FrequenciaPlenario012011.pdf","MÊS: JANEIRO – 2011 - TOTAL DE SESSÕES ORDINÁRIAS: 3 (Em cumprimento ao que determina o Ato nº 2869, de 18 de outubro de 2006) MARCUS FARDIN DE AGUIAR DIRETOR LEGISLATIVO - DIPROL DEPUTADO AUSÊNCIA SEM JUSTIFICATIVA (DATAS) AUSÊNCIA JUSTIFICADA (DATAS) TOTAL - AFASTADO POR DECISÃO JUDICIAL (ADJ) - LICENÇA PARA SECRETARIA DE ESTADO (LSE) [...] 2. ATAYDE ARMANI -- -- --","portal_casa","brutos/frequencia/FrequenciaPlenario012011.txt","alta","data_raw/assembleias3/ES/composicao_final.csv",TRUE
"ES","2006","2011-01-31","M2006_ES_7_26123_10314","FREITAS","em_exercicio","https://www.al.es.gov.br/appdata/anexos_sptl/frequencia_plenario/FrequenciaPlenario012011.pdf","MÊS: JANEIRO – 2011 - TOTAL DE SESSÕES ORDINÁRIAS: 3 (Em cumprimento ao que determina o Ato nº 2869, de 18 de outubro de 2006) MARCUS FARDIN DE AGUIAR DIRETOR LEGISLATIVO - DIPROL DEPUTADO AUSÊNCIA SEM JUSTIFICATIVA (DATAS) AUSÊNCIA JUSTIFICADA (DATAS) TOTAL - AFASTADO POR DECISÃO JUDICIAL (ADJ) - LICENÇA PARA SECRETARIA DE ESTADO (LSE) [...] 13. FREITAS -- 03 1 --","portal_casa","brutos/frequencia/FrequenciaPlenario012011.txt","alta","data_raw/assembleias3/ES/composicao_final.csv",TRUE
"ES","2006","2011-01-31","M2006_ES_7_26555_10328","DOUTOR RAFAEL FAVATTO","em_exercicio","https://www.al.es.gov.br/appdata/anexos_sptl/frequencia_plenario/FrequenciaPlenario012011.pdf","MÊS: JANEIRO – 2011 - TOTAL DE SESSÕES ORDINÁRIAS: 3 (Em cumprimento ao que determina o Ato nº 2869, de 18 de outubro de 2006) MARCUS FARDIN DE AGUIAR DIRETOR LEGISLATIVO - DIPROL DEPUTADO AUSÊNCIA SEM JUSTIFICATIVA (DATAS) AUSÊNCIA JUSTIFICADA (DATAS) TOTAL - AFASTADO POR DECISÃO JUDICIAL (ADJ) - LICENÇA PARA SECRETARIA DE ESTADO (LSE) [...] 9. DOUTOR RAFAEL FAVATTO -- --","portal_casa","brutos/frequencia/FrequenciaPlenario012011.txt","alta","data_raw/assembleias3/ES/composicao_final.csv",TRUE
"ES","2006","2011-01-31","M2006_ES_7_40123_10484","RODRIGO CHAMOUN","em_exercicio","https://www.al.es.gov.br/appdata/anexos_sptl/frequencia_plenario/FrequenciaPlenario012011.pdf","MÊS: JANEIRO – 2011 - TOTAL DE SESSÕES ORDINÁRIAS: 3 (Em cumprimento ao que determina o Ato nº 2869, de 18 de outubro de 2006) MARCUS FARDIN DE AGUIAR DIRETOR LEGISLATIVO - DIPROL DEPUTADO AUSÊNCIA SEM JUSTIFICATIVA (DATAS) AUSÊNCIA JUSTIFICADA (DATAS) TOTAL - AFASTADO POR DECISÃO JUDICIAL (ADJ) - LICENÇA PARA SECRETARIA DE ESTADO (LSE) [...] 25. RODRIGO CHAMOUN -- -- --","portal_casa","brutos/frequencia/FrequenciaPlenario012011.txt","alta","data_raw/assembleias3/ES/composicao_final.csv",TRUE
"ES","2006","2011-01-31","M2006_ES_7_40240_10487","PAULO FOLETTO","em_exercicio","https://www.al.es.gov.br/appdata/anexos_sptl/frequencia_plenario/FrequenciaPlenario012011.pdf","MÊS: JANEIRO – 2011 - TOTAL DE SESSÕES ORDINÁRIAS: 3 (Em cumprimento ao que determina o Ato nº 2869, de 18 de outubro de 2006) MARCUS FARDIN DE AGUIAR DIRETOR LEGISLATIVO - DIPROL DEPUTADO AUSÊNCIA SEM JUSTIFICATIVA (DATAS) AUSÊNCIA JUSTIFICADA (DATAS) TOTAL - AFASTADO POR DECISÃO JUDICIAL (ADJ) - LICENÇA PARA SECRETARIA DE ESTADO (LSE) [...] 20. PAULO FOLETTO -- 05 1 --","portal_casa","brutos/frequencia/FrequenciaPlenario012011.txt","alta","data_raw/assembleias3/ES/composicao_final.csv",TRUE
"ES","2006","2011-01-31","M2006_ES_7_40800_10501","JANETE DE SÁ","em_exercicio","https://www.al.es.gov.br/appdata/anexos_sptl/frequencia_plenario/FrequenciaPlenario012011.pdf","MÊS: JANEIRO – 2011 - TOTAL DE SESSÕES ORDINÁRIAS: 3 (Em cumprimento ao que determina o Ato nº 2869, de 18 de outubro de 2006) MARCUS FARDIN DE AGUIAR DIRETOR LEGISLATIVO - DIPROL DEPUTADO AUSÊNCIA SEM JUSTIFICATIVA (DATAS) AUSÊNCIA JUSTIFICADA (DATAS) TOTAL - AFASTADO POR DECISÃO JUDICIAL (ADJ) - LICENÇA PARA SECRETARIA DE ESTADO (LSE) [...] 16. JANETE DE SÁ -- 05 1 --","portal_casa","brutos/frequencia/FrequenciaPlenario012011.txt","alta","data_raw/assembleias3/ES/composicao_final.csv",TRUE
"ES","2006","2011-01-31","M2006_ES_7_45678_10266","CÉSAR COLNAGO","em_exercicio","https://www.al.es.gov.br/appdata/anexos_sptl/frequencia_plenario/FrequenciaPlenario012011.pdf","MÊS: JANEIRO – 2011 - TOTAL DE SESSÕES ORDINÁRIAS: 3 (Em cumprimento ao que determina o Ato nº 2869, de 18 de outubro de 2006) MARCUS FARDIN DE AGUIAR DIRETOR LEGISLATIVO - DIPROL DEPUTADO AUSÊNCIA SEM JUSTIFICATIVA (DATAS) AUSÊNCIA JUSTIFICADA (DATAS) TOTAL - AFASTADO POR DECISÃO JUDICIAL (ADJ) - LICENÇA PARA SECRETARIA DE ESTADO (LSE) [...] 4. CÉSAR COLNAGO -- 04 1 --","portal_casa","brutos/frequencia/FrequenciaPlenario012011.txt","alta","data_raw/assembleias3/ES/composicao_final.csv",TRUE
"ES","2006","2011-01-31","M2006_ES_7_70123_10163","WANILDO SARNÁGLIA","em_exercicio","https://www.al.es.gov.br/appdata/anexos_sptl/frequencia_plenario/FrequenciaPlenario012011.pdf","MÊS: JANEIRO – 2011 - TOTAL DE SESSÕES ORDINÁRIAS: 3 (Em cumprimento ao que determina o Ato nº 2869, de 18 de outubro de 2006) MARCUS FARDIN DE AGUIAR DIRETOR LEGISLATIVO - DIPROL DEPUTADO AUSÊNCIA SEM JUSTIFICATIVA (DATAS) AUSÊNCIA JUSTIFICADA (DATAS) TOTAL - AFASTADO POR DECISÃO JUDICIAL (ADJ) - LICENÇA PARA SECRETARIA DE ESTADO (LSE) [...] 31. WANILDO SARNÁGLIA -- 03 1 --","portal_casa","brutos/frequencia/FrequenciaPlenario012011.txt","alta","data_raw/assembleias3/ES/composicao_final.csv",TRUE
"ES","2010","2015-01-31","M2010_ES_7_12100_80000000563","MARIA APARECIDA DE NADAI","em_exercicio","http://www.al.es.gov.br/appdata/anexos_sptl/transparencia/transparencia_2015.csv ; https://www.al.es.gov.br/Transparencia/ListagemServidoresVinculosData?id=000434&situacao=","00043402;MARIA APARECIDA DE NADAI;DEPUTADO ESTADUAL;01/2015 || """"Vinculo"""":""""000434 - 02"""",""""Nome"""":""""MARIA APARECIDA DE NADAI"""" [...] """"Cargo"""":""""DEPUTADO ESTADUAL"""",""""Setor"""":""""DEPUTADOS ESTADUAIS"""",""""DataAdmissao"""":""""09/04/2012"""",""""DataDemissao"""":""""01/02/2015""""}","portal_casa","brutos/transparencia_2015.csv ; brutos/vinculos/000434.json","alta","data_raw/assembleias3/ES/composicao_final.csv",TRUE
"ES","2010","2015-01-31","M2010_ES_7_12345_80000000559","LUIZ CANDIDO DURAO","em_exercicio","http://www.al.es.gov.br/appdata/anexos_sptl/transparencia/transparencia_2015.csv ; https://www.al.es.gov.br/Transparencia/ListagemServidoresVinculosData?id=000460&situacao=","00046001;LUIZ CANDIDO DURAO;DEPUTADO ESTADUAL;01/2015 || """"Vinculo"""":""""000460 - 01"""",""""Nome"""":""""LUIZ CANDIDO DURAO"""" [...] """"Cargo"""":""""DEPUTADO ESTADUAL"""",""""Setor"""":""""DEPUTADOS ESTADUAIS"""",""""DataAdmissao"""":""""01/02/2011"""",""""DataDemissao"""":""""01/02/2015""""}","portal_casa","brutos/transparencia_2015.csv ; brutos/vinculos/000460.json","alta","data_raw/assembleias3/ES/composicao_final.csv",TRUE
"ES","2010","2015-01-31","M2010_ES_7_12600_80000000554","JOSIAS MARIO DA VITORIA","em_exercicio","http://www.al.es.gov.br/appdata/anexos_sptl/transparencia/transparencia_2015.csv ; https://www.al.es.gov.br/Transparencia/ListagemServidoresVinculosData?id=000439&situacao=","00043901;JOSIAS MARIO DA VITORIA;DEPUTADO ESTADUAL;01/2015 || """"Vinculo"""":""""000439 - 01"""",""""Nome"""":""""JOSIAS MARIO DA VITORIA"""" [...] """"Cargo"""":""""DEPUTADO ESTADUAL"""",""""Setor"""":""""DEPUTADOS ESTADUAIS"""",""""DataAdmissao"""":""""01/02/2007"""",""""DataDemissao"""":""""01/02/2019""""}","portal_casa","brutos/transparencia_2015.csv ; brutos/vinculos/000439.json","alta","data_raw/assembleias3/ES/composicao_final.csv",TRUE
"ES","2010","2015-01-31","M2010_ES_7_13013_80000000518","ROBERTO CARLOS TELES BRAGA","em_exercicio","http://www.al.es.gov.br/appdata/anexos_sptl/transparencia/transparencia_2015.csv ; https://www.al.es.gov.br/Transparencia/ListagemServidoresVinculosData?id=000452&situacao=","00045201;ROBERTO CARLOS TELES BRAGA;DEPUTADO ESTADUAL;01/2015 || """"Vinculo"""":""""000452 - 01"""",""""Nome"""":""""ROBERTO CARLOS TELES BRAGA"""" [...] """"Cargo"""":""""DEPUTADO ESTADUAL"""",""""Setor"""":""""DEPUTADOS ESTADUAIS"""",""""DataAdmissao"""":""""01/01/2011"""",""""DataDemissao"""":""""01/02/2015""""}","portal_casa","brutos/transparencia_2015.csv ; brutos/vinculos/000452.json","alta","data_raw/assembleias3/ES/composicao_final.csv",TRUE
"ES","2010","2015-01-31","M2010_ES_7_13120_80000000503","LUCIA HELENA DORNELLAS","em_exercicio","http://www.al.es.gov.br/appdata/anexos_sptl/transparencia/transparencia_2015.csv ; https://www.al.es.gov.br/Transparencia/ListagemServidoresVinculosData?id=000459&situacao=","00045901;LUCIA HELENA DORNELLAS;DEPUTADO ESTADUAL;01/2015 || """"Vinculo"""":""""000459 - 01"""",""""Nome"""":""""LUCIA HELENA DORNELLAS"""" [...] """"Cargo"""":""""DEPUTADO ESTADUAL"""",""""Setor"""":""""DEPUTADOS ESTADUAIS"""",""""DataAdmissao"""":""""01/02/2011"""",""""DataDemissao"""":""""01/02/2015""""}","portal_casa","brutos/transparencia_2015.csv ; brutos/vinculos/000459.json","alta","data_raw/assembleias3/ES/composicao_final.csv",TRUE
"ES","2010","2015-01-31","M2010_ES_7_13130_80000000484","GENIVALDO JOSE LIEVORE","em_exercicio","http://www.al.es.gov.br/appdata/anexos_sptl/transparencia/transparencia_2015.csv ; https://www.al.es.gov.br/Transparencia/ListagemServidoresVinculosData?id=000457&situacao=","00045701;GENIVALDO JOSE LIEVORE;DEPUTADO ESTADUAL;01/2015 || """"Vinculo"""":""""000457 - 01"""",""""Nome"""":""""GENIVALDO JOSE LIEVORE"""" [...] """"Cargo"""":""""DEPUTADO ESTADUAL"""",""""Setor"""":""""DEPUTADOS ESTADUAIS"""",""""DataAdmissao"""":""""01/02/2011"""",""""DataDemissao"""":""""01/02/2015""""}","portal_casa","brutos/transparencia_2015.csv ; brutos/vinculos/000457.json","alta","data_raw/assembleias3/ES/composicao_final.csv",TRUE
"ES","2010","2015-01-31","M2010_ES_7_13456_80000000471","CLAUDIO HUMBERTO VEREZA LODI","em_exercicio","http://www.al.es.gov.br/appdata/anexos_sptl/transparencia/transparencia_2015.csv ; https://www.al.es.gov.br/Transparencia/ListagemServidoresVinculosData?id=000059&situacao=","00005901;CLAUDIO HUMBERTO VEREZA LODI;DEPUTADO ESTADUAL;01/2015 || """"Vinculo"""":""""000059 - 01"""",""""Nome"""":""""CLAUDIO HUMBERTO VEREZA LODI"""" [...] """"Cargo"""":""""DEPUTADO ESTADUAL"""",""""Setor"""":""""DEPUTADOS ESTADUAIS"""",""""DataAdmissao"""":""""01/02/1995"""",""""DataDemissao"""":""""01/02/2015""""}","portal_casa","brutos/transparencia_2015.csv ; brutos/vinculos/000059.json","alta","data_raw/assembleias3/ES/composicao_final.csv",TRUE
"ES","2010","2015-01-31","M2010_ES_7_14014_80000000356","JOSE CARLOS ELIAS","em_exercicio","http://www.al.es.gov.br/appdata/anexos_sptl/transparencia/transparencia_2015.csv ; https://www.al.es.gov.br/Transparencia/ListagemServidoresVinculosData?id=000458&situacao=","00045801;JOSE CARLOS ELIAS;DEPUTADO ESTADUAL;01/2015 || """"Vinculo"""":""""000458 - 01"""",""""Nome"""":""""JOSE CARLOS ELIAS"""" [...] """"Cargo"""":""""DEPUTADO ESTADUAL"""",""""Setor"""":""""DEPUTADOS ESTADUAIS"""",""""DataAdmissao"""":""""01/02/2011"""",""""DataDemissao"""":""""01/02/2015""""}","portal_casa","brutos/transparencia_2015.csv ; brutos/vinculos/000458.json","alta","data_raw/assembleias3/ES/composicao_final.csv",TRUE
"ES","2010","2015-01-31","M2010_ES_7_15100_80000000487","HERCULES SILVEIRA","em_exercicio","http://www.al.es.gov.br/appdata/anexos_sptl/transparencia/transparencia_2015.csv ; https://www.al.es.gov.br/Transparencia/ListagemServidoresVinculosData?id=000430&situacao=","00043001;HERCULES SILVEIRA;DEPUTADO ESTADUAL;01/2015 || """"Vinculo"""":""""000430 - 01"""",""""Nome"""":""""HERCULES SILVEIRA"""" [...] """"Cargo"""":""""DEPUTADO ESTADUAL"""",""""Setor"""":""""DEPUTADOS ESTADUAIS"""",""""DataAdmissao"""":""""01/02/2007"""",""""DataDemissao"""":""""01/02/2023""""}","portal_casa","brutos/transparencia_2015.csv ; brutos/vinculos/000430.json","alta","data_raw/assembleias3/ES/composicao_final.csv",TRUE
"ES","2010","2015-01-31","M2010_ES_7_15123_80000000462","ALEXANDRE MARCELO COUTINHO SANTOS","em_exercicio","http://www.al.es.gov.br/appdata/anexos_sptl/transparencia/transparencia_2015.csv ; https://www.al.es.gov.br/Transparencia/ListagemServidoresVinculosData?id=000405&situacao=","00040501;ALEXANDRE MARCELO COUTINHO SANTOS;DEPUTADO ESTADUAL;01/2015 || """"Vinculo"""":""""000405 - 01"""",""""Nome"""":""""ALEXANDRE MARCELO COUTINHO SANTOS"""" [...] """"Cargo"""":""""DEPUTADO ESTADUAL"""",""""Setor"""":""""GAB. DEP. MARCELO SANTOS"""",""""DataAdmissao"""":""""01/02/2003"""",""""DataDemissao"""":null}","portal_casa","brutos/transparencia_2015.csv ; brutos/vinculos/000405.json","alta","data_raw/assembleias3/ES/composicao_final.csv",TRUE
"ES","2010","2015-01-31","M2010_ES_7_15500_80000000507","LUZIA ALVES TOLEDO","em_exercicio","http://www.al.es.gov.br/appdata/anexos_sptl/transparencia/transparencia_2015.csv ; https://www.al.es.gov.br/Transparencia/ListagemServidoresVinculosData?id=000426&situacao=","00042601;LUZIA ALVES TOLEDO;DEPUTADO ESTADUAL;01/2015 || """"Vinculo"""":""""000426 - 01"""",""""Nome"""":""""LUZIA ALVES TOLEDO"""" [...] """"Cargo"""":""""DEPUTADO ESTADUAL"""",""""Setor"""":""""DEPUTADOS ESTADUAIS"""",""""DataAdmissao"""":""""31/12/2004"""",""""DataDemissao"""":""""01/02/2019""""}","portal_casa","brutos/transparencia_2015.csv ; brutos/vinculos/000426.json","alta","data_raw/assembleias3/ES/composicao_final.csv",TRUE
"ES","2010","2015-01-31","M2010_ES_7_15678_80000000525","SOLANGE SIQUEIRA LUBE","em_exercicio","http://www.al.es.gov.br/appdata/anexos_sptl/transparencia/transparencia_2015.csv ; https://www.al.es.gov.br/Transparencia/ListagemServidoresVinculosData?id=000455&situacao=","00045501;SOLANGE SIQUEIRA LUBE;DEPUTADO ESTADUAL;01/2015 || """"Vinculo"""":""""000455 - 01"""",""""Nome"""":""""SOLANGE SIQUEIRA LUBE"""" [...] """"Cargo"""":""""DEPUTADO ESTADUAL"""",""""Setor"""":""""DEPUTADOS ESTADUAIS"""",""""DataAdmissao"""":""""01/02/2011"""",""""DataDemissao"""":""""01/02/2015""""}","portal_casa","brutos/transparencia_2015.csv ; brutos/vinculos/000455.json","alta","data_raw/assembleias3/ES/composicao_final.csv",TRUE
"ES","2010","2015-01-31","M2010_ES_7_22000_80000000058","VANDERSON ALONSO LEITE","em_exercicio","http://www.al.es.gov.br/appdata/anexos_sptl/transparencia/transparencia_2015.csv ; https://www.al.es.gov.br/Transparencia/ListagemServidoresVinculosData?id=000435&situacao=","00043501;VANDERSON ALONSO LEITE;DEPUTADO ESTADUAL;01/2015 || """"Vinculo"""":""""000435 - 01"""",""""Nome"""":""""VANDERSON ALONSO LEITE"""" [...] """"Cargo"""":""""DEPUTADO ESTADUAL"""",""""Setor"""":""""DEPUTADOS ESTADUAIS"""",""""DataAdmissao"""":""""01/02/2007"""",""""DataDemissao"""":""""01/02/2015""""}","portal_casa","brutos/transparencia_2015.csv ; brutos/vinculos/000435.json","alta","data_raw/assembleias3/ES/composicao_final.csv",TRUE
"ES","2010","2015-01-31","M2010_ES_7_22300_80000000023","GILSON DOS SANTOS LOPES FILHO","em_exercicio","http://www.al.es.gov.br/appdata/anexos_sptl/transparencia/transparencia_2015.csv ; https://www.al.es.gov.br/Transparencia/ListagemServidoresVinculosData?id=000089&situacao=","00008902;GILSON DOS SANTOS LOPES FILHO;DEPUTADO ESTADUAL;01/2015 || """"Vinculo"""":""""000089 - 02"""",""""Nome"""":""""GILSON DOS SANTOS LOPES FILHO"""" [...] """"Cargo"""":""""DEPUTADO ESTADUAL"""",""""Setor"""":""""DEPUTADOS ESTADUAIS"""",""""DataAdmissao"""":""""01/02/2011"""",""""DataDemissao"""":""""01/02/2019""""}","portal_casa","brutos/transparencia_2015.csv ; brutos/vinculos/000089.json","alta","data_raw/assembleias3/ES/composicao_final.csv",TRUE
"ES","2010","2015-01-31","M2010_ES_7_22444_80000000026","JOSE ESMERALDO DE FREITAS","em_exercicio","http://www.al.es.gov.br/appdata/anexos_sptl/transparencia/transparencia_2015.csv ; https://www.al.es.gov.br/Transparencia/ListagemServidoresVinculosData?id=000403&situacao=","00040302;JOSÉ ESMERALDO DE FREITAS;DEPUTADO ESTADUAL;01/2015 || """"Vinculo"""":""""000403 - 02"""",""""Nome"""":""""JOSE ESMERALDO DE FREITAS"""" [...] """"Cargo"""":""""DEPUTADO ESTADUAL"""",""""Setor"""":""""DEPUTADOS ESTADUAIS"""",""""DataAdmissao"""":""""01/02/2011"""",""""DataDemissao"""":""""01/02/2015""""}","portal_casa","brutos/transparencia_2015.csv ; brutos/vinculos/000403.json","alta","data_raw/assembleias3/ES/composicao_final.csv",TRUE
"ES","2010","2015-01-31","M2010_ES_7_25000_80000000404","ELCIO ALVARES","em_exercicio","http://www.al.es.gov.br/appdata/anexos_sptl/transparencia/transparencia_2015.csv ; https://www.al.es.gov.br/Transparencia/ListagemServidoresVinculosData?id=000436&situacao=","00043601;ELCIO ALVARES;DEPUTADO ESTADUAL;01/2015 || """"Vinculo"""":""""000436 - 01"""",""""Nome"""":""""ELCIO ALVARES"""" [...] """"Cargo"""":""""DEPUTADO ESTADUAL"""",""""Setor"""":""""DEPUTADOS ESTADUAIS"""",""""DataAdmissao"""":""""01/02/2007"""",""""DataDemissao"""":""""01/02/2015""""}","portal_casa","brutos/transparencia_2015.csv ; brutos/vinculos/000436.json","alta","data_raw/assembleias3/ES/composicao_final.csv",TRUE
"ES","2010","2015-01-31","M2010_ES_7_25100_80000000431","THEODORICO DE ASSIS FERRACO","em_exercicio","http://www.al.es.gov.br/appdata/anexos_sptl/transparencia/transparencia_2015.csv ; https://www.al.es.gov.br/Transparencia/ListagemServidoresVinculosData?id=000446&situacao=","00044601;THEODORICO DE ASSIS FERRAÇO;DEPUTADO ESTADUAL;01/2015 || """"Vinculo"""":""""000446 - 01"""",""""Nome"""":""""THEODORICO DE ASSIS FERRACO"""" [...] """"Cargo"""":""""DEPUTADO ESTADUAL"""",""""Setor"""":""""GAB. DEP. THEODORICO FERRAÇO"""",""""DataAdmissao"""":""""01/02/2007"""",""""DataDemissao"""":""""01/01/2025""""}","portal_casa","brutos/transparencia_2015.csv ; brutos/vinculos/000446.json","alta","data_raw/assembleias3/ES/composicao_final.csv",TRUE
"ES","2010","2015-01-31","M2010_ES_7_25800_80000000402","ATAYDES ANTONIO ARMANI","em_exercicio","http://www.al.es.gov.br/appdata/anexos_sptl/transparencia/transparencia_2015.csv ; https://www.al.es.gov.br/Transparencia/ListagemServidoresVinculosData?id=000444&situacao=","00044401;ATAYDES ANTONIO ARMANI;DEPUTADO ESTADUAL;01/2015 || """"Vinculo"""":""""000444 - 01"""",""""Nome"""":""""ATAYDES ANTONIO ARMANI"""" [...] """"Cargo"""":""""DEPUTADO ESTADUAL"""",""""Setor"""":""""DEPUTADOS ESTADUAIS"""",""""DataAdmissao"""":""""01/02/2007"""",""""DataDemissao"""":""""01/02/2015""""}","portal_casa","brutos/transparencia_2015.csv ; brutos/vinculos/000444.json","alta","data_raw/assembleias3/ES/composicao_final.csv",TRUE
"ES","2010","2015-01-31","M2010_ES_7_40100_80000000499","JOSE EUSTAQUIO DE FREITAS","em_exercicio","http://www.al.es.gov.br/appdata/anexos_sptl/transparencia/transparencia_2015.csv ; https://www.al.es.gov.br/Transparencia/ListagemServidoresVinculosData?id=000429&situacao=","00042901;JOSE EUSTAQUIO DE FREITAS;DEPUTADO ESTADUAL;01/2015 || """"Vinculo"""":""""000429 - 01"""",""""Nome"""":""""JOSE EUSTAQUIO DE FREITAS"""" [...] """"Cargo"""":""""DEPUTADO ESTADUAL"""",""""Setor"""":""""DEPUTADOS ESTADUAIS"""",""""DataAdmissao"""":""""01/02/2007"""",""""DataDemissao"""":""""01/02/2019""""}","portal_casa","brutos/transparencia_2015.csv ; brutos/vinculos/000429.json","alta","data_raw/assembleias3/ES/composicao_final.csv",TRUE
"ES","2010","2015-01-31","M2010_ES_7_43123_80000000315","SANDRO HELENO GOMES DE SOUZA","em_exercicio","http://www.al.es.gov.br/appdata/anexos_sptl/transparencia/transparencia_2015.csv ; https://www.al.es.gov.br/Transparencia/ListagemServidoresVinculosData?id=000461&situacao=","00046101;SANDRO HELENO GOMES DE SOUZA;DEPUTADO ESTADUAL;01/2015 || """"Vinculo"""":""""000461 - 01"""",""""Nome"""":""""SANDRO HELENO GOMES DE SOUZA"""" [...] """"Cargo"""":""""DEPUTADO ESTADUAL"""",""""Setor"""":""""DEPUTADOS ESTADUAIS"""",""""DataAdmissao"""":""""01/02/2011"""",""""DataDemissao"""":""""01/02/2019""""}","portal_casa","brutos/transparencia_2015.csv ; brutos/vinculos/000461.json","alta","data_raw/assembleias3/ES/composicao_final.csv",TRUE
"ES","2010","2015-01-31","M2010_ES_7_43456_80000000286","GILDEVAN ALVES FERNANDES","em_exercicio","http://www.al.es.gov.br/appdata/anexos_sptl/transparencia/transparencia_2015.csv ; https://www.al.es.gov.br/Transparencia/ListagemServidoresVinculosData?id=000464&situacao=","00046401;GILDEVAN ALVES FERNANDES;DEPUTADO ESTADUAL;01/2015 || """"Vinculo"""":""""000464 - 01"""",""""Nome"""":""""GILDEVAN ALVES FERNANDES"""" [...] """"Cargo"""":""""DEPUTADO ESTADUAL"""",""""Setor"""":""""DEPUTADOS ESTADUAIS"""",""""DataAdmissao"""":""""01/02/2011"""",""""DataDemissao"""":""""01/02/2019""""}","portal_casa","brutos/transparencia_2015.csv ; brutos/vinculos/000464.json","alta","data_raw/assembleias3/ES/composicao_final.csv",TRUE
"ES","2010","2015-01-31","M2010_ES_7_44569_80000000220","DARY ALVES PAGUNG","em_exercicio","http://www.al.es.gov.br/appdata/anexos_sptl/transparencia/transparencia_2015.csv ; https://www.al.es.gov.br/Transparencia/ListagemServidoresVinculosData?id=000450&situacao=","00045001;DARY ALVES PAGUNG;DEPUTADO ESTADUAL;01/2015 || """"Vinculo"""":""""000450 - 01"""",""""Nome"""":""""DARY ALVES PAGUNG"""" [...] """"Cargo"""":""""DEPUTADO ESTADUAL"""",""""Setor"""":""""GAB. DEP. DARY PAGUNG"""",""""DataAdmissao"""":""""28/05/2008"""",""""DataDemissao"""":null}","portal_casa","brutos/transparencia_2015.csv ; brutos/vinculos/000450.json","alta","data_raw/assembleias3/ES/composicao_final.csv",TRUE
"ES","2014","2019-01-31","M2014_ES_7_11190_80000000144","ERICK CABRAL MUSSO","em_exercicio","http://www.al.es.gov.br/appdata/anexos_sptl/transparencia/transparencia_2019.csv ; https://www.al.es.gov.br/Transparencia/ListagemServidoresVinculosData?id=000475&situacao=","00047501;ERICK CABRAL MUSSO;DEPUTADO ESTADUAL;01/2019 || """"Vinculo"""":""""000475 - 01"""",""""Nome"""":""""ERICK CABRAL MUSSO"""" [...] """"Cargo"""":""""DEPUTADO ESTADUAL"""",""""Setor"""":""""DEPUTADOS ESTADUAIS"""",""""DataAdmissao"""":""""01/02/2015"""",""""DataDemissao"""":""""01/02/2023""""}","portal_casa","brutos/transparencia_2019.csv ; brutos/vinculos/000475.json","alta","data_raw/assembleias3/ES/composicao_final.csv",TRUE
"ES","2014","2019-01-31","M2014_ES_7_12444_80000000372","EUCLERIO DE AZEVEDO SAMPAIO JUNIOR","em_exercicio","http://www.al.es.gov.br/appdata/anexos_sptl/transparencia/transparencia_2019.csv ; https://www.al.es.gov.br/Transparencia/ListagemServidoresVinculosData?id=000407&situacao=","00040702;EUCLERIO DE AZEVEDO SAMPAIO JUNIOR;DEPUTADO ESTADUAL;01/2019 || """"Vinculo"""":""""000407 - 02"""",""""Nome"""":""""EUCLERIO DE AZEVEDO SAMPAIO JUNIOR"""" [...] """"Cargo"""":""""DEPUTADO ESTADUAL"""",""""Setor"""":""""DEPUTADOS ESTADUAIS"""",""""DataAdmissao"""":""""26/12/2012"""",""""DataDemissao"""":""""01/01/2021""""}","portal_casa","brutos/transparencia_2019.csv ; brutos/vinculos/000407.json","alta","data_raw/assembleias3/ES/composicao_final.csv",TRUE
"ES","2014","2019-01-31","M2014_ES_7_12600_80000000377","JOSIAS MARIO DA VITORIA","em_exercicio","http://www.al.es.gov.br/appdata/anexos_sptl/transparencia/transparencia_2019.csv ; https://www.al.es.gov.br/Transparencia/ListagemServidoresVinculosData?id=000439&situacao=","00043901;JOSIAS MARIO DA VITORIA;DEPUTADO ESTADUAL;01/2019 || """"Vinculo"""":""""000439 - 01"""",""""Nome"""":""""JOSIAS MARIO DA VITORIA"""" [...] """"Cargo"""":""""DEPUTADO ESTADUAL"""",""""Setor"""":""""DEPUTADOS ESTADUAIS"""",""""DataAdmissao"""":""""01/02/2007"""",""""DataDemissao"""":""""01/02/2019""""}","portal_casa","brutos/transparencia_2019.csv ; brutos/vinculos/000439.json","alta","data_raw/assembleias3/ES/composicao_final.csv",TRUE
"ES","2014","2019-01-31","M2014_ES_7_13333_80000000415","HONORIO JOSE DE SIQUEIRA","em_exercicio","http://www.al.es.gov.br/appdata/anexos_sptl/transparencia/transparencia_2019.csv ; https://www.al.es.gov.br/Transparencia/ListagemServidoresVinculosData?id=000470&situacao=","00047001;HONORIO JOSE DE SIQUEIRA;DEPUTADO ESTADUAL;01/2019 || """"Vinculo"""":""""000470 - 01"""",""""Nome"""":""""HONORIO JOSE DE SIQUEIRA"""" [...] """"Cargo"""":""""DEPUTADO ESTADUAL"""",""""Setor"""":""""DEPUTADOS ESTADUAIS"""",""""DataAdmissao"""":""""01/02/2015"""",""""DataDemissao"""":""""01/02/2019""""}","portal_casa","brutos/transparencia_2019.csv ; brutos/vinculos/000470.json","alta","data_raw/assembleias3/ES/composicao_final.csv",TRUE
"ES","2014","2019-01-31","M2014_ES_7_13690_80000000417","JOSE CARLOS NUNES DA SILVA","em_exercicio","http://www.al.es.gov.br/appdata/anexos_sptl/transparencia/transparencia_2019.csv ; https://www.al.es.gov.br/Transparencia/ListagemServidoresVinculosData?id=000481&situacao=","00048101;JOSE CARLOS NUNES DA SILVA;DEPUTADO ESTADUAL;01/2019 || """"Vinculo"""":""""000481 - 01"""",""""Nome"""":""""JOSE CARLOS NUNES DA SILVA"""" [...] """"Cargo"""":""""DEPUTADO ESTADUAL"""",""""Setor"""":""""DEPUTADOS ESTADUAIS"""",""""DataAdmissao"""":""""01/02/2015"""",""""DataDemissao"""":""""01/02/2019""""}","portal_casa","brutos/transparencia_2019.csv ; brutos/vinculos/000481.json","alta","data_raw/assembleias3/ES/composicao_final.csv",TRUE
"ES","2014","2019-01-31","M2014_ES_7_15100_80000000653","HERCULES SILVEIRA","em_exercicio","http://www.al.es.gov.br/appdata/anexos_sptl/transparencia/transparencia_2019.csv ; https://www.al.es.gov.br/Transparencia/ListagemServidoresVinculosData?id=000430&situacao=","00043001;HERCULES SILVEIRA;DEPUTADO ESTADUAL;01/2019 || """"Vinculo"""":""""000430 - 01"""",""""Nome"""":""""HERCULES SILVEIRA"""" [...] """"Cargo"""":""""DEPUTADO ESTADUAL"""",""""Setor"""":""""DEPUTADOS ESTADUAIS"""",""""DataAdmissao"""":""""01/02/2007"""",""""DataDemissao"""":""""01/02/2023""""}","portal_casa","brutos/transparencia_2019.csv ; brutos/vinculos/000430.json","alta","data_raw/assembleias3/ES/composicao_final.csv",TRUE
"ES","2014","2019-01-31","M2014_ES_7_15123_80000000651","ALEXANDRE MARCELO COUTINHO SANTOS","em_exercicio","http://www.al.es.gov.br/appdata/anexos_sptl/transparencia/transparencia_2019.csv ; https://www.al.es.gov.br/Transparencia/ListagemServidoresVinculosData?id=000405&situacao=","00040501;ALEXANDRE MARCELO COUTINHO SANTOS;DEPUTADO ESTADUAL;01/2019 || """"Vinculo"""":""""000405 - 01"""",""""Nome"""":""""ALEXANDRE MARCELO COUTINHO SANTOS"""" [...] """"Cargo"""":""""DEPUTADO ESTADUAL"""",""""Setor"""":""""GAB. DEP. MARCELO SANTOS"""",""""DataAdmissao"""":""""01/02/2003"""",""""DataDemissao"""":null}","portal_casa","brutos/transparencia_2019.csv ; brutos/vinculos/000405.json","alta","data_raw/assembleias3/ES/composicao_final.csv",TRUE
"ES","2014","2019-01-31","M2014_ES_7_15500_80000000656","LUZIA ALVES TOLEDO","em_exercicio","http://www.al.es.gov.br/appdata/anexos_sptl/transparencia/transparencia_2019.csv ; https://www.al.es.gov.br/Transparencia/ListagemServidoresVinculosData?id=000426&situacao=","00042601;LUZIA ALVES TOLEDO;DEPUTADO ESTADUAL;01/2019 || """"Vinculo"""":""""000426 - 01"""",""""Nome"""":""""LUZIA ALVES TOLEDO"""" [...] """"Cargo"""":""""DEPUTADO ESTADUAL"""",""""Setor"""":""""DEPUTADOS ESTADUAIS"""",""""DataAdmissao"""":""""31/12/2004"""",""""DataDemissao"""":""""01/02/2019""""}","portal_casa","brutos/transparencia_2019.csv ; brutos/vinculos/000426.json","alta","data_raw/assembleias3/ES/composicao_final.csv",TRUE
"ES","2014","2019-01-31","M2014_ES_7_22300_80000000018","GILSON DOS SANTOS LOPES FILHO","em_exercicio","http://www.al.es.gov.br/appdata/anexos_sptl/transparencia/transparencia_2019.csv ; https://www.al.es.gov.br/Transparencia/ListagemServidoresVinculosData?id=000089&situacao=","00008902;GILSON DOS SANTOS LOPES FILHO;DEPUTADO ESTADUAL;01/2019 || """"Vinculo"""":""""000089 - 02"""",""""Nome"""":""""GILSON DOS SANTOS LOPES FILHO"""" [...] """"Cargo"""":""""DEPUTADO ESTADUAL"""",""""Setor"""":""""DEPUTADOS ESTADUAIS"""",""""DataAdmissao"""":""""01/02/2011"""",""""DataDemissao"""":""""01/02/2019""""}","portal_casa","brutos/transparencia_2019.csv ; brutos/vinculos/000089.json","alta","data_raw/assembleias3/ES/composicao_final.csv",TRUE
"ES","2014","2019-01-31","M2014_ES_7_23000_80000000291","AMARO ROCHA NASCIMENTO NETO","em_exercicio","http://www.al.es.gov.br/appdata/anexos_sptl/transparencia/transparencia_2019.csv ; https://www.al.es.gov.br/Transparencia/ListagemServidoresVinculosData?id=000477&situacao=","00047701;AMARO ROCHA NASCIMENTO NETO;DEPUTADO ESTADUAL;01/2019 || """"Vinculo"""":""""000477 - 01"""",""""Nome"""":""""AMARO ROCHA NASCIMENTO NETO"""" [...] """"Cargo"""":""""DEPUTADO ESTADUAL"""",""""Setor"""":""""DEPUTADOS ESTADUAIS"""",""""DataAdmissao"""":""""01/02/2015"""",""""DataDemissao"""":""""01/02/2019""""}","portal_casa","brutos/transparencia_2019.csv ; brutos/vinculos/000477.json","alta","data_raw/assembleias3/ES/composicao_final.csv",TRUE
"ES","2014","2019-01-31","M2014_ES_7_23123_80000000297","SANDRO HELENO GOMES DE SOUZA","em_exercicio","http://www.al.es.gov.br/appdata/anexos_sptl/transparencia/transparencia_2019.csv ; https://www.al.es.gov.br/Transparencia/ListagemServidoresVinculosData?id=000461&situacao=","00046101;SANDRO HELENO GOMES DE SOUZA;DEPUTADO ESTADUAL;01/2019 || """"Vinculo"""":""""000461 - 01"""",""""Nome"""":""""SANDRO HELENO GOMES DE SOUZA"""" [...] """"Cargo"""":""""DEPUTADO ESTADUAL"""",""""Setor"""":""""DEPUTADOS ESTADUAIS"""",""""DataAdmissao"""":""""01/02/2011"""",""""DataDemissao"""":""""01/02/2019""""}","portal_casa","brutos/transparencia_2019.csv ; brutos/vinculos/000461.json","alta","data_raw/assembleias3/ES/composicao_final.csv",TRUE
"ES","2014","2019-01-31","M2014_ES_7_25100_80000000692","THEODORICO DE ASSIS FERRACO","em_exercicio","http://www.al.es.gov.br/appdata/anexos_sptl/transparencia/transparencia_2019.csv ; https://www.al.es.gov.br/Transparencia/ListagemServidoresVinculosData?id=000446&situacao=","00044601;THEODORICO DE ASSIS FERRACO;DEPUTADO ESTADUAL;01/2019 || """"Vinculo"""":""""000446 - 01"""",""""Nome"""":""""THEODORICO DE ASSIS FERRACO"""" [...] """"Cargo"""":""""DEPUTADO ESTADUAL"""",""""Setor"""":""""GAB. DEP. THEODORICO FERRAÇO"""",""""DataAdmissao"""":""""01/02/2007"""",""""DataDemissao"""":""""01/01/2025""""}","portal_casa","brutos/transparencia_2019.csv ; brutos/vinculos/000446.json","alta","data_raw/assembleias3/ES/composicao_final.csv",TRUE
"ES","2014","2019-01-31","M2014_ES_7_28100_80000000197","MARCOS BRUNO BASTOS","em_exercicio","http://www.al.es.gov.br/appdata/anexos_sptl/transparencia/transparencia_2019.csv ; https://www.al.es.gov.br/Transparencia/ListagemServidoresVinculosData?id=000479&situacao=","00047901;MARCOS BRUNO BASTOS;DEPUTADO ESTADUAL;01/2019 || """"Vinculo"""":""""000479 - 01"""",""""Nome"""":""""MARCOS BRUNO BASTOS"""" [...] """"Cargo"""":""""DEPUTADO ESTADUAL"""",""""Setor"""":""""DEPUTADOS ESTADUAIS"""",""""DataAdmissao"""":""""01/02/2015"""",""""DataDemissao"""":""""01/02/2019""""}","portal_casa","brutos/transparencia_2019.csv ; brutos/vinculos/000479.json","alta","data_raw/assembleias3/ES/composicao_final.csv",TRUE
"ES","2014","2019-01-31","M2014_ES_7_33800_80000000336","JANETE SANTOS DE SA","em_exercicio","http://www.al.es.gov.br/appdata/anexos_sptl/transparencia/transparencia_2019.csv ; https://www.al.es.gov.br/Transparencia/ListagemServidoresVinculosData?id=000415&situacao=","00041502;JANETE SANTOS DE SA;DEPUTADO ESTADUAL;01/2019 || """"Vinculo"""":""""000415 - 02"""",""""Nome"""":""""JANETE SANTOS DE SA"""" [...] """"Cargo"""":""""DEPUTADO ESTADUAL"""",""""Setor"""":""""GAB. DEP. JANETE DE SÁ"""",""""DataAdmissao"""":""""07/01/2013"""",""""DataDemissao"""":null}","portal_casa","brutos/transparencia_2019.csv ; brutos/vinculos/000415.json","alta","data_raw/assembleias3/ES/composicao_final.csv",TRUE
"ES","2014","2019-01-31","M2014_ES_7_36036_80000000220","MARIA ELIANA DADALTO MELO","em_exercicio","http://www.al.es.gov.br/appdata/anexos_sptl/transparencia/transparencia_2019.csv ; https://www.al.es.gov.br/Transparencia/ListagemServidoresVinculosData?id=000472&situacao=","00047201;MARIA ELIANA DADALTO MELO;DEPUTADO ESTADUAL;01/2019 || """"Vinculo"""":""""000472 - 01"""",""""Nome"""":""""MARIA ELIANA DADALTO MELO"""" [...] """"Cargo"""":""""DEPUTADO ESTADUAL"""",""""Setor"""":""""DEPUTADOS ESTADUAIS"""",""""DataAdmissao"""":""""01/02/2015"""",""""DataDemissao"""":""""01/02/2019""""}","portal_casa","brutos/transparencia_2019.csv ; brutos/vinculos/000472.json","alta","data_raw/assembleias3/ES/composicao_final.csv",TRUE
"ES","2014","2019-01-31","M2014_ES_7_40011_80000000300","BRUNO LAMAS SILVA","em_exercicio","http://www.al.es.gov.br/appdata/anexos_sptl/transparencia/transparencia_2019.csv ; https://www.al.es.gov.br/Transparencia/ListagemServidoresVinculosData?id=000476&situacao=","00047601;BRUNO LAMAS SILVA;DEPUTADO ESTADUAL;01/2019 || """"Vinculo"""":""""000476 - 01"""",""""Nome"""":""""BRUNO LAMAS SILVA"""" [...] """"Cargo"""":""""DEPUTADO ESTADUAL"""",""""Setor"""":""""DEPUTADOS ESTADUAIS"""",""""DataAdmissao"""":""""01/02/2015"""",""""DataDemissao"""":""""01/02/2023""""}","portal_casa","brutos/transparencia_2019.csv ; brutos/vinculos/000476.json","alta","data_raw/assembleias3/ES/composicao_final.csv",TRUE
"ES","2014","2019-01-31","M2014_ES_7_40100_80000000305","JOSE EUSTAQUIO DE FREITAS","em_exercicio","http://www.al.es.gov.br/appdata/anexos_sptl/transparencia/transparencia_2019.csv ; https://www.al.es.gov.br/Transparencia/ListagemServidoresVinculosData?id=000429&situacao=","00042901;JOSE EUSTAQUIO DE FREITAS;DEPUTADO ESTADUAL;01/2019 || """"Vinculo"""":""""000429 - 01"""",""""Nome"""":""""JOSE EUSTAQUIO DE FREITAS"""" [...] """"Cargo"""":""""DEPUTADO ESTADUAL"""",""""Setor"""":""""DEPUTADOS ESTADUAIS"""",""""DataAdmissao"""":""""01/02/2007"""",""""DataDemissao"""":""""01/02/2019""""}","portal_casa","brutos/transparencia_2019.csv ; brutos/vinculos/000429.json","alta","data_raw/assembleias3/ES/composicao_final.csv",TRUE
"ES","2014","2019-01-31","M2014_ES_7_43456_80000000038","GILDEVAN ALVES FERNANDES","em_exercicio","http://www.al.es.gov.br/appdata/anexos_sptl/transparencia/transparencia_2019.csv ; https://www.al.es.gov.br/Transparencia/ListagemServidoresVinculosData?id=000464&situacao=","00046401;GILDEVAN ALVES FERNANDES;DEPUTADO ESTADUAL;01/2019 || """"Vinculo"""":""""000464 - 01"""",""""Nome"""":""""GILDEVAN ALVES FERNANDES"""" [...] """"Cargo"""":""""DEPUTADO ESTADUAL"""",""""Setor"""":""""DEPUTADOS ESTADUAIS"""",""""DataAdmissao"""":""""01/02/2011"""",""""DataDemissao"""":""""01/02/2019""""}","portal_casa","brutos/transparencia_2019.csv ; brutos/vinculos/000464.json","alta","data_raw/assembleias3/ES/composicao_final.csv",TRUE
"ES","2014","2019-01-31","M2014_ES_7_44300_80000000612","HUDSON SOARES LEAL","em_exercicio","http://www.al.es.gov.br/appdata/anexos_sptl/transparencia/transparencia_2019.csv ; https://www.al.es.gov.br/Transparencia/ListagemServidoresVinculosData?id=000478&situacao=","00047801;HUDSON SOARES LEAL;DEPUTADO ESTADUAL;01/2019 || """"Vinculo"""":""""000478 - 01"""",""""Nome"""":""""HUDSON SOARES LEAL"""" [...] """"Cargo"""":""""DEPUTADO ESTADUAL"""",""""Setor"""":""""GAB. DEP. HUDSON LEAL"""",""""DataAdmissao"""":""""01/02/2015"""",""""DataDemissao"""":null}","portal_casa","brutos/transparencia_2019.csv ; brutos/vinculos/000478.json","alta","data_raw/assembleias3/ES/composicao_final.csv",TRUE
"ES","2014","2019-01-31","M2014_ES_7_44569_80000000594","DARY ALVES PAGUNG","em_exercicio","http://www.al.es.gov.br/appdata/anexos_sptl/transparencia/transparencia_2019.csv ; https://www.al.es.gov.br/Transparencia/ListagemServidoresVinculosData?id=000450&situacao=","00045001;DARY ALVES PAGUNG;DEPUTADO ESTADUAL;01/2019 || """"Vinculo"""":""""000450 - 01"""",""""Nome"""":""""DARY ALVES PAGUNG"""" [...] """"Cargo"""":""""DEPUTADO ESTADUAL"""",""""Setor"""":""""GAB. DEP. DARY PAGUNG"""",""""DataAdmissao"""":""""28/05/2008"""",""""DataDemissao"""":null}","portal_casa","brutos/transparencia_2019.csv ; brutos/vinculos/000450.json","alta","data_raw/assembleias3/ES/composicao_final.csv",TRUE
"ES","2014","2019-01-31","M2014_ES_7_45456_80000000584","SERGIO MAJESKI","em_exercicio","http://www.al.es.gov.br/appdata/anexos_sptl/transparencia/transparencia_2019.csv ; https://www.al.es.gov.br/Transparencia/ListagemServidoresVinculosData?id=000473&situacao=","00047301;SERGIO MAJESKI;DEPUTADO ESTADUAL;01/2019 || """"Vinculo"""":""""000473 - 01"""",""""Nome"""":""""SERGIO MAJESKI"""" [...] """"Cargo"""":""""DEPUTADO ESTADUAL"""",""""Setor"""":""""DEPUTADOS ESTADUAIS"""",""""DataAdmissao"""":""""01/02/2015"""",""""DataDemissao"""":""""01/02/2023""""}","portal_casa","brutos/transparencia_2019.csv ; brutos/vinculos/000473.json","alta","data_raw/assembleias3/ES/composicao_final.csv",TRUE
"ES","2014","2019-01-31","M2014_ES_7_45500_80000000572","MARCOS ANTONIO MANSOR","em_exercicio","http://www.al.es.gov.br/appdata/anexos_sptl/transparencia/transparencia_2019.csv ; https://www.al.es.gov.br/Transparencia/ListagemServidoresVinculosData?id=000468&situacao=","00046801;MARCOS ANTONIO MANSOR;DEPUTADO ESTADUAL;01/2019 || """"Vinculo"""":""""000468 - 01"""",""""Nome"""":""""MARCOS ANTONIO MANSOR"""" [...] """"Cargo"""":""""DEPUTADO ESTADUAL"""",""""Setor"""":""""DEPUTADOS ESTADUAIS"""",""""DataAdmissao"""":""""07/01/2013"""",""""DataDemissao"""":""""01/02/2023""""}","portal_casa","brutos/transparencia_2019.csv ; brutos/vinculos/000468.json","alta","data_raw/assembleias3/ES/composicao_final.csv",TRUE
"ES","2014","2019-01-31","M2014_ES_7_51555_80000000678","RAFAEL FAVATTO GARCIA","em_exercicio","http://www.al.es.gov.br/appdata/anexos_sptl/transparencia/transparencia_2019.csv ; https://www.al.es.gov.br/Transparencia/ListagemServidoresVinculosData?id=000440&situacao=","00044002;RAFAEL FAVATTO GARCIA;DEPUTADO ESTADUAL;01/2019 || """"Vinculo"""":""""000440 - 02"""",""""Nome"""":""""RAFAEL FAVATTO GARCIA"""" [...] """"Cargo"""":""""DEPUTADO ESTADUAL"""",""""Setor"""":""""DEPUTADOS ESTADUAIS"""",""""DataAdmissao"""":""""01/02/2015"""",""""DataDemissao"""":""""01/02/2023""""}","portal_casa","brutos/transparencia_2019.csv ; brutos/vinculos/000440.json","alta","data_raw/assembleias3/ES/composicao_final.csv",TRUE
"ES","2014","2019-01-31","M2014_ES_7_55555_80000000329","ENIVALDO EUZEBIO DOS ANJOS","em_exercicio","http://www.al.es.gov.br/appdata/anexos_sptl/transparencia/transparencia_2019.csv ; https://www.al.es.gov.br/Transparencia/ListagemServidoresVinculosData?id=000061&situacao=","00006102;ENIVALDO EUZEBIO DOS ANJOS;DEPUTADO ESTADUAL;01/2019 || """"Vinculo"""":""""000061 - 02"""",""""Nome"""":""""ENIVALDO EUZEBIO DOS ANJOS"""" [...] """"Cargo"""":""""DEPUTADO ESTADUAL"""",""""Setor"""":""""DEPUTADOS ESTADUAIS"""",""""DataAdmissao"""":""""01/02/2015"""",""""DataDemissao"""":""""01/01/2021""""}","portal_casa","brutos/transparencia_2019.csv ; brutos/vinculos/000061.json","alta","data_raw/assembleias3/ES/composicao_final.csv",TRUE
"ES","2014","2019-01-31","M2014_ES_7_77333_80000000525","RAQUEL FERREIRA MAGESTE LESSA","em_exercicio","http://www.al.es.gov.br/appdata/anexos_sptl/transparencia/transparencia_2019.csv ; https://www.al.es.gov.br/Transparencia/ListagemServidoresVinculosData?id=000471&situacao=","00047101;RAQUEL FERREIRA MAGESTE LESSA;DEPUTADO ESTADUAL;01/2019 || """"Vinculo"""":""""000471 - 01"""",""""Nome"""":""""RAQUEL FERREIRA MAGESTE LESSA"""" [...] """"Cargo"""":""""DEPUTADO ESTADUAL"""",""""Setor"""":""""GAB. DEP. RAQUEL LESSA"""",""""DataAdmissao"""":""""01/02/2015"""",""""DataDemissao"""":null}","portal_casa","brutos/transparencia_2019.csv ; brutos/vinculos/000471.json","alta","data_raw/assembleias3/ES/composicao_final.csv",TRUE
"ES","2018","2023-01-31","M2018_ES_7_10190_80000607507","ERICK CABRAL MUSSO","em_exercicio","https://www.al.es.gov.br/DadosAbertos/RemuneracaoDataParlamentar?ano=2023&matricula=00047501 ; https://www.al.es.gov.br/Transparencia/ListagemServidoresVinculosData?id=000475&situacao=","{""""CodigoCadfu"""":""""00047501"""",""""Regime"""":""""Eleito"""",""""Padrao"""":""""D-E-01"""",""""Cargo"""":""""DEPUTADO ESTADUAL"""",""""Setor"""":""""DEPUTADOS ESTADUAIS"""",""""DataAdmissao"""":""""01/02/2015"""",""""DataDemissao"""":""""01/02/2023"""",""""Nome"""":""""ERICK CABRAL MUSSO"""",""""AnoRemunera"""":""""2023"""",""""MesRemunera"""":""""01"""" || """"Vinculo"""":""""000475 - 01"""",""""Nome"""":""""ERICK CABRAL MUSSO"""" [...] """"Cargo"""":""""DEPUTADO ESTADUAL"""",""""Setor"""":""""DEPUTADOS ESTADUAIS"""",""""DataAdmissao"""":""""01/02/2015"""",""""DataDemissao"""":""""01/02/2023""""}","portal_casa","brutos/remuneracao/2023_00047501.json ; brutos/vinculos/000475.json","alta","data_raw/assembleias3/ES/composicao_final.csv",TRUE
"ES","2018","2023-01-31","M2018_ES_7_10300_80000607509","HUDSON SOARES LEAL","em_exercicio","https://www.al.es.gov.br/DadosAbertos/RemuneracaoDataParlamentar?ano=2023&matricula=00047801 ; https://www.al.es.gov.br/Transparencia/ListagemServidoresVinculosData?id=000478&situacao=","{""""CodigoCadfu"""":""""00047801"""",""""Regime"""":""""Eleito"""",""""Padrao"""":""""D-E-01"""",""""Cargo"""":""""DEPUTADO ESTADUAL"""",""""Setor"""":""""GAB. DEP. HUDSON LEAL"""",""""DataAdmissao"""":""""01/02/2015"""",""""DataDemissao"""":null,""""Nome"""":""""HUDSON SOARES LEAL"""",""""AnoRemunera"""":""""2023"""",""""MesRemunera"""":""""01"""" || """"Vinculo"""":""""000478 - 01"""",""""Nome"""":""""HUDSON SOARES LEAL"""" [...] """"Cargo"""":""""DEPUTADO ESTADUAL"""",""""Setor"""":""""GAB. DEP. HUDSON LEAL"""",""""DataAdmissao"""":""""01/02/2015"""",""""DataDemissao"""":null}","portal_casa","brutos/remuneracao/2023_00047801.json ; brutos/vinculos/000478.json","alta","data_raw/assembleias3/ES/composicao_final.csv",TRUE
"ES","2018","2023-01-31","M2018_ES_7_11011_80000619556","RENZO DE VASCONCELOS","em_exercicio","https://www.al.es.gov.br/DadosAbertos/RemuneracaoDataParlamentar?ano=2023&matricula=00049201 ; https://www.al.es.gov.br/Transparencia/ListagemServidoresVinculosData?id=000492&situacao=","{""""CodigoCadfu"""":""""00049201"""",""""Regime"""":""""Eleito"""",""""Padrao"""":""""D-E-01"""",""""Cargo"""":""""DEPUTADO ESTADUAL"""",""""Setor"""":""""DEPUTADOS ESTADUAIS"""",""""DataAdmissao"""":""""01/02/2019"""",""""DataDemissao"""":""""01/02/2023"""",""""Nome"""":""""RENZO DE VASCONCELOS"""",""""AnoRemunera"""":""""2023"""",""""MesRemunera"""":""""01"""" || """"Vinculo"""":""""000492 - 01"""",""""Nome"""":""""RENZO DE VASCONCELOS"""" [...] """"Cargo"""":""""DEPUTADO ESTADUAL"""",""""Setor"""":""""DEPUTADOS ESTADUAIS"""",""""DataAdmissao"""":""""01/02/2019"""",""""DataDemissao"""":""""01/02/2023""""}","portal_casa","brutos/remuneracao/2023_00049201.json ; brutos/vinculos/000492.json","alta","data_raw/assembleias3/ES/composicao_final.csv",TRUE
"ES","2018","2023-01-31","M2018_ES_7_12123_80000622478","ALEXANDRE MARCELO COUTINHO SANTOS","em_exercicio","https://www.al.es.gov.br/DadosAbertos/RemuneracaoDataParlamentar?ano=2023&matricula=00040501 ; https://www.al.es.gov.br/Transparencia/ListagemServidoresVinculosData?id=000405&situacao=","{""""CodigoCadfu"""":""""00040501"""",""""Regime"""":""""Eleito"""",""""Padrao"""":""""D-E-01"""",""""Cargo"""":""""DEPUTADO ESTADUAL"""",""""Setor"""":""""GAB. DEP. MARCELO SANTOS"""",""""DataAdmissao"""":""""01/02/2003"""",""""DataDemissao"""":null,""""Nome"""":""""ALEXANDRE MARCELO COUTINHO SANTOS"""",""""AnoRemunera"""":""""2023"""",""""MesRemunera"""":""""01"""" || """"Vinculo"""":""""000405 - 01"""",""""Nome"""":""""ALEXANDRE MARCELO COUTINHO SANTOS"""" [...] """"Cargo"""":""""DEPUTADO ESTADUAL"""",""""Setor"""":""""GAB. DEP. MARCELO SANTOS"""",""""DataAdmissao"""":""""01/02/2003"""",""""DataDemissao"""":null}","portal_casa","brutos/remuneracao/2023_00040501.json ; brutos/vinculos/000405.json","alta","data_raw/assembleias3/ES/composicao_final.csv",TRUE
"ES","2018","2023-01-31","M2018_ES_7_13133_80000626755","IRINY NICOLAU CORRES LOPES","em_exercicio","https://www.al.es.gov.br/DadosAbertos/RemuneracaoDataParlamentar?ano=2023&matricula=00048701 ; https://www.al.es.gov.br/Transparencia/ListagemServidoresVinculosData?id=000487&situacao=","{""""CodigoCadfu"""":""""00048701"""",""""Regime"""":""""Eleito"""",""""Padrao"""":""""D-E-01"""",""""Cargo"""":""""DEPUTADO ESTADUAL"""",""""Setor"""":""""GAB. DEP. IRINY LOPES"""",""""DataAdmissao"""":""""01/02/2019"""",""""DataDemissao"""":null,""""Nome"""":""""IRINY NICOLAU CORRES LOPES"""",""""AnoRemunera"""":""""2023"""",""""MesRemunera"""":""""01"""" || """"Vinculo"""":""""000487 - 01"""",""""Nome"""":""""IRINY NICOLAU CORRES LOPES"""" [...] """"Cargo"""":""""DEPUTADO ESTADUAL"""",""""Setor"""":""""GAB. DEP. IRINY LOPES"""",""""DataAdmissao"""":""""01/02/2019"""",""""DataDemissao"""":null}","portal_casa","brutos/remuneracao/2023_00048701.json ; brutos/vinculos/000487.json","alta","data_raw/assembleias3/ES/composicao_final.csv",TRUE
"ES","2018","2023-01-31","M2018_ES_7_14123_80000627601","ADILSON ESPINDULA","em_exercicio","https://www.al.es.gov.br/DadosAbertos/RemuneracaoDataParlamentar?ano=2023&matricula=00049301 ; https://www.al.es.gov.br/Transparencia/ListagemServidoresVinculosData?id=000493&situacao=","{""""CodigoCadfu"""":""""00049301"""",""""Regime"""":""""Eleito"""",""""Padrao"""":""""D-E-01"""",""""Cargo"""":""""DEPUTADO ESTADUAL"""",""""Setor"""":""""GAB. DEP. ADILSON ESPINDULA"""",""""DataAdmissao"""":""""01/02/2019"""",""""DataDemissao"""":null,""""Nome"""":""""ADILSON ESPINDULA"""",""""AnoRemunera"""":""""2023"""",""""MesRemunera"""":""""01"""" || """"Vinculo"""":""""000493 - 01"""",""""Nome"""":""""ADILSON ESPINDULA"""" [...] """"Cargo"""":""""DEPUTADO ESTADUAL"""",""""Setor"""":""""GAB. DEP. ADILSON ESPINDULA"""",""""DataAdmissao"""":""""01/02/2019"""",""""DataDemissao"""":null}","portal_casa","brutos/remuneracao/2023_00049301.json ; brutos/vinculos/000493.json","alta","data_raw/assembleias3/ES/composicao_final.csv",TRUE
"ES","2018","2023-01-31","M2018_ES_7_15100_80000625045","HERCULES SILVEIRA","em_exercicio","https://www.al.es.gov.br/DadosAbertos/RemuneracaoDataParlamentar?ano=2023&matricula=00043001 ; https://www.al.es.gov.br/Transparencia/ListagemServidoresVinculosData?id=000430&situacao=","{""""CodigoCadfu"""":""""00043001"""",""""Regime"""":""""Eleito"""",""""Padrao"""":""""D-E-01"""",""""Cargo"""":""""DEPUTADO ESTADUAL"""",""""Setor"""":""""DEPUTADOS ESTADUAIS"""",""""DataAdmissao"""":""""01/02/2007"""",""""DataDemissao"""":""""01/02/2023"""",""""Nome"""":""""HERCULES SILVEIRA"""",""""AnoRemunera"""":""""2023"""",""""MesRemunera"""":""""01"""" || """"Vinculo"""":""""000430 - 01"""",""""Nome"""":""""HERCULES SILVEIRA"""" [...] """"Cargo"""":""""DEPUTADO ESTADUAL"""",""""Setor"""":""""DEPUTADOS ESTADUAIS"""",""""DataAdmissao"""":""""01/02/2007"""",""""DataDemissao"""":""""01/02/2023""""}","portal_casa","brutos/remuneracao/2023_00043001.json ; brutos/vinculos/000430.json","alta","data_raw/assembleias3/ES/composicao_final.csv",TRUE
"ES","2018","2023-01-31","M2018_ES_7_15222_80000625044","JOSE ESMERALDO DE FREITAS","em_exercicio","https://www.al.es.gov.br/DadosAbertos/RemuneracaoDataParlamentar?ano=2023&matricula=00040304 ; https://www.al.es.gov.br/Transparencia/ListagemServidoresVinculosData?id=000403&situacao=","{""""CodigoCadfu"""":""""00040304"""",""""Regime"""":""""Eleito"""",""""Padrao"""":""""D-E-01"""",""""Cargo"""":""""DEPUTADO ESTADUAL"""",""""Setor"""":""""GAB. DEP. ENGENHEIRO JOSÉ ESMERALDO"""",""""DataAdmissao"""":""""02/01/2017"""",""""DataDemissao"""":null,""""Nome"""":""""JOSE ESMERALDO DE FREITAS"""",""""AnoRemunera"""":""""2023"""",""""MesRemunera"""":""""01"""" || """"Vinculo"""":""""000403 - 04"""",""""Nome"""":""""JOSE ESMERALDO DE FREITAS"""" [...] """"Cargo"""":""""DEPUTADO ESTADUAL"""",""""Setor"""":""""GAB. DEP. ENGENHEIRO JOSÉ ESMERALDO"""",""""DataAdmissao"""":""""02/01/2017"""",""""DataDemissao"""":null}","portal_casa","brutos/remuneracao/2023_00040304.json ; brutos/vinculos/000403.json","alta","data_raw/assembleias3/ES/composicao_final.csv",TRUE
"ES","2018","2023-01-31","M2018_ES_7_17017_80000607532","ADONIAS MARQUES DE ABREU","em_exercicio","https://www.al.es.gov.br/DadosAbertos/RemuneracaoDataParlamentar?ano=2023&matricula=00048401 ; https://www.al.es.gov.br/Transparencia/ListagemServidoresVinculosData?id=000484&situacao=","{""""CodigoCadfu"""":""""00048401"""",""""Regime"""":""""Eleito"""",""""Padrao"""":""""D-E-01"""",""""Cargo"""":""""DEPUTADO ESTADUAL"""",""""Setor"""":""""DEPUTADOS ESTADUAIS"""",""""DataAdmissao"""":""""01/02/2019"""",""""DataDemissao"""":""""01/02/2023"""",""""Nome"""":""""ADONIAS MARQUES DE ABREU"""",""""AnoRemunera"""":""""2023"""",""""MesRemunera"""":""""01"""" || """"Vinculo"""":""""000484 - 01"""",""""Nome"""":""""ADONIAS MARQUES DE ABREU"""" [...] """"Cargo"""":""""DEPUTADO ESTADUAL"""",""""Setor"""":""""DEPUTADOS ESTADUAIS"""",""""DataAdmissao"""":""""01/02/2019"""",""""DataDemissao"""":""""01/02/2023""""}","portal_casa","brutos/remuneracao/2023_00048401.json ; brutos/vinculos/000484.json","alta","data_raw/assembleias3/ES/composicao_final.csv",TRUE
"ES","2018","2023-01-31","M2018_ES_7_17190_80000607537","LUCINIO CASTELO DE ASSUMÇÃO","em_exercicio","https://www.al.es.gov.br/DadosAbertos/RemuneracaoDataParlamentar?ano=2023&matricula=00049401 ; https://www.al.es.gov.br/Transparencia/ListagemServidoresVinculosData?id=000494&situacao=","{""""CodigoCadfu"""":""""00049401"""",""""Regime"""":""""Eleito"""",""""Padrao"""":""""D-E-01"""",""""Cargo"""":""""DEPUTADO ESTADUAL"""",""""Setor"""":""""GAB. DEP. CAPITÃO ASSUMÇÃO"""",""""DataAdmissao"""":""""01/02/2019"""",""""DataDemissao"""":null,""""Nome"""":""""LUCINIO CASTELO DE ASSUMÇÃO"""",""""AnoRemunera"""":""""2023"""",""""MesRemunera"""":""""01"""" || """"Vinculo"""":""""000494 - 01"""",""""Nome"""":""""LUCINIO CASTELO DE ASSUMÇÃO"""" [...] """"Cargo"""":""""DEPUTADO ESTADUAL"""",""""Setor"""":""""GAB. DEP. CAPITÃO ASSUMÇÃO"""",""""DataAdmissao"""":""""01/02/2019"""",""""DataDemissao"""":null}","portal_casa","brutos/remuneracao/2023_00049401.json ; brutos/vinculos/000494.json","alta","data_raw/assembleias3/ES/composicao_final.csv",TRUE
"ES","2018","2023-01-31","M2018_ES_7_17777_80000607534","DANILO BAHIENSE MOREIRA","em_exercicio","https://www.al.es.gov.br/DadosAbertos/RemuneracaoDataParlamentar?ano=2023&matricula=00048801 ; https://www.al.es.gov.br/Transparencia/ListagemServidoresVinculosData?id=000488&situacao=","{""""CodigoCadfu"""":""""00048801"""",""""Regime"""":""""Eleito"""",""""Padrao"""":""""D-E-01"""",""""Cargo"""":""""DEPUTADO ESTADUAL"""",""""Setor"""":""""GAB. DEP. DANILO BAHIENSE"""",""""DataAdmissao"""":""""01/02/2019"""",""""DataDemissao"""":null,""""Nome"""":""""DANILO BAHIENSE MOREIRA"""",""""AnoRemunera"""":""""2023"""",""""MesRemunera"""":""""01"""" || """"Vinculo"""":""""000488 - 01"""",""""Nome"""":""""DANILO BAHIENSE MOREIRA"""" [...] """"Cargo"""":""""DEPUTADO ESTADUAL"""",""""Setor"""":""""GAB. DEP. DANILO BAHIENSE"""",""""DataAdmissao"""":""""01/02/2019"""",""""DataDemissao"""":null}","portal_casa","brutos/remuneracao/2023_00048801.json ; brutos/vinculos/000488.json","alta","data_raw/assembleias3/ES/composicao_final.csv",TRUE
"ES","2018","2023-01-31","M2018_ES_7_17800_80000607533","ALEXANDRE QUINTINO MOREIRA","em_exercicio","https://www.al.es.gov.br/DadosAbertos/RemuneracaoDataParlamentar?ano=2023&matricula=00048501 ; https://www.al.es.gov.br/Transparencia/ListagemServidoresVinculosData?id=000485&situacao=","{""""CodigoCadfu"""":""""00048501"""",""""Regime"""":""""Eleito"""",""""Padrao"""":""""D-E-01"""",""""Cargo"""":""""DEPUTADO ESTADUAL"""",""""Setor"""":""""GAB. DEP. ALEXANDRE QUINTINO"""",""""DataAdmissao"""":""""01/02/2019"""",""""DataDemissao"""":""""01/02/2023"""",""""Nome"""":""""ALEXANDRE QUINTINO MOREIRA"""",""""AnoRemunera"""":""""2023"""",""""MesRemunera"""":""""01"""" || """"Vinculo"""":""""000485 - 01"""",""""Nome"""":""""ALEXANDRE QUINTINO MOREIRA"""" [...] """"Cargo"""":""""DEPUTADO ESTADUAL"""",""""Setor"""":""""GAB. DEP. ALEXANDRE QUINTINO"""",""""DataAdmissao"""":""""01/02/2019"""",""""DataDemissao"""":""""01/02/2023""""}","portal_casa","brutos/remuneracao/2023_00048501.json ; brutos/vinculos/000485.json","alta","data_raw/assembleias3/ES/composicao_final.csv",TRUE
"ES","2018","2023-01-31","M2018_ES_7_18123_80000624540","ALEXANDRE ARAUJO MARÇAL","em_exercicio","https://www.al.es.gov.br/DadosAbertos/RemuneracaoDataParlamentar?ano=2023&matricula=00048301 ; https://www.al.es.gov.br/Transparencia/ListagemServidoresVinculosData?id=000483&situacao=","{""""CodigoCadfu"""":""""00048301"""",""""Regime"""":""""Eleito"""",""""Padrao"""":""""D-E-01"""",""""Cargo"""":""""DEPUTADO ESTADUAL"""",""""Setor"""":""""GAB. DEP. ALEXANDRE XAMBINHO"""",""""DataAdmissao"""":""""01/02/2019"""",""""DataDemissao"""":null,""""Nome"""":""""ALEXANDRE ARAUJO MARÇAL"""",""""AnoRemunera"""":""""2023"""",""""MesRemunera"""":""""01"""" || """"Vinculo"""":""""000483 - 01"""",""""Nome"""":""""ALEXANDRE ARAUJO MARÇAL"""" [...] """"Cargo"""":""""DEPUTADO ESTADUAL"""",""""Setor"""":""""GAB. DEP. ALEXANDRE XAMBINHO"""",""""DataAdmissao"""":""""01/02/2019"""",""""DataDemissao"""":null}","portal_casa","brutos/remuneracao/2023_00048301.json ; brutos/vinculos/000483.json","alta","data_raw/assembleias3/ES/composicao_final.csv",TRUE
"ES","2018","2023-01-31","M2018_ES_7_23123_80000619972","FABRICIO GANDINE AQUINO","em_exercicio","https://www.al.es.gov.br/DadosAbertos/RemuneracaoDataParlamentar?ano=2023&matricula=00049001 ; https://www.al.es.gov.br/Transparencia/ListagemServidoresVinculosData?id=000490&situacao=","{""""CodigoCadfu"""":""""00049001"""",""""Regime"""":""""Eleito"""",""""Padrao"""":""""D-E-01"""",""""Cargo"""":""""DEPUTADO ESTADUAL"""",""""Setor"""":""""GAB. DEP. FABRICIO GANDINI"""",""""DataAdmissao"""":""""01/02/2019"""",""""DataDemissao"""":null,""""Nome"""":""""FABRICIO GANDINE AQUINO"""",""""AnoRemunera"""":""""2023"""",""""MesRemunera"""":""""01"""" || """"Vinculo"""":""""000490 - 01"""",""""Nome"""":""""FABRICIO GANDINE AQUINO"""" [...] """"Cargo"""":""""DEPUTADO ESTADUAL"""",""""Setor"""":""""GAB. DEP. FABRICIO GANDINI"""",""""DataAdmissao"""":""""01/02/2019"""",""""DataDemissao"""":null}","portal_casa","brutos/remuneracao/2023_00049001.json ; brutos/vinculos/000490.json","alta","data_raw/assembleias3/ES/composicao_final.csv",TRUE
"ES","2018","2023-01-31","M2018_ES_7_25100_80000622509","THEODORICO DE ASSIS FERRACO","em_exercicio","https://www.al.es.gov.br/DadosAbertos/RemuneracaoDataParlamentar?ano=2023&matricula=00044601 ; https://www.al.es.gov.br/Transparencia/ListagemServidoresVinculosData?id=000446&situacao=","{""""CodigoCadfu"""":""""00044601"""",""""Regime"""":""""Eleito"""",""""Padrao"""":""""D-E-01"""",""""Cargo"""":""""DEPUTADO ESTADUAL"""",""""Setor"""":""""GAB. DEP. THEODORICO FERRAÇO"""",""""DataAdmissao"""":""""01/02/2007"""",""""DataDemissao"""":""""01/01/2025"""",""""Nome"""":""""THEODORICO DE ASSIS FERRACO"""",""""AnoRemunera"""":""""2023"""",""""MesRemunera"""":""""01"""" || """"Vinculo"""":""""000446 - 01"""",""""Nome"""":""""THEODORICO DE ASSIS FERRACO"""" [...] """"Cargo"""":""""DEPUTADO ESTADUAL"""",""""Setor"""":""""GAB. DEP. THEODORICO FERRAÇO"""",""""DataAdmissao"""":""""01/02/2007"""",""""DataDemissao"""":""""01/01/2025""""}","portal_casa","brutos/remuneracao/2023_00044601.json ; brutos/vinculos/000446.json","alta","data_raw/assembleias3/ES/composicao_final.csv",TRUE
"ES","2018","2023-01-31","M2018_ES_7_33800_80000624524","JANETE SANTOS DE SA","em_exercicio","https://www.al.es.gov.br/DadosAbertos/RemuneracaoDataParlamentar?ano=2023&matricula=00041502 ; https://www.al.es.gov.br/Transparencia/ListagemServidoresVinculosData?id=000415&situacao=","{""""CodigoCadfu"""":""""00041502"""",""""Regime"""":""""Eleito"""",""""Padrao"""":""""D-E-01"""",""""Cargo"""":""""DEPUTADO ESTADUAL"""",""""Setor"""":""""GAB. DEP. JANETE DE SÁ"""",""""DataAdmissao"""":""""07/01/2013"""",""""DataDemissao"""":null,""""Nome"""":""""JANETE SANTOS DE SA"""",""""AnoRemunera"""":""""2023"""",""""MesRemunera"""":""""01"""" || """"Vinculo"""":""""000415 - 02"""",""""Nome"""":""""JANETE SANTOS DE SA"""" [...] """"Cargo"""":""""DEPUTADO ESTADUAL"""",""""Setor"""":""""GAB. DEP. JANETE DE SÁ"""",""""DataAdmissao"""":""""07/01/2013"""",""""DataDemissao"""":null}","portal_casa","brutos/remuneracao/2023_00041502.json ; brutos/vinculos/000415.json","alta","data_raw/assembleias3/ES/composicao_final.csv",TRUE
"ES","2018","2023-01-31","M2018_ES_7_40011_80000625547","BRUNO LAMAS SILVA","em_exercicio","https://www.al.es.gov.br/DadosAbertos/RemuneracaoDataParlamentar?ano=2023&matricula=00047601 ; https://www.al.es.gov.br/Transparencia/ListagemServidoresVinculosData?id=000476&situacao=","{""""CodigoCadfu"""":""""00047601"""",""""Regime"""":""""Eleito"""",""""Padrao"""":""""D-E-01"""",""""Cargo"""":""""DEPUTADO ESTADUAL"""",""""Setor"""":""""DEPUTADOS ESTADUAIS"""",""""DataAdmissao"""":""""01/02/2015"""",""""DataDemissao"""":""""01/02/2023"""",""""Nome"""":""""BRUNO LAMAS SILVA"""",""""AnoRemunera"""":""""2023"""",""""MesRemunera"""":""""01"""" || """"Vinculo"""":""""000476 - 01"""",""""Nome"""":""""BRUNO LAMAS SILVA"""" [...] """"Cargo"""":""""DEPUTADO ESTADUAL"""",""""Setor"""":""""DEPUTADOS ESTADUAIS"""",""""DataAdmissao"""":""""01/02/2015"""",""""DataDemissao"""":""""01/02/2023""""}","portal_casa","brutos/remuneracao/2023_00047601.json ; brutos/vinculos/000476.json","alta","data_raw/assembleias3/ES/composicao_final.csv",TRUE
"ES","2018","2023-01-31","M2018_ES_7_40456_80000625539","SERGIO MAJESKI","em_exercicio","https://www.al.es.gov.br/DadosAbertos/RemuneracaoDataParlamentar?ano=2023&matricula=00047301 ; https://www.al.es.gov.br/Transparencia/ListagemServidoresVinculosData?id=000473&situacao=","{""""CodigoCadfu"""":""""00047301"""",""""Regime"""":""""Eleito"""",""""Padrao"""":""""D-E-01"""",""""Cargo"""":""""DEPUTADO ESTADUAL"""",""""Setor"""":""""DEPUTADOS ESTADUAIS"""",""""DataAdmissao"""":""""01/02/2015"""",""""DataDemissao"""":""""01/02/2023"""",""""Nome"""":""""SERGIO MAJESKI"""",""""AnoRemunera"""":""""2023"""",""""MesRemunera"""":""""01"""" || """"Vinculo"""":""""000473 - 01"""",""""Nome"""":""""SERGIO MAJESKI"""" [...] """"Cargo"""":""""DEPUTADO ESTADUAL"""",""""Setor"""":""""DEPUTADOS ESTADUAIS"""",""""DataAdmissao"""":""""01/02/2015"""",""""DataDemissao"""":""""01/02/2023""""}","portal_casa","brutos/remuneracao/2023_00047301.json ; brutos/vinculos/000473.json","alta","data_raw/assembleias3/ES/composicao_final.csv",TRUE
"ES","2018","2023-01-31","M2018_ES_7_43000_80000617542","MARCOS ANTONIO FERNANDES GARCIA","em_exercicio","https://www.al.es.gov.br/DadosAbertos/RemuneracaoDataParlamentar?ano=2023&matricula=00049601 ; https://www.al.es.gov.br/Transparencia/ListagemServidoresVinculosData?id=000496&situacao=","{""""CodigoCadfu"""":""""00049601"""",""""Regime"""":""""Eleito"""",""""Padrao"""":""""D-E-01"""",""""Cargo"""":""""DEPUTADO ESTADUAL"""",""""Setor"""":""""DEPUTADOS ESTADUAIS"""",""""DataAdmissao"""":""""01/02/2019"""",""""DataDemissao"""":""""01/02/2023"""",""""Nome"""":""""MARCOS ANTONIO FERNANDES GARCIA"""",""""AnoRemunera"""":""""2023"""",""""MesRemunera"""":""""01"""" || """"Vinculo"""":""""000496 - 01"""",""""Nome"""":""""MARCOS ANTONIO FERNANDES GARCIA"""" [...] """"Cargo"""":""""DEPUTADO ESTADUAL"""",""""Setor"""":""""DEPUTADOS ESTADUAIS"""",""""DataAdmissao"""":""""01/02/2019"""",""""DataDemissao"""":""""01/02/2023""""}","portal_casa","brutos/remuneracao/2023_00049601.json ; brutos/vinculos/000496.json","alta","data_raw/assembleias3/ES/composicao_final.csv",TRUE
"ES","2018","2023-01-31","M2018_ES_7_43043_80000617541","LUCIANO MANOEL MACHADO","em_exercicio","https://www.al.es.gov.br/DadosAbertos/RemuneracaoDataParlamentar?ano=2023&matricula=00048601 ; https://www.al.es.gov.br/Transparencia/ListagemServidoresVinculosData?id=000486&situacao=","{""""CodigoCadfu"""":""""00048601"""",""""Regime"""":""""Eleito"""",""""Padrao"""":""""D-E-01"""",""""Cargo"""":""""DEPUTADO ESTADUAL"""",""""Setor"""":""""DEPUTADOS ESTADUAIS"""",""""DataAdmissao"""":""""01/02/2019"""",""""DataDemissao"""":""""01/02/2023"""",""""Nome"""":""""LUCIANO MANOEL MACHADO"""",""""AnoRemunera"""":""""2023"""",""""MesRemunera"""":""""01"""" || """"Vinculo"""":""""000486 - 01"""",""""Nome"""":""""LUCIANO MANOEL MACHADO"""" [...] """"Cargo"""":""""DEPUTADO ESTADUAL"""",""""Setor"""":""""DEPUTADOS ESTADUAIS"""",""""DataAdmissao"""":""""01/02/2019"""",""""DataDemissao"""":""""01/02/2023""""}","portal_casa","brutos/remuneracao/2023_00048601.json ; brutos/vinculos/000486.json","alta","data_raw/assembleias3/ES/composicao_final.csv",TRUE
"ES","2018","2023-01-31","M2018_ES_7_44569_80000624424","DARY ALVES PAGUNG","em_exercicio","https://www.al.es.gov.br/DadosAbertos/RemuneracaoDataParlamentar?ano=2023&matricula=00045001 ; https://www.al.es.gov.br/Transparencia/ListagemServidoresVinculosData?id=000450&situacao=","{""""CodigoCadfu"""":""""00045001"""",""""Regime"""":""""Eleito"""",""""Padrao"""":""""D-E-01"""",""""Cargo"""":""""DEPUTADO ESTADUAL"""",""""Setor"""":""""GAB. DEP. DARY PAGUNG"""",""""DataAdmissao"""":""""28/05/2008"""",""""DataDemissao"""":null,""""Nome"""":""""DARY ALVES PAGUNG"""",""""AnoRemunera"""":""""2023"""",""""MesRemunera"""":""""01"""" || """"Vinculo"""":""""000450 - 01"""",""""Nome"""":""""DARY ALVES PAGUNG"""" [...] """"Cargo"""":""""DEPUTADO ESTADUAL"""",""""Setor"""":""""GAB. DEP. DARY PAGUNG"""",""""DataAdmissao"""":""""28/05/2008"""",""""DataDemissao"""":null}","portal_casa","brutos/remuneracao/2023_00045001.json ; brutos/vinculos/000450.json","alta","data_raw/assembleias3/ES/composicao_final.csv",TRUE
"ES","2018","2023-01-31","M2018_ES_7_45000_80000613537","EMILIO MAMERI NETO","em_exercicio","https://www.al.es.gov.br/DadosAbertos/RemuneracaoDataParlamentar?ano=2023&matricula=00048901 ; https://www.al.es.gov.br/Transparencia/ListagemServidoresVinculosData?id=000489&situacao=","{""""CodigoCadfu"""":""""00048901"""",""""Regime"""":""""Eleito"""",""""Padrao"""":""""D-E-01"""",""""Cargo"""":""""DEPUTADO ESTADUAL"""",""""Setor"""":""""GAB. DEP. EMILIO MAMERI"""",""""DataAdmissao"""":""""01/02/2019"""",""""DataDemissao"""":""""01/02/2023"""",""""Nome"""":""""EMILIO MAMERI NETO"""",""""AnoRemunera"""":""""2023"""",""""MesRemunera"""":""""01"""" || """"Vinculo"""":""""000489 - 01"""",""""Nome"""":""""EMILIO MAMERI NETO"""" [...] """"Cargo"""":""""DEPUTADO ESTADUAL"""",""""Setor"""":""""GAB. DEP. EMILIO MAMERI"""",""""DataAdmissao"""":""""01/02/2019"""",""""DataDemissao"""":""""01/02/2023""""}","portal_casa","brutos/remuneracao/2023_00048901.json ; brutos/vinculos/000489.json","alta","data_raw/assembleias3/ES/composicao_final.csv",TRUE
"ES","2018","2023-01-31","M2018_ES_7_45500_80000613565","MARCOS ANTONIO MANSOR","em_exercicio","https://www.al.es.gov.br/DadosAbertos/RemuneracaoDataParlamentar?ano=2023&matricula=00046801 ; https://www.al.es.gov.br/Transparencia/ListagemServidoresVinculosData?id=000468&situacao=","{""""CodigoCadfu"""":""""00046801"""",""""Regime"""":""""Eleito"""",""""Padrao"""":""""D-E-01"""",""""Cargo"""":""""DEPUTADO ESTADUAL"""",""""Setor"""":""""DEPUTADOS ESTADUAIS"""",""""DataAdmissao"""":""""07/01/2013"""",""""DataDemissao"""":""""01/02/2023"""",""""Nome"""":""""MARCOS ANTONIO MANSOR"""",""""AnoRemunera"""":""""2023"""",""""MesRemunera"""":""""01"""" || """"Vinculo"""":""""000468 - 01"""",""""Nome"""":""""MARCOS ANTONIO MANSOR"""" [...] """"Cargo"""":""""DEPUTADO ESTADUAL"""",""""Setor"""":""""DEPUTADOS ESTADUAIS"""",""""DataAdmissao"""":""""07/01/2013"""",""""DataDemissao"""":""""01/02/2023""""}","portal_casa","brutos/remuneracao/2023_00046801.json ; brutos/vinculos/000468.json","alta","data_raw/assembleias3/ES/composicao_final.csv",TRUE
"ES","2018","2023-01-31","M2018_ES_7_45678_80000613531","VANDERSON ALONSO LEITE","em_exercicio","https://www.al.es.gov.br/DadosAbertos/RemuneracaoDataParlamentar?ano=2023&matricula=00043502 ; https://www.al.es.gov.br/Transparencia/ListagemServidoresVinculosData?id=000435&situacao=","{""""CodigoCadfu"""":""""00043502"""",""""Regime"""":""""Eleito"""",""""Padrao"""":""""D-E-01"""",""""Cargo"""":""""DEPUTADO ESTADUAL"""",""""Setor"""":""""GAB. DEP. VANDINHO LEITE"""",""""DataAdmissao"""":""""01/02/2019"""",""""DataDemissao"""":null,""""Nome"""":""""VANDERSON ALONSO LEITE"""",""""AnoRemunera"""":""""2023"""",""""MesRemunera"""":""""01"""" || """"Vinculo"""":""""000435 - 02"""",""""Nome"""":""""VANDERSON ALONSO LEITE"""" [...] """"Cargo"""":""""DEPUTADO ESTADUAL"""",""""Setor"""":""""GAB. DEP. VANDINHO LEITE"""",""""DataAdmissao"""":""""01/02/2019"""",""""DataDemissao"""":null}","portal_casa","brutos/remuneracao/2023_00043502.json ; brutos/vinculos/000435.json","alta","data_raw/assembleias3/ES/composicao_final.csv",TRUE
"ES","2018","2023-01-31","M2018_ES_7_51555_80000624535","RAFAEL FAVATTO GARCIA","em_exercicio","https://www.al.es.gov.br/DadosAbertos/RemuneracaoDataParlamentar?ano=2023&matricula=00044002 ; https://www.al.es.gov.br/Transparencia/ListagemServidoresVinculosData?id=000440&situacao=","{""""CodigoCadfu"""":""""00044002"""",""""Regime"""":""""Eleito"""",""""Padrao"""":""""D-E-01"""",""""Cargo"""":""""DEPUTADO ESTADUAL"""",""""Setor"""":""""DEPUTADOS ESTADUAIS"""",""""DataAdmissao"""":""""01/02/2015"""",""""DataDemissao"""":""""01/02/2023"""",""""Nome"""":""""RAFAEL FAVATTO GARCIA"""",""""AnoRemunera"""":""""2023"""",""""MesRemunera"""":""""01"""" || """"Vinculo"""":""""000440 - 02"""",""""Nome"""":""""RAFAEL FAVATTO GARCIA"""" [...] """"Cargo"""":""""DEPUTADO ESTADUAL"""",""""Setor"""":""""DEPUTADOS ESTADUAIS"""",""""DataAdmissao"""":""""01/02/2015"""",""""DataDemissao"""":""""01/02/2023""""}","portal_casa","brutos/remuneracao/2023_00044002.json ; brutos/vinculos/000440.json","alta","data_raw/assembleias3/ES/composicao_final.csv",TRUE
"ES","2018","2023-01-31","M2018_ES_7_70333_80000619976","CARLOS VON SCHILGEN FERREIRA","em_exercicio","https://www.al.es.gov.br/DadosAbertos/RemuneracaoDataParlamentar?ano=2023&matricula=00049501 ; https://www.al.es.gov.br/Transparencia/ListagemServidoresVinculosData?id=000495&situacao=","{""""CodigoCadfu"""":""""00049501"""",""""Regime"""":""""Eleito"""",""""Padrao"""":""""D-E-01"""",""""Cargo"""":""""DEPUTADO ESTADUAL"""",""""Setor"""":""""DEPUTADOS ESTADUAIS"""",""""DataAdmissao"""":""""01/02/2019"""",""""DataDemissao"""":""""01/02/2023"""",""""Nome"""":""""CARLOS VON SCHILGEN FERREIRA"""",""""AnoRemunera"""":""""2023"""",""""MesRemunera"""":""""01"""" || """"Vinculo"""":""""000495 - 01"""",""""Nome"""":""""CARLOS VON SCHILGEN FERREIRA"""" [...] """"Cargo"""":""""DEPUTADO ESTADUAL"""",""""Setor"""":""""DEPUTADOS ESTADUAIS"""",""""DataAdmissao"""":""""01/02/2019"""",""""DataDemissao"""":""""01/02/2023""""}","portal_casa","brutos/remuneracao/2023_00049501.json ; brutos/vinculos/000495.json","alta","data_raw/assembleias3/ES/composicao_final.csv",TRUE
"ES","2018","2023-01-31","M2018_ES_7_90333_80000619579","RAQUEL FERREIRA MAGESTE LESSA","em_exercicio","https://www.al.es.gov.br/DadosAbertos/RemuneracaoDataParlamentar?ano=2023&matricula=00047101 ; https://www.al.es.gov.br/Transparencia/ListagemServidoresVinculosData?id=000471&situacao=","{""""CodigoCadfu"""":""""00047101"""",""""Regime"""":""""Eleito"""",""""Padrao"""":""""D-E-01"""",""""Cargo"""":""""DEPUTADO ESTADUAL"""",""""Setor"""":""""GAB. DEP. RAQUEL LESSA"""",""""DataAdmissao"""":""""01/02/2015"""",""""DataDemissao"""":null,""""Nome"""":""""RAQUEL FERREIRA MAGESTE LESSA"""",""""AnoRemunera"""":""""2023"""",""""MesRemunera"""":""""01"""" || """"Vinculo"""":""""000471 - 01"""",""""Nome"""":""""RAQUEL FERREIRA MAGESTE LESSA"""" [...] """"Cargo"""":""""DEPUTADO ESTADUAL"""",""""Setor"""":""""GAB. DEP. RAQUEL LESSA"""",""""DataAdmissao"""":""""01/02/2015"""",""""DataDemissao"""":null}","portal_casa","brutos/remuneracao/2023_00047101.json ; brutos/vinculos/000471.json","alta","data_raw/assembleias3/ES/composicao_final.csv",TRUE
"GO","1998","2003-01-31","M1998_GO_7_11105_900000907111051","Nédio Leite de Assunção","concluiu_mandato","https://publicacoes.al.go.leg.br/biblioteca/o_legislativo_em_goias_vol1_2edicao.pdf","COMPOSIÇÃO [...] 31. Nédio Leite de Assunção PPB [...] SUPLENTES DA LEGISLATURA","memorial_casa","brutos/publicacoes/o_legislativo_em_goias_vol1_2edicao.pdf","media","data_raw/assembleias3/GO/composicao_final.csv",TRUE
"GO","1998","2003-01-31","M1998_GO_7_11111_900000907111111","Lila Maria Spadoni Lemes","concluiu_mandato","https://publicacoes.al.go.leg.br/biblioteca/o_legislativo_em_goias_vol1_2edicao.pdf","COMPOSIÇÃO [...] 24. Lila Maria Spadoni Lemes PPB/PFL [...] SUPLENTES DA LEGISLATURA","memorial_casa","brutos/publicacoes/o_legislativo_em_goias_vol1_2edicao.pdf","media","data_raw/assembleias3/GO/composicao_final.csv",TRUE
"GO","1998","2003-01-31","M1998_GO_7_12644_900000907126441","Maria Isaura Lemos","concluiu_mandato","https://publicacoes.al.go.leg.br/biblioteca/o_legislativo_em_goias_vol1_2edicao.pdf","COMPOSIÇÃO [...] 29. Maria Isaura Lemos PDT [...] SUPLENTES DA LEGISLATURA","memorial_casa","brutos/publicacoes/o_legislativo_em_goias_vol1_2edicao.pdf","media","data_raw/assembleias3/GO/composicao_final.csv",TRUE
"GO","1998","2003-01-31","M1998_GO_7_13230_900000907132301","Rubens Otoni Gomide","concluiu_mandato","https://publicacoes.al.go.leg.br/biblioteca/o_legislativo_em_goias_vol1_2edicao.pdf","COMPOSIÇÃO [...] 38. Rubens Otoni Gomide PT [...] SUPLENTES DA LEGISLATURA","memorial_casa","brutos/publicacoes/o_legislativo_em_goias_vol1_2edicao.pdf","media","data_raw/assembleias3/GO/composicao_final.csv",TRUE
"GO","1998","2003-01-31","M1998_GO_7_15115_900000907151151","Onaide Silva Santillo","concluiu_mandato","https://publicacoes.al.go.leg.br/biblioteca/o_legislativo_em_goias_vol1_2edicao.pdf","COMPOSIÇÃO [...] 33. Onaide Silva Santillo PMDB [...] SUPLENTES DA LEGISLATURA","memorial_casa","brutos/publicacoes/o_legislativo_em_goias_vol1_2edicao.pdf","media","data_raw/assembleias3/GO/composicao_final.csv",TRUE
"GO","1998","2003-01-31","M1998_GO_7_15116_900000907151161","Rogério Carlos Troncoso Chaves","concluiu_mandato","https://publicacoes.al.go.leg.br/biblioteca/o_legislativo_em_goias_vol1_2edicao.pdf","COMPOSIÇÃO [...] 35. Rogério Carlos Troncoso Chaves PMDB [...] SUPLENTES DA LEGISLATURA","memorial_casa","brutos/publicacoes/o_legislativo_em_goias_vol1_2edicao.pdf","media","data_raw/assembleias3/GO/composicao_final.csv",TRUE
"GO","1998","2003-01-31","M1998_GO_7_15118_900000907151181","Lamis Chedraoui Cosac","concluiu_mandato","https://publicacoes.al.go.leg.br/biblioteca/o_legislativo_em_goias_vol1_2edicao.pdf","COMPOSIÇÃO [...] 23. Lamis Chedraoui Cosac PMDB/PSDB [...] SUPLENTES DA LEGISLATURA","memorial_casa","brutos/publicacoes/o_legislativo_em_goias_vol1_2edicao.pdf","media","data_raw/assembleias3/GO/composicao_final.csv",TRUE
"GO","1998","2003-01-31","M1998_GO_7_15121_900000907151211","Antônio Ribeiro Borges","concluiu_mandato","https://publicacoes.al.go.leg.br/biblioteca/o_legislativo_em_goias_vol1_2edicao.pdf","COMPOSIÇÃO [...] 06. Antônio Ribeiro Borges PMDB [...] SUPLENTES DA LEGISLATURA","memorial_casa","brutos/publicacoes/o_legislativo_em_goias_vol1_2edicao.pdf","media","data_raw/assembleias3/GO/composicao_final.csv",TRUE
"GO","1998","2003-01-31","M1998_GO_7_15123_900000907151231","José Nelto Lagares das Mercês","concluiu_mandato","https://publicacoes.al.go.leg.br/biblioteca/o_legislativo_em_goias_vol1_2edicao.pdf","COMPOSIÇÃO [...] 21. José Nelto Lagares das Mercês PMDB [...] SUPLENTES DA LEGISLATURA","memorial_casa","brutos/publicacoes/o_legislativo_em_goias_vol1_2edicao.pdf","media","data_raw/assembleias3/GO/composicao_final.csv",TRUE
"GO","1998","2003-01-31","M1998_GO_7_15126_900000907151261","Maria Roselene Deusdará Cruvinel","concluiu_mandato","https://publicacoes.al.go.leg.br/biblioteca/o_legislativo_em_goias_vol1_2edicao.pdf","COMPOSIÇÃO [...] 30. Maria Roselene Deusdará Cruvinel PMDB/PSDB [...] SUPLENTES DA LEGISLATURA","memorial_casa","brutos/publicacoes/o_legislativo_em_goias_vol1_2edicao.pdf","media","data_raw/assembleias3/GO/composicao_final.csv",TRUE
"GO","1998","2003-01-31","M1998_GO_7_15131_900000907151311","Marcelo de Araújo Melo","concluiu_mandato","https://publicacoes.al.go.leg.br/biblioteca/o_legislativo_em_goias_vol1_2edicao.pdf","COMPOSIÇÃO [...] 28. Marcelo de Araújo Melo PMDB [...] SUPLENTES DA LEGISLATURA","memorial_casa","brutos/publicacoes/o_legislativo_em_goias_vol1_2edicao.pdf","media","data_raw/assembleias3/GO/composicao_final.csv",TRUE
"GO","1998","2003-01-31","M1998_GO_7_15134_900000907151341","Gilberto Batista Naves","concluiu_mandato","https://publicacoes.al.go.leg.br/biblioteca/o_legislativo_em_goias_vol1_2edicao.pdf","COMPOSIÇÃO [...] 12. Gilberto Batista Naves PMDB [...] SUPLENTES DA LEGISLATURA","memorial_casa","brutos/publicacoes/o_legislativo_em_goias_vol1_2edicao.pdf","media","data_raw/assembleias3/GO/composicao_final.csv",TRUE
"GO","1998","2003-01-31","M1998_GO_7_15135_900000907151351","Nelson Antônio da Silva","concluiu_mandato","https://publicacoes.al.go.leg.br/biblioteca/o_legislativo_em_goias_vol1_2edicao.pdf","COMPOSIÇÃO [...] 32. Nelson Antônio da Silva PMDB/PPS [...] SUPLENTES DA LEGISLATURA","memorial_casa","brutos/publicacoes/o_legislativo_em_goias_vol1_2edicao.pdf","media","data_raw/assembleias3/GO/composicao_final.csv",TRUE
"GO","1998","2003-01-31","M1998_GO_7_15136_900000907151361","Liosmar Evaristo Mendanha","concluiu_mandato","https://publicacoes.al.go.leg.br/biblioteca/o_legislativo_em_goias_vol1_2edicao.pdf","COMPOSIÇÃO [...] 25. Liosmar Evaristo Mendanha PMDB [...] SUPLENTES DA LEGISLATURA","memorial_casa","brutos/publicacoes/o_legislativo_em_goias_vol1_2edicao.pdf","media","data_raw/assembleias3/GO/composicao_final.csv",TRUE
"GO","1998","2003-01-31","M1998_GO_7_15160_900000907151601","Geraldo Lemos Scarulles","concluiu_mandato","https://publicacoes.al.go.leg.br/biblioteca/o_legislativo_em_goias_vol1_2edicao.pdf","COMPOSIÇÃO [...] 11. Geraldo Lemos Scarulles PMDB/PTB [...] SUPLENTES DA LEGISLATURA","memorial_casa","brutos/publicacoes/o_legislativo_em_goias_vol1_2edicao.pdf","media","data_raw/assembleias3/GO/composicao_final.csv",TRUE
"GO","1998","2003-01-31","M1998_GO_7_15170_900000907151701","Iram de Almeida Saraiva Júnior","concluiu_mandato","https://publicacoes.al.go.leg.br/biblioteca/o_legislativo_em_goias_vol1_2edicao.pdf","COMPOSIÇÃO [...] 15. Iram de Almeida Saraiva Júnior PMDB [...] SUPLENTES DA LEGISLATURA","memorial_casa","brutos/publicacoes/o_legislativo_em_goias_vol1_2edicao.pdf","media","data_raw/assembleias3/GO/composicao_final.csv",TRUE
"GO","1998","2003-01-31","M1998_GO_7_15180_900000907151801","Kennedy de Sousa Trindade","concluiu_mandato","https://publicacoes.al.go.leg.br/biblioteca/o_legislativo_em_goias_vol1_2edicao.pdf","COMPOSIÇÃO [...] 22. Kennedy de Sousa Trindade PMDB [...] SUPLENTES DA LEGISLATURA","memorial_casa","brutos/publicacoes/o_legislativo_em_goias_vol1_2edicao.pdf","media","data_raw/assembleias3/GO/composicao_final.csv",TRUE
"GO","1998","2003-01-31","M1998_GO_7_15190_900000907151901","João Sandes Júnior","concluiu_mandato","https://publicacoes.al.go.leg.br/biblioteca/o_legislativo_em_goias_vol1_2edicao.pdf","COMPOSIÇÃO [...] 18. João Sandes Júnior PMDB/PPB [...] SUPLENTES DA LEGISLATURA","memorial_casa","brutos/publicacoes/o_legislativo_em_goias_vol1_2edicao.pdf","media","data_raw/assembleias3/GO/composicao_final.csv",TRUE
"GO","1998","2003-01-31","M1998_GO_7_18151_900000907181511","Afrêni Gonçalves Leite","concluiu_mandato","https://publicacoes.al.go.leg.br/biblioteca/o_legislativo_em_goias_vol1_2edicao.pdf","COMPOSIÇÃO [...] 03. Afrêni Gonçalves Leite PST [...] SUPLENTES DA LEGISLATURA","memorial_casa","brutos/publicacoes/o_legislativo_em_goias_vol1_2edicao.pdf","media","data_raw/assembleias3/GO/composicao_final.csv",TRUE
"GO","1998","2003-01-31","M1998_GO_7_18181_900000907181811","Rosiron Wayne de Oliveira","licenciado","https://publicacoes.al.go.leg.br/biblioteca/o_legislativo_em_goias_vol1_2edicao.pdf","COMPOSIÇÃO [...] 37. Rosiron Wayne de Oliveira PST [...] SUPLENTES DA LEGISLATURA [...] Requereu licença para tratamento de saúde por 125 dias, a partir de 4 de junho de 2002, ocupando sua vaga Antônio Uchoa Sobrinho (PSC), em 6 de junho de 2002. Vencida sua licença em 16 de outubro de 2002, prorrogou-a por mais 125 dias. Em virtude do término dessa Legislatura, Antônio Uchoa permaneceu no cargo até o final da mesma, em 31 de janeiro de 2003;","memorial_casa","brutos/publicacoes/o_legislativo_em_goias_vol1_2edicao.pdf","alta","data_raw/assembleias3/GO/composicao_final.csv",TRUE
"GO","1998","2003-01-31","M1998_GO_7_22123_900000907221231","Antonino Camilo de Andrade","concluiu_mandato","https://publicacoes.al.go.leg.br/biblioteca/o_legislativo_em_goias_vol1_2edicao.pdf","COMPOSIÇÃO [...] 05. Antonino Camilo de Andrade PL [...] SUPLENTES DA LEGISLATURA","memorial_casa","brutos/publicacoes/o_legislativo_em_goias_vol1_2edicao.pdf","media","data_raw/assembleias3/GO/composicao_final.csv",TRUE
"GO","1998","2003-01-31","M1998_GO_7_22144_900000907221441","Abdul Hamid Sebba","concluiu_mandato","https://publicacoes.al.go.leg.br/biblioteca/o_legislativo_em_goias_vol1_2edicao.pdf","COMPOSIÇÃO [...] 01. Abdul Hamid Sebba PL [...] SUPLENTES DA LEGISLATURA","memorial_casa","brutos/publicacoes/o_legislativo_em_goias_vol1_2edicao.pdf","media","data_raw/assembleias3/GO/composicao_final.csv",TRUE
"GO","1998","2003-01-31","M1998_GO_7_22200_900000907222001","Jardel Sebba","concluiu_mandato","https://publicacoes.al.go.leg.br/biblioteca/o_legislativo_em_goias_vol1_2edicao.pdf","COMPOSIÇÃO [...] 17. Jardel Sebba PL [...] SUPLENTES DA LEGISLATURA","memorial_casa","brutos/publicacoes/o_legislativo_em_goias_vol1_2edicao.pdf","media","data_raw/assembleias3/GO/composicao_final.csv",TRUE
"GO","1998","2003-01-31","M1998_GO_7_22210_900000907222101","Agenor de Castro Curado","concluiu_mandato","https://publicacoes.al.go.leg.br/biblioteca/o_legislativo_em_goias_vol1_2edicao.pdf","COMPOSIÇÃO [...] 04. Agenor de Castro Curado PL/PSL/PHS [...] SUPLENTES DA LEGISLATURA","memorial_casa","brutos/publicacoes/o_legislativo_em_goias_vol1_2edicao.pdf","media","data_raw/assembleias3/GO/composicao_final.csv",TRUE
"GO","1998","2003-01-31","M1998_GO_7_25111_900000907251111","Jalles Fontoura de Siqueira","concluiu_mandato","https://publicacoes.al.go.leg.br/biblioteca/o_legislativo_em_goias_vol1_2edicao.pdf","COMPOSIÇÃO [...] 16. Jalles Fontoura de Siqueira PFL [...] SUPLENTES DA LEGISLATURA","memorial_casa","brutos/publicacoes/o_legislativo_em_goias_vol1_2edicao.pdf","media","data_raw/assembleias3/GO/composicao_final.csv",TRUE
"GO","1998","2003-01-31","M1998_GO_7_25999_900000907259991","Célio Antônio da Silveira","concluiu_mandato","https://publicacoes.al.go.leg.br/biblioteca/o_legislativo_em_goias_vol1_2edicao.pdf","COMPOSIÇÃO [...] 08. Célio Antônio da Silveira PFL [...] SUPLENTES DA LEGISLATURA","memorial_casa","brutos/publicacoes/o_legislativo_em_goias_vol1_2edicao.pdf","media","data_raw/assembleias3/GO/composicao_final.csv",TRUE
"GO","1998","2003-01-31","M1998_GO_7_41111_900000907411111","Lívio Luciano Carneiro de Queiroz","concluiu_mandato","https://publicacoes.al.go.leg.br/biblioteca/o_legislativo_em_goias_vol1_2edicao.pdf","COMPOSIÇÃO [...] 26. Lívio Luciano Carneiro de Queiroz PSD/PSL [...] SUPLENTES DA LEGISLATURA","memorial_casa","brutos/publicacoes/o_legislativo_em_goias_vol1_2edicao.pdf","media","data_raw/assembleias3/GO/composicao_final.csv",TRUE
"GO","1998","2003-01-31","M1998_GO_7_41141_900000907411411","Helder Valin Barbosa","concluiu_mandato","https://publicacoes.al.go.leg.br/biblioteca/o_legislativo_em_goias_vol1_2edicao.pdf","COMPOSIÇÃO [...] 13. Helder Valin Barbosa PSD/PSDB [...] SUPLENTES DA LEGISLATURA","memorial_casa","brutos/publicacoes/o_legislativo_em_goias_vol1_2edicao.pdf","media","data_raw/assembleias3/GO/composicao_final.csv",TRUE
"GO","1998","2003-01-31","M1998_GO_7_45133_900000907451331","Samuel Guilsimar de Almeida","concluiu_mandato","https://publicacoes.al.go.leg.br/biblioteca/o_legislativo_em_goias_vol1_2edicao.pdf","COMPOSIÇÃO [...] 39. Samuel Guilsimar de Almeida PSDB [...] SUPLENTES DA LEGISLATURA","memorial_casa","brutos/publicacoes/o_legislativo_em_goias_vol1_2edicao.pdf","media","data_raw/assembleias3/GO/composicao_final.csv",TRUE
"GO","1998","2003-01-31","M1998_GO_7_45151_900000907451511","Honor Cruvinel de Oliveira","concluiu_mandato","https://publicacoes.al.go.leg.br/biblioteca/o_legislativo_em_goias_vol1_2edicao.pdf","COMPOSIÇÃO [...] 14. Honor Cruvinel de Oliveira PSDB [...] SUPLENTES DA LEGISLATURA","memorial_casa","brutos/publicacoes/o_legislativo_em_goias_vol1_2edicao.pdf","media","data_raw/assembleias3/GO/composicao_final.csv",TRUE
"GO","1998","2003-01-31","M1998_GO_7_45177_900000907451771","Benedito Lopes Marinho","concluiu_mandato","https://publicacoes.al.go.leg.br/biblioteca/o_legislativo_em_goias_vol1_2edicao.pdf","COMPOSIÇÃO [...] 07. Benedito Lopes Marinho PSDB [...] SUPLENTES DA LEGISLATURA","memorial_casa","brutos/publicacoes/o_legislativo_em_goias_vol1_2edicao.pdf","media","data_raw/assembleias3/GO/composicao_final.csv",TRUE
"GO","1998","2003-01-31","M1998_GO_7_65123_900000907651231","Denise Aparecida Carvalho","licenciado","https://publicacoes.al.go.leg.br/biblioteca/o_legislativo_em_goias_vol1_2edicao.pdf","COMPOSIÇÃO [...] 09. Denise Aparecida Carvalho PC do B [...] SUPLENTES DA LEGISLATURA [...] José Humberto Aidar, 1º suplente pela Coligação PDT/PT/PC do B, foi empossado em 6 de janeiro de 2003, na vaga de Denise Carvalho, que se afastou para assumir a Secretaria de Ciências e Tecnologia, permanecendo no cargo até o final da legislatura, em 31 de janeiro de 2003.","memorial_casa","brutos/publicacoes/o_legislativo_em_goias_vol1_2edicao.pdf","alta","data_raw/assembleias3/GO/composicao_final.csv",TRUE
"GO","2002","2007-01-17","M2002_GO_7_11111_791","Nédio Leite","em_exercicio","http://web.archive.org/web/20070117204033/http://www.assembleia.go.gov.br:80/list_dep.asp","Goiânia, quarta-feira, 17 de janeiro de 2007 [...] Parlamentares [...] Nédio Leite - PP","wayback_portal_casa","brutos/wayback/wb_list_dep_asp_20070117204033.html","alta","data_raw/assembleias3/GO/composicao_final.csv",TRUE
"GO","2002","2007-01-17","M2002_GO_7_11116_888","Ernesto Roller","em_exercicio","http://web.archive.org/web/20070117204033/http://www.assembleia.go.gov.br:80/list_dep.asp","Goiânia, quarta-feira, 17 de janeiro de 2007 [...] Parlamentares [...] Ernesto Roller - PP","wayback_portal_casa","brutos/wayback/wb_list_dep_asp_20070117204033.html","alta","data_raw/assembleias3/GO/composicao_final.csv",TRUE
"GO","2002","2007-01-17","M2002_GO_7_11500_808","Ozair José da Silva","em_exercicio","http://web.archive.org/web/20070117204033/http://www.assembleia.go.gov.br:80/list_dep.asp","Goiânia, quarta-feira, 17 de janeiro de 2007 [...] Parlamentares [...] Ozair José da Silva - PP","wayback_portal_casa","brutos/wayback/wb_list_dep_asp_20070117204033.html","alta","data_raw/assembleias3/GO/composicao_final.csv",TRUE
"GO","2002","2007-01-17","M2002_GO_7_12644_751","Maria Isaura Lemos","em_exercicio","http://web.archive.org/web/20070117204033/http://www.assembleia.go.gov.br:80/list_dep.asp","Goiânia, quarta-feira, 17 de janeiro de 2007 [...] Parlamentares [...] Maria Isaura Lemos - PDT","wayback_portal_casa","brutos/wayback/wb_list_dep_asp_20070117204033.html","alta","data_raw/assembleias3/GO/composicao_final.csv",TRUE
"GO","2002","2007-01-17","M2002_GO_7_13103_541","Ivan Ornelas","em_exercicio","http://web.archive.org/web/20070117204033/http://www.assembleia.go.gov.br:80/list_dep.asp","Goiânia, quarta-feira, 17 de janeiro de 2007 [...] Parlamentares [...] Ivan Ornelas - PT","wayback_portal_casa","brutos/wayback/wb_list_dep_asp_20070117204033.html","alta","data_raw/assembleias3/GO/composicao_final.csv",TRUE
"GO","2002","2007-01-17","M2002_GO_7_13188_597","Luis Cesar Bueno","em_exercicio","http://web.archive.org/web/20070117204033/http://www.assembleia.go.gov.br:80/list_dep.asp","Goiânia, quarta-feira, 17 de janeiro de 2007 [...] Parlamentares [...] Luis Cesar Bueno - PT","wayback_portal_casa","brutos/wayback/wb_list_dep_asp_20070117204033.html","alta","data_raw/assembleias3/GO/composicao_final.csv",TRUE
"GO","2002","2007-01-17","M2002_GO_7_13513_572","Paulo Garcia","em_exercicio","http://web.archive.org/web/20070117204033/http://www.assembleia.go.gov.br:80/list_dep.asp","Goiânia, quarta-feira, 17 de janeiro de 2007 [...] Parlamentares [...] Paulo Garcia - PT","wayback_portal_casa","brutos/wayback/wb_list_dep_asp_20070117204033.html","alta","data_raw/assembleias3/GO/composicao_final.csv",TRUE
"GO","2002","2007-01-17","M2002_GO_7_13789_583","Mauro Rubem","em_exercicio","http://web.archive.org/web/20070117204033/http://www.assembleia.go.gov.br:80/list_dep.asp","Goiânia, quarta-feira, 17 de janeiro de 2007 [...] Parlamentares [...] Mauro Rubem - PT","wayback_portal_casa","brutos/wayback/wb_list_dep_asp_20070117204033.html","alta","data_raw/assembleias3/GO/composicao_final.csv",TRUE
"GO","2002","2007-01-17","M2002_GO_7_15123_247","José Nelto","em_exercicio","http://web.archive.org/web/20070117204033/http://www.assembleia.go.gov.br:80/list_dep.asp","Goiânia, quarta-feira, 17 de janeiro de 2007 [...] Parlamentares [...] José Nelto - PMDB","wayback_portal_casa","brutos/wayback/wb_list_dep_asp_20070117204033.html","alta","data_raw/assembleias3/GO/composicao_final.csv",TRUE
"GO","2002","2007-01-17","M2002_GO_7_15131_250","Marcelo Melo","em_exercicio","http://web.archive.org/web/20070117204033/http://www.assembleia.go.gov.br:80/list_dep.asp","Goiânia, quarta-feira, 17 de janeiro de 2007 [...] Parlamentares [...] Marcelo Melo - PMDB","wayback_portal_casa","brutos/wayback/wb_list_dep_asp_20070117204033.html","alta","data_raw/assembleias3/GO/composicao_final.csv",TRUE
"GO","2002","2007-01-17","M2002_GO_7_15134_384","Mara Naves","em_exercicio","http://web.archive.org/web/20070117204033/http://www.assembleia.go.gov.br:80/list_dep.asp","Goiânia, quarta-feira, 17 de janeiro de 2007 [...] Parlamentares [...] Mara Naves - PMDB","wayback_portal_casa","brutos/wayback/wb_list_dep_asp_20070117204033.html","alta","data_raw/assembleias3/GO/composicao_final.csv",TRUE
"GO","2002","2007-01-17","M2002_GO_7_15135_313","Romilton Moraes","em_exercicio","http://web.archive.org/web/20070117204033/http://www.assembleia.go.gov.br:80/list_dep.asp","Goiânia, quarta-feira, 17 de janeiro de 2007 [...] Parlamentares [...] Romilton Moraes - PMDB","wayback_portal_casa","brutos/wayback/wb_list_dep_asp_20070117204033.html","alta","data_raw/assembleias3/GO/composicao_final.csv",TRUE
"GO","2002","2007-01-17","M2002_GO_7_15151_263","Rachel Azeredo","em_exercicio","http://web.archive.org/web/20070117204033/http://www.assembleia.go.gov.br:80/list_dep.asp","Goiânia, quarta-feira, 17 de janeiro de 2007 [...] Parlamentares [...] Rachel Azeredo - PMDB","wayback_portal_casa","brutos/wayback/wb_list_dep_asp_20070117204033.html","alta","data_raw/assembleias3/GO/composicao_final.csv",TRUE
"GO","2002","2007-01-17","M2002_GO_7_15152_281","Fernando Netto","em_exercicio","http://web.archive.org/web/20070117204033/http://www.assembleia.go.gov.br:80/list_dep.asp","Goiânia, quarta-feira, 17 de janeiro de 2007 [...] Parlamentares [...] Fernando Netto - PMDB","wayback_portal_casa","brutos/wayback/wb_list_dep_asp_20070117204033.html","alta","data_raw/assembleias3/GO/composicao_final.csv",TRUE
"GO","2002","2007-01-17","M2002_GO_7_15170_284","Wagner Guimarães","em_exercicio","http://web.archive.org/web/20070117204033/http://www.assembleia.go.gov.br:80/list_dep.asp","Goiânia, quarta-feira, 17 de janeiro de 2007 [...] Parlamentares [...] Wagner Guimarães - PMDB","wayback_portal_casa","brutos/wayback/wb_list_dep_asp_20070117204033.html","alta","data_raw/assembleias3/GO/composicao_final.csv",TRUE
"GO","2002","2007-01-17","M2002_GO_7_18123_689","Abdul Sebba","em_exercicio","http://web.archive.org/web/20070117204033/http://www.assembleia.go.gov.br:80/list_dep.asp","Goiânia, quarta-feira, 17 de janeiro de 2007 [...] Parlamentares [...] Abdul Sebba - PTB","wayback_portal_casa","brutos/wayback/wb_list_dep_asp_20070117204033.html","alta","data_raw/assembleias3/GO/composicao_final.csv",TRUE
"GO","2002","2007-01-31","M2002_GO_7_22777_1150","Walter Inácio do Nascimento","licenciado","https://publicacoes.al.go.leg.br/biblioteca/o_legislativo_em_goias_vol1_2edicao.pdf","Reassumiu o cargo em 19 de abril de 2006, em virtude de licença concedida pela Resolução nº 1.206, de 19 de abril de 2006, a Walter Inácio, para tratamento de saúde, por 124 dias, a partir daquela data até 20 de agosto de 2006. Permaneceu no cargo até o final da legislatura, em virtude da prorrogação da licença pelas Resoluções nº 1.209, de 15 de agosto de 2006, por mais 30 dias, e pela Resolução nº 1.210, de 10 de outubro de 2006, por mais 125 dias;","memorial_casa","brutos/publicacoes/o_legislativo_em_goias_vol1_2edicao.pdf","alta","data_raw/assembleias3/GO/composicao_final.csv",TRUE
"GO","2002","2007-01-17","M2002_GO_7_23450_606","Leandro Sena","em_exercicio","http://web.archive.org/web/20070117204033/http://www.assembleia.go.gov.br:80/list_dep.asp","Goiânia, quarta-feira, 17 de janeiro de 2007 [...] Parlamentares [...] Leandro Sena - PPS","wayback_portal_casa","brutos/wayback/wb_list_dep_asp_20070117204033.html","alta","data_raw/assembleias3/GO/composicao_final.csv",TRUE
"GO","2002","2007-01-17","M2002_GO_7_25456_842","Chico Abreu","em_exercicio","http://web.archive.org/web/20070117204033/http://www.assembleia.go.gov.br:80/list_dep.asp","Goiânia, quarta-feira, 17 de janeiro de 2007 [...] Parlamentares [...] Chico Abreu - PL","wayback_portal_casa","brutos/wayback/wb_list_dep_asp_20070117204033.html","alta","data_raw/assembleias3/GO/composicao_final.csv",TRUE
"GO","2002","2007-01-17","M2002_GO_7_25555_934","Nilo Resende","em_exercicio","http://web.archive.org/web/20070117204033/http://www.assembleia.go.gov.br:80/list_dep.asp","Goiânia, quarta-feira, 17 de janeiro de 2007 [...] Parlamentares [...] Nilo Resende - PFL","wayback_portal_casa","brutos/wayback/wb_list_dep_asp_20070117204033.html","alta","data_raw/assembleias3/GO/composicao_final.csv",TRUE
"GO","2002","2007-01-17","M2002_GO_7_27800_327","Daniel Goulart","em_exercicio","http://web.archive.org/web/20070117204033/http://www.assembleia.go.gov.br:80/list_dep.asp","Goiânia, quarta-feira, 17 de janeiro de 2007 [...] Parlamentares [...] Daniel Goulart - PSDB","wayback_portal_casa","brutos/wayback/wb_list_dep_asp_20070117204033.html","alta","data_raw/assembleias3/GO/composicao_final.csv",TRUE
"GO","2002","2007-01-17","M2002_GO_7_40180_207","Kennedy Trindade","em_exercicio","http://web.archive.org/web/20070117204033/http://www.assembleia.go.gov.br:80/list_dep.asp","Goiânia, quarta-feira, 17 de janeiro de 2007 [...] Parlamentares [...] Kennedy Trindade - PL","wayback_portal_casa","brutos/wayback/wb_list_dep_asp_20070117204033.html","alta","data_raw/assembleias3/GO/composicao_final.csv",TRUE
"GO","2002","2007-01-17","M2002_GO_7_41111_964","Livio Luciano","em_exercicio","http://web.archive.org/web/20070117204033/http://www.assembleia.go.gov.br:80/list_dep.asp","Goiânia, quarta-feira, 17 de janeiro de 2007 [...] Parlamentares [...] Livio Luciano - PMDB","wayback_portal_casa","brutos/wayback/wb_list_dep_asp_20070117204033.html","alta","data_raw/assembleias3/GO/composicao_final.csv",TRUE
"GO","2002","2007-01-17","M2002_GO_7_44631_642","Misael Pereira","em_exercicio","http://web.archive.org/web/20070117204033/http://www.assembleia.go.gov.br:80/list_dep.asp","Goiânia, quarta-feira, 17 de janeiro de 2007 [...] Parlamentares [...] Misael Pereira - PDT","wayback_portal_casa","brutos/wayback/wb_list_dep_asp_20070117204033.html","alta","data_raw/assembleias3/GO/composicao_final.csv",TRUE
"GO","2002","2007-01-17","M2002_GO_7_45121_1209","Welington Camargo","em_exercicio","http://web.archive.org/web/20070117204033/http://www.assembleia.go.gov.br:80/list_dep.asp","Goiânia, quarta-feira, 17 de janeiro de 2007 [...] Parlamentares [...] Welington Camargo - PMDB","wayback_portal_casa","brutos/wayback/wb_list_dep_asp_20070117204033.html","alta","data_raw/assembleias3/GO/composicao_final.csv",TRUE
"GO","2002","2007-01-17","M2002_GO_7_45133_884","Samuel Almeida","em_exercicio","http://web.archive.org/web/20070117204033/http://www.assembleia.go.gov.br:80/list_dep.asp","Goiânia, quarta-feira, 17 de janeiro de 2007 [...] Parlamentares [...] Samuel Almeida - PSDB","wayback_portal_casa","brutos/wayback/wb_list_dep_asp_20070117204033.html","alta","data_raw/assembleias3/GO/composicao_final.csv",TRUE
"GO","2002","2007-01-17","M2002_GO_7_45222_835","Jardel Sebba","em_exercicio","http://web.archive.org/web/20070117204033/http://www.assembleia.go.gov.br:80/list_dep.asp","Goiânia, quarta-feira, 17 de janeiro de 2007 [...] Parlamentares [...] Jardel Sebba - PSDB","wayback_portal_casa","brutos/wayback/wb_list_dep_asp_20070117204033.html","alta","data_raw/assembleias3/GO/composicao_final.csv",TRUE
"GO","2002","2007-01-17","M2002_GO_7_45321_746","Flávia Morais","em_exercicio","http://web.archive.org/web/20070117204033/http://www.assembleia.go.gov.br:80/list_dep.asp","Goiânia, quarta-feira, 17 de janeiro de 2007 [...] Parlamentares [...] Flávia Morais - PSDB","wayback_portal_casa","brutos/wayback/wb_list_dep_asp_20070117204033.html","alta","data_raw/assembleias3/GO/composicao_final.csv",TRUE
"GO","2002","2007-01-17","M2002_GO_7_45369_811","Laudeni Lemes","em_exercicio","http://web.archive.org/web/20070117204033/http://www.assembleia.go.gov.br:80/list_dep.asp","Goiânia, quarta-feira, 17 de janeiro de 2007 [...] Parlamentares [...] Laudeni Lemes - PSDB","wayback_portal_casa","brutos/wayback/wb_list_dep_asp_20070117204033.html","alta","data_raw/assembleias3/GO/composicao_final.csv",TRUE
"GO","2002","2007-01-17","M2002_GO_7_45555_846","Helder Valin","em_exercicio","http://web.archive.org/web/20070117204033/http://www.assembleia.go.gov.br:80/list_dep.asp","Goiânia, quarta-feira, 17 de janeiro de 2007 [...] Parlamentares [...] Helder Valin - PSDB","wayback_portal_casa","brutos/wayback/wb_list_dep_asp_20070117204033.html","alta","data_raw/assembleias3/GO/composicao_final.csv",TRUE
"GO","2002","2007-01-17","M2002_GO_7_45600_878","Padre Ferreira","em_exercicio","http://web.archive.org/web/20070117204033/http://www.assembleia.go.gov.br:80/list_dep.asp","Goiânia, quarta-feira, 17 de janeiro de 2007 [...] Parlamentares [...] Padre Ferreira - PSDB","wayback_portal_casa","brutos/wayback/wb_list_dep_asp_20070117204033.html","alta","data_raw/assembleias3/GO/composicao_final.csv",TRUE
"GO","2002","2007-01-17","M2002_GO_7_45678_738","Honor Cruvinel","em_exercicio","http://web.archive.org/web/20070117204033/http://www.assembleia.go.gov.br:80/list_dep.asp","Goiânia, quarta-feira, 17 de janeiro de 2007 [...] Parlamentares [...] Honor Cruvinel - PSDB","wayback_portal_casa","brutos/wayback/wb_list_dep_asp_20070117204033.html","alta","data_raw/assembleias3/GO/composicao_final.csv",TRUE
"GO","2002","2007-01-17","M2002_GO_7_45690_1369","Daniel Messac","em_exercicio","http://web.archive.org/web/20070117204033/http://www.assembleia.go.gov.br:80/list_dep.asp","Goiânia, quarta-feira, 17 de janeiro de 2007 [...] Parlamentares [...] Daniel Messac - PSDB","wayback_portal_casa","brutos/wayback/wb_list_dep_asp_20070117204033.html","alta","data_raw/assembleias3/GO/composicao_final.csv",TRUE
"GO","2002","2007-01-17","M2002_GO_7_45780_733","Iso Moreira","em_exercicio","http://web.archive.org/web/20070117204033/http://www.assembleia.go.gov.br:80/list_dep.asp","Goiânia, quarta-feira, 17 de janeiro de 2007 [...] Parlamentares [...] Iso Moreira - PSDB","wayback_portal_casa","brutos/wayback/wb_list_dep_asp_20070117204033.html","alta","data_raw/assembleias3/GO/composicao_final.csv",TRUE
"GO","2002","2007-01-17","M2002_GO_7_65123_557","Fábio Tokarski","em_exercicio","http://web.archive.org/web/20070117204033/http://www.assembleia.go.gov.br:80/list_dep.asp","Goiânia, quarta-feira, 17 de janeiro de 2007 [...] Parlamentares [...] Fábio Tokarski - PCdoB","wayback_portal_casa","brutos/wayback/wb_list_dep_asp_20070117204033.html","alta","data_raw/assembleias3/GO/composicao_final.csv",TRUE
"GO","2006","2011-01-24","M2006_GO_7_11116_10301","ERNESTO ROLLER","em_exercicio","https://saba.al.go.leg.br/v1/view/transparencia/public/O__exqBdHZS7UKhu7rPRfg==","RELAÇÃO DOS DEPUTADOS [...] ERNESTO ROLLER [...] MESA DIRETORA","diario_oficial","brutos/diarios/pdf/dal_2011-01-24_1020.pdf","alta","data_raw/assembleias3/GO/composicao_final.csv",TRUE
"GO","2006","2011-01-24","M2006_GO_7_11500_10312","OZAIR JOSÉ","em_exercicio","https://saba.al.go.leg.br/v1/view/transparencia/public/O__exqBdHZS7UKhu7rPRfg==","RELAÇÃO DOS DEPUTADOS [...] OZAIR JOSÉ [...] MESA DIRETORA","diario_oficial","brutos/diarios/pdf/dal_2011-01-24_1020.pdf","alta","data_raw/assembleias3/GO/composicao_final.csv",TRUE
"GO","2006","2011-01-24","M2006_GO_7_12631_10623","MISAEL OLIVEIRA","em_exercicio","https://saba.al.go.leg.br/v1/view/transparencia/public/O__exqBdHZS7UKhu7rPRfg==","RELAÇÃO DOS DEPUTADOS [...] MISAEL OLIVEIRA [...] MESA DIRETORA","diario_oficial","brutos/diarios/pdf/dal_2011-01-24_1020.pdf","alta","data_raw/assembleias3/GO/composicao_final.csv",TRUE
"GO","2006","2011-01-24","M2006_GO_7_12644_10625","ISAURA LEMOS","em_exercicio","https://saba.al.go.leg.br/v1/view/transparencia/public/O__exqBdHZS7UKhu7rPRfg==","RELAÇÃO DOS DEPUTADOS [...] ISAURA LEMOS [...] MESA DIRETORA","diario_oficial","brutos/diarios/pdf/dal_2011-01-24_1020.pdf","alta","data_raw/assembleias3/GO/composicao_final.csv",TRUE
"GO","2006","2011-01-24","M2006_GO_7_13188_10196","LUIS CESAR BUENO","em_exercicio","https://saba.al.go.leg.br/v1/view/transparencia/public/O__exqBdHZS7UKhu7rPRfg==","RELAÇÃO DOS DEPUTADOS [...] LUIS CESAR BUENO [...] MESA DIRETORA","diario_oficial","brutos/diarios/pdf/dal_2011-01-24_1020.pdf","alta","data_raw/assembleias3/GO/composicao_final.csv",TRUE
"GO","2006","2011-01-24","M2006_GO_7_13789_10221","MAURO RUBEM","em_exercicio","https://saba.al.go.leg.br/v1/view/transparencia/public/O__exqBdHZS7UKhu7rPRfg==","RELAÇÃO DOS DEPUTADOS [...] MAURO RUBEM [...] MESA DIRETORA","diario_oficial","brutos/diarios/pdf/dal_2011-01-24_1020.pdf","alta","data_raw/assembleias3/GO/composicao_final.csv",TRUE
"GO","2006","2011-01-24","M2006_GO_7_13800_10222","HUMBERTO AIDAR","em_exercicio","https://saba.al.go.leg.br/v1/view/transparencia/public/O__exqBdHZS7UKhu7rPRfg==","RELAÇÃO DOS DEPUTADOS [...] HUMBERTO AIDAR [...] MESA DIRETORA","diario_oficial","brutos/diarios/pdf/dal_2011-01-24_1020.pdf","alta","data_raw/assembleias3/GO/composicao_final.csv",TRUE
"GO","2006","2011-01-24","M2006_GO_7_14014_10458","FREI VALDAIR","em_exercicio","https://saba.al.go.leg.br/v1/view/transparencia/public/O__exqBdHZS7UKhu7rPRfg==","RELAÇÃO DOS DEPUTADOS [...] FREI VALDAIR [...] MESA DIRETORA","diario_oficial","brutos/diarios/pdf/dal_2011-01-24_1020.pdf","alta","data_raw/assembleias3/GO/composicao_final.csv",TRUE
"GO","2006","2011-01-24","M2006_GO_7_14133_10464","MARLÚCIO PEREIRA","em_exercicio","https://saba.al.go.leg.br/v1/view/transparencia/public/O__exqBdHZS7UKhu7rPRfg==","RELAÇÃO DOS DEPUTADOS [...] MARLÚCIO PEREIRA [...] MESA DIRETORA","diario_oficial","brutos/diarios/pdf/dal_2011-01-24_1020.pdf","alta","data_raw/assembleias3/GO/composicao_final.csv",TRUE
"GO","2006","2011-01-24","M2006_GO_7_14190_10470","CORONEL QUEIROZ","em_exercicio","https://saba.al.go.leg.br/v1/view/transparencia/public/O__exqBdHZS7UKhu7rPRfg==","RELAÇÃO DOS DEPUTADOS [...] CORONEL QUEIROZ [...] MESA DIRETORA","diario_oficial","brutos/diarios/pdf/dal_2011-01-24_1020.pdf","alta","data_raw/assembleias3/GO/composicao_final.csv",TRUE
"GO","2006","2011-01-24","M2006_GO_7_14333_10476","CRISTÓVÃO TORMIN","em_exercicio","https://saba.al.go.leg.br/v1/view/transparencia/public/O__exqBdHZS7UKhu7rPRfg==","RELAÇÃO DOS DEPUTADOS [...] CRISTÓVÃO TORMIN [...] MESA DIRETORA","diario_oficial","brutos/diarios/pdf/dal_2011-01-24_1020.pdf","alta","data_raw/assembleias3/GO/composicao_final.csv",TRUE
"GO","2006","2011-01-24","M2006_GO_7_15007_10531","MIGUEL ÂNGELO","em_exercicio","https://saba.al.go.leg.br/v1/view/transparencia/public/O__exqBdHZS7UKhu7rPRfg==","RELAÇÃO DOS DEPUTADOS [...] MIGUEL ÂNGELO [...] MESA DIRETORA","diario_oficial","brutos/diarios/pdf/dal_2011-01-24_1020.pdf","alta","data_raw/assembleias3/GO/composicao_final.csv",TRUE
"GO","2006","2011-01-24","M2006_GO_7_15015_10533","SAMUEL BELCHIOR","em_exercicio","https://saba.al.go.leg.br/v1/view/transparencia/public/O__exqBdHZS7UKhu7rPRfg==","RELAÇÃO DOS DEPUTADOS [...] SAMUEL BELCHIOR [...] MESA DIRETORA","diario_oficial","brutos/diarios/pdf/dal_2011-01-24_1020.pdf","alta","data_raw/assembleias3/GO/composicao_final.csv",TRUE
"GO","2006","2011-01-24","M2006_GO_7_15100_10534","LUIZ CARLOS DO CARMO","em_exercicio","https://saba.al.go.leg.br/v1/view/transparencia/public/O__exqBdHZS7UKhu7rPRfg==","RELAÇÃO DOS DEPUTADOS [...] LUIZ CARLOS DO CARMO [...] MESA DIRETORA","diario_oficial","brutos/diarios/pdf/dal_2011-01-24_1020.pdf","alta","data_raw/assembleias3/GO/composicao_final.csv",TRUE
"GO","2006","2011-01-24","M2006_GO_7_15111_10535","ADRIETE ELIAS","em_exercicio","https://saba.al.go.leg.br/v1/view/transparencia/public/O__exqBdHZS7UKhu7rPRfg==","RELAÇÃO DOS DEPUTADOS [...] ADRIETE ELIAS [...] MESA DIRETORA","diario_oficial","brutos/diarios/pdf/dal_2011-01-24_1020.pdf","alta","data_raw/assembleias3/GO/composicao_final.csv",TRUE
"GO","2006","2011-01-24","M2006_GO_7_15134_10542","MARA NAVES","em_exercicio","https://saba.al.go.leg.br/v1/view/transparencia/public/O__exqBdHZS7UKhu7rPRfg==","RELAÇÃO DOS DEPUTADOS [...] MARA NAVES [...] MESA DIRETORA","diario_oficial","brutos/diarios/pdf/dal_2011-01-24_1020.pdf","alta","data_raw/assembleias3/GO/composicao_final.csv",TRUE
"GO","2006","2011-01-24","M2006_GO_7_15135_10543","ROMILTON MORAES","em_exercicio","https://saba.al.go.leg.br/v1/view/transparencia/public/O__exqBdHZS7UKhu7rPRfg==","RELAÇÃO DOS DEPUTADOS [...] ROMILTON MORAES [...] MESA DIRETORA","diario_oficial","brutos/diarios/pdf/dal_2011-01-24_1020.pdf","alta","data_raw/assembleias3/GO/composicao_final.csv",TRUE
"GO","2006","2011-01-24","M2006_GO_7_15170_10554","WAGNER GUIMARÃES","em_exercicio","https://saba.al.go.leg.br/v1/view/transparencia/public/O__exqBdHZS7UKhu7rPRfg==","RELAÇÃO DOS DEPUTADOS [...] WAGNER GUIMARÃES [...] MESA DIRETORA","diario_oficial","brutos/diarios/pdf/dal_2011-01-24_1020.pdf","alta","data_raw/assembleias3/GO/composicao_final.csv",TRUE
"GO","2006","2011-01-24","M2006_GO_7_15601_10580","PAULO CEZAR","em_exercicio","https://saba.al.go.leg.br/v1/view/transparencia/public/O__exqBdHZS7UKhu7rPRfg==","RELAÇÃO DOS DEPUTADOS [...] PAULO CEZAR [...] MESA DIRETORA","diario_oficial","brutos/diarios/pdf/dal_2011-01-24_1020.pdf","alta","data_raw/assembleias3/GO/composicao_final.csv",TRUE
"GO","2006","2011-01-24","M2006_GO_7_15678_10585","Thiago Peixoto","licenciado","https://saba.al.go.leg.br/v1/view/transparencia/public/O__exqBdHZS7UKhu7rPRfg==","E agora nesta legislatura onde tive o prazer de ter assumido aqui nesta casa por quase sete meses a vaga do Deputado Thiago Peixoto. E agora mais esse mês onde tivemos o prazer de estar mais uma vez com vocês colegas Deputados e Deputadas. [...] RELAÇÃO DOS DEPUTADOS [...] JOSÉ ESSADO [...] MESA DIRETORA","diario_oficial","brutos/diarios/pdf/dal_2011-01-24_1020.pdf","media","data_raw/assembleias3/GO/composicao_final.csv",TRUE
"GO","2006","2011-01-24","M2006_GO_7_20223_10641","VANUZA VALADARES","em_exercicio","https://saba.al.go.leg.br/v1/view/transparencia/public/O__exqBdHZS7UKhu7rPRfg==","RELAÇÃO DOS DEPUTADOS [...] VANUZA VALADARES [...] MESA DIRETORA","diario_oficial","brutos/diarios/pdf/dal_2011-01-24_1020.pdf","alta","data_raw/assembleias3/GO/composicao_final.csv",TRUE
"GO","2006","2011-01-24","M2006_GO_7_22122_10492","ÁLVARO GUIMARÃES","em_exercicio","https://saba.al.go.leg.br/v1/view/transparencia/public/O__exqBdHZS7UKhu7rPRfg==","RELAÇÃO DOS DEPUTADOS [...] ÁLVARO GUIMARÃES [...] MESA DIRETORA","diario_oficial","brutos/diarios/pdf/dal_2011-01-24_1020.pdf","alta","data_raw/assembleias3/GO/composicao_final.csv",TRUE
"GO","2006","2011-01-24","M2006_GO_7_22222_10498","CILENE GUIMARÃES","em_exercicio","https://saba.al.go.leg.br/v1/view/transparencia/public/O__exqBdHZS7UKhu7rPRfg==","RELAÇÃO DOS DEPUTADOS [...] CILENE GUIMARÃES [...] MESA DIRETORA","diario_oficial","brutos/diarios/pdf/dal_2011-01-24_1020.pdf","alta","data_raw/assembleias3/GO/composicao_final.csv",TRUE
"GO","2006","2011-01-24","M2006_GO_7_22640_10512","DOUTOR VALDIR","em_exercicio","https://saba.al.go.leg.br/v1/view/transparencia/public/O__exqBdHZS7UKhu7rPRfg==","RELAÇÃO DOS DEPUTADOS [...] DOUTOR VALDIR [...] MESA DIRETORA","diario_oficial","brutos/diarios/pdf/dal_2011-01-24_1020.pdf","alta","data_raw/assembleias3/GO/composicao_final.csv",TRUE
"GO","2006","2011-01-24","M2006_GO_7_22690_10514","CLÁUDIO MEIRELLES","em_exercicio","https://saba.al.go.leg.br/v1/view/transparencia/public/O__exqBdHZS7UKhu7rPRfg==","RELAÇÃO DOS DEPUTADOS [...] CLÁUDIO MEIRELLES [...] MESA DIRETORA","diario_oficial","brutos/diarios/pdf/dal_2011-01-24_1020.pdf","alta","data_raw/assembleias3/GO/composicao_final.csv",TRUE
"GO","2006","2011-01-24","M2006_GO_7_25111_10021","HELIO DE SOUSA","em_exercicio","https://saba.al.go.leg.br/v1/view/transparencia/public/O__exqBdHZS7UKhu7rPRfg==","RELAÇÃO DOS DEPUTADOS [...] HELIO DE SOUSA [...] MESA DIRETORA","diario_oficial","brutos/diarios/pdf/dal_2011-01-24_1020.pdf","alta","data_raw/assembleias3/GO/composicao_final.csv",TRUE
"GO","2006","2011-01-24","M2006_GO_7_25555_10031","NILO RESENDE","em_exercicio","https://saba.al.go.leg.br/v1/view/transparencia/public/O__exqBdHZS7UKhu7rPRfg==","RELAÇÃO DOS DEPUTADOS [...] NILO RESENDE [...] MESA DIRETORA","diario_oficial","brutos/diarios/pdf/dal_2011-01-24_1020.pdf","alta","data_raw/assembleias3/GO/composicao_final.csv",TRUE
"GO","2006","2011-01-24","M2006_GO_7_40123_10157","BETINHA TEJOTA","em_exercicio","https://saba.al.go.leg.br/v1/view/transparencia/public/O__exqBdHZS7UKhu7rPRfg==","RELAÇÃO DOS DEPUTADOS [...] BETINHA TEJOTA [...] MESA DIRETORA","diario_oficial","brutos/diarios/pdf/dal_2011-01-24_1020.pdf","alta","data_raw/assembleias3/GO/composicao_final.csv",TRUE
"GO","2006","2011-01-24","M2006_GO_7_45100_10321","TÚLIO ISAC","em_exercicio","https://saba.al.go.leg.br/v1/view/transparencia/public/O__exqBdHZS7UKhu7rPRfg==","RELAÇÃO DOS DEPUTADOS [...] TÚLIO ISAC [...] MESA DIRETORA","diario_oficial","brutos/diarios/pdf/dal_2011-01-24_1020.pdf","alta","data_raw/assembleias3/GO/composicao_final.csv",TRUE
"GO","2006","2011-01-24","M2006_GO_7_45123_10323","FÁBIO SOUSA","em_exercicio","https://saba.al.go.leg.br/v1/view/transparencia/public/O__exqBdHZS7UKhu7rPRfg==","RELAÇÃO DOS DEPUTADOS [...] FÁBIO SOUSA [...] MESA DIRETORA","diario_oficial","brutos/diarios/pdf/dal_2011-01-24_1020.pdf","alta","data_raw/assembleias3/GO/composicao_final.csv",TRUE
"GO","2006","2011-01-24","M2006_GO_7_45133_10325","SAMUEL ALMEIDA","em_exercicio","https://saba.al.go.leg.br/v1/view/transparencia/public/O__exqBdHZS7UKhu7rPRfg==","RELAÇÃO DOS DEPUTADOS [...] SAMUEL ALMEIDA [...] MESA DIRETORA","diario_oficial","brutos/diarios/pdf/dal_2011-01-24_1020.pdf","alta","data_raw/assembleias3/GO/composicao_final.csv",TRUE
"GO","2006","2011-01-24","M2006_GO_7_45222_10329","JARDEL SEBBA","em_exercicio","https://saba.al.go.leg.br/v1/view/transparencia/public/O__exqBdHZS7UKhu7rPRfg==","RELAÇÃO DOS DEPUTADOS [...] JARDEL SEBBA [...] MESA DIRETORA","diario_oficial","brutos/diarios/pdf/dal_2011-01-24_1020.pdf","alta","data_raw/assembleias3/GO/composicao_final.csv",TRUE
"GO","2006","2011-01-24","M2006_GO_7_45555_10338","HELDER VALIN","em_exercicio","https://saba.al.go.leg.br/v1/view/transparencia/public/O__exqBdHZS7UKhu7rPRfg==","RELAÇÃO DOS DEPUTADOS [...] HELDER VALIN [...] MESA DIRETORA","diario_oficial","brutos/diarios/pdf/dal_2011-01-24_1020.pdf","alta","data_raw/assembleias3/GO/composicao_final.csv",TRUE
"GO","2006","2011-01-24","M2006_GO_7_45600_10340","PADRE FERREIRA","em_exercicio","https://saba.al.go.leg.br/v1/view/transparencia/public/O__exqBdHZS7UKhu7rPRfg==","RELAÇÃO DOS DEPUTADOS [...] PADRE FERREIRA [...] MESA DIRETORA","diario_oficial","brutos/diarios/pdf/dal_2011-01-24_1020.pdf","alta","data_raw/assembleias3/GO/composicao_final.csv",TRUE
"GO","2006","2011-01-24","M2006_GO_7_45678_10343","HONOR CRUVINEL","em_exercicio","https://saba.al.go.leg.br/v1/view/transparencia/public/O__exqBdHZS7UKhu7rPRfg==","RELAÇÃO DOS DEPUTADOS [...] HONOR CRUVINEL [...] MESA DIRETORA","diario_oficial","brutos/diarios/pdf/dal_2011-01-24_1020.pdf","alta","data_raw/assembleias3/GO/composicao_final.csv",TRUE
"GO","2006","2011-01-24","M2006_GO_7_45780_10347","ISO MOREIRA","em_exercicio","https://saba.al.go.leg.br/v1/view/transparencia/public/O__exqBdHZS7UKhu7rPRfg==","RELAÇÃO DOS DEPUTADOS [...] ISO MOREIRA [...] MESA DIRETORA","diario_oficial","brutos/diarios/pdf/dal_2011-01-24_1020.pdf","alta","data_raw/assembleias3/GO/composicao_final.csv",TRUE
"GO","2006","2011-01-24","M2006_GO_7_45800_10349","DANIEL GOULART","em_exercicio","https://saba.al.go.leg.br/v1/view/transparencia/public/O__exqBdHZS7UKhu7rPRfg==","RELAÇÃO DOS DEPUTADOS [...] DANIEL GOULART [...] MESA DIRETORA","diario_oficial","brutos/diarios/pdf/dal_2011-01-24_1020.pdf","alta","data_raw/assembleias3/GO/composicao_final.csv",TRUE
"GO","2006","2011-01-24","M2006_GO_7_70123_10400","WELLINGTON VALIM","em_exercicio","https://saba.al.go.leg.br/v1/view/transparencia/public/O__exqBdHZS7UKhu7rPRfg==","RELAÇÃO DOS DEPUTADOS [...] WELLINGTON VALIM [...] MESA DIRETORA","diario_oficial","brutos/diarios/pdf/dal_2011-01-24_1020.pdf","alta","data_raw/assembleias3/GO/composicao_final.csv",TRUE
"GO","2006","2011-01-24","M2006_GO_7_70170_10404","TIÃOZINHO COSTA","em_exercicio","https://saba.al.go.leg.br/v1/view/transparencia/public/O__exqBdHZS7UKhu7rPRfg==","RELAÇÃO DOS DEPUTADOS [...] TIÃOZINHO COSTA [...] MESA DIRETORA","diario_oficial","brutos/diarios/pdf/dal_2011-01-24_1020.pdf","alta","data_raw/assembleias3/GO/composicao_final.csv",TRUE
"GO","2010","2015-01-31","M2010_GO_7_10190_90000000658","JUNIO ALVES DE ARAUJO","em_exercicio","https://transparencia.al.go.leg.br/api/transparencia/remuneracoes?ano=2015&mes=1&vinculo=DEPUTADOS&remuneracao_anterior=true","{""""ano"""": 2015, """"mes"""": 1, """"nome"""": """"JUNIO ALVES DE ARAUJO"""", """"cargo"""": """"DEP. EST. PRP"""", """"vinculo"""": """"DEPUTADOS"""", """"status"""": null, """"remuneracao_bruta"""": """"20042.0""""}","portal_casa","brutos/folha/folha_deputados_2015_01.json","alta","data_raw/assembleias3/GO/composicao_final.csv",TRUE
"GO","2010","2015-01-31","M2010_GO_7_12345_90000000263","MARIA ISAURA LEMOS","em_exercicio","https://transparencia.al.go.leg.br/api/transparencia/remuneracoes?ano=2015&mes=1&vinculo=DEPUTADOS&remuneracao_anterior=true","{""""ano"""": 2015, """"mes"""": 1, """"nome"""": """"MARIA ISAURA LEMOS"""", """"cargo"""": """"DEP. EST. PCdoB"""", """"vinculo"""": """"DEPUTADOS"""", """"status"""": null, """"remuneracao_bruta"""": """"20042.0""""}","portal_casa","brutos/folha/folha_deputados_2015_01.json","alta","data_raw/assembleias3/GO/composicao_final.csv",TRUE
"GO","2010","2015-01-31","M2010_GO_7_12640_90000000247","JOSE RODRIGUES DE LIMA NETO","em_exercicio","https://transparencia.al.go.leg.br/api/transparencia/remuneracoes?ano=2015&mes=1&vinculo=DEPUTADOS&remuneracao_anterior=true","{""""ano"""": 2015, """"mes"""": 1, """"nome"""": """"JOSE RODRIGUES DE LIMA NETO"""", """"cargo"""": """"DEP. EST.   PDT"""", """"vinculo"""": """"DEPUTADOS"""", """"status"""": null, """"remuneracao_bruta"""": """"20042.0""""}","portal_casa","brutos/folha/folha_deputados_2015_01.json","alta","data_raw/assembleias3/GO/composicao_final.csv",TRUE
"GO","2010","2015-01-31","M2010_GO_7_13188_90000000345","LUIS CESAR BUENO E FREITAS","em_exercicio","https://transparencia.al.go.leg.br/api/transparencia/remuneracoes?ano=2015&mes=1&vinculo=DEPUTADOS&remuneracao_anterior=true","{""""ano"""": 2015, """"mes"""": 1, """"nome"""": """"LUIS CESAR BUENO E FREITAS"""", """"cargo"""": """"DEP. EST.    PT"""", """"vinculo"""": """"DEPUTADOS"""", """"status"""": null, """"remuneracao_bruta"""": """"20042.0""""}","portal_casa","brutos/folha/folha_deputados_2015_01.json","alta","data_raw/assembleias3/GO/composicao_final.csv",TRUE
"GO","2010","2015-01-31","M2010_GO_7_13230_90000000343","KARLOS MARCIO VIEIRA CABRAL","em_exercicio","https://transparencia.al.go.leg.br/api/transparencia/remuneracoes?ano=2015&mes=1&vinculo=DEPUTADOS&remuneracao_anterior=true","{""""ano"""": 2015, """"mes"""": 1, """"nome"""": """"KARLOS MARCIO VIEIRA CABRAL"""", """"cargo"""": """"DEP. EST.    PT"""", """"vinculo"""": """"DEPUTADOS"""", """"status"""": null, """"remuneracao_bruta"""": """"20042.0""""}","portal_casa","brutos/folha/folha_deputados_2015_01.json","alta","data_raw/assembleias3/GO/composicao_final.csv",TRUE
"GO","2010","2015-01-31","M2010_GO_7_13789_90000000349","MAURO RUBEM DE MENEZES JONAS","em_exercicio","https://transparencia.al.go.leg.br/api/transparencia/remuneracoes?ano=2015&mes=1&vinculo=DEPUTADOS&remuneracao_anterior=true","{""""ano"""": 2015, """"mes"""": 1, """"nome"""": """"MAURO RUBEM DE MENEZES JONAS"""", """"cargo"""": """"DEP. EST.    PT"""", """"vinculo"""": """"DEPUTADOS"""", """"status"""": null, """"remuneracao_bruta"""": """"20042.0""""}","portal_casa","brutos/folha/folha_deputados_2015_01.json","alta","data_raw/assembleias3/GO/composicao_final.csv",TRUE
"GO","2010","2015-01-31","M2010_GO_7_13800_90000000341","JOSE HUMBERTO AIDAR","em_exercicio","https://transparencia.al.go.leg.br/api/transparencia/remuneracoes?ano=2015&mes=1&vinculo=DEPUTADOS&remuneracao_anterior=true","{""""ano"""": 2015, """"mes"""": 1, """"nome"""": """"JOSE HUMBERTO AIDAR"""", """"cargo"""": """"DEP. EST.    PT"""", """"vinculo"""": """"DEPUTADOS"""", """"status"""": null, """"remuneracao_bruta"""": """"20042.0""""}","portal_casa","brutos/folha/folha_deputados_2015_01.json","alta","data_raw/assembleias3/GO/composicao_final.csv",TRUE
"GO","2010","2015-01-31","M2010_GO_7_14141_90000000304","HENRIQUE PAULISTA ARANTES","em_exercicio","https://transparencia.al.go.leg.br/api/transparencia/remuneracoes?ano=2015&mes=1&vinculo=DEPUTADOS&remuneracao_anterior=true","{""""ano"""": 2015, """"mes"""": 1, """"nome"""": """"HENRIQUE PAULISTA ARANTES"""", """"cargo"""": """"DEP. EST.   PTB"""", """"vinculo"""": """"DEPUTADOS"""", """"status"""": null, """"remuneracao_bruta"""": """"20042.0""""}","portal_casa","brutos/folha/folha_deputados_2015_01.json","alta","data_raw/assembleias3/GO/composicao_final.csv",TRUE
"GO","2010","2015-01-31","M2010_GO_7_14800_90000000318","VALCENOR BRAZ DE QUEIROZ","em_exercicio","https://transparencia.al.go.leg.br/api/transparencia/remuneracoes?ano=2015&mes=1&vinculo=DEPUTADOS&remuneracao_anterior=true","{""""ano"""": 2015, """"mes"""": 1, """"nome"""": """"VALCENOR BRAZ DE QUEIROZ"""", """"cargo"""": """"DEP. EST.   PTB"""", """"vinculo"""": """"DEPUTADOS"""", """"status"""": null, """"remuneracao_bruta"""": """"20042.0""""}","portal_casa","brutos/folha/folha_deputados_2015_01.json","alta","data_raw/assembleias3/GO/composicao_final.csv",TRUE
"GO","2010","2015-01-31","M2010_GO_7_15010_90000000682","DANIEL ELIAS CARVALHO VILELA","em_exercicio","https://transparencia.al.go.leg.br/api/transparencia/remuneracoes?ano=2015&mes=1&vinculo=DEPUTADOS&remuneracao_anterior=true","{""""ano"""": 2015, """"mes"""": 1, """"nome"""": """"DANIEL ELIAS CARVALHO VILELA"""", """"cargo"""": """"DEP. EST.  PMDB"""", """"vinculo"""": """"DEPUTADOS"""", """"status"""": null, """"remuneracao_bruta"""": """"20042.0""""}","portal_casa","brutos/folha/folha_deputados_2015_01.json","alta","data_raw/assembleias3/GO/composicao_final.csv",TRUE
"GO","2010","2015-01-31","M2010_GO_7_15015_90000000708","SAMUEL PACHECO MOURA BELCHIOR","em_exercicio","https://transparencia.al.go.leg.br/api/transparencia/remuneracoes?ano=2015&mes=1&vinculo=DEPUTADOS&remuneracao_anterior=true","{""""ano"""": 2015, """"mes"""": 1, """"nome"""": """"SAMUEL PACHECO MOURA BELCHIOR"""", """"cargo"""": """"DEP. EST.  PMDB"""", """"vinculo"""": """"DEPUTADOS"""", """"status"""": null, """"remuneracao_bruta"""": """"20042.0""""}","portal_casa","brutos/folha/folha_deputados_2015_01.json","alta","data_raw/assembleias3/GO/composicao_final.csv",TRUE
"GO","2010","2015-01-31","M2010_GO_7_15100_90000000694","LUIZ CARLOS DO CARMO","em_exercicio","https://transparencia.al.go.leg.br/api/transparencia/remuneracoes?ano=2015&mes=1&vinculo=DEPUTADOS&remuneracao_anterior=true","{""""ano"""": 2015, """"mes"""": 1, """"nome"""": """"LUIZ CARLOS DO CARMO"""", """"cargo"""": """"DEP. EST.  PMDB"""", """"vinculo"""": """"DEPUTADOS"""", """"status"""": null, """"remuneracao_bruta"""": """"20042.0""""}","portal_casa","brutos/folha/folha_deputados_2015_01.json","alta","data_raw/assembleias3/GO/composicao_final.csv",TRUE
"GO","2010","2015-01-31","M2010_GO_7_15200_90000000713","WOLNEY WAGNER DE SIQUEIRA JUNIOR","em_exercicio","https://transparencia.al.go.leg.br/api/transparencia/remuneracoes?ano=2015&mes=1&vinculo=DEPUTADOS&remuneracao_anterior=true","{""""ano"""": 2015, """"mes"""": 1, """"nome"""": """"WOLNEY WAGNER DE SIQUEIRA JUNIOR"""", """"cargo"""": """"DEP. EST.  PMDB"""", """"vinculo"""": """"DEPUTADOS"""", """"status"""": null, """"remuneracao_bruta"""": """"20042.0""""}","portal_casa","brutos/folha/folha_deputados_2015_01.json","alta","data_raw/assembleias3/GO/composicao_final.csv",TRUE
"GO","2010","2015-01-31","M2010_GO_7_15215_90000000687","FRANCISCO RODRIGUES VALE JUNIOR","em_exercicio","https://transparencia.al.go.leg.br/api/transparencia/remuneracoes?ano=2015&mes=1&vinculo=DEPUTADOS&remuneracao_anterior=true","{""""ano"""": 2015, """"mes"""": 1, """"nome"""": """"FRANCISCO RODRIGUES VALE JUNIOR"""", """"cargo"""": """"DEP. EST. PSD"""", """"vinculo"""": """"DEPUTADOS"""", """"status"""": null, """"remuneracao_bruta"""": """"20042.0""""}","portal_casa","brutos/folha/folha_deputados_2015_01.json","alta","data_raw/assembleias3/GO/composicao_final.csv",TRUE
"GO","2010","2015-01-31","M2010_GO_7_15601_90000000702","PAULO CEZAR MARTINS","em_exercicio","https://transparencia.al.go.leg.br/api/transparencia/remuneracoes?ano=2015&mes=1&vinculo=DEPUTADOS&remuneracao_anterior=true","{""""ano"""": 2015, """"mes"""": 1, """"nome"""": """"PAULO CEZAR MARTINS"""", """"cargo"""": """"DEP. EST.  PMDB"""", """"vinculo"""": """"DEPUTADOS"""", """"status"""": null, """"remuneracao_bruta"""": """"20042.0""""}","portal_casa","brutos/folha/folha_deputados_2015_01.json","alta","data_raw/assembleias3/GO/composicao_final.csv",TRUE
"GO","2010","2015-01-31","M2010_GO_7_15700_90000000679","BRUNO REGIANY PEIXOTO PIMENTA","em_exercicio","https://transparencia.al.go.leg.br/api/transparencia/remuneracoes?ano=2015&mes=1&vinculo=DEPUTADOS&remuneracao_anterior=true","{""""ano"""": 2015, """"mes"""": 1, """"nome"""": """"BRUNO REGIANY PEIXOTO PIMENTA"""", """"cargo"""": """"DEP. EST.  PMDB"""", """"vinculo"""": """"DEPUTADOS"""", """"status"""": null, """"remuneracao_bruta"""": """"20042.0""""}","portal_casa","brutos/folha/folha_deputados_2015_01.json","alta","data_raw/assembleias3/GO/composicao_final.csv",TRUE
"GO","2010","2015-01-31","M2010_GO_7_15888_90000000700","NELIO FORTUNATO DE OLIVEIRA","em_exercicio","https://transparencia.al.go.leg.br/api/transparencia/remuneracoes?ano=2015&mes=1&vinculo=DEPUTADOS&remuneracao_anterior=true","{""""ano"""": 2015, """"mes"""": 1, """"nome"""": """"NELIO FORTUNATO DE OLIVEIRA"""", """"cargo"""": """"DEP. EST.  PMDB"""", """"vinculo"""": """"DEPUTADOS"""", """"status"""": null, """"remuneracao_bruta"""": """"20042.0""""}","portal_casa","brutos/folha/folha_deputados_2015_01.json","alta","data_raw/assembleias3/GO/composicao_final.csv",TRUE
"GO","2010","2015-01-31","M2010_GO_7_19000_90000000531","FRANCISCO ANTONIO DE CARVALHO GEDDA","em_exercicio","https://transparencia.al.go.leg.br/api/transparencia/remuneracoes?ano=2015&mes=1&vinculo=DEPUTADOS&remuneracao_anterior=true","{""""ano"""": 2015, """"mes"""": 1, """"nome"""": """"FRANCISCO ANTONIO DE CARVALHO GEDDA"""", """"cargo"""": """"DEP. EST. PTN"""", """"vinculo"""": """"DEPUTADOS"""", """"status"""": null, """"remuneracao_bruta"""": """"20042.0""""}","portal_casa","brutos/folha/folha_deputados_2015_01.json","alta","data_raw/assembleias3/GO/composicao_final.csv",TRUE
"GO","2010","2015-01-31","M2010_GO_7_19456_90000000532","FREDERICO FONSECA NASCIMENTO","em_exercicio","https://transparencia.al.go.leg.br/api/transparencia/remuneracoes?ano=2015&mes=1&vinculo=DEPUTADOS&remuneracao_anterior=true","{""""ano"""": 2015, """"mes"""": 1, """"nome"""": """"FREDERICO FONSECA NASCIMENTO"""", """"cargo"""": """"DEP. EST. PSD"""", """"vinculo"""": """"DEPUTADOS"""", """"status"""": null, """"remuneracao_bruta"""": """"20042.0""""}","portal_casa","brutos/folha/folha_deputados_2015_01.json","alta","data_raw/assembleias3/GO/composicao_final.csv",TRUE
"GO","2010","2015-01-31","M2010_GO_7_20013_90000000229","CARLOS ANTONIO DE SOUSA COSTA","em_exercicio","https://transparencia.al.go.leg.br/api/transparencia/remuneracoes?ano=2015&mes=1&vinculo=DEPUTADOS&remuneracao_anterior=true","{""""ano"""": 2015, """"mes"""": 1, """"nome"""": """"CARLOS ANTONIO DE SOUSA COSTA"""", """"cargo"""": """"DEP. EST. SDD"""", """"vinculo"""": """"DEPUTADOS"""", """"status"""": null, """"remuneracao_bruta"""": """"20042.0""""}","portal_casa","brutos/folha/folha_deputados_2015_01.json","alta","data_raw/assembleias3/GO/composicao_final.csv",TRUE
"GO","2010","2015-01-31","M2010_GO_7_22122_90000000514","ALVARO SOARES GUIMARAES","em_exercicio","https://transparencia.al.go.leg.br/api/transparencia/remuneracoes?ano=2015&mes=1&vinculo=DEPUTADOS&remuneracao_anterior=true","{""""ano"""": 2015, """"mes"""": 1, """"nome"""": """"ALVARO SOARES GUIMARAES"""", """"cargo"""": """"DEP. EST.  PSDB"""", """"vinculo"""": """"DEPUTADOS"""", """"status"""": null, """"remuneracao_bruta"""": """"20042.0""""}","portal_casa","brutos/folha/folha_deputados_2015_01.json","alta","data_raw/assembleias3/GO/composicao_final.csv",TRUE
"GO","2010","2015-01-31","M2010_GO_7_22456_90000000483","ADEMIR DE OLIVEIRA MENEZES","em_exercicio","https://transparencia.al.go.leg.br/api/transparencia/remuneracoes?ano=2015&mes=1&vinculo=DEPUTADOS&remuneracao_anterior=true","{""""ano"""": 2015, """"mes"""": 1, """"nome"""": """"ADEMIR DE OLIVEIRA MENEZES"""", """"cargo"""": """"DEP. EST. PSD"""", """"vinculo"""": """"DEPUTADOS"""", """"status"""": null, """"remuneracao_bruta"""": """"22892.0""""}","portal_casa","brutos/folha/folha_deputados_2015_01.json","alta","data_raw/assembleias3/GO/composicao_final.csv",TRUE
"GO","2010","2015-01-31","M2010_GO_7_22690_90000000492","CLAUDIO OLINTO MEIRELLES","em_exercicio","https://transparencia.al.go.leg.br/api/transparencia/remuneracoes?ano=2015&mes=1&vinculo=DEPUTADOS&remuneracao_anterior=true","{""""ano"""": 2015, """"mes"""": 1, """"nome"""": """"CLAUDIO OLINTO MEIRELLES"""", """"cargo"""": """"DEP. EST.  PSDB"""", """"vinculo"""": """"DEPUTADOS"""", """"status"""": null, """"remuneracao_bruta"""": """"20042.0""""}","portal_casa","brutos/folha/folha_deputados_2015_01.json","alta","data_raw/assembleias3/GO/composicao_final.csv",TRUE
"GO","2010","2015-01-31","M2010_GO_7_23145_90000000725","JOAQUIM ALVES DE CASTRO NETO","licenciado","https://transparencia.al.go.leg.br/api/transparencia/remuneracoes?ano=2015&mes=1&vinculo=DEPUTADOS&remuneracao_anterior=true","{""""ano"""": 2015, """"mes"""": 1, """"nome"""": """"JOAQUIM ALVES DE CASTRO NETO"""", """"cargo"""": """"DEP. EST. PSD"""", """"vinculo"""": """"DEPUTADOS"""", """"status"""": null, """"remuneracao_bruta"""": """"20042.0""""}","portal_casa","brutos/folha/folha_deputados_2015_01.json","media","data_raw/assembleias3/GO/composicao_final.csv",TRUE
"GO","2010","2015-01-31","M2010_GO_7_25111_90000000051","HELIO ANTONIO DE SOUSA","em_exercicio","https://transparencia.al.go.leg.br/api/transparencia/remuneracoes?ano=2015&mes=1&vinculo=DEPUTADOS&remuneracao_anterior=true","{""""ano"""": 2015, """"mes"""": 1, """"nome"""": """"HELIO ANTONIO DE SOUSA"""", """"cargo"""": """"DEP. EST.   DEM"""", """"vinculo"""": """"DEPUTADOS"""", """"status"""": null, """"remuneracao_bruta"""": """"30063.0""""}","portal_casa","brutos/folha/folha_deputados_2015_01.json","alta","data_raw/assembleias3/GO/composicao_final.csv",TRUE
"GO","2010","2015-01-31","M2010_GO_7_28123_90000000651","JOSE ANTONIO VITTI","em_exercicio","https://transparencia.al.go.leg.br/api/transparencia/remuneracoes?ano=2015&mes=1&vinculo=DEPUTADOS&remuneracao_anterior=true","{""""ano"""": 2015, """"mes"""": 1, """"nome"""": """"JOSE ANTONIO VITTI"""", """"cargo"""": """"DEP. EST.  PSDB"""", """"vinculo"""": """"DEPUTADOS"""", """"status"""": null, """"remuneracao_bruta"""": """"20042.0""""}","portal_casa","brutos/folha/folha_deputados_2015_01.json","alta","data_raw/assembleias3/GO/composicao_final.csv",TRUE
"GO","2010","2015-01-31","M2010_GO_7_33789_90000000015","ELIAS MONTEIRO LIMA","em_exercicio","https://transparencia.al.go.leg.br/api/transparencia/remuneracoes?ano=2015&mes=1&vinculo=DEPUTADOS&remuneracao_anterior=true","{""""ano"""": 2015, """"mes"""": 1, """"nome"""": """"ELIAS MONTEIRO LIMA"""", """"cargo"""": """"DEP. EST. PMN"""", """"vinculo"""": """"DEPUTADOS"""", """"status"""": null, """"remuneracao_bruta"""": """"20042.0""""}","portal_casa","brutos/folha/folha_deputados_2015_01.json","alta","data_raw/assembleias3/GO/composicao_final.csv",TRUE
"GO","2010","2015-01-31","M2010_GO_7_45100_90000000073","TULIO ISAC CARNEIRO","em_exercicio","https://transparencia.al.go.leg.br/api/transparencia/remuneracoes?ano=2015&mes=1&vinculo=DEPUTADOS&remuneracao_anterior=true","{""""ano"""": 2015, """"mes"""": 1, """"nome"""": """"TULIO ISAC CARNEIRO"""", """"cargo"""": """"DEP. EST.  PSDB"""", """"vinculo"""": """"DEPUTADOS"""", """"status"""": null, """"remuneracao_bruta"""": """"20042.0""""}","portal_casa","brutos/folha/folha_deputados_2015_01.json","alta","data_raw/assembleias3/GO/composicao_final.csv",TRUE
"GO","2010","2015-01-31","M2010_GO_7_45123_90000000048","FABIO FERNANDES DE SOUSA","em_exercicio","https://transparencia.al.go.leg.br/api/transparencia/remuneracoes?ano=2015&mes=1&vinculo=DEPUTADOS&remuneracao_anterior=true","{""""ano"""": 2015, """"mes"""": 1, """"nome"""": """"FABIO FERNANDES DE SOUSA"""", """"cargo"""": """"DEP. EST.  PSDB"""", """"vinculo"""": """"DEPUTADOS"""", """"status"""": null, """"remuneracao_bruta"""": """"20042.0""""}","portal_casa","brutos/folha/folha_deputados_2015_01.json","alta","data_raw/assembleias3/GO/composicao_final.csv",TRUE
"GO","2010","2015-01-31","M2010_GO_7_45645_90000000072","SONIA CHAVES DE FREITAS CARVALHO NASCIMENTO","em_exercicio","https://transparencia.al.go.leg.br/api/transparencia/remuneracoes?ano=2015&mes=1&vinculo=DEPUTADOS&remuneracao_anterior=true","{""""ano"""": 2015, """"mes"""": 1, """"nome"""": """"SONIA CHAVES DE FREITAS CARVALHO NASCIMENTO"""", """"cargo"""": """"DEP. EST.  PSDB"""", """"vinculo"""": """"DEPUTADOS"""", """"status"""": null, """"remuneracao_bruta"""": """"20042.0""""}","portal_casa","brutos/folha/folha_deputados_2015_01.json","alta","data_raw/assembleias3/GO/composicao_final.csv",TRUE
"GO","2010","2015-01-31","M2010_GO_7_45690_90000000042","DANIEL MESSAC DE MORAIS","em_exercicio","https://transparencia.al.go.leg.br/api/transparencia/remuneracoes?ano=2015&mes=1&vinculo=DEPUTADOS&remuneracao_anterior=true","{""""ano"""": 2015, """"mes"""": 1, """"nome"""": """"DANIEL MESSAC DE MORAIS"""", """"cargo"""": """"DEP. EST.  PSDB"""", """"vinculo"""": """"DEPUTADOS"""", """"status"""": null, """"remuneracao_bruta"""": """"20042.0""""}","portal_casa","brutos/folha/folha_deputados_2015_01.json","alta","data_raw/assembleias3/GO/composicao_final.csv",TRUE
"GO","2010","2015-01-31","M2010_GO_7_45780_90000000039","ALOISIO MOREIRA DOS SANTOS","em_exercicio","https://transparencia.al.go.leg.br/api/transparencia/remuneracoes?ano=2015&mes=1&vinculo=DEPUTADOS&remuneracao_anterior=true","{""""ano"""": 2015, """"mes"""": 1, """"nome"""": """"ALOISIO MOREIRA DOS SANTOS"""", """"cargo"""": """"DEP. EST.  PSDB"""", """"vinculo"""": """"DEPUTADOS"""", """"status"""": null, """"remuneracao_bruta"""": """"22892.0""""}","portal_casa","brutos/folha/folha_deputados_2015_01.json","alta","data_raw/assembleias3/GO/composicao_final.csv",TRUE
"GO","2010","2015-01-31","M2010_GO_7_70777_90000000729","LINCOLN GRAZIANI PEREIRA DA ROCHA","em_exercicio","https://transparencia.al.go.leg.br/api/transparencia/remuneracoes?ano=2015&mes=1&vinculo=DEPUTADOS&remuneracao_anterior=true","{""""ano"""": 2015, """"mes"""": 1, """"nome"""": """"LINCOLN GRAZIANI PEREIRA DA ROCHA"""", """"cargo"""": """"DEP. EST. PSD"""", """"vinculo"""": """"DEPUTADOS"""", """"status"""": null, """"remuneracao_bruta"""": """"20042.0""""}","portal_casa","brutos/folha/folha_deputados_2015_01.json","alta","data_raw/assembleias3/GO/composicao_final.csv",TRUE
"GO","2014","2019-01-31","M2014_GO_7_10123_90000000573","JEFERSON RODRIGUES LEMOS","em_exercicio","https://transparencia.al.go.leg.br/api/transparencia/remuneracoes?ano=2019&mes=1&vinculo=DEPUTADOS&remuneracao_anterior=true","{""""ano"""": 2019, """"mes"""": 1, """"nome"""": """"JEFERSON RODRIGUES LEMOS"""", """"cargo"""": """"DEP. EST. PRB"""", """"vinculo"""": """"DEPUTADOS"""", """"status"""": """" """", """"remuneracao_bruta"""": """"25322.2""""}","portal_casa","brutos/folha/folha_deputados_2019_01.json","alta","data_raw/assembleias3/GO/composicao_final.csv",TRUE
"GO","2014","2019-01-31","M2014_GO_7_12012_90000000372","ANTONIO CARLOS CAETANO DE MORAIS","em_exercicio","https://transparencia.al.go.leg.br/api/transparencia/remuneracoes?ano=2019&mes=1&vinculo=DEPUTADOS&remuneracao_anterior=true","{""""ano"""": 2019, """"mes"""": 1, """"nome"""": """"ANTONIO CARLOS CAETANO DE MORAIS"""", """"cargo"""": """"DEP. EST.   DEM"""", """"vinculo"""": """"DEPUTADOS"""", """"status"""": """" """", """"remuneracao_bruta"""": """"25322.2""""}","portal_casa","brutos/folha/folha_deputados_2019_01.json","alta","data_raw/assembleias3/GO/composicao_final.csv",TRUE
"GO","2014","2019-01-31","M2014_GO_7_13123_90000000326","ADRIANA SAUTHIER ACCORSI","em_exercicio","https://transparencia.al.go.leg.br/api/transparencia/remuneracoes?ano=2019&mes=1&vinculo=DEPUTADOS&remuneracao_anterior=true","{""""ano"""": 2019, """"mes"""": 1, """"nome"""": """"ADRIANA SAUTHIER ACCORSI"""", """"cargo"""": """"DEP. EST.    PT"""", """"vinculo"""": """"DEPUTADOS"""", """"status"""": """" """", """"remuneracao_bruta"""": """"25322.2""""}","portal_casa","brutos/folha/folha_deputados_2019_01.json","alta","data_raw/assembleias3/GO/composicao_final.csv",TRUE
"GO","2014","2019-01-31","M2014_GO_7_13188_90000000320","LUIS CESAR BUENO E FREITAS","em_exercicio","https://transparencia.al.go.leg.br/api/transparencia/remuneracoes?ano=2019&mes=1&vinculo=DEPUTADOS&remuneracao_anterior=true","{""""ano"""": 2019, """"mes"""": 1, """"nome"""": """"LUIS CESAR BUENO E FREITAS"""", """"cargo"""": """"DEP. EST.    PT"""", """"vinculo"""": """"DEPUTADOS"""", """"status"""": """" """", """"remuneracao_bruta"""": """"25322.2""""}","portal_casa","brutos/folha/folha_deputados_2019_01.json","alta","data_raw/assembleias3/GO/composicao_final.csv",TRUE
"GO","2014","2019-01-31","M2014_GO_7_13800_90000000317","JOSE HUMBERTO AIDAR","em_exercicio","https://transparencia.al.go.leg.br/api/transparencia/remuneracoes?ano=2019&mes=1&vinculo=DEPUTADOS&remuneracao_anterior=true","{""""ano"""": 2019, """"mes"""": 1, """"nome"""": """"JOSE HUMBERTO AIDAR"""", """"cargo"""": """"DEP. EST.  MDB"""", """"vinculo"""": """"DEPUTADOS"""", """"status"""": """" """", """"remuneracao_bruta"""": """"25322.2""""}","portal_casa","brutos/folha/folha_deputados_2019_01.json","alta","data_raw/assembleias3/GO/composicao_final.csv",TRUE
"GO","2014","2019-01-31","M2014_GO_7_14123_90000000927","TALLES ALVES BARRETO","em_exercicio","https://transparencia.al.go.leg.br/api/transparencia/remuneracoes?ano=2019&mes=1&vinculo=DEPUTADOS&remuneracao_anterior=true","{""""ano"""": 2019, """"mes"""": 1, """"nome"""": """"TALLES ALVES BARRETO"""", """"cargo"""": """"DEP. EST.  PSDB"""", """"vinculo"""": """"DEPUTADOS"""", """"status"""": """"LICENCA PARA ATIVIDADE POLITICA"""", """"remuneracao_bruta"""": """"25322.2""""}","portal_casa","brutos/folha/folha_deputados_2019_01.json","alta","data_raw/assembleias3/GO/composicao_final.csv",TRUE
"GO","2014","2019-01-31","M2014_GO_7_14133_90000000922","MARLUCIO PEREIRA DA SILVA","em_exercicio","https://transparencia.al.go.leg.br/api/transparencia/remuneracoes?ano=2019&mes=1&vinculo=DEPUTADOS&remuneracao_anterior=true","{""""ano"""": 2019, """"mes"""": 1, """"nome"""": """"MARLUCIO PEREIRA DA SILVA"""", """"cargo"""": """"DEP. EST. PRB"""", """"vinculo"""": """"DEPUTADOS"""", """"status"""": """" """", """"remuneracao_bruta"""": """"25322.2""""}","portal_casa","brutos/folha/folha_deputados_2019_01.json","alta","data_raw/assembleias3/GO/composicao_final.csv",TRUE
"GO","2014","2019-01-31","M2014_GO_7_14141_90000000914","HENRIQUE PAULISTA ARANTES","em_exercicio","https://transparencia.al.go.leg.br/api/transparencia/remuneracoes?ano=2019&mes=1&vinculo=DEPUTADOS&remuneracao_anterior=true","{""""ano"""": 2019, """"mes"""": 1, """"nome"""": """"HENRIQUE PAULISTA ARANTES"""", """"cargo"""": """"DEP. EST.   PTB"""", """"vinculo"""": """"DEPUTADOS"""", """"status"""": """" """", """"remuneracao_bruta"""": """"25322.2""""}","portal_casa","brutos/folha/folha_deputados_2019_01.json","alta","data_raw/assembleias3/GO/composicao_final.csv",TRUE
"GO","2014","2019-01-31","M2014_GO_7_15123_90000000659","JOSE NELTO LAGARES DAS MERCEZ","em_exercicio","https://transparencia.al.go.leg.br/api/transparencia/remuneracoes?ano=2019&mes=1&vinculo=DEPUTADOS&remuneracao_anterior=true","{""""ano"""": 2019, """"mes"""": 1, """"nome"""": """"JOSE NELTO LAGARES DAS MERCEZ"""", """"cargo"""": """"DEP. EST. PODEMOS"""", """"vinculo"""": """"DEPUTADOS"""", """"status"""": """" """", """"remuneracao_bruta"""": """"25322.2""""}","portal_casa","brutos/folha/folha_deputados_2019_01.json","alta","data_raw/assembleias3/GO/composicao_final.csv",TRUE
"GO","2014","2019-01-31","M2014_GO_7_15601_90000000661","PAULO CEZAR MARTINS","em_exercicio","https://transparencia.al.go.leg.br/api/transparencia/remuneracoes?ano=2019&mes=1&vinculo=DEPUTADOS&remuneracao_anterior=true","{""""ano"""": 2019, """"mes"""": 1, """"nome"""": """"PAULO CEZAR MARTINS"""", """"cargo"""": """"DEP. EST.  MDB"""", """"vinculo"""": """"DEPUTADOS"""", """"status"""": """" """", """"remuneracao_bruta"""": """"25322.2""""}","portal_casa","brutos/folha/folha_deputados_2019_01.json","alta","data_raw/assembleias3/GO/composicao_final.csv",TRUE
"GO","2014","2019-01-31","M2014_GO_7_15700_90000000662","BRUNO REGIANY PEIXOTO PIMENTA","em_exercicio","https://transparencia.al.go.leg.br/api/transparencia/remuneracoes?ano=2019&mes=1&vinculo=DEPUTADOS&remuneracao_anterior=true","{""""ano"""": 2019, """"mes"""": 1, """"nome"""": """"BRUNO REGIANY PEIXOTO PIMENTA"""", """"cargo"""": """"DEP. EST.  MDB"""", """"vinculo"""": """"DEPUTADOS"""", """"status"""": """" """", """"remuneracao_bruta"""": """"25322.2""""}","portal_casa","brutos/folha/folha_deputados_2019_01.json","alta","data_raw/assembleias3/GO/composicao_final.csv",TRUE
"GO","2014","2019-01-31","M2014_GO_7_17000_90000000442","LUCAS PINHEIRO BRANDAO CALIL","em_exercicio","https://transparencia.al.go.leg.br/api/transparencia/remuneracoes?ano=2019&mes=1&vinculo=DEPUTADOS&remuneracao_anterior=true","{""""ano"""": 2019, """"mes"""": 1, """"nome"""": """"LUCAS PINHEIRO BRANDAO CALIL"""", """"cargo"""": """"DEP. EST.   PSD"""", """"vinculo"""": """"DEPUTADOS"""", """"status"""": """"LICENCA PARA ATIVIDADE POLITICA"""", """"remuneracao_bruta"""": """"25322.2""""}","portal_casa","brutos/folha/folha_deputados_2019_01.json","alta","data_raw/assembleias3/GO/composicao_final.csv",TRUE
"GO","2014","2019-01-31","M2014_GO_7_20012_90000000125","SIMEYZON SINELIZ FERNANDES DA SILVEIRA","em_exercicio","https://transparencia.al.go.leg.br/api/transparencia/remuneracoes?ano=2019&mes=1&vinculo=DEPUTADOS&remuneracao_anterior=true","{""""ano"""": 2019, """"mes"""": 1, """"nome"""": """"SIMEYZON SINELIZ FERNANDES DA SILVEIRA"""", """"cargo"""": """"DEP. EST.   PSD"""", """"vinculo"""": """"DEPUTADOS"""", """"status"""": """" """", """"remuneracao_bruta"""": """"25322.2""""}","portal_casa","brutos/folha/folha_deputados_2019_01.json","alta","data_raw/assembleias3/GO/composicao_final.csv",TRUE
"GO","2014","2019-01-31","M2014_GO_7_22122_90000000942","ALVARO SOARES GUIMARAES","em_exercicio","https://transparencia.al.go.leg.br/api/transparencia/remuneracoes?ano=2019&mes=1&vinculo=DEPUTADOS&remuneracao_anterior=true","{""""ano"""": 2019, """"mes"""": 1, """"nome"""": """"ALVARO SOARES GUIMARAES"""", """"cargo"""": """"DEP. EST.   DEM"""", """"vinculo"""": """"DEPUTADOS"""", """"status"""": """" """", """"remuneracao_bruta"""": """"25322.2""""}","portal_casa","brutos/folha/folha_deputados_2019_01.json","alta","data_raw/assembleias3/GO/composicao_final.csv",TRUE
"GO","2014","2019-01-31","M2014_GO_7_22690_90000000934","CLAUDIO OLINTO MEIRELLES","em_exercicio","https://transparencia.al.go.leg.br/api/transparencia/remuneracoes?ano=2019&mes=1&vinculo=DEPUTADOS&remuneracao_anterior=true","{""""ano"""": 2019, """"mes"""": 1, """"nome"""": """"CLAUDIO OLINTO MEIRELLES"""", """"cargo"""": """"DEP. EST. PTC"""", """"vinculo"""": """"DEPUTADOS"""", """"status"""": """" """", """"remuneracao_bruta"""": """"25322.2""""}","portal_casa","brutos/folha/folha_deputados_2019_01.json","alta","data_raw/assembleias3/GO/composicao_final.csv",TRUE
"GO","2014","2019-01-31","M2014_GO_7_25111_90000000642","HELIO ANTONIO DE SOUSA","em_exercicio","https://transparencia.al.go.leg.br/api/transparencia/remuneracoes?ano=2019&mes=1&vinculo=DEPUTADOS&remuneracao_anterior=true","{""""ano"""": 2019, """"mes"""": 1, """"nome"""": """"HELIO ANTONIO DE SOUSA"""", """"cargo"""": """"DEP. EST.  PSDB"""", """"vinculo"""": """"DEPUTADOS"""", """"status"""": """" """", """"remuneracao_bruta"""": """"25322.2""""}","portal_casa","brutos/folha/folha_deputados_2019_01.json","alta","data_raw/assembleias3/GO/composicao_final.csv",TRUE
"GO","2014","2019-01-31","M2014_GO_7_28600_90000000824","CHARLES BENTO EVANGELISTA","em_exercicio","https://transparencia.al.go.leg.br/api/transparencia/remuneracoes?ano=2019&mes=1&vinculo=DEPUTADOS&remuneracao_anterior=true","{""""ano"""": 2019, """"mes"""": 1, """"nome"""": """"CHARLES BENTO EVANGELISTA"""", """"cargo"""": """"DEP. EST. PRTB"""", """"vinculo"""": """"DEPUTADOS"""", """"status"""": """" """", """"remuneracao_bruta"""": """"25322.2""""}","portal_casa","brutos/folha/folha_deputados_2019_01.json","alta","data_raw/assembleias3/GO/composicao_final.csv",TRUE
"GO","2014","2019-01-31","M2014_GO_7_31221_90000000529","JEAN CARLO DOS SANTOS","em_exercicio","https://transparencia.al.go.leg.br/api/transparencia/remuneracoes?ano=2019&mes=1&vinculo=DEPUTADOS&remuneracao_anterior=true","{""""ano"""": 2019, """"mes"""": 1, """"nome"""": """"JEAN CARLO DOS SANTOS"""", """"cargo"""": """"DEP. EST.  PSDB"""", """"vinculo"""": """"DEPUTADOS"""", """"status"""": """" """", """"remuneracao_bruta"""": """"25322.2""""}","portal_casa","brutos/folha/folha_deputados_2019_01.json","alta","data_raw/assembleias3/GO/composicao_final.csv",TRUE
"GO","2014","2019-01-31","M2014_GO_7_31789_90000000542","FRANCISCO SOBRINHO DE OLIVEIRA","em_exercicio","https://transparencia.al.go.leg.br/api/transparencia/remuneracoes?ano=2019&mes=1&vinculo=DEPUTADOS&remuneracao_anterior=true","{""""ano"""": 2019, """"mes"""": 1, """"nome"""": """"FRANCISCO SOBRINHO DE OLIVEIRA"""", """"cargo"""": """"DEP. EST.  PSDB"""", """"vinculo"""": """"DEPUTADOS"""", """"status"""": """" """", """"remuneracao_bruta"""": """"25322.2""""}","portal_casa","brutos/folha/folha_deputados_2019_01.json","alta","data_raw/assembleias3/GO/composicao_final.csv",TRUE
"GO","2014","2019-01-31","M2014_GO_7_33456_90000000399","ELIANE GONCALVES PINHEIRO","em_exercicio","https://transparencia.al.go.leg.br/api/transparencia/remuneracoes?ano=2019&mes=1&vinculo=DEPUTADOS&remuneracao_anterior=true","{""""ano"""": 2019, """"mes"""": 1, """"nome"""": """"ELIANE GONCALVES PINHEIRO"""", """"cargo"""": """"DEP. EST.  PSDB"""", """"vinculo"""": """"DEPUTADOS"""", """"status"""": """" """", """"remuneracao_bruta"""": """"25322.2""""}","portal_casa","brutos/folha/folha_deputados_2019_01.json","alta","data_raw/assembleias3/GO/composicao_final.csv",TRUE
"GO","2014","2019-01-31","M2014_GO_7_44190_90000000101","JUNIO ALVES DE ARAUJO","em_exercicio","https://transparencia.al.go.leg.br/api/transparencia/remuneracoes?ano=2019&mes=1&vinculo=DEPUTADOS&remuneracao_anterior=true","{""""ano"""": 2019, """"mes"""": 1, """"nome"""": """"JUNIO ALVES DE ARAUJO"""", """"cargo"""": """"DEP. EST. PRP"""", """"vinculo"""": """"DEPUTADOS"""", """"status"""": """" """", """"remuneracao_bruta"""": """"25322.2""""}","portal_casa","brutos/folha/folha_deputados_2019_01.json","alta","data_raw/assembleias3/GO/composicao_final.csv",TRUE
"GO","2014","2019-01-31","M2014_GO_7_45000_90000001010","MARCO AURELIO DE SENE PALMERSTON XAVIER","em_exercicio","https://transparencia.al.go.leg.br/api/transparencia/remuneracoes?ano=2019&mes=1&vinculo=DEPUTADOS&remuneracao_anterior=true","{""""ano"""": 2019, """"mes"""": 1, """"nome"""": """"MARCO AURELIO DE SENE PALMERSTON XAVIER"""", """"cargo"""": """"DEP. EST.  PSDB"""", """"vinculo"""": """"DEPUTADOS"""", """"status"""": """" """", """"remuneracao_bruta"""": """"25322.2""""}","portal_casa","brutos/folha/folha_deputados_2019_01.json","alta","data_raw/assembleias3/GO/composicao_final.csv",TRUE
"GO","2014","2019-01-31","M2014_GO_7_45045_90000001001","LEDA BORGES DE MOURA","em_exercicio","https://transparencia.al.go.leg.br/api/transparencia/remuneracoes?ano=2019&mes=1&vinculo=DEPUTADOS&remuneracao_anterior=true","{""""ano"""": 2019, """"mes"""": 1, """"nome"""": """"LEDA BORGES DE MOURA"""", """"cargo"""": """"DEP. EST.  PSDB"""", """"vinculo"""": """"DEPUTADOS"""", """"status"""": """"LICENCA PARA ATIVIDADE POLITICA"""", """"remuneracao_bruta"""": """"25322.2""""}","portal_casa","brutos/folha/folha_deputados_2019_01.json","alta","data_raw/assembleias3/GO/composicao_final.csv",TRUE
"GO","2014","2019-01-31","M2014_GO_7_45111_90000000995","MANOEL JOSE DE OLIVEIRA","em_exercicio","https://transparencia.al.go.leg.br/api/transparencia/remuneracoes?ano=2019&mes=1&vinculo=DEPUTADOS&remuneracao_anterior=true","{""""ano"""": 2019, """"mes"""": 1, """"nome"""": """"MANOEL JOSE DE OLIVEIRA"""", """"cargo"""": """"DEP. EST.  PSDB"""", """"vinculo"""": """"DEPUTADOS"""", """"status"""": """" """", """"remuneracao_bruta"""": """"25322.2""""}","portal_casa","brutos/folha/folha_deputados_2019_01.json","alta","data_raw/assembleias3/GO/composicao_final.csv",TRUE
"GO","2014","2019-01-31","M2014_GO_7_45222_90000001014","GUSTAVO KOPPAN FAIAD SEBBA","em_exercicio","https://transparencia.al.go.leg.br/api/transparencia/remuneracoes?ano=2019&mes=1&vinculo=DEPUTADOS&remuneracao_anterior=true","{""""ano"""": 2019, """"mes"""": 1, """"nome"""": """"GUSTAVO KOPPAN FAIAD SEBBA"""", """"cargo"""": """"DEP. EST.  PSDB"""", """"vinculo"""": """"DEPUTADOS"""", """"status"""": """" """", """"remuneracao_bruta"""": """"25322.2""""}","portal_casa","brutos/folha/folha_deputados_2019_01.json","alta","data_raw/assembleias3/GO/composicao_final.csv",TRUE
"GO","2014","2019-01-31","M2014_GO_7_45321_90000000932","NEDIO LEITE ASSUNCAO","em_exercicio","https://transparencia.al.go.leg.br/api/transparencia/remuneracoes?ano=2019&mes=1&vinculo=DEPUTADOS&remuneracao_anterior=true","{""""ano"""": 2019, """"mes"""": 1, """"nome"""": """"NEDIO LEITE ASSUNCAO"""", """"cargo"""": """"DEP. EST.  PSDB"""", """"vinculo"""": """"DEPUTADOS"""", """"status"""": """" """", """"remuneracao_bruta"""": """"25322.2""""}","portal_casa","brutos/folha/folha_deputados_2019_01.json","alta","data_raw/assembleias3/GO/composicao_final.csv",TRUE
"GO","2014","2019-01-31","M2014_GO_7_45678_90000001015","JOSE ANTONIO VITTI","em_exercicio","https://transparencia.al.go.leg.br/api/transparencia/remuneracoes?ano=2019&mes=1&vinculo=DEPUTADOS&remuneracao_anterior=true","{""""ano"""": 2019, """"mes"""": 1, """"nome"""": """"JOSE ANTONIO VITTI"""", """"cargo"""": """"DEP. EST.  PSDB"""", """"vinculo"""": """"DEPUTADOS"""", """"status"""": """" """", """"remuneracao_bruta"""": """"25322.2""""}","portal_casa","brutos/folha/folha_deputados_2019_01.json","alta","data_raw/assembleias3/GO/composicao_final.csv",TRUE
"GO","2014","2019-01-31","M2014_GO_7_45780_90000001018","ALOISIO MOREIRA DOS SANTOS","em_exercicio","https://transparencia.al.go.leg.br/api/transparencia/remuneracoes?ano=2019&mes=1&vinculo=DEPUTADOS&remuneracao_anterior=true","{""""ano"""": 2019, """"mes"""": 1, """"nome"""": """"ALOISIO MOREIRA DOS SANTOS"""", """"cargo"""": """"DEP. EST.   DEM"""", """"vinculo"""": """"DEPUTADOS"""", """"status"""": """" """", """"remuneracao_bruta"""": """"25322.2""""}","portal_casa","brutos/folha/folha_deputados_2019_01.json","alta","data_raw/assembleias3/GO/composicao_final.csv",TRUE
"GO","2014","2019-01-31","M2014_GO_7_55000_90000000960","LISSAUER VIEIRA","em_exercicio","https://transparencia.al.go.leg.br/api/transparencia/remuneracoes?ano=2019&mes=1&vinculo=DEPUTADOS&remuneracao_anterior=true","{""""ano"""": 2019, """"mes"""": 1, """"nome"""": """"LISSAUER VIEIRA"""", """"cargo"""": """"DEP. EST.   PSB"""", """"vinculo"""": """"DEPUTADOS"""", """"status"""": """" """", """"remuneracao_bruta"""": """"25322.2""""}","portal_casa","brutos/folha/folha_deputados_2019_01.json","alta","data_raw/assembleias3/GO/composicao_final.csv",TRUE
"GO","2014","2019-01-31","M2014_GO_7_55123_90000000970","VIRMONDES BORGES CRUVINEL FILHO","em_exercicio","https://transparencia.al.go.leg.br/api/transparencia/remuneracoes?ano=2019&mes=1&vinculo=DEPUTADOS&remuneracao_anterior=true","{""""ano"""": 2019, """"mes"""": 1, """"nome"""": """"VIRMONDES BORGES CRUVINEL FILHO"""", """"cargo"""": """"DEP. EST.   PPS"""", """"vinculo"""": """"DEPUTADOS"""", """"status"""": """" """", """"remuneracao_bruta"""": """"25322.2""""}","portal_casa","brutos/folha/folha_deputados_2019_01.json","alta","data_raw/assembleias3/GO/composicao_final.csv",TRUE
"GO","2014","2019-01-31","M2014_GO_7_55255_90000000951","FRANCISCO RODRIGUES VALE JUNIOR","em_exercicio","https://transparencia.al.go.leg.br/api/transparencia/remuneracoes?ano=2019&mes=1&vinculo=DEPUTADOS&remuneracao_anterior=true","{""""ano"""": 2019, """"mes"""": 1, """"nome"""": """"FRANCISCO RODRIGUES VALE JUNIOR"""", """"cargo"""": """"DEP. EST. PSD"""", """"vinculo"""": """"DEPUTADOS"""", """"status"""": """" """", """"remuneracao_bruta"""": """"25322.2""""}","portal_casa","brutos/folha/folha_deputados_2019_01.json","alta","data_raw/assembleias3/GO/composicao_final.csv",TRUE
"GO","2014","2019-01-31","M2014_GO_7_55333_90000000947","DIEGO VAZ SORGATO","em_exercicio","https://transparencia.al.go.leg.br/api/transparencia/remuneracoes?ano=2019&mes=1&vinculo=DEPUTADOS&remuneracao_anterior=true","{""""ano"""": 2019, """"mes"""": 1, """"nome"""": """"DIEGO VAZ SORGATO"""", """"cargo"""": """"DEP. EST.  PSDB"""", """"vinculo"""": """"DEPUTADOS"""", """"status"""": """" """", """"remuneracao_bruta"""": """"25322.2""""}","portal_casa","brutos/folha/folha_deputados_2019_01.json","alta","data_raw/assembleias3/GO/composicao_final.csv",TRUE
"GO","2014","2019-01-31","M2014_GO_7_65123_90000000781","MARIA ISAURA LEMOS","em_exercicio","https://transparencia.al.go.leg.br/api/transparencia/remuneracoes?ano=2019&mes=1&vinculo=DEPUTADOS&remuneracao_anterior=true","{""""ano"""": 2019, """"mes"""": 1, """"nome"""": """"MARIA ISAURA LEMOS"""", """"cargo"""": """"DEP. EST. PCdoB"""", """"vinculo"""": """"DEPUTADOS"""", """"status"""": """" """", """"remuneracao_bruta"""": """"25322.2""""}","portal_casa","brutos/folha/folha_deputados_2019_01.json","alta","data_raw/assembleias3/GO/composicao_final.csv",TRUE
"GO","2014","2019-01-31","M2014_GO_7_77123_90000000783","CARLOS ANTONIO DE SOUSA COSTA","em_exercicio","https://transparencia.al.go.leg.br/api/transparencia/remuneracoes?ano=2019&mes=1&vinculo=DEPUTADOS&remuneracao_anterior=true","{""""ano"""": 2019, """"mes"""": 1, """"nome"""": """"CARLOS ANTONIO DE SOUSA COSTA"""", """"cargo"""": """"DEP. EST.   PTB"""", """"vinculo"""": """"DEPUTADOS"""", """"status"""": """" """", """"remuneracao_bruta"""": """"25322.2""""}","portal_casa","brutos/folha/folha_deputados_2019_01.json","alta","data_raw/assembleias3/GO/composicao_final.csv",TRUE
"GO","2014","2019-01-31","M2014_GO_7_90111_90000001039","SERGIO DE SOUZA BRAVO","em_exercicio","https://transparencia.al.go.leg.br/api/transparencia/remuneracoes?ano=2019&mes=1&vinculo=DEPUTADOS&remuneracao_anterior=true","{""""ano"""": 2019, """"mes"""": 1, """"nome"""": """"SERGIO DE SOUZA BRAVO"""", """"cargo"""": """"DEP. EST. PROS."""", """"vinculo"""": """"DEPUTADOS"""", """"status"""": """" """", """"remuneracao_bruta"""": """"25322.2""""}","portal_casa","brutos/folha/folha_deputados_2019_01.json","alta","data_raw/assembleias3/GO/composicao_final.csv",TRUE
"GO","2018","2023-01-31","M2018_GO_7_10010_90000610565","ALYSSON FRANCISCO DE LIMA","em_exercicio","https://transparencia.al.go.leg.br/api/transparencia/remuneracoes?ano=2023&mes=1&vinculo=DEPUTADOS&remuneracao_anterior=true","{""""ano"""": 2023, """"mes"""": 1, """"nome"""": """"ALYSSON FRANCISCO DE LIMA"""", """"cargo"""": """"DEPUTADO ESTADUAL"""", """"vinculo"""": """"DEPUTADOS"""", """"status"""": """" """", """"remuneracao_bruta"""": """"29469.99""""}","portal_casa","brutos/folha/folha_deputados_2023_01.json","alta","data_raw/assembleias3/GO/composicao_final.csv",TRUE
"GO","2018","2023-01-31","M2018_GO_7_10123_90000610569","JEFERSON RODRIGUES LEMOS","em_exercicio","https://transparencia.al.go.leg.br/api/transparencia/remuneracoes?ano=2023&mes=1&vinculo=DEPUTADOS&remuneracao_anterior=true","{""""ano"""": 2023, """"mes"""": 1, """"nome"""": """"JEFERSON RODRIGUES LEMOS"""", """"cargo"""": """"DEPUTADO ESTADUAL"""", """"vinculo"""": """"DEPUTADOS"""", """"status"""": """" """", """"remuneracao_bruta"""": """"29469.99""""}","portal_casa","brutos/folha/folha_deputados_2023_01.json","alta","data_raw/assembleias3/GO/composicao_final.csv",TRUE
"GO","2018","2023-01-31","M2018_GO_7_11900_90000618348","ADAILTON FLORENTINO DO NASCIMENTO","em_exercicio","https://transparencia.al.go.leg.br/api/transparencia/remuneracoes?ano=2023&mes=1&vinculo=DEPUTADOS&remuneracao_anterior=true","{""""ano"""": 2023, """"mes"""": 1, """"nome"""": """"ADAILTON FLORENTINO DO NASCIMENTO"""", """"cargo"""": """"DEPUTADO ESTADUAL"""", """"vinculo"""": """"DEPUTADOS"""", """"status"""": """" """", """"remuneracao_bruta"""": """"29469.99""""}","portal_casa","brutos/folha/folha_deputados_2023_01.json","alta","data_raw/assembleias3/GO/composicao_final.csv",TRUE
"GO","2018","2023-01-31","M2018_GO_7_12456_90000624219","KARLOS MARCIO VIEIRA CABRAL","em_exercicio","https://transparencia.al.go.leg.br/api/transparencia/remuneracoes?ano=2023&mes=1&vinculo=DEPUTADOS&remuneracao_anterior=true","{""""ano"""": 2023, """"mes"""": 1, """"nome"""": """"KARLOS MARCIO VIEIRA CABRAL"""", """"cargo"""": """"DEPUTADO ESTADUAL"""", """"vinculo"""": """"DEPUTADOS"""", """"status"""": """" """", """"remuneracao_bruta"""": """"29469.99""""}","portal_casa","brutos/folha/folha_deputados_2023_01.json","alta","data_raw/assembleias3/GO/composicao_final.csv",TRUE
"GO","2018","2023-01-31","M2018_GO_7_13123_90000619098","ADRIANA SAUTHIER ACCORSI","em_exercicio","https://transparencia.al.go.leg.br/api/transparencia/remuneracoes?ano=2023&mes=1&vinculo=DEPUTADOS&remuneracao_anterior=true","{""""ano"""": 2023, """"mes"""": 1, """"nome"""": """"ADRIANA SAUTHIER ACCORSI"""", """"cargo"""": """"DEPUTADO ESTADUAL"""", """"vinculo"""": """"DEPUTADOS"""", """"status"""": """" """", """"remuneracao_bruta"""": """"29469.99""""}","portal_casa","brutos/folha/folha_deputados_2023_01.json","alta","data_raw/assembleias3/GO/composicao_final.csv",TRUE
"GO","2018","2023-01-31","M2018_GO_7_13456_90000619100","ANTONIO ROBERTO OTONI GOMIDE","em_exercicio","https://transparencia.al.go.leg.br/api/transparencia/remuneracoes?ano=2023&mes=1&vinculo=DEPUTADOS&remuneracao_anterior=true","{""""ano"""": 2023, """"mes"""": 1, """"nome"""": """"ANTONIO ROBERTO OTONI GOMIDE"""", """"cargo"""": """"DEPUTADO ESTADUAL"""", """"vinculo"""": """"DEPUTADOS"""", """"status"""": """" """", """"remuneracao_bruta"""": """"29469.99""""}","portal_casa","brutos/folha/folha_deputados_2023_01.json","alta","data_raw/assembleias3/GO/composicao_final.csv",TRUE
"GO","2018","2023-01-31","M2018_GO_7_14141_90000615128","HENRIQUE PAULISTA ARANTES","em_exercicio","https://transparencia.al.go.leg.br/api/transparencia/remuneracoes?ano=2023&mes=1&vinculo=DEPUTADOS&remuneracao_anterior=true","{""""ano"""": 2023, """"mes"""": 1, """"nome"""": """"HENRIQUE PAULISTA ARANTES"""", """"cargo"""": """"DEPUTADO ESTADUAL"""", """"vinculo"""": """"DEPUTADOS"""", """"status"""": """" """", """"remuneracao_bruta"""": """"29469.99""""}","portal_casa","brutos/folha/folha_deputados_2023_01.json","alta","data_raw/assembleias3/GO/composicao_final.csv",TRUE
"GO","2018","2023-01-31","M2018_GO_7_15601_90000610592","PAULO CEZAR MARTINS","em_exercicio","https://transparencia.al.go.leg.br/api/transparencia/remuneracoes?ano=2023&mes=1&vinculo=DEPUTADOS&remuneracao_anterior=true","{""""ano"""": 2023, """"mes"""": 1, """"nome"""": """"PAULO CEZAR MARTINS"""", """"cargo"""": """"DEPUTADO ESTADUAL"""", """"vinculo"""": """"DEPUTADOS"""", """"status"""": """" """", """"remuneracao_bruta"""": """"29469.99""""}","portal_casa","brutos/folha/folha_deputados_2023_01.json","alta","data_raw/assembleias3/GO/composicao_final.csv",TRUE
"GO","2018","2023-01-31","M2018_GO_7_15700_90000610597","BRUNO REGIANY PEIXOTO PIMENTA","em_exercicio","https://transparencia.al.go.leg.br/api/transparencia/remuneracoes?ano=2023&mes=1&vinculo=DEPUTADOS&remuneracao_anterior=true","{""""ano"""": 2023, """"mes"""": 1, """"nome"""": """"BRUNO REGIANY PEIXOTO PIMENTA"""", """"cargo"""": """"DEPUTADO ESTADUAL"""", """"vinculo"""": """"DEPUTADOS"""", """"status"""": """" """", """"remuneracao_bruta"""": """"29469.99""""}","portal_casa","brutos/folha/folha_deputados_2023_01.json","alta","data_raw/assembleias3/GO/composicao_final.csv",TRUE
"GO","2018","2023-01-31","M2018_GO_7_17197_90000616708","HUMBERTO TEOFILO DE MENEZES NETO","em_exercicio","https://transparencia.al.go.leg.br/api/transparencia/remuneracoes?ano=2023&mes=1&vinculo=DEPUTADOS&remuneracao_anterior=true","{""""ano"""": 2023, """"mes"""": 1, """"nome"""": """"HUMBERTO TEOFILO DE MENEZES NETO"""", """"cargo"""": """"DEPUTADO ESTADUAL"""", """"vinculo"""": """"DEPUTADOS"""", """"status"""": """" """", """"remuneracao_bruta"""": """"29469.99""""}","portal_casa","brutos/folha/folha_deputados_2023_01.json","alta","data_raw/assembleias3/GO/composicao_final.csv",TRUE
"GO","2018","2023-01-31","M2018_GO_7_17400_90000616713","PAULO CEZAR KRAUSPENHAR","em_exercicio","https://transparencia.al.go.leg.br/api/transparencia/remuneracoes?ano=2023&mes=1&vinculo=DEPUTADOS&remuneracao_anterior=true","{""""ano"""": 2023, """"mes"""": 1, """"nome"""": """"PAULO CEZAR KRAUSPENHAR"""", """"cargo"""": """"DEPUTADO ESTADUAL"""", """"vinculo"""": """"DEPUTADOS"""", """"status"""": """" """", """"remuneracao_bruta"""": """"29469.99""""}","portal_casa","brutos/folha/folha_deputados_2023_01.json","alta","data_raw/assembleias3/GO/composicao_final.csv",TRUE
"GO","2018","2023-01-31","M2018_GO_7_20100_90000608300","HENRIQUE CESAR PEREIRA","em_exercicio","https://transparencia.al.go.leg.br/api/transparencia/remuneracoes?ano=2023&mes=1&vinculo=DEPUTADOS&remuneracao_anterior=true","{""""ano"""": 2023, """"mes"""": 1, """"nome"""": """"HENRIQUE CESAR PEREIRA"""", """"cargo"""": """"DEPUTADO ESTADUAL"""", """"vinculo"""": """"DEPUTADOS"""", """"status"""": """" """", """"remuneracao_bruta"""": """"29469.99""""}","portal_casa","brutos/folha/folha_deputados_2023_01.json","alta","data_raw/assembleias3/GO/composicao_final.csv",TRUE
"GO","2018","2023-01-31","M2018_GO_7_23123_90000620460","VIRMONDES BORGES CRUVINEL FILHO","em_exercicio","https://transparencia.al.go.leg.br/api/transparencia/remuneracoes?ano=2023&mes=1&vinculo=DEPUTADOS&remuneracao_anterior=true","{""""ano"""": 2023, """"mes"""": 1, """"nome"""": """"VIRMONDES BORGES CRUVINEL FILHO"""", """"cargo"""": """"DEPUTADO ESTADUAL"""", """"vinculo"""": """"DEPUTADOS"""", """"status"""": """" """", """"remuneracao_bruta"""": """"29469.99""""}","portal_casa","brutos/folha/folha_deputados_2023_01.json","alta","data_raw/assembleias3/GO/composicao_final.csv",TRUE
"GO","2018","2023-01-31","M2018_GO_7_25010_90000608270","FRANCISCO GRIMALDI DE LIMA","em_exercicio","https://transparencia.al.go.leg.br/api/transparencia/remuneracoes?ano=2023&mes=1&vinculo=DEPUTADOS&remuneracao_anterior=true","{""""ano"""": 2023, """"mes"""": 1, """"nome"""": """"FRANCISCO GRIMALDI DE LIMA"""", """"cargo"""": """"DEPUTADO ESTADUAL"""", """"vinculo"""": """"DEPUTADOS"""", """"status"""": """" """", """"remuneracao_bruta"""": """"29469.99""""}","portal_casa","brutos/folha/folha_deputados_2023_01.json","alta","data_raw/assembleias3/GO/composicao_final.csv",TRUE
"GO","2018","2023-01-31","M2018_GO_7_25025_90000608268","ANTONIO CARLOS CAETANO DE MORAES","em_exercicio","https://transparencia.al.go.leg.br/api/transparencia/remuneracoes?ano=2023&mes=1&vinculo=DEPUTADOS&remuneracao_anterior=true","{""""ano"""": 2023, """"mes"""": 1, """"nome"""": """"ANTONIO CARLOS CAETANO DE MORAES"""", """"cargo"""": """"DEPUTADO ESTADUAL"""", """"vinculo"""": """"DEPUTADOS"""", """"status"""": """" """", """"remuneracao_bruta"""": """"29469.99""""}","portal_casa","brutos/folha/folha_deputados_2023_01.json","alta","data_raw/assembleias3/GO/composicao_final.csv",TRUE
"GO","2018","2023-01-31","M2018_GO_7_25122_90000608252","ALVARO SOARES GUIMARAES","em_exercicio","https://transparencia.al.go.leg.br/api/transparencia/remuneracoes?ano=2023&mes=1&vinculo=DEPUTADOS&remuneracao_anterior=true","{""""ano"""": 2023, """"mes"""": 1, """"nome"""": """"ALVARO SOARES GUIMARAES"""", """"cargo"""": """"DEPUTADO ESTADUAL"""", """"vinculo"""": """"DEPUTADOS"""", """"status"""": """" """", """"remuneracao_bruta"""": """"29469.99""""}","portal_casa","brutos/folha/folha_deputados_2023_01.json","alta","data_raw/assembleias3/GO/composicao_final.csv",TRUE
"GO","2018","2023-01-31","M2018_GO_7_27123_90000618930","RAFAEL MAGALHAES DE GOUVEIA","em_exercicio","https://transparencia.al.go.leg.br/api/transparencia/remuneracoes?ano=2023&mes=1&vinculo=DEPUTADOS&remuneracao_anterior=true","{""""ano"""": 2023, """"mes"""": 1, """"nome"""": """"RAFAEL MAGALHAES DE GOUVEIA"""", """"cargo"""": """"DEPUTADO ESTADUAL"""", """"vinculo"""": """"DEPUTADOS"""", """"status"""": """" """", """"remuneracao_bruta"""": """"29469.99""""}","portal_casa","brutos/folha/folha_deputados_2023_01.json","alta","data_raw/assembleias3/GO/composicao_final.csv",TRUE
"GO","2018","2023-01-31","M2018_GO_7_27900_90000618884","JOSE ANTONIO PRADO NUNES CARVALHO","em_exercicio","https://transparencia.al.go.leg.br/api/transparencia/remuneracoes?ano=2023&mes=1&vinculo=DEPUTADOS&remuneracao_anterior=true","{""""ano"""": 2023, """"mes"""": 1, """"nome"""": """"JOSE ANTONIO PRADO NUNES CARVALHO"""", """"cargo"""": """"DEPUTADO ESTADUAL"""", """"vinculo"""": """"DEPUTADOS"""", """"status"""": """" """", """"remuneracao_bruta"""": """"29469.99""""}","portal_casa","brutos/folha/folha_deputados_2023_01.json","alta","data_raw/assembleias3/GO/composicao_final.csv",TRUE
"GO","2018","2023-01-31","M2018_GO_7_28028_90000610440","JULIO PINA NETO","em_exercicio","https://transparencia.al.go.leg.br/api/transparencia/remuneracoes?ano=2023&mes=1&vinculo=DEPUTADOS&remuneracao_anterior=true","{""""ano"""": 2023, """"mes"""": 1, """"nome"""": """"JULIO PINA NETO"""", """"cargo"""": """"DEPUTADO ESTADUAL"""", """"vinculo"""": """"DEPUTADOS"""", """"status"""": """" """", """"remuneracao_bruta"""": """"29469.99""""}","portal_casa","brutos/folha/folha_deputados_2023_01.json","alta","data_raw/assembleias3/GO/composicao_final.csv",TRUE
"GO","2018","2023-01-31","M2018_GO_7_28600_90000610441","CHARLES BENTO EVANGELISTA","em_exercicio","https://transparencia.al.go.leg.br/api/transparencia/remuneracoes?ano=2023&mes=1&vinculo=DEPUTADOS&remuneracao_anterior=true","{""""ano"""": 2023, """"mes"""": 1, """"nome"""": """"CHARLES BENTO EVANGELISTA"""", """"cargo"""": """"DEPUTADO ESTADUAL"""", """"vinculo"""": """"DEPUTADOS"""", """"status"""": """" """", """"remuneracao_bruta"""": """"29469.99""""}","portal_casa","brutos/folha/folha_deputados_2023_01.json","alta","data_raw/assembleias3/GO/composicao_final.csv",TRUE
"GO","2018","2023-01-31","M2018_GO_7_36690_90000608276","CLAUDIO OLINTO MEIRELLES","em_exercicio","https://transparencia.al.go.leg.br/api/transparencia/remuneracoes?ano=2023&mes=1&vinculo=DEPUTADOS&remuneracao_anterior=true","{""""ano"""": 2023, """"mes"""": 1, """"nome"""": """"CLAUDIO OLINTO MEIRELLES"""", """"cargo"""": """"DEPUTADO ESTADUAL"""", """"vinculo"""": """"DEPUTADOS"""", """"status"""": """" """", """"remuneracao_bruta"""": """"29469.99""""}","portal_casa","brutos/folha/folha_deputados_2023_01.json","alta","data_raw/assembleias3/GO/composicao_final.csv",TRUE
"GO","2018","2023-01-31","M2018_GO_7_40123_90000620444","LISSAUER VIEIRA","em_exercicio","https://transparencia.al.go.leg.br/api/transparencia/remuneracoes?ano=2023&mes=1&vinculo=DEPUTADOS&remuneracao_anterior=true","{""""ano"""": 2023, """"mes"""": 1, """"nome"""": """"LISSAUER VIEIRA"""", """"cargo"""": """"DEPUTADO ESTADUAL"""", """"vinculo"""": """"DEPUTADOS"""", """"status"""": """" """", """"remuneracao_bruta"""": """"29469.99""""}","portal_casa","brutos/folha/folha_deputados_2023_01.json","alta","data_raw/assembleias3/GO/composicao_final.csv",TRUE
"GO","2018","2023-01-31","M2018_GO_7_43444_90000621708","EDUARDO JOSE DO PRADO","em_exercicio","https://transparencia.al.go.leg.br/api/transparencia/remuneracoes?ano=2023&mes=1&vinculo=DEPUTADOS&remuneracao_anterior=true","{""""ano"""": 2023, """"mes"""": 1, """"nome"""": """"EDUARDO JOSE DO PRADO"""", """"cargo"""": """"DEPUTADO ESTADUAL"""", """"vinculo"""": """"DEPUTADOS"""", """"status"""": """" """", """"remuneracao_bruta"""": """"29469.99""""}","portal_casa","brutos/folha/folha_deputados_2023_01.json","alta","data_raw/assembleias3/GO/composicao_final.csv",TRUE
"GO","2018","2023-01-31","M2018_GO_7_44000_90000618659","AMAURI RIBEIRO","em_exercicio","https://transparencia.al.go.leg.br/api/transparencia/remuneracoes?ano=2023&mes=1&vinculo=DEPUTADOS&remuneracao_anterior=true","{""""ano"""": 2023, """"mes"""": 1, """"nome"""": """"AMAURI RIBEIRO"""", """"cargo"""": """"DEPUTADO ESTADUAL"""", """"vinculo"""": """"DEPUTADOS"""", """"status"""": """" """", """"remuneracao_bruta"""": """"29469.99""""}","portal_casa","brutos/folha/folha_deputados_2023_01.json","alta","data_raw/assembleias3/GO/composicao_final.csv",TRUE
"GO","2018","2023-01-31","M2018_GO_7_44190_90000618685","JUNIO ALVES DE ARAUJO","em_exercicio","https://transparencia.al.go.leg.br/api/transparencia/remuneracoes?ano=2023&mes=1&vinculo=DEPUTADOS&remuneracao_anterior=true","{""""ano"""": 2023, """"mes"""": 1, """"nome"""": """"JUNIO ALVES DE ARAUJO"""", """"cargo"""": """"DEPUTADO ESTADUAL"""", """"vinculo"""": """"DEPUTADOS"""", """"status"""": """" """", """"remuneracao_bruta"""": """"29469.99""""}","portal_casa","brutos/folha/folha_deputados_2023_01.json","alta","data_raw/assembleias3/GO/composicao_final.csv",TRUE
"GO","2018","2023-01-31","M2018_GO_7_45045_90000620423","LEDA BORGES DE MOURA","em_exercicio","https://transparencia.al.go.leg.br/api/transparencia/remuneracoes?ano=2023&mes=1&vinculo=DEPUTADOS&remuneracao_anterior=true","{""""ano"""": 2023, """"mes"""": 1, """"nome"""": """"LEDA BORGES DE MOURA"""", """"cargo"""": """"DEPUTADO ESTADUAL"""", """"vinculo"""": """"DEPUTADOS"""", """"status"""": """" """", """"remuneracao_bruta"""": """"29469.99""""}","portal_casa","brutos/folha/folha_deputados_2023_01.json","alta","data_raw/assembleias3/GO/composicao_final.csv",TRUE
"GO","2018","2023-01-31","M2018_GO_7_45123_90000620416","TALLES ALVES BARRETO","em_exercicio","https://transparencia.al.go.leg.br/api/transparencia/remuneracoes?ano=2023&mes=1&vinculo=DEPUTADOS&remuneracao_anterior=true","{""""ano"""": 2023, """"mes"""": 1, """"nome"""": """"TALLES ALVES BARRETO"""", """"cargo"""": """"DEPUTADO ESTADUAL"""", """"vinculo"""": """"DEPUTADOS"""", """"status"""": """" """", """"remuneracao_bruta"""": """"29469.99""""}","portal_casa","brutos/folha/folha_deputados_2023_01.json","alta","data_raw/assembleias3/GO/composicao_final.csv",TRUE
"GO","2018","2023-01-31","M2018_GO_7_45222_90000620431","GUSTAVO KOPPAN FAIAD SEBBA","em_exercicio","https://transparencia.al.go.leg.br/api/transparencia/remuneracoes?ano=2023&mes=1&vinculo=DEPUTADOS&remuneracao_anterior=true","{""""ano"""": 2023, """"mes"""": 1, """"nome"""": """"GUSTAVO KOPPAN FAIAD SEBBA"""", """"cargo"""": """"DEPUTADO ESTADUAL"""", """"vinculo"""": """"DEPUTADOS"""", """"status"""": """" """", """"remuneracao_bruta"""": """"29469.99""""}","portal_casa","brutos/folha/folha_deputados_2023_01.json","alta","data_raw/assembleias3/GO/composicao_final.csv",TRUE
"GO","2018","2023-01-31","M2018_GO_7_45555_90000620422","SEBASTIAO MONTEIRO GUIMARAES FILHO","em_exercicio","https://transparencia.al.go.leg.br/api/transparencia/remuneracoes?ano=2023&mes=1&vinculo=DEPUTADOS&remuneracao_anterior=true","{""""ano"""": 2023, """"mes"""": 1, """"nome"""": """"SEBASTIAO MONTEIRO GUIMARAES FILHO"""", """"cargo"""": """"DEPUTADO ESTADUAL"""", """"vinculo"""": """"DEPUTADOS"""", """"status"""": """" """", """"remuneracao_bruta"""": """"29469.99""""}","portal_casa","brutos/folha/folha_deputados_2023_01.json","alta","data_raw/assembleias3/GO/composicao_final.csv",TRUE
"GO","2018","2023-01-31","M2018_GO_7_45678_90000620428","HELIO ANTONIO DE SOUSA","em_exercicio","https://transparencia.al.go.leg.br/api/transparencia/remuneracoes?ano=2023&mes=1&vinculo=DEPUTADOS&remuneracao_anterior=true","{""""ano"""": 2023, """"mes"""": 1, """"nome"""": """"HELIO ANTONIO DE SOUSA"""", """"cargo"""": """"DEPUTADO ESTADUAL"""", """"vinculo"""": """"DEPUTADOS"""", """"status"""": """" """", """"remuneracao_bruta"""": """"29469.99""""}","portal_casa","brutos/folha/folha_deputados_2023_01.json","alta","data_raw/assembleias3/GO/composicao_final.csv",TRUE
"GO","2018","2023-01-31","M2018_GO_7_51123_90000620641","WAGNER CAMARGO NETO","licenciado","https://transparencia.al.go.leg.br/api/transparencia/remuneracoes?ano=2023&mes=1&vinculo=DEPUTADOS&remuneracao_anterior=true","{""""ano"""": 2023, """"mes"""": 1, """"nome"""": """"WAGNER CAMARGO NETO"""", """"cargo"""": """"DEPUTADO ESTADUAL"""", """"vinculo"""": """"DEPUTADOS"""", """"status"""": """"OUTROS MOTIVOS DE AFASTAMENTO"""", """"remuneracao_bruta"""": """"29469.99""""}","portal_casa","brutos/folha/folha_deputados_2023_01.json","media","data_raw/assembleias3/GO/composicao_final.csv",TRUE
"GO","2018","2023-01-31","M2018_GO_7_55000_90000615110","LUCAS PINHEIRO BRANDAO CALIL","em_exercicio","https://transparencia.al.go.leg.br/api/transparencia/remuneracoes?ano=2023&mes=1&vinculo=DEPUTADOS&remuneracao_anterior=true","{""""ano"""": 2023, """"mes"""": 1, """"nome"""": """"LUCAS PINHEIRO BRANDAO CALIL"""", """"cargo"""": """"DEPUTADO ESTADUAL"""", """"vinculo"""": """"DEPUTADOS"""", """"status"""": """" """", """"remuneracao_bruta"""": """"29469.99""""}","portal_casa","brutos/folha/folha_deputados_2023_01.json","alta","data_raw/assembleias3/GO/composicao_final.csv",TRUE
"GO","2018","2023-01-31","M2018_GO_7_55555_90000615118","WILDE LOPES RORIZ","em_exercicio","https://transparencia.al.go.leg.br/api/transparencia/remuneracoes?ano=2023&mes=1&vinculo=DEPUTADOS&remuneracao_anterior=true","{""""ano"""": 2023, """"mes"""": 1, """"nome"""": """"WILDE LOPES RORIZ"""", """"cargo"""": """"DEPUTADO ESTADUAL"""", """"vinculo"""": """"DEPUTADOS"""", """"status"""": """" """", """"remuneracao_bruta"""": """"29469.99""""}","portal_casa","brutos/folha/folha_deputados_2023_01.json","alta","data_raw/assembleias3/GO/composicao_final.csv",TRUE
"GO","2018","2023-01-31","M2018_GO_7_77077_90000602547","THIAGO ALBERNAZ PEREIRA","em_exercicio","https://transparencia.al.go.leg.br/api/transparencia/remuneracoes?ano=2023&mes=1&vinculo=DEPUTADOS&remuneracao_anterior=true","{""""ano"""": 2023, """"mes"""": 1, """"nome"""": """"THIAGO ALBERNAZ PEREIRA"""", """"cargo"""": """"DEPUTADO ESTADUAL"""", """"vinculo"""": """"DEPUTADOS"""", """"status"""": """" """", """"remuneracao_bruta"""": """"29469.99""""}","portal_casa","brutos/folha/folha_deputados_2023_01.json","alta","data_raw/assembleias3/GO/composicao_final.csv",TRUE
"GO","2018","2023-01-31","M2018_GO_7_77200_90000602572","AMILTON BATISTA DE FARIA FILHO","em_exercicio","https://transparencia.al.go.leg.br/api/transparencia/remuneracoes?ano=2023&mes=1&vinculo=DEPUTADOS&remuneracao_anterior=true","{""""ano"""": 2023, """"mes"""": 1, """"nome"""": """"AMILTON BATISTA DE FARIA FILHO"""", """"cargo"""": """"DEPUTADO ESTADUAL"""", """"vinculo"""": """"DEPUTADOS"""", """"status"""": """" """", """"remuneracao_bruta"""": """"29469.99""""}","portal_casa","brutos/folha/folha_deputados_2023_01.json","alta","data_raw/assembleias3/GO/composicao_final.csv",TRUE
"GO","2018","2023-01-31","M2018_GO_7_90500_90000607652","CAIRO SALIM MARCELINO LOPES","em_exercicio","https://transparencia.al.go.leg.br/api/transparencia/remuneracoes?ano=2023&mes=1&vinculo=DEPUTADOS&remuneracao_anterior=true","{""""ano"""": 2023, """"mes"""": 1, """"nome"""": """"CAIRO SALIM MARCELINO LOPES"""", """"cargo"""": """"DEPUTADO ESTADUAL"""", """"vinculo"""": """"DEPUTADOS"""", """"status"""": """" """", """"remuneracao_bruta"""": """"29469.99""""}","portal_casa","brutos/folha/folha_deputados_2023_01.json","alta","data_raw/assembleias3/GO/composicao_final.csv",TRUE
"GO","2018","2023-01-31","M2018_GO_7_90555_90000607667","RUBENS MARQUES VIEIRA DOS SANTOS","em_exercicio","https://transparencia.al.go.leg.br/api/transparencia/remuneracoes?ano=2023&mes=1&vinculo=DEPUTADOS&remuneracao_anterior=true","{""""ano"""": 2023, """"mes"""": 1, """"nome"""": """"RUBENS MARQUES VIEIRA DOS SANTOS"""", """"cargo"""": """"DEPUTADO ESTADUAL"""", """"vinculo"""": """"DEPUTADOS"""", """"status"""": """" """", """"remuneracao_bruta"""": """"29469.99""""}","portal_casa","brutos/folha/folha_deputados_2023_01.json","alta","data_raw/assembleias3/GO/composicao_final.csv",TRUE
"MT","1998","2003-01-01","M1998_MT_7_11133_110001107111331","José Carlos Freitas","em_exercicio","https://storage.al.mt.gov.br/api/v1/download/default/172429","Compareceram à Sessão os seguintes Srs. Deputados: da Bancada do Partido da Social Democracia Brasileira - Alencar Soares, Carlão Nascimento, Chico Daltro, Riva, Pedro Satélite e Rene Barbour; da Bancada do Bloco do PT/PPS - Serys Slhessarenko (PT); da Bancada do Bloco Democrático Liberal - Amador Tut (PL), Benedito Pinto (PSDB), Nico Baracat (PSB), J. Barreto (PL), Humberto Bosaipo (PL), José Carlos Freitas (PPB); da Bancada do Bloco Democrático - Campos Neto (PFL), Joaquim Sucena (PFL) e Silval Barbosa (PMDB).","portal_casa","brutos/almt/documentos/doc_172429.pdf","alta","data_raw/assembleias3/MT/composicao_final.csv",TRUE
"MT","1998","2003-01-01","M1998_MT_7_13131_110001107131311","Gilney Viana","licenciado","https://storage.al.mt.gov.br/api/v1/download/default/172429","Gilney Viana (PT) (LICENCIADO PARA PARTICIPAR DA EQUIPE DE TRANSIÇÃO DO PRESIDENTE ELEITO LUIZ INÁCIO LULA DA SILVA)","portal_casa","brutos/almt/documentos/doc_172429.pdf","alta","data_raw/assembleias3/MT/composicao_final.csv",TRUE
"MT","1998","2003-01-01","M1998_MT_7_13222_110001107132221","Serys Slhessarenko","em_exercicio","https://storage.al.mt.gov.br/api/v1/download/default/172429","Compareceram à Sessão os seguintes Srs. Deputados: da Bancada do Partido da Social Democracia Brasileira - Alencar Soares, Carlão Nascimento, Chico Daltro, Riva, Pedro Satélite e Rene Barbour; da Bancada do Bloco do PT/PPS - Serys Slhessarenko (PT); da Bancada do Bloco Democrático Liberal - Amador Tut (PL), Benedito Pinto (PSDB), Nico Baracat (PSB), J. Barreto (PL), Humberto Bosaipo (PL), José Carlos Freitas (PPB); da Bancada do Bloco Democrático - Campos Neto (PFL), Joaquim Sucena (PFL) e Silval Barbosa (PMDB).","portal_casa","brutos/almt/documentos/doc_172429.pdf","alta","data_raw/assembleias3/MT/composicao_final.csv",TRUE
"MT","1998","2003-01-01","M1998_MT_7_14111_110001107141111","Joaquim Sucena","em_exercicio","https://storage.al.mt.gov.br/api/v1/download/default/172429","Compareceram à Sessão os seguintes Srs. Deputados: da Bancada do Partido da Social Democracia Brasileira - Alencar Soares, Carlão Nascimento, Chico Daltro, Riva, Pedro Satélite e Rene Barbour; da Bancada do Bloco do PT/PPS - Serys Slhessarenko (PT); da Bancada do Bloco Democrático Liberal - Amador Tut (PL), Benedito Pinto (PSDB), Nico Baracat (PSB), J. Barreto (PL), Humberto Bosaipo (PL), José Carlos Freitas (PPB); da Bancada do Bloco Democrático - Campos Neto (PFL), Joaquim Sucena (PFL) e Silval Barbosa (PMDB).","portal_casa","brutos/almt/documentos/doc_172429.pdf","alta","data_raw/assembleias3/MT/composicao_final.csv",TRUE
"MT","1998","2003-01-01","M1998_MT_7_14140_110001107141401","Silval Barbosa","em_exercicio","https://storage.al.mt.gov.br/api/v1/download/default/172429","Compareceram à Sessão os seguintes Srs. Deputados: da Bancada do Partido da Social Democracia Brasileira - Alencar Soares, Carlão Nascimento, Chico Daltro, Riva, Pedro Satélite e Rene Barbour; da Bancada do Bloco do PT/PPS - Serys Slhessarenko (PT); da Bancada do Bloco Democrático Liberal - Amador Tut (PL), Benedito Pinto (PSDB), Nico Baracat (PSB), J. Barreto (PL), Humberto Bosaipo (PL), José Carlos Freitas (PPB); da Bancada do Bloco Democrático - Campos Neto (PFL), Joaquim Sucena (PFL) e Silval Barbosa (PMDB).","portal_casa","brutos/almt/documentos/doc_172429.pdf","alta","data_raw/assembleias3/MT/composicao_final.csv",TRUE
"MT","1998","2003-01-01","M1998_MT_7_15150_110001107151501","Nico Baracat","em_exercicio","https://storage.al.mt.gov.br/api/v1/download/default/172429","Compareceram à Sessão os seguintes Srs. Deputados: da Bancada do Partido da Social Democracia Brasileira - Alencar Soares, Carlão Nascimento, Chico Daltro, Riva, Pedro Satélite e Rene Barbour; da Bancada do Bloco do PT/PPS - Serys Slhessarenko (PT); da Bancada do Bloco Democrático Liberal - Amador Tut (PL), Benedito Pinto (PSDB), Nico Baracat (PSB), J. Barreto (PL), Humberto Bosaipo (PL), José Carlos Freitas (PPB); da Bancada do Bloco Democrático - Campos Neto (PFL), Joaquim Sucena (PFL) e Silval Barbosa (PMDB).","portal_casa","brutos/almt/documentos/doc_172429.pdf","alta","data_raw/assembleias3/MT/composicao_final.csv",TRUE
"MT","1998","2003-01-01","M1998_MT_7_15152_110001107151521","Zé Carlos do Pátio","em_exercicio","https://storage.al.mt.gov.br/api/v1/download/default/172429","Deixaram de comparecer os seguintes Srs. Deputados: Emanuel Pinheiro, do PDT; Carlos Brito (PPS) (LICENCIADO PARA EXERCER O CARGO DE SECRETÁRIO-CHEFE DA CASA CIVIL), Gilney Viana (PT) (LICENCIADO PARA PARTICIPAR DA EQUIPE DE TRANSIÇÃO DO PRESIDENTE ELEITO LUIZ INÁCIO LULA DA SILVA) e Jair Mariano (PPS) (LICENCIADO PARA EXERCER O CARGO DE PRESIDENTE DO INTERMAT), da Bancada do Bloco PT/PPS; Eliene (PSB) e Wilson Teixeira Dentinho (PSB), do Bloco Democrático Liberal; Moacir Pires (PFL) (LICENCIADO PARA EXERCER O CARGO DE SECRETÁRIO DE ESTADO DO MEIO AMBIENTE) e Zé Carlos do Pátio (PMDB), da Bancada do Bloco Democrático.","portal_casa","brutos/almt/documentos/doc_172429.pdf","alta","data_raw/assembleias3/MT/composicao_final.csv",TRUE
"MT","1998","2003-01-01","M1998_MT_7_15163_110001107151631","Pedro Satélite","em_exercicio","https://storage.al.mt.gov.br/api/v1/download/default/172429","Compareceram à Sessão os seguintes Srs. Deputados: da Bancada do Partido da Social Democracia Brasileira - Alencar Soares, Carlão Nascimento, Chico Daltro, Riva, Pedro Satélite e Rene Barbour; da Bancada do Bloco do PT/PPS - Serys Slhessarenko (PT); da Bancada do Bloco Democrático Liberal - Amador Tut (PL), Benedito Pinto (PSDB), Nico Baracat (PSB), J. Barreto (PL), Humberto Bosaipo (PL), José Carlos Freitas (PPB); da Bancada do Bloco Democrático - Campos Neto (PFL), Joaquim Sucena (PFL) e Silval Barbosa (PMDB).","portal_casa","brutos/almt/documentos/doc_172429.pdf","alta","data_raw/assembleias3/MT/composicao_final.csv",TRUE
"MT","1998","2003-01-01","M1998_MT_7_15666_110001107156661","Wilson Teixeira Dentinho","em_exercicio","https://storage.al.mt.gov.br/api/v1/download/default/172429","Deixaram de comparecer os seguintes Srs. Deputados: Emanuel Pinheiro, do PDT; Carlos Brito (PPS) (LICENCIADO PARA EXERCER O CARGO DE SECRETÁRIO-CHEFE DA CASA CIVIL), Gilney Viana (PT) (LICENCIADO PARA PARTICIPAR DA EQUIPE DE TRANSIÇÃO DO PRESIDENTE ELEITO LUIZ INÁCIO LULA DA SILVA) e Jair Mariano (PPS) (LICENCIADO PARA EXERCER O CARGO DE PRESIDENTE DO INTERMAT), da Bancada do Bloco PT/PPS; Eliene (PSB) e Wilson Teixeira Dentinho (PSB), do Bloco Democrático Liberal; Moacir Pires (PFL) (LICENCIADO PARA EXERCER O CARGO DE SECRETÁRIO DE ESTADO DO MEIO AMBIENTE) e Zé Carlos do Pátio (PMDB), da Bancada do Bloco Democrático.","portal_casa","brutos/almt/documentos/doc_172429.pdf","alta","data_raw/assembleias3/MT/composicao_final.csv",TRUE
"MT","1998","2003-01-01","M1998_MT_7_22123_110001107221231","J. Barreto","em_exercicio","https://storage.al.mt.gov.br/api/v1/download/default/172429","Compareceram à Sessão os seguintes Srs. Deputados: da Bancada do Partido da Social Democracia Brasileira - Alencar Soares, Carlão Nascimento, Chico Daltro, Riva, Pedro Satélite e Rene Barbour; da Bancada do Bloco do PT/PPS - Serys Slhessarenko (PT); da Bancada do Bloco Democrático Liberal - Amador Tut (PL), Benedito Pinto (PSDB), Nico Baracat (PSB), J. Barreto (PL), Humberto Bosaipo (PL), José Carlos Freitas (PPB); da Bancada do Bloco Democrático - Campos Neto (PFL), Joaquim Sucena (PFL) e Silval Barbosa (PMDB).","portal_casa","brutos/almt/documentos/doc_172429.pdf","alta","data_raw/assembleias3/MT/composicao_final.csv",TRUE
"MT","1998","2003-01-01","M1998_MT_7_22150_110001107221501","Amador Tut","em_exercicio","https://storage.al.mt.gov.br/api/v1/download/default/172429","Compareceram à Sessão os seguintes Srs. Deputados: da Bancada do Partido da Social Democracia Brasileira - Alencar Soares, Carlão Nascimento, Chico Daltro, Riva, Pedro Satélite e Rene Barbour; da Bancada do Bloco do PT/PPS - Serys Slhessarenko (PT); da Bancada do Bloco Democrático Liberal - Amador Tut (PL), Benedito Pinto (PSDB), Nico Baracat (PSB), J. Barreto (PL), Humberto Bosaipo (PL), José Carlos Freitas (PPB); da Bancada do Bloco Democrático - Campos Neto (PFL), Joaquim Sucena (PFL) e Silval Barbosa (PMDB).","portal_casa","brutos/almt/documentos/doc_172429.pdf","alta","data_raw/assembleias3/MT/composicao_final.csv",TRUE
"MT","1998","2003-01-01","M1998_MT_7_23110_110001107231101","Jair Mariano","licenciado","https://storage.al.mt.gov.br/api/v1/download/default/172429","Jair Mariano (PPS) (LICENCIADO PARA EXERCER O CARGO DE PRESIDENTE DO INTERMAT)","portal_casa","brutos/almt/documentos/doc_172429.pdf","alta","data_raw/assembleias3/MT/composicao_final.csv",TRUE
"MT","1998","2003-01-01","M1998_MT_7_25123_110001107251231","Moacir Pires","licenciado","https://storage.al.mt.gov.br/api/v1/download/default/172429","Moacir Pires (PFL) (LICENCIADO PARA EXERCER O CARGO DE SECRETÁRIO DE ESTADO DO MEIO AMBIENTE)","portal_casa","brutos/almt/documentos/doc_172429.pdf","alta","data_raw/assembleias3/MT/composicao_final.csv",TRUE
"MT","1998","2003-01-01","M1998_MT_7_25150_110001107251501","Humberto Bosaipo","em_exercicio","https://storage.al.mt.gov.br/api/v1/download/default/172429","Compareceram à Sessão os seguintes Srs. Deputados: da Bancada do Partido da Social Democracia Brasileira - Alencar Soares, Carlão Nascimento, Chico Daltro, Riva, Pedro Satélite e Rene Barbour; da Bancada do Bloco do PT/PPS - Serys Slhessarenko (PT); da Bancada do Bloco Democrático Liberal - Amador Tut (PL), Benedito Pinto (PSDB), Nico Baracat (PSB), J. Barreto (PL), Humberto Bosaipo (PL), José Carlos Freitas (PPB); da Bancada do Bloco Democrático - Campos Neto (PFL), Joaquim Sucena (PFL) e Silval Barbosa (PMDB).","portal_casa","brutos/almt/documentos/doc_172429.pdf","alta","data_raw/assembleias3/MT/composicao_final.csv",TRUE
"MT","1998","2003-01-01","M1998_MT_7_25225_110001107252251","Emanuel Pinheiro","em_exercicio","https://storage.al.mt.gov.br/api/v1/download/default/172429","Deixaram de comparecer os seguintes Srs. Deputados: Emanuel Pinheiro, do PDT; Carlos Brito (PPS) (LICENCIADO PARA EXERCER O CARGO DE SECRETÁRIO-CHEFE DA CASA CIVIL), Gilney Viana (PT) (LICENCIADO PARA PARTICIPAR DA EQUIPE DE TRANSIÇÃO DO PRESIDENTE ELEITO LUIZ INÁCIO LULA DA SILVA) e Jair Mariano (PPS) (LICENCIADO PARA EXERCER O CARGO DE PRESIDENTE DO INTERMAT), da Bancada do Bloco PT/PPS; Eliene (PSB) e Wilson Teixeira Dentinho (PSB), do Bloco Democrático Liberal; Moacir Pires (PFL) (LICENCIADO PARA EXERCER O CARGO DE SECRETÁRIO DE ESTADO DO MEIO AMBIENTE) e Zé Carlos do Pátio (PMDB), da Bancada do Bloco Democrático.","portal_casa","brutos/almt/documentos/doc_172429.pdf","alta","data_raw/assembleias3/MT/composicao_final.csv",TRUE
"MT","1998","2003-01-01","M1998_MT_7_25240_110001107252401","Benedito Pinto","em_exercicio","https://storage.al.mt.gov.br/api/v1/download/default/172429","Compareceram à Sessão os seguintes Srs. Deputados: da Bancada do Partido da Social Democracia Brasileira - Alencar Soares, Carlão Nascimento, Chico Daltro, Riva, Pedro Satélite e Rene Barbour; da Bancada do Bloco do PT/PPS - Serys Slhessarenko (PT); da Bancada do Bloco Democrático Liberal - Amador Tut (PL), Benedito Pinto (PSDB), Nico Baracat (PSB), J. Barreto (PL), Humberto Bosaipo (PL), José Carlos Freitas (PPB); da Bancada do Bloco Democrático - Campos Neto (PFL), Joaquim Sucena (PFL) e Silval Barbosa (PMDB).","portal_casa","brutos/almt/documentos/doc_172429.pdf","alta","data_raw/assembleias3/MT/composicao_final.csv",TRUE
"MT","1998","2003-01-01","M1998_MT_7_40140_110001107401401","Eliene","em_exercicio","https://storage.al.mt.gov.br/api/v1/download/default/172429","Deixaram de comparecer os seguintes Srs. Deputados: Emanuel Pinheiro, do PDT; Carlos Brito (PPS) (LICENCIADO PARA EXERCER O CARGO DE SECRETÁRIO-CHEFE DA CASA CIVIL), Gilney Viana (PT) (LICENCIADO PARA PARTICIPAR DA EQUIPE DE TRANSIÇÃO DO PRESIDENTE ELEITO LUIZ INÁCIO LULA DA SILVA) e Jair Mariano (PPS) (LICENCIADO PARA EXERCER O CARGO DE PRESIDENTE DO INTERMAT), da Bancada do Bloco PT/PPS; Eliene (PSB) e Wilson Teixeira Dentinho (PSB), do Bloco Democrático Liberal; Moacir Pires (PFL) (LICENCIADO PARA EXERCER O CARGO DE SECRETÁRIO DE ESTADO DO MEIO AMBIENTE) e Zé Carlos do Pátio (PMDB), da Bancada do Bloco Democrático.","portal_casa","brutos/almt/documentos/doc_172429.pdf","alta","data_raw/assembleias3/MT/composicao_final.csv",TRUE
"MT","1998","2003-01-01","M1998_MT_7_45000_110001107450001","Chico Daltro","em_exercicio","https://storage.al.mt.gov.br/api/v1/download/default/172429","Compareceram à Sessão os seguintes Srs. Deputados: da Bancada do Partido da Social Democracia Brasileira - Alencar Soares, Carlão Nascimento, Chico Daltro, Riva, Pedro Satélite e Rene Barbour; da Bancada do Bloco do PT/PPS - Serys Slhessarenko (PT); da Bancada do Bloco Democrático Liberal - Amador Tut (PL), Benedito Pinto (PSDB), Nico Baracat (PSB), J. Barreto (PL), Humberto Bosaipo (PL), José Carlos Freitas (PPB); da Bancada do Bloco Democrático - Campos Neto (PFL), Joaquim Sucena (PFL) e Silval Barbosa (PMDB).","portal_casa","brutos/almt/documentos/doc_172429.pdf","alta","data_raw/assembleias3/MT/composicao_final.csv",TRUE
"MT","1998","2003-01-01","M1998_MT_7_45100_110001107451001","Riva","em_exercicio","https://storage.al.mt.gov.br/api/v1/download/default/172429","Compareceram à Sessão os seguintes Srs. Deputados: da Bancada do Partido da Social Democracia Brasileira - Alencar Soares, Carlão Nascimento, Chico Daltro, Riva, Pedro Satélite e Rene Barbour; da Bancada do Bloco do PT/PPS - Serys Slhessarenko (PT); da Bancada do Bloco Democrático Liberal - Amador Tut (PL), Benedito Pinto (PSDB), Nico Baracat (PSB), J. Barreto (PL), Humberto Bosaipo (PL), José Carlos Freitas (PPB); da Bancada do Bloco Democrático - Campos Neto (PFL), Joaquim Sucena (PFL) e Silval Barbosa (PMDB).","portal_casa","brutos/almt/documentos/doc_172429.pdf","alta","data_raw/assembleias3/MT/composicao_final.csv",TRUE
"MT","1998","2003-01-01","M1998_MT_7_45111_110001107451111","Alencar Soares","em_exercicio","https://storage.al.mt.gov.br/api/v1/download/default/172429","Compareceram à Sessão os seguintes Srs. Deputados: da Bancada do Partido da Social Democracia Brasileira - Alencar Soares, Carlão Nascimento, Chico Daltro, Riva, Pedro Satélite e Rene Barbour; da Bancada do Bloco do PT/PPS - Serys Slhessarenko (PT); da Bancada do Bloco Democrático Liberal - Amador Tut (PL), Benedito Pinto (PSDB), Nico Baracat (PSB), J. Barreto (PL), Humberto Bosaipo (PL), José Carlos Freitas (PPB); da Bancada do Bloco Democrático - Campos Neto (PFL), Joaquim Sucena (PFL) e Silval Barbosa (PMDB).","portal_casa","brutos/almt/documentos/doc_172429.pdf","alta","data_raw/assembleias3/MT/composicao_final.csv",TRUE
"MT","1998","2003-01-01","M1998_MT_7_45200_110001107452001","Rene Barbour","em_exercicio","https://storage.al.mt.gov.br/api/v1/download/default/172429","Compareceram à Sessão os seguintes Srs. Deputados: da Bancada do Partido da Social Democracia Brasileira - Alencar Soares, Carlão Nascimento, Chico Daltro, Riva, Pedro Satélite e Rene Barbour; da Bancada do Bloco do PT/PPS - Serys Slhessarenko (PT); da Bancada do Bloco Democrático Liberal - Amador Tut (PL), Benedito Pinto (PSDB), Nico Baracat (PSB), J. Barreto (PL), Humberto Bosaipo (PL), José Carlos Freitas (PPB); da Bancada do Bloco Democrático - Campos Neto (PFL), Joaquim Sucena (PFL) e Silval Barbosa (PMDB).","portal_casa","brutos/almt/documentos/doc_172429.pdf","alta","data_raw/assembleias3/MT/composicao_final.csv",TRUE
"MT","1998","2003-01-01","M1998_MT_7_45645_110001107456451","Carlão Nascimento","em_exercicio","https://storage.al.mt.gov.br/api/v1/download/default/172429","Compareceram à Sessão os seguintes Srs. Deputados: da Bancada do Partido da Social Democracia Brasileira - Alencar Soares, Carlão Nascimento, Chico Daltro, Riva, Pedro Satélite e Rene Barbour; da Bancada do Bloco do PT/PPS - Serys Slhessarenko (PT); da Bancada do Bloco Democrático Liberal - Amador Tut (PL), Benedito Pinto (PSDB), Nico Baracat (PSB), J. Barreto (PL), Humberto Bosaipo (PL), José Carlos Freitas (PPB); da Bancada do Bloco Democrático - Campos Neto (PFL), Joaquim Sucena (PFL) e Silval Barbosa (PMDB).","portal_casa","brutos/almt/documentos/doc_172429.pdf","alta","data_raw/assembleias3/MT/composicao_final.csv",TRUE
"MT","1998","2003-01-01","M1998_MT_7_45678_110001107456781","Carlos Brito","licenciado","https://storage.al.mt.gov.br/api/v1/download/default/172429","Carlos Brito (PPS) (LICENCIADO PARA EXERCER O CARGO DE SECRETÁRIO-CHEFE DA CASA CIVIL)","portal_casa","brutos/almt/documentos/doc_172429.pdf","alta","data_raw/assembleias3/MT/composicao_final.csv",TRUE
"MT","2002","2007-01-01","M2002_MT_7_11133_96","José Carlos Freitas","em_exercicio","https://storage.al.mt.gov.br/api/v1/download/default/627230","Compareceram à Sessão os seguintes Srs. Deputados: da Bancada do Partido Popular Socialista - João Malheiros, Clóvis Roberto, Pedro Satélite, Renê Barbour, Sebastião Rezende e Sérgio Ricardo; da Bancada do Partido da Frente Liberal - Joaquim Sucena e Zeca D’Ávila; da Bancada do Partido Progressista - Campos Neto, Chico Daltro, Riva e Sebastião Rezende; da Bancada do Partido do Movimento Democrático Brasileiro - Zé Carlos do Pátio e Nataniel de Jesus; da Bancada do Partido dos Trabalhadores - Ságuas e Verinha Araújo; da Bancada do Partido Democrático Trabalhista - Carlos Brito; da Bancada do Partido Liberal - J. Barreto. Deixaram de comparecer os seguintes Srs. Deputados: Mauro Savi, do PPS; Dilceu Dal Bosco, José Carlos Freitas e Humberto Bosaipo, do PFL; Carlão Nascimento, do PSDB.","portal_casa","brutos/almt/documentos/doc_627230.pdf","alta","data_raw/assembleias3/MT/composicao_final.csv",TRUE
"MT","2002","2007-01-01","M2002_MT_7_13566_244","Ságuas","em_exercicio","https://storage.al.mt.gov.br/api/v1/download/default/627230","Compareceram à Sessão os seguintes Srs. Deputados: da Bancada do Partido Popular Socialista - João Malheiros, Clóvis Roberto, Pedro Satélite, Renê Barbour, Sebastião Rezende e Sérgio Ricardo; da Bancada do Partido da Frente Liberal - Joaquim Sucena e Zeca D’Ávila; da Bancada do Partido Progressista - Campos Neto, Chico Daltro, Riva e Sebastião Rezende; da Bancada do Partido do Movimento Democrático Brasileiro - Zé Carlos do Pátio e Nataniel de Jesus; da Bancada do Partido dos Trabalhadores - Ságuas e Verinha Araújo; da Bancada do Partido Democrático Trabalhista - Carlos Brito; da Bancada do Partido Liberal - J. Barreto. Deixaram de comparecer os seguintes Srs. Deputados: Mauro Savi, do PPS; Dilceu Dal Bosco, José Carlos Freitas e Humberto Bosaipo, do PFL; Carlão Nascimento, do PSDB.","portal_casa","brutos/almt/documentos/doc_627230.pdf","alta","data_raw/assembleias3/MT/composicao_final.csv",TRUE
"MT","2002","2007-01-01","M2002_MT_7_13678_249","Verinha Araújo","em_exercicio","https://storage.al.mt.gov.br/api/v1/download/default/627230","Compareceram à Sessão os seguintes Srs. Deputados: da Bancada do Partido Popular Socialista - João Malheiros, Clóvis Roberto, Pedro Satélite, Renê Barbour, Sebastião Rezende e Sérgio Ricardo; da Bancada do Partido da Frente Liberal - Joaquim Sucena e Zeca D’Ávila; da Bancada do Partido Progressista - Campos Neto, Chico Daltro, Riva e Sebastião Rezende; da Bancada do Partido do Movimento Democrático Brasileiro - Zé Carlos do Pátio e Nataniel de Jesus; da Bancada do Partido dos Trabalhadores - Ságuas e Verinha Araújo; da Bancada do Partido Democrático Trabalhista - Carlos Brito; da Bancada do Partido Liberal - J. Barreto. Deixaram de comparecer os seguintes Srs. Deputados: Mauro Savi, do PPS; Dilceu Dal Bosco, José Carlos Freitas e Humberto Bosaipo, do PFL; Carlão Nascimento, do PSDB.","portal_casa","brutos/almt/documentos/doc_627230.pdf","alta","data_raw/assembleias3/MT/composicao_final.csv",TRUE
"MT","2002","2007-01-01","M2002_MT_7_14567_537","Sebastião Rezende","em_exercicio","https://storage.al.mt.gov.br/api/v1/download/default/627230","Compareceram à Sessão os seguintes Srs. Deputados: da Bancada do Partido Popular Socialista - João Malheiros, Clóvis Roberto, Pedro Satélite, Renê Barbour, Sebastião Rezende e Sérgio Ricardo; da Bancada do Partido da Frente Liberal - Joaquim Sucena e Zeca D’Ávila; da Bancada do Partido Progressista - Campos Neto, Chico Daltro, Riva e Sebastião Rezende; da Bancada do Partido do Movimento Democrático Brasileiro - Zé Carlos do Pátio e Nataniel de Jesus; da Bancada do Partido dos Trabalhadores - Ságuas e Verinha Araújo; da Bancada do Partido Democrático Trabalhista - Carlos Brito; da Bancada do Partido Liberal - J. Barreto. Deixaram de comparecer os seguintes Srs. Deputados: Mauro Savi, do PPS; Dilceu Dal Bosco, José Carlos Freitas e Humberto Bosaipo, do PFL; Carlão Nascimento, do PSDB.","portal_casa","brutos/almt/documentos/doc_627230.pdf","alta","data_raw/assembleias3/MT/composicao_final.csv",TRUE
"MT","2002","2007-01-01","M2002_MT_7_15152_364","Zé Carlos do Pátio","em_exercicio","https://storage.al.mt.gov.br/api/v1/download/default/627230","Compareceram à Sessão os seguintes Srs. Deputados: da Bancada do Partido Popular Socialista - João Malheiros, Clóvis Roberto, Pedro Satélite, Renê Barbour, Sebastião Rezende e Sérgio Ricardo; da Bancada do Partido da Frente Liberal - Joaquim Sucena e Zeca D’Ávila; da Bancada do Partido Progressista - Campos Neto, Chico Daltro, Riva e Sebastião Rezende; da Bancada do Partido do Movimento Democrático Brasileiro - Zé Carlos do Pátio e Nataniel de Jesus; da Bancada do Partido dos Trabalhadores - Ságuas e Verinha Araújo; da Bancada do Partido Democrático Trabalhista - Carlos Brito; da Bancada do Partido Liberal - J. Barreto. Deixaram de comparecer os seguintes Srs. Deputados: Mauro Savi, do PPS; Dilceu Dal Bosco, José Carlos Freitas e Humberto Bosaipo, do PFL; Carlão Nascimento, do PSDB.","portal_casa","brutos/almt/documentos/doc_627230.pdf","alta","data_raw/assembleias3/MT/composicao_final.csv",TRUE
"MT","2002","2007-01-01","M2002_MT_7_15777_368","Nataniel de Jesus","em_exercicio","https://storage.al.mt.gov.br/api/v1/download/default/627230","Compareceram à Sessão os seguintes Srs. Deputados: da Bancada do Partido Popular Socialista - João Malheiros, Clóvis Roberto, Pedro Satélite, Renê Barbour, Sebastião Rezende e Sérgio Ricardo; da Bancada do Partido da Frente Liberal - Joaquim Sucena e Zeca D’Ávila; da Bancada do Partido Progressista - Campos Neto, Chico Daltro, Riva e Sebastião Rezende; da Bancada do Partido do Movimento Democrático Brasileiro - Zé Carlos do Pátio e Nataniel de Jesus; da Bancada do Partido dos Trabalhadores - Ságuas e Verinha Araújo; da Bancada do Partido Democrático Trabalhista - Carlos Brito; da Bancada do Partido Liberal - J. Barreto. Deixaram de comparecer os seguintes Srs. Deputados: Mauro Savi, do PPS; Dilceu Dal Bosco, José Carlos Freitas e Humberto Bosaipo, do PFL; Carlão Nascimento, do PSDB.","portal_casa","brutos/almt/documentos/doc_627230.pdf","alta","data_raw/assembleias3/MT/composicao_final.csv",TRUE
"MT","2002","2007-01-01","M2002_MT_7_22122_174","Humberto Bosaipo","em_exercicio","https://storage.al.mt.gov.br/api/v1/download/default/627230","Compareceram à Sessão os seguintes Srs. Deputados: da Bancada do Partido Popular Socialista - João Malheiros, Clóvis Roberto, Pedro Satélite, Renê Barbour, Sebastião Rezende e Sérgio Ricardo; da Bancada do Partido da Frente Liberal - Joaquim Sucena e Zeca D’Ávila; da Bancada do Partido Progressista - Campos Neto, Chico Daltro, Riva e Sebastião Rezende; da Bancada do Partido do Movimento Democrático Brasileiro - Zé Carlos do Pátio e Nataniel de Jesus; da Bancada do Partido dos Trabalhadores - Ságuas e Verinha Araújo; da Bancada do Partido Democrático Trabalhista - Carlos Brito; da Bancada do Partido Liberal - J. Barreto. Deixaram de comparecer os seguintes Srs. Deputados: Mauro Savi, do PPS; Dilceu Dal Bosco, José Carlos Freitas e Humberto Bosaipo, do PFL; Carlão Nascimento, do PSDB.","portal_casa","brutos/almt/documentos/doc_627230.pdf","alta","data_raw/assembleias3/MT/composicao_final.csv",TRUE
"MT","2002","2007-01-01","M2002_MT_7_22123_170","J. Barreto","em_exercicio","https://storage.al.mt.gov.br/api/v1/download/default/627230","Compareceram à Sessão os seguintes Srs. Deputados: da Bancada do Partido Popular Socialista - João Malheiros, Clóvis Roberto, Pedro Satélite, Renê Barbour, Sebastião Rezende e Sérgio Ricardo; da Bancada do Partido da Frente Liberal - Joaquim Sucena e Zeca D’Ávila; da Bancada do Partido Progressista - Campos Neto, Chico Daltro, Riva e Sebastião Rezende; da Bancada do Partido do Movimento Democrático Brasileiro - Zé Carlos do Pátio e Nataniel de Jesus; da Bancada do Partido dos Trabalhadores - Ságuas e Verinha Araújo; da Bancada do Partido Democrático Trabalhista - Carlos Brito; da Bancada do Partido Liberal - J. Barreto. Deixaram de comparecer os seguintes Srs. Deputados: Mauro Savi, do PPS; Dilceu Dal Bosco, José Carlos Freitas e Humberto Bosaipo, do PFL; Carlão Nascimento, do PSDB.","portal_casa","brutos/almt/documentos/doc_627230.pdf","alta","data_raw/assembleias3/MT/composicao_final.csv",TRUE
"MT","2002","2007-01-01","M2002_MT_7_23456_134","Carlos Brito","em_exercicio","https://storage.al.mt.gov.br/api/v1/download/default/627230","Compareceram à Sessão os seguintes Srs. Deputados: da Bancada do Partido Popular Socialista - João Malheiros, Clóvis Roberto, Pedro Satélite, Renê Barbour, Sebastião Rezende e Sérgio Ricardo; da Bancada do Partido da Frente Liberal - Joaquim Sucena e Zeca D’Ávila; da Bancada do Partido Progressista - Campos Neto, Chico Daltro, Riva e Sebastião Rezende; da Bancada do Partido do Movimento Democrático Brasileiro - Zé Carlos do Pátio e Nataniel de Jesus; da Bancada do Partido dos Trabalhadores - Ságuas e Verinha Araújo; da Bancada do Partido Democrático Trabalhista - Carlos Brito; da Bancada do Partido Liberal - J. Barreto. Deixaram de comparecer os seguintes Srs. Deputados: Mauro Savi, do PPS; Dilceu Dal Bosco, José Carlos Freitas e Humberto Bosaipo, do PFL; Carlão Nascimento, do PSDB.","portal_casa","brutos/almt/documentos/doc_627230.pdf","alta","data_raw/assembleias3/MT/composicao_final.csv",TRUE
"MT","2002","2007-01-01","M2002_MT_7_23666_137","João Malheiros","em_exercicio","https://storage.al.mt.gov.br/api/v1/download/default/627230","Compareceram à Sessão os seguintes Srs. Deputados: da Bancada do Partido Popular Socialista - João Malheiros, Clóvis Roberto, Pedro Satélite, Renê Barbour, Sebastião Rezende e Sérgio Ricardo; da Bancada do Partido da Frente Liberal - Joaquim Sucena e Zeca D’Ávila; da Bancada do Partido Progressista - Campos Neto, Chico Daltro, Riva e Sebastião Rezende; da Bancada do Partido do Movimento Democrático Brasileiro - Zé Carlos do Pátio e Nataniel de Jesus; da Bancada do Partido dos Trabalhadores - Ságuas e Verinha Araújo; da Bancada do Partido Democrático Trabalhista - Carlos Brito; da Bancada do Partido Liberal - J. Barreto. Deixaram de comparecer os seguintes Srs. Deputados: Mauro Savi, do PPS; Dilceu Dal Bosco, José Carlos Freitas e Humberto Bosaipo, do PFL; Carlão Nascimento, do PSDB.","portal_casa","brutos/almt/documentos/doc_627230.pdf","alta","data_raw/assembleias3/MT/composicao_final.csv",TRUE
"MT","2002","2007-01-01","M2002_MT_7_25000_189","Joaquim Sucena","em_exercicio","https://storage.al.mt.gov.br/api/v1/download/default/627230","Compareceram à Sessão os seguintes Srs. Deputados: da Bancada do Partido Popular Socialista - João Malheiros, Clóvis Roberto, Pedro Satélite, Renê Barbour, Sebastião Rezende e Sérgio Ricardo; da Bancada do Partido da Frente Liberal - Joaquim Sucena e Zeca D’Ávila; da Bancada do Partido Progressista - Campos Neto, Chico Daltro, Riva e Sebastião Rezende; da Bancada do Partido do Movimento Democrático Brasileiro - Zé Carlos do Pátio e Nataniel de Jesus; da Bancada do Partido dos Trabalhadores - Ságuas e Verinha Araújo; da Bancada do Partido Democrático Trabalhista - Carlos Brito; da Bancada do Partido Liberal - J. Barreto. Deixaram de comparecer os seguintes Srs. Deputados: Mauro Savi, do PPS; Dilceu Dal Bosco, José Carlos Freitas e Humberto Bosaipo, do PFL; Carlão Nascimento, do PSDB.","portal_casa","brutos/almt/documentos/doc_627230.pdf","alta","data_raw/assembleias3/MT/composicao_final.csv",TRUE
"MT","2002","2007-01-01","M2002_MT_7_25125_191","Campos Neto","em_exercicio","https://storage.al.mt.gov.br/api/v1/download/default/627230","Compareceram à Sessão os seguintes Srs. Deputados: da Bancada do Partido Popular Socialista - João Malheiros, Clóvis Roberto, Pedro Satélite, Renê Barbour, Sebastião Rezende e Sérgio Ricardo; da Bancada do Partido da Frente Liberal - Joaquim Sucena e Zeca D’Ávila; da Bancada do Partido Progressista - Campos Neto, Chico Daltro, Riva e Sebastião Rezende; da Bancada do Partido do Movimento Democrático Brasileiro - Zé Carlos do Pátio e Nataniel de Jesus; da Bancada do Partido dos Trabalhadores - Ságuas e Verinha Araújo; da Bancada do Partido Democrático Trabalhista - Carlos Brito; da Bancada do Partido Liberal - J. Barreto. Deixaram de comparecer os seguintes Srs. Deputados: Mauro Savi, do PPS; Dilceu Dal Bosco, José Carlos Freitas e Humberto Bosaipo, do PFL; Carlão Nascimento, do PSDB.","portal_casa","brutos/almt/documentos/doc_627230.pdf","alta","data_raw/assembleias3/MT/composicao_final.csv",TRUE
"MT","2002","2007-01-01","M2002_MT_7_25800_199","Zeca D’Ávila","em_exercicio","https://storage.al.mt.gov.br/api/v1/download/default/627230","Compareceram à Sessão os seguintes Srs. Deputados: da Bancada do Partido Popular Socialista - João Malheiros, Clóvis Roberto, Pedro Satélite, Renê Barbour, Sebastião Rezende e Sérgio Ricardo; da Bancada do Partido da Frente Liberal - Joaquim Sucena e Zeca D’Ávila; da Bancada do Partido Progressista - Campos Neto, Chico Daltro, Riva e Sebastião Rezende; da Bancada do Partido do Movimento Democrático Brasileiro - Zé Carlos do Pátio e Nataniel de Jesus; da Bancada do Partido dos Trabalhadores - Ságuas e Verinha Araújo; da Bancada do Partido Democrático Trabalhista - Carlos Brito; da Bancada do Partido Liberal - J. Barreto. Deixaram de comparecer os seguintes Srs. Deputados: Mauro Savi, do PPS; Dilceu Dal Bosco, José Carlos Freitas e Humberto Bosaipo, do PFL; Carlão Nascimento, do PSDB.","portal_casa","brutos/almt/documentos/doc_627230.pdf","alta","data_raw/assembleias3/MT/composicao_final.csv",TRUE
"MT","2002","2007-01-01","M2002_MT_7_33633_181","Sérgio Ricardo","em_exercicio","https://storage.al.mt.gov.br/api/v1/download/default/627230","Compareceram à Sessão os seguintes Srs. Deputados: da Bancada do Partido Popular Socialista - João Malheiros, Clóvis Roberto, Pedro Satélite, Renê Barbour, Sebastião Rezende e Sérgio Ricardo; da Bancada do Partido da Frente Liberal - Joaquim Sucena e Zeca D’Ávila; da Bancada do Partido Progressista - Campos Neto, Chico Daltro, Riva e Sebastião Rezende; da Bancada do Partido do Movimento Democrático Brasileiro - Zé Carlos do Pátio e Nataniel de Jesus; da Bancada do Partido dos Trabalhadores - Ságuas e Verinha Araújo; da Bancada do Partido Democrático Trabalhista - Carlos Brito; da Bancada do Partido Liberal - J. Barreto. Deixaram de comparecer os seguintes Srs. Deputados: Mauro Savi, do PPS; Dilceu Dal Bosco, José Carlos Freitas e Humberto Bosaipo, do PFL; Carlão Nascimento, do PSDB.","portal_casa","brutos/almt/documentos/doc_627230.pdf","alta","data_raw/assembleias3/MT/composicao_final.csv",TRUE
"MT","2002","2007-01-01","M2002_MT_7_40040_326","Mauro Savi","em_exercicio","https://storage.al.mt.gov.br/api/v1/download/default/627230","Compareceram à Sessão os seguintes Srs. Deputados: da Bancada do Partido Popular Socialista - João Malheiros, Clóvis Roberto, Pedro Satélite, Renê Barbour, Sebastião Rezende e Sérgio Ricardo; da Bancada do Partido da Frente Liberal - Joaquim Sucena e Zeca D’Ávila; da Bancada do Partido Progressista - Campos Neto, Chico Daltro, Riva e Sebastião Rezende; da Bancada do Partido do Movimento Democrático Brasileiro - Zé Carlos do Pátio e Nataniel de Jesus; da Bancada do Partido dos Trabalhadores - Ságuas e Verinha Araújo; da Bancada do Partido Democrático Trabalhista - Carlos Brito; da Bancada do Partido Liberal - J. Barreto. Deixaram de comparecer os seguintes Srs. Deputados: Mauro Savi, do PPS; Dilceu Dal Bosco, José Carlos Freitas e Humberto Bosaipo, do PFL; Carlão Nascimento, do PSDB.","portal_casa","brutos/almt/documentos/doc_627230.pdf","alta","data_raw/assembleias3/MT/composicao_final.csv",TRUE
"MT","2002","2006-12-20","M2002_MT_7_40140_307","Eliene","em_exercicio","https://storage.al.mt.gov.br/api/v1/download/default/173184","Compareceram à Sessão os seguintes Srs. Deputados: da Bancada do Partido Popular Socialista - João Malheiros, Mauro Savi, Pedro Satélite, Renê Barbour e Sebastião Rezende; da Bancada do Partido da Frente Liberal - Humberto Bosaipo, Joaquim Sucena e Zeca D’Ávila; da Bancada do Partido Progressista - Eliene, Chico Daltro, Campos Neto e Riva; da Bancada do Partido do Movimento Democrático Brasileiro - Zé Carlos do Pátio, Nataniel de Jesus e Silval Barbosa; da Bancada do Partido dos Trabalhadores - Ságuas e Verinha Araújo; da Bancada do Partido da Social Democracia Brasileira - Carlão Nascimento; da Bancada do Partido Democrático Trabalhista - Carlos Brito; da Bancada do Partido Liberal - J. Barreto. Deixaram de comparecer os Srs. Deputados Clóvis Roberto e Sérgio Ricardo, do PPS; e Dilceu Dal Bosco e José Carlos Freitas, do PFL.","portal_casa","brutos/almt/documentos/doc_173184.pdf","media","data_raw/assembleias3/MT/composicao_final.csv",TRUE
"MT","2002","2007-01-01","M2002_MT_7_45000_211","Chico Daltro","em_exercicio","https://storage.al.mt.gov.br/api/v1/download/default/627230","Compareceram à Sessão os seguintes Srs. Deputados: da Bancada do Partido Popular Socialista - João Malheiros, Clóvis Roberto, Pedro Satélite, Renê Barbour, Sebastião Rezende e Sérgio Ricardo; da Bancada do Partido da Frente Liberal - Joaquim Sucena e Zeca D’Ávila; da Bancada do Partido Progressista - Campos Neto, Chico Daltro, Riva e Sebastião Rezende; da Bancada do Partido do Movimento Democrático Brasileiro - Zé Carlos do Pátio e Nataniel de Jesus; da Bancada do Partido dos Trabalhadores - Ságuas e Verinha Araújo; da Bancada do Partido Democrático Trabalhista - Carlos Brito; da Bancada do Partido Liberal - J. Barreto. Deixaram de comparecer os seguintes Srs. Deputados: Mauro Savi, do PPS; Dilceu Dal Bosco, José Carlos Freitas e Humberto Bosaipo, do PFL; Carlão Nascimento, do PSDB.","portal_casa","brutos/almt/documentos/doc_627230.pdf","alta","data_raw/assembleias3/MT/composicao_final.csv",TRUE
"MT","2002","2007-01-01","M2002_MT_7_45100_206","Riva","em_exercicio","https://storage.al.mt.gov.br/api/v1/download/default/627230","Compareceram à Sessão os seguintes Srs. Deputados: da Bancada do Partido Popular Socialista - João Malheiros, Clóvis Roberto, Pedro Satélite, Renê Barbour, Sebastião Rezende e Sérgio Ricardo; da Bancada do Partido da Frente Liberal - Joaquim Sucena e Zeca D’Ávila; da Bancada do Partido Progressista - Campos Neto, Chico Daltro, Riva e Sebastião Rezende; da Bancada do Partido do Movimento Democrático Brasileiro - Zé Carlos do Pátio e Nataniel de Jesus; da Bancada do Partido dos Trabalhadores - Ságuas e Verinha Araújo; da Bancada do Partido Democrático Trabalhista - Carlos Brito; da Bancada do Partido Liberal - J. Barreto. Deixaram de comparecer os seguintes Srs. Deputados: Mauro Savi, do PPS; Dilceu Dal Bosco, José Carlos Freitas e Humberto Bosaipo, do PFL; Carlão Nascimento, do PSDB.","portal_casa","brutos/almt/documentos/doc_627230.pdf","alta","data_raw/assembleias3/MT/composicao_final.csv",TRUE
"MT","2002","2007-01-01","M2002_MT_7_45145_213","Dilceu Dal Bosco","em_exercicio","https://storage.al.mt.gov.br/api/v1/download/default/627230","Compareceram à Sessão os seguintes Srs. Deputados: da Bancada do Partido Popular Socialista - João Malheiros, Clóvis Roberto, Pedro Satélite, Renê Barbour, Sebastião Rezende e Sérgio Ricardo; da Bancada do Partido da Frente Liberal - Joaquim Sucena e Zeca D’Ávila; da Bancada do Partido Progressista - Campos Neto, Chico Daltro, Riva e Sebastião Rezende; da Bancada do Partido do Movimento Democrático Brasileiro - Zé Carlos do Pátio e Nataniel de Jesus; da Bancada do Partido dos Trabalhadores - Ságuas e Verinha Araújo; da Bancada do Partido Democrático Trabalhista - Carlos Brito; da Bancada do Partido Liberal - J. Barreto. Deixaram de comparecer os seguintes Srs. Deputados: Mauro Savi, do PPS; Dilceu Dal Bosco, José Carlos Freitas e Humberto Bosaipo, do PFL; Carlão Nascimento, do PSDB.","portal_casa","brutos/almt/documentos/doc_627230.pdf","alta","data_raw/assembleias3/MT/composicao_final.csv",TRUE
"MT","2002","2007-01-01","M2002_MT_7_45163_219","Pedro Satélite","em_exercicio","https://storage.al.mt.gov.br/api/v1/download/default/627230","Compareceram à Sessão os seguintes Srs. Deputados: da Bancada do Partido Popular Socialista - João Malheiros, Clóvis Roberto, Pedro Satélite, Renê Barbour, Sebastião Rezende e Sérgio Ricardo; da Bancada do Partido da Frente Liberal - Joaquim Sucena e Zeca D’Ávila; da Bancada do Partido Progressista - Campos Neto, Chico Daltro, Riva e Sebastião Rezende; da Bancada do Partido do Movimento Democrático Brasileiro - Zé Carlos do Pátio e Nataniel de Jesus; da Bancada do Partido dos Trabalhadores - Ságuas e Verinha Araújo; da Bancada do Partido Democrático Trabalhista - Carlos Brito; da Bancada do Partido Liberal - J. Barreto. Deixaram de comparecer os seguintes Srs. Deputados: Mauro Savi, do PPS; Dilceu Dal Bosco, José Carlos Freitas e Humberto Bosaipo, do PFL; Carlão Nascimento, do PSDB.","portal_casa","brutos/almt/documentos/doc_627230.pdf","alta","data_raw/assembleias3/MT/composicao_final.csv",TRUE
"MT","2002","2007-01-01","M2002_MT_7_45200_209","Renê Barbour","em_exercicio","https://storage.al.mt.gov.br/api/v1/download/default/627230","Compareceram à Sessão os seguintes Srs. Deputados: da Bancada do Partido Popular Socialista - João Malheiros, Clóvis Roberto, Pedro Satélite, Renê Barbour, Sebastião Rezende e Sérgio Ricardo; da Bancada do Partido da Frente Liberal - Joaquim Sucena e Zeca D’Ávila; da Bancada do Partido Progressista - Campos Neto, Chico Daltro, Riva e Sebastião Rezende; da Bancada do Partido do Movimento Democrático Brasileiro - Zé Carlos do Pátio e Nataniel de Jesus; da Bancada do Partido dos Trabalhadores - Ságuas e Verinha Araújo; da Bancada do Partido Democrático Trabalhista - Carlos Brito; da Bancada do Partido Liberal - J. Barreto. Deixaram de comparecer os seguintes Srs. Deputados: Mauro Savi, do PPS; Dilceu Dal Bosco, José Carlos Freitas e Humberto Bosaipo, do PFL; Carlão Nascimento, do PSDB.","portal_casa","brutos/almt/documentos/doc_627230.pdf","alta","data_raw/assembleias3/MT/composicao_final.csv",TRUE
"MT","2002","2007-01-01","M2002_MT_7_45645_222","Carlão Nascimento","em_exercicio","https://storage.al.mt.gov.br/api/v1/download/default/627230","Compareceram à Sessão os seguintes Srs. Deputados: da Bancada do Partido Popular Socialista - João Malheiros, Clóvis Roberto, Pedro Satélite, Renê Barbour, Sebastião Rezende e Sérgio Ricardo; da Bancada do Partido da Frente Liberal - Joaquim Sucena e Zeca D’Ávila; da Bancada do Partido Progressista - Campos Neto, Chico Daltro, Riva e Sebastião Rezende; da Bancada do Partido do Movimento Democrático Brasileiro - Zé Carlos do Pátio e Nataniel de Jesus; da Bancada do Partido dos Trabalhadores - Ságuas e Verinha Araújo; da Bancada do Partido Democrático Trabalhista - Carlos Brito; da Bancada do Partido Liberal - J. Barreto. Deixaram de comparecer os seguintes Srs. Deputados: Mauro Savi, do PPS; Dilceu Dal Bosco, José Carlos Freitas e Humberto Bosaipo, do PFL; Carlão Nascimento, do PSDB.","portal_casa","brutos/almt/documentos/doc_627230.pdf","alta","data_raw/assembleias3/MT/composicao_final.csv",TRUE
"MT","2006","2010-12-16","M2006_MT_7_11011_10059","Maksuês Leite","em_exercicio","https://storage.al.mt.gov.br/api/v1/download/default/173998","Compareceram à Sessão os seguintes Srs. Deputados: da Bancada do Partido da República - J. Barreto, João Malheiros, Mauro Savi, Sebastião Rezende, Sérgio Ricardo e Wagner Ramos; da Bancada do Partido Progressista - Airton Português e Wilson Teixeira - Dentinho; da Bancada do Partido do Movimento Democrático Brasileiro - Benedito Pinto e Nilson Santos; da Bancada do Partido dos Trabalhadores - Ademir Brunetto e Ságuas; da Bancada do Partido Popular Socialista - Pedro Satélite; da Bancada do Partido Socialista Brasileiro - Professora Vilma; da ASSEMBLEIA LEGISLATIVA DO ESTADO DE MATO GROSSO ATA DA CENTÉSIMA DÉCIMA QUARTA SESSÃO ORDINÁRIA DO DIA 16 DE DEZEMBRO DE 2010, ÀS 08:00 HORAS. Pág. 113 - Secretaria de Serviços Legislativos Bancada do Partido da Social Democracia Brasileira - Guilherme Maluf; da Bancada dos Democratas - Dilceu Dal Bosco, Chica Nunes, José Domingos Fraga e Joaquim Sucena. Deixaram de comparecer os Srs. Deputados: Dr. Antônio Azambuja e Maksuês Leite, do PP; Adalto de Freitas - Daltinho, do PMDB; Percival Muniz, do PPS; Otaviano Pivetta, do PDT.","portal_casa","brutos/almt/documentos/doc_173998.pdf","alta","data_raw/assembleias3/MT/composicao_final.csv",TRUE
"MT","2006","2010-12-16","M2006_MT_7_11222_10067","Airton Português","em_exercicio","https://storage.al.mt.gov.br/api/v1/download/default/173998","Compareceram à Sessão os seguintes Srs. Deputados: da Bancada do Partido da República - J. Barreto, João Malheiros, Mauro Savi, Sebastião Rezende, Sérgio Ricardo e Wagner Ramos; da Bancada do Partido Progressista - Airton Português e Wilson Teixeira - Dentinho; da Bancada do Partido do Movimento Democrático Brasileiro - Benedito Pinto e Nilson Santos; da Bancada do Partido dos Trabalhadores - Ademir Brunetto e Ságuas; da Bancada do Partido Popular Socialista - Pedro Satélite; da Bancada do Partido Socialista Brasileiro - Professora Vilma; da ASSEMBLEIA LEGISLATIVA DO ESTADO DE MATO GROSSO ATA DA CENTÉSIMA DÉCIMA QUARTA SESSÃO ORDINÁRIA DO DIA 16 DE DEZEMBRO DE 2010, ÀS 08:00 HORAS. Pág. 113 - Secretaria de Serviços Legislativos Bancada do Partido da Social Democracia Brasileira - Guilherme Maluf; da Bancada dos Democratas - Dilceu Dal Bosco, Chica Nunes, José Domingos Fraga e Joaquim Sucena. Deixaram de comparecer os Srs. Deputados: Dr. Antônio Azambuja e Maksuês Leite, do PP; Adalto de Freitas - Daltinho, do PMDB; Percival Muniz, do PPS; Otaviano Pivetta, do PDT.","portal_casa","brutos/almt/documentos/doc_173998.pdf","alta","data_raw/assembleias3/MT/composicao_final.csv",TRUE
"MT","2006","2010-12-16","M2006_MT_7_12333_10034","Otaviano Pivetta","em_exercicio","https://storage.al.mt.gov.br/api/v1/download/default/173998","Compareceram à Sessão os seguintes Srs. Deputados: da Bancada do Partido da República - J. Barreto, João Malheiros, Mauro Savi, Sebastião Rezende, Sérgio Ricardo e Wagner Ramos; da Bancada do Partido Progressista - Airton Português e Wilson Teixeira - Dentinho; da Bancada do Partido do Movimento Democrático Brasileiro - Benedito Pinto e Nilson Santos; da Bancada do Partido dos Trabalhadores - Ademir Brunetto e Ságuas; da Bancada do Partido Popular Socialista - Pedro Satélite; da Bancada do Partido Socialista Brasileiro - Professora Vilma; da ASSEMBLEIA LEGISLATIVA DO ESTADO DE MATO GROSSO ATA DA CENTÉSIMA DÉCIMA QUARTA SESSÃO ORDINÁRIA DO DIA 16 DE DEZEMBRO DE 2010, ÀS 08:00 HORAS. Pág. 113 - Secretaria de Serviços Legislativos Bancada do Partido da Social Democracia Brasileira - Guilherme Maluf; da Bancada dos Democratas - Dilceu Dal Bosco, Chica Nunes, José Domingos Fraga e Joaquim Sucena. Deixaram de comparecer os Srs. Deputados: Dr. Antônio Azambuja e Maksuês Leite, do PP; Adalto de Freitas - Daltinho, do PMDB; Percival Muniz, do PPS; Otaviano Pivetta, do PDT.","portal_casa","brutos/almt/documentos/doc_173998.pdf","alta","data_raw/assembleias3/MT/composicao_final.csv",TRUE
"MT","2006","2010-12-16","M2006_MT_7_13000_10221","Ademir Brunetto","em_exercicio","https://storage.al.mt.gov.br/api/v1/download/default/173998","Compareceram à Sessão os seguintes Srs. Deputados: da Bancada do Partido da República - J. Barreto, João Malheiros, Mauro Savi, Sebastião Rezende, Sérgio Ricardo e Wagner Ramos; da Bancada do Partido Progressista - Airton Português e Wilson Teixeira - Dentinho; da Bancada do Partido do Movimento Democrático Brasileiro - Benedito Pinto e Nilson Santos; da Bancada do Partido dos Trabalhadores - Ademir Brunetto e Ságuas; da Bancada do Partido Popular Socialista - Pedro Satélite; da Bancada do Partido Socialista Brasileiro - Professora Vilma; da ASSEMBLEIA LEGISLATIVA DO ESTADO DE MATO GROSSO ATA DA CENTÉSIMA DÉCIMA QUARTA SESSÃO ORDINÁRIA DO DIA 16 DE DEZEMBRO DE 2010, ÀS 08:00 HORAS. Pág. 113 - Secretaria de Serviços Legislativos Bancada do Partido da Social Democracia Brasileira - Guilherme Maluf; da Bancada dos Democratas - Dilceu Dal Bosco, Chica Nunes, José Domingos Fraga e Joaquim Sucena. Deixaram de comparecer os Srs. Deputados: Dr. Antônio Azambuja e Maksuês Leite, do PP; Adalto de Freitas - Daltinho, do PMDB; Percival Muniz, do PPS; Otaviano Pivetta, do PDT.","portal_casa","brutos/almt/documentos/doc_173998.pdf","alta","data_raw/assembleias3/MT/composicao_final.csv",TRUE
"MT","2006","2010-12-16","M2006_MT_7_13566_10231","Ságuas","em_exercicio","https://storage.al.mt.gov.br/api/v1/download/default/173998","Compareceram à Sessão os seguintes Srs. Deputados: da Bancada do Partido da República - J. Barreto, João Malheiros, Mauro Savi, Sebastião Rezende, Sérgio Ricardo e Wagner Ramos; da Bancada do Partido Progressista - Airton Português e Wilson Teixeira - Dentinho; da Bancada do Partido do Movimento Democrático Brasileiro - Benedito Pinto e Nilson Santos; da Bancada do Partido dos Trabalhadores - Ademir Brunetto e Ságuas; da Bancada do Partido Popular Socialista - Pedro Satélite; da Bancada do Partido Socialista Brasileiro - Professora Vilma; da ASSEMBLEIA LEGISLATIVA DO ESTADO DE MATO GROSSO ATA DA CENTÉSIMA DÉCIMA QUARTA SESSÃO ORDINÁRIA DO DIA 16 DE DEZEMBRO DE 2010, ÀS 08:00 HORAS. Pág. 113 - Secretaria de Serviços Legislativos Bancada do Partido da Social Democracia Brasileira - Guilherme Maluf; da Bancada dos Democratas - Dilceu Dal Bosco, Chica Nunes, José Domingos Fraga e Joaquim Sucena. Deixaram de comparecer os Srs. Deputados: Dr. Antônio Azambuja e Maksuês Leite, do PP; Adalto de Freitas - Daltinho, do PMDB; Percival Muniz, do PPS; Otaviano Pivetta, do PDT.","portal_casa","brutos/almt/documentos/doc_173998.pdf","alta","data_raw/assembleias3/MT/composicao_final.csv",TRUE
"MT","2006","2010-12-16","M2006_MT_7_15456_10361","Adalto de Freitas - Daltinho","em_exercicio","https://storage.al.mt.gov.br/api/v1/download/default/173998","Compareceram à Sessão os seguintes Srs. Deputados: da Bancada do Partido da República - J. Barreto, João Malheiros, Mauro Savi, Sebastião Rezende, Sérgio Ricardo e Wagner Ramos; da Bancada do Partido Progressista - Airton Português e Wilson Teixeira - Dentinho; da Bancada do Partido do Movimento Democrático Brasileiro - Benedito Pinto e Nilson Santos; da Bancada do Partido dos Trabalhadores - Ademir Brunetto e Ságuas; da Bancada do Partido Popular Socialista - Pedro Satélite; da Bancada do Partido Socialista Brasileiro - Professora Vilma; da ASSEMBLEIA LEGISLATIVA DO ESTADO DE MATO GROSSO ATA DA CENTÉSIMA DÉCIMA QUARTA SESSÃO ORDINÁRIA DO DIA 16 DE DEZEMBRO DE 2010, ÀS 08:00 HORAS. Pág. 113 - Secretaria de Serviços Legislativos Bancada do Partido da Social Democracia Brasileira - Guilherme Maluf; da Bancada dos Democratas - Dilceu Dal Bosco, Chica Nunes, José Domingos Fraga e Joaquim Sucena. Deixaram de comparecer os Srs. Deputados: Dr. Antônio Azambuja e Maksuês Leite, do PP; Adalto de Freitas - Daltinho, do PMDB; Percival Muniz, do PPS; Otaviano Pivetta, do PDT.","portal_casa","brutos/almt/documentos/doc_173998.pdf","alta","data_raw/assembleias3/MT/composicao_final.csv",TRUE
"MT","2006","2010-12-16","M2006_MT_7_23023_10338","Sebastião Rezende","em_exercicio","https://storage.al.mt.gov.br/api/v1/download/default/173998","Compareceram à Sessão os seguintes Srs. Deputados: da Bancada do Partido da República - J. Barreto, João Malheiros, Mauro Savi, Sebastião Rezende, Sérgio Ricardo e Wagner Ramos; da Bancada do Partido Progressista - Airton Português e Wilson Teixeira - Dentinho; da Bancada do Partido do Movimento Democrático Brasileiro - Benedito Pinto e Nilson Santos; da Bancada do Partido dos Trabalhadores - Ademir Brunetto e Ságuas; da Bancada do Partido Popular Socialista - Pedro Satélite; da Bancada do Partido Socialista Brasileiro - Professora Vilma; da ASSEMBLEIA LEGISLATIVA DO ESTADO DE MATO GROSSO ATA DA CENTÉSIMA DÉCIMA QUARTA SESSÃO ORDINÁRIA DO DIA 16 DE DEZEMBRO DE 2010, ÀS 08:00 HORAS. Pág. 113 - Secretaria de Serviços Legislativos Bancada do Partido da Social Democracia Brasileira - Guilherme Maluf; da Bancada dos Democratas - Dilceu Dal Bosco, Chica Nunes, José Domingos Fraga e Joaquim Sucena. Deixaram de comparecer os Srs. Deputados: Dr. Antônio Azambuja e Maksuês Leite, do PP; Adalto de Freitas - Daltinho, do PMDB; Percival Muniz, do PPS; Otaviano Pivetta, do PDT.","portal_casa","brutos/almt/documentos/doc_173998.pdf","alta","data_raw/assembleias3/MT/composicao_final.csv",TRUE
"MT","2006","2010-12-16","M2006_MT_7_23040_10171","Mauro Savi","em_exercicio","https://storage.al.mt.gov.br/api/v1/download/default/173998","Compareceram à Sessão os seguintes Srs. Deputados: da Bancada do Partido da República - J. Barreto, João Malheiros, Mauro Savi, Sebastião Rezende, Sérgio Ricardo e Wagner Ramos; da Bancada do Partido Progressista - Airton Português e Wilson Teixeira - Dentinho; da Bancada do Partido do Movimento Democrático Brasileiro - Benedito Pinto e Nilson Santos; da Bancada do Partido dos Trabalhadores - Ademir Brunetto e Ságuas; da Bancada do Partido Popular Socialista - Pedro Satélite; da Bancada do Partido Socialista Brasileiro - Professora Vilma; da ASSEMBLEIA LEGISLATIVA DO ESTADO DE MATO GROSSO ATA DA CENTÉSIMA DÉCIMA QUARTA SESSÃO ORDINÁRIA DO DIA 16 DE DEZEMBRO DE 2010, ÀS 08:00 HORAS. Pág. 113 - Secretaria de Serviços Legislativos Bancada do Partido da Social Democracia Brasileira - Guilherme Maluf; da Bancada dos Democratas - Dilceu Dal Bosco, Chica Nunes, José Domingos Fraga e Joaquim Sucena. Deixaram de comparecer os Srs. Deputados: Dr. Antônio Azambuja e Maksuês Leite, do PP; Adalto de Freitas - Daltinho, do PMDB; Percival Muniz, do PPS; Otaviano Pivetta, do PDT.","portal_casa","brutos/almt/documentos/doc_173998.pdf","alta","data_raw/assembleias3/MT/composicao_final.csv",TRUE
"MT","2006","2010-12-16","M2006_MT_7_23123_10174","Percival Muniz","em_exercicio","https://storage.al.mt.gov.br/api/v1/download/default/173998","Compareceram à Sessão os seguintes Srs. Deputados: da Bancada do Partido da República - J. Barreto, João Malheiros, Mauro Savi, Sebastião Rezende, Sérgio Ricardo e Wagner Ramos; da Bancada do Partido Progressista - Airton Português e Wilson Teixeira - Dentinho; da Bancada do Partido do Movimento Democrático Brasileiro - Benedito Pinto e Nilson Santos; da Bancada do Partido dos Trabalhadores - Ademir Brunetto e Ságuas; da Bancada do Partido Popular Socialista - Pedro Satélite; da Bancada do Partido Socialista Brasileiro - Professora Vilma; da ASSEMBLEIA LEGISLATIVA DO ESTADO DE MATO GROSSO ATA DA CENTÉSIMA DÉCIMA QUARTA SESSÃO ORDINÁRIA DO DIA 16 DE DEZEMBRO DE 2010, ÀS 08:00 HORAS. Pág. 113 - Secretaria de Serviços Legislativos Bancada do Partido da Social Democracia Brasileira - Guilherme Maluf; da Bancada dos Democratas - Dilceu Dal Bosco, Chica Nunes, José Domingos Fraga e Joaquim Sucena. Deixaram de comparecer os Srs. Deputados: Dr. Antônio Azambuja e Maksuês Leite, do PP; Adalto de Freitas - Daltinho, do PMDB; Percival Muniz, do PPS; Otaviano Pivetta, do PDT.","portal_casa","brutos/almt/documentos/doc_173998.pdf","alta","data_raw/assembleias3/MT/composicao_final.csv",TRUE
"MT","2006","2010-12-16","M2006_MT_7_23444_10180","Sérgio Ricardo","em_exercicio","https://storage.al.mt.gov.br/api/v1/download/default/173998","Compareceram à Sessão os seguintes Srs. Deputados: da Bancada do Partido da República - J. Barreto, João Malheiros, Mauro Savi, Sebastião Rezende, Sérgio Ricardo e Wagner Ramos; da Bancada do Partido Progressista - Airton Português e Wilson Teixeira - Dentinho; da Bancada do Partido do Movimento Democrático Brasileiro - Benedito Pinto e Nilson Santos; da Bancada do Partido dos Trabalhadores - Ademir Brunetto e Ságuas; da Bancada do Partido Popular Socialista - Pedro Satélite; da Bancada do Partido Socialista Brasileiro - Professora Vilma; da ASSEMBLEIA LEGISLATIVA DO ESTADO DE MATO GROSSO ATA DA CENTÉSIMA DÉCIMA QUARTA SESSÃO ORDINÁRIA DO DIA 16 DE DEZEMBRO DE 2010, ÀS 08:00 HORAS. Pág. 113 - Secretaria de Serviços Legislativos Bancada do Partido da Social Democracia Brasileira - Guilherme Maluf; da Bancada dos Democratas - Dilceu Dal Bosco, Chica Nunes, José Domingos Fraga e Joaquim Sucena. Deixaram de comparecer os Srs. Deputados: Dr. Antônio Azambuja e Maksuês Leite, do PP; Adalto de Freitas - Daltinho, do PMDB; Percival Muniz, do PPS; Otaviano Pivetta, do PDT.","portal_casa","brutos/almt/documentos/doc_173998.pdf","alta","data_raw/assembleias3/MT/composicao_final.csv",TRUE
"MT","2006","2010-12-16","M2006_MT_7_23666_10184","João Malheiros","em_exercicio","https://storage.al.mt.gov.br/api/v1/download/default/173998","Compareceram à Sessão os seguintes Srs. Deputados: da Bancada do Partido da República - J. Barreto, João Malheiros, Mauro Savi, Sebastião Rezende, Sérgio Ricardo e Wagner Ramos; da Bancada do Partido Progressista - Airton Português e Wilson Teixeira - Dentinho; da Bancada do Partido do Movimento Democrático Brasileiro - Benedito Pinto e Nilson Santos; da Bancada do Partido dos Trabalhadores - Ademir Brunetto e Ságuas; da Bancada do Partido Popular Socialista - Pedro Satélite; da Bancada do Partido Socialista Brasileiro - Professora Vilma; da ASSEMBLEIA LEGISLATIVA DO ESTADO DE MATO GROSSO ATA DA CENTÉSIMA DÉCIMA QUARTA SESSÃO ORDINÁRIA DO DIA 16 DE DEZEMBRO DE 2010, ÀS 08:00 HORAS. Pág. 113 - Secretaria de Serviços Legislativos Bancada do Partido da Social Democracia Brasileira - Guilherme Maluf; da Bancada dos Democratas - Dilceu Dal Bosco, Chica Nunes, José Domingos Fraga e Joaquim Sucena. Deixaram de comparecer os Srs. Deputados: Dr. Antônio Azambuja e Maksuês Leite, do PP; Adalto de Freitas - Daltinho, do PMDB; Percival Muniz, do PPS; Otaviano Pivetta, do PDT.","portal_casa","brutos/almt/documentos/doc_173998.pdf","alta","data_raw/assembleias3/MT/composicao_final.csv",TRUE
"MT","2006","2010-12-01","M2006_MT_7_25105_10328","Gilmar Fabris","licenciado","https://storage.al.mt.gov.br/api/v1/download/default/173981","Em discussão única, Requerimento, de autoria do Deputado Gilmar Fabris, que requer licença de 121 (cento e vinte e um) dias para tratar de assuntos de interesse particular.","portal_casa","brutos/almt/documentos/doc_173981.pdf","media","data_raw/assembleias3/MT/composicao_final.csv",TRUE
"MT","2006","2010-12-09","M2006_MT_7_25123_10335","Dr. Walace","licenciado","https://storage.al.mt.gov.br/api/v1/download/default/173990","Requerimento de autoria do Deputado Dr. Walace, solicitando licença de 121 (cento e vinte e um) a fim de tratar de assuntos de interesse particular.","portal_casa","brutos/almt/documentos/doc_173990.pdf","media","data_raw/assembleias3/MT/composicao_final.csv",TRUE
"MT","2006","2010-12-16","M2006_MT_7_25125_10325","Dilceu Dal Bosco","em_exercicio","https://storage.al.mt.gov.br/api/v1/download/default/173998","Compareceram à Sessão os seguintes Srs. Deputados: da Bancada do Partido da República - J. Barreto, João Malheiros, Mauro Savi, Sebastião Rezende, Sérgio Ricardo e Wagner Ramos; da Bancada do Partido Progressista - Airton Português e Wilson Teixeira - Dentinho; da Bancada do Partido do Movimento Democrático Brasileiro - Benedito Pinto e Nilson Santos; da Bancada do Partido dos Trabalhadores - Ademir Brunetto e Ságuas; da Bancada do Partido Popular Socialista - Pedro Satélite; da Bancada do Partido Socialista Brasileiro - Professora Vilma; da ASSEMBLEIA LEGISLATIVA DO ESTADO DE MATO GROSSO ATA DA CENTÉSIMA DÉCIMA QUARTA SESSÃO ORDINÁRIA DO DIA 16 DE DEZEMBRO DE 2010, ÀS 08:00 HORAS. Pág. 113 - Secretaria de Serviços Legislativos Bancada do Partido da Social Democracia Brasileira - Guilherme Maluf; da Bancada dos Democratas - Dilceu Dal Bosco, Chica Nunes, José Domingos Fraga e Joaquim Sucena. Deixaram de comparecer os Srs. Deputados: Dr. Antônio Azambuja e Maksuês Leite, do PP; Adalto de Freitas - Daltinho, do PMDB; Percival Muniz, do PPS; Otaviano Pivetta, do PDT.","portal_casa","brutos/almt/documentos/doc_173998.pdf","alta","data_raw/assembleias3/MT/composicao_final.csv",TRUE
"MT","2006","2010-12-16","M2006_MT_7_25456_10330","José Domingos Fraga","em_exercicio","https://storage.al.mt.gov.br/api/v1/download/default/173998","Compareceram à Sessão os seguintes Srs. Deputados: da Bancada do Partido da República - J. Barreto, João Malheiros, Mauro Savi, Sebastião Rezende, Sérgio Ricardo e Wagner Ramos; da Bancada do Partido Progressista - Airton Português e Wilson Teixeira - Dentinho; da Bancada do Partido do Movimento Democrático Brasileiro - Benedito Pinto e Nilson Santos; da Bancada do Partido dos Trabalhadores - Ademir Brunetto e Ságuas; da Bancada do Partido Popular Socialista - Pedro Satélite; da Bancada do Partido Socialista Brasileiro - Professora Vilma; da ASSEMBLEIA LEGISLATIVA DO ESTADO DE MATO GROSSO ATA DA CENTÉSIMA DÉCIMA QUARTA SESSÃO ORDINÁRIA DO DIA 16 DE DEZEMBRO DE 2010, ÀS 08:00 HORAS. Pág. 113 - Secretaria de Serviços Legislativos Bancada do Partido da Social Democracia Brasileira - Guilherme Maluf; da Bancada dos Democratas - Dilceu Dal Bosco, Chica Nunes, José Domingos Fraga e Joaquim Sucena. Deixaram de comparecer os Srs. Deputados: Dr. Antônio Azambuja e Maksuês Leite, do PP; Adalto de Freitas - Daltinho, do PMDB; Percival Muniz, do PPS; Otaviano Pivetta, do PDT.","portal_casa","brutos/almt/documentos/doc_173998.pdf","alta","data_raw/assembleias3/MT/composicao_final.csv",TRUE
"MT","2006","2010-12-16","M2006_MT_7_45000_10204","Guilherme Maluf","em_exercicio","https://storage.al.mt.gov.br/api/v1/download/default/173998","Compareceram à Sessão os seguintes Srs. Deputados: da Bancada do Partido da República - J. Barreto, João Malheiros, Mauro Savi, Sebastião Rezende, Sérgio Ricardo e Wagner Ramos; da Bancada do Partido Progressista - Airton Português e Wilson Teixeira - Dentinho; da Bancada do Partido do Movimento Democrático Brasileiro - Benedito Pinto e Nilson Santos; da Bancada do Partido dos Trabalhadores - Ademir Brunetto e Ságuas; da Bancada do Partido Popular Socialista - Pedro Satélite; da Bancada do Partido Socialista Brasileiro - Professora Vilma; da ASSEMBLEIA LEGISLATIVA DO ESTADO DE MATO GROSSO ATA DA CENTÉSIMA DÉCIMA QUARTA SESSÃO ORDINÁRIA DO DIA 16 DE DEZEMBRO DE 2010, ÀS 08:00 HORAS. Pág. 113 - Secretaria de Serviços Legislativos Bancada do Partido da Social Democracia Brasileira - Guilherme Maluf; da Bancada dos Democratas - Dilceu Dal Bosco, Chica Nunes, José Domingos Fraga e Joaquim Sucena. Deixaram de comparecer os Srs. Deputados: Dr. Antônio Azambuja e Maksuês Leite, do PP; Adalto de Freitas - Daltinho, do PMDB; Percival Muniz, do PPS; Otaviano Pivetta, do PDT.","portal_casa","brutos/almt/documentos/doc_173998.pdf","alta","data_raw/assembleias3/MT/composicao_final.csv",TRUE
"MT","2006","2010-12-16","M2006_MT_7_45678_10209","Chica Nunes","em_exercicio","https://storage.al.mt.gov.br/api/v1/download/default/173998","Compareceram à Sessão os seguintes Srs. Deputados: da Bancada do Partido da República - J. Barreto, João Malheiros, Mauro Savi, Sebastião Rezende, Sérgio Ricardo e Wagner Ramos; da Bancada do Partido Progressista - Airton Português e Wilson Teixeira - Dentinho; da Bancada do Partido do Movimento Democrático Brasileiro - Benedito Pinto e Nilson Santos; da Bancada do Partido dos Trabalhadores - Ademir Brunetto e Ságuas; da Bancada do Partido Popular Socialista - Pedro Satélite; da Bancada do Partido Socialista Brasileiro - Professora Vilma; da ASSEMBLEIA LEGISLATIVA DO ESTADO DE MATO GROSSO ATA DA CENTÉSIMA DÉCIMA QUARTA SESSÃO ORDINÁRIA DO DIA 16 DE DEZEMBRO DE 2010, ÀS 08:00 HORAS. Pág. 113 - Secretaria de Serviços Legislativos Bancada do Partido da Social Democracia Brasileira - Guilherme Maluf; da Bancada dos Democratas - Dilceu Dal Bosco, Chica Nunes, José Domingos Fraga e Joaquim Sucena. Deixaram de comparecer os Srs. Deputados: Dr. Antônio Azambuja e Maksuês Leite, do PP; Adalto de Freitas - Daltinho, do PMDB; Percival Muniz, do PPS; Otaviano Pivetta, do PDT.","portal_casa","brutos/almt/documentos/doc_173998.pdf","alta","data_raw/assembleias3/MT/composicao_final.csv",TRUE
"MT","2010","2014-12-30","M2010_MT_7_11211_110000000318","Dr. Antônio Azambuja","em_exercicio","https://storage.al.mt.gov.br/api/v1/download/default/174686","Compareceram à Sessão os seguintes Srs. Deputados: da Bancada do Partido da República – Emanuel Pinheiro, Hermínio J. Barreto, Mauro Savi, João Malheiros, Nininho, Sebastião Rezende e Wagner Ramos; da Bancada do Partido Social Democrático – Airton Português, Riva, Luizinho Magalhães e Pedro Satélite; da Bancada do Bloco Independente – Dr. Antônio Azambuja, Dilmar Dal Bosco, Ezequiel Fonseca, Guilherme Maluf, Zeca Viana, Luciane Bezerra e Luiz Marinho; da Bancada do Bloco Democrático dos Trabalhadores – Ademir Brunetto, Alexandre Cesar, Teté Bezerra e Romoaldo Júnior. Deixaram de comparecer os seguintes Srs. Deputados: José Domingos Fraga, do PSD; e Baiano Filho, da Bancada do Bloco Democrático dos Trabalhadores.","portal_casa","brutos/almt/documentos/doc_174686.pdf","alta","data_raw/assembleias3/MT/composicao_final.csv",TRUE
"MT","2010","2014-12-30","M2010_MT_7_11222_110000000461","Airton Português","em_exercicio","https://storage.al.mt.gov.br/api/v1/download/default/174686","Compareceram à Sessão os seguintes Srs. Deputados: da Bancada do Partido da República – Emanuel Pinheiro, Hermínio J. Barreto, Mauro Savi, João Malheiros, Nininho, Sebastião Rezende e Wagner Ramos; da Bancada do Partido Social Democrático – Airton Português, Riva, Luizinho Magalhães e Pedro Satélite; da Bancada do Bloco Independente – Dr. Antônio Azambuja, Dilmar Dal Bosco, Ezequiel Fonseca, Guilherme Maluf, Zeca Viana, Luciane Bezerra e Luiz Marinho; da Bancada do Bloco Democrático dos Trabalhadores – Ademir Brunetto, Alexandre Cesar, Teté Bezerra e Romoaldo Júnior. Deixaram de comparecer os seguintes Srs. Deputados: José Domingos Fraga, do PSD; e Baiano Filho, da Bancada do Bloco Democrático dos Trabalhadores.","portal_casa","brutos/almt/documentos/doc_174686.pdf","alta","data_raw/assembleias3/MT/composicao_final.csv",TRUE
"MT","2010","2014-12-30","M2010_MT_7_11234_110000000313","Riva","em_exercicio","https://storage.al.mt.gov.br/api/v1/download/default/174686","Compareceram à Sessão os seguintes Srs. Deputados: da Bancada do Partido da República – Emanuel Pinheiro, Hermínio J. Barreto, Mauro Savi, João Malheiros, Nininho, Sebastião Rezende e Wagner Ramos; da Bancada do Partido Social Democrático – Airton Português, Riva, Luizinho Magalhães e Pedro Satélite; da Bancada do Bloco Independente – Dr. Antônio Azambuja, Dilmar Dal Bosco, Ezequiel Fonseca, Guilherme Maluf, Zeca Viana, Luciane Bezerra e Luiz Marinho; da Bancada do Bloco Democrático dos Trabalhadores – Ademir Brunetto, Alexandre Cesar, Teté Bezerra e Romoaldo Júnior. Deixaram de comparecer os seguintes Srs. Deputados: José Domingos Fraga, do PSD; e Baiano Filho, da Bancada do Bloco Democrático dos Trabalhadores.","portal_casa","brutos/almt/documentos/doc_174686.pdf","alta","data_raw/assembleias3/MT/composicao_final.csv",TRUE
"MT","2010","2014-12-30","M2010_MT_7_11456_110000000298","Ezequiel Fonseca","em_exercicio","https://storage.al.mt.gov.br/api/v1/download/default/174686","Compareceram à Sessão os seguintes Srs. Deputados: da Bancada do Partido da República – Emanuel Pinheiro, Hermínio J. Barreto, Mauro Savi, João Malheiros, Nininho, Sebastião Rezende e Wagner Ramos; da Bancada do Partido Social Democrático – Airton Português, Riva, Luizinho Magalhães e Pedro Satélite; da Bancada do Bloco Independente – Dr. Antônio Azambuja, Dilmar Dal Bosco, Ezequiel Fonseca, Guilherme Maluf, Zeca Viana, Luciane Bezerra e Luiz Marinho; da Bancada do Bloco Democrático dos Trabalhadores – Ademir Brunetto, Alexandre Cesar, Teté Bezerra e Romoaldo Júnior. Deixaram de comparecer os seguintes Srs. Deputados: José Domingos Fraga, do PSD; e Baiano Filho, da Bancada do Bloco Democrático dos Trabalhadores.","portal_casa","brutos/almt/documentos/doc_174686.pdf","alta","data_raw/assembleias3/MT/composicao_final.csv",TRUE
"MT","2010","2014-12-30","M2010_MT_7_12345_110000000577","Zeca Viana","em_exercicio","https://storage.al.mt.gov.br/api/v1/download/default/174686","Compareceram à Sessão os seguintes Srs. Deputados: da Bancada do Partido da República – Emanuel Pinheiro, Hermínio J. Barreto, Mauro Savi, João Malheiros, Nininho, Sebastião Rezende e Wagner Ramos; da Bancada do Partido Social Democrático – Airton Português, Riva, Luizinho Magalhães e Pedro Satélite; da Bancada do Bloco Independente – Dr. Antônio Azambuja, Dilmar Dal Bosco, Ezequiel Fonseca, Guilherme Maluf, Zeca Viana, Luciane Bezerra e Luiz Marinho; da Bancada do Bloco Democrático dos Trabalhadores – Ademir Brunetto, Alexandre Cesar, Teté Bezerra e Romoaldo Júnior. Deixaram de comparecer os seguintes Srs. Deputados: José Domingos Fraga, do PSD; e Baiano Filho, da Bancada do Bloco Democrático dos Trabalhadores.","portal_casa","brutos/almt/documentos/doc_174686.pdf","alta","data_raw/assembleias3/MT/composicao_final.csv",TRUE
"MT","2010","2014-12-30","M2010_MT_7_13000_110000000132","Ademir Brunetto","em_exercicio","https://storage.al.mt.gov.br/api/v1/download/default/174686","Compareceram à Sessão os seguintes Srs. Deputados: da Bancada do Partido da República – Emanuel Pinheiro, Hermínio J. Barreto, Mauro Savi, João Malheiros, Nininho, Sebastião Rezende e Wagner Ramos; da Bancada do Partido Social Democrático – Airton Português, Riva, Luizinho Magalhães e Pedro Satélite; da Bancada do Bloco Independente – Dr. Antônio Azambuja, Dilmar Dal Bosco, Ezequiel Fonseca, Guilherme Maluf, Zeca Viana, Luciane Bezerra e Luiz Marinho; da Bancada do Bloco Democrático dos Trabalhadores – Ademir Brunetto, Alexandre Cesar, Teté Bezerra e Romoaldo Júnior. Deixaram de comparecer os seguintes Srs. Deputados: José Domingos Fraga, do PSD; e Baiano Filho, da Bancada do Bloco Democrático dos Trabalhadores.","portal_casa","brutos/almt/documentos/doc_174686.pdf","alta","data_raw/assembleias3/MT/composicao_final.csv",TRUE
"MT","2010","2014-12-30","M2010_MT_7_14650_110000000380","Luiz Marinho","em_exercicio","https://storage.al.mt.gov.br/api/v1/download/default/174686","Compareceram à Sessão os seguintes Srs. Deputados: da Bancada do Partido da República – Emanuel Pinheiro, Hermínio J. Barreto, Mauro Savi, João Malheiros, Nininho, Sebastião Rezende e Wagner Ramos; da Bancada do Partido Social Democrático – Airton Português, Riva, Luizinho Magalhães e Pedro Satélite; da Bancada do Bloco Independente – Dr. Antônio Azambuja, Dilmar Dal Bosco, Ezequiel Fonseca, Guilherme Maluf, Zeca Viana, Luciane Bezerra e Luiz Marinho; da Bancada do Bloco Democrático dos Trabalhadores – Ademir Brunetto, Alexandre Cesar, Teté Bezerra e Romoaldo Júnior. Deixaram de comparecer os seguintes Srs. Deputados: José Domingos Fraga, do PSD; e Baiano Filho, da Bancada do Bloco Democrático dos Trabalhadores.","portal_casa","brutos/almt/documentos/doc_174686.pdf","alta","data_raw/assembleias3/MT/composicao_final.csv",TRUE
"MT","2010","2014-12-30","M2010_MT_7_15015_110000000100","Teté Bezerra","em_exercicio","https://storage.al.mt.gov.br/api/v1/download/default/174686","Compareceram à Sessão os seguintes Srs. Deputados: da Bancada do Partido da República – Emanuel Pinheiro, Hermínio J. Barreto, Mauro Savi, João Malheiros, Nininho, Sebastião Rezende e Wagner Ramos; da Bancada do Partido Social Democrático – Airton Português, Riva, Luizinho Magalhães e Pedro Satélite; da Bancada do Bloco Independente – Dr. Antônio Azambuja, Dilmar Dal Bosco, Ezequiel Fonseca, Guilherme Maluf, Zeca Viana, Luciane Bezerra e Luiz Marinho; da Bancada do Bloco Democrático dos Trabalhadores – Ademir Brunetto, Alexandre Cesar, Teté Bezerra e Romoaldo Júnior. Deixaram de comparecer os seguintes Srs. Deputados: José Domingos Fraga, do PSD; e Baiano Filho, da Bancada do Bloco Democrático dos Trabalhadores.","portal_casa","brutos/almt/documentos/doc_174686.pdf","alta","data_raw/assembleias3/MT/composicao_final.csv",TRUE
"MT","2010","2014-12-30","M2010_MT_7_15151_110000000145","Romoaldo Júnior","em_exercicio","https://storage.al.mt.gov.br/api/v1/download/default/174686","Compareceram à Sessão os seguintes Srs. Deputados: da Bancada do Partido da República – Emanuel Pinheiro, Hermínio J. Barreto, Mauro Savi, João Malheiros, Nininho, Sebastião Rezende e Wagner Ramos; da Bancada do Partido Social Democrático – Airton Português, Riva, Luizinho Magalhães e Pedro Satélite; da Bancada do Bloco Independente – Dr. Antônio Azambuja, Dilmar Dal Bosco, Ezequiel Fonseca, Guilherme Maluf, Zeca Viana, Luciane Bezerra e Luiz Marinho; da Bancada do Bloco Democrático dos Trabalhadores – Ademir Brunetto, Alexandre Cesar, Teté Bezerra e Romoaldo Júnior. Deixaram de comparecer os seguintes Srs. Deputados: José Domingos Fraga, do PSD; e Baiano Filho, da Bancada do Bloco Democrático dos Trabalhadores.","portal_casa","brutos/almt/documentos/doc_174686.pdf","alta","data_raw/assembleias3/MT/composicao_final.csv",TRUE
"MT","2010","2014-12-30","M2010_MT_7_15200_110000000110","Baiano Filho","em_exercicio","https://storage.al.mt.gov.br/api/v1/download/default/174686","Compareceram à Sessão os seguintes Srs. Deputados: da Bancada do Partido da República – Emanuel Pinheiro, Hermínio J. Barreto, Mauro Savi, João Malheiros, Nininho, Sebastião Rezende e Wagner Ramos; da Bancada do Partido Social Democrático – Airton Português, Riva, Luizinho Magalhães e Pedro Satélite; da Bancada do Bloco Independente – Dr. Antônio Azambuja, Dilmar Dal Bosco, Ezequiel Fonseca, Guilherme Maluf, Zeca Viana, Luciane Bezerra e Luiz Marinho; da Bancada do Bloco Democrático dos Trabalhadores – Ademir Brunetto, Alexandre Cesar, Teté Bezerra e Romoaldo Júnior. Deixaram de comparecer os seguintes Srs. Deputados: José Domingos Fraga, do PSD; e Baiano Filho, da Bancada do Bloco Democrático dos Trabalhadores.","portal_casa","brutos/almt/documentos/doc_174686.pdf","alta","data_raw/assembleias3/MT/composicao_final.csv",TRUE
"MT","2010","2014-12-30","M2010_MT_7_22022_110000000124","Sebastião Rezende","em_exercicio","https://storage.al.mt.gov.br/api/v1/download/default/174686","Compareceram à Sessão os seguintes Srs. Deputados: da Bancada do Partido da República – Emanuel Pinheiro, Hermínio J. Barreto, Mauro Savi, João Malheiros, Nininho, Sebastião Rezende e Wagner Ramos; da Bancada do Partido Social Democrático – Airton Português, Riva, Luizinho Magalhães e Pedro Satélite; da Bancada do Bloco Independente – Dr. Antônio Azambuja, Dilmar Dal Bosco, Ezequiel Fonseca, Guilherme Maluf, Zeca Viana, Luciane Bezerra e Luiz Marinho; da Bancada do Bloco Democrático dos Trabalhadores – Ademir Brunetto, Alexandre Cesar, Teté Bezerra e Romoaldo Júnior. Deixaram de comparecer os seguintes Srs. Deputados: José Domingos Fraga, do PSD; e Baiano Filho, da Bancada do Bloco Democrático dos Trabalhadores.","portal_casa","brutos/almt/documentos/doc_174686.pdf","alta","data_raw/assembleias3/MT/composicao_final.csv",TRUE
"MT","2010","2014-12-30","M2010_MT_7_22040_110000000114","Mauro Savi","em_exercicio","https://storage.al.mt.gov.br/api/v1/download/default/174686","Compareceram à Sessão os seguintes Srs. Deputados: da Bancada do Partido da República – Emanuel Pinheiro, Hermínio J. Barreto, Mauro Savi, João Malheiros, Nininho, Sebastião Rezende e Wagner Ramos; da Bancada do Partido Social Democrático – Airton Português, Riva, Luizinho Magalhães e Pedro Satélite; da Bancada do Bloco Independente – Dr. Antônio Azambuja, Dilmar Dal Bosco, Ezequiel Fonseca, Guilherme Maluf, Zeca Viana, Luciane Bezerra e Luiz Marinho; da Bancada do Bloco Democrático dos Trabalhadores – Ademir Brunetto, Alexandre Cesar, Teté Bezerra e Romoaldo Júnior. Deixaram de comparecer os seguintes Srs. Deputados: José Domingos Fraga, do PSD; e Baiano Filho, da Bancada do Bloco Democrático dos Trabalhadores.","portal_casa","brutos/almt/documentos/doc_174686.pdf","alta","data_raw/assembleias3/MT/composicao_final.csv",TRUE
"MT","2010","2014-12-30","M2010_MT_7_22123_110000000454","Hermínio J. Barreto","em_exercicio","https://storage.al.mt.gov.br/api/v1/download/default/174686","Compareceram à Sessão os seguintes Srs. Deputados: da Bancada do Partido da República – Emanuel Pinheiro, Hermínio J. Barreto, Mauro Savi, João Malheiros, Nininho, Sebastião Rezende e Wagner Ramos; da Bancada do Partido Social Democrático – Airton Português, Riva, Luizinho Magalhães e Pedro Satélite; da Bancada do Bloco Independente – Dr. Antônio Azambuja, Dilmar Dal Bosco, Ezequiel Fonseca, Guilherme Maluf, Zeca Viana, Luciane Bezerra e Luiz Marinho; da Bancada do Bloco Democrático dos Trabalhadores – Ademir Brunetto, Alexandre Cesar, Teté Bezerra e Romoaldo Júnior. Deixaram de comparecer os seguintes Srs. Deputados: José Domingos Fraga, do PSD; e Baiano Filho, da Bancada do Bloco Democrático dos Trabalhadores.","portal_casa","brutos/almt/documentos/doc_174686.pdf","alta","data_raw/assembleias3/MT/composicao_final.csv",TRUE
"MT","2010","2014-12-30","M2010_MT_7_22666_110000000109","João Malheiros","em_exercicio","https://storage.al.mt.gov.br/api/v1/download/default/174686","Compareceram à Sessão os seguintes Srs. Deputados: da Bancada do Partido da República – Emanuel Pinheiro, Hermínio J. Barreto, Mauro Savi, João Malheiros, Nininho, Sebastião Rezende e Wagner Ramos; da Bancada do Partido Social Democrático – Airton Português, Riva, Luizinho Magalhães e Pedro Satélite; da Bancada do Bloco Independente – Dr. Antônio Azambuja, Dilmar Dal Bosco, Ezequiel Fonseca, Guilherme Maluf, Zeca Viana, Luciane Bezerra e Luiz Marinho; da Bancada do Bloco Democrático dos Trabalhadores – Ademir Brunetto, Alexandre Cesar, Teté Bezerra e Romoaldo Júnior. Deixaram de comparecer os seguintes Srs. Deputados: José Domingos Fraga, do PSD; e Baiano Filho, da Bancada do Bloco Democrático dos Trabalhadores.","portal_casa","brutos/almt/documentos/doc_174686.pdf","alta","data_raw/assembleias3/MT/composicao_final.csv",TRUE
"MT","2010","2014-12-30","M2010_MT_7_22999_110000000455","Wagner Ramos","em_exercicio","https://storage.al.mt.gov.br/api/v1/download/default/174686","Compareceram à Sessão os seguintes Srs. Deputados: da Bancada do Partido da República – Emanuel Pinheiro, Hermínio J. Barreto, Mauro Savi, João Malheiros, Nininho, Sebastião Rezende e Wagner Ramos; da Bancada do Partido Social Democrático – Airton Português, Riva, Luizinho Magalhães e Pedro Satélite; da Bancada do Bloco Independente – Dr. Antônio Azambuja, Dilmar Dal Bosco, Ezequiel Fonseca, Guilherme Maluf, Zeca Viana, Luciane Bezerra e Luiz Marinho; da Bancada do Bloco Democrático dos Trabalhadores – Ademir Brunetto, Alexandre Cesar, Teté Bezerra e Romoaldo Júnior. Deixaram de comparecer os seguintes Srs. Deputados: José Domingos Fraga, do PSD; e Baiano Filho, da Bancada do Bloco Democrático dos Trabalhadores.","portal_casa","brutos/almt/documentos/doc_174686.pdf","alta","data_raw/assembleias3/MT/composicao_final.csv",TRUE
"MT","2010","2014-12-30","M2010_MT_7_25125_110000000046","Dilmar Dal Bosco","em_exercicio","https://storage.al.mt.gov.br/api/v1/download/default/174686","Compareceram à Sessão os seguintes Srs. Deputados: da Bancada do Partido da República – Emanuel Pinheiro, Hermínio J. Barreto, Mauro Savi, João Malheiros, Nininho, Sebastião Rezende e Wagner Ramos; da Bancada do Partido Social Democrático – Airton Português, Riva, Luizinho Magalhães e Pedro Satélite; da Bancada do Bloco Independente – Dr. Antônio Azambuja, Dilmar Dal Bosco, Ezequiel Fonseca, Guilherme Maluf, Zeca Viana, Luciane Bezerra e Luiz Marinho; da Bancada do Bloco Democrático dos Trabalhadores – Ademir Brunetto, Alexandre Cesar, Teté Bezerra e Romoaldo Júnior. Deixaram de comparecer os seguintes Srs. Deputados: José Domingos Fraga, do PSD; e Baiano Filho, da Bancada do Bloco Democrático dos Trabalhadores.","portal_casa","brutos/almt/documentos/doc_174686.pdf","alta","data_raw/assembleias3/MT/composicao_final.csv",TRUE
"MT","2010","2014-12-30","M2010_MT_7_25456_110000000057","José Domingos Fraga","em_exercicio","https://storage.al.mt.gov.br/api/v1/download/default/174686","Compareceram à Sessão os seguintes Srs. Deputados: da Bancada do Partido da República – Emanuel Pinheiro, Hermínio J. Barreto, Mauro Savi, João Malheiros, Nininho, Sebastião Rezende e Wagner Ramos; da Bancada do Partido Social Democrático – Airton Português, Riva, Luizinho Magalhães e Pedro Satélite; da Bancada do Bloco Independente – Dr. Antônio Azambuja, Dilmar Dal Bosco, Ezequiel Fonseca, Guilherme Maluf, Zeca Viana, Luciane Bezerra e Luiz Marinho; da Bancada do Bloco Democrático dos Trabalhadores – Ademir Brunetto, Alexandre Cesar, Teté Bezerra e Romoaldo Júnior. Deixaram de comparecer os seguintes Srs. Deputados: José Domingos Fraga, do PSD; e Baiano Filho, da Bancada do Bloco Democrático dos Trabalhadores.","portal_casa","brutos/almt/documentos/doc_174686.pdf","alta","data_raw/assembleias3/MT/composicao_final.csv",TRUE
"MT","2010","2014-12-30","M2010_MT_7_40300_110000000195","Luciane Bezerra","em_exercicio","https://storage.al.mt.gov.br/api/v1/download/default/174686","Compareceram à Sessão os seguintes Srs. Deputados: da Bancada do Partido da República – Emanuel Pinheiro, Hermínio J. Barreto, Mauro Savi, João Malheiros, Nininho, Sebastião Rezende e Wagner Ramos; da Bancada do Partido Social Democrático – Airton Português, Riva, Luizinho Magalhães e Pedro Satélite; da Bancada do Bloco Independente – Dr. Antônio Azambuja, Dilmar Dal Bosco, Ezequiel Fonseca, Guilherme Maluf, Zeca Viana, Luciane Bezerra e Luiz Marinho; da Bancada do Bloco Democrático dos Trabalhadores – Ademir Brunetto, Alexandre Cesar, Teté Bezerra e Romoaldo Júnior. Deixaram de comparecer os seguintes Srs. Deputados: José Domingos Fraga, do PSD; e Baiano Filho, da Bancada do Bloco Democrático dos Trabalhadores.","portal_casa","brutos/almt/documentos/doc_174686.pdf","alta","data_raw/assembleias3/MT/composicao_final.csv",TRUE
"MT","2010","2014-12-30","M2010_MT_7_45000_110000000077","Guilherme Maluf","em_exercicio","https://storage.al.mt.gov.br/api/v1/download/default/174686","Compareceram à Sessão os seguintes Srs. Deputados: da Bancada do Partido da República – Emanuel Pinheiro, Hermínio J. Barreto, Mauro Savi, João Malheiros, Nininho, Sebastião Rezende e Wagner Ramos; da Bancada do Partido Social Democrático – Airton Português, Riva, Luizinho Magalhães e Pedro Satélite; da Bancada do Bloco Independente – Dr. Antônio Azambuja, Dilmar Dal Bosco, Ezequiel Fonseca, Guilherme Maluf, Zeca Viana, Luciane Bezerra e Luiz Marinho; da Bancada do Bloco Democrático dos Trabalhadores – Ademir Brunetto, Alexandre Cesar, Teté Bezerra e Romoaldo Júnior. Deixaram de comparecer os seguintes Srs. Deputados: José Domingos Fraga, do PSD; e Baiano Filho, da Bancada do Bloco Democrático dos Trabalhadores.","portal_casa","brutos/almt/documentos/doc_174686.pdf","alta","data_raw/assembleias3/MT/composicao_final.csv",TRUE
"MT","2014","2019-01-29","M2014_MT_7_12345_110000000097","Zeca Viana","em_exercicio","https://storage.al.mt.gov.br/api/v1/download/default/185696","Compareceram à Sessão os seguintes Srs. Deputados: da Bancada do Bloco Integração – Adalto de Freitas, Dilmar Dal Bosco, Wagner Ramos, Eduardo Botelho, Dr. Leonardo, Max Russi, Nininho, Pedro Satélite, Saturnino Masson, Sebastião Rezende, Wancley Carvalho e Wilson Santos; da Bancada do Bloco Independente – Oscar Bezerra, Mauro Savi, Romoaldo Júnior, Silvano Amaral e Zé Domingos Fraga; da Bancada do Bloco Assembleia Livre – Janaina Riva e Valdir Barranco. Deixaram de comparecer os Srs. Deputados: Gilmar Fabris, Baiano Filho, da Bancada do Bloco Integração; Guilherme Maluf, da Bancada do Bloco Independente, e Professor Allan Kardec e Zeca Viana, da Bancada do Bloco Assembleia Livre.","portal_casa","brutos/almt/documentos/doc_185696.pdf","alta","data_raw/assembleias3/MT/composicao_final.csv",TRUE
"MT","2014","2019-01-29","M2014_MT_7_12612_110000000098","Dr. Leonardo","em_exercicio","https://storage.al.mt.gov.br/api/v1/download/default/185696","Compareceram à Sessão os seguintes Srs. Deputados: da Bancada do Bloco Integração – Adalto de Freitas, Dilmar Dal Bosco, Wagner Ramos, Eduardo Botelho, Dr. Leonardo, Max Russi, Nininho, Pedro Satélite, Saturnino Masson, Sebastião Rezende, Wancley Carvalho e Wilson Santos; da Bancada do Bloco Independente – Oscar Bezerra, Mauro Savi, Romoaldo Júnior, Silvano Amaral e Zé Domingos Fraga; da Bancada do Bloco Assembleia Livre – Janaina Riva e Valdir Barranco. Deixaram de comparecer os Srs. Deputados: Gilmar Fabris, Baiano Filho, da Bancada do Bloco Integração; Guilherme Maluf, da Bancada do Bloco Independente, e Professor Allan Kardec e Zeca Viana, da Bancada do Bloco Assembleia Livre.","portal_casa","brutos/almt/documentos/doc_185696.pdf","alta","data_raw/assembleias3/MT/composicao_final.csv",TRUE
"MT","2014","2019-01-29","M2014_MT_7_13123_110000000334","Valdir Barranco","em_exercicio","https://storage.al.mt.gov.br/api/v1/download/default/185696","Compareceram à Sessão os seguintes Srs. Deputados: da Bancada do Bloco Integração – Adalto de Freitas, Dilmar Dal Bosco, Wagner Ramos, Eduardo Botelho, Dr. Leonardo, Max Russi, Nininho, Pedro Satélite, Saturnino Masson, Sebastião Rezende, Wancley Carvalho e Wilson Santos; da Bancada do Bloco Independente – Oscar Bezerra, Mauro Savi, Romoaldo Júnior, Silvano Amaral e Zé Domingos Fraga; da Bancada do Bloco Assembleia Livre – Janaina Riva e Valdir Barranco. Deixaram de comparecer os Srs. Deputados: Gilmar Fabris, Baiano Filho, da Bancada do Bloco Integração; Guilherme Maluf, da Bancada do Bloco Independente, e Professor Allan Kardec e Zeca Viana, da Bancada do Bloco Assembleia Livre.","portal_casa","brutos/almt/documentos/doc_185696.pdf","alta","data_raw/assembleias3/MT/composicao_final.csv",TRUE
"MT","2014","2019-01-29","M2014_MT_7_15123_110000000362","Silvano Amaral","em_exercicio","https://storage.al.mt.gov.br/api/v1/download/default/185696","Compareceram à Sessão os seguintes Srs. Deputados: da Bancada do Bloco Integração – Adalto de Freitas, Dilmar Dal Bosco, Wagner Ramos, Eduardo Botelho, Dr. Leonardo, Max Russi, Nininho, Pedro Satélite, Saturnino Masson, Sebastião Rezende, Wancley Carvalho e Wilson Santos; da Bancada do Bloco Independente – Oscar Bezerra, Mauro Savi, Romoaldo Júnior, Silvano Amaral e Zé Domingos Fraga; da Bancada do Bloco Assembleia Livre – Janaina Riva e Valdir Barranco. Deixaram de comparecer os Srs. Deputados: Gilmar Fabris, Baiano Filho, da Bancada do Bloco Integração; Guilherme Maluf, da Bancada do Bloco Independente, e Professor Allan Kardec e Zeca Viana, da Bancada do Bloco Assembleia Livre.","portal_casa","brutos/almt/documentos/doc_185696.pdf","alta","data_raw/assembleias3/MT/composicao_final.csv",TRUE
"MT","2014","2019-01-29","M2014_MT_7_15151_110000000361","Romoaldo Júnior","em_exercicio","https://storage.al.mt.gov.br/api/v1/download/default/185696","Compareceram à Sessão os seguintes Srs. Deputados: da Bancada do Bloco Integração – Adalto de Freitas, Dilmar Dal Bosco, Wagner Ramos, Eduardo Botelho, Dr. Leonardo, Max Russi, Nininho, Pedro Satélite, Saturnino Masson, Sebastião Rezende, Wancley Carvalho e Wilson Santos; da Bancada do Bloco Independente – Oscar Bezerra, Mauro Savi, Romoaldo Júnior, Silvano Amaral e Zé Domingos Fraga; da Bancada do Bloco Assembleia Livre – Janaina Riva e Valdir Barranco. Deixaram de comparecer os Srs. Deputados: Gilmar Fabris, Baiano Filho, da Bancada do Bloco Integração; Guilherme Maluf, da Bancada do Bloco Independente, e Professor Allan Kardec e Zeca Viana, da Bancada do Bloco Assembleia Livre.","portal_casa","brutos/almt/documentos/doc_185696.pdf","alta","data_raw/assembleias3/MT/composicao_final.csv",TRUE
"MT","2014","2019-01-29","M2014_MT_7_15200_110000000354","Baiano Filho","em_exercicio","https://storage.al.mt.gov.br/api/v1/download/default/185696","Compareceram à Sessão os seguintes Srs. Deputados: da Bancada do Bloco Integração – Adalto de Freitas, Dilmar Dal Bosco, Wagner Ramos, Eduardo Botelho, Dr. Leonardo, Max Russi, Nininho, Pedro Satélite, Saturnino Masson, Sebastião Rezende, Wancley Carvalho e Wilson Santos; da Bancada do Bloco Independente – Oscar Bezerra, Mauro Savi, Romoaldo Júnior, Silvano Amaral e Zé Domingos Fraga; da Bancada do Bloco Assembleia Livre – Janaina Riva e Valdir Barranco. Deixaram de comparecer os Srs. Deputados: Gilmar Fabris, Baiano Filho, da Bancada do Bloco Integração; Guilherme Maluf, da Bancada do Bloco Independente, e Professor Allan Kardec e Zeca Viana, da Bancada do Bloco Assembleia Livre.","portal_casa","brutos/almt/documentos/doc_185696.pdf","alta","data_raw/assembleias3/MT/composicao_final.csv",TRUE
"MT","2014","2019-01-29","M2014_MT_7_22022_110000000378","Sebastião Rezende","em_exercicio","https://storage.al.mt.gov.br/api/v1/download/default/185696","Compareceram à Sessão os seguintes Srs. Deputados: da Bancada do Bloco Integração – Adalto de Freitas, Dilmar Dal Bosco, Wagner Ramos, Eduardo Botelho, Dr. Leonardo, Max Russi, Nininho, Pedro Satélite, Saturnino Masson, Sebastião Rezende, Wancley Carvalho e Wilson Santos; da Bancada do Bloco Independente – Oscar Bezerra, Mauro Savi, Romoaldo Júnior, Silvano Amaral e Zé Domingos Fraga; da Bancada do Bloco Assembleia Livre – Janaina Riva e Valdir Barranco. Deixaram de comparecer os Srs. Deputados: Gilmar Fabris, Baiano Filho, da Bancada do Bloco Integração; Guilherme Maluf, da Bancada do Bloco Independente, e Professor Allan Kardec e Zeca Viana, da Bancada do Bloco Assembleia Livre.","portal_casa","brutos/almt/documentos/doc_185696.pdf","alta","data_raw/assembleias3/MT/composicao_final.csv",TRUE
"MT","2014","2019-01-29","M2014_MT_7_22040_110000000374","Mauro Savi","em_exercicio","https://storage.al.mt.gov.br/api/v1/download/default/185696","Compareceram à Sessão os seguintes Srs. Deputados: da Bancada do Bloco Integração – Adalto de Freitas, Dilmar Dal Bosco, Wagner Ramos, Eduardo Botelho, Dr. Leonardo, Max Russi, Nininho, Pedro Satélite, Saturnino Masson, Sebastião Rezende, Wancley Carvalho e Wilson Santos; da Bancada do Bloco Independente – Oscar Bezerra, Mauro Savi, Romoaldo Júnior, Silvano Amaral e Zé Domingos Fraga; da Bancada do Bloco Assembleia Livre – Janaina Riva e Valdir Barranco. Deixaram de comparecer os Srs. Deputados: Gilmar Fabris, Baiano Filho, da Bancada do Bloco Integração; Guilherme Maluf, da Bancada do Bloco Independente, e Professor Allan Kardec e Zeca Viana, da Bancada do Bloco Assembleia Livre.","portal_casa","brutos/almt/documentos/doc_185696.pdf","alta","data_raw/assembleias3/MT/composicao_final.csv",TRUE
"MT","2014","2019-01-29","M2014_MT_7_22345_110000000376","Nininho","em_exercicio","https://storage.al.mt.gov.br/api/v1/download/default/185696","Compareceram à Sessão os seguintes Srs. Deputados: da Bancada do Bloco Integração – Adalto de Freitas, Dilmar Dal Bosco, Wagner Ramos, Eduardo Botelho, Dr. Leonardo, Max Russi, Nininho, Pedro Satélite, Saturnino Masson, Sebastião Rezende, Wancley Carvalho e Wilson Santos; da Bancada do Bloco Independente – Oscar Bezerra, Mauro Savi, Romoaldo Júnior, Silvano Amaral e Zé Domingos Fraga; da Bancada do Bloco Assembleia Livre – Janaina Riva e Valdir Barranco. Deixaram de comparecer os Srs. Deputados: Gilmar Fabris, Baiano Filho, da Bancada do Bloco Integração; Guilherme Maluf, da Bancada do Bloco Independente, e Professor Allan Kardec e Zeca Viana, da Bancada do Bloco Assembleia Livre.","portal_casa","brutos/almt/documentos/doc_185696.pdf","alta","data_raw/assembleias3/MT/composicao_final.csv",TRUE
"MT","2014","2019-01-29","M2014_MT_7_22999_110000000370","Wagner Ramos","em_exercicio","https://storage.al.mt.gov.br/api/v1/download/default/185696","Compareceram à Sessão os seguintes Srs. Deputados: da Bancada do Bloco Integração – Adalto de Freitas, Dilmar Dal Bosco, Wagner Ramos, Eduardo Botelho, Dr. Leonardo, Max Russi, Nininho, Pedro Satélite, Saturnino Masson, Sebastião Rezende, Wancley Carvalho e Wilson Santos; da Bancada do Bloco Independente – Oscar Bezerra, Mauro Savi, Romoaldo Júnior, Silvano Amaral e Zé Domingos Fraga; da Bancada do Bloco Assembleia Livre – Janaina Riva e Valdir Barranco. Deixaram de comparecer os Srs. Deputados: Gilmar Fabris, Baiano Filho, da Bancada do Bloco Integração; Guilherme Maluf, da Bancada do Bloco Independente, e Professor Allan Kardec e Zeca Viana, da Bancada do Bloco Assembleia Livre.","portal_casa","brutos/almt/documentos/doc_185696.pdf","alta","data_raw/assembleias3/MT/composicao_final.csv",TRUE
"MT","2014","2019-01-29","M2014_MT_7_25125_110000000084","Dilmar Dal Bosco","em_exercicio","https://storage.al.mt.gov.br/api/v1/download/default/185696","Compareceram à Sessão os seguintes Srs. Deputados: da Bancada do Bloco Integração – Adalto de Freitas, Dilmar Dal Bosco, Wagner Ramos, Eduardo Botelho, Dr. Leonardo, Max Russi, Nininho, Pedro Satélite, Saturnino Masson, Sebastião Rezende, Wancley Carvalho e Wilson Santos; da Bancada do Bloco Independente – Oscar Bezerra, Mauro Savi, Romoaldo Júnior, Silvano Amaral e Zé Domingos Fraga; da Bancada do Bloco Assembleia Livre – Janaina Riva e Valdir Barranco. Deixaram de comparecer os Srs. Deputados: Gilmar Fabris, Baiano Filho, da Bancada do Bloco Integração; Guilherme Maluf, da Bancada do Bloco Independente, e Professor Allan Kardec e Zeca Viana, da Bancada do Bloco Assembleia Livre.","portal_casa","brutos/almt/documentos/doc_185696.pdf","alta","data_raw/assembleias3/MT/composicao_final.csv",TRUE
"MT","2014","2019-01-29","M2014_MT_7_40000_110000000210","Max Russi","em_exercicio","https://storage.al.mt.gov.br/api/v1/download/default/185696","Compareceram à Sessão os seguintes Srs. Deputados: da Bancada do Bloco Integração – Adalto de Freitas, Dilmar Dal Bosco, Wagner Ramos, Eduardo Botelho, Dr. Leonardo, Max Russi, Nininho, Pedro Satélite, Saturnino Masson, Sebastião Rezende, Wancley Carvalho e Wilson Santos; da Bancada do Bloco Independente – Oscar Bezerra, Mauro Savi, Romoaldo Júnior, Silvano Amaral e Zé Domingos Fraga; da Bancada do Bloco Assembleia Livre – Janaina Riva e Valdir Barranco. Deixaram de comparecer os Srs. Deputados: Gilmar Fabris, Baiano Filho, da Bancada do Bloco Integração; Guilherme Maluf, da Bancada do Bloco Independente, e Professor Allan Kardec e Zeca Viana, da Bancada do Bloco Assembleia Livre.","portal_casa","brutos/almt/documentos/doc_185696.pdf","alta","data_raw/assembleias3/MT/composicao_final.csv",TRUE
"MT","2014","2019-01-29","M2014_MT_7_40300_110000000211","Oscar Bezerra","em_exercicio","https://storage.al.mt.gov.br/api/v1/download/default/185696","Compareceram à Sessão os seguintes Srs. Deputados: da Bancada do Bloco Integração – Adalto de Freitas, Dilmar Dal Bosco, Wagner Ramos, Eduardo Botelho, Dr. Leonardo, Max Russi, Nininho, Pedro Satélite, Saturnino Masson, Sebastião Rezende, Wancley Carvalho e Wilson Santos; da Bancada do Bloco Independente – Oscar Bezerra, Mauro Savi, Romoaldo Júnior, Silvano Amaral e Zé Domingos Fraga; da Bancada do Bloco Assembleia Livre – Janaina Riva e Valdir Barranco. Deixaram de comparecer os Srs. Deputados: Gilmar Fabris, Baiano Filho, da Bancada do Bloco Integração; Guilherme Maluf, da Bancada do Bloco Independente, e Professor Allan Kardec e Zeca Viana, da Bancada do Bloco Assembleia Livre.","portal_casa","brutos/almt/documentos/doc_185696.pdf","alta","data_raw/assembleias3/MT/composicao_final.csv",TRUE
"MT","2014","2019-01-29","M2014_MT_7_40650_110000000204","Eduardo Botelho","em_exercicio","https://storage.al.mt.gov.br/api/v1/download/default/185696","Compareceram à Sessão os seguintes Srs. Deputados: da Bancada do Bloco Integração – Adalto de Freitas, Dilmar Dal Bosco, Wagner Ramos, Eduardo Botelho, Dr. Leonardo, Max Russi, Nininho, Pedro Satélite, Saturnino Masson, Sebastião Rezende, Wancley Carvalho e Wilson Santos; da Bancada do Bloco Independente – Oscar Bezerra, Mauro Savi, Romoaldo Júnior, Silvano Amaral e Zé Domingos Fraga; da Bancada do Bloco Assembleia Livre – Janaina Riva e Valdir Barranco. Deixaram de comparecer os Srs. Deputados: Gilmar Fabris, Baiano Filho, da Bancada do Bloco Integração; Guilherme Maluf, da Bancada do Bloco Independente, e Professor Allan Kardec e Zeca Viana, da Bancada do Bloco Assembleia Livre.","portal_casa","brutos/almt/documentos/doc_185696.pdf","alta","data_raw/assembleias3/MT/composicao_final.csv",TRUE
"MT","2014","2019-01-29","M2014_MT_7_43333_110000000081","Wancley Carvalho","em_exercicio","https://storage.al.mt.gov.br/api/v1/download/default/185696","Compareceram à Sessão os seguintes Srs. Deputados: da Bancada do Bloco Integração – Adalto de Freitas, Dilmar Dal Bosco, Wagner Ramos, Eduardo Botelho, Dr. Leonardo, Max Russi, Nininho, Pedro Satélite, Saturnino Masson, Sebastião Rezende, Wancley Carvalho e Wilson Santos; da Bancada do Bloco Independente – Oscar Bezerra, Mauro Savi, Romoaldo Júnior, Silvano Amaral e Zé Domingos Fraga; da Bancada do Bloco Assembleia Livre – Janaina Riva e Valdir Barranco. Deixaram de comparecer os Srs. Deputados: Gilmar Fabris, Baiano Filho, da Bancada do Bloco Integração; Guilherme Maluf, da Bancada do Bloco Independente, e Professor Allan Kardec e Zeca Viana, da Bancada do Bloco Assembleia Livre.","portal_casa","brutos/almt/documentos/doc_185696.pdf","alta","data_raw/assembleias3/MT/composicao_final.csv",TRUE
"MT","2014","2019-01-29","M2014_MT_7_45000_110000000111","Guilherme Maluf","em_exercicio","https://storage.al.mt.gov.br/api/v1/download/default/185696","Compareceram à Sessão os seguintes Srs. Deputados: da Bancada do Bloco Integração – Adalto de Freitas, Dilmar Dal Bosco, Wagner Ramos, Eduardo Botelho, Dr. Leonardo, Max Russi, Nininho, Pedro Satélite, Saturnino Masson, Sebastião Rezende, Wancley Carvalho e Wilson Santos; da Bancada do Bloco Independente – Oscar Bezerra, Mauro Savi, Romoaldo Júnior, Silvano Amaral e Zé Domingos Fraga; da Bancada do Bloco Assembleia Livre – Janaina Riva e Valdir Barranco. Deixaram de comparecer os Srs. Deputados: Gilmar Fabris, Baiano Filho, da Bancada do Bloco Integração; Guilherme Maluf, da Bancada do Bloco Independente, e Professor Allan Kardec e Zeca Viana, da Bancada do Bloco Assembleia Livre.","portal_casa","brutos/almt/documentos/doc_185696.pdf","alta","data_raw/assembleias3/MT/composicao_final.csv",TRUE
"MT","2014","2019-01-29","M2014_MT_7_45100_110000000120","Wilson Santos","em_exercicio","https://storage.al.mt.gov.br/api/v1/download/default/185696","Compareceram à Sessão os seguintes Srs. Deputados: da Bancada do Bloco Integração – Adalto de Freitas, Dilmar Dal Bosco, Wagner Ramos, Eduardo Botelho, Dr. Leonardo, Max Russi, Nininho, Pedro Satélite, Saturnino Masson, Sebastião Rezende, Wancley Carvalho e Wilson Santos; da Bancada do Bloco Independente – Oscar Bezerra, Mauro Savi, Romoaldo Júnior, Silvano Amaral e Zé Domingos Fraga; da Bancada do Bloco Assembleia Livre – Janaina Riva e Valdir Barranco. Deixaram de comparecer os Srs. Deputados: Gilmar Fabris, Baiano Filho, da Bancada do Bloco Integração; Guilherme Maluf, da Bancada do Bloco Independente, e Professor Allan Kardec e Zeca Viana, da Bancada do Bloco Assembleia Livre.","portal_casa","brutos/almt/documentos/doc_185696.pdf","alta","data_raw/assembleias3/MT/composicao_final.csv",TRUE
"MT","2014","2019-01-29","M2014_MT_7_45222_110000000117","Saturnino Masson","em_exercicio","https://storage.al.mt.gov.br/api/v1/download/default/185696","Compareceram à Sessão os seguintes Srs. Deputados: da Bancada do Bloco Integração – Adalto de Freitas, Dilmar Dal Bosco, Wagner Ramos, Eduardo Botelho, Dr. Leonardo, Max Russi, Nininho, Pedro Satélite, Saturnino Masson, Sebastião Rezende, Wancley Carvalho e Wilson Santos; da Bancada do Bloco Independente – Oscar Bezerra, Mauro Savi, Romoaldo Júnior, Silvano Amaral e Zé Domingos Fraga; da Bancada do Bloco Assembleia Livre – Janaina Riva e Valdir Barranco. Deixaram de comparecer os Srs. Deputados: Gilmar Fabris, Baiano Filho, da Bancada do Bloco Integração; Guilherme Maluf, da Bancada do Bloco Independente, e Professor Allan Kardec e Zeca Viana, da Bancada do Bloco Assembleia Livre.","portal_casa","brutos/almt/documentos/doc_185696.pdf","alta","data_raw/assembleias3/MT/composicao_final.csv",TRUE
"MT","2014","2019-01-29","M2014_MT_7_55123_110000000283","Janaina Riva","em_exercicio","https://storage.al.mt.gov.br/api/v1/download/default/185696","Compareceram à Sessão os seguintes Srs. Deputados: da Bancada do Bloco Integração – Adalto de Freitas, Dilmar Dal Bosco, Wagner Ramos, Eduardo Botelho, Dr. Leonardo, Max Russi, Nininho, Pedro Satélite, Saturnino Masson, Sebastião Rezende, Wancley Carvalho e Wilson Santos; da Bancada do Bloco Independente – Oscar Bezerra, Mauro Savi, Romoaldo Júnior, Silvano Amaral e Zé Domingos Fraga; da Bancada do Bloco Assembleia Livre – Janaina Riva e Valdir Barranco. Deixaram de comparecer os Srs. Deputados: Gilmar Fabris, Baiano Filho, da Bancada do Bloco Integração; Guilherme Maluf, da Bancada do Bloco Independente, e Professor Allan Kardec e Zeca Viana, da Bancada do Bloco Assembleia Livre.","portal_casa","brutos/almt/documentos/doc_185696.pdf","alta","data_raw/assembleias3/MT/composicao_final.csv",TRUE
"MT","2014","2019-01-29","M2014_MT_7_55163_110000000274","Pedro Satélite","em_exercicio","https://storage.al.mt.gov.br/api/v1/download/default/185696","Compareceram à Sessão os seguintes Srs. Deputados: da Bancada do Bloco Integração – Adalto de Freitas, Dilmar Dal Bosco, Wagner Ramos, Eduardo Botelho, Dr. Leonardo, Max Russi, Nininho, Pedro Satélite, Saturnino Masson, Sebastião Rezende, Wancley Carvalho e Wilson Santos; da Bancada do Bloco Independente – Oscar Bezerra, Mauro Savi, Romoaldo Júnior, Silvano Amaral e Zé Domingos Fraga; da Bancada do Bloco Assembleia Livre – Janaina Riva e Valdir Barranco. Deixaram de comparecer os Srs. Deputados: Gilmar Fabris, Baiano Filho, da Bancada do Bloco Integração; Guilherme Maluf, da Bancada do Bloco Independente, e Professor Allan Kardec e Zeca Viana, da Bancada do Bloco Assembleia Livre.","portal_casa","brutos/almt/documentos/doc_185696.pdf","alta","data_raw/assembleias3/MT/composicao_final.csv",TRUE
"MT","2014","2019-01-29","M2014_MT_7_55456_110000000443","Zé Domingos Fraga","em_exercicio","https://storage.al.mt.gov.br/api/v1/download/default/185696","Compareceram à Sessão os seguintes Srs. Deputados: da Bancada do Bloco Integração – Adalto de Freitas, Dilmar Dal Bosco, Wagner Ramos, Eduardo Botelho, Dr. Leonardo, Max Russi, Nininho, Pedro Satélite, Saturnino Masson, Sebastião Rezende, Wancley Carvalho e Wilson Santos; da Bancada do Bloco Independente – Oscar Bezerra, Mauro Savi, Romoaldo Júnior, Silvano Amaral e Zé Domingos Fraga; da Bancada do Bloco Assembleia Livre – Janaina Riva e Valdir Barranco. Deixaram de comparecer os Srs. Deputados: Gilmar Fabris, Baiano Filho, da Bancada do Bloco Integração; Guilherme Maluf, da Bancada do Bloco Independente, e Professor Allan Kardec e Zeca Viana, da Bancada do Bloco Assembleia Livre.","portal_casa","brutos/almt/documentos/doc_185696.pdf","alta","data_raw/assembleias3/MT/composicao_final.csv",TRUE
"MT","2018","2023-01-11","M2018_MT_7_10000_110000621220","VALMIR MORETTO","em_exercicio","https://storage.al.mt.gov.br/api/v1/download/default/562965","(COMPARECERAM À SESSÃO OS SEGUINTES SRS. DEPUTADOS: BLOCO ASSEMBLEIA FORTE - CARLOS AVALLONE, DILMAR DAL BOSCO, EDUARDO BOTELHO, DR. GIMENEZ, DR. JOÃO, NININHO, PAULO ARAÚJO, SEBASTIÃO REZENDE, SILVANO AMARAL, ULYSSES MORAES, WILSON SANTOS, XUXU DAL MOLIN; BLOCO RESISTÊNCIA DEMOCRÁTICA – TONINHO DE SOUZA, DELEGADO CLAUDINEI, ROMOALDO JR, JOÃO BATISTA DO SINDSPEN, LÚDIO CABRAL E VALDIR BARRANCO; BLOCO PARLAMENTARES UNIDOS - DR. EUGÊNIO, ELIZEU NASCIMENTO, OSCAR BEZERRA, GILBERTO CATTANI, MAX RUSSI E VALMIR MORETTO.)","portal_casa","brutos/almt/documentos/doc_562965.pdf","alta","data_raw/assembleias3/MT/composicao_final.csv",TRUE
"MT","2018","2023-01-11","M2018_MT_7_11456_110000613880","PAULO ARAÚJO","em_exercicio","https://storage.al.mt.gov.br/api/v1/download/default/562965","(COMPARECERAM À SESSÃO OS SEGUINTES SRS. DEPUTADOS: BLOCO ASSEMBLEIA FORTE - CARLOS AVALLONE, DILMAR DAL BOSCO, EDUARDO BOTELHO, DR. GIMENEZ, DR. JOÃO, NININHO, PAULO ARAÚJO, SEBASTIÃO REZENDE, SILVANO AMARAL, ULYSSES MORAES, WILSON SANTOS, XUXU DAL MOLIN; BLOCO RESISTÊNCIA DEMOCRÁTICA – TONINHO DE SOUZA, DELEGADO CLAUDINEI, ROMOALDO JR, JOÃO BATISTA DO SINDSPEN, LÚDIO CABRAL E VALDIR BARRANCO; BLOCO PARLAMENTARES UNIDOS - DR. EUGÊNIO, ELIZEU NASCIMENTO, OSCAR BEZERRA, GILBERTO CATTANI, MAX RUSSI E VALMIR MORETTO.)","portal_casa","brutos/almt/documentos/doc_562965.pdf","alta","data_raw/assembleias3/MT/composicao_final.csv",TRUE
"MT","2018","2023-01-31","M2018_MT_7_12300_110000623366","Prof. Allan Kardec","licenciado","https://diariooficial.al.mt.gov.br/publicacoes/16953/","Art. 1º Fica concedida ao Deputado Prof. Allan Kardec licença para exercer o Cargo de Secretário de Estado de Ciência, Tecnologia e Inovação a partir do dia 30 de dezembro de 2022.","diario_oficial","brutos/doal/publicacoes/pub_16953.html","alta","data_raw/assembleias3/MT/composicao_final.csv",TRUE
"MT","2018","2023-01-11","M2018_MT_7_13123_110000621205","VALDIR BARRANCO","em_exercicio","https://storage.al.mt.gov.br/api/v1/download/default/562965","(COMPARECERAM À SESSÃO OS SEGUINTES SRS. DEPUTADOS: BLOCO ASSEMBLEIA FORTE - CARLOS AVALLONE, DILMAR DAL BOSCO, EDUARDO BOTELHO, DR. GIMENEZ, DR. JOÃO, NININHO, PAULO ARAÚJO, SEBASTIÃO REZENDE, SILVANO AMARAL, ULYSSES MORAES, WILSON SANTOS, XUXU DAL MOLIN; BLOCO RESISTÊNCIA DEMOCRÁTICA – TONINHO DE SOUZA, DELEGADO CLAUDINEI, ROMOALDO JR, JOÃO BATISTA DO SINDSPEN, LÚDIO CABRAL E VALDIR BARRANCO; BLOCO PARLAMENTARES UNIDOS - DR. EUGÊNIO, ELIZEU NASCIMENTO, OSCAR BEZERRA, GILBERTO CATTANI, MAX RUSSI E VALMIR MORETTO.)","portal_casa","brutos/almt/documentos/doc_562965.pdf","alta","data_raw/assembleias3/MT/composicao_final.csv",TRUE
"MT","2018","2023-01-11","M2018_MT_7_13130_110000621198","LÚDIO CABRAL","em_exercicio","https://storage.al.mt.gov.br/api/v1/download/default/562965","(COMPARECERAM À SESSÃO OS SEGUINTES SRS. DEPUTADOS: BLOCO ASSEMBLEIA FORTE - CARLOS AVALLONE, DILMAR DAL BOSCO, EDUARDO BOTELHO, DR. GIMENEZ, DR. JOÃO, NININHO, PAULO ARAÚJO, SEBASTIÃO REZENDE, SILVANO AMARAL, ULYSSES MORAES, WILSON SANTOS, XUXU DAL MOLIN; BLOCO RESISTÊNCIA DEMOCRÁTICA – TONINHO DE SOUZA, DELEGADO CLAUDINEI, ROMOALDO JR, JOÃO BATISTA DO SINDSPEN, LÚDIO CABRAL E VALDIR BARRANCO; BLOCO PARLAMENTARES UNIDOS - DR. EUGÊNIO, ELIZEU NASCIMENTO, OSCAR BEZERRA, GILBERTO CATTANI, MAX RUSSI E VALMIR MORETTO.)","portal_casa","brutos/almt/documentos/doc_562965.pdf","alta","data_raw/assembleias3/MT/composicao_final.csv",TRUE
"MT","2018","2023-01-31","M2018_MT_7_15015_110000623368","Janaina Riva","licenciado","https://diariooficial.al.mt.gov.br/publicacoes/16934/","Art. 1º Fica concedida à Deputada Janaina Riva licença de 121 (cento e vinte e um) dias para tratar de assuntos de interesse particular, a partir do dia 31 de dezembro de 2022.","diario_oficial","brutos/doal/publicacoes/pub_16934.html","alta","data_raw/assembleias3/MT/composicao_final.csv",TRUE
"MT","2018","2023-01-31","M2018_MT_7_15152_110000623374","Thiago Silva","licenciado","https://diariooficial.al.mt.gov.br/publicacoes/16935/","Art. 1º Fica concedida ao Deputado Thiago Silva licença de 121 (cento e vinte e um) dias para tratar de assuntos de interesse particular, a partir do dia 1º de janeiro de 2023.","diario_oficial","brutos/doal/publicacoes/pub_16935.html","alta","data_raw/assembleias3/MT/composicao_final.csv",TRUE
"MT","2018","2023-01-11","M2018_MT_7_15678_110000623398","DR. JOÃO","em_exercicio","https://storage.al.mt.gov.br/api/v1/download/default/562965","(COMPARECERAM À SESSÃO OS SEGUINTES SRS. DEPUTADOS: BLOCO ASSEMBLEIA FORTE - CARLOS AVALLONE, DILMAR DAL BOSCO, EDUARDO BOTELHO, DR. GIMENEZ, DR. JOÃO, NININHO, PAULO ARAÚJO, SEBASTIÃO REZENDE, SILVANO AMARAL, ULYSSES MORAES, WILSON SANTOS, XUXU DAL MOLIN; BLOCO RESISTÊNCIA DEMOCRÁTICA – TONINHO DE SOUZA, DELEGADO CLAUDINEI, ROMOALDO JR, JOÃO BATISTA DO SINDSPEN, LÚDIO CABRAL E VALDIR BARRANCO; BLOCO PARLAMENTARES UNIDOS - DR. EUGÊNIO, ELIZEU NASCIMENTO, OSCAR BEZERRA, GILBERTO CATTANI, MAX RUSSI E VALMIR MORETTO.)","portal_casa","brutos/almt/documentos/doc_562965.pdf","alta","data_raw/assembleias3/MT/composicao_final.csv",TRUE
"MT","2018","2023-01-11","M2018_MT_7_17133_110000609520","DELEGADO CLAUDINEI","em_exercicio","https://storage.al.mt.gov.br/api/v1/download/default/562965","(COMPARECERAM À SESSÃO OS SEGUINTES SRS. DEPUTADOS: BLOCO ASSEMBLEIA FORTE - CARLOS AVALLONE, DILMAR DAL BOSCO, EDUARDO BOTELHO, DR. GIMENEZ, DR. JOÃO, NININHO, PAULO ARAÚJO, SEBASTIÃO REZENDE, SILVANO AMARAL, ULYSSES MORAES, WILSON SANTOS, XUXU DAL MOLIN; BLOCO RESISTÊNCIA DEMOCRÁTICA – TONINHO DE SOUZA, DELEGADO CLAUDINEI, ROMOALDO JR, JOÃO BATISTA DO SINDSPEN, LÚDIO CABRAL E VALDIR BARRANCO; BLOCO PARLAMENTARES UNIDOS - DR. EUGÊNIO, ELIZEU NASCIMENTO, OSCAR BEZERRA, GILBERTO CATTANI, MAX RUSSI E VALMIR MORETTO.)","portal_casa","brutos/almt/documentos/doc_562965.pdf","alta","data_raw/assembleias3/MT/composicao_final.csv",TRUE
"MT","2018","2023-01-11","M2018_MT_7_20020_110000623390","XUXU DAL MOLIN","em_exercicio","https://storage.al.mt.gov.br/api/v1/download/default/562965","(COMPARECERAM À SESSÃO OS SEGUINTES SRS. DEPUTADOS: BLOCO ASSEMBLEIA FORTE - CARLOS AVALLONE, DILMAR DAL BOSCO, EDUARDO BOTELHO, DR. GIMENEZ, DR. JOÃO, NININHO, PAULO ARAÚJO, SEBASTIÃO REZENDE, SILVANO AMARAL, ULYSSES MORAES, WILSON SANTOS, XUXU DAL MOLIN; BLOCO RESISTÊNCIA DEMOCRÁTICA – TONINHO DE SOUZA, DELEGADO CLAUDINEI, ROMOALDO JR, JOÃO BATISTA DO SINDSPEN, LÚDIO CABRAL E VALDIR BARRANCO; BLOCO PARLAMENTARES UNIDOS - DR. EUGÊNIO, ELIZEU NASCIMENTO, OSCAR BEZERRA, GILBERTO CATTANI, MAX RUSSI E VALMIR MORETTO.)","portal_casa","brutos/almt/documentos/doc_562965.pdf","alta","data_raw/assembleias3/MT/composicao_final.csv",TRUE
"MT","2018","2023-01-11","M2018_MT_7_20123_110000623391","SEBASTIÃO REZENDE","em_exercicio","https://storage.al.mt.gov.br/api/v1/download/default/562965","(COMPARECERAM À SESSÃO OS SEGUINTES SRS. DEPUTADOS: BLOCO ASSEMBLEIA FORTE - CARLOS AVALLONE, DILMAR DAL BOSCO, EDUARDO BOTELHO, DR. GIMENEZ, DR. JOÃO, NININHO, PAULO ARAÚJO, SEBASTIÃO REZENDE, SILVANO AMARAL, ULYSSES MORAES, WILSON SANTOS, XUXU DAL MOLIN; BLOCO RESISTÊNCIA DEMOCRÁTICA – TONINHO DE SOUZA, DELEGADO CLAUDINEI, ROMOALDO JR, JOÃO BATISTA DO SINDSPEN, LÚDIO CABRAL E VALDIR BARRANCO; BLOCO PARLAMENTARES UNIDOS - DR. EUGÊNIO, ELIZEU NASCIMENTO, OSCAR BEZERRA, GILBERTO CATTANI, MAX RUSSI E VALMIR MORETTO.)","portal_casa","brutos/almt/documentos/doc_562965.pdf","alta","data_raw/assembleias3/MT/composicao_final.csv",TRUE
"MT","2018","2023-01-11","M2018_MT_7_25125_110000623353","DILMAR DAL BOSCO","em_exercicio","https://storage.al.mt.gov.br/api/v1/download/default/562965","(COMPARECERAM À SESSÃO OS SEGUINTES SRS. DEPUTADOS: BLOCO ASSEMBLEIA FORTE - CARLOS AVALLONE, DILMAR DAL BOSCO, EDUARDO BOTELHO, DR. GIMENEZ, DR. JOÃO, NININHO, PAULO ARAÚJO, SEBASTIÃO REZENDE, SILVANO AMARAL, ULYSSES MORAES, WILSON SANTOS, XUXU DAL MOLIN; BLOCO RESISTÊNCIA DEMOCRÁTICA – TONINHO DE SOUZA, DELEGADO CLAUDINEI, ROMOALDO JR, JOÃO BATISTA DO SINDSPEN, LÚDIO CABRAL E VALDIR BARRANCO; BLOCO PARLAMENTARES UNIDOS - DR. EUGÊNIO, ELIZEU NASCIMENTO, OSCAR BEZERRA, GILBERTO CATTANI, MAX RUSSI E VALMIR MORETTO.)","portal_casa","brutos/almt/documentos/doc_562965.pdf","alta","data_raw/assembleias3/MT/composicao_final.csv",TRUE
"MT","2018","2023-01-11","M2018_MT_7_25650_110000623357","EDUARDO BOTELHO","em_exercicio","https://storage.al.mt.gov.br/api/v1/download/default/562965","(COMPARECERAM À SESSÃO OS SEGUINTES SRS. DEPUTADOS: BLOCO ASSEMBLEIA FORTE - CARLOS AVALLONE, DILMAR DAL BOSCO, EDUARDO BOTELHO, DR. GIMENEZ, DR. JOÃO, NININHO, PAULO ARAÚJO, SEBASTIÃO REZENDE, SILVANO AMARAL, ULYSSES MORAES, WILSON SANTOS, XUXU DAL MOLIN; BLOCO RESISTÊNCIA DEMOCRÁTICA – TONINHO DE SOUZA, DELEGADO CLAUDINEI, ROMOALDO JR, JOÃO BATISTA DO SINDSPEN, LÚDIO CABRAL E VALDIR BARRANCO; BLOCO PARLAMENTARES UNIDOS - DR. EUGÊNIO, ELIZEU NASCIMENTO, OSCAR BEZERRA, GILBERTO CATTANI, MAX RUSSI E VALMIR MORETTO.)","portal_casa","brutos/almt/documentos/doc_562965.pdf","alta","data_raw/assembleias3/MT/composicao_final.csv",TRUE
"MT","2018","2023-01-11","M2018_MT_7_27123_110000621651","ULYSSES MORAES","em_exercicio","https://storage.al.mt.gov.br/api/v1/download/default/562965","(COMPARECERAM À SESSÃO OS SEGUINTES SRS. DEPUTADOS: BLOCO ASSEMBLEIA FORTE - CARLOS AVALLONE, DILMAR DAL BOSCO, EDUARDO BOTELHO, DR. GIMENEZ, DR. JOÃO, NININHO, PAULO ARAÚJO, SEBASTIÃO REZENDE, SILVANO AMARAL, ULYSSES MORAES, WILSON SANTOS, XUXU DAL MOLIN; BLOCO RESISTÊNCIA DEMOCRÁTICA – TONINHO DE SOUZA, DELEGADO CLAUDINEI, ROMOALDO JR, JOÃO BATISTA DO SINDSPEN, LÚDIO CABRAL E VALDIR BARRANCO; BLOCO PARLAMENTARES UNIDOS - DR. EUGÊNIO, ELIZEU NASCIMENTO, OSCAR BEZERRA, GILBERTO CATTANI, MAX RUSSI E VALMIR MORETTO.)","portal_casa","brutos/almt/documentos/doc_562965.pdf","alta","data_raw/assembleias3/MT/composicao_final.csv",TRUE
"MT","2018","2023-01-11","M2018_MT_7_27190_110000621645","ELIZEU NASCIMENTO","em_exercicio","https://storage.al.mt.gov.br/api/v1/download/default/562965","(COMPARECERAM À SESSÃO OS SEGUINTES SRS. DEPUTADOS: BLOCO ASSEMBLEIA FORTE - CARLOS AVALLONE, DILMAR DAL BOSCO, EDUARDO BOTELHO, DR. GIMENEZ, DR. JOÃO, NININHO, PAULO ARAÚJO, SEBASTIÃO REZENDE, SILVANO AMARAL, ULYSSES MORAES, WILSON SANTOS, XUXU DAL MOLIN; BLOCO RESISTÊNCIA DEMOCRÁTICA – TONINHO DE SOUZA, DELEGADO CLAUDINEI, ROMOALDO JR, JOÃO BATISTA DO SINDSPEN, LÚDIO CABRAL E VALDIR BARRANCO; BLOCO PARLAMENTARES UNIDOS - DR. EUGÊNIO, ELIZEU NASCIMENTO, OSCAR BEZERRA, GILBERTO CATTANI, MAX RUSSI E VALMIR MORETTO.)","portal_casa","brutos/almt/documentos/doc_562965.pdf","alta","data_raw/assembleias3/MT/composicao_final.csv",TRUE
"MT","2018","2023-01-11","M2018_MT_7_40000_110000612604","MAX RUSSI","em_exercicio","https://storage.al.mt.gov.br/api/v1/download/default/562965","(COMPARECERAM À SESSÃO OS SEGUINTES SRS. DEPUTADOS: BLOCO ASSEMBLEIA FORTE - CARLOS AVALLONE, DILMAR DAL BOSCO, EDUARDO BOTELHO, DR. GIMENEZ, DR. JOÃO, NININHO, PAULO ARAÚJO, SEBASTIÃO REZENDE, SILVANO AMARAL, ULYSSES MORAES, WILSON SANTOS, XUXU DAL MOLIN; BLOCO RESISTÊNCIA DEMOCRÁTICA – TONINHO DE SOUZA, DELEGADO CLAUDINEI, ROMOALDO JR, JOÃO BATISTA DO SINDSPEN, LÚDIO CABRAL E VALDIR BARRANCO; BLOCO PARLAMENTARES UNIDOS - DR. EUGÊNIO, ELIZEU NASCIMENTO, OSCAR BEZERRA, GILBERTO CATTANI, MAX RUSSI E VALMIR MORETTO.)","portal_casa","brutos/almt/documentos/doc_562965.pdf","alta","data_raw/assembleias3/MT/composicao_final.csv",TRUE
"MT","2018","2023-01-11","M2018_MT_7_40999_110000612634","DR. EUGÊNIO","em_exercicio","https://storage.al.mt.gov.br/api/v1/download/default/562965","(COMPARECERAM À SESSÃO OS SEGUINTES SRS. DEPUTADOS: BLOCO ASSEMBLEIA FORTE - CARLOS AVALLONE, DILMAR DAL BOSCO, EDUARDO BOTELHO, DR. GIMENEZ, DR. JOÃO, NININHO, PAULO ARAÚJO, SEBASTIÃO REZENDE, SILVANO AMARAL, ULYSSES MORAES, WILSON SANTOS, XUXU DAL MOLIN; BLOCO RESISTÊNCIA DEMOCRÁTICA – TONINHO DE SOUZA, DELEGADO CLAUDINEI, ROMOALDO JR, JOÃO BATISTA DO SINDSPEN, LÚDIO CABRAL E VALDIR BARRANCO; BLOCO PARLAMENTARES UNIDOS - DR. EUGÊNIO, ELIZEU NASCIMENTO, OSCAR BEZERRA, GILBERTO CATTANI, MAX RUSSI E VALMIR MORETTO.)","portal_casa","brutos/almt/documentos/doc_562965.pdf","alta","data_raw/assembleias3/MT/composicao_final.csv",TRUE
"MT","2018","2023-01-11","M2018_MT_7_43333_110000614609","DR. GIMENEZ","em_exercicio","https://storage.al.mt.gov.br/api/v1/download/default/562965","(COMPARECERAM À SESSÃO OS SEGUINTES SRS. DEPUTADOS: BLOCO ASSEMBLEIA FORTE - CARLOS AVALLONE, DILMAR DAL BOSCO, EDUARDO BOTELHO, DR. GIMENEZ, DR. JOÃO, NININHO, PAULO ARAÚJO, SEBASTIÃO REZENDE, SILVANO AMARAL, ULYSSES MORAES, WILSON SANTOS, XUXU DAL MOLIN; BLOCO RESISTÊNCIA DEMOCRÁTICA – TONINHO DE SOUZA, DELEGADO CLAUDINEI, ROMOALDO JR, JOÃO BATISTA DO SINDSPEN, LÚDIO CABRAL E VALDIR BARRANCO; BLOCO PARLAMENTARES UNIDOS - DR. EUGÊNIO, ELIZEU NASCIMENTO, OSCAR BEZERRA, GILBERTO CATTANI, MAX RUSSI E VALMIR MORETTO.)","portal_casa","brutos/almt/documentos/doc_562965.pdf","alta","data_raw/assembleias3/MT/composicao_final.csv",TRUE
"MT","2018","2023-01-31","M2018_MT_7_43444_110000614590","Faissal","licenciado","https://diariooficial.al.mt.gov.br/publicacoes/16834/","Art. 1º Fica concedida ao Deputado Faissal licença de 121 (cento e vinte e um) dias para tratar de assuntos de interesse particular, a partir do dia 14 de dezembro de 2022.","diario_oficial","brutos/doal/publicacoes/pub_16834.html","alta","data_raw/assembleias3/MT/composicao_final.csv",TRUE
"MT","2018","2023-01-11","M2018_MT_7_45100_110000622539","WILSON SANTOS","em_exercicio","https://storage.al.mt.gov.br/api/v1/download/default/562965","(COMPARECERAM À SESSÃO OS SEGUINTES SRS. DEPUTADOS: BLOCO ASSEMBLEIA FORTE - CARLOS AVALLONE, DILMAR DAL BOSCO, EDUARDO BOTELHO, DR. GIMENEZ, DR. JOÃO, NININHO, PAULO ARAÚJO, SEBASTIÃO REZENDE, SILVANO AMARAL, ULYSSES MORAES, WILSON SANTOS, XUXU DAL MOLIN; BLOCO RESISTÊNCIA DEMOCRÁTICA – TONINHO DE SOUZA, DELEGADO CLAUDINEI, ROMOALDO JR, JOÃO BATISTA DO SINDSPEN, LÚDIO CABRAL E VALDIR BARRANCO; BLOCO PARLAMENTARES UNIDOS - DR. EUGÊNIO, ELIZEU NASCIMENTO, OSCAR BEZERRA, GILBERTO CATTANI, MAX RUSSI E VALMIR MORETTO.)","portal_casa","brutos/almt/documentos/doc_562965.pdf","alta","data_raw/assembleias3/MT/composicao_final.csv",TRUE
"MT","2018","2023-01-11","M2018_MT_7_55123_110000623389","NININHO","em_exercicio","https://storage.al.mt.gov.br/api/v1/download/default/562965","(COMPARECERAM À SESSÃO OS SEGUINTES SRS. DEPUTADOS: BLOCO ASSEMBLEIA FORTE - CARLOS AVALLONE, DILMAR DAL BOSCO, EDUARDO BOTELHO, DR. GIMENEZ, DR. JOÃO, NININHO, PAULO ARAÚJO, SEBASTIÃO REZENDE, SILVANO AMARAL, ULYSSES MORAES, WILSON SANTOS, XUXU DAL MOLIN; BLOCO RESISTÊNCIA DEMOCRÁTICA – TONINHO DE SOUZA, DELEGADO CLAUDINEI, ROMOALDO JR, JOÃO BATISTA DO SINDSPEN, LÚDIO CABRAL E VALDIR BARRANCO; BLOCO PARLAMENTARES UNIDOS - DR. EUGÊNIO, ELIZEU NASCIMENTO, OSCAR BEZERRA, GILBERTO CATTANI, MAX RUSSI E VALMIR MORETTO.)","portal_casa","brutos/almt/documentos/doc_562965.pdf","alta","data_raw/assembleias3/MT/composicao_final.csv",TRUE
"MT","2018","2023-01-11","M2018_MT_7_90789_110000613871","JOÃO BATISTA DO SINDSPEN","em_exercicio","https://storage.al.mt.gov.br/api/v1/download/default/562965","(COMPARECERAM À SESSÃO OS SEGUINTES SRS. DEPUTADOS: BLOCO ASSEMBLEIA FORTE - CARLOS AVALLONE, DILMAR DAL BOSCO, EDUARDO BOTELHO, DR. GIMENEZ, DR. JOÃO, NININHO, PAULO ARAÚJO, SEBASTIÃO REZENDE, SILVANO AMARAL, ULYSSES MORAES, WILSON SANTOS, XUXU DAL MOLIN; BLOCO RESISTÊNCIA DEMOCRÁTICA – TONINHO DE SOUZA, DELEGADO CLAUDINEI, ROMOALDO JR, JOÃO BATISTA DO SINDSPEN, LÚDIO CABRAL E VALDIR BARRANCO; BLOCO PARLAMENTARES UNIDOS - DR. EUGÊNIO, ELIZEU NASCIMENTO, OSCAR BEZERRA, GILBERTO CATTANI, MAX RUSSI E VALMIR MORETTO.)","portal_casa","brutos/almt/documentos/doc_562965.pdf","alta","data_raw/assembleias3/MT/composicao_final.csv",TRUE
"PA","1998","2003-01-09","M1998_PA_7_11110_140001407111101","José Neto","em_exercicio","https://web.archive.org/web/20030109103746/http://www.alepa.pa.gov.br:80/deputados.htm","Alepa - Assembléia Legislativa do Estado do Pará [...] José Neto","wayback_portal_casa","brutos/wayback/wb_20030109_deputados.htm","alta","data_raw/assembleias3/PA/composicao_final.csv",TRUE
"PA","1998","2003-01-09","M1998_PA_7_11115_140001407111151","Cipriano Sabino","em_exercicio","https://web.archive.org/web/20030109103746/http://www.alepa.pa.gov.br:80/deputados.htm","Alepa - Assembléia Legislativa do Estado do Pará [...] Cipriano Sabino  Fernando Bahia Pastor Carlos de","wayback_portal_casa","brutos/wayback/wb_20030109_deputados.htm","alta","data_raw/assembleias3/PA/composicao_final.csv",TRUE
"PA","1998","2003-01-09","M1998_PA_7_11120_140001407111201","Antenor Bararu","em_exercicio","https://web.archive.org/web/20030109103746/http://www.alepa.pa.gov.br:80/deputados.htm","Alepa - Assembléia Legislativa do Estado do Pará [...] Gabriel Claudiney Furman Pio X  Antenor Bararu  Faisal Salmen Partido Social Democrático","wayback_portal_casa","brutos/wayback/wb_20030109_deputados.htm","alta","data_raw/assembleias3/PA/composicao_final.csv",TRUE
"PA","1998","2003-01-09","M1998_PA_7_12101_140001407121011","Zequinha Marinho","em_exercicio","https://web.archive.org/web/20030109103746/http://www.alepa.pa.gov.br:80/deputados.htm","Alepa - Assembléia Legislativa do Estado do Pará [...] Nadir Neves Partido Democrático Trabalhista  Zequinha Marinho  -","wayback_portal_casa","brutos/wayback/wb_20030109_deputados.htm","alta","data_raw/assembleias3/PA/composicao_final.csv",TRUE
"PA","1998","2003-01-09","M1998_PA_7_12120_140001407121201","Luís Cunha","em_exercicio","https://web.archive.org/web/20030109103746/http://www.alepa.pa.gov.br:80/deputados.htm","Alepa - Assembléia Legislativa do Estado do Pará [...] Luís Cunha","wayback_portal_casa","brutos/wayback/wb_20030109_deputados.htm","alta","data_raw/assembleias3/PA/composicao_final.csv",TRUE
"PA","1998","2003-01-09","M1998_PA_7_12234_140001407122341","Francisco Victer","em_exercicio","https://web.archive.org/web/20030109103746/http://www.alepa.pa.gov.br:80/deputados.htm","Alepa - Assembléia Legislativa do Estado do Pará [...] Partido Trabalhista Brasileiro  Francisco Victer  -","wayback_portal_casa","brutos/wayback/wb_20030109_deputados.htm","alta","data_raw/assembleias3/PA/composicao_final.csv",TRUE
"PA","1998","2003-01-09","M1998_PA_7_13123_140001407131231","Maria do Carmo","em_exercicio","https://web.archive.org/web/20030109103746/http://www.alepa.pa.gov.br:80/deputados.htm","Alepa - Assembléia Legislativa do Estado do Pará [...] Cristina Mutran Partido dos Trabalhadores  Maria do Carmo  -","wayback_portal_casa","brutos/wayback/wb_20030109_deputados.htm","alta","data_raw/assembleias3/PA/composicao_final.csv",TRUE
"PA","1998","2003-01-09","M1998_PA_7_13131_140001407131311","Araceli Lemos","em_exercicio","https://web.archive.org/web/20030109103746/http://www.alepa.pa.gov.br:80/deputados.htm","Alepa - Assembléia Legislativa do Estado do Pará [...] Araceli Lemos","wayback_portal_casa","brutos/wayback/wb_20030109_deputados.htm","alta","data_raw/assembleias3/PA/composicao_final.csv",TRUE
"PA","1998","2003-01-09","M1998_PA_7_13500_140001407135001","Zé Geraldo","em_exercicio","https://web.archive.org/web/20030109103746/http://www.alepa.pa.gov.br:80/deputados.htm","Alepa - Assembléia Legislativa do Estado do Pará [...] Zé Geraldo","wayback_portal_casa","brutos/wayback/wb_20030109_deputados.htm","alta","data_raw/assembleias3/PA/composicao_final.csv",TRUE
"PA","1998","2003-01-09","M1998_PA_7_13513_140001407135131","Mario Cardoso","em_exercicio","https://web.archive.org/web/20030109103746/http://www.alepa.pa.gov.br:80/deputados.htm","Alepa - Assembléia Legislativa do Estado do Pará [...] Geraldo  Mario Cardoso  Partido Liberal","wayback_portal_casa","brutos/wayback/wb_20030109_deputados.htm","alta","data_raw/assembleias3/PA/composicao_final.csv",TRUE
"PA","1998","2003-01-09","M1998_PA_7_14110_140001407141101","Pio X","em_exercicio","https://web.archive.org/web/20030109103746/http://www.alepa.pa.gov.br:80/deputados.htm","Alepa - Assembléia Legislativa do Estado do Pará [...] Bosco Gabriel Claudiney Furman  Pio X  Antenor Bararu Faisal Salmen Partido","wayback_portal_casa","brutos/wayback/wb_20030109_deputados.htm","alta","data_raw/assembleias3/PA/composicao_final.csv",TRUE
"PA","1998","2003-01-09","M1998_PA_7_14555_140001407145551","Claudiney Furman","em_exercicio","https://web.archive.org/web/20030109103746/http://www.alepa.pa.gov.br:80/deputados.htm","Alepa - Assembléia Legislativa do Estado do Pará [...] Bosco Gabriel  Claudiney Furman  Pio X Antenor Bararu Faisal","wayback_portal_casa","brutos/wayback/wb_20030109_deputados.htm","alta","data_raw/assembleias3/PA/composicao_final.csv",TRUE
"PA","1998","2003-01-09","M1998_PA_7_14610_140001407146101","Bosco Gabriel","em_exercicio","https://web.archive.org/web/20030109103746/http://www.alepa.pa.gov.br:80/deputados.htm","Alepa - Assembléia Legislativa do Estado do Pará [...] Bosco Gabriel  Claudiney Furman Pio X Antenor","wayback_portal_casa","brutos/wayback/wb_20030109_deputados.htm","alta","data_raw/assembleias3/PA/composicao_final.csv",TRUE
"PA","1998","2003-01-09","M1998_PA_7_15105_140001407151051","Zé Lima","em_exercicio","https://web.archive.org/web/20030109103746/http://www.alepa.pa.gov.br:80/deputados.htm","Alepa - Assembléia Legislativa do Estado do Pará [...] Zé Lima  -","wayback_portal_casa","brutos/wayback/wb_20030109_deputados.htm","alta","data_raw/assembleias3/PA/composicao_final.csv",TRUE
"PA","1998","2003-01-09","M1998_PA_7_15109_140001407151091","Haroldo Martins","em_exercicio","https://web.archive.org/web/20030109103746/http://www.alepa.pa.gov.br:80/deputados.htm","Alepa - Assembléia Legislativa do Estado do Pará [...] Leite Gabriel Guerreiro  Haroldo Martins  Cristina Mutran Partido dos Trabalhadores","wayback_portal_casa","brutos/wayback/wb_20030109_deputados.htm","alta","data_raw/assembleias3/PA/composicao_final.csv",TRUE
"PA","1998","2003-01-09","M1998_PA_7_15111_140001407151111","Bira Barbosa","em_exercicio","https://web.archive.org/web/20030109103746/http://www.alepa.pa.gov.br:80/deputados.htm","Alepa - Assembléia Legislativa do Estado do Pará [...] Partido do Movimento Democrático Brasileiro  Bira Barbosa  -","wayback_portal_casa","brutos/wayback/wb_20030109_deputados.htm","alta","data_raw/assembleias3/PA/composicao_final.csv",TRUE
"PA","1998","2003-01-09","M1998_PA_7_15115_140001407151151","Gabriel Guerreiro","em_exercicio","https://web.archive.org/web/20030109103746/http://www.alepa.pa.gov.br:80/deputados.htm","Alepa - Assembléia Legislativa do Estado do Pará [...] Leite  Gabriel Guerreiro  Haroldo Martins Cristina Mutran Partido","wayback_portal_casa","brutos/wayback/wb_20030109_deputados.htm","alta","data_raw/assembleias3/PA/composicao_final.csv",TRUE
"PA","1998","2003-01-09","M1998_PA_7_15156_140001407151561","Cristina Mutran","em_exercicio","https://web.archive.org/web/20030109103746/http://www.alepa.pa.gov.br:80/deputados.htm","Alepa - Assembléia Legislativa do Estado do Pará [...] Leite Gabriel Guerreiro Haroldo Martins  Cristina Mutran  Partido dos Trabalhadores Maria do","wayback_portal_casa","brutos/wayback/wb_20030109_deputados.htm","alta","data_raw/assembleias3/PA/composicao_final.csv",TRUE
"PA","1998","2003-01-09","M1998_PA_7_15192_140001407151921","Hélio Leite","em_exercicio","https://web.archive.org/web/20030109103746/http://www.alepa.pa.gov.br:80/deputados.htm","Alepa - Assembléia Legislativa do Estado do Pará [...] Hélio Leite","wayback_portal_casa","brutos/wayback/wb_20030109_deputados.htm","alta","data_raw/assembleias3/PA/composicao_final.csv",TRUE
"PA","1998","2003-01-09","M1998_PA_7_15195_140001407151951","Antônio Rocha","em_exercicio","https://web.archive.org/web/20030109103746/http://www.alepa.pa.gov.br:80/deputados.htm","Alepa - Assembléia Legislativa do Estado do Pará [...] Antônio Rocha","wayback_portal_casa","brutos/wayback/wb_20030109_deputados.htm","alta","data_raw/assembleias3/PA/composicao_final.csv",TRUE
"PA","1998","2003-01-09","M1998_PA_7_22100_140001407221001","Nadir Neves","em_exercicio","https://web.archive.org/web/20030109103746/http://www.alepa.pa.gov.br:80/deputados.htm","Alepa - Assembléia Legislativa do Estado do Pará [...] Dr. Soares  Nadir Neves  Partido Democrático Trabalhista Zequinha Marinho","wayback_portal_casa","brutos/wayback/wb_20030109_deputados.htm","alta","data_raw/assembleias3/PA/composicao_final.csv",TRUE
"PA","1998","2003-01-09","M1998_PA_7_22120_140001407221201","Luís Afonso Sefer","em_exercicio","https://web.archive.org/web/20030109103746/http://www.alepa.pa.gov.br:80/deputados.htm","Alepa - Assembléia Legislativa do Estado do Pará [...] Luís Afonso Sefer  -","wayback_portal_casa","brutos/wayback/wb_20030109_deputados.htm","alta","data_raw/assembleias3/PA/composicao_final.csv",TRUE
"PA","1998","2003-01-09","M1998_PA_7_22123_140001407221231","Dr. Soares","em_exercicio","https://web.archive.org/web/20030109103746/http://www.alepa.pa.gov.br:80/deputados.htm","Alepa - Assembléia Legislativa do Estado do Pará [...] Dr. Soares  Nadir Neves Partido Democrático Trabalhista","wayback_portal_casa","brutos/wayback/wb_20030109_deputados.htm","alta","data_raw/assembleias3/PA/composicao_final.csv",TRUE
"PA","1998","2003-01-09","M1998_PA_7_23611_140001407236111","Claudio Almeida","em_exercicio","https://web.archive.org/web/20030109103746/http://www.alepa.pa.gov.br:80/deputados.htm","Alepa - Assembléia Legislativa do Estado do Pará [...] Cunha  Claudio Almeida  Márcio Miranda Partido da Frente","wayback_portal_casa","brutos/wayback/wb_20030109_deputados.htm","alta","data_raw/assembleias3/PA/composicao_final.csv",TRUE
"PA","1998","2003-01-09","M1998_PA_7_25125_140001407251251","André Dias","em_exercicio","https://web.archive.org/web/20030109103746/http://www.alepa.pa.gov.br:80/deputados.htm","Alepa - Assembléia Legislativa do Estado do Pará [...] André Dias","wayback_portal_casa","brutos/wayback/wb_20030109_deputados.htm","alta","data_raw/assembleias3/PA/composicao_final.csv",TRUE
"PA","1998","2003-01-09","M1998_PA_7_25133_140001407251331","Pastor Carlos de Jesus","em_exercicio","https://web.archive.org/web/20030109103746/http://www.alepa.pa.gov.br:80/deputados.htm","Alepa - Assembléia Legislativa do Estado do Pará [...] Cipriano Sabino Fernando Bahia  Pastor Carlos de Jesus","wayback_portal_casa","brutos/wayback/wb_20030109_deputados.htm","alta","data_raw/assembleias3/PA/composicao_final.csv",TRUE
"PA","1998","2003-01-09","M1998_PA_7_25234_140001407252341","Murilo","em_exercicio","https://web.archive.org/web/20030109103746/http://www.alepa.pa.gov.br:80/deputados.htm","Alepa - Assembléia Legislativa do Estado do Pará [...] Miranda Partido da Frente Liberal  Murilo  Foca -","wayback_portal_casa","brutos/wayback/wb_20030109_deputados.htm","alta","data_raw/assembleias3/PA/composicao_final.csv",TRUE
"PA","1998","2003-01-09","M1998_PA_7_40150_140001407401501","Ivanildo Alves","em_exercicio","https://web.archive.org/web/20030109103746/http://www.alepa.pa.gov.br:80/deputados.htm","Alepa - Assembléia Legislativa do Estado do Pará [...] Neto  Ivanildo Alves  Partido do Movimento Democrático Brasileiro","wayback_portal_casa","brutos/wayback/wb_20030109_deputados.htm","alta","data_raw/assembleias3/PA/composicao_final.csv",TRUE
"PA","1998","2003-01-09","M1998_PA_7_41101_140001407411011","Celso Sarub","em_exercicio","https://web.archive.org/web/20030109103746/http://www.alepa.pa.gov.br:80/deputados.htm","Alepa - Assembléia Legislativa do Estado do Pará [...] Celso Sarub  Partido Comunista do Brasil Sandra","wayback_portal_casa","brutos/wayback/wb_20030109_deputados.htm","alta","data_raw/assembleias3/PA/composicao_final.csv",TRUE
"PA","1998","2003-01-09","M1998_PA_7_41111_140001407411111","Duciomar Costa","em_exercicio","https://web.archive.org/web/20030109103746/http://www.alepa.pa.gov.br:80/deputados.htm","Alepa - Assembléia Legislativa do Estado do Pará [...] Faisal Salmen Partido Social Democrático  Duciomar Costa  -","wayback_portal_casa","brutos/wayback/wb_20030109_deputados.htm","alta","data_raw/assembleias3/PA/composicao_final.csv",TRUE
"PA","1998","2003-01-09","M1998_PA_7_45110_140001407451101","Martinho Carmona","em_exercicio","https://web.archive.org/web/20030109103746/http://www.alepa.pa.gov.br:80/deputados.htm","Alepa - Assembléia Legislativa do Estado do Pará [...] artido Social Democrático Brasileiro  Martinho Carmona  Zeca","wayback_portal_casa","brutos/wayback/wb_20030109_deputados.htm","alta","data_raw/assembleias3/PA/composicao_final.csv",TRUE
"PA","1998","2003-01-09","M1998_PA_7_45112_140001407451121","Mario Couto","em_exercicio","https://web.archive.org/web/20030109103746/http://www.alepa.pa.gov.br:80/deputados.htm","Alepa - Assembléia Legislativa do Estado do Pará [...] Dias  Mario Couto  Cezar Colares Elza Miranda Partido","wayback_portal_casa","brutos/wayback/wb_20030109_deputados.htm","alta","data_raw/assembleias3/PA/composicao_final.csv",TRUE
"PA","1998","2003-01-09","M1998_PA_7_45144_140001407451441","Zeca Araújo","em_exercicio","https://web.archive.org/web/20030109103746/http://www.alepa.pa.gov.br:80/deputados.htm","Alepa - Assembléia Legislativa do Estado do Pará [...] Zeca Araújo","wayback_portal_casa","brutos/wayback/wb_20030109_deputados.htm","alta","data_raw/assembleias3/PA/composicao_final.csv",TRUE
"PA","1998","2003-01-09","M1998_PA_7_45147_140001407451471","Elza Miranda","em_exercicio","https://web.archive.org/web/20030109103746/http://www.alepa.pa.gov.br:80/deputados.htm","Alepa - Assembléia Legislativa do Estado do Pará [...] Dias Mario Couto Cezar Colares  Elza Miranda  Partido Progressista Brasileiro","wayback_portal_casa","brutos/wayback/wb_20030109_deputados.htm","alta","data_raw/assembleias3/PA/composicao_final.csv",TRUE
"PA","1998","2003-01-09","M1998_PA_7_45150_140001407451501","Cezar Colares","em_exercicio","https://web.archive.org/web/20030109103746/http://www.alepa.pa.gov.br:80/deputados.htm","Alepa - Assembléia Legislativa do Estado do Pará [...] Dias Mario Couto  Cezar Colares  Elza Miranda Partido Progressista Brasileiro","wayback_portal_casa","brutos/wayback/wb_20030109_deputados.htm","alta","data_raw/assembleias3/PA/composicao_final.csv",TRUE
"PA","1998","2003-01-09","M1998_PA_7_45188_140001407451881","Faisal Salmen","em_exercicio","https://web.archive.org/web/20030109103746/http://www.alepa.pa.gov.br:80/deputados.htm","Alepa - Assembléia Legislativa do Estado do Pará [...] Furman Pio X Antenor Bararu  Faisal Salmen  Partido Social Democrático Duciomar Costa","wayback_portal_casa","brutos/wayback/wb_20030109_deputados.htm","alta","data_raw/assembleias3/PA/composicao_final.csv",TRUE
"PA","1998","2003-01-09","M1998_PA_7_65123_140001407651231","Sandra","em_exercicio","https://web.archive.org/web/20030109103746/http://www.alepa.pa.gov.br:80/deputados.htm","Alepa - Assembléia Legislativa do Estado do Pará [...] Sarub Partido Comunista do Brasil  Sandra  Batista -","wayback_portal_casa","brutos/wayback/wb_20030109_deputados.htm","alta","data_raw/assembleias3/PA/composicao_final.csv",TRUE
"PA","2006","2010-12-08","M2006_PA_7_10123_10512","Roberto Santos","em_exercicio","https://web.archive.org/web/20101208091736/http://www.alepa.pa.gov.br:80/alepa/deputados.php","Webmail antigo  LISTA DE DEPUTADOS Por Partido  : TODOS [...] Regina Barata Notícias do Deputado  Roberto Santos  Notícias do Deputado Robgol Notícias","wayback_portal_casa","brutos/wayback/wb_20101208_deputados.php.html","alta","data_raw/assembleias3/PA/composicao_final.csv",TRUE
"PA","2006","2010-12-08","M2006_PA_7_11110_10658","Zé Neto","em_exercicio","https://web.archive.org/web/20101208091736/http://www.alepa.pa.gov.br:80/alepa/deputados.php","Webmail antigo  LISTA DE DEPUTADOS Por Partido  : TODOS [...] Zé Neto","wayback_portal_casa","brutos/wayback/wb_20101208_deputados.php.html","alta","data_raw/assembleias3/PA/composicao_final.csv",TRUE
"PA","2006","2010-12-08","M2006_PA_7_12345_10707","Luís Cunha","em_exercicio","https://web.archive.org/web/20101208091736/http://www.alepa.pa.gov.br:80/alepa/deputados.php","Webmail antigo  LISTA DE DEPUTADOS Por Partido  : TODOS [...] Luís Cunha","wayback_portal_casa","brutos/wayback/wb_20101208_deputados.php.html","alta","data_raw/assembleias3/PA/composicao_final.csv",TRUE
"PA","2006","2010-12-08","M2006_PA_7_12456_10711","Martinho Carmona","em_exercicio","https://web.archive.org/web/20101208091736/http://www.alepa.pa.gov.br:80/alepa/deputados.php","Webmail antigo  LISTA DE DEPUTADOS Por Partido  : TODOS [...] Márcio Miranda Notícias do Deputado  Martinho Carmona  Notícias do Deputado Miriquinho Batista","wayback_portal_casa","brutos/wayback/wb_20101208_deputados.php.html","alta","data_raw/assembleias3/PA/composicao_final.csv",TRUE
"PA","2006","2010-12-08","M2006_PA_7_13103_10518","Valdir Ganzer","em_exercicio","https://web.archive.org/web/20101208091736/http://www.alepa.pa.gov.br:80/alepa/deputados.php","Webmail antigo  LISTA DE DEPUTADOS Por Partido  : TODOS [...] Santos Notícias do Deputado  Valdir Ganzer  Notícias do Deputado","wayback_portal_casa","brutos/wayback/wb_20101208_deputados.php.html","alta","data_raw/assembleias3/PA/composicao_final.csv",TRUE
"PA","2006","2010-12-08","M2006_PA_7_13130_10520","Carlos Bordalo","em_exercicio","https://web.archive.org/web/20101208091736/http://www.alepa.pa.gov.br:80/alepa/deputados.php","Webmail antigo  LISTA DE DEPUTADOS Por Partido  : TODOS [...] Bosco Gabriel Notícias do Deputado  Carlos Bordalo  Notícias do Deputado Carlos Martins","wayback_portal_casa","brutos/wayback/wb_20101208_deputados.php.html","alta","data_raw/assembleias3/PA/composicao_final.csv",TRUE
"PA","2006","2010-12-08","M2006_PA_7_13131_10521","Carlos Martins","em_exercicio","https://web.archive.org/web/20101208091736/http://www.alepa.pa.gov.br:80/alepa/deputados.php","Webmail antigo  LISTA DE DEPUTADOS Por Partido  : TODOS [...] Carlos Bordalo Notícias do Deputado  Carlos Martins  Notícias do Deputado Cássio Andrade","wayback_portal_casa","brutos/wayback/wb_20101208_deputados.php.html","alta","data_raw/assembleias3/PA/composicao_final.csv",TRUE
"PA","2006","2010-12-08","M2006_PA_7_13133_10522","Bernadete ten Caten","em_exercicio","https://web.archive.org/web/20101208091736/http://www.alepa.pa.gov.br:80/alepa/deputados.php","Webmail antigo  LISTA DE DEPUTADOS Por Partido  : TODOS [...] Arnaldo Jordy Notícias do Deputado  Bernadete ten Caten  Notícias do Deputado Bira Barbosa","wayback_portal_casa","brutos/wayback/wb_20101208_deputados.php.html","alta","data_raw/assembleias3/PA/composicao_final.csv",TRUE
"PA","2006","2010-12-08","M2006_PA_7_13280_10525","Miriquinho Batista","em_exercicio","https://web.archive.org/web/20101208091736/http://www.alepa.pa.gov.br:80/alepa/deputados.php","Webmail antigo  LISTA DE DEPUTADOS Por Partido  : TODOS [...] Martinho Carmona Notícias do Deputado  Miriquinho Batista  Notícias do Deputado Parsifal Notícias","wayback_portal_casa","brutos/wayback/wb_20101208_deputados.php.html","alta","data_raw/assembleias3/PA/composicao_final.csv",TRUE
"PA","2006","2010-12-08","M2006_PA_7_13611_10535","Regina Barata","em_exercicio","https://web.archive.org/web/20101208091736/http://www.alepa.pa.gov.br:80/alepa/deputados.php","Webmail antigo  LISTA DE DEPUTADOS Por Partido  : TODOS [...] Deputado Parsifal Notícias do Deputado  Regina Barata  Notícias do Deputado Roberto Santos","wayback_portal_casa","brutos/wayback/wb_20101208_deputados.php.html","alta","data_raw/assembleias3/PA/composicao_final.csv",TRUE
"PA","2006","2010-12-08","M2006_PA_7_14123_10135","Joaquim Passarinho","em_exercicio","https://web.archive.org/web/20101208091736/http://www.alepa.pa.gov.br:80/alepa/deputados.php","Webmail antigo  LISTA DE DEPUTADOS Por Partido  : TODOS [...] João Salame Notícias do Deputado  Joaquim Passarinho  Notícias do Deputado Josefina Carmo","wayback_portal_casa","brutos/wayback/wb_20101208_deputados.php.html","alta","data_raw/assembleias3/PA/composicao_final.csv",TRUE
"PA","2006","2010-12-08","M2006_PA_7_14444_10147","Eduardo Costa","em_exercicio","https://web.archive.org/web/20101208091736/http://www.alepa.pa.gov.br:80/alepa/deputados.php","Webmail antigo  LISTA DE DEPUTADOS Por Partido  : TODOS [...] Domingos Juvenil Notícias do Deputado  Eduardo Costa  Notícias do Deputado Gabriel Guerreiro","wayback_portal_casa","brutos/wayback/wb_20101208_deputados.php.html","alta","data_raw/assembleias3/PA/composicao_final.csv",TRUE
"PA","2006","2010-12-08","M2006_PA_7_14500_10149","Júnior Ferrari","em_exercicio","https://web.archive.org/web/20101208091736/http://www.alepa.pa.gov.br:80/alepa/deputados.php","Webmail antigo  LISTA DE DEPUTADOS Por Partido  : TODOS [...] Júnior Ferrari","wayback_portal_casa","brutos/wayback/wb_20101208_deputados.php.html","alta","data_raw/assembleias3/PA/composicao_final.csv",TRUE
"PA","2006","2010-12-08","M2006_PA_7_14999_10165","Robgol","em_exercicio","https://web.archive.org/web/20101208091736/http://www.alepa.pa.gov.br:80/alepa/deputados.php","Webmail antigo  LISTA DE DEPUTADOS Por Partido  : TODOS [...] Roberto Santos Notícias do Deputado  Robgol  Notícias do Deputado Simone Morgado","wayback_portal_casa","brutos/wayback/wb_20101208_deputados.php.html","alta","data_raw/assembleias3/PA/composicao_final.csv",TRUE
"PA","2006","2010-12-08","M2006_PA_7_15177_10436","Domingos Juvenil","em_exercicio","https://web.archive.org/web/20101208091736/http://www.alepa.pa.gov.br:80/alepa/deputados.php","Webmail antigo  LISTA DE DEPUTADOS Por Partido  : TODOS [...] Deley Santos Notícias do Deputado  Domingos Juvenil  Notícias do Deputado Eduardo Costa","wayback_portal_casa","brutos/wayback/wb_20101208_deputados.php.html","alta","data_raw/assembleias3/PA/composicao_final.csv",TRUE
"PA","2006","2010-12-08","M2006_PA_7_15195_10439","Antonio Rocha","em_exercicio","https://web.archive.org/web/20101208091736/http://www.alepa.pa.gov.br:80/alepa/deputados.php","Webmail antigo  LISTA DE DEPUTADOS Por Partido  : TODOS [...] Dias Notícias do Deputado  Antonio Rocha  Notícias do Deputado Arnaldo Jordy","wayback_portal_casa","brutos/wayback/wb_20101208_deputados.php.html","alta","data_raw/assembleias3/PA/composicao_final.csv",TRUE
"PA","2006","2010-12-08","M2006_PA_7_15555_10448","Chicão","em_exercicio","https://web.archive.org/web/20101208091736/http://www.alepa.pa.gov.br:80/alepa/deputados.php","Webmail antigo  LISTA DE DEPUTADOS Por Partido  : TODOS [...] Cássio Andrade Notícias do Deputado  Chicão  Notícias do Deputado Deley Santos","wayback_portal_casa","brutos/wayback/wb_20101208_deputados.php.html","alta","data_raw/assembleias3/PA/composicao_final.csv",TRUE
"PA","2006","2010-12-08","M2006_PA_7_15888_10454","Simone Morgado","em_exercicio","https://web.archive.org/web/20101208091736/http://www.alepa.pa.gov.br:80/alepa/deputados.php","Webmail antigo  LISTA DE DEPUTADOS Por Partido  : TODOS [...] Deputado Robgol Notícias do Deputado  Simone Morgado  Notícias do Deputado Suleima Pegado","wayback_portal_casa","brutos/wayback/wb_20101208_deputados.php.html","alta","data_raw/assembleias3/PA/composicao_final.csv",TRUE
"PA","2006","2010-12-08","M2006_PA_7_20000_10456","Alessandro Novelino","em_exercicio","https://web.archive.org/web/20101208091736/http://www.alepa.pa.gov.br:80/alepa/deputados.php","Webmail antigo  LISTA DE DEPUTADOS Por Partido  : TODOS [...] Adamor Aires Notícias do Deputado  Alessandro Novelino  Notícias do Deputado Alexandre Von","wayback_portal_casa","brutos/wayback/wb_20101208_deputados.php.html","alta","data_raw/assembleias3/PA/composicao_final.csv",TRUE
"PA","2006","2010-12-08","M2006_PA_7_22111_10066","Adamor Aires","em_exercicio","https://web.archive.org/web/20101208091736/http://www.alepa.pa.gov.br:80/alepa/deputados.php","Webmail antigo  LISTA DE DEPUTADOS Por Partido  : TODOS [...] PTB PV Nome Notícias Partido  Adamor Aires  Notícias do Deputado Alessandro Novelino","wayback_portal_casa","brutos/wayback/wb_20101208_deputados.php.html","alta","data_raw/assembleias3/PA/composicao_final.csv",TRUE
"PA","2006","2010-12-08","M2006_PA_7_22345_10077","Júnior Hage","em_exercicio","https://web.archive.org/web/20101208091736/http://www.alepa.pa.gov.br:80/alepa/deputados.php","Webmail antigo  LISTA DE DEPUTADOS Por Partido  : TODOS [...] Júnior Hage","wayback_portal_casa","brutos/wayback/wb_20101208_deputados.php.html","alta","data_raw/assembleias3/PA/composicao_final.csv",TRUE
"PA","2006","2010-12-08","M2006_PA_7_23150_10492","João Salame","em_exercicio","https://web.archive.org/web/20101208091736/http://www.alepa.pa.gov.br:80/alepa/deputados.php","Webmail antigo  LISTA DE DEPUTADOS Por Partido  : TODOS [...] Italo Mácola Notícias do Deputado  João Salame  Notícias do Deputado Joaquim Passarinho","wayback_portal_casa","brutos/wayback/wb_20101208_deputados.php.html","alta","data_raw/assembleias3/PA/composicao_final.csv",TRUE
"PA","2006","2010-12-08","M2006_PA_7_23623_10615","Arnaldo Jordy","em_exercicio","https://web.archive.org/web/20101208091736/http://www.alepa.pa.gov.br:80/alepa/deputados.php","Webmail antigo  LISTA DE DEPUTADOS Por Partido  : TODOS [...] Antonio Rocha Notícias do Deputado  Arnaldo Jordy  Notícias do Deputado Bernadete ten","wayback_portal_casa","brutos/wayback/wb_20101208_deputados.php.html","alta","data_raw/assembleias3/PA/composicao_final.csv",TRUE
"PA","2006","2010-12-08","M2006_PA_7_25123_10097","Márcio Miranda","em_exercicio","https://web.archive.org/web/20101208091736/http://www.alepa.pa.gov.br:80/alepa/deputados.php","Webmail antigo  LISTA DE DEPUTADOS Por Partido  : TODOS [...] Manoel Pioneiro Notícias do Deputado  Márcio Miranda  Notícias do Deputado Martinho Carmona","wayback_portal_casa","brutos/wayback/wb_20101208_deputados.php.html","alta","data_raw/assembleias3/PA/composicao_final.csv",TRUE
"PA","2006","2010-12-08","M2006_PA_7_25456_10101","Haroldo Martins","em_exercicio","https://web.archive.org/web/20101208091736/http://www.alepa.pa.gov.br:80/alepa/deputados.php","Webmail antigo  LISTA DE DEPUTADOS Por Partido  : TODOS [...] Gualberto Neto Notícias do Deputado  Haroldo Martins  Notícias do Deputado Italo Mácola","wayback_portal_casa","brutos/wayback/wb_20101208_deputados.php.html","alta","data_raw/assembleias3/PA/composicao_final.csv",TRUE
"PA","2006","2010-12-08","M2006_PA_7_25800_10105","Josefina Carmo","em_exercicio","https://web.archive.org/web/20101208091736/http://www.alepa.pa.gov.br:80/alepa/deputados.php","Webmail antigo  LISTA DE DEPUTADOS Por Partido  : TODOS [...] Joaquim Passarinho Notícias do Deputado  Josefina Carmo  Notícias do Deputado","wayback_portal_casa","brutos/wayback/wb_20101208_deputados.php.html","alta","data_raw/assembleias3/PA/composicao_final.csv",TRUE
"PA","2006","2010-12-08","M2006_PA_7_40111_10358","Cássio Andrade","em_exercicio","https://web.archive.org/web/20101208091736/http://www.alepa.pa.gov.br:80/alepa/deputados.php","Webmail antigo  LISTA DE DEPUTADOS Por Partido  : TODOS [...] Carlos Martins Notícias do Deputado  Cássio Andrade  Notícias do Deputado Chicão Notícias","wayback_portal_casa","brutos/wayback/wb_20101208_deputados.php.html","alta","data_raw/assembleias3/PA/composicao_final.csv",TRUE
"PA","2006","2010-12-08","M2006_PA_7_43120_10196","Deley Santos","em_exercicio","https://web.archive.org/web/20101208091736/http://www.alepa.pa.gov.br:80/alepa/deputados.php","Webmail antigo  LISTA DE DEPUTADOS Por Partido  : TODOS [...] Deputado Chicão Notícias do Deputado  Deley Santos  Notícias do Deputado Domingos Juvenil","wayback_portal_casa","brutos/wayback/wb_20101208_deputados.php.html","alta","data_raw/assembleias3/PA/composicao_final.csv",TRUE
"PA","2006","2010-12-08","M2006_PA_7_43456_10208","Gabriel Guerreiro","em_exercicio","https://web.archive.org/web/20101208091736/http://www.alepa.pa.gov.br:80/alepa/deputados.php","Webmail antigo  LISTA DE DEPUTADOS Por Partido  : TODOS [...] Eduardo Costa Notícias do Deputado  Gabriel Guerreiro  Notícias do Deputado Gualberto Neto","wayback_portal_casa","brutos/wayback/wb_20101208_deputados.php.html","alta","data_raw/assembleias3/PA/composicao_final.csv",TRUE
"PA","2006","2010-12-08","M2006_PA_7_45045_10287","Zé Megale","em_exercicio","https://web.archive.org/web/20101208091736/http://www.alepa.pa.gov.br:80/alepa/deputados.php","Webmail antigo  LISTA DE DEPUTADOS Por Partido  : TODOS [...] Zé Megale","wayback_portal_casa","brutos/wayback/wb_20101208_deputados.php.html","alta","data_raw/assembleias3/PA/composicao_final.csv",TRUE
"PA","2006","2010-12-08","M2006_PA_7_45123_10290","Italo Mácola","em_exercicio","https://web.archive.org/web/20101208091736/http://www.alepa.pa.gov.br:80/alepa/deputados.php","Webmail antigo  LISTA DE DEPUTADOS Por Partido  : TODOS [...] Haroldo Martins Notícias do Deputado  Italo Mácola  Notícias do Deputado João Salame","wayback_portal_casa","brutos/wayback/wb_20101208_deputados.php.html","alta","data_raw/assembleias3/PA/composicao_final.csv",TRUE
"PA","2006","2010-12-08","M2006_PA_7_45130_10291","Ana Cunha","em_exercicio","https://web.archive.org/web/20101208091736/http://www.alepa.pa.gov.br:80/alepa/deputados.php","Webmail antigo  LISTA DE DEPUTADOS Por Partido  : TODOS [...] Alexandre Von Notícias do Deputado  Ana Cunha  Notícias do Deputado","wayback_portal_casa","brutos/wayback/wb_20101208_deputados.php.html","alta","data_raw/assembleias3/PA/composicao_final.csv",TRUE
"PA","2006","2010-12-08","M2006_PA_7_45145_10292","Tetê Santos","em_exercicio","https://web.archive.org/web/20101208091736/http://www.alepa.pa.gov.br:80/alepa/deputados.php","Webmail antigo  LISTA DE DEPUTADOS Por Partido  : TODOS [...] Tetê Santos","wayback_portal_casa","brutos/wayback/wb_20101208_deputados.php.html","alta","data_raw/assembleias3/PA/composicao_final.csv",TRUE
"PA","2006","2010-12-08","M2006_PA_7_45222_10295","Alexandre Von","em_exercicio","https://web.archive.org/web/20101208091736/http://www.alepa.pa.gov.br:80/alepa/deputados.php","Webmail antigo  LISTA DE DEPUTADOS Por Partido  : TODOS [...] Alessandro Novelino Notícias do Deputado  Alexandre Von  Notícias do Deputado Ana Cunha","wayback_portal_casa","brutos/wayback/wb_20101208_deputados.php.html","alta","data_raw/assembleias3/PA/composicao_final.csv",TRUE
"PA","2006","2010-12-08","M2006_PA_7_45451_10299","Manoel Pioneiro","em_exercicio","https://web.archive.org/web/20101208091736/http://www.alepa.pa.gov.br:80/alepa/deputados.php","Webmail antigo  LISTA DE DEPUTADOS Por Partido  : TODOS [...] Cunha Notícias do Deputado  Manoel Pioneiro  Notícias do Deputado Márcio Miranda","wayback_portal_casa","brutos/wayback/wb_20101208_deputados.php.html","alta","data_raw/assembleias3/PA/composicao_final.csv",TRUE
"PA","2006","2010-12-08","M2006_PA_7_45612_10303","Bosco Gabriel","em_exercicio","https://web.archive.org/web/20101208091736/http://www.alepa.pa.gov.br:80/alepa/deputados.php","Webmail antigo  LISTA DE DEPUTADOS Por Partido  : TODOS [...] Bira Barbosa Notícias do Deputado  Bosco Gabriel  Notícias do Deputado Carlos Bordalo","wayback_portal_casa","brutos/wayback/wb_20101208_deputados.php.html","alta","data_raw/assembleias3/PA/composicao_final.csv",TRUE
"PA","2006","2010-12-08","M2006_PA_7_45678_10307","André Dias","em_exercicio","https://web.archive.org/web/20101208091736/http://www.alepa.pa.gov.br:80/alepa/deputados.php","Webmail antigo  LISTA DE DEPUTADOS Por Partido  : TODOS [...] André Dias","wayback_portal_casa","brutos/wayback/wb_20101208_deputados.php.html","alta","data_raw/assembleias3/PA/composicao_final.csv",TRUE
"PA","2006","2010-12-08","M2006_PA_7_45800_10309","Suleima Pegado","em_exercicio","https://web.archive.org/web/20101208091736/http://www.alepa.pa.gov.br:80/alepa/deputados.php","Webmail antigo  LISTA DE DEPUTADOS Por Partido  : TODOS [...] Simone Morgado Notícias do Deputado  Suleima Pegado  Notícias do Deputado","wayback_portal_casa","brutos/wayback/wb_20101208_deputados.php.html","alta","data_raw/assembleias3/PA/composicao_final.csv",TRUE
"PA","2010","2014-12-31","M2010_PA_7_10147_140000000285","PRB Divino","em_exercicio","https://web.archive.org/web/20141231063749/http://www.alepa.pa.gov.br:80/portal/index.php","do Plenário  Parlamento Mesa Diretora Comissões Partidos Deputados  Transparência Legislativa [...] Hage  PRB Divino  PSB Belo Cássio Andrade PSC","wayback_portal_casa","brutos/wayback/wb_20141231_portal_index.php.html","alta","data_raw/assembleias3/PA/composicao_final.csv",TRUE
"PA","2010","2014-12-31","M2010_PA_7_11222_140000000663","LUIZ REBELO","em_exercicio","https://web.archive.org/web/20141231063749/http://www.alepa.pa.gov.br:80/portal/index.php","do Plenário  Parlamento Mesa Diretora Comissões Partidos Deputados  Transparência Legislativa [...] Francisco PP  LUIZ REBELO  PPS Augusto Pantoja PR","wayback_portal_casa","brutos/wayback/wb_20141231_portal_index.php.html","alta","data_raw/assembleias3/PA/composicao_final.csv",TRUE
"PA","2010","2014-12-31","M2010_PA_7_12222_140000000472","PDT Pio X","em_exercicio","https://web.archive.org/web/20141231063749/http://www.alepa.pa.gov.br:80/portal/index.php","do Plenário  Parlamento Mesa Diretora Comissões Partidos Deputados  Transparência Legislativa [...] Aguiar  PDT Pio X  PEN Raimundo Santos PMDB Antonio","wayback_portal_casa","brutos/wayback/wb_20141231_portal_index.php.html","alta","data_raw/assembleias3/PA/composicao_final.csv",TRUE
"PA","2010","2014-12-31","M2010_PA_7_12345_140000000454","Fernando Coimbra","em_exercicio","https://web.archive.org/web/20141231063749/http://www.alepa.pa.gov.br:80/portal/index.php","do Plenário  Parlamento Mesa Diretora Comissões Partidos Deputados  Transparência Legislativa [...] Andrade PSC Hilton Aguiar PSD  Fernando Coimbra","wayback_portal_casa","brutos/wayback/wb_20141231_portal_index.php.html","alta","data_raw/assembleias3/PA/composicao_final.csv",TRUE
"PA","2010","2014-12-31","M2010_PA_7_13100_140000000668","Milton Zimmer","em_exercicio","https://web.archive.org/web/20141231063749/http://www.alepa.pa.gov.br:80/portal/index.php","do Plenário  Parlamento Mesa Diretora Comissões Partidos Deputados  Transparência Legislativa [...] ten Caten Bordalo Edilson Moura  Milton Zimmer  Professor Alfredo Costa Valdir Ganzer","wayback_portal_casa","brutos/wayback/wb_20141231_portal_index.php.html","alta","data_raw/assembleias3/PA/composicao_final.csv",TRUE
"PA","2010","2014-12-31","M2010_PA_7_13103_140000000677","Valdir Ganzer","em_exercicio","https://web.archive.org/web/20141231063749/http://www.alepa.pa.gov.br:80/portal/index.php","do Plenário  Parlamento Mesa Diretora Comissões Partidos Deputados  Transparência Legislativa [...] Milton Zimmer Professor Alfredo Costa  Valdir Ganzer","wayback_portal_casa","brutos/wayback/wb_20141231_portal_index.php.html","alta","data_raw/assembleias3/PA/composicao_final.csv",TRUE
"PA","2010","2014-12-31","M2010_PA_7_13130_140000000637","Bordalo","em_exercicio","https://web.archive.org/web/20141231063749/http://www.alepa.pa.gov.br:80/portal/index.php","do Plenário  Parlamento Mesa Diretora Comissões Partidos Deputados  Transparência Legislativa [...] Airton Faleiro Bernadete ten Caten  Bordalo  Edilson Moura Milton Zimmer Professor","wayback_portal_casa","brutos/wayback/wb_20141231_portal_index.php.html","alta","data_raw/assembleias3/PA/composicao_final.csv",TRUE
"PA","2010","2014-12-31","M2010_PA_7_13131_140000000655","Zé Maria","em_exercicio","https://web.archive.org/web/20141231063749/http://www.alepa.pa.gov.br:80/portal/index.php","do Plenário  Parlamento Mesa Diretora Comissões Partidos Deputados  Transparência Legislativa [...] Zé Maria","wayback_portal_casa","brutos/wayback/wb_20141231_portal_index.php.html","alta","data_raw/assembleias3/PA/composicao_final.csv",TRUE
"PA","2010","2014-12-31","M2010_PA_7_13133_140000000636","Bernadete ten Caten","em_exercicio","https://web.archive.org/web/20141231063749/http://www.alepa.pa.gov.br:80/portal/index.php","do Plenário  Parlamento Mesa Diretora Comissões Partidos Deputados  Transparência Legislativa [...] Edmilson Rodrigues PT Airton Faleiro  Bernadete ten Caten  Bordalo Edilson Moura Milton Zimmer","wayback_portal_casa","brutos/wayback/wb_20141231_portal_index.php.html","alta","data_raw/assembleias3/PA/composicao_final.csv",TRUE
"PA","2010","2014-12-31","M2010_PA_7_13310_140000000643","Edilson Moura","em_exercicio","https://web.archive.org/web/20141231063749/http://www.alepa.pa.gov.br:80/portal/index.php","do Plenário  Parlamento Mesa Diretora Comissões Partidos Deputados  Transparência Legislativa [...] Faleiro Bernadete ten Caten Bordalo  Edilson Moura  Milton Zimmer Professor Alfredo Costa","wayback_portal_casa","brutos/wayback/wb_20141231_portal_index.php.html","alta","data_raw/assembleias3/PA/composicao_final.csv",TRUE
"PA","2010","2014-12-31","M2010_PA_7_13500_140000000631","Airton Faleiro","em_exercicio","https://web.archive.org/web/20141231063749/http://www.alepa.pa.gov.br:80/portal/index.php","do Plenário  Parlamento Mesa Diretora Comissões Partidos Deputados  Transparência Legislativa [...] Megale PSOL Edmilson Rodrigues PT  Airton Faleiro  Bernadete ten Caten Bordalo Edilson","wayback_portal_casa","brutos/wayback/wb_20141231_portal_index.php.html","alta","data_raw/assembleias3/PA/composicao_final.csv",TRUE
"PA","2010","2014-12-31","M2010_PA_7_14444_140000000163","Eduardo Costa","em_exercicio","https://web.archive.org/web/20141231063749/http://www.alepa.pa.gov.br:80/portal/index.php","do Plenário  Parlamento Mesa Diretora Comissões Partidos Deputados  Transparência Legislativa [...] Maria PTB  Eduardo Costa  Tião Miranda PV SDD Eliel","wayback_portal_casa","brutos/wayback/wb_20141231_portal_index.php.html","alta","data_raw/assembleias3/PA/composicao_final.csv",TRUE
"PA","2010","2014-12-31","M2010_PA_7_14500_140000000166","Júnior Ferrari","em_exercicio","https://web.archive.org/web/20141231063749/http://www.alepa.pa.gov.br:80/portal/index.php","do Plenário  Parlamento Mesa Diretora Comissões Partidos Deputados  Transparência Legislativa [...] Júnior Ferrari","wayback_portal_casa","brutos/wayback/wb_20141231_portal_index.php.html","alta","data_raw/assembleias3/PA/composicao_final.csv",TRUE
"PA","2010","2014-12-31","M2010_PA_7_14780_140000000175","Tião Miranda","em_exercicio","https://web.archive.org/web/20141231063749/http://www.alepa.pa.gov.br:80/portal/index.php","do Plenário  Parlamento Mesa Diretora Comissões Partidos Deputados  Transparência Legislativa [...] Maria PTB Eduardo Costa  Tião Miranda  PV SDD Eliel Faustino Fale","wayback_portal_casa","brutos/wayback/wb_20141231_portal_index.php.html","alta","data_raw/assembleias3/PA/composicao_final.csv",TRUE
"PA","2010","2014-12-31","M2010_PA_7_15007_140000000231","Deputado Macarrão","em_exercicio","https://web.archive.org/web/20141231063749/http://www.alepa.pa.gov.br:80/portal/index.php","do Plenário  Parlamento Mesa Diretora Comissões Partidos Deputados  Transparência Legislativa [...] Santos PMDB Antonio Rocha Chicão  Deputado Macarrão  Josefina Carmo Martinho Carmona Nilma","wayback_portal_casa","brutos/wayback/wb_20141231_portal_index.php.html","alta","data_raw/assembleias3/PA/composicao_final.csv",TRUE
"PA","2010","2014-12-31","M2010_PA_7_15100_140000000230","Parsifal","em_exercicio","https://web.archive.org/web/20141231063749/http://www.alepa.pa.gov.br:80/portal/index.php","do Plenário  Parlamento Mesa Diretora Comissões Partidos Deputados  Transparência Legislativa [...] Carmo Martinho Carmona Nilma Lima  Parsifal  Simone Morgado PMN","wayback_portal_casa","brutos/wayback/wb_20141231_portal_index.php.html","alta","data_raw/assembleias3/PA/composicao_final.csv",TRUE
"PA","2010","2014-12-31","M2010_PA_7_15195_140000000206","Antonio Rocha","em_exercicio","https://web.archive.org/web/20141231063749/http://www.alepa.pa.gov.br:80/portal/index.php","do Plenário  Parlamento Mesa Diretora Comissões Partidos Deputados  Transparência Legislativa [...] X PEN Raimundo Santos PMDB  Antonio Rocha  Chicão Deputado Macarrão Josefina Carmo","wayback_portal_casa","brutos/wayback/wb_20141231_portal_index.php.html","alta","data_raw/assembleias3/PA/composicao_final.csv",TRUE
"PA","2010","2014-12-31","M2010_PA_7_15456_140000000228","Martinho Carmona","em_exercicio","https://web.archive.org/web/20141231063749/http://www.alepa.pa.gov.br:80/portal/index.php","do Plenário  Parlamento Mesa Diretora Comissões Partidos Deputados  Transparência Legislativa [...] Chicão Deputado Macarrão Josefina Carmo  Martinho Carmona  Nilma Lima Parsifal Simone Morgado","wayback_portal_casa","brutos/wayback/wb_20141231_portal_index.php.html","alta","data_raw/assembleias3/PA/composicao_final.csv",TRUE
"PA","2010","2014-12-31","M2010_PA_7_15555_140000000213","Chicão","em_exercicio","https://web.archive.org/web/20141231063749/http://www.alepa.pa.gov.br:80/portal/index.php","do Plenário  Parlamento Mesa Diretora Comissões Partidos Deputados  Transparência Legislativa [...] Raimundo Santos PMDB Antonio Rocha  Chicão  Deputado Macarrão Josefina Carmo Martinho","wayback_portal_casa","brutos/wayback/wb_20141231_portal_index.php.html","alta","data_raw/assembleias3/PA/composicao_final.csv",TRUE
"PA","2010","2014-12-31","M2010_PA_7_15678_140000000227","Nilma Lima","em_exercicio","https://web.archive.org/web/20141231063749/http://www.alepa.pa.gov.br:80/portal/index.php","do Plenário  Parlamento Mesa Diretora Comissões Partidos Deputados  Transparência Legislativa [...] Macarrão Josefina Carmo Martinho Carmona  Nilma Lima  Parsifal Simone Morgado PMN","wayback_portal_casa","brutos/wayback/wb_20141231_portal_index.php.html","alta","data_raw/assembleias3/PA/composicao_final.csv",TRUE
"PA","2010","2014-12-31","M2010_PA_7_15800_140000000221","Josefina Carmo","em_exercicio","https://web.archive.org/web/20141231063749/http://www.alepa.pa.gov.br:80/portal/index.php","do Plenário  Parlamento Mesa Diretora Comissões Partidos Deputados  Transparência Legislativa [...] Antonio Rocha Chicão Deputado Macarrão  Josefina Carmo  Martinho Carmona Nilma Lima Parsifal","wayback_portal_casa","brutos/wayback/wb_20141231_portal_index.php.html","alta","data_raw/assembleias3/PA/composicao_final.csv",TRUE
"PA","2010","2014-12-31","M2010_PA_7_15888_140000000234","Simone Morgado","em_exercicio","https://web.archive.org/web/20141231063749/http://www.alepa.pa.gov.br:80/portal/index.php","do Plenário  Parlamento Mesa Diretora Comissões Partidos Deputados  Transparência Legislativa [...] Martinho Carmona Nilma Lima Parsifal  Simone Morgado  PMN","wayback_portal_casa","brutos/wayback/wb_20141231_portal_index.php.html","alta","data_raw/assembleias3/PA/composicao_final.csv",TRUE
"PA","2010","2014-12-31","M2010_PA_7_20222_140000000571","Hilton Aguiar","em_exercicio","https://web.archive.org/web/20141231063749/http://www.alepa.pa.gov.br:80/portal/index.php","do Plenário  Parlamento Mesa Diretora Comissões Partidos Deputados  Transparência Legislativa [...] PSB Belo Cássio Andrade PSC  Hilton Aguiar  PSD Fernando Coimbra","wayback_portal_casa","brutos/wayback/wb_20141231_portal_index.php.html","alta","data_raw/assembleias3/PA/composicao_final.csv",TRUE
"PA","2010","2014-12-31","M2010_PA_7_22123_140000000508","Raimundo Santos","em_exercicio","https://web.archive.org/web/20141231063749/http://www.alepa.pa.gov.br:80/portal/index.php","do Plenário  Parlamento Mesa Diretora Comissões Partidos Deputados  Transparência Legislativa [...] Aguiar PDT Pio X PEN  Raimundo Santos  PMDB Antonio Rocha Chicão Deputado","wayback_portal_casa","brutos/wayback/wb_20141231_portal_index.php.html","alta","data_raw/assembleias3/PA/composicao_final.csv",TRUE
"PA","2010","2014-12-31","M2010_PA_7_22150_140000000499","Luzineide Farias","em_exercicio","https://web.archive.org/web/20141231063749/http://www.alepa.pa.gov.br:80/portal/index.php","do Plenário  Parlamento Mesa Diretora Comissões Partidos Deputados  Transparência Legislativa [...] Ferrari  Luzineide Farias  PSDB Ana Cunha Cilene Couto","wayback_portal_casa","brutos/wayback/wb_20141231_portal_index.php.html","alta","data_raw/assembleias3/PA/composicao_final.csv",TRUE
"PA","2010","2014-12-31","M2010_PA_7_22345_140000000492","Júnior Hage","em_exercicio","https://web.archive.org/web/20141231063749/http://www.alepa.pa.gov.br:80/portal/index.php","do Plenário  Parlamento Mesa Diretora Comissões Partidos Deputados  Transparência Legislativa [...] Júnior Hage","wayback_portal_casa","brutos/wayback/wb_20141231_portal_index.php.html","alta","data_raw/assembleias3/PA/composicao_final.csv",TRUE
"PA","2010","2014-12-31","M2010_PA_7_22789_140000000485","Eliel Faustino","em_exercicio","https://web.archive.org/web/20141231063749/http://www.alepa.pa.gov.br:80/portal/index.php","do Plenário  Parlamento Mesa Diretora Comissões Partidos Deputados  Transparência Legislativa [...] Costa Tião Miranda PV SDD  Eliel Faustino  Fale conosco Assessoria de Imprensa","wayback_portal_casa","brutos/wayback/wb_20141231_portal_index.php.html","alta","data_raw/assembleias3/PA/composicao_final.csv",TRUE
"PA","2010","2014-12-31","M2010_PA_7_25123_140000000440","Márcio Miranda","em_exercicio","https://web.archive.org/web/20141231063749/http://www.alepa.pa.gov.br:80/portal/index.php","do Plenário  Parlamento Mesa Diretora Comissões Partidos Deputados  Transparência Legislativa [...] --> Deputados DEM Haroldo Martins  Márcio Miranda","wayback_portal_casa","brutos/wayback/wb_20141231_portal_index.php.html","alta","data_raw/assembleias3/PA/composicao_final.csv",TRUE
"PA","2010","2014-12-31","M2010_PA_7_40000_140000000257","PSB Belo","em_exercicio","https://web.archive.org/web/20141231063749/http://www.alepa.pa.gov.br:80/portal/index.php","do Plenário  Parlamento Mesa Diretora Comissões Partidos Deputados  Transparência Legislativa [...] Hage PRB Divino  PSB Belo  Cássio Andrade PSC Hilton Aguiar","wayback_portal_casa","brutos/wayback/wb_20141231_portal_index.php.html","alta","data_raw/assembleias3/PA/composicao_final.csv",TRUE
"PA","2010","2014-12-31","M2010_PA_7_40111_140000000247","Cássio Andrade","em_exercicio","https://web.archive.org/web/20141231063749/http://www.alepa.pa.gov.br:80/portal/index.php","do Plenário  Parlamento Mesa Diretora Comissões Partidos Deputados  Transparência Legislativa [...] Hage PRB Divino PSB Belo  Cássio Andrade  PSC Hilton Aguiar PSD Fernando","wayback_portal_casa","brutos/wayback/wb_20141231_portal_index.php.html","alta","data_raw/assembleias3/PA/composicao_final.csv",TRUE
"PA","2010","2014-12-31","M2010_PA_7_45045_140000000784","Zé Megale","em_exercicio","https://web.archive.org/web/20141231063749/http://www.alepa.pa.gov.br:80/portal/index.php","do Plenário  Parlamento Mesa Diretora Comissões Partidos Deputados  Transparência Legislativa [...] Zé Megale","wayback_portal_casa","brutos/wayback/wb_20141231_portal_index.php.html","alta","data_raw/assembleias3/PA/composicao_final.csv",TRUE
"PA","2010","2014-12-31","M2010_PA_7_45112_140000000760","Cilene Couto","em_exercicio","https://web.archive.org/web/20141231063749/http://www.alepa.pa.gov.br:80/portal/index.php","do Plenário  Parlamento Mesa Diretora Comissões Partidos Deputados  Transparência Legislativa [...] Luzineide Farias PSDB Ana Cunha  Cilene Couto  Italo Mácola","wayback_portal_casa","brutos/wayback/wb_20141231_portal_index.php.html","alta","data_raw/assembleias3/PA/composicao_final.csv",TRUE
"PA","2010","2014-12-31","M2010_PA_7_45130_140000000684","Ana Cunha","em_exercicio","https://web.archive.org/web/20141231063749/http://www.alepa.pa.gov.br:80/portal/index.php","do Plenário  Parlamento Mesa Diretora Comissões Partidos Deputados  Transparência Legislativa [...] Ferrari Luzineide Farias PSDB  Ana Cunha  Cilene Couto Italo Mácola","wayback_portal_casa","brutos/wayback/wb_20141231_portal_index.php.html","alta","data_raw/assembleias3/PA/composicao_final.csv",TRUE
"PA","2010","2014-12-31","M2010_PA_7_50123_140000000145","Edmilson Rodrigues","em_exercicio","https://web.archive.org/web/20141231063749/http://www.alepa.pa.gov.br:80/portal/index.php","do Plenário  Parlamento Mesa Diretora Comissões Partidos Deputados  Transparência Legislativa [...] Megale PSOL  Edmilson Rodrigues  PT Airton Faleiro Bernadete ten","wayback_portal_casa","brutos/wayback/wb_20141231_portal_index.php.html","alta","data_raw/assembleias3/PA/composicao_final.csv",TRUE
"PA","2014","2018-12-21","M2014_PA_7_10147_140000000170","Divino","em_exercicio","https://web.archive.org/web/20181221000249/http://alepa.pa.gov.br/Principal","Representantes do Povo  FILTRAR POR [...] Coimbra Thiago Araújo Luiz Sefer  Divino  Antônio Tonheiro Renato Ogawa Junior","wayback_portal_casa","brutos/wayback/wb_20181221_Principal.html","alta","data_raw/assembleias3/PA/composicao_final.csv",TRUE
"PA","2014","2018-12-21","M2014_PA_7_11000_140000001007","Luiz Sefer","em_exercicio","https://web.archive.org/web/20181221000249/http://alepa.pa.gov.br/Principal","Representantes do Povo  FILTRAR POR [...] Neves Fernando Coimbra Thiago Araújo  Luiz Sefer  Divino Antônio Tonheiro Renato Ogawa","wayback_portal_casa","brutos/wayback/wb_20181221_Principal.html","alta","data_raw/assembleias3/PA/composicao_final.csv",TRUE
"PA","2014","2018-12-21","M2014_PA_7_12345_140000000653","Miro Sanova","em_exercicio","https://web.archive.org/web/20181221000249/http://alepa.pa.gov.br/Principal","Representantes do Povo  FILTRAR POR [...] Scaff Eduardo Costa Junior Hage  Miro Sanova  Airton Faleiro Dirceu Ten Caten","wayback_portal_casa","brutos/wayback/wb_20181221_Principal.html","alta","data_raw/assembleias3/PA/composicao_final.csv",TRUE
"PA","2014","2018-12-21","M2014_PA_7_13130_140000000396","Carlos Bordalo","em_exercicio","https://web.archive.org/web/20181221000249/http://alepa.pa.gov.br/Principal","Representantes do Povo  FILTRAR POR [...] Airton Faleiro Dirceu Ten Caten  Carlos Bordalo  Lelio Costa Sidney Rosa Cassio","wayback_portal_casa","brutos/wayback/wb_20181221_Principal.html","alta","data_raw/assembleias3/PA/composicao_final.csv",TRUE
"PA","2014","2018-12-21","M2014_PA_7_13133_140000000398","Dirceu Ten Caten","em_exercicio","https://web.archive.org/web/20181221000249/http://alepa.pa.gov.br/Principal","Representantes do Povo  FILTRAR POR [...] Hage Miro Sanova Airton Faleiro  Dirceu Ten Caten  Carlos Bordalo Lelio Costa Sidney","wayback_portal_casa","brutos/wayback/wb_20181221_Principal.html","alta","data_raw/assembleias3/PA/composicao_final.csv",TRUE
"PA","2014","2018-12-21","M2014_PA_7_13500_140000000390","Airton Faleiro","em_exercicio","https://web.archive.org/web/20181221000249/http://alepa.pa.gov.br/Principal","Representantes do Povo  FILTRAR POR [...] Costa Junior Hage Miro Sanova  Airton Faleiro  Dirceu Ten Caten Carlos Bordalo","wayback_portal_casa","brutos/wayback/wb_20181221_Principal.html","alta","data_raw/assembleias3/PA/composicao_final.csv",TRUE
"PA","2014","2018-12-21","M2014_PA_7_14444_140000000993","Eduardo Costa","em_exercicio","https://web.archive.org/web/20181221000249/http://alepa.pa.gov.br/Principal","Representantes do Povo  FILTRAR POR [...] Juvenil João Chamon José Scaff  Eduardo Costa  Junior Hage Miro Sanova Airton","wayback_portal_casa","brutos/wayback/wb_20181221_Principal.html","alta","data_raw/assembleias3/PA/composicao_final.csv",TRUE
"PA","2014","2018-12-21","M2014_PA_7_15000_140000000378","Eraldo Pimenta","em_exercicio","https://web.archive.org/web/20181221000249/http://alepa.pa.gov.br/Principal","Representantes do Povo  FILTRAR POR [...] Martins Olival Marques Raimundo Belo  Eraldo Pimenta  Chicão Iran Lima Martinho Carmona","wayback_portal_casa","brutos/wayback/wb_20181221_Principal.html","alta","data_raw/assembleias3/PA/composicao_final.csv",TRUE
"PA","2014","2018-12-21","M2014_PA_7_15100_140000000444","João Chamon","em_exercicio","https://web.archive.org/web/20181221000249/http://alepa.pa.gov.br/Principal","Representantes do Povo  FILTRAR POR [...] Martinho Carmona Wanderlan Ozório Juvenil  João Chamon  José Scaff Eduardo Costa Junior","wayback_portal_casa","brutos/wayback/wb_20181221_Principal.html","alta","data_raw/assembleias3/PA/composicao_final.csv",TRUE
"PA","2014","2018-12-21","M2014_PA_7_15177_140000000388","Ozório Juvenil","em_exercicio","https://web.archive.org/web/20181221000249/http://alepa.pa.gov.br/Principal","Representantes do Povo  FILTRAR POR [...] Iran Lima Martinho Carmona Wanderlan  Ozório Juvenil  João Chamon José Scaff Eduardo","wayback_portal_casa","brutos/wayback/wb_20181221_Principal.html","alta","data_raw/assembleias3/PA/composicao_final.csv",TRUE
"PA","2014","2018-12-21","M2014_PA_7_15456_140000000454","Martinho Carmona","em_exercicio","https://web.archive.org/web/20181221000249/http://alepa.pa.gov.br/Principal","Representantes do Povo  FILTRAR POR [...] Eraldo Pimenta Chicão Iran Lima  Martinho Carmona  Wanderlan Ozório Juvenil João Chamon","wayback_portal_casa","brutos/wayback/wb_20181221_Principal.html","alta","data_raw/assembleias3/PA/composicao_final.csv",TRUE
"PA","2014","2018-12-21","M2014_PA_7_15500_140000000382","José Scaff","em_exercicio","https://web.archive.org/web/20181221000249/http://alepa.pa.gov.br/Principal","Representantes do Povo  FILTRAR POR [...] Wanderlan Ozório Juvenil João Chamon  José Scaff  Eduardo Costa Junior Hage Miro","wayback_portal_casa","brutos/wayback/wb_20181221_Principal.html","alta","data_raw/assembleias3/PA/composicao_final.csv",TRUE
"PA","2014","2018-12-21","M2014_PA_7_15555_140000000379","Chicão","em_exercicio","https://web.archive.org/web/20181221000249/http://alepa.pa.gov.br/Principal","Representantes do Povo  FILTRAR POR [...] Marques Raimundo Belo Eraldo Pimenta  Chicão  Iran Lima Martinho Carmona Wanderlan","wayback_portal_casa","brutos/wayback/wb_20181221_Principal.html","alta","data_raw/assembleias3/PA/composicao_final.csv",TRUE
"PA","2014","2018-12-21","M2014_PA_7_15615_140000000440","Wanderlan","em_exercicio","https://web.archive.org/web/20181221000249/http://alepa.pa.gov.br/Principal","Representantes do Povo  FILTRAR POR [...] Chicão Iran Lima Martinho Carmona  Wanderlan  Ozório Juvenil João Chamon José","wayback_portal_casa","brutos/wayback/wb_20181221_Principal.html","alta","data_raw/assembleias3/PA/composicao_final.csv",TRUE
"PA","2014","2018-12-21","M2014_PA_7_15678_140000000383","Iran Lima","em_exercicio","https://web.archive.org/web/20181221000249/http://alepa.pa.gov.br/Principal","Representantes do Povo  FILTRAR POR [...] Raimundo Belo Eraldo Pimenta Chicão  Iran Lima  Martinho Carmona Wanderlan Ozório Juvenil","wayback_portal_casa","brutos/wayback/wb_20181221_Principal.html","alta","data_raw/assembleias3/PA/composicao_final.csv",TRUE
"PA","2014","2018-12-21","M2014_PA_7_20123_140000000222","Olival Marques","em_exercicio","https://web.archive.org/web/20181221000249/http://alepa.pa.gov.br/Principal","Representantes do Povo  FILTRAR POR [...] Faustino Marcio Miranda Haroldo Martins  Olival Marques  Raimundo Belo Eraldo Pimenta Chicão","wayback_portal_casa","brutos/wayback/wb_20181221_Principal.html","alta","data_raw/assembleias3/PA/composicao_final.csv",TRUE
"PA","2014","2018-12-21","M2014_PA_7_20777_140000000214","Dr. Jaques Neves","em_exercicio","https://web.archive.org/web/20181221000249/http://alepa.pa.gov.br/Principal","Representantes do Povo  FILTRAR POR [...] Rebelo Celso Sabino Ana Cunha  Dr. Jaques Neves  Fernando Coimbra Thiago Araújo Luiz","wayback_portal_casa","brutos/wayback/wb_20181221_Principal.html","alta","data_raw/assembleias3/PA/composicao_final.csv",TRUE
"PA","2014","2018-12-21","M2014_PA_7_22222_140000000575","Renato Ogawa","em_exercicio","https://web.archive.org/web/20181221000249/http://alepa.pa.gov.br/Principal","Representantes do Povo  FILTRAR POR [...] Luiz Sefer Divino Antônio Tonheiro  Renato Ogawa  Junior Ferrari Coronel Neil Gesmar","wayback_portal_casa","brutos/wayback/wb_20181221_Principal.html","alta","data_raw/assembleias3/PA/composicao_final.csv",TRUE
"PA","2014","2018-12-21","M2014_PA_7_22345_140000000574","Junior Hage","em_exercicio","https://web.archive.org/web/20181221000249/http://alepa.pa.gov.br/Principal","Representantes do Povo  FILTRAR POR [...] Chamon José Scaff Eduardo Costa  Junior Hage  Miro Sanova Airton Faleiro Dirceu","wayback_portal_casa","brutos/wayback/wb_20181221_Principal.html","alta","data_raw/assembleias3/PA/composicao_final.csv",TRUE
"PA","2014","2018-12-21","M2014_PA_7_23333_140000000911","Thiago Araújo","em_exercicio","https://web.archive.org/web/20181221000249/http://alepa.pa.gov.br/Principal","Representantes do Povo  FILTRAR POR [...] Dr. Jaques Neves Fernando Coimbra  Thiago Araújo  Luiz Sefer Divino Antônio Tonheiro","wayback_portal_casa","brutos/wayback/wb_20181221_Principal.html","alta","data_raw/assembleias3/PA/composicao_final.csv",TRUE
"PA","2014","2018-12-21","M2014_PA_7_25456_140000000057","Haroldo Martins","em_exercicio","https://web.archive.org/web/20181221000249/http://alepa.pa.gov.br/Principal","Representantes do Povo  FILTRAR POR [...] Aguiar Eliel Faustino Marcio Miranda  Haroldo Martins  Olival Marques Raimundo Belo Eraldo","wayback_portal_casa","brutos/wayback/wb_20181221_Principal.html","alta","data_raw/assembleias3/PA/composicao_final.csv",TRUE
"PA","2014","2018-12-21","M2014_PA_7_40111_140000000520","Cassio Andrade","em_exercicio","https://web.archive.org/web/20181221000249/http://alepa.pa.gov.br/Principal","Representantes do Povo  FILTRAR POR [...] Bordalo Lelio Costa Sidney Rosa  Cassio Andrade  Milton Campos Eliane Lima Cilene","wayback_portal_casa","brutos/wayback/wb_20181221_Principal.html","alta","data_raw/assembleias3/PA/composicao_final.csv",TRUE
"PA","2014","2018-12-21","M2014_PA_7_40456_140000000540","Sidney Rosa","em_exercicio","https://web.archive.org/web/20181221000249/http://alepa.pa.gov.br/Principal","Representantes do Povo  FILTRAR POR [...] Caten Carlos Bordalo Lelio Costa  Sidney Rosa  Cassio Andrade Milton Campos Eliane","wayback_portal_casa","brutos/wayback/wb_20181221_Principal.html","alta","data_raw/assembleias3/PA/composicao_final.csv",TRUE
"PA","2014","2018-12-21","M2014_PA_7_45111_140000000982","Luth Rebelo","em_exercicio","https://web.archive.org/web/20181221000249/http://alepa.pa.gov.br/Principal","Representantes do Povo  FILTRAR POR [...] Campos Eliane Lima Cilene Couto  Luth Rebelo  Celso Sabino Ana Cunha Dr.","wayback_portal_casa","brutos/wayback/wb_20181221_Principal.html","alta","data_raw/assembleias3/PA/composicao_final.csv",TRUE
"PA","2014","2018-12-21","M2014_PA_7_45112_140000000961","Cilene Couto","em_exercicio","https://web.archive.org/web/20181221000249/http://alepa.pa.gov.br/Principal","Representantes do Povo  FILTRAR POR [...] Andrade Milton Campos Eliane Lima  Cilene Couto  Luth Rebelo Celso Sabino Ana","wayback_portal_casa","brutos/wayback/wb_20181221_Principal.html","alta","data_raw/assembleias3/PA/composicao_final.csv",TRUE
"PA","2014","2018-12-21","M2014_PA_7_45130_140000000985","Ana Cunha","em_exercicio","https://web.archive.org/web/20181221000249/http://alepa.pa.gov.br/Principal","Representantes do Povo  FILTRAR POR [...] Couto Luth Rebelo Celso Sabino  Ana Cunha  Dr. Jaques Neves Fernando Coimbra","wayback_portal_casa","brutos/wayback/wb_20181221_Principal.html","alta","data_raw/assembleias3/PA/composicao_final.csv",TRUE
"PA","2014","2018-12-21","M2014_PA_7_45155_140000000971","Milton Campos","em_exercicio","https://web.archive.org/web/20181221000249/http://alepa.pa.gov.br/Principal","Representantes do Povo  FILTRAR POR [...] Costa Sidney Rosa Cassio Andrade  Milton Campos  Eliane Lima Cilene Couto Luth","wayback_portal_casa","brutos/wayback/wb_20181221_Principal.html","alta","data_raw/assembleias3/PA/composicao_final.csv",TRUE
"PA","2014","2018-12-21","M2014_PA_7_45555_140000000966","Eliane Lima","em_exercicio","https://web.archive.org/web/20181221000249/http://alepa.pa.gov.br/Principal","Representantes do Povo  FILTRAR POR [...] Rosa Cassio Andrade Milton Campos  Eliane Lima  Cilene Couto Luth Rebelo Celso","wayback_portal_casa","brutos/wayback/wb_20181221_Principal.html","alta","data_raw/assembleias3/PA/composicao_final.csv",TRUE
"PA","2014","2018-12-21","M2014_PA_7_45678_140000000962","Celso Sabino","em_exercicio","https://web.archive.org/web/20181221000249/http://alepa.pa.gov.br/Principal","Representantes do Povo  FILTRAR POR [...] Lima Cilene Couto Luth Rebelo  Celso Sabino  Ana Cunha Dr. Jaques Neves","wayback_portal_casa","brutos/wayback/wb_20181221_Principal.html","alta","data_raw/assembleias3/PA/composicao_final.csv",TRUE
"PA","2014","2018-12-21","M2014_PA_7_51234_140000000204","Raimundo Santos","em_exercicio","https://web.archive.org/web/20181221000249/http://alepa.pa.gov.br/Principal","Representantes do Povo  FILTRAR POR [...] Neil Gesmar Costa Soldado Tercio  Raimundo Santos","wayback_portal_casa","brutos/wayback/wb_20181221_Principal.html","alta","data_raw/assembleias3/PA/composicao_final.csv",TRUE
"PA","2014","2018-12-21","M2014_PA_7_54444_140000000709","Antônio Tonheiro","em_exercicio","https://web.archive.org/web/20181221000249/http://alepa.pa.gov.br/Principal","Representantes do Povo  FILTRAR POR [...] Thiago Araújo Luiz Sefer Divino  Antônio Tonheiro  Renato Ogawa Junior Ferrari Coronel","wayback_portal_casa","brutos/wayback/wb_20181221_Principal.html","alta","data_raw/assembleias3/PA/composicao_final.csv",TRUE
"PA","2014","2018-12-21","M2014_PA_7_55000_140000001014","Coronel Neil","em_exercicio","https://web.archive.org/web/20181221000249/http://alepa.pa.gov.br/Principal","Representantes do Povo  FILTRAR POR [...] Tonheiro Renato Ogawa Junior Ferrari  Coronel Neil  Gesmar Costa Soldado Tercio Raimundo","wayback_portal_casa","brutos/wayback/wb_20181221_Principal.html","alta","data_raw/assembleias3/PA/composicao_final.csv",TRUE
"PA","2014","2018-12-21","M2014_PA_7_55123_140000001011","Fernando Coimbra","em_exercicio","https://web.archive.org/web/20181221000249/http://alepa.pa.gov.br/Principal","Representantes do Povo  FILTRAR POR [...] Ana Cunha Dr. Jaques Neves  Fernando Coimbra  Thiago Araújo Luiz Sefer Divino","wayback_portal_casa","brutos/wayback/wb_20181221_Principal.html","alta","data_raw/assembleias3/PA/composicao_final.csv",TRUE
"PA","2014","2018-12-21","M2014_PA_7_55500_140000000998","Junior Ferrari","em_exercicio","https://web.archive.org/web/20181221000249/http://alepa.pa.gov.br/Principal","Representantes do Povo  FILTRAR POR [...] Divino Antônio Tonheiro Renato Ogawa  Junior Ferrari  Coronel Neil Gesmar Costa Soldado","wayback_portal_casa","brutos/wayback/wb_20181221_Principal.html","alta","data_raw/assembleias3/PA/composicao_final.csv",TRUE
"PA","2014","2018-12-21","M2014_PA_7_65100_140000000296","Lelio Costa","em_exercicio","https://web.archive.org/web/20181221000249/http://alepa.pa.gov.br/Principal","Representantes do Povo  FILTRAR POR [...] Dirceu Ten Caten Carlos Bordalo  Lelio Costa  Sidney Rosa Cassio Andrade Milton","wayback_portal_casa","brutos/wayback/wb_20181221_Principal.html","alta","data_raw/assembleias3/PA/composicao_final.csv",TRUE
"PA","2014","2018-12-21","M2014_PA_7_90000_140000000604","Raimundo Belo","em_exercicio","https://web.archive.org/web/20181221000249/http://alepa.pa.gov.br/Principal","Representantes do Povo  FILTRAR POR [...] Miranda Haroldo Martins Olival Marques  Raimundo Belo  Eraldo Pimenta Chicão Iran Lima","wayback_portal_casa","brutos/wayback/wb_20181221_Principal.html","alta","data_raw/assembleias3/PA/composicao_final.csv",TRUE
"PA","2014","2018-12-21","M2014_PA_7_90901_140000000613","Soldado Tercio","em_exercicio","https://web.archive.org/web/20181221000249/http://alepa.pa.gov.br/Principal","Representantes do Povo  FILTRAR POR [...] Ferrari Coronel Neil Gesmar Costa  Soldado Tercio  Raimundo Santos","wayback_portal_casa","brutos/wayback/wb_20181221_Principal.html","alta","data_raw/assembleias3/PA/composicao_final.csv",TRUE
"PA","2018","2022-12-31","M2018_PA_7_10123_140000603626","Fabio Freitas (UB)","em_exercicio","https://www.alepa.pa.gov.br/Transparencia/FrequenciaSessoes?ano=2022&mes=12&tipoSessao=0","Total de sessões: 12 [...] Fabio Freitas (UB) Presente: 12 [...] Licenciado: 0 [...] Ausente: 0","portal_casa","brutos/frequencia/freq_2022_12.html","alta","data_raw/assembleias3/PA/composicao_final.csv",TRUE
"PA","2018","2022-12-31","M2018_PA_7_10910_140000603604","PROFESSORA NILSE (PDT)","em_exercicio","https://www.alepa.pa.gov.br/Transparencia/FrequenciaSessoes?ano=2022&mes=12&tipoSessao=0","Total de sessões: 12 [...] PROFESSORA NILSE (PDT) Presente: 12 [...] Licenciado: 0 [...] Ausente: 0","portal_casa","brutos/frequencia/freq_2022_12.html","alta","data_raw/assembleias3/PA/composicao_final.csv",TRUE
"PA","2018","2022-12-31","M2018_PA_7_11007_140000609407","DELEGADO CAVEIRA (PL)","em_exercicio","https://www.alepa.pa.gov.br/Transparencia/FrequenciaSessoes?ano=2022&mes=12&tipoSessao=0","Total de sessões: 12 [...] DELEGADO CAVEIRA (PL) Presente: 12 [...] Licenciado: 0 [...] Ausente: 0","portal_casa","brutos/frequencia/freq_2022_12.html","alta","data_raw/assembleias3/PA/composicao_final.csv",TRUE
"PA","2018","2022-12-31","M2018_PA_7_12123_140000614326","JÚNIOR HAGE (PP)","em_exercicio","https://www.alepa.pa.gov.br/Transparencia/FrequenciaSessoes?ano=2022&mes=12&tipoSessao=0","Total de sessões: 12 [...] JÚNIOR HAGE (PP) Presente: 12 [...] Licenciado: 0 [...] Ausente: 0","portal_casa","brutos/frequencia/freq_2022_12.html","alta","data_raw/assembleias3/PA/composicao_final.csv",TRUE
"PA","2018","2022-12-31","M2018_PA_7_12345_140000614336","MIRO SANOVA (PDT)","em_exercicio","https://www.alepa.pa.gov.br/Transparencia/FrequenciaSessoes?ano=2022&mes=12&tipoSessao=0","Total de sessões: 12 [...] MIRO SANOVA (PDT) Presente: 6 [...] Licenciado: 0 [...] Ausente: 6","portal_casa","brutos/frequencia/freq_2022_12.html","alta","data_raw/assembleias3/PA/composicao_final.csv",TRUE
"PA","2018","2022-12-31","M2018_PA_7_13011_140000617662","DILVANDA FARO (PT)","em_exercicio","https://www.alepa.pa.gov.br/Transparencia/FrequenciaSessoes?ano=2022&mes=12&tipoSessao=0","Total de sessões: 12 [...] DILVANDA FARO (PT) Presente: 6 [...] Licenciado: 0 [...] Ausente: 6","portal_casa","brutos/frequencia/freq_2022_12.html","alta","data_raw/assembleias3/PA/composicao_final.csv",TRUE
"PA","2018","2022-12-31","M2018_PA_7_13130_140000617659","Deputado Bordalo (PT)","em_exercicio","https://www.alepa.pa.gov.br/Transparencia/FrequenciaSessoes?ano=2022&mes=12&tipoSessao=0","Total de sessões: 12 [...] Deputado Bordalo (PT) Presente: 12 [...] Licenciado: 0 [...] Ausente: 0","portal_casa","brutos/frequencia/freq_2022_12.html","alta","data_raw/assembleias3/PA/composicao_final.csv",TRUE
"PA","2018","2022-12-31","M2018_PA_7_13133_140000617663","Dirceu Ten Caten (PT)","em_exercicio","https://www.alepa.pa.gov.br/Transparencia/FrequenciaSessoes?ano=2022&mes=12&tipoSessao=0","Total de sessões: 12 [...] Dirceu Ten Caten (PT) Presente: 9 [...] Licenciado: 0 [...] Ausente: 3","portal_casa","brutos/frequencia/freq_2022_12.html","alta","data_raw/assembleias3/PA/composicao_final.csv",TRUE
"PA","2018","2022-12-31","M2018_PA_7_14000_140000612758","Delegado Toni Cunha (PL)","em_exercicio","https://www.alepa.pa.gov.br/Transparencia/FrequenciaSessoes?ano=2022&mes=12&tipoSessao=0","Total de sessões: 12 [...] Delegado Toni Cunha (PL) Presente: 9 [...] Licenciado: 0 [...] Ausente: 3","portal_casa","brutos/frequencia/freq_2022_12.html","alta","data_raw/assembleias3/PA/composicao_final.csv",TRUE
"PA","2018","2022-12-31","M2018_PA_7_14500_140000612757","Ângelo Ferrari (UB)","em_exercicio","https://www.alepa.pa.gov.br/Transparencia/FrequenciaSessoes?ano=2022&mes=12&tipoSessao=0","Total de sessões: 12 [...] Ângelo Ferrari (UB) Presente: 9 [...] Licenciado: 0 [...] Ausente: 3","portal_casa","brutos/frequencia/freq_2022_12.html","alta","data_raw/assembleias3/PA/composicao_final.csv",TRUE
"PA","2018","2022-12-31","M2018_PA_7_15000_140000605968","Eraldo Pimenta (MDB)","em_exercicio","https://www.alepa.pa.gov.br/Transparencia/FrequenciaSessoes?ano=2022&mes=12&tipoSessao=0","Total de sessões: 12 [...] Eraldo Pimenta (MDB) Presente: 9 [...] Licenciado: 0 [...] Ausente: 3","portal_casa","brutos/frequencia/freq_2022_12.html","alta","data_raw/assembleias3/PA/composicao_final.csv",TRUE
"PA","2018","2022-12-31","M2018_PA_7_15100_140000605989","Chamonzinho (MDB)","em_exercicio","https://www.alepa.pa.gov.br/Transparencia/FrequenciaSessoes?ano=2022&mes=12&tipoSessao=0","Total de sessões: 12 [...] Chamonzinho (MDB) Presente: 9 [...] Licenciado: 0 [...] Ausente: 3","portal_casa","brutos/frequencia/freq_2022_12.html","alta","data_raw/assembleias3/PA/composicao_final.csv",TRUE
"PA","2018","2022-12-31","M2018_PA_7_15177_140000605973","OZÓRIO JUVENIL (MDB)","em_exercicio","https://www.alepa.pa.gov.br/Transparencia/FrequenciaSessoes?ano=2022&mes=12&tipoSessao=0","Total de sessões: 12 [...] OZÓRIO JUVENIL (MDB) Presente: 12 [...] Licenciado: 0 [...] Ausente: 0","portal_casa","brutos/frequencia/freq_2022_12.html","alta","data_raw/assembleias3/PA/composicao_final.csv",TRUE
"PA","2018","2022-12-31","M2018_PA_7_15456_140000605983","Martinho Carmona (MDB)","em_exercicio","https://www.alepa.pa.gov.br/Transparencia/FrequenciaSessoes?ano=2022&mes=12&tipoSessao=0","Total de sessões: 12 [...] Martinho Carmona (MDB) Presente: 12 [...] Licenciado: 0 [...] Ausente: 0","portal_casa","brutos/frequencia/freq_2022_12.html","alta","data_raw/assembleias3/PA/composicao_final.csv",TRUE
"PA","2018","2022-12-31","M2018_PA_7_15555_140000605994","Chicão (UB)","em_exercicio","https://www.alepa.pa.gov.br/Transparencia/FrequenciaSessoes?ano=2022&mes=12&tipoSessao=0","Total de sessões: 12 [...] Chicão (UB) Presente: 9 [...] Licenciado: 3 [...] Ausente: 0","portal_casa","brutos/frequencia/freq_2022_12.html","alta","data_raw/assembleias3/PA/composicao_final.csv",TRUE
"PA","2018","2022-12-31","M2018_PA_7_15615_140000605972","Dr Wanderlan (MDB)","em_exercicio","https://www.alepa.pa.gov.br/Transparencia/FrequenciaSessoes?ano=2022&mes=12&tipoSessao=0","Total de sessões: 12 [...] Dr Wanderlan (MDB) Presente: 12 [...] Licenciado: 0 [...] Ausente: 0","portal_casa","brutos/frequencia/freq_2022_12.html","alta","data_raw/assembleias3/PA/composicao_final.csv",TRUE
"PA","2018","2022-12-31","M2018_PA_7_17100_140000612783","Delegado Nilton Neves (PSD)","em_exercicio","https://www.alepa.pa.gov.br/Transparencia/FrequenciaSessoes?ano=2022&mes=12&tipoSessao=0","Total de sessões: 12 [...] Delegado Nilton Neves (PSD) Presente: 12 [...] Licenciado: 0 [...] Ausente: 0","portal_casa","brutos/frequencia/freq_2022_12.html","alta","data_raw/assembleias3/PA/composicao_final.csv",TRUE
"PA","2018","2022-12-31","M2018_PA_7_20620_140000604330","DR. GALILEU (REPUB)","em_exercicio","https://www.alepa.pa.gov.br/Transparencia/FrequenciaSessoes?ano=2022&mes=12&tipoSessao=0","Total de sessões: 12 [...] DR. GALILEU (REPUB) Presente: 6 [...] Licenciado: 0 [...] Ausente: 6","portal_casa","brutos/frequencia/freq_2022_12.html","alta","data_raw/assembleias3/PA/composicao_final.csv",TRUE
"PA","2018","2022-12-31","M2018_PA_7_20777_140000604337","DR. JAQUES NEVES (UNIÃO)","em_exercicio","https://www.alepa.pa.gov.br/Transparencia/FrequenciaSessoes?ano=2022&mes=12&tipoSessao=0","Total de sessões: 12 [...] DR. JAQUES NEVES (UNIÃO) Presente: 12 [...] Licenciado: 0 [...] Ausente: 0","portal_casa","brutos/frequencia/freq_2022_12.html","alta","data_raw/assembleias3/PA/composicao_final.csv",TRUE
"PA","2018","2022-12-31","M2018_PA_7_22111_140000604231","ALEX SANTIAGO (PP)","em_exercicio","https://www.alepa.pa.gov.br/Transparencia/FrequenciaSessoes?ano=2022&mes=12&tipoSessao=0","Total de sessões: 12 [...] ALEX SANTIAGO (PP) Presente: 9 [...] Licenciado: 0 [...] Ausente: 3","portal_casa","brutos/frequencia/freq_2022_12.html","alta","data_raw/assembleias3/PA/composicao_final.csv",TRUE
"PA","2018","2022-12-31","M2018_PA_7_22444_140000604223","Antônio Tonheiro (PT)","em_exercicio","https://www.alepa.pa.gov.br/Transparencia/FrequenciaSessoes?ano=2022&mes=12&tipoSessao=0","Total de sessões: 12 [...] Antônio Tonheiro (PT) Presente: 12 [...] Licenciado: 0 [...] Ausente: 0","portal_casa","brutos/frequencia/freq_2022_12.html","alta","data_raw/assembleias3/PA/composicao_final.csv",TRUE
"PA","2018","2022-12-31","M2018_PA_7_23333_140000625061","Thiago Araujo (UB)","em_exercicio","https://www.alepa.pa.gov.br/Transparencia/FrequenciaSessoes?ano=2022&mes=12&tipoSessao=0","Total de sessões: 12 [...] Thiago Araujo (UB) Presente: 9 [...] Licenciado: 0 [...] Ausente: 3","portal_casa","brutos/frequencia/freq_2022_12.html","alta","data_raw/assembleias3/PA/composicao_final.csv",TRUE
"PA","2018","2022-12-31","M2018_PA_7_25000_140000614299","DRA. HELOISA (PSDB)","em_exercicio","https://www.alepa.pa.gov.br/Transparencia/FrequenciaSessoes?ano=2022&mes=12&tipoSessao=0","Total de sessões: 12 [...] DRA. HELOISA (PSDB) Presente: 9 [...] Licenciado: 0 [...] Ausente: 3","portal_casa","brutos/frequencia/freq_2022_12.html","alta","data_raw/assembleias3/PA/composicao_final.csv",TRUE
"PA","2018","2022-12-31","M2018_PA_7_25123_140000614294","Eliel Faustino (UB)","em_exercicio","https://www.alepa.pa.gov.br/Transparencia/FrequenciaSessoes?ano=2022&mes=12&tipoSessao=0","Total de sessões: 12 [...] Eliel Faustino (UB) Presente: 6 [...] Licenciado: 3 [...] Ausente: 3","portal_casa","brutos/frequencia/freq_2022_12.html","alta","data_raw/assembleias3/PA/composicao_final.csv",TRUE
"PA","2018","2022-12-31","M2018_PA_7_25678_140000614300","HILTON AGUIAR (AVANTE)","em_exercicio","https://www.alepa.pa.gov.br/Transparencia/FrequenciaSessoes?ano=2022&mes=12&tipoSessao=0","Total de sessões: 12 [...] HILTON AGUIAR (AVANTE) Presente: 12 [...] Licenciado: 0 [...] Ausente: 0","portal_casa","brutos/frequencia/freq_2022_12.html","alta","data_raw/assembleias3/PA/composicao_final.csv",TRUE
"PA","2018","2022-12-31","M2018_PA_7_27777_140000606002","Diana Belo (UB)","em_exercicio","https://www.alepa.pa.gov.br/Transparencia/FrequenciaSessoes?ano=2022&mes=12&tipoSessao=0","Total de sessões: 12 [...] Diana Belo (UB) Presente: 9 [...] Licenciado: 3 [...] Ausente: 0","portal_casa","brutos/frequencia/freq_2022_12.html","alta","data_raw/assembleias3/PA/composicao_final.csv",TRUE
"PA","2018","2022-12-31","M2018_PA_7_31111_140000609362","Igor Normando (MDB)","em_exercicio","https://www.alepa.pa.gov.br/Transparencia/FrequenciaSessoes?ano=2022&mes=12&tipoSessao=0","Total de sessões: 12 [...] Igor Normando (MDB) Presente: 6 [...] Licenciado: 6 [...] Ausente: 0","portal_casa","brutos/frequencia/freq_2022_12.html","alta","data_raw/assembleias3/PA/composicao_final.csv",TRUE
"PA","2018","2022-12-31","M2018_PA_7_33123_140000625116","ORLANDO LOBATO (PSD)","em_exercicio","https://www.alepa.pa.gov.br/Transparencia/FrequenciaSessoes?ano=2022&mes=12&tipoSessao=0","Total de sessões: 12 [...] ORLANDO LOBATO (PSD) Presente: 12 [...] Licenciado: 0 [...] Ausente: 0","portal_casa","brutos/frequencia/freq_2022_12.html","alta","data_raw/assembleias3/PA/composicao_final.csv",TRUE
"PA","2018","2022-12-31","M2018_PA_7_40999_140000621016","Fabio Figueiras (PV)","em_exercicio","https://www.alepa.pa.gov.br/Transparencia/FrequenciaSessoes?ano=2022&mes=12&tipoSessao=0","Total de sessões: 12 [...] Fabio Figueiras (PV) Presente: 9 [...] Licenciado: 0 [...] Ausente: 3","portal_casa","brutos/frequencia/freq_2022_12.html","alta","data_raw/assembleias3/PA/composicao_final.csv",TRUE
"PA","2018","2022-12-31","M2018_PA_7_45000_140000614282","VICTOR DIAS (FE UNIÃO PP)","em_exercicio","https://www.alepa.pa.gov.br/Transparencia/FrequenciaSessoes?ano=2022&mes=12&tipoSessao=0","Total de sessões: 12 [...] VICTOR DIAS (FE UNIÃO PP) Presente: 12 [...] Licenciado: 0 [...] Ausente: 0","portal_casa","brutos/frequencia/freq_2022_12.html","alta","data_raw/assembleias3/PA/composicao_final.csv",TRUE
"PA","2018","2022-12-31","M2018_PA_7_45111_140000614284","Luth Rebelo (PP)","em_exercicio","https://www.alepa.pa.gov.br/Transparencia/FrequenciaSessoes?ano=2022&mes=12&tipoSessao=0","Total de sessões: 12 [...] Luth Rebelo (PP) Presente: 9 [...] Licenciado: 0 [...] Ausente: 3","portal_casa","brutos/frequencia/freq_2022_12.html","alta","data_raw/assembleias3/PA/composicao_final.csv",TRUE
"PA","2018","2022-12-31","M2018_PA_7_45112_140000614279","Cilene Couto (MDB)","em_exercicio","https://www.alepa.pa.gov.br/Transparencia/FrequenciaSessoes?ano=2022&mes=12&tipoSessao=0","Total de sessões: 12 [...] Cilene Couto (MDB) Presente: 9 [...] Licenciado: 3 [...] Ausente: 0","portal_casa","brutos/frequencia/freq_2022_12.html","alta","data_raw/assembleias3/PA/composicao_final.csv",TRUE
"PA","2018","2022-12-31","M2018_PA_7_45130_140000614291","Ana Cunha (MDB)","em_exercicio","https://www.alepa.pa.gov.br/Transparencia/FrequenciaSessoes?ano=2022&mes=12&tipoSessao=0","Total de sessões: 12 [...] Ana Cunha (MDB) Presente: 12 [...] Licenciado: 0 [...] Ausente: 0","portal_casa","brutos/frequencia/freq_2022_12.html","alta","data_raw/assembleias3/PA/composicao_final.csv",TRUE
"PA","2018","2022-12-31","M2018_PA_7_50123_140000604428","MARINOR BRITO (PSOL)","em_exercicio","https://www.alepa.pa.gov.br/Transparencia/FrequenciaSessoes?ano=2022&mes=12&tipoSessao=0","Total de sessões: 12 [...] MARINOR BRITO (PSOL) Presente: 12 [...] Licenciado: 0 [...] Ausente: 0","portal_casa","brutos/frequencia/freq_2022_12.html","alta","data_raw/assembleias3/PA/composicao_final.csv",TRUE
"PA","2018","2022-12-31","M2018_PA_7_51234_140000609817","RAIMUNDO SANTOS (PSD)","em_exercicio","https://www.alepa.pa.gov.br/Transparencia/FrequenciaSessoes?ano=2022&mes=12&tipoSessao=0","Total de sessões: 12 [...] RAIMUNDO SANTOS (PSD) Presente: 12 [...] Licenciado: 0 [...] Ausente: 0","portal_casa","brutos/frequencia/freq_2022_12.html","alta","data_raw/assembleias3/PA/composicao_final.csv",TRUE
"PA","2018","2022-12-31","M2018_PA_7_55055_140000606014","MICHELE BEGOT (PSD)","em_exercicio","https://www.alepa.pa.gov.br/Transparencia/FrequenciaSessoes?ano=2022&mes=12&tipoSessao=0","Total de sessões: 12 [...] MICHELE BEGOT (PSD) Presente: 9 [...] Licenciado: 0 [...] Ausente: 3","portal_casa","brutos/frequencia/freq_2022_12.html","alta","data_raw/assembleias3/PA/composicao_final.csv",TRUE
"PA","2018","2022-12-31","M2018_PA_7_55123_140000606010","Gustavo Sefer (PSD)","em_exercicio","https://www.alepa.pa.gov.br/Transparencia/FrequenciaSessoes?ano=2022&mes=12&tipoSessao=0","Total de sessões: 12 [...] Gustavo Sefer (PSD) Presente: 9 [...] Licenciado: 3 [...] Ausente: 0","portal_casa","brutos/frequencia/freq_2022_12.html","alta","data_raw/assembleias3/PA/composicao_final.csv",TRUE
"PA","2018","2022-12-31","M2018_PA_7_55500_140000606006","PAULA GOMES (MDB)","em_exercicio","https://www.alepa.pa.gov.br/Transparencia/FrequenciaSessoes?ano=2022&mes=12&tipoSessao=0","Total de sessões: 12 [...] PAULA GOMES (MDB) Presente: 9 [...] Licenciado: 0 [...] Ausente: 3","portal_casa","brutos/frequencia/freq_2022_12.html","alta","data_raw/assembleias3/PA/composicao_final.csv",TRUE
"PA","2018","2022-12-31","M2018_PA_7_77777_140000613485","RENILCE NICODEMOS (MDB)","em_exercicio","https://www.alepa.pa.gov.br/Transparencia/FrequenciaSessoes?ano=2022&mes=12&tipoSessao=0","Total de sessões: 12 [...] RENILCE NICODEMOS (MDB) Presente: 9 [...] Licenciado: 0 [...] Ausente: 3","portal_casa","brutos/frequencia/freq_2022_12.html","alta","data_raw/assembleias3/PA/composicao_final.csv",TRUE
"SC","1998","2002-12-23","M1998_SC_7_11113_240002407111131","Odete De Jesus","em_exercicio","http://www2.alesc.sc.gov.br/diarios/pdf/5046dia.PDF","DEPUTADA ODETE DE JESUS sim","diario_oficial","brutos/diarios/5046dia.PDF","alta","data_raw/assembleias3/SC/composicao_final.csv",TRUE
"SC","1998","2002-12-23","M1998_SC_7_11135_240002407111351","Licio Silveira","em_exercicio","http://www2.alesc.sc.gov.br/diarios/pdf/5046dia.PDF","DEPUTADO LICIO SILVEIRA sim","diario_oficial","brutos/diarios/5046dia.PDF","alta","data_raw/assembleias3/SC/composicao_final.csv",TRUE
"SC","1998","2002-12-23","M1998_SC_7_11166_240002407111661","Valmir Comin","em_exercicio","http://www2.alesc.sc.gov.br/diarios/pdf/5046dia.PDF","DEPUTADO VALMIR COMIN sim","diario_oficial","brutos/diarios/5046dia.PDF","alta","data_raw/assembleias3/SC/composicao_final.csv",TRUE
"SC","1998","2002-12-23","M1998_SC_7_11211_240002407112111","Milton Sander","em_exercicio","http://www2.alesc.sc.gov.br/diarios/pdf/5046dia.PDF","DEPUTADO MILTON SANDER sim","diario_oficial","brutos/diarios/5046dia.PDF","alta","data_raw/assembleias3/SC/composicao_final.csv",TRUE
"SC","1998","2002-12-23","M1998_SC_7_11222_240002407112221","Gilmar Knaesel","em_exercicio","http://www2.alesc.sc.gov.br/diarios/pdf/5046dia.PDF","DEPUTADO GILMAR KNAESEL sim","diario_oficial","brutos/diarios/5046dia.PDF","alta","data_raw/assembleias3/SC/composicao_final.csv",TRUE
"SC","1998","2002-12-23","M1998_SC_7_11223_240002407112231","Joares Ponticelli","em_exercicio","http://www2.alesc.sc.gov.br/diarios/pdf/5046dia.PDF","DEPUTADO JOARES PONTICELLI sim","diario_oficial","brutos/diarios/5046dia.PDF","alta","data_raw/assembleias3/SC/composicao_final.csv",TRUE
"SC","1998","2002-12-23","M1998_SC_7_11233_240002407112331","Reno Caramori","em_exercicio","http://www2.alesc.sc.gov.br/diarios/pdf/5046dia.PDF","DEPUTADO RENO CARAMORI sim","diario_oficial","brutos/diarios/5046dia.PDF","alta","data_raw/assembleias3/SC/composicao_final.csv",TRUE
"SC","1998","2002-12-23","M1998_SC_7_11245_240002407112451","Odacir Zonta","em_exercicio","http://www2.alesc.sc.gov.br/diarios/pdf/5046dia.PDF","DEPUTADO ODACIR ZONTA sim","diario_oficial","brutos/diarios/5046dia.PDF","alta","data_raw/assembleias3/SC/composicao_final.csv",TRUE
"SC","1998","2002-12-23","M1998_SC_7_11271_240002407112711","Ivan Ranzolin","em_exercicio","http://www2.alesc.sc.gov.br/diarios/pdf/5046dia.PDF","DEPUTADO IVAN RANZOLIN sim","diario_oficial","brutos/diarios/5046dia.PDF","alta","data_raw/assembleias3/SC/composicao_final.csv",TRUE
"SC","1998","2002-12-23","M1998_SC_7_11666_240002407116661","Nelson Goetten","em_exercicio","http://www2.alesc.sc.gov.br/diarios/pdf/5046dia.PDF","DEPUTADO NELSON GOETTEN sim","diario_oficial","brutos/diarios/5046dia.PDF","alta","data_raw/assembleias3/SC/composicao_final.csv",TRUE
"SC","1998","2002-12-23","M1998_SC_7_12222_240002407122221","Afonso Spaniol","em_exercicio","http://www2.alesc.sc.gov.br/diarios/pdf/5046dia.PDF","DEPUTADO AFONSO SPANIOL sim","diario_oficial","brutos/diarios/5046dia.PDF","alta","data_raw/assembleias3/SC/composicao_final.csv",TRUE
"SC","1998","2002-12-23","M1998_SC_7_12234_240002407122341","Jaime Mantelli","em_exercicio","http://www2.alesc.sc.gov.br/diarios/pdf/5046dia.PDF","DEPUTADO JAIME MANTELLI não","diario_oficial","brutos/diarios/5046dia.PDF","alta","data_raw/assembleias3/SC/composicao_final.csv",TRUE
"SC","1998","2002-12-23","M1998_SC_7_13111_240002407131111","Volnei Morastoni","em_exercicio","http://www2.alesc.sc.gov.br/diarios/pdf/5046dia.PDF","DEPUTADO VOLNEI MORASTONI sim","diario_oficial","brutos/diarios/5046dia.PDF","alta","data_raw/assembleias3/SC/composicao_final.csv",TRUE
"SC","1998","2002-12-23","M1998_SC_7_13123_240002407131231","Ideli Salvatti","em_exercicio","http://www2.alesc.sc.gov.br/diarios/pdf/5046dia.PDF","DEPUTADA IDELI SALVATTI sim","diario_oficial","brutos/diarios/5046dia.PDF","alta","data_raw/assembleias3/SC/composicao_final.csv",TRUE
"SC","1998","2002-12-23","M1998_SC_7_13613_240002407136131","Francisco De Assis","em_exercicio","http://www2.alesc.sc.gov.br/diarios/pdf/5046dia.PDF","DEPUTADO FRANCISCO DE ASSIS","diario_oficial","brutos/diarios/5046dia.PDF","alta","data_raw/assembleias3/SC/composicao_final.csv",TRUE
"SC","1998","2002-12-23","M1998_SC_7_14292_240002407142921","Sandro Tarzan","em_exercicio","http://www2.alesc.sc.gov.br/diarios/pdf/5046dia.PDF","DEPUTADO SANDRO TARZAN","diario_oficial","brutos/diarios/5046dia.PDF","alta","data_raw/assembleias3/SC/composicao_final.csv",TRUE
"SC","1998","2002-12-23","M1998_SC_7_15010_240002407150101","Rogério Mendonça","em_exercicio","http://www2.alesc.sc.gov.br/diarios/pdf/5046dia.PDF","DEPUTADO ROGÉRIO MENDONÇA","diario_oficial","brutos/diarios/5046dia.PDF","alta","data_raw/assembleias3/SC/composicao_final.csv",TRUE
"SC","1998","2002-12-23","M1998_SC_7_15104_240002407151041","Narcizo Parisotto","em_exercicio","http://www2.alesc.sc.gov.br/diarios/pdf/5046dia.PDF","DEPUTADO NARCIZO PARISOTTO sim","diario_oficial","brutos/diarios/5046dia.PDF","alta","data_raw/assembleias3/SC/composicao_final.csv",TRUE
"SC","1998","2002-12-23","M1998_SC_7_15109_240002407151091","Ronaldo Benedet","em_exercicio","http://www2.alesc.sc.gov.br/diarios/pdf/5046dia.PDF","DEPUTADO RONALDO BENEDET não","diario_oficial","brutos/diarios/5046dia.PDF","alta","data_raw/assembleias3/SC/composicao_final.csv",TRUE
"SC","1998","2002-12-23","M1998_SC_7_15140_240002407151401","Ivo Konell","em_exercicio","http://www2.alesc.sc.gov.br/diarios/pdf/5046dia.PDF","DEPUTADO IVO KONELL","diario_oficial","brutos/diarios/5046dia.PDF","alta","data_raw/assembleias3/SC/composicao_final.csv",TRUE
"SC","1998","2002-12-23","M1998_SC_7_15144_240002407151441","Gelson Sorgato","em_exercicio","http://www2.alesc.sc.gov.br/diarios/pdf/5046dia.PDF","DEPUTADO GELSON SORGATO sim","diario_oficial","brutos/diarios/5046dia.PDF","alta","data_raw/assembleias3/SC/composicao_final.csv",TRUE
"SC","1998","2002-12-23","M1998_SC_7_15157_240002407151571","Manoel Mota","em_exercicio","http://www2.alesc.sc.gov.br/diarios/pdf/5046dia.PDF","DEPUTADO MANOEL MOTA","diario_oficial","brutos/diarios/5046dia.PDF","alta","data_raw/assembleias3/SC/composicao_final.csv",TRUE
"SC","1998","2002-12-23","M1998_SC_7_15180_240002407151801","Moacir Sopelsa","em_exercicio","http://www2.alesc.sc.gov.br/diarios/pdf/5046dia.PDF","DEPUTADO MOACIR SOPELSA não","diario_oficial","brutos/diarios/5046dia.PDF","alta","data_raw/assembleias3/SC/composicao_final.csv",TRUE
"SC","1998","2002-12-23","M1998_SC_7_15220_240002407152201","Herneus De Nadal","em_exercicio","http://www2.alesc.sc.gov.br/diarios/pdf/5046dia.PDF","DEPUTADO HERNEUS DE NADAL sim","diario_oficial","brutos/diarios/5046dia.PDF","alta","data_raw/assembleias3/SC/composicao_final.csv",TRUE
"SC","1998","2002-12-23","M1998_SC_7_15270_240002407152701","Romildo Titon","em_exercicio","http://www2.alesc.sc.gov.br/diarios/pdf/5046dia.PDF","DEPUTADO ROMILDO TITON sim","diario_oficial","brutos/diarios/5046dia.PDF","alta","data_raw/assembleias3/SC/composicao_final.csv",TRUE
"SC","1998","2002-12-23","M1998_SC_7_25100_240002407251001","Cesar Souza","em_exercicio","http://www2.alesc.sc.gov.br/diarios/pdf/5046dia.PDF","DEPUTADO CESAR SOUZA","diario_oficial","brutos/diarios/5046dia.PDF","alta","data_raw/assembleias3/SC/composicao_final.csv",TRUE
"SC","1998","2002-12-23","M1998_SC_7_25123_240002407251231","Paulinho Bornhausen","em_exercicio","http://www2.alesc.sc.gov.br/diarios/pdf/5046dia.PDF","DEPUTADO PAULINHO BORNHAUSEN","diario_oficial","brutos/diarios/5046dia.PDF","alta","data_raw/assembleias3/SC/composicao_final.csv",TRUE
"SC","1998","2002-12-23","M1998_SC_7_25200_240002407252001","Onofre Santo Agostini","em_exercicio","http://www2.alesc.sc.gov.br/diarios/pdf/5046dia.PDF","DEPUTADO ONOFRE SANTO AGOSTINI","diario_oficial","brutos/diarios/5046dia.PDF","alta","data_raw/assembleias3/SC/composicao_final.csv",TRUE
"SC","1998","2002-12-23","M1998_SC_7_25210_240002407252101","Adelor Vieira","em_exercicio","http://www2.alesc.sc.gov.br/diarios/pdf/5046dia.PDF","DEPUTADO ADELOR VIEIRA não","diario_oficial","brutos/diarios/5046dia.PDF","alta","data_raw/assembleias3/SC/composicao_final.csv",TRUE
"SC","1998","2002-12-23","M1998_SC_7_25211_240002407252111","João Macagnan","em_exercicio","http://www2.alesc.sc.gov.br/diarios/pdf/5046dia.PDF","DEPUTADO JOÃO MACAGNAN sim","diario_oficial","brutos/diarios/5046dia.PDF","alta","data_raw/assembleias3/SC/composicao_final.csv",TRUE
"SC","1998","2002-12-23","M1998_SC_7_25777_240002407257771","Nilson Gonçalves","em_exercicio","http://www2.alesc.sc.gov.br/diarios/pdf/5046dia.PDF","DEPUTADO NILSON GONÇALVES sim","diario_oficial","brutos/diarios/5046dia.PDF","alta","data_raw/assembleias3/SC/composicao_final.csv",TRUE
"SC","1998","2002-12-23","M1998_SC_7_25999_240002407259991","Heitor Sché","em_exercicio","http://www2.alesc.sc.gov.br/diarios/pdf/5046dia.PDF","DEPUTADO HEITOR SCHÉ sim","diario_oficial","brutos/diarios/5046dia.PDF","alta","data_raw/assembleias3/SC/composicao_final.csv",TRUE
"SC","1998","2002-12-23","M1998_SC_7_45123_240002407451231","Jorginho Mello","em_exercicio","http://www2.alesc.sc.gov.br/diarios/pdf/5046dia.PDF","DEPUTADO JORGINHO MELLO sim","diario_oficial","brutos/diarios/5046dia.PDF","alta","data_raw/assembleias3/SC/composicao_final.csv",TRUE
"SC","1998","2002-12-23","M1998_SC_7_45611_240002407456111","João Rosa","em_exercicio","http://www2.alesc.sc.gov.br/diarios/pdf/5046dia.PDF","DEPUTADO JOÃO ROSA sim","diario_oficial","brutos/diarios/5046dia.PDF","alta","data_raw/assembleias3/SC/composicao_final.csv",TRUE
"SC","1998","2002-12-23","M1998_SC_7_45623_240002407456231","Jaime Duarte","em_exercicio","http://www2.alesc.sc.gov.br/diarios/pdf/5046dia.PDF","DEPUTADO JAIME DUARTE sim","diario_oficial","brutos/diarios/5046dia.PDF","alta","data_raw/assembleias3/SC/composicao_final.csv",TRUE
"SC","2002","2006-12-20","M2002_SC_7_11111_425","Nilson Machado","em_exercicio","http://www2.alesc.sc.gov.br/diarios/pdf/5669dia.pdf","ATA DA 105ª SESSÃO ORDINÁRIA DA 4ª SESSÃO LEGISLATIVA DA 15ª LEGISLATURA REALIZADA EM 20 DE DEZEMBRO DE 2006 PRESIDÊNCIA DO SENHOR DEPUTADO JULIO GARCIA Às quinze horas, achavam-se presentes os seguintes srs. deputados: Afrânio Boppré - Altair Guidi - Ana Paula Lima - Antônio Aguiar - Antônio Carlos Vieira - Antônio Ceron - Antônio Luz Neto - Celestino Secco - Clésio Salvaro - Dionei Walter da Silva - Djalma Berger - Francisco de Assis - Gelson Merísio - Genésio Goulart - Gilmar Knaesel - Herneus de Nadal - João Henrique Blasi - Joares Ponticelli - Jorginho Mello - José Carlos Vieira - José Serafim - Julio Garcia - Lício Silveira - Mauro Mariani - Moacir Sopelsa - Narcizo Parisotto - Nelson Goetten - Nilson Gonçalves - Nilson Machado","diario_oficial","brutos/diarios/5669dia.pdf","alta","data_raw/assembleias3/SC/composicao_final.csv",TRUE
"SC","2002","2006-12-20","M2002_SC_7_11135_416","Lício Silveira","em_exercicio","http://www2.alesc.sc.gov.br/diarios/pdf/5669dia.pdf","ATA DA 105ª SESSÃO ORDINÁRIA DA 4ª SESSÃO LEGISLATIVA DA 15ª LEGISLATURA REALIZADA EM 20 DE DEZEMBRO DE 2006 PRESIDÊNCIA DO SENHOR DEPUTADO JULIO GARCIA Às quinze horas, achavam-se presentes os seguintes srs. deputados: Afrânio Boppré - Altair Guidi - Ana Paula Lima - Antônio Aguiar - Antônio Carlos Vieira - Antônio Ceron - Antônio Luz Neto - Celestino Secco - Clésio Salvaro - Dionei Walter da Silva - Djalma Berger - Francisco de Assis - Gelson Merísio - Genésio Goulart - Gilmar Knaesel - Herneus de Nadal - João Henrique Blasi - Joares Ponticelli - Jorginho Mello - José Carlos Vieira - José Serafim - Julio Garcia - Lício Silveira","diario_oficial","brutos/diarios/5669dia.pdf","alta","data_raw/assembleias3/SC/composicao_final.csv",TRUE
"SC","2002","2006-12-20","M2002_SC_7_11147_427","Antônio Carlos Vieira","em_exercicio","http://www2.alesc.sc.gov.br/diarios/pdf/5669dia.pdf","ATA DA 105ª SESSÃO ORDINÁRIA DA 4ª SESSÃO LEGISLATIVA DA 15ª LEGISLATURA REALIZADA EM 20 DE DEZEMBRO DE 2006 PRESIDÊNCIA DO SENHOR DEPUTADO JULIO GARCIA Às quinze horas, achavam-se presentes os seguintes srs. deputados: Afrânio Boppré - Altair Guidi - Ana Paula Lima - Antônio Aguiar - Antônio Carlos Vieira","diario_oficial","brutos/diarios/5669dia.pdf","alta","data_raw/assembleias3/SC/composicao_final.csv",TRUE
"SC","2002","2006-12-20","M2002_SC_7_11166_439","Valmir Comin","em_exercicio","http://www2.alesc.sc.gov.br/diarios/pdf/5669dia.pdf","ATA DA 105ª SESSÃO ORDINÁRIA DA 4ª SESSÃO LEGISLATIVA DA 15ª LEGISLATURA REALIZADA EM 20 DE DEZEMBRO DE 2006 PRESIDÊNCIA DO SENHOR DEPUTADO JULIO GARCIA Às quinze horas, achavam-se presentes os seguintes srs. deputados: Afrânio Boppré - Altair Guidi - Ana Paula Lima - Antônio Aguiar - Antônio Carlos Vieira - Antônio Ceron - Antônio Luz Neto - Celestino Secco - Clésio Salvaro - Dionei Walter da Silva - Djalma Berger - Francisco de Assis - Gelson Merísio - Genésio Goulart - Gilmar Knaesel - Herneus de Nadal - João Henrique Blasi - Joares Ponticelli - Jorginho Mello - José Carlos Vieira - José Serafim - Julio Garcia - Lício Silveira - Mauro Mariani - Moacir Sopelsa - Narcizo Parisotto - Nelson Goetten - Nilson Gonçalves - Nilson Machado - Odete de Jesus - Onofre Santo Agostini - Paulo Eccel - Pedro Baldissera - Reno Caramori - Rogério Mendonça - Romildo Titon - Sérgio Godinho - Valmir Comin","diario_oficial","brutos/diarios/5669dia.pdf","alta","data_raw/assembleias3/SC/composicao_final.csv",TRUE
"SC","2002","2006-12-20","M2002_SC_7_11222_422","Gilmar Knaesel","em_exercicio","http://www2.alesc.sc.gov.br/diarios/pdf/5669dia.pdf","ATA DA 105ª SESSÃO ORDINÁRIA DA 4ª SESSÃO LEGISLATIVA DA 15ª LEGISLATURA REALIZADA EM 20 DE DEZEMBRO DE 2006 PRESIDÊNCIA DO SENHOR DEPUTADO JULIO GARCIA Às quinze horas, achavam-se presentes os seguintes srs. deputados: Afrânio Boppré - Altair Guidi - Ana Paula Lima - Antônio Aguiar - Antônio Carlos Vieira - Antônio Ceron - Antônio Luz Neto - Celestino Secco - Clésio Salvaro - Dionei Walter da Silva - Djalma Berger - Francisco de Assis - Gelson Merísio - Genésio Goulart - Gilmar Knaesel","diario_oficial","brutos/diarios/5669dia.pdf","alta","data_raw/assembleias3/SC/composicao_final.csv",TRUE
"SC","2002","2006-12-20","M2002_SC_7_11223_413","Joares Ponticelli","em_exercicio","http://www2.alesc.sc.gov.br/diarios/pdf/5669dia.pdf","ATA DA 105ª SESSÃO ORDINÁRIA DA 4ª SESSÃO LEGISLATIVA DA 15ª LEGISLATURA REALIZADA EM 20 DE DEZEMBRO DE 2006 PRESIDÊNCIA DO SENHOR DEPUTADO JULIO GARCIA Às quinze horas, achavam-se presentes os seguintes srs. deputados: Afrânio Boppré - Altair Guidi - Ana Paula Lima - Antônio Aguiar - Antônio Carlos Vieira - Antônio Ceron - Antônio Luz Neto - Celestino Secco - Clésio Salvaro - Dionei Walter da Silva - Djalma Berger - Francisco de Assis - Gelson Merísio - Genésio Goulart - Gilmar Knaesel - Herneus de Nadal - João Henrique Blasi - Joares Ponticelli","diario_oficial","brutos/diarios/5669dia.pdf","alta","data_raw/assembleias3/SC/composicao_final.csv",TRUE
"SC","2002","2006-12-20","M2002_SC_7_11233_430","Reno Caramori","em_exercicio","http://www2.alesc.sc.gov.br/diarios/pdf/5669dia.pdf","ATA DA 105ª SESSÃO ORDINÁRIA DA 4ª SESSÃO LEGISLATIVA DA 15ª LEGISLATURA REALIZADA EM 20 DE DEZEMBRO DE 2006 PRESIDÊNCIA DO SENHOR DEPUTADO JULIO GARCIA Às quinze horas, achavam-se presentes os seguintes srs. deputados: Afrânio Boppré - Altair Guidi - Ana Paula Lima - Antônio Aguiar - Antônio Carlos Vieira - Antônio Ceron - Antônio Luz Neto - Celestino Secco - Clésio Salvaro - Dionei Walter da Silva - Djalma Berger - Francisco de Assis - Gelson Merísio - Genésio Goulart - Gilmar Knaesel - Herneus de Nadal - João Henrique Blasi - Joares Ponticelli - Jorginho Mello - José Carlos Vieira - José Serafim - Julio Garcia - Lício Silveira - Mauro Mariani - Moacir Sopelsa - Narcizo Parisotto - Nelson Goetten - Nilson Gonçalves - Nilson Machado - Odete de Jesus - Onofre Santo Agostini - Paulo Eccel - Pedro Baldissera - Reno Caramori","diario_oficial","brutos/diarios/5669dia.pdf","alta","data_raw/assembleias3/SC/composicao_final.csv",TRUE
"SC","2002","2006-12-20","M2002_SC_7_11234_406","Altair Guidi","em_exercicio","http://www2.alesc.sc.gov.br/diarios/pdf/5669dia.pdf","ATA DA 105ª SESSÃO ORDINÁRIA DA 4ª SESSÃO LEGISLATIVA DA 15ª LEGISLATURA REALIZADA EM 20 DE DEZEMBRO DE 2006 PRESIDÊNCIA DO SENHOR DEPUTADO JULIO GARCIA Às quinze horas, achavam-se presentes os seguintes srs. deputados: Afrânio Boppré - Altair Guidi","diario_oficial","brutos/diarios/5669dia.pdf","alta","data_raw/assembleias3/SC/composicao_final.csv",TRUE
"SC","2002","2006-12-20","M2002_SC_7_11470_423","Nelson Goetten","em_exercicio","http://www2.alesc.sc.gov.br/diarios/pdf/5669dia.pdf","ATA DA 105ª SESSÃO ORDINÁRIA DA 4ª SESSÃO LEGISLATIVA DA 15ª LEGISLATURA REALIZADA EM 20 DE DEZEMBRO DE 2006 PRESIDÊNCIA DO SENHOR DEPUTADO JULIO GARCIA Às quinze horas, achavam-se presentes os seguintes srs. deputados: Afrânio Boppré - Altair Guidi - Ana Paula Lima - Antônio Aguiar - Antônio Carlos Vieira - Antônio Ceron - Antônio Luz Neto - Celestino Secco - Clésio Salvaro - Dionei Walter da Silva - Djalma Berger - Francisco de Assis - Gelson Merísio - Genésio Goulart - Gilmar Knaesel - Herneus de Nadal - João Henrique Blasi - Joares Ponticelli - Jorginho Mello - José Carlos Vieira - José Serafim - Julio Garcia - Lício Silveira - Mauro Mariani - Moacir Sopelsa - Narcizo Parisotto - Nelson Goetten","diario_oficial","brutos/diarios/5669dia.pdf","alta","data_raw/assembleias3/SC/composicao_final.csv",TRUE
"SC","2002","2006-12-20","M2002_SC_7_11929_407","Celestino Secco","em_exercicio","http://www2.alesc.sc.gov.br/diarios/pdf/5669dia.pdf","ATA DA 105ª SESSÃO ORDINÁRIA DA 4ª SESSÃO LEGISLATIVA DA 15ª LEGISLATURA REALIZADA EM 20 DE DEZEMBRO DE 2006 PRESIDÊNCIA DO SENHOR DEPUTADO JULIO GARCIA Às quinze horas, achavam-se presentes os seguintes srs. deputados: Afrânio Boppré - Altair Guidi - Ana Paula Lima - Antônio Aguiar - Antônio Carlos Vieira - Antônio Ceron - Antônio Luz Neto - Celestino Secco","diario_oficial","brutos/diarios/5669dia.pdf","alta","data_raw/assembleias3/SC/composicao_final.csv",TRUE
"SC","2002","2006-12-20","M2002_SC_7_13030_157","Paulo Eccel","em_exercicio","http://www2.alesc.sc.gov.br/diarios/pdf/5669dia.pdf","ATA DA 105ª SESSÃO ORDINÁRIA DA 4ª SESSÃO LEGISLATIVA DA 15ª LEGISLATURA REALIZADA EM 20 DE DEZEMBRO DE 2006 PRESIDÊNCIA DO SENHOR DEPUTADO JULIO GARCIA Às quinze horas, achavam-se presentes os seguintes srs. deputados: Afrânio Boppré - Altair Guidi - Ana Paula Lima - Antônio Aguiar - Antônio Carlos Vieira - Antônio Ceron - Antônio Luz Neto - Celestino Secco - Clésio Salvaro - Dionei Walter da Silva - Djalma Berger - Francisco de Assis - Gelson Merísio - Genésio Goulart - Gilmar Knaesel - Herneus de Nadal - João Henrique Blasi - Joares Ponticelli - Jorginho Mello - José Carlos Vieira - José Serafim - Julio Garcia - Lício Silveira - Mauro Mariani - Moacir Sopelsa - Narcizo Parisotto - Nelson Goetten - Nilson Gonçalves - Nilson Machado - Odete de Jesus - Onofre Santo Agostini - Paulo Eccel","diario_oficial","brutos/diarios/5669dia.pdf","alta","data_raw/assembleias3/SC/composicao_final.csv",TRUE
"SC","2002","2006-12-20","M2002_SC_7_13120_177","Wilson Vieira","em_exercicio","http://www2.alesc.sc.gov.br/diarios/pdf/5669dia.pdf","ATA DA 105ª SESSÃO ORDINÁRIA DA 4ª SESSÃO LEGISLATIVA DA 15ª LEGISLATURA REALIZADA EM 20 DE DEZEMBRO DE 2006 PRESIDÊNCIA DO SENHOR DEPUTADO JULIO GARCIA Às quinze horas, achavam-se presentes os seguintes srs. deputados: Afrânio Boppré - Altair Guidi - Ana Paula Lima - Antônio Aguiar - Antônio Carlos Vieira - Antônio Ceron - Antônio Luz Neto - Celestino Secco - Clésio Salvaro - Dionei Walter da Silva - Djalma Berger - Francisco de Assis - Gelson Merísio - Genésio Goulart - Gilmar Knaesel - Herneus de Nadal - João Henrique Blasi - Joares Ponticelli - Jorginho Mello - José Carlos Vieira - José Serafim - Julio Garcia - Lício Silveira - Mauro Mariani - Moacir Sopelsa - Narcizo Parisotto - Nelson Goetten - Nilson Gonçalves - Nilson Machado - Odete de Jesus - Onofre Santo Agostini - Paulo Eccel - Pedro Baldissera - Reno Caramori - Rogério Mendonça - Romildo Titon - Sérgio Godinho - Valmir Comin - Vânio dos Santos - Wilson Vieira","diario_oficial","brutos/diarios/5669dia.pdf","alta","data_raw/assembleias3/SC/composicao_final.csv",TRUE
"SC","2002","2006-12-20","M2002_SC_7_13131_113","Afrânio Boppré","em_exercicio","http://www2.alesc.sc.gov.br/diarios/pdf/5669dia.pdf","ATA DA 105ª SESSÃO ORDINÁRIA DA 4ª SESSÃO LEGISLATIVA DA 15ª LEGISLATURA REALIZADA EM 20 DE DEZEMBRO DE 2006 PRESIDÊNCIA DO SENHOR DEPUTADO JULIO GARCIA Às quinze horas, achavam-se presentes os seguintes srs. deputados: Afrânio Boppré","diario_oficial","brutos/diarios/5669dia.pdf","alta","data_raw/assembleias3/SC/composicao_final.csv",TRUE
"SC","2002","2006-12-20","M2002_SC_7_13313_117","Ana Paula Lima","em_exercicio","http://www2.alesc.sc.gov.br/diarios/pdf/5669dia.pdf","ATA DA 105ª SESSÃO ORDINÁRIA DA 4ª SESSÃO LEGISLATIVA DA 15ª LEGISLATURA REALIZADA EM 20 DE DEZEMBRO DE 2006 PRESIDÊNCIA DO SENHOR DEPUTADO JULIO GARCIA Às quinze horas, achavam-se presentes os seguintes srs. deputados: Afrânio Boppré - Altair Guidi - Ana Paula Lima","diario_oficial","brutos/diarios/5669dia.pdf","alta","data_raw/assembleias3/SC/composicao_final.csv",TRUE
"SC","2002","2006-12-20","M2002_SC_7_13613_138","Francisco de Assis","em_exercicio","http://www2.alesc.sc.gov.br/diarios/pdf/5669dia.pdf","ATA DA 105ª SESSÃO ORDINÁRIA DA 4ª SESSÃO LEGISLATIVA DA 15ª LEGISLATURA REALIZADA EM 20 DE DEZEMBRO DE 2006 PRESIDÊNCIA DO SENHOR DEPUTADO JULIO GARCIA Às quinze horas, achavam-se presentes os seguintes srs. deputados: Afrânio Boppré - Altair Guidi - Ana Paula Lima - Antônio Aguiar - Antônio Carlos Vieira - Antônio Ceron - Antônio Luz Neto - Celestino Secco - Clésio Salvaro - Dionei Walter da Silva - Djalma Berger - Francisco de Assis","diario_oficial","brutos/diarios/5669dia.pdf","alta","data_raw/assembleias3/SC/composicao_final.csv",TRUE
"SC","2002","2006-12-20","M2002_SC_7_13699_147","José Serafim","em_exercicio","http://www2.alesc.sc.gov.br/diarios/pdf/5669dia.pdf","ATA DA 105ª SESSÃO ORDINÁRIA DA 4ª SESSÃO LEGISLATIVA DA 15ª LEGISLATURA REALIZADA EM 20 DE DEZEMBRO DE 2006 PRESIDÊNCIA DO SENHOR DEPUTADO JULIO GARCIA Às quinze horas, achavam-se presentes os seguintes srs. deputados: Afrânio Boppré - Altair Guidi - Ana Paula Lima - Antônio Aguiar - Antônio Carlos Vieira - Antônio Ceron - Antônio Luz Neto - Celestino Secco - Clésio Salvaro - Dionei Walter da Silva - Djalma Berger - Francisco de Assis - Gelson Merísio - Genésio Goulart - Gilmar Knaesel - Herneus de Nadal - João Henrique Blasi - Joares Ponticelli - Jorginho Mello - José Carlos Vieira - José Serafim","diario_oficial","brutos/diarios/5669dia.pdf","alta","data_raw/assembleias3/SC/composicao_final.csv",TRUE
"SC","2002","2006-12-20","M2002_SC_7_13789_130","Dionei Walter da Silva","em_exercicio","http://www2.alesc.sc.gov.br/diarios/pdf/5669dia.pdf","ATA DA 105ª SESSÃO ORDINÁRIA DA 4ª SESSÃO LEGISLATIVA DA 15ª LEGISLATURA REALIZADA EM 20 DE DEZEMBRO DE 2006 PRESIDÊNCIA DO SENHOR DEPUTADO JULIO GARCIA Às quinze horas, achavam-se presentes os seguintes srs. deputados: Afrânio Boppré - Altair Guidi - Ana Paula Lima - Antônio Aguiar - Antônio Carlos Vieira - Antônio Ceron - Antônio Luz Neto - Celestino Secco - Clésio Salvaro - Dionei Walter da Silva","diario_oficial","brutos/diarios/5669dia.pdf","alta","data_raw/assembleias3/SC/composicao_final.csv",TRUE
"SC","2002","2006-12-20","M2002_SC_7_13987_158","Pedro Baldissera","em_exercicio","http://www2.alesc.sc.gov.br/diarios/pdf/5669dia.pdf","ATA DA 105ª SESSÃO ORDINÁRIA DA 4ª SESSÃO LEGISLATIVA DA 15ª LEGISLATURA REALIZADA EM 20 DE DEZEMBRO DE 2006 PRESIDÊNCIA DO SENHOR DEPUTADO JULIO GARCIA Às quinze horas, achavam-se presentes os seguintes srs. deputados: Afrânio Boppré - Altair Guidi - Ana Paula Lima - Antônio Aguiar - Antônio Carlos Vieira - Antônio Ceron - Antônio Luz Neto - Celestino Secco - Clésio Salvaro - Dionei Walter da Silva - Djalma Berger - Francisco de Assis - Gelson Merísio - Genésio Goulart - Gilmar Knaesel - Herneus de Nadal - João Henrique Blasi - Joares Ponticelli - Jorginho Mello - José Carlos Vieira - José Serafim - Julio Garcia - Lício Silveira - Mauro Mariani - Moacir Sopelsa - Narcizo Parisotto - Nelson Goetten - Nilson Gonçalves - Nilson Machado - Odete de Jesus - Onofre Santo Agostini - Paulo Eccel - Pedro Baldissera","diario_oficial","brutos/diarios/5669dia.pdf","alta","data_raw/assembleias3/SC/composicao_final.csv",TRUE
"SC","2002","2006-12-20","M2002_SC_7_14104_369","Narcizo Parisotto","em_exercicio","http://www2.alesc.sc.gov.br/diarios/pdf/5669dia.pdf","ATA DA 105ª SESSÃO ORDINÁRIA DA 4ª SESSÃO LEGISLATIVA DA 15ª LEGISLATURA REALIZADA EM 20 DE DEZEMBRO DE 2006 PRESIDÊNCIA DO SENHOR DEPUTADO JULIO GARCIA Às quinze horas, achavam-se presentes os seguintes srs. deputados: Afrânio Boppré - Altair Guidi - Ana Paula Lima - Antônio Aguiar - Antônio Carlos Vieira - Antônio Ceron - Antônio Luz Neto - Celestino Secco - Clésio Salvaro - Dionei Walter da Silva - Djalma Berger - Francisco de Assis - Gelson Merísio - Genésio Goulart - Gilmar Knaesel - Herneus de Nadal - João Henrique Blasi - Joares Ponticelli - Jorginho Mello - José Carlos Vieira - José Serafim - Julio Garcia - Lício Silveira - Mauro Mariani - Moacir Sopelsa - Narcizo Parisotto","diario_oficial","brutos/diarios/5669dia.pdf","alta","data_raw/assembleias3/SC/composicao_final.csv",TRUE
"SC","2002","2006-12-20","M2002_SC_7_14300_373","Sérgio Godinho","em_exercicio","http://www2.alesc.sc.gov.br/diarios/pdf/5669dia.pdf","ATA DA 105ª SESSÃO ORDINÁRIA DA 4ª SESSÃO LEGISLATIVA DA 15ª LEGISLATURA REALIZADA EM 20 DE DEZEMBRO DE 2006 PRESIDÊNCIA DO SENHOR DEPUTADO JULIO GARCIA Às quinze horas, achavam-se presentes os seguintes srs. deputados: Afrânio Boppré - Altair Guidi - Ana Paula Lima - Antônio Aguiar - Antônio Carlos Vieira - Antônio Ceron - Antônio Luz Neto - Celestino Secco - Clésio Salvaro - Dionei Walter da Silva - Djalma Berger - Francisco de Assis - Gelson Merísio - Genésio Goulart - Gilmar Knaesel - Herneus de Nadal - João Henrique Blasi - Joares Ponticelli - Jorginho Mello - José Carlos Vieira - José Serafim - Julio Garcia - Lício Silveira - Mauro Mariani - Moacir Sopelsa - Narcizo Parisotto - Nelson Goetten - Nilson Gonçalves - Nilson Machado - Odete de Jesus - Onofre Santo Agostini - Paulo Eccel - Pedro Baldissera - Reno Caramori - Rogério Mendonça - Romildo Titon - Sérgio Godinho","diario_oficial","brutos/diarios/5669dia.pdf","alta","data_raw/assembleias3/SC/composicao_final.csv",TRUE
"SC","2002","2006-12-20","M2002_SC_7_15010_82","Rogério Mendonça","em_exercicio","http://www2.alesc.sc.gov.br/diarios/pdf/5669dia.pdf","ATA DA 105ª SESSÃO ORDINÁRIA DA 4ª SESSÃO LEGISLATIVA DA 15ª LEGISLATURA REALIZADA EM 20 DE DEZEMBRO DE 2006 PRESIDÊNCIA DO SENHOR DEPUTADO JULIO GARCIA Às quinze horas, achavam-se presentes os seguintes srs. deputados: Afrânio Boppré - Altair Guidi - Ana Paula Lima - Antônio Aguiar - Antônio Carlos Vieira - Antônio Ceron - Antônio Luz Neto - Celestino Secco - Clésio Salvaro - Dionei Walter da Silva - Djalma Berger - Francisco de Assis - Gelson Merísio - Genésio Goulart - Gilmar Knaesel - Herneus de Nadal - João Henrique Blasi - Joares Ponticelli - Jorginho Mello - José Carlos Vieira - José Serafim - Julio Garcia - Lício Silveira - Mauro Mariani - Moacir Sopelsa - Narcizo Parisotto - Nelson Goetten - Nilson Gonçalves - Nilson Machado - Odete de Jesus - Onofre Santo Agostini - Paulo Eccel - Pedro Baldissera - Reno Caramori - Rogério Mendonça","diario_oficial","brutos/diarios/5669dia.pdf","alta","data_raw/assembleias3/SC/composicao_final.csv",TRUE
"SC","2002","2006-12-20","M2002_SC_7_15180_75","Moacir Sopelsa","em_exercicio","http://www2.alesc.sc.gov.br/diarios/pdf/5669dia.pdf","ATA DA 105ª SESSÃO ORDINÁRIA DA 4ª SESSÃO LEGISLATIVA DA 15ª LEGISLATURA REALIZADA EM 20 DE DEZEMBRO DE 2006 PRESIDÊNCIA DO SENHOR DEPUTADO JULIO GARCIA Às quinze horas, achavam-se presentes os seguintes srs. deputados: Afrânio Boppré - Altair Guidi - Ana Paula Lima - Antônio Aguiar - Antônio Carlos Vieira - Antônio Ceron - Antônio Luz Neto - Celestino Secco - Clésio Salvaro - Dionei Walter da Silva - Djalma Berger - Francisco de Assis - Gelson Merísio - Genésio Goulart - Gilmar Knaesel - Herneus de Nadal - João Henrique Blasi - Joares Ponticelli - Jorginho Mello - José Carlos Vieira - José Serafim - Julio Garcia - Lício Silveira - Mauro Mariani - Moacir Sopelsa","diario_oficial","brutos/diarios/5669dia.pdf","alta","data_raw/assembleias3/SC/composicao_final.csv",TRUE
"SC","2002","2006-12-20","M2002_SC_7_15215_70","João Henrique Blasi","em_exercicio","http://www2.alesc.sc.gov.br/diarios/pdf/5669dia.pdf","ATA DA 105ª SESSÃO ORDINÁRIA DA 4ª SESSÃO LEGISLATIVA DA 15ª LEGISLATURA REALIZADA EM 20 DE DEZEMBRO DE 2006 PRESIDÊNCIA DO SENHOR DEPUTADO JULIO GARCIA Às quinze horas, achavam-se presentes os seguintes srs. deputados: Afrânio Boppré - Altair Guidi - Ana Paula Lima - Antônio Aguiar - Antônio Carlos Vieira - Antônio Ceron - Antônio Luz Neto - Celestino Secco - Clésio Salvaro - Dionei Walter da Silva - Djalma Berger - Francisco de Assis - Gelson Merísio - Genésio Goulart - Gilmar Knaesel - Herneus de Nadal - João Henrique Blasi","diario_oficial","brutos/diarios/5669dia.pdf","alta","data_raw/assembleias3/SC/composicao_final.csv",TRUE
"SC","2002","2006-12-20","M2002_SC_7_15220_62","Herneus de Nadal","em_exercicio","http://www2.alesc.sc.gov.br/diarios/pdf/5669dia.pdf","ATA DA 105ª SESSÃO ORDINÁRIA DA 4ª SESSÃO LEGISLATIVA DA 15ª LEGISLATURA REALIZADA EM 20 DE DEZEMBRO DE 2006 PRESIDÊNCIA DO SENHOR DEPUTADO JULIO GARCIA Às quinze horas, achavam-se presentes os seguintes srs. deputados: Afrânio Boppré - Altair Guidi - Ana Paula Lima - Antônio Aguiar - Antônio Carlos Vieira - Antônio Ceron - Antônio Luz Neto - Celestino Secco - Clésio Salvaro - Dionei Walter da Silva - Djalma Berger - Francisco de Assis - Gelson Merísio - Genésio Goulart - Gilmar Knaesel - Herneus de Nadal","diario_oficial","brutos/diarios/5669dia.pdf","alta","data_raw/assembleias3/SC/composicao_final.csv",TRUE
"SC","2002","2006-12-20","M2002_SC_7_15270_87","Romildo Titon","em_exercicio","http://www2.alesc.sc.gov.br/diarios/pdf/5669dia.pdf","ATA DA 105ª SESSÃO ORDINÁRIA DA 4ª SESSÃO LEGISLATIVA DA 15ª LEGISLATURA REALIZADA EM 20 DE DEZEMBRO DE 2006 PRESIDÊNCIA DO SENHOR DEPUTADO JULIO GARCIA Às quinze horas, achavam-se presentes os seguintes srs. deputados: Afrânio Boppré - Altair Guidi - Ana Paula Lima - Antônio Aguiar - Antônio Carlos Vieira - Antônio Ceron - Antônio Luz Neto - Celestino Secco - Clésio Salvaro - Dionei Walter da Silva - Djalma Berger - Francisco de Assis - Gelson Merísio - Genésio Goulart - Gilmar Knaesel - Herneus de Nadal - João Henrique Blasi - Joares Ponticelli - Jorginho Mello - José Carlos Vieira - José Serafim - Julio Garcia - Lício Silveira - Mauro Mariani - Moacir Sopelsa - Narcizo Parisotto - Nelson Goetten - Nilson Gonçalves - Nilson Machado - Odete de Jesus - Onofre Santo Agostini - Paulo Eccel - Pedro Baldissera - Reno Caramori - Rogério Mendonça - Romildo Titon","diario_oficial","brutos/diarios/5669dia.pdf","alta","data_raw/assembleias3/SC/composicao_final.csv",TRUE
"SC","2002","2006-12-20","M2002_SC_7_15650_60","Genésio Goulart","em_exercicio","http://www2.alesc.sc.gov.br/diarios/pdf/5669dia.pdf","ATA DA 105ª SESSÃO ORDINÁRIA DA 4ª SESSÃO LEGISLATIVA DA 15ª LEGISLATURA REALIZADA EM 20 DE DEZEMBRO DE 2006 PRESIDÊNCIA DO SENHOR DEPUTADO JULIO GARCIA Às quinze horas, achavam-se presentes os seguintes srs. deputados: Afrânio Boppré - Altair Guidi - Ana Paula Lima - Antônio Aguiar - Antônio Carlos Vieira - Antônio Ceron - Antônio Luz Neto - Celestino Secco - Clésio Salvaro - Dionei Walter da Silva - Djalma Berger - Francisco de Assis - Gelson Merísio - Genésio Goulart","diario_oficial","brutos/diarios/5669dia.pdf","alta","data_raw/assembleias3/SC/composicao_final.csv",TRUE
"SC","2002","2006-12-20","M2002_SC_7_15670_79","Mauro Mariani","em_exercicio","http://www2.alesc.sc.gov.br/diarios/pdf/5669dia.pdf","ATA DA 105ª SESSÃO ORDINÁRIA DA 4ª SESSÃO LEGISLATIVA DA 15ª LEGISLATURA REALIZADA EM 20 DE DEZEMBRO DE 2006 PRESIDÊNCIA DO SENHOR DEPUTADO JULIO GARCIA Às quinze horas, achavam-se presentes os seguintes srs. deputados: Afrânio Boppré - Altair Guidi - Ana Paula Lima - Antônio Aguiar - Antônio Carlos Vieira - Antônio Ceron - Antônio Luz Neto - Celestino Secco - Clésio Salvaro - Dionei Walter da Silva - Djalma Berger - Francisco de Assis - Gelson Merísio - Genésio Goulart - Gilmar Knaesel - Herneus de Nadal - João Henrique Blasi - Joares Ponticelli - Jorginho Mello - José Carlos Vieira - José Serafim - Julio Garcia - Lício Silveira - Mauro Mariani","diario_oficial","brutos/diarios/5669dia.pdf","alta","data_raw/assembleias3/SC/composicao_final.csv",TRUE
"SC","2002","2006-12-20","M2002_SC_7_22333_170","Odete de Jesus","em_exercicio","http://www2.alesc.sc.gov.br/diarios/pdf/5669dia.pdf","ATA DA 105ª SESSÃO ORDINÁRIA DA 4ª SESSÃO LEGISLATIVA DA 15ª LEGISLATURA REALIZADA EM 20 DE DEZEMBRO DE 2006 PRESIDÊNCIA DO SENHOR DEPUTADO JULIO GARCIA Às quinze horas, achavam-se presentes os seguintes srs. deputados: Afrânio Boppré - Altair Guidi - Ana Paula Lima - Antônio Aguiar - Antônio Carlos Vieira - Antônio Ceron - Antônio Luz Neto - Celestino Secco - Clésio Salvaro - Dionei Walter da Silva - Djalma Berger - Francisco de Assis - Gelson Merísio - Genésio Goulart - Gilmar Knaesel - Herneus de Nadal - João Henrique Blasi - Joares Ponticelli - Jorginho Mello - José Carlos Vieira - José Serafim - Julio Garcia - Lício Silveira - Mauro Mariani - Moacir Sopelsa - Narcizo Parisotto - Nelson Goetten - Nilson Gonçalves - Nilson Machado - Odete de Jesus","diario_oficial","brutos/diarios/5669dia.pdf","alta","data_raw/assembleias3/SC/composicao_final.csv",TRUE
"SC","2002","2007-01-20","M2002_SC_7_25100_458","Cesar Souza","em_exercicio","http://www2.alesc.sc.gov.br/diarios/pdf/5674dia.pdf","que passam do “Gabinete do Deputado José Carlos Vieira” para o “Gabinete do Deputado Cesar Souza”, a partir de 20/01/07.","diario_oficial","brutos/diarios/5674dia.pdf","media","data_raw/assembleias3/SC/composicao_final.csv",TRUE
"SC","2002","2006-12-20","M2002_SC_7_25110_485","Clésio Salvaro","em_exercicio","http://www2.alesc.sc.gov.br/diarios/pdf/5669dia.pdf","ATA DA 105ª SESSÃO ORDINÁRIA DA 4ª SESSÃO LEGISLATIVA DA 15ª LEGISLATURA REALIZADA EM 20 DE DEZEMBRO DE 2006 PRESIDÊNCIA DO SENHOR DEPUTADO JULIO GARCIA Às quinze horas, achavam-se presentes os seguintes srs. deputados: Afrânio Boppré - Altair Guidi - Ana Paula Lima - Antônio Aguiar - Antônio Carlos Vieira - Antônio Ceron - Antônio Luz Neto - Celestino Secco - Clésio Salvaro","diario_oficial","brutos/diarios/5669dia.pdf","alta","data_raw/assembleias3/SC/composicao_final.csv",TRUE
"SC","2002","2006-12-20","M2002_SC_7_25111_476","Julio Garcia","em_exercicio","http://www2.alesc.sc.gov.br/diarios/pdf/5669dia.pdf","ATA DA 105ª SESSÃO ORDINÁRIA DA 4ª SESSÃO LEGISLATIVA DA 15ª LEGISLATURA REALIZADA EM 20 DE DEZEMBRO DE 2006 PRESIDÊNCIA DO SENHOR DEPUTADO JULIO GARCIA Às quinze horas, achavam-se presentes os seguintes srs. deputados: Afrânio Boppré - Altair Guidi - Ana Paula Lima - Antônio Aguiar - Antônio Carlos Vieira - Antônio Ceron - Antônio Luz Neto - Celestino Secco - Clésio Salvaro - Dionei Walter da Silva - Djalma Berger - Francisco de Assis - Gelson Merísio - Genésio Goulart - Gilmar Knaesel - Herneus de Nadal - João Henrique Blasi - Joares Ponticelli - Jorginho Mello - José Carlos Vieira - José Serafim - Julio Garcia","diario_oficial","brutos/diarios/5669dia.pdf","alta","data_raw/assembleias3/SC/composicao_final.csv",TRUE
"SC","2002","2006-12-20","M2002_SC_7_25120_451","Antônio Ceron","em_exercicio","http://www2.alesc.sc.gov.br/diarios/pdf/5669dia.pdf","ATA DA 105ª SESSÃO ORDINÁRIA DA 4ª SESSÃO LEGISLATIVA DA 15ª LEGISLATURA REALIZADA EM 20 DE DEZEMBRO DE 2006 PRESIDÊNCIA DO SENHOR DEPUTADO JULIO GARCIA Às quinze horas, achavam-se presentes os seguintes srs. deputados: Afrânio Boppré - Altair Guidi - Ana Paula Lima - Antônio Aguiar - Antônio Carlos Vieira - Antônio Ceron","diario_oficial","brutos/diarios/5669dia.pdf","alta","data_raw/assembleias3/SC/composicao_final.csv",TRUE
"SC","2002","2006-12-20","M2002_SC_7_25200_484","Onofre Santo Agostini","em_exercicio","http://www2.alesc.sc.gov.br/diarios/pdf/5669dia.pdf","ATA DA 105ª SESSÃO ORDINÁRIA DA 4ª SESSÃO LEGISLATIVA DA 15ª LEGISLATURA REALIZADA EM 20 DE DEZEMBRO DE 2006 PRESIDÊNCIA DO SENHOR DEPUTADO JULIO GARCIA Às quinze horas, achavam-se presentes os seguintes srs. deputados: Afrânio Boppré - Altair Guidi - Ana Paula Lima - Antônio Aguiar - Antônio Carlos Vieira - Antônio Ceron - Antônio Luz Neto - Celestino Secco - Clésio Salvaro - Dionei Walter da Silva - Djalma Berger - Francisco de Assis - Gelson Merísio - Genésio Goulart - Gilmar Knaesel - Herneus de Nadal - João Henrique Blasi - Joares Ponticelli - Jorginho Mello - José Carlos Vieira - José Serafim - Julio Garcia - Lício Silveira - Mauro Mariani - Moacir Sopelsa - Narcizo Parisotto - Nelson Goetten - Nilson Gonçalves - Nilson Machado - Odete de Jesus - Onofre Santo Agostini","diario_oficial","brutos/diarios/5669dia.pdf","alta","data_raw/assembleias3/SC/composicao_final.csv",TRUE
"SC","2002","2006-12-20","M2002_SC_7_25369_461","Djalma Berger","em_exercicio","http://www2.alesc.sc.gov.br/diarios/pdf/5669dia.pdf","ATA DA 105ª SESSÃO ORDINÁRIA DA 4ª SESSÃO LEGISLATIVA DA 15ª LEGISLATURA REALIZADA EM 20 DE DEZEMBRO DE 2006 PRESIDÊNCIA DO SENHOR DEPUTADO JULIO GARCIA Às quinze horas, achavam-se presentes os seguintes srs. deputados: Afrânio Boppré - Altair Guidi - Ana Paula Lima - Antônio Aguiar - Antônio Carlos Vieira - Antônio Ceron - Antônio Luz Neto - Celestino Secco - Clésio Salvaro - Dionei Walter da Silva - Djalma Berger","diario_oficial","brutos/diarios/5669dia.pdf","alta","data_raw/assembleias3/SC/composicao_final.csv",TRUE
"SC","2002","2006-12-20","M2002_SC_7_45123_228","Jorginho Mello","em_exercicio","http://www2.alesc.sc.gov.br/diarios/pdf/5669dia.pdf","ATA DA 105ª SESSÃO ORDINÁRIA DA 4ª SESSÃO LEGISLATIVA DA 15ª LEGISLATURA REALIZADA EM 20 DE DEZEMBRO DE 2006 PRESIDÊNCIA DO SENHOR DEPUTADO JULIO GARCIA Às quinze horas, achavam-se presentes os seguintes srs. deputados: Afrânio Boppré - Altair Guidi - Ana Paula Lima - Antônio Aguiar - Antônio Carlos Vieira - Antônio Ceron - Antônio Luz Neto - Celestino Secco - Clésio Salvaro - Dionei Walter da Silva - Djalma Berger - Francisco de Assis - Gelson Merísio - Genésio Goulart - Gilmar Knaesel - Herneus de Nadal - João Henrique Blasi - Joares Ponticelli - Jorginho Mello","diario_oficial","brutos/diarios/5669dia.pdf","alta","data_raw/assembleias3/SC/composicao_final.csv",TRUE
"SC","2002","2007-01-16","M2002_SC_7_45678_254","Luiz Eduardo Cherem","licenciado","http://www2.alesc.sc.gov.br/diarios/pdf/5671dia.pdf","em decorrência do afastamento do Deputado Luiz Eduardo Cherem, indicado para o cargo de Secretário de Estado da Saúde, por declino do 4º Suplente.","diario_oficial","brutos/diarios/5671dia.pdf","alta","data_raw/assembleias3/SC/composicao_final.csv",TRUE
"SC","2002","2006-12-20","M2002_SC_7_45777_229","Nilson Gonçalves","em_exercicio","http://www2.alesc.sc.gov.br/diarios/pdf/5669dia.pdf","ATA DA 105ª SESSÃO ORDINÁRIA DA 4ª SESSÃO LEGISLATIVA DA 15ª LEGISLATURA REALIZADA EM 20 DE DEZEMBRO DE 2006 PRESIDÊNCIA DO SENHOR DEPUTADO JULIO GARCIA Às quinze horas, achavam-se presentes os seguintes srs. deputados: Afrânio Boppré - Altair Guidi - Ana Paula Lima - Antônio Aguiar - Antônio Carlos Vieira - Antônio Ceron - Antônio Luz Neto - Celestino Secco - Clésio Salvaro - Dionei Walter da Silva - Djalma Berger - Francisco de Assis - Gelson Merísio - Genésio Goulart - Gilmar Knaesel - Herneus de Nadal - João Henrique Blasi - Joares Ponticelli - Jorginho Mello - José Carlos Vieira - José Serafim - Julio Garcia - Lício Silveira - Mauro Mariani - Moacir Sopelsa - Narcizo Parisotto - Nelson Goetten - Nilson Gonçalves","diario_oficial","brutos/diarios/5669dia.pdf","alta","data_raw/assembleias3/SC/composicao_final.csv",TRUE
"SC","2006","2010-12-15","M2006_SC_7_11111_10479","Kennedy Nunes","em_exercicio","http://www2.alesc.sc.gov.br/diarios/pdf/6239dia.pdf","DEPUTADO KENNEDY NUNES sim","diario_oficial","brutos/diarios/6239dia.pdf","alta","data_raw/assembleias3/SC/composicao_final.csv",TRUE
"SC","2006","2010-12-15","M2006_SC_7_11166_10488","Valmir Comin","em_exercicio","http://www2.alesc.sc.gov.br/diarios/pdf/6239dia.pdf","DEPUTADO VALMIR COMIN sim","diario_oficial","brutos/diarios/6239dia.pdf","alta","data_raw/assembleias3/SC/composicao_final.csv",TRUE
"SC","2006","2010-12-15","M2006_SC_7_11223_10493","Joares Ponticelli","em_exercicio","http://www2.alesc.sc.gov.br/diarios/pdf/6239dia.pdf","DEPUTADO JOARES PONTICELLI sim","diario_oficial","brutos/diarios/6239dia.pdf","alta","data_raw/assembleias3/SC/composicao_final.csv",TRUE
"SC","2006","2010-12-15","M2006_SC_7_11233_10494","Reno Caramori","licenciado","http://www2.alesc.sc.gov.br/diarios/pdf/6221dia.pdf","CONCEDE licença do Senhor Deputado Reno Caramori, por um período de sessenta dias, a contar de 28 de outubro do corrente ano, para tratar de assuntos particulares.","diario_oficial","brutos/diarios/6221dia.pdf","media","data_raw/assembleias3/SC/composicao_final.csv",TRUE
"SC","2006","2010-12-15","M2006_SC_7_11311_10496","Silvio Dreveck","em_exercicio","http://www2.alesc.sc.gov.br/diarios/pdf/6239dia.pdf","DEPUTADO SILVIO DREVECK sim","diario_oficial","brutos/diarios/6239dia.pdf","alta","data_raw/assembleias3/SC/composicao_final.csv",TRUE
"SC","2006","2010-12-15","M2006_SC_7_12000_10416","Dagomar Carneiro","em_exercicio","http://www2.alesc.sc.gov.br/diarios/pdf/6239dia.pdf","DEPUTADO DAGOMAR CARNEIRO","diario_oficial","brutos/diarios/6239dia.pdf","alta","data_raw/assembleias3/SC/composicao_final.csv",TRUE
"SC","2006","2010-12-15","M2006_SC_7_12580_10429","Sargento Amauri Soares","em_exercicio","http://www2.alesc.sc.gov.br/diarios/pdf/6239dia.pdf","DEPUTADO SARGENTO AMAURI SOARES","diario_oficial","brutos/diarios/6239dia.pdf","alta","data_raw/assembleias3/SC/composicao_final.csv",TRUE
"SC","2006","2010-12-15","M2006_SC_7_13000_10224","Décio Góes","em_exercicio","http://www2.alesc.sc.gov.br/diarios/pdf/6239dia.pdf","DEPUTADO DÉCIO GÓES","diario_oficial","brutos/diarios/6239dia.pdf","alta","data_raw/assembleias3/SC/composicao_final.csv",TRUE
"SC","2006","2010-12-15","M2006_SC_7_13313_10240","Ana Paula Lima","em_exercicio","http://www2.alesc.sc.gov.br/diarios/pdf/6239dia.pdf","DEPUTADA ANA PAULA LIMA sim","diario_oficial","brutos/diarios/6239dia.pdf","alta","data_raw/assembleias3/SC/composicao_final.csv",TRUE
"SC","2006","2010-12-15","M2006_SC_7_13450_10243","Dirceu Dresch","em_exercicio","http://www2.alesc.sc.gov.br/diarios/pdf/6239dia.pdf","DEPUTADO DIRCEU DRESCH sim","diario_oficial","brutos/diarios/6239dia.pdf","alta","data_raw/assembleias3/SC/composicao_final.csv",TRUE
"SC","2006","2010-12-15","M2006_SC_7_13470_10245","Jailson Lima","em_exercicio","http://www2.alesc.sc.gov.br/diarios/pdf/6239dia.pdf","DEPUTADO JAILSON LIMA","diario_oficial","brutos/diarios/6239dia.pdf","alta","data_raw/assembleias3/SC/composicao_final.csv",TRUE
"SC","2006","2010-12-15","M2006_SC_7_13580_10248","Pedro Uczai","em_exercicio","http://www2.alesc.sc.gov.br/diarios/pdf/6239dia.pdf","DEPUTADO PEDRO UCZAI sim","diario_oficial","brutos/diarios/6239dia.pdf","alta","data_raw/assembleias3/SC/composicao_final.csv",TRUE
"SC","2006","2010-12-15","M2006_SC_7_13987_10257","Padre Pedro Baldissera","em_exercicio","http://www2.alesc.sc.gov.br/diarios/pdf/6239dia.pdf","DEPUTADO PADRE PEDRO BALDISSERA sim","diario_oficial","brutos/diarios/6239dia.pdf","alta","data_raw/assembleias3/SC/composicao_final.csv",TRUE
"SC","2006","2010-12-15","M2006_SC_7_14104_10316","Narcizo Parisotto","em_exercicio","http://www2.alesc.sc.gov.br/diarios/pdf/6239dia.pdf","DEPUTADO NARCIZO PARISOTTO sim","diario_oficial","brutos/diarios/6239dia.pdf","alta","data_raw/assembleias3/SC/composicao_final.csv",TRUE
"SC","2006","2010-12-15","M2006_SC_7_15010_10031","Rogério Mendonça","em_exercicio","http://www2.alesc.sc.gov.br/diarios/pdf/6239dia.pdf","DEPUTADO ROGÉRIO MENDONÇA sim","diario_oficial","brutos/diarios/6239dia.pdf","alta","data_raw/assembleias3/SC/composicao_final.csv",TRUE
"SC","2006","2010-12-15","M2006_SC_7_15015_10032","Ada De Luca","em_exercicio","http://www2.alesc.sc.gov.br/diarios/pdf/6239dia.pdf","DEPUTADA ADA DE LUCA sim","diario_oficial","brutos/diarios/6239dia.pdf","alta","data_raw/assembleias3/SC/composicao_final.csv",TRUE
"SC","2006","2010-12-15","M2006_SC_7_15109_10034","Ronaldo Benedet","em_exercicio","http://www2.alesc.sc.gov.br/diarios/pdf/6239dia.pdf","DEPUTADO RONALDO BENEDET sim","diario_oficial","brutos/diarios/6239dia.pdf","alta","data_raw/assembleias3/SC/composicao_final.csv",TRUE
"SC","2006","2010-12-15","M2006_SC_7_15157_10040","Manoel Mota","em_exercicio","http://www2.alesc.sc.gov.br/diarios/pdf/6239dia.pdf","DEPUTADO MANOEL MOTA","diario_oficial","brutos/diarios/6239dia.pdf","alta","data_raw/assembleias3/SC/composicao_final.csv",TRUE
"SC","2006","2010-12-15","M2006_SC_7_15180_10041","Moacir Sopelsa","em_exercicio","http://www2.alesc.sc.gov.br/diarios/pdf/6239dia.pdf","DEPUTADO MOACIR SOPELSA sim","diario_oficial","brutos/diarios/6239dia.pdf","alta","data_raw/assembleias3/SC/composicao_final.csv",TRUE
"SC","2006","2010-12-15","M2006_SC_7_15270_10046","Romildo Titon","em_exercicio","http://www2.alesc.sc.gov.br/diarios/pdf/6239dia.pdf","DEPUTADO ROMILDO TITON","diario_oficial","brutos/diarios/6239dia.pdf","alta","data_raw/assembleias3/SC/composicao_final.csv",TRUE
"SC","2006","2010-12-15","M2006_SC_7_15321_10050","Renato Hinnig","em_exercicio","http://www2.alesc.sc.gov.br/diarios/pdf/6239dia.pdf","DEPUTADO RENATO HINNIG sim","diario_oficial","brutos/diarios/6239dia.pdf","alta","data_raw/assembleias3/SC/composicao_final.csv",TRUE
"SC","2006","2010-12-15","M2006_SC_7_15650_10062","Genésio Goulart","em_exercicio","http://www2.alesc.sc.gov.br/diarios/pdf/6239dia.pdf","DEPUTADO GENÉSIO GOULART","diario_oficial","brutos/diarios/6239dia.pdf","alta","data_raw/assembleias3/SC/composicao_final.csv",TRUE
"SC","2006","2010-12-15","M2006_SC_7_15700_10066","Antônio Aguiar","em_exercicio","http://www2.alesc.sc.gov.br/diarios/pdf/6239dia.pdf","DEPUTADO ANTÔNIO AGUIAR","diario_oficial","brutos/diarios/6239dia.pdf","alta","data_raw/assembleias3/SC/composicao_final.csv",TRUE
"SC","2006","2010-12-15","M2006_SC_7_22222_10271","Professora Odete De Jesus","em_exercicio","http://www2.alesc.sc.gov.br/diarios/pdf/6239dia.pdf","DEPUTADA PROFESSORA ODETE DE JESUS sim","diario_oficial","brutos/diarios/6239dia.pdf","alta","data_raw/assembleias3/SC/composicao_final.csv",TRUE
"SC","2006","2010-12-15","M2006_SC_7_23122_10366","Altair Guidi","em_exercicio","http://www2.alesc.sc.gov.br/diarios/pdf/6239dia.pdf","DEPUTADO ALTAIR GUIDI sim","diario_oficial","brutos/diarios/6239dia.pdf","alta","data_raw/assembleias3/SC/composicao_final.csv",TRUE
"SC","2006","2010-12-15","M2006_SC_7_25000_10073","Darci De Matos","em_exercicio","http://www2.alesc.sc.gov.br/diarios/pdf/6239dia.pdf","DEPUTADO DARCI DE MATOS","diario_oficial","brutos/diarios/6239dia.pdf","alta","data_raw/assembleias3/SC/composicao_final.csv",TRUE
"SC","2006","2010-12-15","M2006_SC_7_25100_10078","Cesar Souza Júnior","em_exercicio","http://www2.alesc.sc.gov.br/diarios/pdf/6239dia.pdf","DEPUTADO CESAR SOUZA JÚNIOR","diario_oficial","brutos/diarios/6239dia.pdf","alta","data_raw/assembleias3/SC/composicao_final.csv",TRUE
"SC","2006","2010-12-15","M2006_SC_7_25123_10081","Gelson Merisio","em_exercicio","http://www2.alesc.sc.gov.br/diarios/pdf/6239dia.pdf","DEPUTADO GELSON MERISIO sim","diario_oficial","brutos/diarios/6239dia.pdf","alta","data_raw/assembleias3/SC/composicao_final.csv",TRUE
"SC","2006","2010-12-15","M2006_SC_7_25200_10082","Onofre Santo Agostini","em_exercicio","http://www2.alesc.sc.gov.br/diarios/pdf/6239dia.pdf","DEPUTADO ONOFRE SANTO AGOSTINI sim","diario_oficial","brutos/diarios/6239dia.pdf","alta","data_raw/assembleias3/SC/composicao_final.csv",TRUE
"SC","2006","2010-12-15","M2006_SC_7_25605_10086","Jean Kuhlmann","em_exercicio","http://www2.alesc.sc.gov.br/diarios/pdf/6239dia.pdf","DEPUTADO JEAN KUHLMANN sim","diario_oficial","brutos/diarios/6239dia.pdf","alta","data_raw/assembleias3/SC/composicao_final.csv",TRUE
"SC","2006","2010-12-15","M2006_SC_7_45123_10162","Jorginho Mello","em_exercicio","http://www2.alesc.sc.gov.br/diarios/pdf/6239dia.pdf","DEPUTADO JORGINHO MELLO sim","diario_oficial","brutos/diarios/6239dia.pdf","alta","data_raw/assembleias3/SC/composicao_final.csv",TRUE
"SC","2006","2010-12-15","M2006_SC_7_45222_10164","Gilmar Knaesel","em_exercicio","http://www2.alesc.sc.gov.br/diarios/pdf/6239dia.pdf","DEPUTADO GILMAR KNAESEL","diario_oficial","brutos/diarios/6239dia.pdf","alta","data_raw/assembleias3/SC/composicao_final.csv",TRUE
"SC","2006","2010-12-15","M2006_SC_7_45678_10175","Dado Cherem","em_exercicio","http://www2.alesc.sc.gov.br/diarios/pdf/6239dia.pdf","DEPUTADO DADO CHEREM sim","diario_oficial","brutos/diarios/6239dia.pdf","alta","data_raw/assembleias3/SC/composicao_final.csv",TRUE
"SC","2006","2010-12-15","M2006_SC_7_45699_10179","Marcos Vieira","em_exercicio","http://www2.alesc.sc.gov.br/diarios/pdf/6239dia.pdf","DEPUTADO MARCOS VIEIRA sim","diario_oficial","brutos/diarios/6239dia.pdf","alta","data_raw/assembleias3/SC/composicao_final.csv",TRUE
"SC","2006","2010-12-15","M2006_SC_7_45777_10180","Nilson Gonçalves","em_exercicio","http://www2.alesc.sc.gov.br/diarios/pdf/6239dia.pdf","DEPUTADO NILSON GONÇALVES","diario_oficial","brutos/diarios/6239dia.pdf","alta","data_raw/assembleias3/SC/composicao_final.csv",TRUE
"SC","2010","2014-12-17","M2010_SC_7_11111_240000000108","Kennedy Nunes","em_exercicio","http://www2.alesc.sc.gov.br/diarios/pdf/6796dia.pdf","DEPUTADO KENNEDY NUNES sim","diario_oficial","brutos/diarios/6796dia.pdf","alta","data_raw/assembleias3/SC/composicao_final.csv",TRUE
"SC","2010","2014-12-17","M2010_SC_7_11166_240000000133","Valmir Comin","em_exercicio","http://www2.alesc.sc.gov.br/diarios/pdf/6796dia.pdf","DEPUTADO VALMIR COMIN","diario_oficial","brutos/diarios/6796dia.pdf","alta","data_raw/assembleias3/SC/composicao_final.csv",TRUE
"SC","2010","2014-12-17","M2010_SC_7_11223_240000000119","Joares Ponticelli","em_exercicio","http://www2.alesc.sc.gov.br/diarios/pdf/6796dia.pdf","DEPUTADO JOARES PONTICELLI sim","diario_oficial","brutos/diarios/6796dia.pdf","alta","data_raw/assembleias3/SC/composicao_final.csv",TRUE
"SC","2010","2014-12-17","M2010_SC_7_11233_240000000129","Reno Caramori","em_exercicio","http://www2.alesc.sc.gov.br/diarios/pdf/6796dia.pdf","DEPUTADO RENO CARAMORI sim","diario_oficial","brutos/diarios/6796dia.pdf","alta","data_raw/assembleias3/SC/composicao_final.csv",TRUE
"SC","2010","2014-12-17","M2010_SC_7_11234_240000000122","José Milton Scheffer","em_exercicio","http://www2.alesc.sc.gov.br/diarios/pdf/6796dia.pdf","DEPUTADO JOSÉ MILTON SCHEFFER sim","diario_oficial","brutos/diarios/6796dia.pdf","alta","data_raw/assembleias3/SC/composicao_final.csv",TRUE
"SC","2010","2014-12-17","M2010_SC_7_11311_240000000130","Silvio Dreveck","em_exercicio","http://www2.alesc.sc.gov.br/diarios/pdf/6796dia.pdf","DEPUTADO SILVIO DREVECK sim","diario_oficial","brutos/diarios/6796dia.pdf","alta","data_raw/assembleias3/SC/composicao_final.csv",TRUE
"SC","2010","2014-12-17","M2010_SC_7_12580_240000000174","Sargento Amauri Soares","em_exercicio","http://www2.alesc.sc.gov.br/diarios/pdf/6796dia.pdf","DEPUTADO SARGENTO AMAURI SOARES não","diario_oficial","brutos/diarios/6796dia.pdf","alta","data_raw/assembleias3/SC/composicao_final.csv",TRUE
"SC","2010","2014-12-17","M2010_SC_7_13111_240000000462","Volnei Morastoni","em_exercicio","http://www2.alesc.sc.gov.br/diarios/pdf/6796dia.pdf","DEPUTADO VOLNEI MORASTONI","diario_oficial","brutos/diarios/6796dia.pdf","alta","data_raw/assembleias3/SC/composicao_final.csv",TRUE
"SC","2010","2014-12-17","M2010_SC_7_13120_240000000452","Neodi Saretta","em_exercicio","http://www2.alesc.sc.gov.br/diarios/pdf/6796dia.pdf","DEPUTADO NEODI SARETTA","diario_oficial","brutos/diarios/6796dia.pdf","alta","data_raw/assembleias3/SC/composicao_final.csv",TRUE
"SC","2010","2014-12-17","M2010_SC_7_13313_240000000419","Ana Paula Lima","em_exercicio","http://www2.alesc.sc.gov.br/diarios/pdf/6796dia.pdf","DEPUTADA ANA PAULA LIMA sim","diario_oficial","brutos/diarios/6796dia.pdf","alta","data_raw/assembleias3/SC/composicao_final.csv",TRUE
"SC","2010","2014-12-17","M2010_SC_7_13450_240000000427","Dirceu Dresch","em_exercicio","http://www2.alesc.sc.gov.br/diarios/pdf/6796dia.pdf","DEPUTADO DIRCEU DRESCH sim","diario_oficial","brutos/diarios/6796dia.pdf","alta","data_raw/assembleias3/SC/composicao_final.csv",TRUE
"SC","2010","2014-12-17","M2010_SC_7_13470_240000000566","Jailson Lima","em_exercicio","http://www2.alesc.sc.gov.br/diarios/pdf/6796dia.pdf","DEPUTADO JAILSON LIMA","diario_oficial","brutos/diarios/6796dia.pdf","alta","data_raw/assembleias3/SC/composicao_final.csv",TRUE
"SC","2010","2014-12-17","M2010_SC_7_13601_240000000444","Luciane Carminatti","em_exercicio","http://www2.alesc.sc.gov.br/diarios/pdf/6796dia.pdf","DEPUTADA LUCIANE CARMINATTI sim","diario_oficial","brutos/diarios/6796dia.pdf","alta","data_raw/assembleias3/SC/composicao_final.csv",TRUE
"SC","2010","2014-12-17","M2010_SC_7_13987_240000000457","Padre Pedro Baldissera","em_exercicio","http://www2.alesc.sc.gov.br/diarios/pdf/6796dia.pdf","DEPUTADO PADRE PEDRO BALDISSERA","diario_oficial","brutos/diarios/6796dia.pdf","alta","data_raw/assembleias3/SC/composicao_final.csv",TRUE
"SC","2010","2014-12-17","M2010_SC_7_14104_240000000362","Narcizo Parisotto","em_exercicio","http://www2.alesc.sc.gov.br/diarios/pdf/6796dia.pdf","DEPUTADO NARCIZO PARISOTTO","diario_oficial","brutos/diarios/6796dia.pdf","alta","data_raw/assembleias3/SC/composicao_final.csv",TRUE
"SC","2010","2014-12-17","M2010_SC_7_15010_240000000296","Aldo Schneider","em_exercicio","http://www2.alesc.sc.gov.br/diarios/pdf/6796dia.pdf","DEPUTADO ALDO SCHNEIDER sim","diario_oficial","brutos/diarios/6796dia.pdf","alta","data_raw/assembleias3/SC/composicao_final.csv",TRUE
"SC","2010","2014-12-17","M2010_SC_7_15015_240000000295","Ada Faraco De Luca","em_exercicio","http://www2.alesc.sc.gov.br/diarios/pdf/6796dia.pdf","DEPUTADA ADA FARACO DE LUCA sim","diario_oficial","brutos/diarios/6796dia.pdf","alta","data_raw/assembleias3/SC/composicao_final.csv",TRUE
"SC","2010","2014-12-17","M2010_SC_7_15157_240000000318","Manoel Mota","em_exercicio","http://www2.alesc.sc.gov.br/diarios/pdf/6796dia.pdf","DEPUTADO MANOEL MOTA sim","diario_oficial","brutos/diarios/6796dia.pdf","alta","data_raw/assembleias3/SC/composicao_final.csv",TRUE
"SC","2010","2014-12-17","M2010_SC_7_15180_240000000321","Moacir Sopelsa","em_exercicio","http://www2.alesc.sc.gov.br/diarios/pdf/6796dia.pdf","DEPUTADO MOACIR SOPELSA sim","diario_oficial","brutos/diarios/6796dia.pdf","alta","data_raw/assembleias3/SC/composicao_final.csv",TRUE
"SC","2010","2014-12-17","M2010_SC_7_15200_240000000331","Valdir Cobalchini","em_exercicio","http://www2.alesc.sc.gov.br/diarios/pdf/6796dia.pdf","DEPUTADO VALDIR COBALCHINI sim","diario_oficial","brutos/diarios/6796dia.pdf","alta","data_raw/assembleias3/SC/composicao_final.csv",TRUE
"SC","2010","2014-12-17","M2010_SC_7_15270_240000000326","Romildo Titon","em_exercicio","http://www2.alesc.sc.gov.br/diarios/pdf/6796dia.pdf","DEPUTADO ROMILDO TITON","diario_oficial","brutos/diarios/6796dia.pdf","alta","data_raw/assembleias3/SC/composicao_final.csv",TRUE
"SC","2010","2014-12-17","M2010_SC_7_15321_240000000324","Renato Hinnig","em_exercicio","http://www2.alesc.sc.gov.br/diarios/pdf/6796dia.pdf","DEPUTADO RENATO HINNIG sim","diario_oficial","brutos/diarios/6796dia.pdf","alta","data_raw/assembleias3/SC/composicao_final.csv",TRUE
"SC","2010","2014-12-17","M2010_SC_7_15444_240000000300","Carlos Chiodini","em_exercicio","http://www2.alesc.sc.gov.br/diarios/pdf/6796dia.pdf","DEPUTADO CARLOS CHIODINI sim","diario_oficial","brutos/diarios/6796dia.pdf","alta","data_raw/assembleias3/SC/composicao_final.csv",TRUE
"SC","2010","2014-12-17","M2010_SC_7_15700_240000000299","Antônio Aguiar","em_exercicio","http://www2.alesc.sc.gov.br/diarios/pdf/6796dia.pdf","DEPUTADO ANTÔNIO AGUIAR sim","diario_oficial","brutos/diarios/6796dia.pdf","alta","data_raw/assembleias3/SC/composicao_final.csv",TRUE
"SC","2010","2014-12-17","M2010_SC_7_23122_240000000049","Altair Guidi","em_exercicio","http://www2.alesc.sc.gov.br/diarios/pdf/6796dia.pdf","DEPUTADO ALTAIR GUIDI","diario_oficial","brutos/diarios/6796dia.pdf","alta","data_raw/assembleias3/SC/composicao_final.csv",TRUE
"SC","2010","2014-12-17","M2010_SC_7_25000_240000000344","Darci De Matos","em_exercicio","http://www2.alesc.sc.gov.br/diarios/pdf/6796dia.pdf","DEPUTADO DARCI DE MATOS não","diario_oficial","brutos/diarios/6796dia.pdf","alta","data_raw/assembleias3/SC/composicao_final.csv",TRUE
"SC","2010","2014-12-17","M2010_SC_7_25111_240000000355","José Nei Ascari","em_exercicio","http://www2.alesc.sc.gov.br/diarios/pdf/6796dia.pdf","DEPUTADO JOSÉ NEI ASCARI","diario_oficial","brutos/diarios/6796dia.pdf","alta","data_raw/assembleias3/SC/composicao_final.csv",TRUE
"SC","2010","2014-12-17","M2010_SC_7_25123_240000000349","Gelson Merisio","em_exercicio","http://www2.alesc.sc.gov.br/diarios/pdf/6796dia.pdf","DEPUTADO GELSON MERISIO","diario_oficial","brutos/diarios/6796dia.pdf","alta","data_raw/assembleias3/SC/composicao_final.csv",TRUE
"SC","2010","2014-12-17","M2010_SC_7_25605_240000000352","Jean Kuhlmann","em_exercicio","http://www2.alesc.sc.gov.br/diarios/pdf/6796dia.pdf","DEPUTADO JEAN KUHLMANN sim","diario_oficial","brutos/diarios/6796dia.pdf","alta","data_raw/assembleias3/SC/composicao_final.csv",TRUE
"SC","2010","2014-12-17","M2010_SC_7_25777_240000000351","Ismael Dos Santos","em_exercicio","http://www2.alesc.sc.gov.br/diarios/pdf/6796dia.pdf","DEPUTADO ISMAEL DOS SANTOS sim","diario_oficial","brutos/diarios/6796dia.pdf","alta","data_raw/assembleias3/SC/composicao_final.csv",TRUE
"SC","2010","2014-11-07","M2010_SC_7_25800_240000000354","Jorge Teixeira","licenciado","http://www2.alesc.sc.gov.br/diarios/pdf/6753dia.pdf","Respeitosamente, JORGE TEIXEIRA Secretário de Estado da Assistência Social","diario_oficial","brutos/diarios/6753dia.pdf","media","data_raw/assembleias3/SC/composicao_final.csv",TRUE
"SC","2010","2014-12-17","M2010_SC_7_45111_240000000262","Dóia Guglielmi","em_exercicio","http://www2.alesc.sc.gov.br/diarios/pdf/6796dia.pdf","DEPUTADO DÓIA GUGLIELMI sim","diario_oficial","brutos/diarios/6796dia.pdf","alta","data_raw/assembleias3/SC/composicao_final.csv",TRUE
"SC","2010","2014-12-17","M2010_SC_7_45145_240000000263","Serafim Venzon","em_exercicio","http://www2.alesc.sc.gov.br/diarios/pdf/6796dia.pdf","DEPUTADO SERAFIM VENZON sim","diario_oficial","brutos/diarios/6796dia.pdf","alta","data_raw/assembleias3/SC/composicao_final.csv",TRUE
"SC","2010","2014-12-17","M2010_SC_7_45222_240000000274","Gilmar Knaesel","em_exercicio","http://www2.alesc.sc.gov.br/diarios/pdf/6796dia.pdf","DEPUTADO GILMAR KNAESEL","diario_oficial","brutos/diarios/6796dia.pdf","alta","data_raw/assembleias3/SC/composicao_final.csv",TRUE
"SC","2010","2014-12-17","M2010_SC_7_45699_240000000282","Marcos Vieira","em_exercicio","http://www2.alesc.sc.gov.br/diarios/pdf/6796dia.pdf","DEPUTADO MARCOS VIEIRA sim","diario_oficial","brutos/diarios/6796dia.pdf","alta","data_raw/assembleias3/SC/composicao_final.csv",TRUE
"SC","2010","2014-12-17","M2010_SC_7_45777_240000000287","Nilson Gonçalves","em_exercicio","http://www2.alesc.sc.gov.br/diarios/pdf/6796dia.pdf","DEPUTADO NILSON GONÇALVES","diario_oficial","brutos/diarios/6796dia.pdf","alta","data_raw/assembleias3/SC/composicao_final.csv",TRUE
"SC","2010","2014-12-17","M2010_SC_7_65123_240000000420","Angela Albino","em_exercicio","http://www2.alesc.sc.gov.br/diarios/pdf/6796dia.pdf","DEPUTADA ANGELA ALBINO sim","diario_oficial","brutos/diarios/6796dia.pdf","alta","data_raw/assembleias3/SC/composicao_final.csv",TRUE
"SC","2014","2019-01-31","M2014_SC_7_11166_240000000437","VALMIR FRANCISCO COMIN","em_exercicio","https://transparencia.alesc.sc.gov.br/deputados?ano=2019&mes=1","VALMIR FRANCISCO COMIN 01/2019 Remuneração","portal_casa","brutos/folha/deputados_2019_01.html","alta","data_raw/assembleias3/SC/composicao_final.csv",TRUE
"SC","2014","2019-01-31","M2014_SC_7_11234_240000000427","JOSE MILTON SCHEFFER","em_exercicio","https://transparencia.alesc.sc.gov.br/deputados?ano=2019&mes=1","JOSE MILTON SCHEFFER 01/2019 Remuneração","portal_casa","brutos/folha/deputados_2019_01.html","alta","data_raw/assembleias3/SC/composicao_final.csv",TRUE
"SC","2014","2019-01-31","M2014_SC_7_11311_240000000425","SILVIO DREVECK","em_exercicio","https://transparencia.alesc.sc.gov.br/deputados?ano=2019&mes=1","SILVIO DREVECK 01/2019 Remuneração","portal_casa","brutos/folha/deputados_2019_01.html","alta","data_raw/assembleias3/SC/composicao_final.csv",TRUE
"SC","2014","2019-01-31","M2014_SC_7_11333_240000000441","JOAO ANTONIO HEINZEN AMIN HELOU","em_exercicio","https://transparencia.alesc.sc.gov.br/deputados?ano=2019&mes=1","JOAO ANTONIO HEINZEN AMIN HELOU 01/2019 Remuneração","portal_casa","brutos/folha/deputados_2019_01.html","alta","data_raw/assembleias3/SC/composicao_final.csv",TRUE
"SC","2014","2019-01-31","M2014_SC_7_12345_240000000340","RODRIGO MINOTTO","em_exercicio","https://transparencia.alesc.sc.gov.br/deputados?ano=2019&mes=1","RODRIGO MINOTTO 01/2019 Remuneração","portal_casa","brutos/folha/deputados_2019_01.html","alta","data_raw/assembleias3/SC/composicao_final.csv",TRUE
"SC","2014","2019-01-31","M2014_SC_7_13120_240000000147","NEODI SARETTA","em_exercicio","https://transparencia.alesc.sc.gov.br/deputados?ano=2019&mes=1","NEODI SARETTA 01/2019 Remuneração","portal_casa","brutos/folha/deputados_2019_01.html","alta","data_raw/assembleias3/SC/composicao_final.csv",TRUE
"SC","2014","2019-01-31","M2014_SC_7_13313_240000000149","ANA PAULA DE SOUZA LIMA","em_exercicio","https://transparencia.alesc.sc.gov.br/deputados?ano=2019&mes=1","ANA PAULA DE SOUZA LIMA 01/2019 Remuneração","portal_casa","brutos/folha/deputados_2019_01.html","alta","data_raw/assembleias3/SC/composicao_final.csv",TRUE
"SC","2014","2019-01-31","M2014_SC_7_13450_240000000143","DIRCEU LUIZ DRESCH","em_exercicio","https://transparencia.alesc.sc.gov.br/deputados?ano=2019&mes=1","DIRCEU LUIZ DRESCH 01/2019 Remuneração","portal_casa","brutos/folha/deputados_2019_01.html","alta","data_raw/assembleias3/SC/composicao_final.csv",TRUE
"SC","2014","2019-01-31","M2014_SC_7_13601_240000000145","LUCIANE CARMINATTI","em_exercicio","https://transparencia.alesc.sc.gov.br/deputados?ano=2019&mes=1","LUCIANE CARMINATTI 01/2019 Remuneração","portal_casa","brutos/folha/deputados_2019_01.html","alta","data_raw/assembleias3/SC/composicao_final.csv",TRUE
"SC","2014","2019-01-31","M2014_SC_7_13987_240000000161","PEDRO BALDISSERA","em_exercicio","https://transparencia.alesc.sc.gov.br/deputados?ano=2019&mes=1","PEDRO BALDISSERA 01/2019 Remuneração","portal_casa","brutos/folha/deputados_2019_01.html","alta","data_raw/assembleias3/SC/composicao_final.csv",TRUE
"SC","2014","2019-01-31","M2014_SC_7_15015_240000000270","ADA DE LUCA","em_exercicio","https://transparencia.alesc.sc.gov.br/deputados?ano=2019&mes=1","ADA DE LUCA 01/2019 Remuneração","portal_casa","brutos/folha/deputados_2019_01.html","alta","data_raw/assembleias3/SC/composicao_final.csv",TRUE
"SC","2014","2019-01-31","M2014_SC_7_15180_240000000308","MOACIR SOPELSA","em_exercicio","https://transparencia.alesc.sc.gov.br/deputados?ano=2019&mes=1","MOACIR SOPELSA 01/2019 Remuneração","portal_casa","brutos/folha/deputados_2019_01.html","alta","data_raw/assembleias3/SC/composicao_final.csv",TRUE
"SC","2014","2019-01-31","M2014_SC_7_15200_240000000299","VALDIR VITAL COBALCHINI","em_exercicio","https://transparencia.alesc.sc.gov.br/deputados?ano=2019&mes=1","VALDIR VITAL COBALCHINI 01/2019 Remuneração","portal_casa","brutos/folha/deputados_2019_01.html","alta","data_raw/assembleias3/SC/composicao_final.csv",TRUE
"SC","2014","2019-01-31","M2014_SC_7_15220_240000000286","MAURO DE NADAL","em_exercicio","https://transparencia.alesc.sc.gov.br/deputados?ano=2019&mes=1","MAURO DE NADAL 01/2019 Remuneração","portal_casa","brutos/folha/deputados_2019_01.html","alta","data_raw/assembleias3/SC/composicao_final.csv",TRUE
"SC","2014","2019-01-31","M2014_SC_7_15234_240000000278","DIRCE APARECIDA HEIDERSCHEIDT","em_exercicio","https://transparencia.alesc.sc.gov.br/deputados?ano=2019&mes=1","DIRCE APARECIDA HEIDERSCHEIDT 01/2019 Remuneração","portal_casa","brutos/folha/deputados_2019_01.html","alta","data_raw/assembleias3/SC/composicao_final.csv",TRUE
"SC","2014","2019-01-31","M2014_SC_7_15270_240000000307","ROMILDO TITON","em_exercicio","https://transparencia.alesc.sc.gov.br/deputados?ano=2019&mes=1","ROMILDO TITON 01/2019 Remuneração","portal_casa","brutos/folha/deputados_2019_01.html","alta","data_raw/assembleias3/SC/composicao_final.csv",TRUE
"SC","2014","2019-01-31","M2014_SC_7_15444_240000000273","CARLOS ALBERTO CHIODINI","em_exercicio","https://transparencia.alesc.sc.gov.br/deputados?ano=2019&mes=1","CARLOS ALBERTO CHIODINI 01/2019 Remuneração","portal_casa","brutos/folha/deputados_2019_01.html","alta","data_raw/assembleias3/SC/composicao_final.csv",TRUE
"SC","2014","2019-01-31","M2014_SC_7_15700_240000000272","ANTONIO MAURO RODRIGUES DE AGUIAR","em_exercicio","https://transparencia.alesc.sc.gov.br/deputados?ano=2019&mes=1","ANTONIO MAURO RODRIGUES DE AGUIAR 01/2019 Remuneração","portal_casa","brutos/folha/deputados_2019_01.html","alta","data_raw/assembleias3/SC/composicao_final.csv",TRUE
"SC","2014","2019-01-31","M2014_SC_7_22225_240000000101","NATALINO LAZARE","em_exercicio","https://transparencia.alesc.sc.gov.br/deputados?ano=2019&mes=1","NATALINO LAZARE 01/2019 Remuneração","portal_casa","brutos/folha/deputados_2019_01.html","alta","data_raw/assembleias3/SC/composicao_final.csv",TRUE
"SC","2014","2019-01-31","M2014_SC_7_22580_240000000102","MARIO MARCONDES NASCIMENTO","em_exercicio","https://transparencia.alesc.sc.gov.br/deputados?ano=2019&mes=1","MARIO MARCONDES NASCIMENTO 01/2019 Remuneração","portal_casa","brutos/folha/deputados_2019_01.html","alta","data_raw/assembleias3/SC/composicao_final.csv",TRUE
"SC","2014","2019-01-31","M2014_SC_7_23456_240000000567","RICARDO ZANATTA GUIDI","em_exercicio","https://transparencia.alesc.sc.gov.br/deputados?ano=2019&mes=1","RICARDO ZANATTA GUIDI 01/2019 Remuneração","portal_casa","brutos/folha/deputados_2019_01.html","alta","data_raw/assembleias3/SC/composicao_final.csv",TRUE
"SC","2014","2019-01-31","M2014_SC_7_25104_240000000291","NARCIZO LUIZ PARISOTTO","em_exercicio","https://transparencia.alesc.sc.gov.br/deputados?ano=2019&mes=1","NARCIZO LUIZ PARISOTTO 01/2019 Remuneração","portal_casa","brutos/folha/deputados_2019_01.html","alta","data_raw/assembleias3/SC/composicao_final.csv",TRUE
"SC","2014","2019-01-31","M2014_SC_7_40110_240000000522","CLAITON SALVARO BROLESSI","em_exercicio","https://transparencia.alesc.sc.gov.br/deputados?ano=2019&mes=1","CLAITON SALVARO BROLESSI 01/2019 Remuneração","portal_casa","brutos/folha/deputados_2019_01.html","alta","data_raw/assembleias3/SC/composicao_final.csv",TRUE
"SC","2014","2019-01-31","M2014_SC_7_40123_240000000539","PATRICIO CARLOS DESTRO","em_exercicio","https://transparencia.alesc.sc.gov.br/deputados?ano=2019&mes=1","PATRICIO CARLOS DESTRO 01/2019 Remuneração","portal_casa","brutos/folha/deputados_2019_01.html","alta","data_raw/assembleias3/SC/composicao_final.csv",TRUE
"SC","2014","2019-01-31","M2014_SC_7_45145_240000000374","ANTONIO SERAFIM VENZON","em_exercicio","https://transparencia.alesc.sc.gov.br/deputados?ano=2019&mes=1","ANTONIO SERAFIM VENZON 01/2019 Remuneração","portal_casa","brutos/folha/deputados_2019_01.html","alta","data_raw/assembleias3/SC/composicao_final.csv",TRUE
"SC","2014","2019-01-31","M2014_SC_7_45678_240000000393","LEONEL ARCANGELO PAVAN","em_exercicio","https://transparencia.alesc.sc.gov.br/deputados?ano=2019&mes=1","LEONEL ARCANGELO PAVAN 01/2019 Remuneração","portal_casa","brutos/folha/deputados_2019_01.html","alta","data_raw/assembleias3/SC/composicao_final.csv",TRUE
"SC","2014","2019-01-31","M2014_SC_7_45699_240000000399","MARCOS VIEIRA","em_exercicio","https://transparencia.alesc.sc.gov.br/deputados?ano=2019&mes=1","MARCOS VIEIRA 01/2019 Remuneração","portal_casa","brutos/folha/deputados_2019_01.html","alta","data_raw/assembleias3/SC/composicao_final.csv",TRUE
"SC","2014","2019-01-31","M2014_SC_7_45999_240000000413","DR VICENTE CAROPRESO","em_exercicio","https://transparencia.alesc.sc.gov.br/deputados?ano=2019&mes=1","DR VICENTE CAROPRESO 01/2019 Remuneração","portal_casa","brutos/folha/deputados_2019_01.html","alta","data_raw/assembleias3/SC/composicao_final.csv",TRUE
"SC","2014","2019-01-31","M2014_SC_7_55000_240000000253","DARCI DE MATOS","em_exercicio","https://transparencia.alesc.sc.gov.br/deputados?ano=2019&mes=1","DARCI DE MATOS 01/2019 Remuneração","portal_casa","brutos/folha/deputados_2019_01.html","alta","data_raw/assembleias3/SC/composicao_final.csv",TRUE
"SC","2014","2019-01-31","M2014_SC_7_55100_240000000252","CLARIKENNEDY NUNES","em_exercicio","https://transparencia.alesc.sc.gov.br/deputados?ano=2019&mes=1","CLARIKENNEDY NUNES 01/2019 Remuneração","portal_casa","brutos/folha/deputados_2019_01.html","alta","data_raw/assembleias3/SC/composicao_final.csv",TRUE
"SC","2014","2019-01-31","M2014_SC_7_55123_240000000255","GELSON LUIZ MERISIO","em_exercicio","https://transparencia.alesc.sc.gov.br/deputados?ano=2019&mes=1","GELSON LUIZ MERISIO 01/2019 Remuneração","portal_casa","brutos/folha/deputados_2019_01.html","alta","data_raw/assembleias3/SC/composicao_final.csv",TRUE
"SC","2014","2019-01-31","M2014_SC_7_55282_240000000254","GABRIEL SELL RIBEIRO","em_exercicio","https://transparencia.alesc.sc.gov.br/deputados?ano=2019&mes=1","GABRIEL SELL RIBEIRO 01/2019 Remuneração","portal_casa","brutos/folha/deputados_2019_01.html","alta","data_raw/assembleias3/SC/composicao_final.csv",TRUE
"SC","2014","2019-01-31","M2014_SC_7_55555_240000000259","MAURICIO JOSE ESKUDLARK","em_exercicio","https://transparencia.alesc.sc.gov.br/deputados?ano=2019&mes=1","MAURICIO JOSE ESKUDLARK 01/2019 Remuneração","portal_casa","brutos/folha/deputados_2019_01.html","alta","data_raw/assembleias3/SC/composicao_final.csv",TRUE
"SC","2014","2019-01-31","M2014_SC_7_55777_240000000256","ISMAEL DOS SANTOS","em_exercicio","https://transparencia.alesc.sc.gov.br/deputados?ano=2019&mes=1","ISMAEL DOS SANTOS 01/2019 Remuneração","portal_casa","brutos/folha/deputados_2019_01.html","alta","data_raw/assembleias3/SC/composicao_final.csv",TRUE
"SC","2014","2019-01-31","M2014_SC_7_55800_240000000257","JEAN JACKSON KUHLMANN","em_exercicio","https://transparencia.alesc.sc.gov.br/deputados?ano=2019&mes=1","JEAN JACKSON KUHLMANN 01/2019 Remuneração","portal_casa","brutos/folha/deputados_2019_01.html","alta","data_raw/assembleias3/SC/composicao_final.csv",TRUE
"SC","2014","2019-01-31","M2014_SC_7_55858_240000000260","MILTON HOBUS","em_exercicio","https://transparencia.alesc.sc.gov.br/deputados?ano=2019&mes=1","MILTON HOBUS 01/2019 Remuneração","portal_casa","brutos/folha/deputados_2019_01.html","alta","data_raw/assembleias3/SC/composicao_final.csv",TRUE
"SC","2014","2019-01-31","M2014_SC_7_65123_240000000332","CESAR ANTONIO VALDUGA","em_exercicio","https://transparencia.alesc.sc.gov.br/deputados?ano=2019&mes=1","CESAR ANTONIO VALDUGA 01/2019 Remuneração","portal_casa","brutos/folha/deputados_2019_01.html","alta","data_raw/assembleias3/SC/composicao_final.csv",TRUE
"SC","2018","2023-01-31","M2018_SC_7_10123_240000619078","SERGIO MOTTA","em_exercicio","https://transparencia.alesc.sc.gov.br/deputados?ano=2023&mes=1","SERGIO MOTTA 01/2023 Remuneração","portal_casa","brutos/folha/deputados_2023_01.html","alta","data_raw/assembleias3/SC/composicao_final.csv",TRUE
"SC","2018","2023-01-31","M2018_SC_7_11130_240000627262","ALTAIR SILVA","em_exercicio","https://transparencia.alesc.sc.gov.br/deputados?ano=2023&mes=1","ALTAIR SILVA 01/2023 Remuneração","portal_casa","brutos/folha/deputados_2023_01.html","alta","data_raw/assembleias3/SC/composicao_final.csv",TRUE
"SC","2018","2023-01-31","M2018_SC_7_11234_240000627271","JOSE MILTON SCHEFFER","em_exercicio","https://transparencia.alesc.sc.gov.br/deputados?ano=2023&mes=1","JOSE MILTON SCHEFFER 01/2023 Remuneração","portal_casa","brutos/folha/deputados_2023_01.html","alta","data_raw/assembleias3/SC/composicao_final.csv",TRUE
"SC","2018","2023-01-31","M2018_SC_7_11333_240000627272","JOAO ANTONIO HEINZEN AMIN HELOU","em_exercicio","https://transparencia.alesc.sc.gov.br/deputados?ano=2023&mes=1","JOAO ANTONIO HEINZEN AMIN HELOU 01/2023 Remuneração","portal_casa","brutos/folha/deputados_2023_01.html","alta","data_raw/assembleias3/SC/composicao_final.csv",TRUE
"SC","2018","2023-01-31","M2018_SC_7_12012_240000622579","PAULINHA","em_exercicio","https://transparencia.alesc.sc.gov.br/deputados?ano=2023&mes=1","PAULINHA 01/2023 Remuneração","portal_casa","brutos/folha/deputados_2023_01.html","alta","data_raw/assembleias3/SC/composicao_final.csv",TRUE
"SC","2018","2023-01-31","M2018_SC_7_12345_240000622590","RODRIGO MINOTTO","em_exercicio","https://transparencia.alesc.sc.gov.br/deputados?ano=2023&mes=1","RODRIGO MINOTTO 01/2023 Remuneração","portal_casa","brutos/folha/deputados_2023_01.html","alta","data_raw/assembleias3/SC/composicao_final.csv",TRUE
"SC","2018","2023-01-31","M2018_SC_7_13120_240000624375","NEODI SARETTA","em_exercicio","https://transparencia.alesc.sc.gov.br/deputados?ano=2023&mes=1","NEODI SARETTA 01/2023 Remuneração","portal_casa","brutos/folha/deputados_2023_01.html","alta","data_raw/assembleias3/SC/composicao_final.csv",TRUE
"SC","2018","2023-01-31","M2018_SC_7_13450_240000624371","FABIANO DA LUZ","em_exercicio","https://transparencia.alesc.sc.gov.br/deputados?ano=2023&mes=1","FABIANO DA LUZ 01/2023 Remuneração","portal_casa","brutos/folha/deputados_2023_01.html","alta","data_raw/assembleias3/SC/composicao_final.csv",TRUE
"SC","2018","2023-01-31","M2018_SC_7_13601_240000624373","LUCIANE CARMINATTI","em_exercicio","https://transparencia.alesc.sc.gov.br/deputados?ano=2023&mes=1","LUCIANE CARMINATTI 01/2023 Remuneração","portal_casa","brutos/folha/deputados_2023_01.html","alta","data_raw/assembleias3/SC/composicao_final.csv",TRUE
"SC","2018","2023-01-31","M2018_SC_7_13987_240000624361","PEDRO BALDISSERA","em_exercicio","https://transparencia.alesc.sc.gov.br/deputados?ano=2023&mes=1","PEDRO BALDISSERA 01/2023 Remuneração","portal_casa","brutos/folha/deputados_2023_01.html","alta","data_raw/assembleias3/SC/composicao_final.csv",TRUE
"SC","2018","2023-01-31","M2018_SC_7_15000_240000609583","VOLNEI WEBER","em_exercicio","https://transparencia.alesc.sc.gov.br/deputados?ano=2023&mes=1","VOLNEI WEBER 01/2023 Remuneração","portal_casa","brutos/folha/deputados_2023_01.html","alta","data_raw/assembleias3/SC/composicao_final.csv",TRUE
"SC","2018","2023-01-31","M2018_SC_7_15010_240000609569","JERRY COMPER","em_exercicio","https://transparencia.alesc.sc.gov.br/deputados?ano=2023&mes=1","JERRY COMPER 01/2023 Remuneração","portal_casa","brutos/folha/deputados_2023_01.html","alta","data_raw/assembleias3/SC/composicao_final.csv",TRUE
"SC","2018","2023-01-31","M2018_SC_7_15015_240000609562","ADA DE LUCA","em_exercicio","https://transparencia.alesc.sc.gov.br/deputados?ano=2023&mes=1","ADA DE LUCA 01/2023 Remuneração","portal_casa","brutos/folha/deputados_2023_01.html","alta","data_raw/assembleias3/SC/composicao_final.csv",TRUE
"SC","2018","2023-01-31","M2018_SC_7_15150_240000609585","LUIZ FERNANDO VAMPIRO","em_exercicio","https://transparencia.alesc.sc.gov.br/deputados?ano=2023&mes=1","LUIZ FERNANDO VAMPIRO 01/2023 Remuneração","portal_casa","brutos/folha/deputados_2023_01.html","alta","data_raw/assembleias3/SC/composicao_final.csv",TRUE
"SC","2018","2023-01-31","M2018_SC_7_15180_240000609576","MOACIR SOPELSA","em_exercicio","https://transparencia.alesc.sc.gov.br/deputados?ano=2023&mes=1","MOACIR SOPELSA 01/2023 Remuneração","portal_casa","brutos/folha/deputados_2023_01.html","alta","data_raw/assembleias3/SC/composicao_final.csv",TRUE
"SC","2018","2023-01-31","M2018_SC_7_15200_240000609581","VALDIR VITAL COBALCHINI","em_exercicio","https://transparencia.alesc.sc.gov.br/deputados?ano=2023&mes=1","VALDIR VITAL COBALCHINI 01/2023 Remuneração","portal_casa","brutos/folha/deputados_2023_01.html","alta","data_raw/assembleias3/SC/composicao_final.csv",TRUE
"SC","2018","2023-01-31","M2018_SC_7_15220_240000609575","MAURO DE NADAL","em_exercicio","https://transparencia.alesc.sc.gov.br/deputados?ano=2023&mes=1","MAURO DE NADAL 01/2023 Remuneração","portal_casa","brutos/folha/deputados_2023_01.html","alta","data_raw/assembleias3/SC/composicao_final.csv",TRUE
"SC","2018","2023-01-31","M2018_SC_7_15270_240000609578","ROMILDO TITON","em_exercicio","https://transparencia.alesc.sc.gov.br/deputados?ano=2023&mes=1","ROMILDO TITON 01/2023 Remuneração","portal_casa","brutos/folha/deputados_2023_01.html","alta","data_raw/assembleias3/SC/composicao_final.csv",TRUE
"SC","2018","2023-01-31","M2018_SC_7_15655_240000609568","FERNANDO KRELLING","em_exercicio","https://transparencia.alesc.sc.gov.br/deputados?ano=2023&mes=1","FERNANDO KRELLING 01/2023 Remuneração","portal_casa","brutos/folha/deputados_2023_01.html","alta","data_raw/assembleias3/SC/composicao_final.csv",TRUE
"SC","2018","2023-01-31","M2018_SC_7_17010_240000609687","JESSE LOPES","em_exercicio","https://transparencia.alesc.sc.gov.br/deputados?ano=2023&mes=1","JESSE LOPES 01/2023 Remuneração","portal_casa","brutos/folha/deputados_2023_01.html","alta","data_raw/assembleias3/SC/composicao_final.csv",TRUE
"SC","2018","2023-01-31","M2018_SC_7_17017_240000609693","RICARDO ALBA","em_exercicio","https://transparencia.alesc.sc.gov.br/deputados?ano=2023&mes=1","RICARDO ALBA 01/2023 Remuneração","portal_casa","brutos/folha/deputados_2023_01.html","alta","data_raw/assembleias3/SC/composicao_final.csv",TRUE
"SC","2018","2023-01-31","M2018_SC_7_17107_240000609675","SARGENTO LIMA","em_exercicio","https://transparencia.alesc.sc.gov.br/deputados?ano=2023&mes=1","SARGENTO LIMA 01/2023 Remuneração","portal_casa","brutos/folha/deputados_2023_01.html","alta","data_raw/assembleias3/SC/composicao_final.csv",TRUE
"SC","2018","2023-01-31","M2018_SC_7_17193_240000609691","CORONEL MOCELLIN","em_exercicio","https://transparencia.alesc.sc.gov.br/deputados?ano=2023&mes=1","CORONEL MOCELLIN 01/2023 Remuneração","portal_casa","brutos/folha/deputados_2023_01.html","alta","data_raw/assembleias3/SC/composicao_final.csv",TRUE
"SC","2018","2023-01-31","M2018_SC_7_17771_240000609673","ANA CAMPAGNOLO","em_exercicio","https://transparencia.alesc.sc.gov.br/deputados?ano=2023&mes=1","ANA CAMPAGNOLO 01/2023 Remuneração","portal_casa","brutos/folha/deputados_2023_01.html","alta","data_raw/assembleias3/SC/composicao_final.csv",TRUE
"SC","2018","2023-01-31","M2018_SC_7_17777_240000609681","FELIPE ESTEVAO","em_exercicio","https://transparencia.alesc.sc.gov.br/deputados?ano=2023&mes=1","FELIPE ESTEVAO 01/2023 Remuneração","portal_casa","brutos/folha/deputados_2023_01.html","alta","data_raw/assembleias3/SC/composicao_final.csv",TRUE
"SC","2018","2023-01-31","M2018_SC_7_20104_240000627253","JAIR MIOTTO","em_exercicio","https://transparencia.alesc.sc.gov.br/deputados?ano=2023&mes=1","JAIR MIOTTO 01/2023 Remuneração","portal_casa","brutos/folha/deputados_2023_01.html","alta","data_raw/assembleias3/SC/composicao_final.csv",TRUE
"SC","2018","2023-01-31","M2018_SC_7_22022_240000609796","BERLANDA","em_exercicio","https://transparencia.alesc.sc.gov.br/deputados?ano=2023&mes=1","BERLANDA 01/2023 Remuneração","portal_casa","brutos/folha/deputados_2023_01.html","alta","data_raw/assembleias3/SC/composicao_final.csv",TRUE
"SC","2018","2023-01-31","M2018_SC_7_22123_240000609792","MARCIUS MACHADO","em_exercicio","https://transparencia.alesc.sc.gov.br/deputados?ano=2023&mes=1","MARCIUS MACHADO 01/2023 Remuneração","portal_casa","brutos/folha/deputados_2023_01.html","alta","data_raw/assembleias3/SC/composicao_final.csv",TRUE
"SC","2018","2023-01-31","M2018_SC_7_22222_240000609795","MAURICIO JOSE ESKUDLARK","em_exercicio","https://transparencia.alesc.sc.gov.br/deputados?ano=2023&mes=1","MAURICIO JOSE ESKUDLARK 01/2023 Remuneração","portal_casa","brutos/folha/deputados_2023_01.html","alta","data_raw/assembleias3/SC/composicao_final.csv",TRUE
"SC","2018","2023-01-31","M2018_SC_7_40030_240000619051","BRUNO SOUZA","em_exercicio","https://transparencia.alesc.sc.gov.br/deputados?ano=2023&mes=1","BRUNO SOUZA 01/2023 Remuneração","portal_casa","brutos/folha/deputados_2023_01.html","alta","data_raw/assembleias3/SC/composicao_final.csv",TRUE
"SC","2018","2023-01-31","M2018_SC_7_40111_240000619059","LAERCIO SCHUSTER","em_exercicio","https://transparencia.alesc.sc.gov.br/deputados?ano=2023&mes=1","LAERCIO SCHUSTER 01/2023 Remuneração","portal_casa","brutos/folha/deputados_2023_01.html","alta","data_raw/assembleias3/SC/composicao_final.csv",TRUE
"SC","2018","2023-01-31","M2018_SC_7_40369_240000619063","NAZARENO MARTINS","em_exercicio","https://transparencia.alesc.sc.gov.br/deputados?ano=2023&mes=1","NAZARENO MARTINS 01/2023 Remuneração","portal_casa","brutos/folha/deputados_2023_01.html","alta","data_raw/assembleias3/SC/composicao_final.csv",TRUE
"SC","2018","2023-01-31","M2018_SC_7_43555_240000627333","IVAN NAATZ","em_exercicio","https://transparencia.alesc.sc.gov.br/deputados?ano=2023&mes=1","IVAN NAATZ 01/2023 Remuneração","portal_casa","brutos/folha/deputados_2023_01.html","alta","data_raw/assembleias3/SC/composicao_final.csv",TRUE
"SC","2018","2023-01-31","M2018_SC_7_45699_240000609608","MARCOS VIEIRA","em_exercicio","https://transparencia.alesc.sc.gov.br/deputados?ano=2023&mes=1","MARCOS VIEIRA 01/2023 Remuneração","portal_casa","brutos/folha/deputados_2023_01.html","alta","data_raw/assembleias3/SC/composicao_final.csv",TRUE
"SC","2018","2023-01-31","M2018_SC_7_45999_240000609619","DR VICENTE CAROPRESO","em_exercicio","https://transparencia.alesc.sc.gov.br/deputados?ano=2023&mes=1","DR VICENTE CAROPRESO 01/2023 Remuneração","portal_casa","brutos/folha/deputados_2023_01.html","alta","data_raw/assembleias3/SC/composicao_final.csv",TRUE
"SC","2018","2023-01-31","M2018_SC_7_55100_240000627258","CLARIKENNEDY NUNES","em_exercicio","https://transparencia.alesc.sc.gov.br/deputados?ano=2023&mes=1","CLARIKENNEDY NUNES 01/2023 Remuneração","portal_casa","brutos/folha/deputados_2023_01.html","alta","data_raw/assembleias3/SC/composicao_final.csv",TRUE
"SC","2018","2023-01-31","M2018_SC_7_55111_240000627250","JULIO GARCIA","em_exercicio","https://transparencia.alesc.sc.gov.br/deputados?ano=2023&mes=1","JULIO GARCIA 01/2023 Remuneração","portal_casa","brutos/folha/deputados_2023_01.html","alta","data_raw/assembleias3/SC/composicao_final.csv",TRUE
"SC","2018","2023-01-31","M2018_SC_7_55123_240000627242","MARLENE FENGLER","em_exercicio","https://transparencia.alesc.sc.gov.br/deputados?ano=2023&mes=1","MARLENE FENGLER 01/2023 Remuneração","portal_casa","brutos/folha/deputados_2023_01.html","alta","data_raw/assembleias3/SC/composicao_final.csv",TRUE
"SC","2018","2023-01-31","M2018_SC_7_55777_240000627237","ISMAEL DOS SANTOS","em_exercicio","https://transparencia.alesc.sc.gov.br/deputados?ano=2023&mes=1","ISMAEL DOS SANTOS 01/2023 Remuneração","portal_casa","brutos/folha/deputados_2023_01.html","alta","data_raw/assembleias3/SC/composicao_final.csv",TRUE
"SC","2018","2023-01-31","M2018_SC_7_55858_240000627238","MILTON HOBUS","em_exercicio","https://transparencia.alesc.sc.gov.br/deputados?ano=2023&mes=1","MILTON HOBUS 01/2023 Remuneração","portal_casa","brutos/folha/deputados_2023_01.html","alta","data_raw/assembleias3/SC/composicao_final.csv",TRUE
"TO","1998","2002-12-09","M1998_TO_7_11000_270002707110001","Cacildo Vasconcelos","em_exercicio","https://web.archive.org/web/20021209093706/http://www.al.to.gov.br:80/deputados/aldep.htm","Parlamentares Ângelo Agnolin PFL Cacildo Vasconcelos PPB Carlos Henrique Gaguim PTB Everaldo Barros PFL Fábio Martins PSDB Fabion Gomes PFL Geraldo Vaz PFL Gismar Gomes (sem partido) Iderval Silva PFL Igue do Vale PSDB Izidório Oliveira PL João Oliveira PPB João Renildo PFL José Augusto PSDB Josi Nunes PMDB Júlio Resplande PMDB Juarez Giovanetti PFL Laurez Moreira PPB Leide Pereira PPB Manoel Bueno PFL Marcelo Miranda PFL Nezinho Alencar PFL Palmeri Bezerra PL Raimundo Moreira PFL Vicentinho Alves PFL","wayback_portal_casa","brutos/wayback/al_to_gov_br_20021209093706_deputados_aldep.htm","media","data_raw/assembleias3/TO/composicao_final.csv",TRUE
"TO","1998","2002-12-09","M1998_TO_7_11101_270002707111011","João Oliveira","em_exercicio","https://web.archive.org/web/20021209093706/http://www.al.to.gov.br:80/deputados/aldep.htm","Parlamentares Ângelo Agnolin PFL Cacildo Vasconcelos PPB Carlos Henrique Gaguim PTB Everaldo Barros PFL Fábio Martins PSDB Fabion Gomes PFL Geraldo Vaz PFL Gismar Gomes (sem partido) Iderval Silva PFL Igue do Vale PSDB Izidório Oliveira PL João Oliveira PPB João Renildo PFL José Augusto PSDB Josi Nunes PMDB Júlio Resplande PMDB Juarez Giovanetti PFL Laurez Moreira PPB Leide Pereira PPB Manoel Bueno PFL Marcelo Miranda PFL Nezinho Alencar PFL Palmeri Bezerra PL Raimundo Moreira PFL Vicentinho Alves PFL","wayback_portal_casa","brutos/wayback/al_to_gov_br_20021209093706_deputados_aldep.htm","media","data_raw/assembleias3/TO/composicao_final.csv",TRUE
"TO","1998","2002-12-09","M1998_TO_7_11105_270002707111051","Geraldo Vaz","em_exercicio","https://web.archive.org/web/20021209093706/http://www.al.to.gov.br:80/deputados/aldep.htm","Parlamentares Ângelo Agnolin PFL Cacildo Vasconcelos PPB Carlos Henrique Gaguim PTB Everaldo Barros PFL Fábio Martins PSDB Fabion Gomes PFL Geraldo Vaz PFL Gismar Gomes (sem partido) Iderval Silva PFL Igue do Vale PSDB Izidório Oliveira PL João Oliveira PPB João Renildo PFL José Augusto PSDB Josi Nunes PMDB Júlio Resplande PMDB Juarez Giovanetti PFL Laurez Moreira PPB Leide Pereira PPB Manoel Bueno PFL Marcelo Miranda PFL Nezinho Alencar PFL Palmeri Bezerra PL Raimundo Moreira PFL Vicentinho Alves PFL","wayback_portal_casa","brutos/wayback/al_to_gov_br_20021209093706_deputados_aldep.htm","media","data_raw/assembleias3/TO/composicao_final.csv",TRUE
"TO","1998","2002-12-09","M1998_TO_7_11111_270002707111111","Laurez Moreira","em_exercicio","https://web.archive.org/web/20021209093706/http://www.al.to.gov.br:80/deputados/aldep.htm","Parlamentares Ângelo Agnolin PFL Cacildo Vasconcelos PPB Carlos Henrique Gaguim PTB Everaldo Barros PFL Fábio Martins PSDB Fabion Gomes PFL Geraldo Vaz PFL Gismar Gomes (sem partido) Iderval Silva PFL Igue do Vale PSDB Izidório Oliveira PL João Oliveira PPB João Renildo PFL José Augusto PSDB Josi Nunes PMDB Júlio Resplande PMDB Juarez Giovanetti PFL Laurez Moreira PPB Leide Pereira PPB Manoel Bueno PFL Marcelo Miranda PFL Nezinho Alencar PFL Palmeri Bezerra PL Raimundo Moreira PFL Vicentinho Alves PFL","wayback_portal_casa","brutos/wayback/al_to_gov_br_20021209093706_deputados_aldep.htm","media","data_raw/assembleias3/TO/composicao_final.csv",TRUE
"TO","1998","2002-12-09","M1998_TO_7_11112_270002707111121","Gismar Gomes","em_exercicio","https://web.archive.org/web/20021209093706/http://www.al.to.gov.br:80/deputados/aldep.htm","Parlamentares Ângelo Agnolin PFL Cacildo Vasconcelos PPB Carlos Henrique Gaguim PTB Everaldo Barros PFL Fábio Martins PSDB Fabion Gomes PFL Geraldo Vaz PFL Gismar Gomes (sem partido) Iderval Silva PFL Igue do Vale PSDB Izidório Oliveira PL João Oliveira PPB João Renildo PFL José Augusto PSDB Josi Nunes PMDB Júlio Resplande PMDB Juarez Giovanetti PFL Laurez Moreira PPB Leide Pereira PPB Manoel Bueno PFL Marcelo Miranda PFL Nezinho Alencar PFL Palmeri Bezerra PL Raimundo Moreira PFL Vicentinho Alves PFL","wayback_portal_casa","brutos/wayback/al_to_gov_br_20021209093706_deputados_aldep.htm","media","data_raw/assembleias3/TO/composicao_final.csv",TRUE
"TO","1998","2002-12-09","M1998_TO_7_11222_270002707112221","Josi Nunes","em_exercicio","https://web.archive.org/web/20021209093706/http://www.al.to.gov.br:80/deputados/aldep.htm","Parlamentares Ângelo Agnolin PFL Cacildo Vasconcelos PPB Carlos Henrique Gaguim PTB Everaldo Barros PFL Fábio Martins PSDB Fabion Gomes PFL Geraldo Vaz PFL Gismar Gomes (sem partido) Iderval Silva PFL Igue do Vale PSDB Izidório Oliveira PL João Oliveira PPB João Renildo PFL José Augusto PSDB Josi Nunes PMDB Júlio Resplande PMDB Juarez Giovanetti PFL Laurez Moreira PPB Leide Pereira PPB Manoel Bueno PFL Marcelo Miranda PFL Nezinho Alencar PFL Palmeri Bezerra PL Raimundo Moreira PFL Vicentinho Alves PFL","wayback_portal_casa","brutos/wayback/al_to_gov_br_20021209093706_deputados_aldep.htm","media","data_raw/assembleias3/TO/composicao_final.csv",TRUE
"TO","1998","2002-12-09","M1998_TO_7_14666_270002707146661","Carlos Henrique Gaguim","em_exercicio","https://web.archive.org/web/20021209093706/http://www.al.to.gov.br:80/deputados/aldep.htm","Parlamentares Ângelo Agnolin PFL Cacildo Vasconcelos PPB Carlos Henrique Gaguim PTB Everaldo Barros PFL Fábio Martins PSDB Fabion Gomes PFL Geraldo Vaz PFL Gismar Gomes (sem partido) Iderval Silva PFL Igue do Vale PSDB Izidório Oliveira PL João Oliveira PPB João Renildo PFL José Augusto PSDB Josi Nunes PMDB Júlio Resplande PMDB Juarez Giovanetti PFL Laurez Moreira PPB Leide Pereira PPB Manoel Bueno PFL Marcelo Miranda PFL Nezinho Alencar PFL Palmeri Bezerra PL Raimundo Moreira PFL Vicentinho Alves PFL","wayback_portal_casa","brutos/wayback/al_to_gov_br_20021209093706_deputados_aldep.htm","media","data_raw/assembleias3/TO/composicao_final.csv",TRUE
"TO","1998","2002-12-09","M1998_TO_7_15111_270002707151111","José Augusto","em_exercicio","https://web.archive.org/web/20021209093706/http://www.al.to.gov.br:80/deputados/aldep.htm","Parlamentares Ângelo Agnolin PFL Cacildo Vasconcelos PPB Carlos Henrique Gaguim PTB Everaldo Barros PFL Fábio Martins PSDB Fabion Gomes PFL Geraldo Vaz PFL Gismar Gomes (sem partido) Iderval Silva PFL Igue do Vale PSDB Izidório Oliveira PL João Oliveira PPB João Renildo PFL José Augusto PSDB Josi Nunes PMDB Júlio Resplande PMDB Juarez Giovanetti PFL Laurez Moreira PPB Leide Pereira PPB Manoel Bueno PFL Marcelo Miranda PFL Nezinho Alencar PFL Palmeri Bezerra PL Raimundo Moreira PFL Vicentinho Alves PFL","wayback_portal_casa","brutos/wayback/al_to_gov_br_20021209093706_deputados_aldep.htm","media","data_raw/assembleias3/TO/composicao_final.csv",TRUE
"TO","1998","2002-12-09","M1998_TO_7_15112_270002707151121","Leide Pereira","em_exercicio","https://web.archive.org/web/20021209093706/http://www.al.to.gov.br:80/deputados/aldep.htm","Parlamentares Ângelo Agnolin PFL Cacildo Vasconcelos PPB Carlos Henrique Gaguim PTB Everaldo Barros PFL Fábio Martins PSDB Fabion Gomes PFL Geraldo Vaz PFL Gismar Gomes (sem partido) Iderval Silva PFL Igue do Vale PSDB Izidório Oliveira PL João Oliveira PPB João Renildo PFL José Augusto PSDB Josi Nunes PMDB Júlio Resplande PMDB Juarez Giovanetti PFL Laurez Moreira PPB Leide Pereira PPB Manoel Bueno PFL Marcelo Miranda PFL Nezinho Alencar PFL Palmeri Bezerra PL Raimundo Moreira PFL Vicentinho Alves PFL","wayback_portal_casa","brutos/wayback/al_to_gov_br_20021209093706_deputados_aldep.htm","media","data_raw/assembleias3/TO/composicao_final.csv",TRUE
"TO","1998","2002-12-09","M1998_TO_7_15113_270002707151131","Nezinho Alencar","em_exercicio","https://web.archive.org/web/20021209093706/http://www.al.to.gov.br:80/deputados/aldep.htm","Parlamentares Ângelo Agnolin PFL Cacildo Vasconcelos PPB Carlos Henrique Gaguim PTB Everaldo Barros PFL Fábio Martins PSDB Fabion Gomes PFL Geraldo Vaz PFL Gismar Gomes (sem partido) Iderval Silva PFL Igue do Vale PSDB Izidório Oliveira PL João Oliveira PPB João Renildo PFL José Augusto PSDB Josi Nunes PMDB Júlio Resplande PMDB Juarez Giovanetti PFL Laurez Moreira PPB Leide Pereira PPB Manoel Bueno PFL Marcelo Miranda PFL Nezinho Alencar PFL Palmeri Bezerra PL Raimundo Moreira PFL Vicentinho Alves PFL","wayback_portal_casa","brutos/wayback/al_to_gov_br_20021209093706_deputados_aldep.htm","media","data_raw/assembleias3/TO/composicao_final.csv",TRUE
"TO","1998","2002-12-09","M1998_TO_7_15123_270002707151231","Izidório Oliveira","em_exercicio","https://web.archive.org/web/20021209093706/http://www.al.to.gov.br:80/deputados/aldep.htm","Parlamentares Ângelo Agnolin PFL Cacildo Vasconcelos PPB Carlos Henrique Gaguim PTB Everaldo Barros PFL Fábio Martins PSDB Fabion Gomes PFL Geraldo Vaz PFL Gismar Gomes (sem partido) Iderval Silva PFL Igue do Vale PSDB Izidório Oliveira PL João Oliveira PPB João Renildo PFL José Augusto PSDB Josi Nunes PMDB Júlio Resplande PMDB Juarez Giovanetti PFL Laurez Moreira PPB Leide Pereira PPB Manoel Bueno PFL Marcelo Miranda PFL Nezinho Alencar PFL Palmeri Bezerra PL Raimundo Moreira PFL Vicentinho Alves PFL","wayback_portal_casa","brutos/wayback/al_to_gov_br_20021209093706_deputados_aldep.htm","media","data_raw/assembleias3/TO/composicao_final.csv",TRUE
"TO","1998","2002-12-09","M1998_TO_7_15153_270002707151531","Iderval Silva","em_exercicio","https://web.archive.org/web/20021209093706/http://www.al.to.gov.br:80/deputados/aldep.htm","Parlamentares Ângelo Agnolin PFL Cacildo Vasconcelos PPB Carlos Henrique Gaguim PTB Everaldo Barros PFL Fábio Martins PSDB Fabion Gomes PFL Geraldo Vaz PFL Gismar Gomes (sem partido) Iderval Silva PFL Igue do Vale PSDB Izidório Oliveira PL João Oliveira PPB João Renildo PFL José Augusto PSDB Josi Nunes PMDB Júlio Resplande PMDB Juarez Giovanetti PFL Laurez Moreira PPB Leide Pereira PPB Manoel Bueno PFL Marcelo Miranda PFL Nezinho Alencar PFL Palmeri Bezerra PL Raimundo Moreira PFL Vicentinho Alves PFL","wayback_portal_casa","brutos/wayback/al_to_gov_br_20021209093706_deputados_aldep.htm","media","data_raw/assembleias3/TO/composicao_final.csv",TRUE
"TO","1998","2002-12-09","M1998_TO_7_15155_270002707151551","Júlio Resplande","em_exercicio","https://web.archive.org/web/20021209093706/http://www.al.to.gov.br:80/deputados/aldep.htm","Parlamentares Ângelo Agnolin PFL Cacildo Vasconcelos PPB Carlos Henrique Gaguim PTB Everaldo Barros PFL Fábio Martins PSDB Fabion Gomes PFL Geraldo Vaz PFL Gismar Gomes (sem partido) Iderval Silva PFL Igue do Vale PSDB Izidório Oliveira PL João Oliveira PPB João Renildo PFL José Augusto PSDB Josi Nunes PMDB Júlio Resplande PMDB Juarez Giovanetti PFL Laurez Moreira PPB Leide Pereira PPB Manoel Bueno PFL Marcelo Miranda PFL Nezinho Alencar PFL Palmeri Bezerra PL Raimundo Moreira PFL Vicentinho Alves PFL","wayback_portal_casa","brutos/wayback/al_to_gov_br_20021209093706_deputados_aldep.htm","media","data_raw/assembleias3/TO/composicao_final.csv",TRUE
"TO","1998","2002-12-09","M1998_TO_7_22222_270002707222221","Palmeri Bezerra","em_exercicio","https://web.archive.org/web/20021209093706/http://www.al.to.gov.br:80/deputados/aldep.htm","Parlamentares Ângelo Agnolin PFL Cacildo Vasconcelos PPB Carlos Henrique Gaguim PTB Everaldo Barros PFL Fábio Martins PSDB Fabion Gomes PFL Geraldo Vaz PFL Gismar Gomes (sem partido) Iderval Silva PFL Igue do Vale PSDB Izidório Oliveira PL João Oliveira PPB João Renildo PFL José Augusto PSDB Josi Nunes PMDB Júlio Resplande PMDB Juarez Giovanetti PFL Laurez Moreira PPB Leide Pereira PPB Manoel Bueno PFL Marcelo Miranda PFL Nezinho Alencar PFL Palmeri Bezerra PL Raimundo Moreira PFL Vicentinho Alves PFL","wayback_portal_casa","brutos/wayback/al_to_gov_br_20021209093706_deputados_aldep.htm","media","data_raw/assembleias3/TO/composicao_final.csv",TRUE
"TO","1998","2002-12-09","M1998_TO_7_25105_270002707251051","João Renildo","em_exercicio","https://web.archive.org/web/20021209093706/http://www.al.to.gov.br:80/deputados/aldep.htm","Parlamentares Ângelo Agnolin PFL Cacildo Vasconcelos PPB Carlos Henrique Gaguim PTB Everaldo Barros PFL Fábio Martins PSDB Fabion Gomes PFL Geraldo Vaz PFL Gismar Gomes (sem partido) Iderval Silva PFL Igue do Vale PSDB Izidório Oliveira PL João Oliveira PPB João Renildo PFL José Augusto PSDB Josi Nunes PMDB Júlio Resplande PMDB Juarez Giovanetti PFL Laurez Moreira PPB Leide Pereira PPB Manoel Bueno PFL Marcelo Miranda PFL Nezinho Alencar PFL Palmeri Bezerra PL Raimundo Moreira PFL Vicentinho Alves PFL","wayback_portal_casa","brutos/wayback/al_to_gov_br_20021209093706_deputados_aldep.htm","media","data_raw/assembleias3/TO/composicao_final.csv",TRUE
"TO","1998","2002-12-09","M1998_TO_7_25111_270002707251111","Fabion Gomes","em_exercicio","https://web.archive.org/web/20021209093706/http://www.al.to.gov.br:80/deputados/aldep.htm","Parlamentares Ângelo Agnolin PFL Cacildo Vasconcelos PPB Carlos Henrique Gaguim PTB Everaldo Barros PFL Fábio Martins PSDB Fabion Gomes PFL Geraldo Vaz PFL Gismar Gomes (sem partido) Iderval Silva PFL Igue do Vale PSDB Izidório Oliveira PL João Oliveira PPB João Renildo PFL José Augusto PSDB Josi Nunes PMDB Júlio Resplande PMDB Juarez Giovanetti PFL Laurez Moreira PPB Leide Pereira PPB Manoel Bueno PFL Marcelo Miranda PFL Nezinho Alencar PFL Palmeri Bezerra PL Raimundo Moreira PFL Vicentinho Alves PFL","wayback_portal_casa","brutos/wayback/al_to_gov_br_20021209093706_deputados_aldep.htm","media","data_raw/assembleias3/TO/composicao_final.csv",TRUE
"TO","1998","2002-12-09","M1998_TO_7_25115_270002707251151","Raimundo Moreira","em_exercicio","https://web.archive.org/web/20021209093706/http://www.al.to.gov.br:80/deputados/aldep.htm","Parlamentares Ângelo Agnolin PFL Cacildo Vasconcelos PPB Carlos Henrique Gaguim PTB Everaldo Barros PFL Fábio Martins PSDB Fabion Gomes PFL Geraldo Vaz PFL Gismar Gomes (sem partido) Iderval Silva PFL Igue do Vale PSDB Izidório Oliveira PL João Oliveira PPB João Renildo PFL José Augusto PSDB Josi Nunes PMDB Júlio Resplande PMDB Juarez Giovanetti PFL Laurez Moreira PPB Leide Pereira PPB Manoel Bueno PFL Marcelo Miranda PFL Nezinho Alencar PFL Palmeri Bezerra PL Raimundo Moreira PFL Vicentinho Alves PFL","wayback_portal_casa","brutos/wayback/al_to_gov_br_20021209093706_deputados_aldep.htm","media","data_raw/assembleias3/TO/composicao_final.csv",TRUE
"TO","1998","2002-12-09","M1998_TO_7_25120_270002707251201","Manoel Bueno","em_exercicio","https://web.archive.org/web/20021209093706/http://www.al.to.gov.br:80/deputados/aldep.htm","Parlamentares Ângelo Agnolin PFL Cacildo Vasconcelos PPB Carlos Henrique Gaguim PTB Everaldo Barros PFL Fábio Martins PSDB Fabion Gomes PFL Geraldo Vaz PFL Gismar Gomes (sem partido) Iderval Silva PFL Igue do Vale PSDB Izidório Oliveira PL João Oliveira PPB João Renildo PFL José Augusto PSDB Josi Nunes PMDB Júlio Resplande PMDB Juarez Giovanetti PFL Laurez Moreira PPB Leide Pereira PPB Manoel Bueno PFL Marcelo Miranda PFL Nezinho Alencar PFL Palmeri Bezerra PL Raimundo Moreira PFL Vicentinho Alves PFL","wayback_portal_casa","brutos/wayback/al_to_gov_br_20021209093706_deputados_aldep.htm","media","data_raw/assembleias3/TO/composicao_final.csv",TRUE
"TO","1998","2002-12-09","M1998_TO_7_25123_270002707251231","Everaldo Barros","em_exercicio","https://web.archive.org/web/20021209093706/http://www.al.to.gov.br:80/deputados/aldep.htm","Parlamentares Ângelo Agnolin PFL Cacildo Vasconcelos PPB Carlos Henrique Gaguim PTB Everaldo Barros PFL Fábio Martins PSDB Fabion Gomes PFL Geraldo Vaz PFL Gismar Gomes (sem partido) Iderval Silva PFL Igue do Vale PSDB Izidório Oliveira PL João Oliveira PPB João Renildo PFL José Augusto PSDB Josi Nunes PMDB Júlio Resplande PMDB Juarez Giovanetti PFL Laurez Moreira PPB Leide Pereira PPB Manoel Bueno PFL Marcelo Miranda PFL Nezinho Alencar PFL Palmeri Bezerra PL Raimundo Moreira PFL Vicentinho Alves PFL","wayback_portal_casa","brutos/wayback/al_to_gov_br_20021209093706_deputados_aldep.htm","media","data_raw/assembleias3/TO/composicao_final.csv",TRUE
"TO","1998","2002-12-09","M1998_TO_7_25200_270002707252001","Igue do Vale","em_exercicio","https://web.archive.org/web/20021209093706/http://www.al.to.gov.br:80/deputados/aldep.htm","Parlamentares Ângelo Agnolin PFL Cacildo Vasconcelos PPB Carlos Henrique Gaguim PTB Everaldo Barros PFL Fábio Martins PSDB Fabion Gomes PFL Geraldo Vaz PFL Gismar Gomes (sem partido) Iderval Silva PFL Igue do Vale PSDB Izidório Oliveira PL João Oliveira PPB João Renildo PFL José Augusto PSDB Josi Nunes PMDB Júlio Resplande PMDB Juarez Giovanetti PFL Laurez Moreira PPB Leide Pereira PPB Manoel Bueno PFL Marcelo Miranda PFL Nezinho Alencar PFL Palmeri Bezerra PL Raimundo Moreira PFL Vicentinho Alves PFL","wayback_portal_casa","brutos/wayback/al_to_gov_br_20021209093706_deputados_aldep.htm","media","data_raw/assembleias3/TO/composicao_final.csv",TRUE
"TO","1998","2003-01-31","M1998_TO_7_25222_270002707252221","Vicentinho Alves","concluiu_mandato","https://www.al.to.leg.br/assets/galeriahistorica/presidentes/vicentinho-alves.html","foi deputado estadual do Tocantins por duas legislaturas, pelo PFL (1°/2/1999 a 31/1/2003 e 1º/2/2003 a 31/1/2007).","memorial_casa","brutos/aleto_presidente_vicentinho-alves.html","media","data_raw/assembleias3/TO/composicao_final.csv",TRUE
"TO","1998","2002-12-09","M1998_TO_7_25333_270002707253331","Juarez Giovanetti","em_exercicio","https://web.archive.org/web/20021209093706/http://www.al.to.gov.br:80/deputados/aldep.htm","Parlamentares Ângelo Agnolin PFL Cacildo Vasconcelos PPB Carlos Henrique Gaguim PTB Everaldo Barros PFL Fábio Martins PSDB Fabion Gomes PFL Geraldo Vaz PFL Gismar Gomes (sem partido) Iderval Silva PFL Igue do Vale PSDB Izidório Oliveira PL João Oliveira PPB João Renildo PFL José Augusto PSDB Josi Nunes PMDB Júlio Resplande PMDB Juarez Giovanetti PFL Laurez Moreira PPB Leide Pereira PPB Manoel Bueno PFL Marcelo Miranda PFL Nezinho Alencar PFL Palmeri Bezerra PL Raimundo Moreira PFL Vicentinho Alves PFL","wayback_portal_casa","brutos/wayback/al_to_gov_br_20021209093706_deputados_aldep.htm","media","data_raw/assembleias3/TO/composicao_final.csv",TRUE
"TO","1998","2002-12-09","M1998_TO_7_25400_270002707254001","Ângelo Agnolin","em_exercicio","https://web.archive.org/web/20021209093706/http://www.al.to.gov.br:80/deputados/aldep.htm","Parlamentares Ângelo Agnolin PFL Cacildo Vasconcelos PPB Carlos Henrique Gaguim PTB Everaldo Barros PFL Fábio Martins PSDB Fabion Gomes PFL Geraldo Vaz PFL Gismar Gomes (sem partido) Iderval Silva PFL Igue do Vale PSDB Izidório Oliveira PL João Oliveira PPB João Renildo PFL José Augusto PSDB Josi Nunes PMDB Júlio Resplande PMDB Juarez Giovanetti PFL Laurez Moreira PPB Leide Pereira PPB Manoel Bueno PFL Marcelo Miranda PFL Nezinho Alencar PFL Palmeri Bezerra PL Raimundo Moreira PFL Vicentinho Alves PFL","wayback_portal_casa","brutos/wayback/al_to_gov_br_20021209093706_deputados_aldep.htm","media","data_raw/assembleias3/TO/composicao_final.csv",TRUE
"TO","2002","2006-12-28","M2002_TO_7_11000_249","Cacildo Vasconcelos","em_exercicio","https://www.al.to.leg.br/arquivo/8550","ATA DA 263ª SESSÃO EXTRAORDINÁRIA 5ª Legislatura, 4ª Sessão Legislativa em, 28 de dezembro de 2006 [...] presidida pelo Senhor Deputado César Halum, secretariado pelos Senhores Deputados: Angelo Agnolin, Primeiro-Secretário e João Oliveira, Segundo-Secretário. Sob a proteção de Deus, havendo número legal e em nome do povo tocantinense, o Senhor Presidente declarou aberta a Sessão com a presença dos Senhores Deputados: Angelo Agnolin, Cacildo Vasconcelos, Carlos Henrique Gaguim, Dr. Walfredo, Eduardo do Dertins, Eli Borges, Fábio Martins, Fabion Gomes, Iderval Silva, João Oliveira, José Augusto, José Santana, Josi Nunes, Júnior Coimbra, Laurez Moreira, Palmeri Bezerra, Paulo Sidnei, Raimundo Moreira, Sargento Aragão, Valuar Barros e Vicentinho Alves. Deixaram de comparecer o Senhor Deputado Eduardo Machado e a Senhora Deputada Solange Duailibe.","diario_oficial","brutos/diarios_txt/2006-12-29_1509_8550.txt","alta","data_raw/assembleias3/TO/composicao_final.csv",TRUE
"TO","2002","2006-12-28","M2002_TO_7_11101_281","João Oliveira","em_exercicio","https://www.al.to.leg.br/arquivo/8550","ATA DA 263ª SESSÃO EXTRAORDINÁRIA 5ª Legislatura, 4ª Sessão Legislativa em, 28 de dezembro de 2006 [...] presidida pelo Senhor Deputado César Halum, secretariado pelos Senhores Deputados: Angelo Agnolin, Primeiro-Secretário e João Oliveira, Segundo-Secretário. Sob a proteção de Deus, havendo número legal e em nome do povo tocantinense, o Senhor Presidente declarou aberta a Sessão com a presença dos Senhores Deputados: Angelo Agnolin, Cacildo Vasconcelos, Carlos Henrique Gaguim, Dr. Walfredo, Eduardo do Dertins, Eli Borges, Fábio Martins, Fabion Gomes, Iderval Silva, João Oliveira, José Augusto, José Santana, Josi Nunes, Júnior Coimbra, Laurez Moreira, Palmeri Bezerra, Paulo Sidnei, Raimundo Moreira, Sargento Aragão, Valuar Barros e Vicentinho Alves. Deixaram de comparecer o Senhor Deputado Eduardo Machado e a Senhora Deputada Solange Duailibe.","diario_oficial","brutos/diarios_txt/2006-12-29_1509_8550.txt","alta","data_raw/assembleias3/TO/composicao_final.csv",TRUE
"TO","2002","2006-12-28","M2002_TO_7_11111_283","Laurez Moreira","em_exercicio","https://www.al.to.leg.br/arquivo/8550","ATA DA 263ª SESSÃO EXTRAORDINÁRIA 5ª Legislatura, 4ª Sessão Legislativa em, 28 de dezembro de 2006 [...] presidida pelo Senhor Deputado César Halum, secretariado pelos Senhores Deputados: Angelo Agnolin, Primeiro-Secretário e João Oliveira, Segundo-Secretário. Sob a proteção de Deus, havendo número legal e em nome do povo tocantinense, o Senhor Presidente declarou aberta a Sessão com a presença dos Senhores Deputados: Angelo Agnolin, Cacildo Vasconcelos, Carlos Henrique Gaguim, Dr. Walfredo, Eduardo do Dertins, Eli Borges, Fábio Martins, Fabion Gomes, Iderval Silva, João Oliveira, José Augusto, José Santana, Josi Nunes, Júnior Coimbra, Laurez Moreira, Palmeri Bezerra, Paulo Sidnei, Raimundo Moreira, Sargento Aragão, Valuar Barros e Vicentinho Alves. Deixaram de comparecer o Senhor Deputado Eduardo Machado e a Senhora Deputada Solange Duailibe.","diario_oficial","brutos/diarios_txt/2006-12-29_1509_8550.txt","alta","data_raw/assembleias3/TO/composicao_final.csv",TRUE
"TO","2002","2006-12-28","M2002_TO_7_11234_273","Valuar Barros","em_exercicio","https://www.al.to.leg.br/arquivo/8550","ATA DA 263ª SESSÃO EXTRAORDINÁRIA 5ª Legislatura, 4ª Sessão Legislativa em, 28 de dezembro de 2006 [...] presidida pelo Senhor Deputado César Halum, secretariado pelos Senhores Deputados: Angelo Agnolin, Primeiro-Secretário e João Oliveira, Segundo-Secretário. Sob a proteção de Deus, havendo número legal e em nome do povo tocantinense, o Senhor Presidente declarou aberta a Sessão com a presença dos Senhores Deputados: Angelo Agnolin, Cacildo Vasconcelos, Carlos Henrique Gaguim, Dr. Walfredo, Eduardo do Dertins, Eli Borges, Fábio Martins, Fabion Gomes, Iderval Silva, João Oliveira, José Augusto, José Santana, Josi Nunes, Júnior Coimbra, Laurez Moreira, Palmeri Bezerra, Paulo Sidnei, Raimundo Moreira, Sargento Aragão, Valuar Barros e Vicentinho Alves. Deixaram de comparecer o Senhor Deputado Eduardo Machado e a Senhora Deputada Solange Duailibe.","diario_oficial","brutos/diarios_txt/2006-12-29_1509_8550.txt","alta","data_raw/assembleias3/TO/composicao_final.csv",TRUE
"TO","2002","2006-12-28","M2002_TO_7_13131_327","José Santana","em_exercicio","https://www.al.to.leg.br/arquivo/8550","ATA DA 263ª SESSÃO EXTRAORDINÁRIA 5ª Legislatura, 4ª Sessão Legislativa em, 28 de dezembro de 2006 [...] presidida pelo Senhor Deputado César Halum, secretariado pelos Senhores Deputados: Angelo Agnolin, Primeiro-Secretário e João Oliveira, Segundo-Secretário. Sob a proteção de Deus, havendo número legal e em nome do povo tocantinense, o Senhor Presidente declarou aberta a Sessão com a presença dos Senhores Deputados: Angelo Agnolin, Cacildo Vasconcelos, Carlos Henrique Gaguim, Dr. Walfredo, Eduardo do Dertins, Eli Borges, Fábio Martins, Fabion Gomes, Iderval Silva, João Oliveira, José Augusto, José Santana, Josi Nunes, Júnior Coimbra, Laurez Moreira, Palmeri Bezerra, Paulo Sidnei, Raimundo Moreira, Sargento Aragão, Valuar Barros e Vicentinho Alves. Deixaram de comparecer o Senhor Deputado Eduardo Machado e a Senhora Deputada Solange Duailibe.","diario_oficial","brutos/diarios_txt/2006-12-29_1509_8550.txt","alta","data_raw/assembleias3/TO/composicao_final.csv",TRUE
"TO","2002","2006-12-28","M2002_TO_7_14614_395","Carlos Henrique Gaguim","em_exercicio","https://www.al.to.leg.br/arquivo/8550","ATA DA 263ª SESSÃO EXTRAORDINÁRIA 5ª Legislatura, 4ª Sessão Legislativa em, 28 de dezembro de 2006 [...] presidida pelo Senhor Deputado César Halum, secretariado pelos Senhores Deputados: Angelo Agnolin, Primeiro-Secretário e João Oliveira, Segundo-Secretário. Sob a proteção de Deus, havendo número legal e em nome do povo tocantinense, o Senhor Presidente declarou aberta a Sessão com a presença dos Senhores Deputados: Angelo Agnolin, Cacildo Vasconcelos, Carlos Henrique Gaguim, Dr. Walfredo, Eduardo do Dertins, Eli Borges, Fábio Martins, Fabion Gomes, Iderval Silva, João Oliveira, José Augusto, José Santana, Josi Nunes, Júnior Coimbra, Laurez Moreira, Palmeri Bezerra, Paulo Sidnei, Raimundo Moreira, Sargento Aragão, Valuar Barros e Vicentinho Alves. Deixaram de comparecer o Senhor Deputado Eduardo Machado e a Senhora Deputada Solange Duailibe.","diario_oficial","brutos/diarios_txt/2006-12-29_1509_8550.txt","alta","data_raw/assembleias3/TO/composicao_final.csv",TRUE
"TO","2002","2006-12-28","M2002_TO_7_14666_411","Dr. Walfredo","em_exercicio","https://www.al.to.leg.br/arquivo/8550","ATA DA 263ª SESSÃO EXTRAORDINÁRIA 5ª Legislatura, 4ª Sessão Legislativa em, 28 de dezembro de 2006 [...] presidida pelo Senhor Deputado César Halum, secretariado pelos Senhores Deputados: Angelo Agnolin, Primeiro-Secretário e João Oliveira, Segundo-Secretário. Sob a proteção de Deus, havendo número legal e em nome do povo tocantinense, o Senhor Presidente declarou aberta a Sessão com a presença dos Senhores Deputados: Angelo Agnolin, Cacildo Vasconcelos, Carlos Henrique Gaguim, Dr. Walfredo, Eduardo do Dertins, Eli Borges, Fábio Martins, Fabion Gomes, Iderval Silva, João Oliveira, José Augusto, José Santana, Josi Nunes, Júnior Coimbra, Laurez Moreira, Palmeri Bezerra, Paulo Sidnei, Raimundo Moreira, Sargento Aragão, Valuar Barros e Vicentinho Alves. Deixaram de comparecer o Senhor Deputado Eduardo Machado e a Senhora Deputada Solange Duailibe.","diario_oficial","brutos/diarios_txt/2006-12-29_1509_8550.txt","alta","data_raw/assembleias3/TO/composicao_final.csv",TRUE
"TO","2002","2006-12-28","M2002_TO_7_15123_111","Josi Nunes","em_exercicio","https://www.al.to.leg.br/arquivo/8550","ATA DA 263ª SESSÃO EXTRAORDINÁRIA 5ª Legislatura, 4ª Sessão Legislativa em, 28 de dezembro de 2006 [...] presidida pelo Senhor Deputado César Halum, secretariado pelos Senhores Deputados: Angelo Agnolin, Primeiro-Secretário e João Oliveira, Segundo-Secretário. Sob a proteção de Deus, havendo número legal e em nome do povo tocantinense, o Senhor Presidente declarou aberta a Sessão com a presença dos Senhores Deputados: Angelo Agnolin, Cacildo Vasconcelos, Carlos Henrique Gaguim, Dr. Walfredo, Eduardo do Dertins, Eli Borges, Fábio Martins, Fabion Gomes, Iderval Silva, João Oliveira, José Augusto, José Santana, Josi Nunes, Júnior Coimbra, Laurez Moreira, Palmeri Bezerra, Paulo Sidnei, Raimundo Moreira, Sargento Aragão, Valuar Barros e Vicentinho Alves. Deixaram de comparecer o Senhor Deputado Eduardo Machado e a Senhora Deputada Solange Duailibe.","diario_oficial","brutos/diarios_txt/2006-12-29_1509_8550.txt","alta","data_raw/assembleias3/TO/composicao_final.csv",TRUE
"TO","2002","2006-12-28","M2002_TO_7_15200_48","Sargento Aragão","em_exercicio","https://www.al.to.leg.br/arquivo/8550","ATA DA 263ª SESSÃO EXTRAORDINÁRIA 5ª Legislatura, 4ª Sessão Legislativa em, 28 de dezembro de 2006 [...] presidida pelo Senhor Deputado César Halum, secretariado pelos Senhores Deputados: Angelo Agnolin, Primeiro-Secretário e João Oliveira, Segundo-Secretário. Sob a proteção de Deus, havendo número legal e em nome do povo tocantinense, o Senhor Presidente declarou aberta a Sessão com a presença dos Senhores Deputados: Angelo Agnolin, Cacildo Vasconcelos, Carlos Henrique Gaguim, Dr. Walfredo, Eduardo do Dertins, Eli Borges, Fábio Martins, Fabion Gomes, Iderval Silva, João Oliveira, José Augusto, José Santana, Josi Nunes, Júnior Coimbra, Laurez Moreira, Palmeri Bezerra, Paulo Sidnei, Raimundo Moreira, Sargento Aragão, Valuar Barros e Vicentinho Alves. Deixaram de comparecer o Senhor Deputado Eduardo Machado e a Senhora Deputada Solange Duailibe.","diario_oficial","brutos/diarios_txt/2006-12-29_1509_8550.txt","alta","data_raw/assembleias3/TO/composicao_final.csv",TRUE
"TO","2002","2006-12-28","M2002_TO_7_15700_97","Eli Borges","em_exercicio","https://www.al.to.leg.br/arquivo/8550","ATA DA 263ª SESSÃO EXTRAORDINÁRIA 5ª Legislatura, 4ª Sessão Legislativa em, 28 de dezembro de 2006 [...] presidida pelo Senhor Deputado César Halum, secretariado pelos Senhores Deputados: Angelo Agnolin, Primeiro-Secretário e João Oliveira, Segundo-Secretário. Sob a proteção de Deus, havendo número legal e em nome do povo tocantinense, o Senhor Presidente declarou aberta a Sessão com a presença dos Senhores Deputados: Angelo Agnolin, Cacildo Vasconcelos, Carlos Henrique Gaguim, Dr. Walfredo, Eduardo do Dertins, Eli Borges, Fábio Martins, Fabion Gomes, Iderval Silva, João Oliveira, José Augusto, José Santana, Josi Nunes, Júnior Coimbra, Laurez Moreira, Palmeri Bezerra, Paulo Sidnei, Raimundo Moreira, Sargento Aragão, Valuar Barros e Vicentinho Alves. Deixaram de comparecer o Senhor Deputado Eduardo Machado e a Senhora Deputada Solange Duailibe.","diario_oficial","brutos/diarios_txt/2006-12-29_1509_8550.txt","alta","data_raw/assembleias3/TO/composicao_final.csv",TRUE
"TO","2002","2006-12-28","M2002_TO_7_22222_272","Palmeri Bezerra","em_exercicio","https://www.al.to.leg.br/arquivo/8550","ATA DA 263ª SESSÃO EXTRAORDINÁRIA 5ª Legislatura, 4ª Sessão Legislativa em, 28 de dezembro de 2006 [...] presidida pelo Senhor Deputado César Halum, secretariado pelos Senhores Deputados: Angelo Agnolin, Primeiro-Secretário e João Oliveira, Segundo-Secretário. Sob a proteção de Deus, havendo número legal e em nome do povo tocantinense, o Senhor Presidente declarou aberta a Sessão com a presença dos Senhores Deputados: Angelo Agnolin, Cacildo Vasconcelos, Carlos Henrique Gaguim, Dr. Walfredo, Eduardo do Dertins, Eli Borges, Fábio Martins, Fabion Gomes, Iderval Silva, João Oliveira, José Augusto, José Santana, Josi Nunes, Júnior Coimbra, Laurez Moreira, Palmeri Bezerra, Paulo Sidnei, Raimundo Moreira, Sargento Aragão, Valuar Barros e Vicentinho Alves. Deixaram de comparecer o Senhor Deputado Eduardo Machado e a Senhora Deputada Solange Duailibe.","diario_oficial","brutos/diarios_txt/2006-12-29_1509_8550.txt","alta","data_raw/assembleias3/TO/composicao_final.csv",TRUE
"TO","2002","2006-12-28","M2002_TO_7_23000_137","Solange Duailibe","em_exercicio","https://www.al.to.leg.br/arquivo/8550","ATA DA 263ª SESSÃO EXTRAORDINÁRIA 5ª Legislatura, 4ª Sessão Legislativa em, 28 de dezembro de 2006 [...] presidida pelo Senhor Deputado César Halum, secretariado pelos Senhores Deputados: Angelo Agnolin, Primeiro-Secretário e João Oliveira, Segundo-Secretário. Sob a proteção de Deus, havendo número legal e em nome do povo tocantinense, o Senhor Presidente declarou aberta a Sessão com a presença dos Senhores Deputados: Angelo Agnolin, Cacildo Vasconcelos, Carlos Henrique Gaguim, Dr. Walfredo, Eduardo do Dertins, Eli Borges, Fábio Martins, Fabion Gomes, Iderval Silva, João Oliveira, José Augusto, José Santana, Josi Nunes, Júnior Coimbra, Laurez Moreira, Palmeri Bezerra, Paulo Sidnei, Raimundo Moreira, Sargento Aragão, Valuar Barros e Vicentinho Alves. Deixaram de comparecer o Senhor Deputado Eduardo Machado e a Senhora Deputada Solange Duailibe.","diario_oficial","brutos/diarios_txt/2006-12-29_1509_8550.txt","alta","data_raw/assembleias3/TO/composicao_final.csv",TRUE
"TO","2002","2006-12-28","M2002_TO_7_25111_255","Fabion Gomes","em_exercicio","https://www.al.to.leg.br/arquivo/8550","ATA DA 263ª SESSÃO EXTRAORDINÁRIA 5ª Legislatura, 4ª Sessão Legislativa em, 28 de dezembro de 2006 [...] presidida pelo Senhor Deputado César Halum, secretariado pelos Senhores Deputados: Angelo Agnolin, Primeiro-Secretário e João Oliveira, Segundo-Secretário. Sob a proteção de Deus, havendo número legal e em nome do povo tocantinense, o Senhor Presidente declarou aberta a Sessão com a presença dos Senhores Deputados: Angelo Agnolin, Cacildo Vasconcelos, Carlos Henrique Gaguim, Dr. Walfredo, Eduardo do Dertins, Eli Borges, Fábio Martins, Fabion Gomes, Iderval Silva, João Oliveira, José Augusto, José Santana, Josi Nunes, Júnior Coimbra, Laurez Moreira, Palmeri Bezerra, Paulo Sidnei, Raimundo Moreira, Sargento Aragão, Valuar Barros e Vicentinho Alves. Deixaram de comparecer o Senhor Deputado Eduardo Machado e a Senhora Deputada Solange Duailibe.","diario_oficial","brutos/diarios_txt/2006-12-29_1509_8550.txt","alta","data_raw/assembleias3/TO/composicao_final.csv",TRUE
"TO","2002","2006-12-28","M2002_TO_7_25115_257","Raimundo Moreira","em_exercicio","https://www.al.to.leg.br/arquivo/8550","ATA DA 263ª SESSÃO EXTRAORDINÁRIA 5ª Legislatura, 4ª Sessão Legislativa em, 28 de dezembro de 2006 [...] presidida pelo Senhor Deputado César Halum, secretariado pelos Senhores Deputados: Angelo Agnolin, Primeiro-Secretário e João Oliveira, Segundo-Secretário. Sob a proteção de Deus, havendo número legal e em nome do povo tocantinense, o Senhor Presidente declarou aberta a Sessão com a presença dos Senhores Deputados: Angelo Agnolin, Cacildo Vasconcelos, Carlos Henrique Gaguim, Dr. Walfredo, Eduardo do Dertins, Eli Borges, Fábio Martins, Fabion Gomes, Iderval Silva, João Oliveira, José Augusto, José Santana, Josi Nunes, Júnior Coimbra, Laurez Moreira, Palmeri Bezerra, Paulo Sidnei, Raimundo Moreira, Sargento Aragão, Valuar Barros e Vicentinho Alves. Deixaram de comparecer o Senhor Deputado Eduardo Machado e a Senhora Deputada Solange Duailibe.","diario_oficial","brutos/diarios_txt/2006-12-29_1509_8550.txt","alta","data_raw/assembleias3/TO/composicao_final.csv",TRUE
"TO","2002","2006-12-28","M2002_TO_7_25222_266","Vicentinho Alves","em_exercicio","https://www.al.to.leg.br/arquivo/8550","ATA DA 263ª SESSÃO EXTRAORDINÁRIA 5ª Legislatura, 4ª Sessão Legislativa em, 28 de dezembro de 2006 [...] presidida pelo Senhor Deputado César Halum, secretariado pelos Senhores Deputados: Angelo Agnolin, Primeiro-Secretário e João Oliveira, Segundo-Secretário. Sob a proteção de Deus, havendo número legal e em nome do povo tocantinense, o Senhor Presidente declarou aberta a Sessão com a presença dos Senhores Deputados: Angelo Agnolin, Cacildo Vasconcelos, Carlos Henrique Gaguim, Dr. Walfredo, Eduardo do Dertins, Eli Borges, Fábio Martins, Fabion Gomes, Iderval Silva, João Oliveira, José Augusto, José Santana, Josi Nunes, Júnior Coimbra, Laurez Moreira, Palmeri Bezerra, Paulo Sidnei, Raimundo Moreira, Sargento Aragão, Valuar Barros e Vicentinho Alves. Deixaram de comparecer o Senhor Deputado Eduardo Machado e a Senhora Deputada Solange Duailibe.","diario_oficial","brutos/diarios_txt/2006-12-29_1509_8550.txt","alta","data_raw/assembleias3/TO/composicao_final.csv",TRUE
"TO","2002","2006-12-28","M2002_TO_7_25225_251","César Halum","em_exercicio","https://www.al.to.leg.br/arquivo/8550","ATA DA 263ª SESSÃO EXTRAORDINÁRIA 5ª Legislatura, 4ª Sessão Legislativa em, 28 de dezembro de 2006 [...] presidida pelo Senhor Deputado César Halum, secretariado pelos Senhores Deputados: Angelo Agnolin, Primeiro-Secretário e João Oliveira, Segundo-Secretário. Sob a proteção de Deus, havendo número legal e em nome do povo tocantinense, o Senhor Presidente declarou aberta a Sessão com a presença dos Senhores Deputados: Angelo Agnolin, Cacildo Vasconcelos, Carlos Henrique Gaguim, Dr. Walfredo, Eduardo do Dertins, Eli Borges, Fábio Martins, Fabion Gomes, Iderval Silva, João Oliveira, José Augusto, José Santana, Josi Nunes, Júnior Coimbra, Laurez Moreira, Palmeri Bezerra, Paulo Sidnei, Raimundo Moreira, Sargento Aragão, Valuar Barros e Vicentinho Alves. Deixaram de comparecer o Senhor Deputado Eduardo Machado e a Senhora Deputada Solange Duailibe.","diario_oficial","brutos/diarios_txt/2006-12-29_1509_8550.txt","alta","data_raw/assembleias3/TO/composicao_final.csv",TRUE
"TO","2002","2006-12-28","M2002_TO_7_25400_250","Angelo Agnolin","em_exercicio","https://www.al.to.leg.br/arquivo/8550","ATA DA 263ª SESSÃO EXTRAORDINÁRIA 5ª Legislatura, 4ª Sessão Legislativa em, 28 de dezembro de 2006 [...] presidida pelo Senhor Deputado César Halum, secretariado pelos Senhores Deputados: Angelo Agnolin, Primeiro-Secretário e João Oliveira, Segundo-Secretário. Sob a proteção de Deus, havendo número legal e em nome do povo tocantinense, o Senhor Presidente declarou aberta a Sessão com a presença dos Senhores Deputados: Angelo Agnolin, Cacildo Vasconcelos, Carlos Henrique Gaguim, Dr. Walfredo, Eduardo do Dertins, Eli Borges, Fábio Martins, Fabion Gomes, Iderval Silva, João Oliveira, José Augusto, José Santana, Josi Nunes, Júnior Coimbra, Laurez Moreira, Palmeri Bezerra, Paulo Sidnei, Raimundo Moreira, Sargento Aragão, Valuar Barros e Vicentinho Alves. Deixaram de comparecer o Senhor Deputado Eduardo Machado e a Senhora Deputada Solange Duailibe.","diario_oficial","brutos/diarios_txt/2006-12-29_1509_8550.txt","alta","data_raw/assembleias3/TO/composicao_final.csv",TRUE
"TO","2002","2006-12-28","M2002_TO_7_25456_252","Iderval Silva","em_exercicio","https://www.al.to.leg.br/arquivo/8550","ATA DA 263ª SESSÃO EXTRAORDINÁRIA 5ª Legislatura, 4ª Sessão Legislativa em, 28 de dezembro de 2006 [...] presidida pelo Senhor Deputado César Halum, secretariado pelos Senhores Deputados: Angelo Agnolin, Primeiro-Secretário e João Oliveira, Segundo-Secretário. Sob a proteção de Deus, havendo número legal e em nome do povo tocantinense, o Senhor Presidente declarou aberta a Sessão com a presença dos Senhores Deputados: Angelo Agnolin, Cacildo Vasconcelos, Carlos Henrique Gaguim, Dr. Walfredo, Eduardo do Dertins, Eli Borges, Fábio Martins, Fabion Gomes, Iderval Silva, João Oliveira, José Augusto, José Santana, Josi Nunes, Júnior Coimbra, Laurez Moreira, Palmeri Bezerra, Paulo Sidnei, Raimundo Moreira, Sargento Aragão, Valuar Barros e Vicentinho Alves. Deixaram de comparecer o Senhor Deputado Eduardo Machado e a Senhora Deputada Solange Duailibe.","diario_oficial","brutos/diarios_txt/2006-12-29_1509_8550.txt","alta","data_raw/assembleias3/TO/composicao_final.csv",TRUE
"TO","2002","2006-12-28","M2002_TO_7_25700_244","Júnior Coimbra","em_exercicio","https://www.al.to.leg.br/arquivo/8550","ATA DA 263ª SESSÃO EXTRAORDINÁRIA 5ª Legislatura, 4ª Sessão Legislativa em, 28 de dezembro de 2006 [...] presidida pelo Senhor Deputado César Halum, secretariado pelos Senhores Deputados: Angelo Agnolin, Primeiro-Secretário e João Oliveira, Segundo-Secretário. Sob a proteção de Deus, havendo número legal e em nome do povo tocantinense, o Senhor Presidente declarou aberta a Sessão com a presença dos Senhores Deputados: Angelo Agnolin, Cacildo Vasconcelos, Carlos Henrique Gaguim, Dr. Walfredo, Eduardo do Dertins, Eli Borges, Fábio Martins, Fabion Gomes, Iderval Silva, João Oliveira, José Augusto, José Santana, Josi Nunes, Júnior Coimbra, Laurez Moreira, Palmeri Bezerra, Paulo Sidnei, Raimundo Moreira, Sargento Aragão, Valuar Barros e Vicentinho Alves. Deixaram de comparecer o Senhor Deputado Eduardo Machado e a Senhora Deputada Solange Duailibe.","diario_oficial","brutos/diarios_txt/2006-12-29_1509_8550.txt","alta","data_raw/assembleias3/TO/composicao_final.csv",TRUE
"TO","2002","2006-12-28","M2002_TO_7_45045_168","Eduardo Machado","em_exercicio","https://www.al.to.leg.br/arquivo/8550","ATA DA 263ª SESSÃO EXTRAORDINÁRIA 5ª Legislatura, 4ª Sessão Legislativa em, 28 de dezembro de 2006 [...] presidida pelo Senhor Deputado César Halum, secretariado pelos Senhores Deputados: Angelo Agnolin, Primeiro-Secretário e João Oliveira, Segundo-Secretário. Sob a proteção de Deus, havendo número legal e em nome do povo tocantinense, o Senhor Presidente declarou aberta a Sessão com a presença dos Senhores Deputados: Angelo Agnolin, Cacildo Vasconcelos, Carlos Henrique Gaguim, Dr. Walfredo, Eduardo do Dertins, Eli Borges, Fábio Martins, Fabion Gomes, Iderval Silva, João Oliveira, José Augusto, José Santana, Josi Nunes, Júnior Coimbra, Laurez Moreira, Palmeri Bezerra, Paulo Sidnei, Raimundo Moreira, Sargento Aragão, Valuar Barros e Vicentinho Alves. Deixaram de comparecer o Senhor Deputado Eduardo Machado e a Senhora Deputada Solange Duailibe.","diario_oficial","brutos/diarios_txt/2006-12-29_1509_8550.txt","alta","data_raw/assembleias3/TO/composicao_final.csv",TRUE
"TO","2002","2006-12-28","M2002_TO_7_45120_166","Fábio Martins","em_exercicio","https://www.al.to.leg.br/arquivo/8550","ATA DA 263ª SESSÃO EXTRAORDINÁRIA 5ª Legislatura, 4ª Sessão Legislativa em, 28 de dezembro de 2006 [...] presidida pelo Senhor Deputado César Halum, secretariado pelos Senhores Deputados: Angelo Agnolin, Primeiro-Secretário e João Oliveira, Segundo-Secretário. Sob a proteção de Deus, havendo número legal e em nome do povo tocantinense, o Senhor Presidente declarou aberta a Sessão com a presença dos Senhores Deputados: Angelo Agnolin, Cacildo Vasconcelos, Carlos Henrique Gaguim, Dr. Walfredo, Eduardo do Dertins, Eli Borges, Fábio Martins, Fabion Gomes, Iderval Silva, João Oliveira, José Augusto, José Santana, Josi Nunes, Júnior Coimbra, Laurez Moreira, Palmeri Bezerra, Paulo Sidnei, Raimundo Moreira, Sargento Aragão, Valuar Barros e Vicentinho Alves. Deixaram de comparecer o Senhor Deputado Eduardo Machado e a Senhora Deputada Solange Duailibe.","diario_oficial","brutos/diarios_txt/2006-12-29_1509_8550.txt","alta","data_raw/assembleias3/TO/composicao_final.csv",TRUE
"TO","2002","2006-12-28","M2002_TO_7_45555_169","Eduardo do Dertins","em_exercicio","https://www.al.to.leg.br/arquivo/8550","ATA DA 263ª SESSÃO EXTRAORDINÁRIA 5ª Legislatura, 4ª Sessão Legislativa em, 28 de dezembro de 2006 [...] presidida pelo Senhor Deputado César Halum, secretariado pelos Senhores Deputados: Angelo Agnolin, Primeiro-Secretário e João Oliveira, Segundo-Secretário. Sob a proteção de Deus, havendo número legal e em nome do povo tocantinense, o Senhor Presidente declarou aberta a Sessão com a presença dos Senhores Deputados: Angelo Agnolin, Cacildo Vasconcelos, Carlos Henrique Gaguim, Dr. Walfredo, Eduardo do Dertins, Eli Borges, Fábio Martins, Fabion Gomes, Iderval Silva, João Oliveira, José Augusto, José Santana, Josi Nunes, Júnior Coimbra, Laurez Moreira, Palmeri Bezerra, Paulo Sidnei, Raimundo Moreira, Sargento Aragão, Valuar Barros e Vicentinho Alves. Deixaram de comparecer o Senhor Deputado Eduardo Machado e a Senhora Deputada Solange Duailibe.","diario_oficial","brutos/diarios_txt/2006-12-29_1509_8550.txt","alta","data_raw/assembleias3/TO/composicao_final.csv",TRUE
"TO","2002","2006-12-28","M2002_TO_7_45678_180","José Augusto","em_exercicio","https://www.al.to.leg.br/arquivo/8550","ATA DA 263ª SESSÃO EXTRAORDINÁRIA 5ª Legislatura, 4ª Sessão Legislativa em, 28 de dezembro de 2006 [...] presidida pelo Senhor Deputado César Halum, secretariado pelos Senhores Deputados: Angelo Agnolin, Primeiro-Secretário e João Oliveira, Segundo-Secretário. Sob a proteção de Deus, havendo número legal e em nome do povo tocantinense, o Senhor Presidente declarou aberta a Sessão com a presença dos Senhores Deputados: Angelo Agnolin, Cacildo Vasconcelos, Carlos Henrique Gaguim, Dr. Walfredo, Eduardo do Dertins, Eli Borges, Fábio Martins, Fabion Gomes, Iderval Silva, João Oliveira, José Augusto, José Santana, Josi Nunes, Júnior Coimbra, Laurez Moreira, Palmeri Bezerra, Paulo Sidnei, Raimundo Moreira, Sargento Aragão, Valuar Barros e Vicentinho Alves. Deixaram de comparecer o Senhor Deputado Eduardo Machado e a Senhora Deputada Solange Duailibe.","diario_oficial","brutos/diarios_txt/2006-12-29_1509_8550.txt","alta","data_raw/assembleias3/TO/composicao_final.csv",TRUE
"TO","2006","2011-01-12","M2006_TO_7_11000_10149","Cacildo Vasconcelos","em_exercicio","https://www.al.to.leg.br/arquivo/26974","ATA DA 251ª SESSÃO EXTRAORDINÁRIA 6ª Legislatura, 4ª Sessão Legislativa Em 12 de janeiro de 2011 [...] presidida pelo Senhor Deputado Júnior Coimbra, secretariado pelos Senhores Deputados Osires Damaso, Primeiro-Secretário e Stalin Bucar, Segundo-Secretário. Sob a proteção de Deus, havendo número legal e em nome do povo tocantinense, o Senhor Presidente declarou aberta a Sessão com a presença dos Senhores Deputados: Amélio Cayres, Cacildo Vasconcelos, César Halum, Dr. Zé Viana, Eli Borges, Fábio Martins, Iderval Silva, José Geraldo, Manoel Queiroz, Marcello Lelis, Osires Damaso, Pastor Pedro Lima, Paulo Roberto, Raimundo Moreira, Raimundo Palito, Toinho Andrade e a Senhora Deputada Luana Ribeiro. Deixaram de comparecer os Senhores Deputados: Angelo Agnolin, Eduardo do Dertins, Sandoval Cardoso e as Senhoras Deputadas Josi Nunes e Solange Duailibe.","diario_oficial","brutos/diarios_txt/2011-03-29_1837_26974.txt","alta","data_raw/assembleias3/TO/composicao_final.csv",TRUE
"TO","2006","2011-01-12","M2006_TO_7_11610_10158","Raimundo Palito","em_exercicio","https://www.al.to.leg.br/arquivo/26974","ATA DA 251ª SESSÃO EXTRAORDINÁRIA 6ª Legislatura, 4ª Sessão Legislativa Em 12 de janeiro de 2011 [...] presidida pelo Senhor Deputado Júnior Coimbra, secretariado pelos Senhores Deputados Osires Damaso, Primeiro-Secretário e Stalin Bucar, Segundo-Secretário. Sob a proteção de Deus, havendo número legal e em nome do povo tocantinense, o Senhor Presidente declarou aberta a Sessão com a presença dos Senhores Deputados: Amélio Cayres, Cacildo Vasconcelos, César Halum, Dr. Zé Viana, Eli Borges, Fábio Martins, Iderval Silva, José Geraldo, Manoel Queiroz, Marcello Lelis, Osires Damaso, Pastor Pedro Lima, Paulo Roberto, Raimundo Moreira, Raimundo Palito, Toinho Andrade e a Senhora Deputada Luana Ribeiro. Deixaram de comparecer os Senhores Deputados: Angelo Agnolin, Eduardo do Dertins, Sandoval Cardoso e as Senhoras Deputadas Josi Nunes e Solange Duailibe.","diario_oficial","brutos/diarios_txt/2011-03-29_1837_26974.txt","alta","data_raw/assembleias3/TO/composicao_final.csv",TRUE
"TO","2006","2011-01-12","M2006_TO_7_12120_10332","Fábio Martins","em_exercicio","https://www.al.to.leg.br/arquivo/26974","ATA DA 251ª SESSÃO EXTRAORDINÁRIA 6ª Legislatura, 4ª Sessão Legislativa Em 12 de janeiro de 2011 [...] presidida pelo Senhor Deputado Júnior Coimbra, secretariado pelos Senhores Deputados Osires Damaso, Primeiro-Secretário e Stalin Bucar, Segundo-Secretário. Sob a proteção de Deus, havendo número legal e em nome do povo tocantinense, o Senhor Presidente declarou aberta a Sessão com a presença dos Senhores Deputados: Amélio Cayres, Cacildo Vasconcelos, César Halum, Dr. Zé Viana, Eli Borges, Fábio Martins, Iderval Silva, José Geraldo, Manoel Queiroz, Marcello Lelis, Osires Damaso, Pastor Pedro Lima, Paulo Roberto, Raimundo Moreira, Raimundo Palito, Toinho Andrade e a Senhora Deputada Luana Ribeiro. Deixaram de comparecer os Senhores Deputados: Angelo Agnolin, Eduardo do Dertins, Sandoval Cardoso e as Senhoras Deputadas Josi Nunes e Solange Duailibe.","diario_oficial","brutos/diarios_txt/2011-03-29_1837_26974.txt","alta","data_raw/assembleias3/TO/composicao_final.csv",TRUE
"TO","2006","2011-01-12","M2006_TO_7_13300_10251","Solange Duailibe","em_exercicio","https://www.al.to.leg.br/arquivo/26974","ATA DA 251ª SESSÃO EXTRAORDINÁRIA 6ª Legislatura, 4ª Sessão Legislativa Em 12 de janeiro de 2011 [...] presidida pelo Senhor Deputado Júnior Coimbra, secretariado pelos Senhores Deputados Osires Damaso, Primeiro-Secretário e Stalin Bucar, Segundo-Secretário. Sob a proteção de Deus, havendo número legal e em nome do povo tocantinense, o Senhor Presidente declarou aberta a Sessão com a presença dos Senhores Deputados: Amélio Cayres, Cacildo Vasconcelos, César Halum, Dr. Zé Viana, Eli Borges, Fábio Martins, Iderval Silva, José Geraldo, Manoel Queiroz, Marcello Lelis, Osires Damaso, Pastor Pedro Lima, Paulo Roberto, Raimundo Moreira, Raimundo Palito, Toinho Andrade e a Senhora Deputada Luana Ribeiro. Deixaram de comparecer os Senhores Deputados: Angelo Agnolin, Eduardo do Dertins, Sandoval Cardoso e as Senhoras Deputadas Josi Nunes e Solange Duailibe.","diario_oficial","brutos/diarios_txt/2011-03-29_1837_26974.txt","alta","data_raw/assembleias3/TO/composicao_final.csv",TRUE
"TO","2006","2011-01-12","M2006_TO_7_13400_10237","Manoel Queiroz","em_exercicio","https://www.al.to.leg.br/arquivo/26974","ATA DA 251ª SESSÃO EXTRAORDINÁRIA 6ª Legislatura, 4ª Sessão Legislativa Em 12 de janeiro de 2011 [...] presidida pelo Senhor Deputado Júnior Coimbra, secretariado pelos Senhores Deputados Osires Damaso, Primeiro-Secretário e Stalin Bucar, Segundo-Secretário. Sob a proteção de Deus, havendo número legal e em nome do povo tocantinense, o Senhor Presidente declarou aberta a Sessão com a presença dos Senhores Deputados: Amélio Cayres, Cacildo Vasconcelos, César Halum, Dr. Zé Viana, Eli Borges, Fábio Martins, Iderval Silva, José Geraldo, Manoel Queiroz, Marcello Lelis, Osires Damaso, Pastor Pedro Lima, Paulo Roberto, Raimundo Moreira, Raimundo Palito, Toinho Andrade e a Senhora Deputada Luana Ribeiro. Deixaram de comparecer os Senhores Deputados: Angelo Agnolin, Eduardo do Dertins, Sandoval Cardoso e as Senhoras Deputadas Josi Nunes e Solange Duailibe.","diario_oficial","brutos/diarios_txt/2011-03-29_1837_26974.txt","alta","data_raw/assembleias3/TO/composicao_final.csv",TRUE
"TO","2006","2011-01-12","M2006_TO_7_14000_10020","José Geraldo","em_exercicio","https://www.al.to.leg.br/arquivo/26974","ATA DA 251ª SESSÃO EXTRAORDINÁRIA 6ª Legislatura, 4ª Sessão Legislativa Em 12 de janeiro de 2011 [...] presidida pelo Senhor Deputado Júnior Coimbra, secretariado pelos Senhores Deputados Osires Damaso, Primeiro-Secretário e Stalin Bucar, Segundo-Secretário. Sob a proteção de Deus, havendo número legal e em nome do povo tocantinense, o Senhor Presidente declarou aberta a Sessão com a presença dos Senhores Deputados: Amélio Cayres, Cacildo Vasconcelos, César Halum, Dr. Zé Viana, Eli Borges, Fábio Martins, Iderval Silva, José Geraldo, Manoel Queiroz, Marcello Lelis, Osires Damaso, Pastor Pedro Lima, Paulo Roberto, Raimundo Moreira, Raimundo Palito, Toinho Andrade e a Senhora Deputada Luana Ribeiro. Deixaram de comparecer os Senhores Deputados: Angelo Agnolin, Eduardo do Dertins, Sandoval Cardoso e as Senhoras Deputadas Josi Nunes e Solange Duailibe.","diario_oficial","brutos/diarios_txt/2011-03-29_1837_26974.txt","alta","data_raw/assembleias3/TO/composicao_final.csv",TRUE
"TO","2006","2011-01-12","M2006_TO_7_15000_10434","Eli Borges","em_exercicio","https://www.al.to.leg.br/arquivo/26974","ATA DA 251ª SESSÃO EXTRAORDINÁRIA 6ª Legislatura, 4ª Sessão Legislativa Em 12 de janeiro de 2011 [...] presidida pelo Senhor Deputado Júnior Coimbra, secretariado pelos Senhores Deputados Osires Damaso, Primeiro-Secretário e Stalin Bucar, Segundo-Secretário. Sob a proteção de Deus, havendo número legal e em nome do povo tocantinense, o Senhor Presidente declarou aberta a Sessão com a presença dos Senhores Deputados: Amélio Cayres, Cacildo Vasconcelos, César Halum, Dr. Zé Viana, Eli Borges, Fábio Martins, Iderval Silva, José Geraldo, Manoel Queiroz, Marcello Lelis, Osires Damaso, Pastor Pedro Lima, Paulo Roberto, Raimundo Moreira, Raimundo Palito, Toinho Andrade e a Senhora Deputada Luana Ribeiro. Deixaram de comparecer os Senhores Deputados: Angelo Agnolin, Eduardo do Dertins, Sandoval Cardoso e as Senhoras Deputadas Josi Nunes e Solange Duailibe.","diario_oficial","brutos/diarios_txt/2011-03-29_1837_26974.txt","alta","data_raw/assembleias3/TO/composicao_final.csv",TRUE
"TO","2006","2011-01-12","M2006_TO_7_15123_10442","Josi Nunes","em_exercicio","https://www.al.to.leg.br/arquivo/26974","ATA DA 251ª SESSÃO EXTRAORDINÁRIA 6ª Legislatura, 4ª Sessão Legislativa Em 12 de janeiro de 2011 [...] presidida pelo Senhor Deputado Júnior Coimbra, secretariado pelos Senhores Deputados Osires Damaso, Primeiro-Secretário e Stalin Bucar, Segundo-Secretário. Sob a proteção de Deus, havendo número legal e em nome do povo tocantinense, o Senhor Presidente declarou aberta a Sessão com a presença dos Senhores Deputados: Amélio Cayres, Cacildo Vasconcelos, César Halum, Dr. Zé Viana, Eli Borges, Fábio Martins, Iderval Silva, José Geraldo, Manoel Queiroz, Marcello Lelis, Osires Damaso, Pastor Pedro Lima, Paulo Roberto, Raimundo Moreira, Raimundo Palito, Toinho Andrade e a Senhora Deputada Luana Ribeiro. Deixaram de comparecer os Senhores Deputados: Angelo Agnolin, Eduardo do Dertins, Sandoval Cardoso e as Senhoras Deputadas Josi Nunes e Solange Duailibe.","diario_oficial","brutos/diarios_txt/2011-03-29_1837_26974.txt","alta","data_raw/assembleias3/TO/composicao_final.csv",TRUE
"TO","2006","2011-01-12","M2006_TO_7_15153_10446","Iderval Silva","em_exercicio","https://www.al.to.leg.br/arquivo/26974","ATA DA 251ª SESSÃO EXTRAORDINÁRIA 6ª Legislatura, 4ª Sessão Legislativa Em 12 de janeiro de 2011 [...] presidida pelo Senhor Deputado Júnior Coimbra, secretariado pelos Senhores Deputados Osires Damaso, Primeiro-Secretário e Stalin Bucar, Segundo-Secretário. Sob a proteção de Deus, havendo número legal e em nome do povo tocantinense, o Senhor Presidente declarou aberta a Sessão com a presença dos Senhores Deputados: Amélio Cayres, Cacildo Vasconcelos, César Halum, Dr. Zé Viana, Eli Borges, Fábio Martins, Iderval Silva, José Geraldo, Manoel Queiroz, Marcello Lelis, Osires Damaso, Pastor Pedro Lima, Paulo Roberto, Raimundo Moreira, Raimundo Palito, Toinho Andrade e a Senhora Deputada Luana Ribeiro. Deixaram de comparecer os Senhores Deputados: Angelo Agnolin, Eduardo do Dertins, Sandoval Cardoso e as Senhoras Deputadas Josi Nunes e Solange Duailibe.","diario_oficial","brutos/diarios_txt/2011-03-29_1837_26974.txt","alta","data_raw/assembleias3/TO/composicao_final.csv",TRUE
"TO","2006","2011-01-12","M2006_TO_7_15222_10447","Sandoval Cardoso","em_exercicio","https://www.al.to.leg.br/arquivo/26974","ATA DA 251ª SESSÃO EXTRAORDINÁRIA 6ª Legislatura, 4ª Sessão Legislativa Em 12 de janeiro de 2011 [...] presidida pelo Senhor Deputado Júnior Coimbra, secretariado pelos Senhores Deputados Osires Damaso, Primeiro-Secretário e Stalin Bucar, Segundo-Secretário. Sob a proteção de Deus, havendo número legal e em nome do povo tocantinense, o Senhor Presidente declarou aberta a Sessão com a presença dos Senhores Deputados: Amélio Cayres, Cacildo Vasconcelos, César Halum, Dr. Zé Viana, Eli Borges, Fábio Martins, Iderval Silva, José Geraldo, Manoel Queiroz, Marcello Lelis, Osires Damaso, Pastor Pedro Lima, Paulo Roberto, Raimundo Moreira, Raimundo Palito, Toinho Andrade e a Senhora Deputada Luana Ribeiro. Deixaram de comparecer os Senhores Deputados: Angelo Agnolin, Eduardo do Dertins, Sandoval Cardoso e as Senhoras Deputadas Josi Nunes e Solange Duailibe.","diario_oficial","brutos/diarios_txt/2011-03-29_1837_26974.txt","alta","data_raw/assembleias3/TO/composicao_final.csv",TRUE
"TO","2006","2011-01-12","M2006_TO_7_15700_10460","Júnior Coimbra","em_exercicio","https://www.al.to.leg.br/arquivo/26974","ATA DA 251ª SESSÃO EXTRAORDINÁRIA 6ª Legislatura, 4ª Sessão Legislativa Em 12 de janeiro de 2011 [...] presidida pelo Senhor Deputado Júnior Coimbra, secretariado pelos Senhores Deputados Osires Damaso, Primeiro-Secretário e Stalin Bucar, Segundo-Secretário. Sob a proteção de Deus, havendo número legal e em nome do povo tocantinense, o Senhor Presidente declarou aberta a Sessão com a presença dos Senhores Deputados: Amélio Cayres, Cacildo Vasconcelos, César Halum, Dr. Zé Viana, Eli Borges, Fábio Martins, Iderval Silva, José Geraldo, Manoel Queiroz, Marcello Lelis, Osires Damaso, Pastor Pedro Lima, Paulo Roberto, Raimundo Moreira, Raimundo Palito, Toinho Andrade e a Senhora Deputada Luana Ribeiro. Deixaram de comparecer os Senhores Deputados: Angelo Agnolin, Eduardo do Dertins, Sandoval Cardoso e as Senhoras Deputadas Josi Nunes e Solange Duailibe.","diario_oficial","brutos/diarios_txt/2011-03-29_1837_26974.txt","alta","data_raw/assembleias3/TO/composicao_final.csv",TRUE
"TO","2006","2011-01-12","M2006_TO_7_20222_10060","Dr. Zé Viana","em_exercicio","https://www.al.to.leg.br/arquivo/26974","ATA DA 251ª SESSÃO EXTRAORDINÁRIA 6ª Legislatura, 4ª Sessão Legislativa Em 12 de janeiro de 2011 [...] presidida pelo Senhor Deputado Júnior Coimbra, secretariado pelos Senhores Deputados Osires Damaso, Primeiro-Secretário e Stalin Bucar, Segundo-Secretário. Sob a proteção de Deus, havendo número legal e em nome do povo tocantinense, o Senhor Presidente declarou aberta a Sessão com a presença dos Senhores Deputados: Amélio Cayres, Cacildo Vasconcelos, César Halum, Dr. Zé Viana, Eli Borges, Fábio Martins, Iderval Silva, José Geraldo, Manoel Queiroz, Marcello Lelis, Osires Damaso, Pastor Pedro Lima, Paulo Roberto, Raimundo Moreira, Raimundo Palito, Toinho Andrade e a Senhora Deputada Luana Ribeiro. Deixaram de comparecer os Senhores Deputados: Angelo Agnolin, Eduardo do Dertins, Sandoval Cardoso e as Senhoras Deputadas Josi Nunes e Solange Duailibe.","diario_oficial","brutos/diarios_txt/2011-03-29_1837_26974.txt","alta","data_raw/assembleias3/TO/composicao_final.csv",TRUE
"TO","2006","2011-01-12","M2006_TO_7_22022_10161","Luana Ribeiro","em_exercicio","https://www.al.to.leg.br/arquivo/26974","ATA DA 251ª SESSÃO EXTRAORDINÁRIA 6ª Legislatura, 4ª Sessão Legislativa Em 12 de janeiro de 2011 [...] presidida pelo Senhor Deputado Júnior Coimbra, secretariado pelos Senhores Deputados Osires Damaso, Primeiro-Secretário e Stalin Bucar, Segundo-Secretário. Sob a proteção de Deus, havendo número legal e em nome do povo tocantinense, o Senhor Presidente declarou aberta a Sessão com a presença dos Senhores Deputados: Amélio Cayres, Cacildo Vasconcelos, César Halum, Dr. Zé Viana, Eli Borges, Fábio Martins, Iderval Silva, José Geraldo, Manoel Queiroz, Marcello Lelis, Osires Damaso, Pastor Pedro Lima, Paulo Roberto, Raimundo Moreira, Raimundo Palito, Toinho Andrade e a Senhora Deputada Luana Ribeiro. Deixaram de comparecer os Senhores Deputados: Angelo Agnolin, Eduardo do Dertins, Sandoval Cardoso e as Senhoras Deputadas Josi Nunes e Solange Duailibe.","diario_oficial","brutos/diarios_txt/2011-03-29_1837_26974.txt","alta","data_raw/assembleias3/TO/composicao_final.csv",TRUE
"TO","2006","2011-01-12","M2006_TO_7_22333_10178","Amélio Cayres","em_exercicio","https://www.al.to.leg.br/arquivo/26974","ATA DA 251ª SESSÃO EXTRAORDINÁRIA 6ª Legislatura, 4ª Sessão Legislativa Em 12 de janeiro de 2011 [...] presidida pelo Senhor Deputado Júnior Coimbra, secretariado pelos Senhores Deputados Osires Damaso, Primeiro-Secretário e Stalin Bucar, Segundo-Secretário. Sob a proteção de Deus, havendo número legal e em nome do povo tocantinense, o Senhor Presidente declarou aberta a Sessão com a presença dos Senhores Deputados: Amélio Cayres, Cacildo Vasconcelos, César Halum, Dr. Zé Viana, Eli Borges, Fábio Martins, Iderval Silva, José Geraldo, Manoel Queiroz, Marcello Lelis, Osires Damaso, Pastor Pedro Lima, Paulo Roberto, Raimundo Moreira, Raimundo Palito, Toinho Andrade e a Senhora Deputada Luana Ribeiro. Deixaram de comparecer os Senhores Deputados: Angelo Agnolin, Eduardo do Dertins, Sandoval Cardoso e as Senhoras Deputadas Josi Nunes e Solange Duailibe.","diario_oficial","brutos/diarios_txt/2011-03-29_1837_26974.txt","alta","data_raw/assembleias3/TO/composicao_final.csv",TRUE
"TO","2006","2011-01-12","M2006_TO_7_23222_10288","Eduardo do Dertins","em_exercicio","https://www.al.to.leg.br/arquivo/26974","ATA DA 251ª SESSÃO EXTRAORDINÁRIA 6ª Legislatura, 4ª Sessão Legislativa Em 12 de janeiro de 2011 [...] presidida pelo Senhor Deputado Júnior Coimbra, secretariado pelos Senhores Deputados Osires Damaso, Primeiro-Secretário e Stalin Bucar, Segundo-Secretário. Sob a proteção de Deus, havendo número legal e em nome do povo tocantinense, o Senhor Presidente declarou aberta a Sessão com a presença dos Senhores Deputados: Amélio Cayres, Cacildo Vasconcelos, César Halum, Dr. Zé Viana, Eli Borges, Fábio Martins, Iderval Silva, José Geraldo, Manoel Queiroz, Marcello Lelis, Osires Damaso, Pastor Pedro Lima, Paulo Roberto, Raimundo Moreira, Raimundo Palito, Toinho Andrade e a Senhora Deputada Luana Ribeiro. Deixaram de comparecer os Senhores Deputados: Angelo Agnolin, Eduardo do Dertins, Sandoval Cardoso e as Senhoras Deputadas Josi Nunes e Solange Duailibe.","diario_oficial","brutos/diarios_txt/2011-03-29_1837_26974.txt","alta","data_raw/assembleias3/TO/composicao_final.csv",TRUE
"TO","2006","2011-01-12","M2006_TO_7_25123_10406","Paulo Roberto","em_exercicio","https://www.al.to.leg.br/arquivo/26974","ATA DA 251ª SESSÃO EXTRAORDINÁRIA 6ª Legislatura, 4ª Sessão Legislativa Em 12 de janeiro de 2011 [...] presidida pelo Senhor Deputado Júnior Coimbra, secretariado pelos Senhores Deputados Osires Damaso, Primeiro-Secretário e Stalin Bucar, Segundo-Secretário. Sob a proteção de Deus, havendo número legal e em nome do povo tocantinense, o Senhor Presidente declarou aberta a Sessão com a presença dos Senhores Deputados: Amélio Cayres, Cacildo Vasconcelos, César Halum, Dr. Zé Viana, Eli Borges, Fábio Martins, Iderval Silva, José Geraldo, Manoel Queiroz, Marcello Lelis, Osires Damaso, Pastor Pedro Lima, Paulo Roberto, Raimundo Moreira, Raimundo Palito, Toinho Andrade e a Senhora Deputada Luana Ribeiro. Deixaram de comparecer os Senhores Deputados: Angelo Agnolin, Eduardo do Dertins, Sandoval Cardoso e as Senhoras Deputadas Josi Nunes e Solange Duailibe.","diario_oficial","brutos/diarios_txt/2011-03-29_1837_26974.txt","alta","data_raw/assembleias3/TO/composicao_final.csv",TRUE
"TO","2006","2011-01-12","M2006_TO_7_25225_10412","César Halum","em_exercicio","https://www.al.to.leg.br/arquivo/26974","ATA DA 251ª SESSÃO EXTRAORDINÁRIA 6ª Legislatura, 4ª Sessão Legislativa Em 12 de janeiro de 2011 [...] presidida pelo Senhor Deputado Júnior Coimbra, secretariado pelos Senhores Deputados Osires Damaso, Primeiro-Secretário e Stalin Bucar, Segundo-Secretário. Sob a proteção de Deus, havendo número legal e em nome do povo tocantinense, o Senhor Presidente declarou aberta a Sessão com a presença dos Senhores Deputados: Amélio Cayres, Cacildo Vasconcelos, César Halum, Dr. Zé Viana, Eli Borges, Fábio Martins, Iderval Silva, José Geraldo, Manoel Queiroz, Marcello Lelis, Osires Damaso, Pastor Pedro Lima, Paulo Roberto, Raimundo Moreira, Raimundo Palito, Toinho Andrade e a Senhora Deputada Luana Ribeiro. Deixaram de comparecer os Senhores Deputados: Angelo Agnolin, Eduardo do Dertins, Sandoval Cardoso e as Senhoras Deputadas Josi Nunes e Solange Duailibe.","diario_oficial","brutos/diarios_txt/2011-03-29_1837_26974.txt","alta","data_raw/assembleias3/TO/composicao_final.csv",TRUE
"TO","2006","2011-01-12","M2006_TO_7_25400_10420","Angelo Agnolin","em_exercicio","https://www.al.to.leg.br/arquivo/26974","ATA DA 251ª SESSÃO EXTRAORDINÁRIA 6ª Legislatura, 4ª Sessão Legislativa Em 12 de janeiro de 2011 [...] presidida pelo Senhor Deputado Júnior Coimbra, secretariado pelos Senhores Deputados Osires Damaso, Primeiro-Secretário e Stalin Bucar, Segundo-Secretário. Sob a proteção de Deus, havendo número legal e em nome do povo tocantinense, o Senhor Presidente declarou aberta a Sessão com a presença dos Senhores Deputados: Amélio Cayres, Cacildo Vasconcelos, César Halum, Dr. Zé Viana, Eli Borges, Fábio Martins, Iderval Silva, José Geraldo, Manoel Queiroz, Marcello Lelis, Osires Damaso, Pastor Pedro Lima, Paulo Roberto, Raimundo Moreira, Raimundo Palito, Toinho Andrade e a Senhora Deputada Luana Ribeiro. Deixaram de comparecer os Senhores Deputados: Angelo Agnolin, Eduardo do Dertins, Sandoval Cardoso e as Senhoras Deputadas Josi Nunes e Solange Duailibe.","diario_oficial","brutos/diarios_txt/2011-03-29_1837_26974.txt","alta","data_raw/assembleias3/TO/composicao_final.csv",TRUE
"TO","2006","2011-01-12","M2006_TO_7_43123_10107","Marcello Lelis","em_exercicio","https://www.al.to.leg.br/arquivo/26974","ATA DA 251ª SESSÃO EXTRAORDINÁRIA 6ª Legislatura, 4ª Sessão Legislativa Em 12 de janeiro de 2011 [...] presidida pelo Senhor Deputado Júnior Coimbra, secretariado pelos Senhores Deputados Osires Damaso, Primeiro-Secretário e Stalin Bucar, Segundo-Secretário. Sob a proteção de Deus, havendo número legal e em nome do povo tocantinense, o Senhor Presidente declarou aberta a Sessão com a presença dos Senhores Deputados: Amélio Cayres, Cacildo Vasconcelos, César Halum, Dr. Zé Viana, Eli Borges, Fábio Martins, Iderval Silva, José Geraldo, Manoel Queiroz, Marcello Lelis, Osires Damaso, Pastor Pedro Lima, Paulo Roberto, Raimundo Moreira, Raimundo Palito, Toinho Andrade e a Senhora Deputada Luana Ribeiro. Deixaram de comparecer os Senhores Deputados: Angelo Agnolin, Eduardo do Dertins, Sandoval Cardoso e as Senhoras Deputadas Josi Nunes e Solange Duailibe.","diario_oficial","brutos/diarios_txt/2011-03-29_1837_26974.txt","alta","data_raw/assembleias3/TO/composicao_final.csv",TRUE
"TO","2006","2011-01-12","M2006_TO_7_45115_10122","Raimundo Moreira","em_exercicio","https://www.al.to.leg.br/arquivo/26974","ATA DA 251ª SESSÃO EXTRAORDINÁRIA 6ª Legislatura, 4ª Sessão Legislativa Em 12 de janeiro de 2011 [...] presidida pelo Senhor Deputado Júnior Coimbra, secretariado pelos Senhores Deputados Osires Damaso, Primeiro-Secretário e Stalin Bucar, Segundo-Secretário. Sob a proteção de Deus, havendo número legal e em nome do povo tocantinense, o Senhor Presidente declarou aberta a Sessão com a presença dos Senhores Deputados: Amélio Cayres, Cacildo Vasconcelos, César Halum, Dr. Zé Viana, Eli Borges, Fábio Martins, Iderval Silva, José Geraldo, Manoel Queiroz, Marcello Lelis, Osires Damaso, Pastor Pedro Lima, Paulo Roberto, Raimundo Moreira, Raimundo Palito, Toinho Andrade e a Senhora Deputada Luana Ribeiro. Deixaram de comparecer os Senhores Deputados: Angelo Agnolin, Eduardo do Dertins, Sandoval Cardoso e as Senhoras Deputadas Josi Nunes e Solange Duailibe.","diario_oficial","brutos/diarios_txt/2011-03-29_1837_26974.txt","alta","data_raw/assembleias3/TO/composicao_final.csv",TRUE
"TO","2006","2011-01-12","M2006_TO_7_45555_10133","Stalin Bucar","em_exercicio","https://www.al.to.leg.br/arquivo/26974","ATA DA 251ª SESSÃO EXTRAORDINÁRIA 6ª Legislatura, 4ª Sessão Legislativa Em 12 de janeiro de 2011 [...] presidida pelo Senhor Deputado Júnior Coimbra, secretariado pelos Senhores Deputados Osires Damaso, Primeiro-Secretário e Stalin Bucar, Segundo-Secretário. Sob a proteção de Deus, havendo número legal e em nome do povo tocantinense, o Senhor Presidente declarou aberta a Sessão com a presença dos Senhores Deputados: Amélio Cayres, Cacildo Vasconcelos, César Halum, Dr. Zé Viana, Eli Borges, Fábio Martins, Iderval Silva, José Geraldo, Manoel Queiroz, Marcello Lelis, Osires Damaso, Pastor Pedro Lima, Paulo Roberto, Raimundo Moreira, Raimundo Palito, Toinho Andrade e a Senhora Deputada Luana Ribeiro. Deixaram de comparecer os Senhores Deputados: Angelo Agnolin, Eduardo do Dertins, Sandoval Cardoso e as Senhoras Deputadas Josi Nunes e Solange Duailibe.","diario_oficial","brutos/diarios_txt/2011-03-29_1837_26974.txt","alta","data_raw/assembleias3/TO/composicao_final.csv",TRUE
"TO","2010","2014-12-23","M2010_TO_7_11610_270000000066","Raimundo Palito","em_exercicio","https://www.al.to.leg.br/arquivo/36885","23 de dezembro de 2014 Ata da Ducentésima Nonagésima Sétima Sessão Ordinária [...] em Sessão Ordinária, presidida pelo Senhor Deputado Osires Damaso, secretariado pelos Senhores Deputados Sargento Aragão, Primeiro-Secretário, e Toinho Andrade, Segundo-Secretário. Sob a proteção de Deus, havendo número legal e em nome do povo tocantinense, o Senhor Presidente declarou aberta a Sessão com a presença dos Senhores Deputados: Amélio Cayres, Eli Borges, Iderval Silva, José Bonifácio, José Geraldo, Manoel Queiroz, Raimundo Palito, Sargento Aragão, Stalin Bucar, Toinho Andrade, Vilmar do Detran, Wanderlei Barbosa e das Senhoras Deputadas Luana Ribeiro e Solange Duailibe. Estavam ausentes os Senhores Deputados: Eduardo do Dertins, Freire Júnior, Jorge Frederico, José Augusto, Marcello Lelis, Raimundo Moreira, Zé Roberto e as Senhoras Deputadas Amália Santana e Josi Nunes.","diario_oficial","brutos/diarios_txt/2015-03-20_2201_36885.txt","alta","data_raw/assembleias3/TO/composicao_final.csv",TRUE
"TO","2010","2014-12-23","M2010_TO_7_13300_270000000134","Solange Duailibe","em_exercicio","https://www.al.to.leg.br/arquivo/36885","23 de dezembro de 2014 Ata da Ducentésima Nonagésima Sétima Sessão Ordinária [...] em Sessão Ordinária, presidida pelo Senhor Deputado Osires Damaso, secretariado pelos Senhores Deputados Sargento Aragão, Primeiro-Secretário, e Toinho Andrade, Segundo-Secretário. Sob a proteção de Deus, havendo número legal e em nome do povo tocantinense, o Senhor Presidente declarou aberta a Sessão com a presença dos Senhores Deputados: Amélio Cayres, Eli Borges, Iderval Silva, José Bonifácio, José Geraldo, Manoel Queiroz, Raimundo Palito, Sargento Aragão, Stalin Bucar, Toinho Andrade, Vilmar do Detran, Wanderlei Barbosa e das Senhoras Deputadas Luana Ribeiro e Solange Duailibe. Estavam ausentes os Senhores Deputados: Eduardo do Dertins, Freire Júnior, Jorge Frederico, José Augusto, Marcello Lelis, Raimundo Moreira, Zé Roberto e as Senhoras Deputadas Amália Santana e Josi Nunes.","diario_oficial","brutos/diarios_txt/2015-03-20_2201_36885.txt","alta","data_raw/assembleias3/TO/composicao_final.csv",TRUE
"TO","2010","2014-12-23","M2010_TO_7_13456_270000000114","Zé Roberto","em_exercicio","https://www.al.to.leg.br/arquivo/36885","23 de dezembro de 2014 Ata da Ducentésima Nonagésima Sétima Sessão Ordinária [...] em Sessão Ordinária, presidida pelo Senhor Deputado Osires Damaso, secretariado pelos Senhores Deputados Sargento Aragão, Primeiro-Secretário, e Toinho Andrade, Segundo-Secretário. Sob a proteção de Deus, havendo número legal e em nome do povo tocantinense, o Senhor Presidente declarou aberta a Sessão com a presença dos Senhores Deputados: Amélio Cayres, Eli Borges, Iderval Silva, José Bonifácio, José Geraldo, Manoel Queiroz, Raimundo Palito, Sargento Aragão, Stalin Bucar, Toinho Andrade, Vilmar do Detran, Wanderlei Barbosa e das Senhoras Deputadas Luana Ribeiro e Solange Duailibe. Estavam ausentes os Senhores Deputados: Eduardo do Dertins, Freire Júnior, Jorge Frederico, José Augusto, Marcello Lelis, Raimundo Moreira, Zé Roberto e as Senhoras Deputadas Amália Santana e Josi Nunes.","diario_oficial","brutos/diarios_txt/2015-03-20_2201_36885.txt","alta","data_raw/assembleias3/TO/composicao_final.csv",TRUE
"TO","2010","2014-12-23","M2010_TO_7_13613_270000000087","Amália Santana","em_exercicio","https://www.al.to.leg.br/arquivo/36885","23 de dezembro de 2014 Ata da Ducentésima Nonagésima Sétima Sessão Ordinária [...] em Sessão Ordinária, presidida pelo Senhor Deputado Osires Damaso, secretariado pelos Senhores Deputados Sargento Aragão, Primeiro-Secretário, e Toinho Andrade, Segundo-Secretário. Sob a proteção de Deus, havendo número legal e em nome do povo tocantinense, o Senhor Presidente declarou aberta a Sessão com a presença dos Senhores Deputados: Amélio Cayres, Eli Borges, Iderval Silva, José Bonifácio, José Geraldo, Manoel Queiroz, Raimundo Palito, Sargento Aragão, Stalin Bucar, Toinho Andrade, Vilmar do Detran, Wanderlei Barbosa e das Senhoras Deputadas Luana Ribeiro e Solange Duailibe. Estavam ausentes os Senhores Deputados: Eduardo do Dertins, Freire Júnior, Jorge Frederico, José Augusto, Marcello Lelis, Raimundo Moreira, Zé Roberto e as Senhoras Deputadas Amália Santana e Josi Nunes.","diario_oficial","brutos/diarios_txt/2015-03-20_2201_36885.txt","alta","data_raw/assembleias3/TO/composicao_final.csv",TRUE
"TO","2010","2014-12-23","M2010_TO_7_14000_270000000358","José Geraldo","em_exercicio","https://www.al.to.leg.br/arquivo/36885","23 de dezembro de 2014 Ata da Ducentésima Nonagésima Sétima Sessão Ordinária [...] em Sessão Ordinária, presidida pelo Senhor Deputado Osires Damaso, secretariado pelos Senhores Deputados Sargento Aragão, Primeiro-Secretário, e Toinho Andrade, Segundo-Secretário. Sob a proteção de Deus, havendo número legal e em nome do povo tocantinense, o Senhor Presidente declarou aberta a Sessão com a presença dos Senhores Deputados: Amélio Cayres, Eli Borges, Iderval Silva, José Bonifácio, José Geraldo, Manoel Queiroz, Raimundo Palito, Sargento Aragão, Stalin Bucar, Toinho Andrade, Vilmar do Detran, Wanderlei Barbosa e das Senhoras Deputadas Luana Ribeiro e Solange Duailibe. Estavam ausentes os Senhores Deputados: Eduardo do Dertins, Freire Júnior, Jorge Frederico, José Augusto, Marcello Lelis, Raimundo Moreira, Zé Roberto e as Senhoras Deputadas Amália Santana e Josi Nunes.","diario_oficial","brutos/diarios_txt/2015-03-20_2201_36885.txt","alta","data_raw/assembleias3/TO/composicao_final.csv",TRUE
"TO","2010","2014-12-23","M2010_TO_7_15000_270000000034","Eli Borges","em_exercicio","https://www.al.to.leg.br/arquivo/36885","23 de dezembro de 2014 Ata da Ducentésima Nonagésima Sétima Sessão Ordinária [...] em Sessão Ordinária, presidida pelo Senhor Deputado Osires Damaso, secretariado pelos Senhores Deputados Sargento Aragão, Primeiro-Secretário, e Toinho Andrade, Segundo-Secretário. Sob a proteção de Deus, havendo número legal e em nome do povo tocantinense, o Senhor Presidente declarou aberta a Sessão com a presença dos Senhores Deputados: Amélio Cayres, Eli Borges, Iderval Silva, José Bonifácio, José Geraldo, Manoel Queiroz, Raimundo Palito, Sargento Aragão, Stalin Bucar, Toinho Andrade, Vilmar do Detran, Wanderlei Barbosa e das Senhoras Deputadas Luana Ribeiro e Solange Duailibe. Estavam ausentes os Senhores Deputados: Eduardo do Dertins, Freire Júnior, Jorge Frederico, José Augusto, Marcello Lelis, Raimundo Moreira, Zé Roberto e as Senhoras Deputadas Amália Santana e Josi Nunes.","diario_oficial","brutos/diarios_txt/2015-03-20_2201_36885.txt","alta","data_raw/assembleias3/TO/composicao_final.csv",TRUE
"TO","2010","2014-12-23","M2010_TO_7_15111_270000000051","José Augusto","em_exercicio","https://www.al.to.leg.br/arquivo/36885","23 de dezembro de 2014 Ata da Ducentésima Nonagésima Sétima Sessão Ordinária [...] em Sessão Ordinária, presidida pelo Senhor Deputado Osires Damaso, secretariado pelos Senhores Deputados Sargento Aragão, Primeiro-Secretário, e Toinho Andrade, Segundo-Secretário. Sob a proteção de Deus, havendo número legal e em nome do povo tocantinense, o Senhor Presidente declarou aberta a Sessão com a presença dos Senhores Deputados: Amélio Cayres, Eli Borges, Iderval Silva, José Bonifácio, José Geraldo, Manoel Queiroz, Raimundo Palito, Sargento Aragão, Stalin Bucar, Toinho Andrade, Vilmar do Detran, Wanderlei Barbosa e das Senhoras Deputadas Luana Ribeiro e Solange Duailibe. Estavam ausentes os Senhores Deputados: Eduardo do Dertins, Freire Júnior, Jorge Frederico, José Augusto, Marcello Lelis, Raimundo Moreira, Zé Roberto e as Senhoras Deputadas Amália Santana e Josi Nunes.","diario_oficial","brutos/diarios_txt/2015-03-20_2201_36885.txt","alta","data_raw/assembleias3/TO/composicao_final.csv",TRUE
"TO","2010","2014-12-23","M2010_TO_7_15123_270000000046","Josi Nunes","em_exercicio","https://www.al.to.leg.br/arquivo/36885","23 de dezembro de 2014 Ata da Ducentésima Nonagésima Sétima Sessão Ordinária [...] em Sessão Ordinária, presidida pelo Senhor Deputado Osires Damaso, secretariado pelos Senhores Deputados Sargento Aragão, Primeiro-Secretário, e Toinho Andrade, Segundo-Secretário. Sob a proteção de Deus, havendo número legal e em nome do povo tocantinense, o Senhor Presidente declarou aberta a Sessão com a presença dos Senhores Deputados: Amélio Cayres, Eli Borges, Iderval Silva, José Bonifácio, José Geraldo, Manoel Queiroz, Raimundo Palito, Sargento Aragão, Stalin Bucar, Toinho Andrade, Vilmar do Detran, Wanderlei Barbosa e das Senhoras Deputadas Luana Ribeiro e Solange Duailibe. Estavam ausentes os Senhores Deputados: Eduardo do Dertins, Freire Júnior, Jorge Frederico, José Augusto, Marcello Lelis, Raimundo Moreira, Zé Roberto e as Senhoras Deputadas Amália Santana e Josi Nunes.","diario_oficial","brutos/diarios_txt/2015-03-20_2201_36885.txt","alta","data_raw/assembleias3/TO/composicao_final.csv",TRUE
"TO","2010","2014-12-23","M2010_TO_7_15153_270000000043","Iderval Silva","em_exercicio","https://www.al.to.leg.br/arquivo/36885","23 de dezembro de 2014 Ata da Ducentésima Nonagésima Sétima Sessão Ordinária [...] em Sessão Ordinária, presidida pelo Senhor Deputado Osires Damaso, secretariado pelos Senhores Deputados Sargento Aragão, Primeiro-Secretário, e Toinho Andrade, Segundo-Secretário. Sob a proteção de Deus, havendo número legal e em nome do povo tocantinense, o Senhor Presidente declarou aberta a Sessão com a presença dos Senhores Deputados: Amélio Cayres, Eli Borges, Iderval Silva, José Bonifácio, José Geraldo, Manoel Queiroz, Raimundo Palito, Sargento Aragão, Stalin Bucar, Toinho Andrade, Vilmar do Detran, Wanderlei Barbosa e das Senhoras Deputadas Luana Ribeiro e Solange Duailibe. Estavam ausentes os Senhores Deputados: Eduardo do Dertins, Freire Júnior, Jorge Frederico, José Augusto, Marcello Lelis, Raimundo Moreira, Zé Roberto e as Senhoras Deputadas Amália Santana e Josi Nunes.","diario_oficial","brutos/diarios_txt/2015-03-20_2201_36885.txt","alta","data_raw/assembleias3/TO/composicao_final.csv",TRUE
"TO","2010","2014-12-23","M2010_TO_7_15700_270000000073","Vilmar do Detran","em_exercicio","https://www.al.to.leg.br/arquivo/36885","23 de dezembro de 2014 Ata da Ducentésima Nonagésima Sétima Sessão Ordinária [...] em Sessão Ordinária, presidida pelo Senhor Deputado Osires Damaso, secretariado pelos Senhores Deputados Sargento Aragão, Primeiro-Secretário, e Toinho Andrade, Segundo-Secretário. Sob a proteção de Deus, havendo número legal e em nome do povo tocantinense, o Senhor Presidente declarou aberta a Sessão com a presença dos Senhores Deputados: Amélio Cayres, Eli Borges, Iderval Silva, José Bonifácio, José Geraldo, Manoel Queiroz, Raimundo Palito, Sargento Aragão, Stalin Bucar, Toinho Andrade, Vilmar do Detran, Wanderlei Barbosa e das Senhoras Deputadas Luana Ribeiro e Solange Duailibe. Estavam ausentes os Senhores Deputados: Eduardo do Dertins, Freire Júnior, Jorge Frederico, José Augusto, Marcello Lelis, Raimundo Moreira, Zé Roberto e as Senhoras Deputadas Amália Santana e Josi Nunes.","diario_oficial","brutos/diarios_txt/2015-03-20_2201_36885.txt","alta","data_raw/assembleias3/TO/composicao_final.csv",TRUE
"TO","2010","2014-12-23","M2010_TO_7_22022_270000000362","Luana Ribeiro","em_exercicio","https://www.al.to.leg.br/arquivo/36885","23 de dezembro de 2014 Ata da Ducentésima Nonagésima Sétima Sessão Ordinária [...] em Sessão Ordinária, presidida pelo Senhor Deputado Osires Damaso, secretariado pelos Senhores Deputados Sargento Aragão, Primeiro-Secretário, e Toinho Andrade, Segundo-Secretário. Sob a proteção de Deus, havendo número legal e em nome do povo tocantinense, o Senhor Presidente declarou aberta a Sessão com a presença dos Senhores Deputados: Amélio Cayres, Eli Borges, Iderval Silva, José Bonifácio, José Geraldo, Manoel Queiroz, Raimundo Palito, Sargento Aragão, Stalin Bucar, Toinho Andrade, Vilmar do Detran, Wanderlei Barbosa e das Senhoras Deputadas Luana Ribeiro e Solange Duailibe. Estavam ausentes os Senhores Deputados: Eduardo do Dertins, Freire Júnior, Jorge Frederico, José Augusto, Marcello Lelis, Raimundo Moreira, Zé Roberto e as Senhoras Deputadas Amália Santana e Josi Nunes.","diario_oficial","brutos/diarios_txt/2015-03-20_2201_36885.txt","alta","data_raw/assembleias3/TO/composicao_final.csv",TRUE
"TO","2010","2014-12-23","M2010_TO_7_22111_270000000357","José Bonifácio","em_exercicio","https://www.al.to.leg.br/arquivo/36885","23 de dezembro de 2014 Ata da Ducentésima Nonagésima Sétima Sessão Ordinária [...] em Sessão Ordinária, presidida pelo Senhor Deputado Osires Damaso, secretariado pelos Senhores Deputados Sargento Aragão, Primeiro-Secretário, e Toinho Andrade, Segundo-Secretário. Sob a proteção de Deus, havendo número legal e em nome do povo tocantinense, o Senhor Presidente declarou aberta a Sessão com a presença dos Senhores Deputados: Amélio Cayres, Eli Borges, Iderval Silva, José Bonifácio, José Geraldo, Manoel Queiroz, Raimundo Palito, Sargento Aragão, Stalin Bucar, Toinho Andrade, Vilmar do Detran, Wanderlei Barbosa e das Senhoras Deputadas Luana Ribeiro e Solange Duailibe. Estavam ausentes os Senhores Deputados: Eduardo do Dertins, Freire Júnior, Jorge Frederico, José Augusto, Marcello Lelis, Raimundo Moreira, Zé Roberto e as Senhoras Deputadas Amália Santana e Josi Nunes.","diario_oficial","brutos/diarios_txt/2015-03-20_2201_36885.txt","alta","data_raw/assembleias3/TO/composicao_final.csv",TRUE
"TO","2010","2014-12-23","M2010_TO_7_22223_270000000381","Stalin Bucar","em_exercicio","https://www.al.to.leg.br/arquivo/36885","23 de dezembro de 2014 Ata da Ducentésima Nonagésima Sétima Sessão Ordinária [...] em Sessão Ordinária, presidida pelo Senhor Deputado Osires Damaso, secretariado pelos Senhores Deputados Sargento Aragão, Primeiro-Secretário, e Toinho Andrade, Segundo-Secretário. Sob a proteção de Deus, havendo número legal e em nome do povo tocantinense, o Senhor Presidente declarou aberta a Sessão com a presença dos Senhores Deputados: Amélio Cayres, Eli Borges, Iderval Silva, José Bonifácio, José Geraldo, Manoel Queiroz, Raimundo Palito, Sargento Aragão, Stalin Bucar, Toinho Andrade, Vilmar do Detran, Wanderlei Barbosa e das Senhoras Deputadas Luana Ribeiro e Solange Duailibe. Estavam ausentes os Senhores Deputados: Eduardo do Dertins, Freire Júnior, Jorge Frederico, José Augusto, Marcello Lelis, Raimundo Moreira, Zé Roberto e as Senhoras Deputadas Amália Santana e Josi Nunes.","diario_oficial","brutos/diarios_txt/2015-03-20_2201_36885.txt","alta","data_raw/assembleias3/TO/composicao_final.csv",TRUE
"TO","2010","2014-12-23","M2010_TO_7_22333_270000000351","Amélio Cayres","em_exercicio","https://www.al.to.leg.br/arquivo/36885","23 de dezembro de 2014 Ata da Ducentésima Nonagésima Sétima Sessão Ordinária [...] em Sessão Ordinária, presidida pelo Senhor Deputado Osires Damaso, secretariado pelos Senhores Deputados Sargento Aragão, Primeiro-Secretário, e Toinho Andrade, Segundo-Secretário. Sob a proteção de Deus, havendo número legal e em nome do povo tocantinense, o Senhor Presidente declarou aberta a Sessão com a presença dos Senhores Deputados: Amélio Cayres, Eli Borges, Iderval Silva, José Bonifácio, José Geraldo, Manoel Queiroz, Raimundo Palito, Sargento Aragão, Stalin Bucar, Toinho Andrade, Vilmar do Detran, Wanderlei Barbosa e das Senhoras Deputadas Luana Ribeiro e Solange Duailibe. Estavam ausentes os Senhores Deputados: Eduardo do Dertins, Freire Júnior, Jorge Frederico, José Augusto, Marcello Lelis, Raimundo Moreira, Zé Roberto e as Senhoras Deputadas Amália Santana e Josi Nunes.","diario_oficial","brutos/diarios_txt/2015-03-20_2201_36885.txt","alta","data_raw/assembleias3/TO/composicao_final.csv",TRUE
"TO","2010","2014-12-23","M2010_TO_7_23200_270000000057","Sargento Aragão","em_exercicio","https://www.al.to.leg.br/arquivo/36885","23 de dezembro de 2014 Ata da Ducentésima Nonagésima Sétima Sessão Ordinária [...] em Sessão Ordinária, presidida pelo Senhor Deputado Osires Damaso, secretariado pelos Senhores Deputados Sargento Aragão, Primeiro-Secretário, e Toinho Andrade, Segundo-Secretário. Sob a proteção de Deus, havendo número legal e em nome do povo tocantinense, o Senhor Presidente declarou aberta a Sessão com a presença dos Senhores Deputados: Amélio Cayres, Eli Borges, Iderval Silva, José Bonifácio, José Geraldo, Manoel Queiroz, Raimundo Palito, Sargento Aragão, Stalin Bucar, Toinho Andrade, Vilmar do Detran, Wanderlei Barbosa e das Senhoras Deputadas Luana Ribeiro e Solange Duailibe. Estavam ausentes os Senhores Deputados: Eduardo do Dertins, Freire Júnior, Jorge Frederico, José Augusto, Marcello Lelis, Raimundo Moreira, Zé Roberto e as Senhoras Deputadas Amália Santana e Josi Nunes.","diario_oficial","brutos/diarios_txt/2015-03-20_2201_36885.txt","alta","data_raw/assembleias3/TO/composicao_final.csv",TRUE
"TO","2010","2014-12-23","M2010_TO_7_23222_270000000032","Eduardo do Dertins","em_exercicio","https://www.al.to.leg.br/arquivo/36885","23 de dezembro de 2014 Ata da Ducentésima Nonagésima Sétima Sessão Ordinária [...] em Sessão Ordinária, presidida pelo Senhor Deputado Osires Damaso, secretariado pelos Senhores Deputados Sargento Aragão, Primeiro-Secretário, e Toinho Andrade, Segundo-Secretário. Sob a proteção de Deus, havendo número legal e em nome do povo tocantinense, o Senhor Presidente declarou aberta a Sessão com a presença dos Senhores Deputados: Amélio Cayres, Eli Borges, Iderval Silva, José Bonifácio, José Geraldo, Manoel Queiroz, Raimundo Palito, Sargento Aragão, Stalin Bucar, Toinho Andrade, Vilmar do Detran, Wanderlei Barbosa e das Senhoras Deputadas Luana Ribeiro e Solange Duailibe. Estavam ausentes os Senhores Deputados: Eduardo do Dertins, Freire Júnior, Jorge Frederico, José Augusto, Marcello Lelis, Raimundo Moreira, Zé Roberto e as Senhoras Deputadas Amália Santana e Josi Nunes.","diario_oficial","brutos/diarios_txt/2015-03-20_2201_36885.txt","alta","data_raw/assembleias3/TO/composicao_final.csv",TRUE
"TO","2010","2014-12-23","M2010_TO_7_23400_270000000059","Manoel Queiroz","em_exercicio","https://www.al.to.leg.br/arquivo/36885","23 de dezembro de 2014 Ata da Ducentésima Nonagésima Sétima Sessão Ordinária [...] em Sessão Ordinária, presidida pelo Senhor Deputado Osires Damaso, secretariado pelos Senhores Deputados Sargento Aragão, Primeiro-Secretário, e Toinho Andrade, Segundo-Secretário. Sob a proteção de Deus, havendo número legal e em nome do povo tocantinense, o Senhor Presidente declarou aberta a Sessão com a presença dos Senhores Deputados: Amélio Cayres, Eli Borges, Iderval Silva, José Bonifácio, José Geraldo, Manoel Queiroz, Raimundo Palito, Sargento Aragão, Stalin Bucar, Toinho Andrade, Vilmar do Detran, Wanderlei Barbosa e das Senhoras Deputadas Luana Ribeiro e Solange Duailibe. Estavam ausentes os Senhores Deputados: Eduardo do Dertins, Freire Júnior, Jorge Frederico, José Augusto, Marcello Lelis, Raimundo Moreira, Zé Roberto e as Senhoras Deputadas Amália Santana e Josi Nunes.","diario_oficial","brutos/diarios_txt/2015-03-20_2201_36885.txt","alta","data_raw/assembleias3/TO/composicao_final.csv",TRUE
"TO","2010","2014-12-23","M2010_TO_7_25100_270000000287","Osires Damaso","em_exercicio","https://www.al.to.leg.br/arquivo/36885","23 de dezembro de 2014 Ata da Ducentésima Nonagésima Sétima Sessão Ordinária [...] em Sessão Ordinária, presidida pelo Senhor Deputado Osires Damaso, secretariado pelos Senhores Deputados Sargento Aragão, Primeiro-Secretário, e Toinho Andrade, Segundo-Secretário. Sob a proteção de Deus, havendo número legal e em nome do povo tocantinense, o Senhor Presidente declarou aberta a Sessão com a presença dos Senhores Deputados: Amélio Cayres, Eli Borges, Iderval Silva, José Bonifácio, José Geraldo, Manoel Queiroz, Raimundo Palito, Sargento Aragão, Stalin Bucar, Toinho Andrade, Vilmar do Detran, Wanderlei Barbosa e das Senhoras Deputadas Luana Ribeiro e Solange Duailibe. Estavam ausentes os Senhores Deputados: Eduardo do Dertins, Freire Júnior, Jorge Frederico, José Augusto, Marcello Lelis, Raimundo Moreira, Zé Roberto e as Senhoras Deputadas Amália Santana e Josi Nunes.","diario_oficial","brutos/diarios_txt/2015-03-20_2201_36885.txt","alta","data_raw/assembleias3/TO/composicao_final.csv",TRUE
"TO","2010","2014-12-23","M2010_TO_7_25111_270000000268","Toinho Andrade","em_exercicio","https://www.al.to.leg.br/arquivo/36885","23 de dezembro de 2014 Ata da Ducentésima Nonagésima Sétima Sessão Ordinária [...] em Sessão Ordinária, presidida pelo Senhor Deputado Osires Damaso, secretariado pelos Senhores Deputados Sargento Aragão, Primeiro-Secretário, e Toinho Andrade, Segundo-Secretário. Sob a proteção de Deus, havendo número legal e em nome do povo tocantinense, o Senhor Presidente declarou aberta a Sessão com a presença dos Senhores Deputados: Amélio Cayres, Eli Borges, Iderval Silva, José Bonifácio, José Geraldo, Manoel Queiroz, Raimundo Palito, Sargento Aragão, Stalin Bucar, Toinho Andrade, Vilmar do Detran, Wanderlei Barbosa e das Senhoras Deputadas Luana Ribeiro e Solange Duailibe. Estavam ausentes os Senhores Deputados: Eduardo do Dertins, Freire Júnior, Jorge Frederico, José Augusto, Marcello Lelis, Raimundo Moreira, Zé Roberto e as Senhoras Deputadas Amália Santana e Josi Nunes.","diario_oficial","brutos/diarios_txt/2015-03-20_2201_36885.txt","alta","data_raw/assembleias3/TO/composicao_final.csv",TRUE
"TO","2010","2014-12-23","M2010_TO_7_40100_270000000074","Wanderlei Barbosa","em_exercicio","https://www.al.to.leg.br/arquivo/36885","23 de dezembro de 2014 Ata da Ducentésima Nonagésima Sétima Sessão Ordinária [...] em Sessão Ordinária, presidida pelo Senhor Deputado Osires Damaso, secretariado pelos Senhores Deputados Sargento Aragão, Primeiro-Secretário, e Toinho Andrade, Segundo-Secretário. Sob a proteção de Deus, havendo número legal e em nome do povo tocantinense, o Senhor Presidente declarou aberta a Sessão com a presença dos Senhores Deputados: Amélio Cayres, Eli Borges, Iderval Silva, José Bonifácio, José Geraldo, Manoel Queiroz, Raimundo Palito, Sargento Aragão, Stalin Bucar, Toinho Andrade, Vilmar do Detran, Wanderlei Barbosa e das Senhoras Deputadas Luana Ribeiro e Solange Duailibe. Estavam ausentes os Senhores Deputados: Eduardo do Dertins, Freire Júnior, Jorge Frederico, José Augusto, Marcello Lelis, Raimundo Moreira, Zé Roberto e as Senhoras Deputadas Amália Santana e Josi Nunes.","diario_oficial","brutos/diarios_txt/2015-03-20_2201_36885.txt","alta","data_raw/assembleias3/TO/composicao_final.csv",TRUE
"TO","2010","2014-12-23","M2010_TO_7_43123_270000000329","Marcello Lelis","em_exercicio","https://www.al.to.leg.br/arquivo/36885","23 de dezembro de 2014 Ata da Ducentésima Nonagésima Sétima Sessão Ordinária [...] em Sessão Ordinária, presidida pelo Senhor Deputado Osires Damaso, secretariado pelos Senhores Deputados Sargento Aragão, Primeiro-Secretário, e Toinho Andrade, Segundo-Secretário. Sob a proteção de Deus, havendo número legal e em nome do povo tocantinense, o Senhor Presidente declarou aberta a Sessão com a presença dos Senhores Deputados: Amélio Cayres, Eli Borges, Iderval Silva, José Bonifácio, José Geraldo, Manoel Queiroz, Raimundo Palito, Sargento Aragão, Stalin Bucar, Toinho Andrade, Vilmar do Detran, Wanderlei Barbosa e das Senhoras Deputadas Luana Ribeiro e Solange Duailibe. Estavam ausentes os Senhores Deputados: Eduardo do Dertins, Freire Júnior, Jorge Frederico, José Augusto, Marcello Lelis, Raimundo Moreira, Zé Roberto e as Senhoras Deputadas Amália Santana e Josi Nunes.","diario_oficial","brutos/diarios_txt/2015-03-20_2201_36885.txt","alta","data_raw/assembleias3/TO/composicao_final.csv",TRUE
"TO","2010","2014-12-23","M2010_TO_7_45115_270000000331","Raimundo Moreira","em_exercicio","https://www.al.to.leg.br/arquivo/36885","23 de dezembro de 2014 Ata da Ducentésima Nonagésima Sétima Sessão Ordinária [...] em Sessão Ordinária, presidida pelo Senhor Deputado Osires Damaso, secretariado pelos Senhores Deputados Sargento Aragão, Primeiro-Secretário, e Toinho Andrade, Segundo-Secretário. Sob a proteção de Deus, havendo número legal e em nome do povo tocantinense, o Senhor Presidente declarou aberta a Sessão com a presença dos Senhores Deputados: Amélio Cayres, Eli Borges, Iderval Silva, José Bonifácio, José Geraldo, Manoel Queiroz, Raimundo Palito, Sargento Aragão, Stalin Bucar, Toinho Andrade, Vilmar do Detran, Wanderlei Barbosa e das Senhoras Deputadas Luana Ribeiro e Solange Duailibe. Estavam ausentes os Senhores Deputados: Eduardo do Dertins, Freire Júnior, Jorge Frederico, José Augusto, Marcello Lelis, Raimundo Moreira, Zé Roberto e as Senhoras Deputadas Amália Santana e Josi Nunes.","diario_oficial","brutos/diarios_txt/2015-03-20_2201_36885.txt","alta","data_raw/assembleias3/TO/composicao_final.csv",TRUE
"TO","2010","2014-12-23","M2010_TO_7_45555_270000000319","Freire Júnior","em_exercicio","https://www.al.to.leg.br/arquivo/36885","23 de dezembro de 2014 Ata da Ducentésima Nonagésima Sétima Sessão Ordinária [...] em Sessão Ordinária, presidida pelo Senhor Deputado Osires Damaso, secretariado pelos Senhores Deputados Sargento Aragão, Primeiro-Secretário, e Toinho Andrade, Segundo-Secretário. Sob a proteção de Deus, havendo número legal e em nome do povo tocantinense, o Senhor Presidente declarou aberta a Sessão com a presença dos Senhores Deputados: Amélio Cayres, Eli Borges, Iderval Silva, José Bonifácio, José Geraldo, Manoel Queiroz, Raimundo Palito, Sargento Aragão, Stalin Bucar, Toinho Andrade, Vilmar do Detran, Wanderlei Barbosa e das Senhoras Deputadas Luana Ribeiro e Solange Duailibe. Estavam ausentes os Senhores Deputados: Eduardo do Dertins, Freire Júnior, Jorge Frederico, José Augusto, Marcello Lelis, Raimundo Moreira, Zé Roberto e as Senhoras Deputadas Amália Santana e Josi Nunes.","diario_oficial","brutos/diarios_txt/2015-03-20_2201_36885.txt","alta","data_raw/assembleias3/TO/composicao_final.csv",TRUE
"TO","2014","2019-01-31","M2014_TO_7_11145_270000000255","Valderez Castelo Branco","em_exercicio","https://www.al.to.leg.br/arquivo/47284","DEPUTADOS DA 8ª LEGISLATURA Amália Santana (PT) Amélio Cayres (SD) Cleiton Cardoso (PTC) Eduardo do Dertins (PPS) Eduardo Siqueira Campos (DEM) Elenil da Penha (MDB) Eli Borges (SD) Jorge Frederico (MDB) José Bonifácio (PR) Júnior Evangelista (PSC) Luana Ribeiro (PSDB) Nilton Franco (MDB) Olyntho Neto (PSDB) Osires Damaso (PSC) Paulo Mourão (PT) Ricardo Ayres (PSB) Rocha Miranda (PHS) Solange Duailibe (PT) Stalin Bucar (PR) Toinho Andrade (PHS) Valdemar Júnior (MDB) Valderez Castelo Branco (PP) Vilmar de Oliveira (SD) Zé Roberto Lula (PT)","diario_oficial","brutos/diarios_txt/2019-01-31_2740_47284.txt","alta","data_raw/assembleias3/TO/composicao_final.csv",TRUE
"TO","2014","2019-01-31","M2014_TO_7_13413_270000000383","Paulo Mourão","em_exercicio","https://www.al.to.leg.br/arquivo/47284","DEPUTADOS DA 8ª LEGISLATURA Amália Santana (PT) Amélio Cayres (SD) Cleiton Cardoso (PTC) Eduardo do Dertins (PPS) Eduardo Siqueira Campos (DEM) Elenil da Penha (MDB) Eli Borges (SD) Jorge Frederico (MDB) José Bonifácio (PR) Júnior Evangelista (PSC) Luana Ribeiro (PSDB) Nilton Franco (MDB) Olyntho Neto (PSDB) Osires Damaso (PSC) Paulo Mourão (PT) Ricardo Ayres (PSB) Rocha Miranda (PHS) Solange Duailibe (PT) Stalin Bucar (PR) Toinho Andrade (PHS) Valdemar Júnior (MDB) Valderez Castelo Branco (PP) Vilmar de Oliveira (SD) Zé Roberto Lula (PT)","diario_oficial","brutos/diarios_txt/2019-01-31_2740_47284.txt","alta","data_raw/assembleias3/TO/composicao_final.csv",TRUE
"TO","2014","2019-01-31","M2014_TO_7_13456_270000000076","Zé Roberto Lula","em_exercicio","https://www.al.to.leg.br/arquivo/47284","DEPUTADOS DA 8ª LEGISLATURA Amália Santana (PT) Amélio Cayres (SD) Cleiton Cardoso (PTC) Eduardo do Dertins (PPS) Eduardo Siqueira Campos (DEM) Elenil da Penha (MDB) Eli Borges (SD) Jorge Frederico (MDB) José Bonifácio (PR) Júnior Evangelista (PSC) Luana Ribeiro (PSDB) Nilton Franco (MDB) Olyntho Neto (PSDB) Osires Damaso (PSC) Paulo Mourão (PT) Ricardo Ayres (PSB) Rocha Miranda (PHS) Solange Duailibe (PT) Stalin Bucar (PR) Toinho Andrade (PHS) Valdemar Júnior (MDB) Valderez Castelo Branco (PP) Vilmar de Oliveira (SD) Zé Roberto Lula (PT)","diario_oficial","brutos/diarios_txt/2019-01-31_2740_47284.txt","alta","data_raw/assembleias3/TO/composicao_final.csv",TRUE
"TO","2014","2019-01-31","M2014_TO_7_13613_270000000075","Amália Santana","em_exercicio","https://www.al.to.leg.br/arquivo/47284","DEPUTADOS DA 8ª LEGISLATURA Amália Santana (PT) Amélio Cayres (SD) Cleiton Cardoso (PTC) Eduardo do Dertins (PPS) Eduardo Siqueira Campos (DEM) Elenil da Penha (MDB) Eli Borges (SD) Jorge Frederico (MDB) José Bonifácio (PR) Júnior Evangelista (PSC) Luana Ribeiro (PSDB) Nilton Franco (MDB) Olyntho Neto (PSDB) Osires Damaso (PSC) Paulo Mourão (PT) Ricardo Ayres (PSB) Rocha Miranda (PHS) Solange Duailibe (PT) Stalin Bucar (PR) Toinho Andrade (PHS) Valdemar Júnior (MDB) Valderez Castelo Branco (PP) Vilmar de Oliveira (SD) Zé Roberto Lula (PT)","diario_oficial","brutos/diarios_txt/2019-01-31_2740_47284.txt","alta","data_raw/assembleias3/TO/composicao_final.csv",TRUE
"TO","2014","2019-01-31","M2014_TO_7_14777_270000000246","Eduardo Siqueira Campos","em_exercicio","https://www.al.to.leg.br/arquivo/47284","DEPUTADOS DA 8ª LEGISLATURA Amália Santana (PT) Amélio Cayres (SD) Cleiton Cardoso (PTC) Eduardo do Dertins (PPS) Eduardo Siqueira Campos (DEM) Elenil da Penha (MDB) Eli Borges (SD) Jorge Frederico (MDB) José Bonifácio (PR) Júnior Evangelista (PSC) Luana Ribeiro (PSDB) Nilton Franco (MDB) Olyntho Neto (PSDB) Osires Damaso (PSC) Paulo Mourão (PT) Ricardo Ayres (PSB) Rocha Miranda (PHS) Solange Duailibe (PT) Stalin Bucar (PR) Toinho Andrade (PHS) Valdemar Júnior (MDB) Valderez Castelo Branco (PP) Vilmar de Oliveira (SD) Zé Roberto Lula (PT)","diario_oficial","brutos/diarios_txt/2019-01-31_2740_47284.txt","alta","data_raw/assembleias3/TO/composicao_final.csv",TRUE
"TO","2014","2019-01-31","M2014_TO_7_15100_270000000028","Rocha Miranda","em_exercicio","https://www.al.to.leg.br/arquivo/47284","DEPUTADOS DA 8ª LEGISLATURA Amália Santana (PT) Amélio Cayres (SD) Cleiton Cardoso (PTC) Eduardo do Dertins (PPS) Eduardo Siqueira Campos (DEM) Elenil da Penha (MDB) Eli Borges (SD) Jorge Frederico (MDB) José Bonifácio (PR) Júnior Evangelista (PSC) Luana Ribeiro (PSDB) Nilton Franco (MDB) Olyntho Neto (PSDB) Osires Damaso (PSC) Paulo Mourão (PT) Ricardo Ayres (PSB) Rocha Miranda (PHS) Solange Duailibe (PT) Stalin Bucar (PR) Toinho Andrade (PHS) Valdemar Júnior (MDB) Valderez Castelo Branco (PP) Vilmar de Oliveira (SD) Zé Roberto Lula (PT)","diario_oficial","brutos/diarios_txt/2019-01-31_2740_47284.txt","alta","data_raw/assembleias3/TO/composicao_final.csv",TRUE
"TO","2014","2019-01-31","M2014_TO_7_15115_270000000065","Elenil da Penha","em_exercicio","https://www.al.to.leg.br/arquivo/47284","DEPUTADOS DA 8ª LEGISLATURA Amália Santana (PT) Amélio Cayres (SD) Cleiton Cardoso (PTC) Eduardo do Dertins (PPS) Eduardo Siqueira Campos (DEM) Elenil da Penha (MDB) Eli Borges (SD) Jorge Frederico (MDB) José Bonifácio (PR) Júnior Evangelista (PSC) Luana Ribeiro (PSDB) Nilton Franco (MDB) Olyntho Neto (PSDB) Osires Damaso (PSC) Paulo Mourão (PT) Ricardo Ayres (PSB) Rocha Miranda (PHS) Solange Duailibe (PT) Stalin Bucar (PR) Toinho Andrade (PHS) Valdemar Júnior (MDB) Valderez Castelo Branco (PP) Vilmar de Oliveira (SD) Zé Roberto Lula (PT)","diario_oficial","brutos/diarios_txt/2019-01-31_2740_47284.txt","alta","data_raw/assembleias3/TO/composicao_final.csv",TRUE
"TO","2014","2019-01-31","M2014_TO_7_15123_270000000029","Nilton Franco","em_exercicio","https://www.al.to.leg.br/arquivo/47284","DEPUTADOS DA 8ª LEGISLATURA Amália Santana (PT) Amélio Cayres (SD) Cleiton Cardoso (PTC) Eduardo do Dertins (PPS) Eduardo Siqueira Campos (DEM) Elenil da Penha (MDB) Eli Borges (SD) Jorge Frederico (MDB) José Bonifácio (PR) Júnior Evangelista (PSC) Luana Ribeiro (PSDB) Nilton Franco (MDB) Olyntho Neto (PSDB) Osires Damaso (PSC) Paulo Mourão (PT) Ricardo Ayres (PSB) Rocha Miranda (PHS) Solange Duailibe (PT) Stalin Bucar (PR) Toinho Andrade (PHS) Valdemar Júnior (MDB) Valderez Castelo Branco (PP) Vilmar de Oliveira (SD) Zé Roberto Lula (PT)","diario_oficial","brutos/diarios_txt/2019-01-31_2740_47284.txt","alta","data_raw/assembleias3/TO/composicao_final.csv",TRUE
"TO","2014","2019-01-31","M2014_TO_7_17000_270000000191","Cleiton Cardoso","em_exercicio","https://www.al.to.leg.br/arquivo/47284","DEPUTADOS DA 8ª LEGISLATURA Amália Santana (PT) Amélio Cayres (SD) Cleiton Cardoso (PTC) Eduardo do Dertins (PPS) Eduardo Siqueira Campos (DEM) Elenil da Penha (MDB) Eli Borges (SD) Jorge Frederico (MDB) José Bonifácio (PR) Júnior Evangelista (PSC) Luana Ribeiro (PSDB) Nilton Franco (MDB) Olyntho Neto (PSDB) Osires Damaso (PSC) Paulo Mourão (PT) Ricardo Ayres (PSB) Rocha Miranda (PHS) Solange Duailibe (PT) Stalin Bucar (PR) Toinho Andrade (PHS) Valdemar Júnior (MDB) Valderez Castelo Branco (PP) Vilmar de Oliveira (SD) Zé Roberto Lula (PT)","diario_oficial","brutos/diarios_txt/2019-01-31_2740_47284.txt","alta","data_raw/assembleias3/TO/composicao_final.csv",TRUE
"TO","2014","2019-01-31","M2014_TO_7_22022_270000000234","Luana Ribeiro","em_exercicio","https://www.al.to.leg.br/arquivo/47284","DEPUTADOS DA 8ª LEGISLATURA Amália Santana (PT) Amélio Cayres (SD) Cleiton Cardoso (PTC) Eduardo do Dertins (PPS) Eduardo Siqueira Campos (DEM) Elenil da Penha (MDB) Eli Borges (SD) Jorge Frederico (MDB) José Bonifácio (PR) Júnior Evangelista (PSC) Luana Ribeiro (PSDB) Nilton Franco (MDB) Olyntho Neto (PSDB) Osires Damaso (PSC) Paulo Mourão (PT) Ricardo Ayres (PSB) Rocha Miranda (PHS) Solange Duailibe (PT) Stalin Bucar (PR) Toinho Andrade (PHS) Valdemar Júnior (MDB) Valderez Castelo Branco (PP) Vilmar de Oliveira (SD) Zé Roberto Lula (PT)","diario_oficial","brutos/diarios_txt/2019-01-31_2740_47284.txt","alta","data_raw/assembleias3/TO/composicao_final.csv",TRUE
"TO","2014","2019-01-31","M2014_TO_7_22111_270000000259","José Bonifácio","em_exercicio","https://www.al.to.leg.br/arquivo/47284","DEPUTADOS DA 8ª LEGISLATURA Amália Santana (PT) Amélio Cayres (SD) Cleiton Cardoso (PTC) Eduardo do Dertins (PPS) Eduardo Siqueira Campos (DEM) Elenil da Penha (MDB) Eli Borges (SD) Jorge Frederico (MDB) José Bonifácio (PR) Júnior Evangelista (PSC) Luana Ribeiro (PSDB) Nilton Franco (MDB) Olyntho Neto (PSDB) Osires Damaso (PSC) Paulo Mourão (PT) Ricardo Ayres (PSB) Rocha Miranda (PHS) Solange Duailibe (PT) Stalin Bucar (PR) Toinho Andrade (PHS) Valdemar Júnior (MDB) Valderez Castelo Branco (PP) Vilmar de Oliveira (SD) Zé Roberto Lula (PT)","diario_oficial","brutos/diarios_txt/2019-01-31_2740_47284.txt","alta","data_raw/assembleias3/TO/composicao_final.csv",TRUE
"TO","2014","2019-01-31","M2014_TO_7_23222_270000000268","Eduardo do Dertins","em_exercicio","https://www.al.to.leg.br/arquivo/47284","DEPUTADOS DA 8ª LEGISLATURA Amália Santana (PT) Amélio Cayres (SD) Cleiton Cardoso (PTC) Eduardo do Dertins (PPS) Eduardo Siqueira Campos (DEM) Elenil da Penha (MDB) Eli Borges (SD) Jorge Frederico (MDB) José Bonifácio (PR) Júnior Evangelista (PSC) Luana Ribeiro (PSDB) Nilton Franco (MDB) Olyntho Neto (PSDB) Osires Damaso (PSC) Paulo Mourão (PT) Ricardo Ayres (PSB) Rocha Miranda (PHS) Solange Duailibe (PT) Stalin Bucar (PR) Toinho Andrade (PHS) Valdemar Júnior (MDB) Valderez Castelo Branco (PP) Vilmar de Oliveira (SD) Zé Roberto Lula (PT)","diario_oficial","brutos/diarios_txt/2019-01-31_2740_47284.txt","alta","data_raw/assembleias3/TO/composicao_final.csv",TRUE
"TO","2014","2019-01-31","M2014_TO_7_25100_270000000241","Osires Damaso","em_exercicio","https://www.al.to.leg.br/arquivo/47284","DEPUTADOS DA 8ª LEGISLATURA Amália Santana (PT) Amélio Cayres (SD) Cleiton Cardoso (PTC) Eduardo do Dertins (PPS) Eduardo Siqueira Campos (DEM) Elenil da Penha (MDB) Eli Borges (SD) Jorge Frederico (MDB) José Bonifácio (PR) Júnior Evangelista (PSC) Luana Ribeiro (PSDB) Nilton Franco (MDB) Olyntho Neto (PSDB) Osires Damaso (PSC) Paulo Mourão (PT) Ricardo Ayres (PSB) Rocha Miranda (PHS) Solange Duailibe (PT) Stalin Bucar (PR) Toinho Andrade (PHS) Valdemar Júnior (MDB) Valderez Castelo Branco (PP) Vilmar de Oliveira (SD) Zé Roberto Lula (PT)","diario_oficial","brutos/diarios_txt/2019-01-31_2740_47284.txt","alta","data_raw/assembleias3/TO/composicao_final.csv",TRUE
"TO","2014","2019-01-31","M2014_TO_7_28777_270000000215","Júnior Evangelista","em_exercicio","https://www.al.to.leg.br/arquivo/47284","DEPUTADOS DA 8ª LEGISLATURA Amália Santana (PT) Amélio Cayres (SD) Cleiton Cardoso (PTC) Eduardo do Dertins (PPS) Eduardo Siqueira Campos (DEM) Elenil da Penha (MDB) Eli Borges (SD) Jorge Frederico (MDB) José Bonifácio (PR) Júnior Evangelista (PSC) Luana Ribeiro (PSDB) Nilton Franco (MDB) Olyntho Neto (PSDB) Osires Damaso (PSC) Paulo Mourão (PT) Ricardo Ayres (PSB) Rocha Miranda (PHS) Solange Duailibe (PT) Stalin Bucar (PR) Toinho Andrade (PHS) Valdemar Júnior (MDB) Valderez Castelo Branco (PP) Vilmar de Oliveira (SD) Zé Roberto Lula (PT)","diario_oficial","brutos/diarios_txt/2019-01-31_2740_47284.txt","alta","data_raw/assembleias3/TO/composicao_final.csv",TRUE
"TO","2014","2019-01-31","M2014_TO_7_40000_270000000165","Ricardo Ayres","em_exercicio","https://www.al.to.leg.br/arquivo/47284","DEPUTADOS DA 8ª LEGISLATURA Amália Santana (PT) Amélio Cayres (SD) Cleiton Cardoso (PTC) Eduardo do Dertins (PPS) Eduardo Siqueira Campos (DEM) Elenil da Penha (MDB) Eli Borges (SD) Jorge Frederico (MDB) José Bonifácio (PR) Júnior Evangelista (PSC) Luana Ribeiro (PSDB) Nilton Franco (MDB) Olyntho Neto (PSDB) Osires Damaso (PSC) Paulo Mourão (PT) Ricardo Ayres (PSB) Rocha Miranda (PHS) Solange Duailibe (PT) Stalin Bucar (PR) Toinho Andrade (PHS) Valdemar Júnior (MDB) Valderez Castelo Branco (PP) Vilmar de Oliveira (SD) Zé Roberto Lula (PT)","diario_oficial","brutos/diarios_txt/2019-01-31_2740_47284.txt","alta","data_raw/assembleias3/TO/composicao_final.csv",TRUE
"TO","2014","2019-01-31","M2014_TO_7_45045_270000000271","Olyntho Neto","em_exercicio","https://www.al.to.leg.br/arquivo/47284","DEPUTADOS DA 8ª LEGISLATURA Amália Santana (PT) Amélio Cayres (SD) Cleiton Cardoso (PTC) Eduardo do Dertins (PPS) Eduardo Siqueira Campos (DEM) Elenil da Penha (MDB) Eli Borges (SD) Jorge Frederico (MDB) José Bonifácio (PR) Júnior Evangelista (PSC) Luana Ribeiro (PSDB) Nilton Franco (MDB) Olyntho Neto (PSDB) Osires Damaso (PSC) Paulo Mourão (PT) Ricardo Ayres (PSB) Rocha Miranda (PHS) Solange Duailibe (PT) Stalin Bucar (PR) Toinho Andrade (PHS) Valdemar Júnior (MDB) Valderez Castelo Branco (PP) Vilmar de Oliveira (SD) Zé Roberto Lula (PT)","diario_oficial","brutos/diarios_txt/2019-01-31_2740_47284.txt","alta","data_raw/assembleias3/TO/composicao_final.csv",TRUE
"TO","2014","2019-01-31","M2014_TO_7_55055_270000000057","Valdemar Júnior","em_exercicio","https://www.al.to.leg.br/arquivo/47284","DEPUTADOS DA 8ª LEGISLATURA Amália Santana (PT) Amélio Cayres (SD) Cleiton Cardoso (PTC) Eduardo do Dertins (PPS) Eduardo Siqueira Campos (DEM) Elenil da Penha (MDB) Eli Borges (SD) Jorge Frederico (MDB) José Bonifácio (PR) Júnior Evangelista (PSC) Luana Ribeiro (PSDB) Nilton Franco (MDB) Olyntho Neto (PSDB) Osires Damaso (PSC) Paulo Mourão (PT) Ricardo Ayres (PSB) Rocha Miranda (PHS) Solange Duailibe (PT) Stalin Bucar (PR) Toinho Andrade (PHS) Valdemar Júnior (MDB) Valderez Castelo Branco (PP) Vilmar de Oliveira (SD) Zé Roberto Lula (PT)","diario_oficial","brutos/diarios_txt/2019-01-31_2740_47284.txt","alta","data_raw/assembleias3/TO/composicao_final.csv",TRUE
"TO","2014","2019-01-31","M2014_TO_7_55111_270000000051","Toinho Andrade","em_exercicio","https://www.al.to.leg.br/arquivo/47284","DEPUTADOS DA 8ª LEGISLATURA Amália Santana (PT) Amélio Cayres (SD) Cleiton Cardoso (PTC) Eduardo do Dertins (PPS) Eduardo Siqueira Campos (DEM) Elenil da Penha (MDB) Eli Borges (SD) Jorge Frederico (MDB) José Bonifácio (PR) Júnior Evangelista (PSC) Luana Ribeiro (PSDB) Nilton Franco (MDB) Olyntho Neto (PSDB) Osires Damaso (PSC) Paulo Mourão (PT) Ricardo Ayres (PSB) Rocha Miranda (PHS) Solange Duailibe (PT) Stalin Bucar (PR) Toinho Andrade (PHS) Valdemar Júnior (MDB) Valderez Castelo Branco (PP) Vilmar de Oliveira (SD) Zé Roberto Lula (PT)","diario_oficial","brutos/diarios_txt/2019-01-31_2740_47284.txt","alta","data_raw/assembleias3/TO/composicao_final.csv",TRUE
"TO","2014","2019-01-31","M2014_TO_7_77333_270000000230","Amélio Cayres","em_exercicio","https://www.al.to.leg.br/arquivo/47284","DEPUTADOS DA 8ª LEGISLATURA Amália Santana (PT) Amélio Cayres (SD) Cleiton Cardoso (PTC) Eduardo do Dertins (PPS) Eduardo Siqueira Campos (DEM) Elenil da Penha (MDB) Eli Borges (SD) Jorge Frederico (MDB) José Bonifácio (PR) Júnior Evangelista (PSC) Luana Ribeiro (PSDB) Nilton Franco (MDB) Olyntho Neto (PSDB) Osires Damaso (PSC) Paulo Mourão (PT) Ricardo Ayres (PSB) Rocha Miranda (PHS) Solange Duailibe (PT) Stalin Bucar (PR) Toinho Andrade (PHS) Valdemar Júnior (MDB) Valderez Castelo Branco (PP) Vilmar de Oliveira (SD) Zé Roberto Lula (PT)","diario_oficial","brutos/diarios_txt/2019-01-31_2740_47284.txt","alta","data_raw/assembleias3/TO/composicao_final.csv",TRUE
"TO","2014","2019-01-31","M2014_TO_7_77456_270000000228","Jorge Frederico","em_exercicio","https://www.al.to.leg.br/arquivo/47284","DEPUTADOS DA 8ª LEGISLATURA Amália Santana (PT) Amélio Cayres (SD) Cleiton Cardoso (PTC) Eduardo do Dertins (PPS) Eduardo Siqueira Campos (DEM) Elenil da Penha (MDB) Eli Borges (SD) Jorge Frederico (MDB) José Bonifácio (PR) Júnior Evangelista (PSC) Luana Ribeiro (PSDB) Nilton Franco (MDB) Olyntho Neto (PSDB) Osires Damaso (PSC) Paulo Mourão (PT) Ricardo Ayres (PSB) Rocha Miranda (PHS) Solange Duailibe (PT) Stalin Bucar (PR) Toinho Andrade (PHS) Valdemar Júnior (MDB) Valderez Castelo Branco (PP) Vilmar de Oliveira (SD) Zé Roberto Lula (PT)","diario_oficial","brutos/diarios_txt/2019-01-31_2740_47284.txt","alta","data_raw/assembleias3/TO/composicao_final.csv",TRUE
"TO","2014","2019-01-31","M2014_TO_7_77700_270000000226","Vilmar de Oliveira","em_exercicio","https://www.al.to.leg.br/arquivo/47284","DEPUTADOS DA 8ª LEGISLATURA Amália Santana (PT) Amélio Cayres (SD) Cleiton Cardoso (PTC) Eduardo do Dertins (PPS) Eduardo Siqueira Campos (DEM) Elenil da Penha (MDB) Eli Borges (SD) Jorge Frederico (MDB) José Bonifácio (PR) Júnior Evangelista (PSC) Luana Ribeiro (PSDB) Nilton Franco (MDB) Olyntho Neto (PSDB) Osires Damaso (PSC) Paulo Mourão (PT) Ricardo Ayres (PSB) Rocha Miranda (PHS) Solange Duailibe (PT) Stalin Bucar (PR) Toinho Andrade (PHS) Valdemar Júnior (MDB) Valderez Castelo Branco (PP) Vilmar de Oliveira (SD) Zé Roberto Lula (PT)","diario_oficial","brutos/diarios_txt/2019-01-31_2740_47284.txt","alta","data_raw/assembleias3/TO/composicao_final.csv",TRUE
"TO","2014","2019-01-31","M2014_TO_7_90100_270000000110","Eli Borges","em_exercicio","https://www.al.to.leg.br/arquivo/47284","DEPUTADOS DA 8ª LEGISLATURA Amália Santana (PT) Amélio Cayres (SD) Cleiton Cardoso (PTC) Eduardo do Dertins (PPS) Eduardo Siqueira Campos (DEM) Elenil da Penha (MDB) Eli Borges (SD) Jorge Frederico (MDB) José Bonifácio (PR) Júnior Evangelista (PSC) Luana Ribeiro (PSDB) Nilton Franco (MDB) Olyntho Neto (PSDB) Osires Damaso (PSC) Paulo Mourão (PT) Ricardo Ayres (PSB) Rocha Miranda (PHS) Solange Duailibe (PT) Stalin Bucar (PR) Toinho Andrade (PHS) Valdemar Júnior (MDB) Valderez Castelo Branco (PP) Vilmar de Oliveira (SD) Zé Roberto Lula (PT)","diario_oficial","brutos/diarios_txt/2019-01-31_2740_47284.txt","alta","data_raw/assembleias3/TO/composicao_final.csv",TRUE
