"id_mandato","cargo","sg_uf","ano_eleicao","nome_tse","forma_saida","data_evento","precisao_data","assumiu","fonte_1","trecho_1","fonte_2","trecho_2","confianca","observacao"
"M2022_AC_3_11_10001612476","GOVERNADOR","AC","2022","GLADSON DE LIMA CAMELI","renuncia","2026-04-02","ato","Mailza Assis Cameli (vice-governadora)","https://ac24horas.com/2026/04/02/mailza-assis-toma-posse-como-governadora-do-acre/","assumiu oficialmente o comando do Poder Executivo estadual nesta quinta-feira, 2 [...] Ela sucede o agora ex-governador Gladson Cameli, que renunciou ao cargo para disputar uma vaga no Senado Federal.","https://acrenews.com.br/decisao-serena-escreve-o-governador-gladson-cameli-em-carta-renuncia-lida-agora-ha-pouco-na-assembleia-legislativa/","formalizou nesta segunda-feira, 24, sua renúncia ao cargo ao encaminhar carta à Assembleia Legislativa do Acre. A saída será efetivada no dia 2 de abril, dentro do prazo legal de desincompatibilização","alta","Carta de renúncia encaminhada à Aleac em 24/03/2026, com efeito em 02/04/2026 (data da transmissão do cargo). Renúncia para disputar o Senado. As páginas oficiais da Agência de Notícias do Acre (agencia.ac.gov.br) sobre a renúncia existem, mas retornaram HTTP 503 e não puderam ser lidas, e por isso as fontes citadas são imprensa regional."
"M1998_AC_4_451_100000104004511","VICE-GOVERNADOR","AC","1998","EDSON SIMÕES CADAXO","falecimento","2002-10-07","ato","","https://www1.folha.uol.com.br/fsp/brasil/fc0810200204.htm","O vice-governador do Acre, Edson Simões Cadaxo, 82, morreu ontem de manhã, em Cruzeiro do Sul, a cerca de 700 km da capital, vítima de hemorragia digestiva.","https://www18.fgv.br/cpdoc/acervo/dicionarios/verbete-biografico/edson-simoes-cadaxo","Com a posse dos novos governantes em 1º de janeiro de 1999, Edson Cadaxo assumiu sua função no Executivo acreano. [...] Faleceu em Rio Banco no dia 7 de outubro de 2002.","alta","Morte no exercício do cargo de vice-governador, antes do fim do mandato. A forma atual do banco (nao_observado) e a ausência de par na Wikipédia não captavam o evento. A Folha de S.Paulo de terça-feira, 08/10/2002, diz 'morreu ontem', isto é, 07/10/2002, e o CPDOC/FGV dá a mesma data. Divergência de local: Folha e Wikipédia dizem Cruzeiro do Sul, o CPDOC diz 'Rio Banco' (Rio Branco). Divergência de idade: a Folha dá 82 anos, a Wikipédia 81 (nascimento em 23/01/1921). Nenhuma fonte lida informa sucessor no cargo de vice. O Alto Acre (oaltoacre.com) também registra a morte do vice de Jorge Viana, sem data."
"M2014_AC_4_13_10000000153","VICE-GOVERNADOR","AC","2014","MARIA NAZARETH MELLO DE ARAUJO LAMBERT","fim_regular","2018-12-31","convencional","Wherles Rocha (Major Rocha), vice eleito em 2018, empossado em 2019-01-01","https://www.al.ac.leg.br/?p=24575","Na tarde desta terça-feira (1º) de janeiro, foi realizada na Assembleia Legislativa do Acre (Aleac) a solenidade de posse do governador eleito, Gladson Cameli (PP), e seu vice, Wherles Rocha (PSDB).","https://ac24horas.com/2018/11/30/nazare-araujo-nomeia-novo-secretario-da-fazenda-acre-que-tambem-respondera-pela-seaprof/","A governadora em exercício do Acre, Nazaré Araújo, assinou a nomeação do novo secretário de Fazenda. O decreto foi rubricado na quarta-feira, dia 28, e publicado nesta sexta, 30, no Diário Oficial","media","Nenhuma fonte encontrada registra saída antecipada. Ela ainda exercia o cargo de vice (e substituía interinamente o governador) em 28/11/2018, e o sucessor tomou posse em 01/01/2019. O site do PT (pt.org.br/nazareth-araujo-o-nome-de-lula-para-senadora-pelo-acre/) afirma: 'Eleita, a chapa exerceu o mandato até 2018.' Foi candidata a 1ª suplente de senador em 2018 sem precisar renunciar. Nenhuma fonte afirma literalmente a conclusão do mandato na data, daí confiança média. Data mantida como fim convencional do banco (mandato_fim)."
"M2022_AC_4_11_10001612477","VICE-GOVERNADOR","AC","2022","MAILZA ASSIS DA SILVA","assumiu_titular","2026-04-02","ato","","https://ac24horas.com/2026/04/02/mailza-assis-toma-posse-como-governadora-do-acre/","A governadora do Acre, Mailza Assis Cameli (Progressistas), assumiu oficialmente o comando do Poder Executivo estadual nesta quinta-feira, 2, durante cerimônia realizada em frente ao Palácio Rio Branco","https://acrenews.com.br/decisao-serena-escreve-o-governador-gladson-cameli-em-carta-renuncia-lida-agora-ha-pouco-na-assembleia-legislativa/","A saída será efetivada no dia 2 de abril, dentro do prazo legal de desincompatibilização para disputar as eleições de 2026. [...] Com a renúncia, a vice-governadora Mailza Assis assume o comando do Executivo estadual.","alta","Assumiu o governo em definitivo após a renúncia de Gladson Cameli (carta à Aleac em 24/03/2026, efeito em 02/04/2026). Termo de posse assinado na cerimônia de 02/04/2026, com protocolos conduzidos pelo vice-presidente da Aleac, Pedro Longo. Nenhuma fonte lida informa novo ocupante do cargo de vice. As páginas da Agência de Notícias do Acre (agencia.ac.gov.br) retornaram HTTP 503 e não puderam ser lidas."
"M2002_AL_3_40_202","GOVERNADOR","AL","2002","RONALDO AUGUSTO LESSA SANTOS","renuncia","2006-03-31","ato","Luís Abílio de Sousa Neto (vice-governador)","https://www.gazetadealagoas.com.br/politica/53679/lessa-deixa-governo-para-tentar-senado","O agora ex-governador Ronaldo Lessa (PDT) declarou, na cerimônia de transmissão de cargo para o vice Luis Abílio de Sousa (PDT), ocorrida no início da noite de ontem","https://www1.folha.uol.com.br/fsp/brasil/fc0104200613.htm","três deixaram os cargos ontem para disputar uma vaga no Senado: Ronaldo Lessa (PDT), de Alagoas, Marconi Perillo (PSDB), Goiás, e Jarbas Vasconcelos (PMDB), Pernambuco.","alta","Ambas as matérias são de 01/04/2006, logo 'ontem' = 31/03/2006. Gazeta de Alagoas de 31/03/2006 (https://www.gazetadealagoas.com.br/politica/53644/luis-ablio-assume-hoje-governo-de-al) informa que o ato de renúncia seria publicado no Diário Oficial do Estado nesse dia e que Abílio tomaria posse na ALE às 9h. O verbete do CPDOC/FGV diz 'Em abril de 2006 renunciou', divergente em um dia; fico com a imprensa da data. Renúncia para disputar o Senado."
"M2018_AL_3_15_20000621744","GOVERNADOR","AL","2018","JOSÉ RENAN VASCONCELOS CALHEIROS FILHO","renuncia","2022-04-02","ato","Klever Rêgo Loureiro (presidente do TJAL, interino)","https://cgj.tjal.jus.br/?pag=verNoticia&not=20456","Klever Loureiro, governou o Estado de Alagoas do dia 2 de abril ao dia 15 de maio. [...] O desembargador ocupou o cargo após a renúncia do então governador Renan Filho para disputar uma vaga no Senado Federal","https://www.poder360.com.br/eleicoes/renan-filho-renuncia-ao-governo-de-alagoas-para-disputar-senado/","O governador de Alagoas, Renan Filho (MDB-AL), anunciou neste sábado (2.abr.2022) sua renúncia ao cargo de chefia do Estado","alta","Dupla vacância: o vice Luciano Barbosa já havia renunciado para assumir a Prefeitura de Arapiraca; o presidente da ALE, Marcelo Victor, não assumiu por disputar a reeleição. Klever Loureiro governou interinamente de 2022-04-02 a 2022-05-15, quando a ALE elegeu Paulo Dantas em eleição indireta. Data coincide com fim_wp."
"M2002_AL_4_40_203","VICE-GOVERNADOR","AL","2002","LUIS ABILIO DE SOUSA NETO","assumiu_titular","2006-03-31","ato","","https://www.gazetadealagoas.com.br/politica/53644/luis-ablio-assume-hoje-governo-de-al","O vice-governador Luis Abílio de Souza toma posse hoje, às 9 horas, em sessão solene, na Assembléia Legislativa, em substituição ao governador Ronaldo Lessa","https://www.gazetadealagoas.com.br/politica/53679/lessa-deixa-governo-para-tentar-senado","O agora ex-governador Ronaldo Lessa (PDT) declarou, na cerimônia de transmissão de cargo para o vice Luis Abílio de Sousa (PDT), ocorrida no início da noite de ontem","alta","Matéria de 31/03/2006 anuncia a posse para o mesmo dia; matéria de 01/04/2006 confirma a transmissão na noite anterior. As duas fontes são do mesmo jornal; a Folha de S.Paulo de 01/04/2006 (fc0104200613) confirma a saída de Lessa em 31/03/2006 de forma independente."
"M2010_AL_4_45_20000000302","VICE-GOVERNADOR","AL","2010","JOSE THOMAZ DA SILVA NONO NETTO","fim_regular","2014-12-31","convencional","","https://www.gazetadealagoas.com.br/politica/153320/passada-a-eleio-non-diz-que-o-dem-precisa-se-reciclar","O vice-governador José Thomaz Nonô, dirigente estadual do DEM","https://www18.fgv.br/cpdoc/acervo/dicionarios/verbete-biografico/jose-tomas-da-silva-nono-neto","NONÔ, José Tomás *dep. fed. AL 1983-1991; const. 1987-1988; dep. fed. AL 1991-200; vice-governador. 2010-2014","media","Não há ato de fim a documentar; a classificação se apoia na ausência de saída antecipada. A Gazeta de Alagoas de 02/11/2014 ainda o chama de vice-governador; o CPDOC/FGV registra o cargo em 2010-2014 sem mencionar renúncia. Varri os endereços (títulos) das matérias da Gazeta de Alagoas de agosto a dezembro de 2014 à procura do nome e de 'vice' e não encontrei notícia de renúncia ou afastamento. Em 01/01/2015 tomaram posse Renan Filho e o vice Luciano Barbosa (Gazeta de Alagoas, 01/01/2015). data_evento segue mandato_fim da entrada. Nenhuma fonte afirma literalmente que ele cumpriu o mandato até o fim. Wikipedia não tinha par para esta linha."
"M2018_AL_4_15_20000621743","VICE-GOVERNADOR","AL","2018","JOSE LUCIANO BARBOSA DA SILVA","renuncia","2020-12-30","ato","","https://vicegovernadoria.al.gov.br/vice-governadores/51-paginas/vice-governadores/490-jose-luciano-barbosa-da-silva","embora tenha sido reeleito vice-governador em 2018, conforme a Emenda Constitucional nº 16/1997, José Luciano renunciou ao cargo para assumir a Prefeitura de Arapiraca","https://www.gazetadealagoas.com.br/politica/298766/renuncias-tambem-marcam-dia-que-antecede-as-posses","O dia ontem foi de renúncia de cargos para futuros prefeitos [...] Quem também precisou renunciar ao cargo foi o vice-governador Luciano Barbosa (MDB), prefeito eleito de Arapiraca.","media","Renúncia para assumir a Prefeitura de Arapiraca (posse em 01/01/2021, segundo o site da Vice-Governadoria). A coluna da Gazeta de Alagoas é de 31/12/2020, logo 'ontem' = 30/12/2020; o advogado Fábio Gomes confirma que o pedido de renúncia já fora encaminhado ao Palácio República dos Palmares e seria comunicado à ALE. Não localizei o ato publicado no Diário Oficial, de modo que a data de publicação pode ser posterior. Diário do Poder (19/07/2022, lido via r.jina.ai) confirma 'Em dezembro de 2020, Barbosa renunciou ao mandato'; Cadaminuto (15/05/2022) diz 'desde outubro de 2020', incompatível com as demais, pois a Gazeta de Alagoas de 01/10/2020 ainda o trata como vice em exercício. fim_wp 2021-01-01 diverge em dois dias. O cargo de vice ficou vago até a eleição indireta de José Wanderley Neto pela ALE em 15/05/2022."
"M2006_AM_3_15_10587","GOVERNADOR","AM","2006","CARLOS EDUARDO DE SOUZA BRAGA","renuncia","2010-03-31","ato","Omar Aziz (vice-governador)","https://web.archive.org/web/20160602233427/http://www.amazonas.am.gov.br/2010/12/posse-de-omar-aziz-e-jos-melo-hoje-no-teatro-amazonas","O engenheiro civil Omar José Abdel Aziz assumiu o Governo do Amazonas no dia 31 de março de 2010, em substituição ao então governador Eduardo Braga, que renunciou para concorrer a uma vaga no Senado Federal.","https://www.cmm.am.gov.br/memorial/omar-jose-abdel-aziz/","No dia 31 de março de 2010, com a renúncia do Governador do Estado do Amazonas, Omar Aziz assumiu o Governo.","alta","Renúncia para disputar o Senado. Fonte 1 é notícia do portal do Governo do Amazonas (dez/2010), hoje fora do ar (HTTP 404) e lida na cópia do Internet Archive. A IstoÉ Dinheiro de 31/03/2010 (arquivo 18410) antecipava: 'A debandada dos governadores começa hoje, quando saem do cargo [...] Eduardo Braga (PMDB), do Amazonas'. Rádio Itatiaia (perfil de Omar Aziz) também registra 31 de março de 2010. Data coincide com fim_wp."
"M2010_AM_3_33_40000000289","GOVERNADOR","AM","2010","OMAR JOSÉ ABDEL AZIZ","renuncia","2014-04-04","ato","José Melo de Oliveira (vice-governador)","https://web.archive.org/web/20140404025122/http://www.amazonas.am.gov.br/2014/03/omar-aziz-declara-que-deixara-governo-no-proximo-dia-4-de-abril/","O governador Omar Aziz declarou na manhã desta terça-feira, dia 25 de março, que renunciará no dia 4 de abril próximo para se candidatar à vaga de senador pelo Amazonas nas próximas Eleições de outubro.","http://g1.globo.com/am/amazonas/noticia/2014/04/jose-melo-assume-o-governo-do-amazonas-nesta-sexta-feira-04.html","O vice-governador do Amazonas, José Melo (PROS), assume o governo do estado nesta sexta-feira (04). A cerimônia de posse será realizada no Teatro Amazonas. Omar Aziz (PSD) deixará o governo para tentar vaga no Senado.","alta","Renúncia para disputar o Senado. A fonte oficial (portal do Governo do Amazonas, 25/03/2014, lida no Internet Archive) anuncia a data de 4 de abril, e o G1 de 04/04/2014 confirma a transmissão no mesmo dia, com posse às 19h30 no Teatro Amazonas. O verbete do CPDOC/FGV sobre José Melo diz apenas 'No mês de abril de 2014'. O Blog do Hiel Levy (09/05/2017, opinativo) menciona 'primeiro de abril de 2014', data que nenhuma outra fonte sustenta."
"M2014_AM_3_90_40000000487","GOVERNADOR","AM","2014","JOSÉ MELO DE OLIVEIRA","cassacao","2017-05-04","ato","David Almeida (presidente da Assembleia Legislativa, interino, posse em 2017-05-09)","http://web.archive.org/web/20210523121927/http://www.tse.jus.br/imprensa/noticias-tse/2017/Maio/tse-cassa-governador-do-amazonas-e-determina-nova-eleicao-para-o-cargo","O Tribunal Superior Eleitoral (TSE) confirmou, na sessão desta quinta-feira (4), a cassação do mandato do governador reeleito do Amazonas, José Melo (PROS), e de seu vice, José Henrique de Oliveira, por compra de votos nas eleições de 2014.","https://agenciabrasil.ebc.com.br/politica/noticia/2017-05/presidente-da-assembleia-legislativa-do-amazonas-assume-governo-do-am","O termo de posse foi assinado na manhã de hoje (9), por volta das 10h30 [...] um oficial de Justiça [...] notificou o deputado estadual da decisão do Tribunal Superior Eleitoral (TSE) que cassou o mandato do governador José Melo, no dia 4","alta","Cassação por compra de votos (captação ilícita de sufrágio) julgada pelo TSE em 04/05/2017 (5 a 2). O TRE-AM já havia cassado o mandato em 26/01/2016, mas Melo permaneceu no cargo enquanto recorria. A saída efetiva ocorreu em 09/05/2017, quando David Almeida tomou posse interinamente após notificação do TRE-AM (a ministra Rosa Weber mandou cumprir o julgamento na noite de 08/05, antes da publicação do acórdão). fim_wp (2017-05-09) corresponde à posse do interino. Página do TSE no ar retorna HTTP 403 e foi lida na cópia do Internet Archive. Agência Brasil de 04/05/2017 (tse-confirma-cassacao-do-governador-do-amazonas-e-decide-por-novas-eleicoes) também confirma. Segundo a lista da Wikipédia (não verificado), o mandato foi depois ocupado por Amazonino Mendes, eleito em eleição suplementar."
"M2022_AM_3_44_40001619528","GOVERNADOR","AM","2022","WILSON MIRANDA LIMA","renuncia","2026-04-04","ato","Roberto Cidade (presidente da Assembleia Legislativa, interino, eleito governador em eleição indireta em 2026-05-04)","https://g1.globo.com/am/amazonas/eleicoes/2026/noticia/2026/05/04/roberto-cidade-e-eleito-governador-do-amazonas-em-eleicao-indireta.ghtml","Wilson Lima e Tadeu de Souza renunciaram aos cargos de governador e vice do Amazonas. As cartas foram publicadas em edição extra do Diário Oficial da Aleam neste sábado (4). [...] As renúncias têm efeito imediato desde 4 de abril de 2026.","https://www.acritica.com/politica/wilson-e-tadeu-renunciam-e-roberto-cidade-e-o-novo-governador-do-am-1.400449","Ele assume o cargo interinamente após a renuncia do então governador Wilson Lima e de seu vice, Tadeu de Souza. As cartas de renúncia de ambos foram apresentadas às 23h de ontem, em carta escrita à mão, ao presidente da Assembleia.","alta","Renúncia para disputar o Senado, no último dia do prazo de desincompatibilização. A Crítica publicou em 05/04/2026 às 03h05, logo 'às 23h de ontem' corresponde a 04/04/2026, e a BNC Amazonas descreve as renúncias 'já próximo da meia-noite'. Houve dupla vacância (governador e vice) nos dois últimos anos do mandato, e por isso o presidente da Aleam, Roberto Cidade, assumiu interinamente e foi eleito pela Aleam em 04/05/2026, com Serafim Corrêa como vice, para completar o mandato. O Diário Oficial da Aleam (edição extra de 04/04/2026) é citado pelas fontes, mas não foi localizado nem lido."
"M2006_AM_4_15_10594","VICE-GOVERNADOR","AM","2006","OMAR JOSÉ ABDEL AZIZ","assumiu_titular","2010-03-31","ato","","https://web.archive.org/web/20160602233427/http://www.amazonas.am.gov.br/2010/12/posse-de-omar-aziz-e-jos-melo-hoje-no-teatro-amazonas","O engenheiro civil Omar José Abdel Aziz assumiu o Governo do Amazonas no dia 31 de março de 2010, em substituição ao então governador Eduardo Braga, que renunciou para concorrer a uma vaga no Senado Federal.","https://www.cmm.am.gov.br/memorial/omar-jose-abdel-aziz/","No dia 31 de março de 2010, com a renúncia do Governador do Estado do Amazonas, Omar Aziz assumiu o Governo.","alta","A forma atual do banco (renuncia, via Wikidata) está incorreta. Omar Aziz sucedeu em definitivo o titular Eduardo Braga, que renunciou para disputar o Senado, e deixou a vice-governadoria por essa sucessão. Rádio Itatiaia registra a mesma data ('Em 31 de março de 2010, quando Braga renunciou ao cargo para disputar o Senado Federal, Aziz assumiu o Palácio Rio Negro'). Fonte 1 lida na cópia do Internet Archive (página original fora do ar). Nenhuma fonte lida informa ocupante do cargo de vice depois dessa data. sucessor_wp (José Melo, 2011-01-01) é o vice eleito em 2010."
"M2010_AM_4_33_40000000290","VICE-GOVERNADOR","AM","2010","JOSÉ MELO DE OLIVEIRA","assumiu_titular","2014-04-04","ato","","https://web.archive.org/web/20140404025122/http://www.amazonas.am.gov.br/2014/03/omar-aziz-declara-que-deixara-governo-no-proximo-dia-4-de-abril/","“Saio dia 4 e passo a faixa ao meu vice-governador José Melo.","http://g1.globo.com/am/amazonas/noticia/2014/04/jose-melo-assume-o-governo-do-amazonas-nesta-sexta-feira-04.html","O vice-governador do Amazonas, José Melo (PROS), assume o governo do estado nesta sexta-feira (04). A cerimônia de posse será realizada no Teatro Amazonas.","alta","Assumiu o governo em definitivo após a renúncia de Omar Aziz para disputar o Senado. A fonte oficial (portal do Governo do Amazonas, 25/03/2014, lida no Internet Archive) anuncia a transmissão para 4 de abril, e o G1 de 04/04/2014 a confirma para o mesmo dia, com posse às 19h30. O verbete do CPDOC/FGV registra 'No mês de abril de 2014, acabou sendo empossado governador do Amazonas'. Nenhuma fonte lida informa ocupante do cargo de vice depois dessa data."
"M2014_AM_4_90_40000000488","VICE-GOVERNADOR","AM","2014","JOSÉ HENRIQUE OLIVEIRA","cassacao","2017-05-04","ato","","http://web.archive.org/web/20210523121927/http://www.tse.jus.br/imprensa/noticias-tse/2017/Maio/tse-cassa-governador-do-amazonas-e-determina-nova-eleicao-para-o-cargo","O Tribunal Superior Eleitoral (TSE) confirmou, na sessão desta quinta-feira (4), a cassação do mandato do governador reeleito do Amazonas, José Melo (PROS), e de seu vice, José Henrique de Oliveira, por compra de votos nas eleições de 2014.","https://agenciabrasil.ebc.com.br/politica/noticia/2017-05/tse-confirma-cassacao-do-governador-do-amazonas-e-decide-por-novas-eleicoes","Por 5 votos a 2, o Tribunal Superior Eleitoral (TSE) confirmou hoje (4) a cassação do mandato do governador do Amazonas, José Melo (Pros). [...] O vice-governador, Henrique de Oliveira (SD), também foi cassado.","alta","Cassado junto com o titular pelo TSE em 04/05/2017. O TRE-AM já havia cassado os dois em 26/01/2016, e ambos permaneceram nos cargos durante o recurso. A execução se deu com a posse do presidente da Aleam, David Almeida, como governador interino em 09/05/2017 (Agência Brasil, 09/05/2017). Página do TSE no ar retorna HTTP 403 e foi lida na cópia do Internet Archive. Segundo a lista da Wikipédia (não verificado), o vice seguinte foi Bosco Saraiva, eleito na eleição suplementar de 2017."
"M2022_AM_4_44_40001619527","VICE-GOVERNADOR","AM","2022","TADEU DE SOUZA SILVA","renuncia","2026-04-04","ato","Serafim Corrêa (eleito vice-governador em eleição indireta na Aleam em 2026-05-04)","https://g1.globo.com/am/amazonas/eleicoes/2026/noticia/2026/05/04/roberto-cidade-e-eleito-governador-do-amazonas-em-eleicao-indireta.ghtml","Wilson Lima e Tadeu de Souza renunciaram aos cargos de governador e vice do Amazonas. As cartas foram publicadas em edição extra do Diário Oficial da Aleam neste sábado (4). [...] As renúncias têm efeito imediato desde 4 de abril de 2026.","https://www.acritica.com/politica/wilson-e-tadeu-renunciam-e-roberto-cidade-e-o-novo-governador-do-am-1.400449","Ele assume o cargo interinamente após a renuncia do então governador Wilson Lima e de seu vice, Tadeu de Souza. As cartas de renúncia de ambos foram apresentadas às 23h de ontem, em carta escrita à mão, ao presidente da Assembleia.","alta","Renúncia simultânea à do governador Wilson Lima, no fim do prazo de desincompatibilização. Segundo a BNC Amazonas, Tadeu deixou o cargo 'para concorrer a deputado federal'. A Crítica publicou em 05/04/2026 às 03h05 ('às 23h de ontem' = 04/04/2026). O cargo de vice ficou vago até a eleição indireta de 04/05/2026, em que a Aleam elegeu a chapa Roberto Cidade e Serafim Corrêa (G1). sucessor_ini da lista (2026-05-04) coincide com a data da eleição indireta, e a data de posse de Serafim Corrêa não foi confirmada."
"M1998_AP_3_40_300000303000401","GOVERNADOR","AP","1998","JOAO ALBERTO RODRIGUES CAPIBERIBE","renuncia","2002-04-05","ato","Dalva Figueiredo (vice-governadora)","https://www1.folha.uol.com.br/fsp/brasil/fc0904200219.htm","O ex-governador do Amapá João Capiberibe (PSB) disse ontem [...] disse Capiberibe, que renunciou na sexta-feira para concorrer ao Senado.","https://www18.fgv.br/cpdoc/acervo/dicionarios/verbete-biografico/joao-alberto-rodrigues-capiberibe","O segundo governo de João Capiberibe se estendeu até 2002, quando renunciou para concorrer ao Senado Federal.","media","Renúncia para disputar o Senado. A data vem de dedução a partir da Folha de S.Paulo de terça-feira, 09/04/2002, que diz 'renunciou na sexta-feira', isto é, 05/04/2002 (último dia útil antes do prazo de desincompatibilização de 06/04/2002). O CPDOC confirma a forma e o ano, e o verbete de Dalva Figueiredo no CPDOC diz que ela assumiu 'Em abril de 2002'. Nenhuma fonte lida traz a data escrita por extenso. A Wikipédia em inglês dá 1º/04/2002, divergente de fim_wp (2002-04-05) e da Folha."
"M2006_AP_3_12_10081","GOVERNADOR","AP","2006","ANTONIO WALDEZ GÓES DA SILVA","renuncia","2010-04-03","ato","Pedro Paulo Dias (vice-governador)","http://g1.globo.com/politica/noticia/2010/09/ex-governador-do-amapa-waldez-goes-tambem-e-preso-diz-advogado.html","Desde 3 abril de 2010, é governador do Amapá. Ele assumiu após Waldez Góes ter deixado o cargo para se candidatar ao Senado.","https://web.archive.org/web/20110724150414/http://www.istoedinheiro.com.br/noticias/18410_DEZ+GOVERNADORES+DEVEM+DEIXAR+O+CARGO+ATE+SABADO","O governador do Amapá, Waldez Góes (PDT), desincompatibiliza-se até a data máxima prevista, no sábado. Góes concorre ao Senado.","media","Saída para disputar o Senado. O G1 (10/09/2010) dá 03/04/2010 como início do governo de Pedro Paulo Dias. A IstoÉ Dinheiro (31/03/2010, lida no Internet Archive) anunciava a saída para o sábado, 03/04/2010, último dia do prazo, mas é notícia prévia ao fato. O CPDOC/FGV (verbete gois-valdez) registra apenas 'Em abril de 2010, abdicou do governo amapaense para concorrer ao Senado Federal', e o Painel da Folha de 05/04/2010 já dá o Amapá como governado pelo PP. Divergências: fim_wp traz 2010-04-05, o texto da Wikipédia diz 4 de abril (citando a própria IstoÉ, que não diz isso) e uma nota da mesma página diz 1º de abril. Fonte oficial (Diário Oficial ou Assembleia do Amapá) não localizada."
"M1998_AP_4_131_300000304001311","VICE-GOVERNADOR","AP","1998","MARIA DALVA DE SOUZA FIGUEIREDO","assumiu_titular","2002-04-05","ato","","https://www18.fgv.br/cpdoc/acervo/dicionarios/verbete-biografico/figueiredo-dalva","Em abril de 2002 assumiu o governo do estado, quando o governador deixou o cargo para se candidatar a uma vaga no Senado Federal.","https://www1.folha.uol.com.br/fsp/brasil/fc0904200219.htm","O ex-governador do Amapá João Capiberibe (PSB) disse ontem [...] disse Capiberibe, que renunciou na sexta-feira para concorrer ao Senado.","media","Assumiu o governo em definitivo com a renúncia de João Capiberibe e governou até 01/01/2003 (a Folha de 28/10/2002, fc2810200284, a chama de 'governadora e candidata à reeleição'). O CPDOC dá só o mês. O dia 05/04/2002 é deduzido da Folha de terça-feira, 09/04/2002 ('renunciou na sexta-feira'). A biografia da Câmara dos Deputados (camara.leg.br/deputados/141502/biografia) registra 'Governador(a), AP, Partido: PT, Período: 2002 a 2002'. A Wikipédia em inglês dá 5 April 2002 para o início do governo dela."
"M2006_AP_4_12_10082","VICE-GOVERNADOR","AP","2006","PEDRO PAULO DIAS DE CARVALHO","assumiu_titular","2010-04-03","ato","","http://g1.globo.com/politica/noticia/2010/09/ex-governador-do-amapa-waldez-goes-tambem-e-preso-diz-advogado.html","Em 2006, foi reeleito como vice. Desde 3 abril de 2010, é governador do Amapá. Ele assumiu após Waldez Góes ter deixado o cargo para se candidatar ao Senado.","https://web.archive.org/web/20110724150414/http://www.istoedinheiro.com.br/noticias/18410_DEZ+GOVERNADORES+DEVEM+DEIXAR+O+CARGO+ATE+SABADO","O governador do Amapá, Waldez Góes (PDT), desincompatibiliza-se até a data máxima prevista, no sábado. Góes concorre ao Senado.","media","Assumiu o governo em definitivo com a saída de Waldez Góes para disputar o Senado. Só o G1 (10/09/2010) traz a data (03/04/2010). A IstoÉ Dinheiro (31/03/2010) é notícia prévia que previa a saída até o sábado, 03/04/2010. Divergência com fim_wp (2010-04-04) e com a nota da Wikipédia sobre Waldez (1º/04/2010). Já como governador, Pedro Paulo foi preso na Operação Mãos Limpas em 10/09/2010 e reassumiu ao ser solto (Estadão, 'Solto pela PF, Pedro Paulo reassume governo do AP'). Esse afastamento ocorreu no mandato de governador e não altera o fim do mandato de vice. Fonte oficial não localizada."
"M2014_AP_4_12_30000000099","VICE-GOVERNADOR","AP","2014","JOÃO BOSCO PAPALÉO PAES","renuncia","2018-08-07","ato","","https://g1.globo.com/ap/amapa/eleicoes/2018/noticia/2018/08/07/vice-governador-do-amapa-papaleo-paes-anuncia-que-vai-renunciar-ao-cargo.ghtml","O vice-governador do Amapá Papaléo Paes ( PSD ) anunciou renúncia do cargo na manhã desta terça-feira (7) após entrevista coletiva no Palácio do Setentrião [...] O pedido de saída foi protocolado na Assembleia Legislativa do Amapá (Alap).","https://www.diariodoamapa.com.br/cadernos/politica/medico-papaleo-paes-morre-aos-67-anos-vitima-da-covid-19/","A substituição gerou insatisfação e em 7 de agosto de 2018, Papaléo Paes reuniu a imprensa no Palácio do Setentrião, onde anunciou a renúncia do cargo.","alta","Renúncia depois que Waldez Góes escolheu Jaime Nunes como candidato a vice em 2018 (convenção de 04/08/2018). Carta protocolada na Alap em 07/08/2018. Seles Nafes (selesnafes.com/2020/06/aos-67-anos-morre-papaleo-paes/) traz legenda de foto com 'Papaléo lendo sua carta de renúncia no dia 8 de agosto de 2018', um dia depois, e não se sabe se a leitura foi um ato distinto. O G1 de 26/06/2020 confirma: 'Permaneceu na função até agosto de 2018, quando renunciou ao cargo'. O cargo de vice ficou sem ocupante até 01/01/2019 segundo a lista (sucessor_wp Jaime Nunes, 2019-01-01), fato não verificado em fonte. A sigla PSD no G1 diverge da filiação PP registrada em outras fontes."
"M2018_AP_4_12_30000613619","VICE-GOVERNADOR","AP","2018","JAIME DOMINGUEZ NUNES","fim_regular","2022-12-31","convencional","Antônio Teles Júnior, vice eleito em 2022, empossado em 2023-01-01","https://g1.globo.com/ap/amapa/noticia/2023/01/01/clecio-luis-toma-posse-para-o-1o-mandato-como-governador-do-amapa.ghtml","Clécio Luís (Solidariedade), de 50 anos, tomou posse na madrugada deste domingo (1º) como governador do Estado do Amapá [...] Além dele, também foi empossado o vice-governador Antônio Teles Júnior (PDT).","https://www.cnnbrasil.com.br/politica/pesquisa-ipec-governo-do-amapa-clecio-luis-tem-41-jaime-nunes-35/","mostra o ex-prefeito de Macapá Clécio Luís (Solidariedade), com 41%, e o vice-governador do estado Jaime Nunes (PSD), com 35%. O primeiro turno está marcado para 2 de outubro.","media","Nenhuma fonte encontrada registra saída antecipada. Jaime Nunes ainda era vice-governador em agosto de 2022, quando disputava o governo pelo PSD (candidatura de vice ao cargo de titular, que não exige renúncia), e o sucessor tomou posse em 01/01/2023. O G1 registra que Waldez Góes era 'o governador até então em exercício' na posse, de modo que Jaime não assumiu a titularidade. Nenhuma fonte afirma literalmente a conclusão do mandato de vice, daí confiança média. Data mantida como fim convencional do banco (mandato_fim)."
"M1998_BA_3_25_500000503000251","GOVERNADOR","BA","1998","CÉSAR AUGUSTO RABELLO BORGES","renuncia","2002-04-05","ato","Otto Alencar (vice-governador)","https://www.al.ba.gov.br/deputados/ex-deputado-estadual/5000455","vice-governador, 01/01/1999 - 05/04/2002; governador da Bahia de 06/04 a 31/12/2002","https://www1.folha.uol.com.br/folha/brasil/ult96u31011.shtml","Hoje é o último dia útil para os governadores que desejam se candidatar na eleição de outubro deixarem os cargos que ocupam. [...] Veja quem deixa o cargo: [...] Bahia - César Borges (PFL) É candidato ao Senado","media","Renúncia para disputar o Senado. Forma confirmada por várias fontes (Folha Online 05/04/2002; CPDOC/FGV, verbete cesar-augusto-rabelo-borges: 'renunciou em 2002'; A Tarde: 'deixou o mandato em abril de 2002'). O dia não aparece em notícia datada: a ficha oficial de Otto Alencar na ALBA encerra a vice-governadoria em 05/04/2002 e inicia o governo em 06/04/2002, e fim_wp dá 2002-04-05. Fico com 05/04/2002 (último dia útil do prazo, segundo a Folha), mas a data pode ser 06/04. A ficha de César Borges na própria ALBA diz 'renunciou em dez. 2002', erro evidente diante das demais fontes."
"M1998_BA_4_221_500000504002211","VICE-GOVERNADOR","BA","1998","OTTO ROBERTO MENDONCA DE ALENCAR","assumiu_titular","2002-04-06","ato","","https://www.al.ba.gov.br/deputados/ex-deputado-estadual/5000455","vice-governador, 01/01/1999 - 05/04/2002; governador da Bahia de 06/04 a 31/12/2002","https://politicaaovivo.com/agora-com-rui-costa-bahia-tem-oito-ex-governadores-vivos-relembre/","Ocupou o cargo de vice-governador de 1999 até abril de 2002, quando assumiu o governo após a renúncia de César Borges, que se candidatou ao Senado.","media","Data da posse como governador segundo a ficha oficial da ALBA (06/04/2002); fim_wp e a Wikipédia dão 05/04/2002. A segunda fonte e o site do próprio Otto Alencar ('Em 2002, assumiu o governo no período de abril a dezembro daquele ano') confirmam só o mês. Divergência de um dia não resolvida por notícia datada."
"M1998_CE_3_45_600000603000451","GOVERNADOR","CE","1998","TASSO RIBEIRO JEREISSATI","renuncia","2002-04-05","ato","Beni Veras (Benedito Clayton Veras Alcântara, vice-governador)","https://diariodonordeste.verdesmares.com.br/opiniao/colunistas/inacio-aguiar/apos-20-anos-ceara-volta-a-ter-renuncia-de-um-governador-veja-como-e-a-transmissao-do-cargo-1.3212079","Naquele ano, no dia 5 de abril, o gabinete do então governador enviou à Assembleia Legislativa do Estado um termo de transmissão do Cargo [...] Após a renúncia de Tasso Jereissati assumiu o cargo o então vice-governador","https://www1.folha.uol.com.br/fsp/brasil/fc0704200202.htm","Anteontem, o governador Tasso Jereissati (PSDB), preterido pelo partido em favor do senador José Serra na disputa presidencial, renunciou ao cargo para disputar uma vaga ao Senado.","alta","A Folha é de 07/04/2002, logo 'anteontem' = 05/04/2002. fim_wp (2002-04-06) diverge em um dia das fontes; fico com 05/04/2002. Renúncia para disputar o Senado. Não localizei ato no Diário Oficial ou página da Assembleia."
"M2018_CE_3_13_60000610979","GOVERNADOR","CE","2018","CAMILO SOBREIRA DE SANTANA","renuncia","2022-04-02","ato","Izolda Cela (vice-governadora)","https://www.fortaleza.ce.gov.br/noticias/primeira-mulher-governadora-efetiva-do-ceara-izolda-cela-toma-posse-neste-sabado-02-04","Na ocasião, também foi lida a carta de renúncia do ex-governador Camilo Santana, marcando a descompatibilização do gestor. Na sequência, houve a cerimônia de transmissão do cargo de Camilo Santana para Izolda Cela, no Palácio da Abolição.","https://g1.globo.com/ce/ceara/eleicoes/2022/noticia/2022/04/02/posse-de-izolda-cela-no-ceara.ghtml","A ex-vice-governadora do Ceará, Izolda Cela (PDT), tomou posse como chefe do Executivo em sessão solene na Assembleia Legislativa na tarde deste sábado (2) . Ela assumiu após a renúncia do ex-governador Camilo Santana (PT).","alta","Carta de renúncia lida em sessão extraordinária da Assembleia Legislativa do Ceará em 02/04/2022, por volta das 16h15, seguida da posse de Izolda Cela (G1). Renúncia para disputar o Senado. Não localizei página oficial do governo ou da Assembleia com a notícia. Fonte_1 atualizada em 21/09/2026 para noticia publicada por orgao publico, apos conferir o trecho no documento baixado; a fonte de imprensa que estava em fonte_1 passa a fonte_2, como pista."
"M1998_CE_4_451_600000604004511","VICE-GOVERNADOR","CE","1998","BENEDITO CLAYTON VERAS ALCÂNTARA","assumiu_titular","2002-04-05","ato","","https://diariodonordeste.verdesmares.com.br/opiniao/colunistas/inacio-aguiar/apos-20-anos-ceara-volta-a-ter-renuncia-de-um-governador-veja-como-e-a-transmissao-do-cargo-1.3212079","Naquele ano, no dia 5 de abril, o gabinete do então governador enviou à Assembleia Legislativa do Estado um termo de transmissão do Cargo [...] Após a renúncia de Tasso Jereissati assumiu o cargo o então vice-governador","https://www18.fgv.br/cpdoc/acervo/dicionarios/verbete-biografico/veras-beni","Em abril de 2002 tornou-se governador do estado, em virtude da renúncia de Jereissati, que se afastou do cargo para concorrer às eleições ao Senado Federal.","alta","CPDOC/FGV dá só o mês; a data exata vem do Diário do Nordeste e é corroborada pela Folha de 07/04/2002 ('anteontem' Tasso renunciou). Segundo o CPDOC, Beni Veras transmitiu o governo a Lúcio Alcântara em janeiro de 2003."
"M2018_CE_4_13_60000610980","VICE-GOVERNADOR","CE","2018","MARIA IZOLDA CELA DE ARRUDA COELHO","assumiu_titular","2022-04-02","ato","","https://www.fortaleza.ce.gov.br/noticias/primeira-mulher-governadora-efetiva-do-ceara-izolda-cela-toma-posse-neste-sabado-02-04","Na ocasião, também foi lida a carta de renúncia do ex-governador Camilo Santana, marcando a descompatibilização do gestor. Na sequência, houve a cerimônia de transmissão do cargo de Camilo Santana para Izolda Cela, no Palácio da Abolição.","https://g1.globo.com/ce/ceara/eleicoes/2022/noticia/2022/04/02/posse-de-izolda-cela-no-ceara.ghtml","A ex-vice-governadora do Ceará, Izolda Cela (PDT), tomou posse como chefe do Executivo em sessão solene na Assembleia Legislativa na tarde deste sábado (2) .","alta","As duas matérias são do g1 CE; o Diário do Nordeste de 02/04/2022 (coluna de Inácio Aguiar) confirma de forma independente a posse marcada para esse dia. Fonte_1 atualizada em 21/09/2026 para noticia publicada por orgao publico, apos conferir o trecho no documento baixado; a fonte de imprensa que estava em fonte_1 passa a fonte_2, como pista."
"M2002_DF_3_15_512","GOVERNADOR","DF","2002","JOAQUIM DOMINGOS RORIZ","renuncia","2006-03-31","ato","Maria de Lourdes Abadia","https://goias.gov.br/vicegovernadoria/joaquim-domingos-roriz/","Renunciou em março de 2006, desincompatibilizando-se e lançou-se candidato senador pelo Distrito Federal na legenda do PMDB. Em seu lugar no governo foi empossada a vice, Maria de Lourdes Abadia.","https://www.psdb.org.br/acompanhe/noticias/abadia-assume-o-governo-do-distrito-federal/","Notícias - 31/03/2006 Brasília (31 de março) – A presidente do PSDB Mulher, Maria de Loudes Abadia , assumiu nesta sexta-feira o governo do Distrito Federal, no lugar de Joaquim Roriz (PMDB).","alta","Renúncia para desincompatibilização (candidatura ao Senado). Fonte_1 (site do governo de Goiás, página biográfica da Vice-Governadoria) dá só o mês; o dia 31/03/2006 vem do PSDB (partido de Abadia, fonte não neutra) e é corroborado por Bernadete Alves (https://bernadetealves.com/2023/10/23/abadia-primeira-mulher-a-governar-brasilia-toma-posse-como-academica-no-ihg-df/: 'tomado posse como governadora em 31 de março de 2006'). Não localizei ato no DODF nem na CLDF."
"M2006_DF_3_25_10382","GOVERNADOR","DF","2006","JOSÉ ROBERTO ARRUDA","cassacao","2010-03-16","ato","Wilson Lima (presidente da CLDF, interino); depois Rogério Rosso (eleição indireta, posse 2010-04-19)","https://www.tre-df.jus.br/jurisprudencia/informativo-tematico/perda-de-mandato-eletivo-por-infidelidade-partidaria","Pedido julgado procedente, decretada a perda do direito do requerido de exercer o mandato de Governador do Distrito Federal. (Petição nº 335-69, Acórdão nº 2885, de 16/03/2010","https://www.cl.df.gov.br/-/camara-e-notificada-sobre-cassacao-de-arruda-pelo-tre","Publicado em 18/03/2010 [...] a decisão do tribunal de cassar o mandato de governador de José Roberto Arruda, por infidelidade partidária. A decisão judicial foi tomada na última terça-feira (16)","alta","Perda do mandato por infidelidade partidária (desfiliação do DEM), acórdão TRE-DF 2885 de 16/03/2010, publicado no DJE em 18/03/2010. Antes disso houve afastamento: em 11/02/2010 o STJ decretou a prisão preventiva de Arruda, que pediu afastamento do cargo à CLDF no mesmo dia (https://www.cl.df.gov.br/-/apos-decretacao-de-prisao-arruda-pede-afastamento); Paulo Octávio exerceu interinamente e renunciou em 23/02/2010, e Wilson Lima (presidente da CLDF) assumiu interinamente. Rogério Rosso foi eleito indiretamente em 17/04/2010 e empossado em 19/04/2010 (CLDF, https://www.cl.df.gov.br/-/governador-e-vice-governadora-do-df-tomam-posse). Congresso em Foco (16/3/2010) confirma. Não verifiquei desfecho de eventual recurso ao TSE, mas a sucessão indireta se consumou. fim_wp coincide com a fonte."
"M2022_DF_3_15_70001651044","GOVERNADOR","DF","2022","IBANEIS ROCHA BARROS JÚNIOR","renuncia","2026-03-28","ato","Celina Leão","https://www.cl.df.gov.br/-/celina-leao-toma-posse-como-governadora-do-distrito-federal","Publicado em 30/03/2026 [...] Celina tomou posse após o governador Ibaneis Rocha renunciar ao cargo, no sábado (28), a fim de cumprir o prazo de desincompatibilização exigido pela legislação eleitoral","https://www.correiobraziliense.com.br/cidades-df/2026/03/7386160-eleicoes-ibaneis-rocha-deixa-o-governo-do-df-para-concorrer-ao-senado.html","o governador do Distrito Federal, Ibaneis Rocha (MDB), formalizou, nesse sábado (28/3), sua saída do cargo para se desincompatibilizar e concorrer a uma vaga ao Senado.","alta","Renúncia para disputar o Senado, formalizada por mensagem à CLDF no sábado 28/03/2026; Celina Leão tomou posse na CLDF em 30/03/2026. fim_wp (2026-03-30) é a data da posse da sucessora, 2 dias após a renúncia. Mandato marcado em_curso=TRUE no insumo, mas houve saída antecipada. A CLDF registra que Celina cumpre mandato até 6 de janeiro de 2027."
"M2002_DF_4_15_1594","VICE-GOVERNADOR","DF","2002","MARIA DE LOURDES ABADIA","assumiu_titular","2006-03-31","ato","","https://www.psdb.org.br/acompanhe/noticias/abadia-assume-o-governo-do-distrito-federal/","Notícias - 31/03/2006 Brasília (31 de março) – A presidente do PSDB Mulher, Maria de Loudes Abadia , assumiu nesta sexta-feira o governo do Distrito Federal, no lugar de Joaquim Roriz (PMDB).","https://bernadetealves.com/2023/10/23/abadia-primeira-mulher-a-governar-brasilia-toma-posse-como-academica-no-ihg-df/","Em 2002, foi eleita vice-governadora do Distrito Federal, tendo tomado posse como governadora em 31 de março de 2006, após o afastamento do governador Joaquim Roriz, que se desincompatibilizou para disputar uma vaga no Senado.","alta","Assumiu o governo em definitivo com a renúncia de Roriz (março de 2006); segundo o Metrópoles (https://www.metropoles.com/janela-indiscreta/aos-77-anos-unica-governadora-do-df-avalia-disputar-mais-uma-eleicao), 'Tentou se manter no cargo, mas foi derrotada'. O site do governo de Goiás (https://goias.gov.br/vicegovernadoria/joaquim-domingos-roriz/) confirma que 'foi empossada a vice, Maria de Lourdes Abadia', sem dia. Fontes são de partido (PSDB) e de blog jornalístico de Brasília; não localizei DODF nem CLDF. O cargo de vice ficou vago; sucessor_wp (Paulo Octávio, 2007) é o vice do mandato seguinte."
"M2006_DF_4_25_10383","VICE-GOVERNADOR","DF","2006","PAULO OCTÁVIO ALVES PEREIRA","renuncia","2010-02-23","ato","Wilson Lima (presidente da CLDF, exercício interino do governo); vaga de vice preenchida por Ivelise Longhi (eleição indireta, posse 2010-04-19)","https://www.cl.df.gov.br/-/paulo-octavio-renuncia-em-carta-enviada-a-camara-legislativa","Publicado em 23/02/2010 19h11 Em carta enviada à Câmara Legislativa, o vice-governador Paulo Octávio (sem partido) renunciou oficialmente na tarde desta terça-feira (23), afastando-se do cargo de governador interino","https://www.conjur.com.br/2010-fev-23/paulo-octavio-renuncia-cargo-governador-exercicio-df/","Brasília, 23 de fevereiro de 2010 [...] comunico ao Presidente da Câmara Legislativa minha renúncia ao cargo de Vice-Governador do Distrito Federal.","alta","forma_atual (assumiu_titular) está incorreta. Paulo Octávio exerceu o governo apenas interinamente, com Arruda preso e afastado ('O titular está privado de sua liberdade, por decisão judicial. No entanto, continua a ser o governador', diz a carta), e renunciou ao mandato de vice em 23/02/2010. fim_wp (2010-02-11) marca o início do exercício interino, após a prisão de Arruda decretada pelo STJ (CLDF, https://www.cl.df.gov.br/-/apos-decretacao-de-prisao-arruda-pede-afastamento), e não o fim do mandato de vice. Wilson Lima assumiu interinamente (CLDF, https://www.cl.df.gov.br/-/wilson-lima-assume-o-governo-do-distrito-federal). Ivelise Longhi foi eleita vice indiretamente em 17/04/2010 e empossada em 19/04/2010 (CLDF)."
"M2022_DF_4_15_70001651045","VICE-GOVERNADOR","DF","2022","CELINA LEÃO HIZIM FERREIRA","assumiu_titular","2026-03-30","ato","","https://www.cl.df.gov.br/-/celina-leao-toma-posse-como-governadora-do-distrito-federal","Publicado em 30/03/2026 13h05 [...] Em solenidade realizada na Câmara Legislativa, Celina Leão assumiu o Governo do Distrito Federal nesta segunda‑feira (30)","https://jornaldebrasilia.com.br/brasilia/celina-leao-assume-governo-do-df-apos-renuncia-de-ibaneis-rocha/","A vice-governadora Celina Leão assumiu o cargo de governadora do Distrito Federal nesta segunda-feira, 30 de março, durante sessão solene na Câmara Legislativa do DF.","alta","Posse como governadora na CLDF em 30/03/2026, após a renúncia de Ibaneis Rocha em 28/03/2026 (sábado). Segundo o Correio Braziliense (29/03/2026), Ibaneis passou o bastão em cerimônia no Buriti no dia 28, mas a posse formal ocorreu na CLDF no dia 30. O cargo de vice fica vago. Mandato de 2022 (em_curso=TRUE) em que a vice sucedeu em definitivo."
"M2022_ES_3_40_80001649123","GOVERNADOR","ES","2022","JOSÉ RENATO CASAGRANDE","renuncia","2026-04-02","ato","Ricardo de Rezende Ferraço","https://www.agazeta.com.br/es/politica/ricardo-ferraco-toma-posse-como-governador-do-espirito-santo-0426","na tarde desta quinta-feira (2), Ricardo Ferraço (MDB) tomou posse como governador do Espírito Santo, em substituição a Renato Casagrande (PSB), que renunciou ao cargo para concorrer às eleições deste ano, em busca de vaga no Senado.","https://www.montanhascapixabas.com.br/assembleia-legislativa-admite-renuncia-do-governador-renato-casagrande/","a Assembleia Legislativa (Ales) admitiu a carta de renúncia enviada pelo governador Renato Casagrande (PSB). Datada de 30 de março, o chefe do Executivo estadual comunica que deixará o Palácio Anchieta nesta quinta-feira (2)","alta","Renúncia para disputar o Senado (desincompatibilização). Carta datada de 30/03/2026, lida e admitida pela Ales em 01/04/2026, com efeito em 02/04/2026, dia da posse de Ricardo Ferraço. data_evento = data de efeito. fim_wp (2026-04-01) coincide com a leitura na Ales, um dia antes do efeito. Os portais da Ales e do governo do ES estão com conteúdo suspenso pelo período eleitoral e não puderam ser lidos, por isso as duas fontes são imprensa (A Gazeta e Montanhas Capixabas, notícia de 02/04/2026)."
"M2002_ES_4_40_148","VICE-GOVERNADOR","ES","2002","WELINGTON COIMBRA","fim_regular","2006-12-31","convencional","","https://www18.fgv.br/cpdoc/acervo/dicionarios/verbete-biografico/coimbra-lelo","Em 2003, já filiado ao Partido Socialista Brasileiro (PSB), tornou-se Vice-Governador do Espírito Santo, no primeiro governo Paulo Hartung (2003-2007), além de Secretário-Chefe da Casa Civil.","https://eshoje.com.br/politica/2026/02/mdb-consolida-comando-e-blinda-caminho-de-ricardo-para-2026/","A Executiva também reúne três ex-vice-governadores de Paulo Hartung: Lelo Coimbra (2003–2006), Ricardo Ferraço (2007–2010) e César Colnago (2015–2018).","media","Welington Coimbra (Lelo Coimbra). Nenhuma fonte encontrada registra renúncia ou afastamento da vice-governadoria. As duas fontes dão o período 2003-2006/2007 sem data de término explícita, por isso a confiança é média. Foi eleito deputado federal em 2006 sem precisar deixar a vice, porque vice não se desincompatibiliza para concorrer, e em 2006 deixou apenas a Secretaria de Educação, que acumulava (CPDOC). A biografia da Câmara (camara.leg.br/deputados/141562/biografia) registra só 'Vice-Governador(a), ES, Partido: PSB, Período: 2003'. Sucessor na vice, Ricardo Ferraço, a partir de 01/01/2007."
"M2014_ES_4_15_80000000428","VICE-GOVERNADOR","ES","2014","CÉSAR ROBERTO COLNAGHI","fim_regular","2018-12-31","convencional","","https://emdiaes.com.br/politica/cesar-colnago-retorna-ao-palacio-anchieta-para-integrar-equipe-de-ricardo-ferraco/","Entre 2015 e 2018, exerceu o cargo de vice-governador, na gestão de Paulo Hartung (PSD).","https://eshoje.com.br/politica/2026/02/mdb-consolida-comando-e-blinda-caminho-de-ricardo-para-2026/","A Executiva também reúne três ex-vice-governadores de Paulo Hartung: Lelo Coimbra (2003–2006), Ricardo Ferraço (2007–2010) e César Colnago (2015–2018).","media","César Roberto Colnaghi (César Colnago). Nenhuma fonte encontrada registra renúncia ou afastamento da vice-governadoria. As duas fontes (imprensa, 2025 e 2026) dão o período 2015-2018 sem data de término explícita, por isso a confiança é média. A biografia da Câmara (camara.leg.br/deputados/160664/biografia) registra que renunciou ao mandato de deputado federal para assumir a vice em 30/12/2014. Vice não precisa se desincompatibilizar para disputar eleição, e não localizei notícia de saída antecipada em 2018."
"M2022_ES_4_40_80001649124","VICE-GOVERNADOR","ES","2022","RICARDO DE REZENDE FERRAÇO","assumiu_titular","2026-04-02","ato","","https://www.agazeta.com.br/es/politica/ricardo-ferraco-toma-posse-como-governador-do-espirito-santo-0426","na tarde desta quinta-feira (2), Ricardo Ferraço (MDB) tomou posse como governador do Espírito Santo, em substituição a Renato Casagrande (PSB), que renunciou ao cargo para concorrer às eleições deste ano, em busca de vaga no Senado.","https://emdiaes.com.br/politica/ricardo-ferraco-toma-posse-como-governador-do-espirito-santo-apos-renuncia-de-casagrande/","Ricardo Ferraço (MDB) assumiu o cargo de governador do Estado do Espírito Santo na tarde desta quinta-feira, 2 de abril de 2026. A posse foi oficializada durante uma sessão solene na Assembleia Legislativa (Ales)","alta","Assumiu o governo em definitivo com a renúncia de Renato Casagrande (carta de 30/03/2026, lida na Ales em 01/04/2026, efeito em 02/04/2026). Cargo de vice-governador vago a partir de 02/04/2026. fim_wp (2026-03-02) coincide com o dia em que Casagrande anunciou a saída, um mês antes da posse. Portais da Ales e do governo do ES com conteúdo suspenso no período eleitoral, por isso as fontes são imprensa."
"M2002_GO_3_45_406","GOVERNADOR","GO","2002","MARCONI FERREIRA PERILLO JUNIOR","renuncia","2006-03-31","ato","Alcides Rodrigues","https://portal.al.go.leg.br/deputados/perfil-biografico/435","Reeleito Governador do Estado de Goiás, em 2002. Mandato janeiro/2003 a dezembro/2007, desincompatibilizou-se em abril/2006. Eleito Senador, PSDB, em 1º de outubro de 2006.","https://jotacidade.com/noticias/alcides-rodrigues-eu-fiz-um-grande-esforco-para-solucionar-anseios-e-aspiracoes-do-povo-goiano/","Governador de Goiás entre 31 de março e 31 de dezembro de 2006 e de 1º de janeiro de 2007 a 31 de dezembro de 2010, doutor Alcides Rodrigues (PRP)","media","Forma (renúncia para disputar o Senado) é certa, mas o dia diverge. O perfil da Alego e o verbete do CPDOC sobre Alcides Rodrigues (https://www18.fgv.br/cpdoc/acervo/dicionarios/verbete-biografico/rodrigues-alcides) dizem 'abril de 2006'; o Jornal Cidade dá 31/03/2006, igual a fim_wp. A legislação estadual delimita a troca entre 30/03 e 03/04/2006: a Lei 15.637, de 30/03/2006, foi assinada por Marconi Perillo (https://legisla.casacivil.go.gov.br/api/v2/pesquisa/legislacoes/79679) e o Decreto 6.433, de 03/04/2006, por Alcides Rodrigues (https://legisla.casacivil.go.gov.br/api/v2/pesquisa/legislacoes/60653). Mantive 31/03/2006 por ser a única data exata encontrada; não localizei o ato de renúncia nem notícia contemporânea (a Alego não tem notícias de 2006 no portal). O perfil da Alego contém erro no fim do mandato ('dezembro/2007')."
"M2014_GO_3_45_90000000637","GOVERNADOR","GO","2014","MARCONI FERREIRA PERILLO JUNIOR","renuncia","2018-04-06","ato","José Eliton","https://portal.al.go.leg.br/noticias/92968/renuncia-de-marconi-perillo","06 de Abril de 2018 às 20:28 [...] Em sessão extraordinária na Assembleia, presidida por José Vitti, na noite dessa sexta-feira, 6, foi lido comunicado no qual Marconi Perillo renunciou ao cargo de Governador do Estado de Goiás.","https://www.jornalopcao.com.br/ultimas-noticias/governador-com-mais-tempo-no-cargo-marconi-renuncia-neste-sabado-7-121727/","Marconi assinou o termo de renúncia, se desincompatibilizando do cargo, no Palácio das Esmeraldas. [...] Nesta sexta-feira (6), último dia de seus quatro mandatos","alta","Renúncia para desincompatibilização (eleições de 2018), assinada e lida na Alego na sexta-feira 06/04/2018. José Eliton tomou posse na Alego no sábado 07/04/2018 (https://portal.al.go.leg.br/noticias/92976). fim_wp (2018-04-07) é a data da posse do sucessor; o título do Jornal Opção ('renuncia neste sábado (7)') também diverge do corpo da própria matéria, que situa a assinatura na sexta-feira 6."
"M2022_GO_3_44_90001646326","GOVERNADOR","GO","2022","RONALDO RAMOS CAIADO","renuncia","2026-03-31","ato","Daniel Vilela","https://portal.al.go.leg.br/noticias/163542","31 de Março de 2026 às 17:20 [...] o emedebista substituiu definitivamente o então governador Ronaldo Caiado (PSD), que se afastou da gestão para disputar a Presidência da República nas eleições deste ano.","https://g1.globo.com/go/goias/eleicoes/2026/noticia/2026/03/31/ronaldo-caiado-deixa-governo-e-transfere-cargo-a-daniel-vilela.ghtml","Ronaldo Caiado deixou o Governo de Goiás nesta terça-feira (31). Em cerimônia na Assembleia Legislativa de Goiás (Alego), em Goiânia, Daniel Vilela (MDB), que era vice de Caiado, assumiu como novo governador.","alta","Renúncia para desincompatibilização (pré-candidatura à Presidência pelo PSD). A agenda da Alego (https://portal.al.go.leg.br/noticias/163462, 30/03/2026) previa que Caiado fizesse 'a entrega formal da carta de renúncia ao presidente da Assembleia Legislativa' na sessão de 31/03/2026, seguida da posse de Vilela. Mandato marcado em_curso=TRUE no insumo, mas houve saída antecipada. fim_wp coincide."
"M2002_GO_4_45_336","VICE-GOVERNADOR","GO","2002","ALCIDES RODRIGUES FILHO","assumiu_titular","2006-03-31","ato","","https://www18.fgv.br/cpdoc/acervo/dicionarios/verbete-biografico/rodrigues-alcides","Assumiu o as funções de governador em abril de 2006 quando Marconi Perillo renunciou para disputar o mandato de senador.","https://jotacidade.com/noticias/alcides-rodrigues-eu-fiz-um-grande-esforco-para-solucionar-anseios-e-aspiracoes-do-povo-goiano/","Governador de Goiás entre 31 de março e 31 de dezembro de 2006 e de 1º de janeiro de 2007 a 31 de dezembro de 2010, doutor Alcides Rodrigues (PRP)","media","Sucessão definitiva certa; dia divergente. CPDOC e perfil da Alego sobre Marconi (https://portal.al.go.leg.br/deputados/perfil-biografico/435) dão 'abril de 2006'; Jornal Cidade e fim_wp dão 31/03/2006. Decreto estadual 6.433, de 03/04/2006, já é assinado por 'ALCIDES RODRIGUES FILHO' como governador (https://legisla.casacivil.go.gov.br/api/v2/pesquisa/legislacoes/60653), e a Lei 15.637, de 30/03/2006, ainda por Marconi Perillo (https://legisla.casacivil.go.gov.br/api/v2/pesquisa/legislacoes/79679); a posse ocorreu, portanto, entre 30/03 e 03/04/2006. Reeleito em 2006. O cargo de vice ficou vago; sucessor_wp (Ademir Meneses, 2007) é o vice do mandato seguinte."
"M2006_GO_4_11_10093","VICE-GOVERNADOR","GO","2006","ADEMIR DE OLIVEIRA MENEZES","fim_regular","2010-12-31","convencional","","https://goias.gov.br/vicegovernadoria/galeria-de-vice-governadores-de-goias/","Lincoln Tejota 2019 – Atual José Eliton 2011 a 2018 Ademir Menezes 2007 a 2011 Alcides Rodrigues 1999 a 2006","https://portal.al.go.leg.br/noticias/37526","30 de Dezembro de 2010 às 12:44 A transmissão de cargo para o novo governador será feita pelo vice-governador, Ademir Menezes. A solenidade acontece no Palácio das Esmeraldas, às 12.30h.","alta","Sem par na lista da Wikipédia de governadores (motivo do caso), mas a galeria oficial da Vice-Governadoria de Goiás o registra como vice de 2007 a 2011, e a Alego mostra que ele ainda era vice-governador na véspera do fim do mandato, encarregado da transmissão do cargo a Marconi Perillo em 01/01/2011. José Eliton tomou posse como vice em 01/01/2011 (https://portal.al.go.leg.br/noticias/37558). Nome grafado Meneses na galeria individual (https://goias.gov.br/vicegovernadoria/ademir-de-oliveira-meneses/) e Menezes no TSE e na Alego."
"M2014_GO_4_45_90000000638","VICE-GOVERNADOR","GO","2014","JOSÉ ELITON DE FIGUEREDO JUNIOR","assumiu_titular","2018-04-07","ato","","https://portal.al.go.leg.br/noticias/92976","José Eliton é declarado Governador após compromisso de posse 07 de Abril de 2018 às 10:34 [...] acabou de declarar empossado Governador do Estado de Goiás o advogado José Eliton de Figuerêdo Júnior após a leitura do compromisso de posse.","https://www.jornalopcao.com.br/ultimas-noticias/governador-com-mais-tempo-no-cargo-marconi-renuncia-neste-sabado-7-121727/","A missão de guiar nosso Estado, a partir de amanhã, é do governador José Eliton.","alta","Assumiu em definitivo com a renúncia de Marconi Perillo, lida na Alego em 06/04/2018; posse na Alego em 07/04/2018 (a notícia da renúncia, https://portal.al.go.leg.br/noticias/92968/renuncia-de-marconi-perillo, já anunciava a solenidade para as 10 horas do sábado 7). O Jornal Opção afirma que Eliton 'é o governador de Goiás a partir de então', isto é, desde a assinatura em 06/04. fim_wp (2018-04-06) coincide com a renúncia do titular, um dia antes da posse. O cargo de vice ficou vago (sucessor_wp Lincoln Tejota é o vice do mandato seguinte, 2019)."
"M2022_GO_4_44_90001646327","VICE-GOVERNADOR","GO","2022","DANIEL ELIAS CARVALHO VILELA","assumiu_titular","2026-03-31","ato","","https://portal.al.go.leg.br/noticias/163529","Alego empossa Daniel Vilela como chefe do Executivo Estadual 31 de Março de 2026 às 14:50 [...] o vice-governador Daniel Vilela assumiu, agora a pouco, durante sessão solene realizada na Assembleia Legislativa, o Governo de Goiás","https://g1.globo.com/go/goias/eleicoes/2026/noticia/2026/03/31/ronaldo-caiado-deixa-governo-e-transfere-cargo-a-daniel-vilela.ghtml","Em menos de seis minutos após entrar na Assembleia, Daniel fez o juramento e leu os termos da posse, concluindo com a assinatura do documento.","alta","Posse como governador na Alego em 31/03/2026, na mesma sessão em que Caiado entregou a renúncia. A Alego registra que ele 'substituiu definitivamente' Caiado (https://portal.al.go.leg.br/noticias/163542). O cargo de vice fica vago. Mandato de 2022 (em_curso=TRUE) em que o vice sucedeu em definitivo; forma_atual (nao_observado) deve ser atualizada."
"M1998_MA_3_25_100001003000251","GOVERNADOR","MA","1998","ROSEANA SARNEY MURAD","renuncia","2002-04-05","ato","José Reinaldo Tavares (vice-governador)","https://www1.folha.uol.com.br/folha/brasil/ult96u31013.shtml","Roseana Sarney (PFL) já não é mais governadora do Maranhão. Ela entregou uma carta-renúncia ao presidente da Assembléia Legislativa, deputado Manoel Ribeiro (PSD), no final da manhã de hoje","https://web.archive.org/web/20020409091955id_/http://jbonline.terra.com.br:80/jb/papel/brasil/2002/04/06/jorbra20020406001.html","encontrados na empresa Lunus, de propriedade da ex-governadora do Maranhão e do marido.","media","Folha Online de 05/04/2002 (12h54) dá a entrega da carta de renúncia à Assembleia nesse dia; Agência Folha do mesmo dia (22h10, ult96u31039) relata a transmissão de posse a José Reinaldo no fim da tarde. O Jornal do Brasil de 07/04/2002 (cópia do Wayback Machine) já a trata como ex-governadora, mas não dá o dia. Renúncia em meio ao caso Lunus, como pré-candidata do PFL à Presidência; depois disputou e ganhou vaga no Senado. Não localizei ato no Diário Oficial ou página da ALEMA."
"M2006_MA_3_12_10095","GOVERNADOR","MA","2006","JACKSON KEPLER LAGO","cassacao","2009-04-16","ato","Roseana Sarney (segunda colocada em 2006, empossada por determinação do TSE)","https://web.archive.org/web/2009id_/http://g1.globo.com/Noticias/Politica/0,,MUL1088314-5601,00-TSE+NEGA+RECURSOS+E+CONFIRMA+CASSACAO+DO+GOVERNADOR+DO+MARANHAO.html","O Tribunal Superior Eleitoral (TSE) confirmou nesta quinta-feira (16), por unanimidade, a cassação dos mandatos do governador do Maranhão, Jackson Lago (PDT), e de seu vice, Luiz Carlos Porto (PPS).","https://politica.estadao.com.br/noticias/geral,tse-sela-cassacao-de-lago-e-manda-empossar-roseana-ja,356256","O Tribunal Superior Eleitoral (TSE) confirmou ontem a cassação do governador do Maranhão, Jackson Lago (PDT), e de seu vice, Luís Carlos Porto, e determinou que o governo seja imediatamente assumido pela senadora Roseana Sarney (PMDB)","alta","Cassação por abuso de poder na eleição de 2006 (recurso contra expedição de diploma). O TSE cassou os mandatos na madrugada de 04/03/2009, mas permitiu a permanência no cargo até o julgamento dos embargos, rejeitados em 16/04/2009 com ordem de posse imediata de Roseana. A posse de Roseana ocorreu em 17/04/2009 (g1, nota lateral da mesma página: 'Roseana Sarney foi empossada no cargo nesta sexta'), data que coincide com fim_wp. Fonte_1 lida pela cópia do Wayback Machine (URL original do g1 retorna 404). Não localizei a notícia no site do TSE."
"M2018_MA_3_65_100000603926","GOVERNADOR","MA","2018","FLÁVIO DINO DE CASTRO E COSTA","renuncia","2022-04-02","ato","Carlos Brandão (vice-governador)","https://www.al.ma.leg.br/noticias2/43213","A solenidade foi iniciada com a leitura da Carta Renúncia do governador Flávio Dino, lida pela 1ª secretária da Mesa Diretora, deputada Andreia Rezende (PSB), seguida do juramento à Constituição pelo empossado.","https://jornalpequeno.com.br/2022/04/02/brandao-assume-neste-sabado-o-cargo-de-governador-do-maranhao/","O governador Flávio Dino oficializa neste sábado (2) sua renúncia ao Governo do Maranhão para disputar as eleições de 2022.","alta","Dino anunciou a saída em cerimônia no Teatro Arthur Azevedo na noite de 31/03/2022 (g1 MA, 01/04/2022), mas a carta de renúncia foi lida na sessão solene da ALEMA em 02/04/2022, antes da posse de Brandão. A matéria do Jornal Pequeno reproduz texto da Agência Assembleia (ALEMA). Renúncia para disputar o Senado. Fonte_1 atualizada em 21/09/2026 para noticia publicada por orgao publico, apos conferir o trecho no documento baixado; a fonte de imprensa que estava em fonte_1 passa a fonte_2, como pista."
"M1998_MA_4_251_100001004002511","VICE-GOVERNADOR","MA","1998","JOSÉ REINALDO CARNEIRO TAVARES","assumiu_titular","2002-04-05","ato","","https://www1.folha.uol.com.br/folha/brasil/ult96u31039.shtml","os caciques pefelistas não ficaram na capital maranhense para assistir à transmissão de posse, que ocorreu no final da tarde e foi seguida de uma festa popular. Depois de passar a faixa ao vice, José Reinaldo Tavares (PFL)","https://www1.folha.uol.com.br/folha/brasil/ult96u31013.shtml","Roseana Sarney (PFL) já não é mais governadora do Maranhão. Ela entregou uma carta-renúncia ao presidente da Assembléia Legislativa, deputado Manoel Ribeiro (PSD), no final da manhã de hoje","media","As duas fontes são do grupo Folha (Agência Folha e Folha Online, ambas de 05/04/2002), portanto não independentes. A Folha de S.Paulo impressa de 05/04/2002 (fc0504200224) já dizia que o PFL queria que ela revelasse os doadores 'hoje, ao passar ao cargo ao seu vice, José Reinaldo'. Página da Câmara registra José Reinaldo como governador 2002 a 2006, sem dia. José Reinaldo foi eleito governador em outubro de 2002."
"M2006_MA_4_12_10112","VICE-GOVERNADOR","MA","2006","LUIS CARLOS PORTO","cassacao","2009-04-16","ato","João Alberto Souza (candidato a vice na chapa de Roseana Sarney)","https://web.archive.org/web/2009id_/http://g1.globo.com/Noticias/Politica/0,,MUL1088314-5601,00-TSE+NEGA+RECURSOS+E+CONFIRMA+CASSACAO+DO+GOVERNADOR+DO+MARANHAO.html","A Corte também decidiu dar posse imediata à senadora Roseana Sarney (PMDB) no cargo de governadora e ao ex-senador João Alberto (PMDB) no de vice.","https://politica.estadao.com.br/noticias/geral,tse-sela-cassacao-de-lago-e-manda-empossar-roseana-ja,356256","O Tribunal Superior Eleitoral (TSE) confirmou ontem a cassação do governador do Maranhão, Jackson Lago (PDT), e de seu vice, Luís Carlos Porto","alta","forma_atual no banco é assumiu_titular, o que está errado: Porto foi cassado junto com o titular e não assumiu o governo. Primeira decisão de cassação em 04/03/2009 (g1, MUL1026638); embargos rejeitados em 16/04/2009. fim_wp 2009-04-16 coincide. Fonte_1 lida pela cópia do Wayback Machine."
"M2010_MA_4_15_100000000205","VICE-GOVERNADOR","MA","2010","JOAQUIM WASHINGTON LUIZ DE OLIVEIRA","renuncia","2013-12-02","intervalo","","https://web.archive.org/web/20190725102601id_/http://site.tcema.tc.br/index.php/noticias-internet/268-washington-oliveira-e-empossado-como-conselheiro-do-tce","Em sessão extraordinária realizada nesta segunda-feira (02), o ex-vice governador do Maranhão, Washington Oliveira, foi empossado como conselheiro do Tribunal de Contas do Estado","http://www1.folha.uol.com.br/poder/2014/12/1560261-roseana-sarney-renuncia-ao-governo-do-maranhao.shtml","porque o vice de Roseana, Washington Luiz, renunciou em novembro de 2013 para se tornar conselheiro do Tribunal de Contas do Estado.","media","data exata entre 2013-11-28 a 2013-12-02. Renúncia para assumir vaga de conselheiro do TCE-MA. Dia exato não localizado: a Gazeta do Povo (Agência O Globo, 29/11/2013) informa que a Assembleia o elegeu conselheiro na quinta-feira (28/11) e que ele 'vai renunciar à vice-governadoria para poder tomar posse'; a notícia do TCE-MA, publicada em 02/12/2013, já o chama de ex-vice na posse daquele dia. A renúncia ocorreu, portanto, entre 28/11 e 02/12/2013; fim_wp 2013-11-29 é compatível, mas não foi confirmado. Fonte_1 é notícia oficial do TCE-MA, lida em cópia do Wayback Machine. O cargo de vice ficou vago; em 10/12/2014 o presidente da Assembleia, Arnaldo Melo, assumiu o governo com a renúncia de Roseana (Agência Brasil)."
"M2018_MA_4_65_100000603919","VICE-GOVERNADOR","MA","2018","CARLOS ORLEANS BRANDÃO JÚNIOR","assumiu_titular","2022-04-02","ato","","https://www.al.ma.leg.br/noticias2/43213","A solenidade foi iniciada com a leitura da Carta Renúncia do governador Flávio Dino, lida pela 1ª secretária da Mesa Diretora, deputada Andreia Rezende (PSB), seguida do juramento à Constituição pelo empossado.","https://jornalpequeno.com.br/2022/04/02/brandao-assume-neste-sabado-o-cargo-de-governador-do-maranhao/","A Assembleia Legislativa do Maranhão realizará, na tarde deste sábado (2), a sessão solene de posse do vice Carlos Brandão (PSB) como governador do Estado.","alta","Fonte_1 é texto da Agência Assembleia (ALEMA) reproduzido pelo Jornal Pequeno, publicado antes da cerimônia; o g1 MA confirma a posse realizada. Brandão foi reeleito governador em 2022 (UOL, 02/10/2022). fim_wp 2022-04-02 coincide com as fontes. Fonte_1 atualizada em 21/09/2026 para noticia publicada por orgao publico, apos conferir o trecho no documento baixado; a fonte de imprensa que estava em fonte_1 passa a fonte_2, como pista."
"M2006_MG_3_45_10104","GOVERNADOR","MG","2006","AÉCIO NEVES DA CUNHA","renuncia","2010-03-30","ato","Antonio Augusto Junho Anastasia","https://www.almg.gov.br/acompanhe/noticias/arquivos/2010/03/Not_787003.html","No curto comunicado lido na Reunião Ordinária de Plenário desta terça-feira (30/3/10), Aécio agradeceu ao presidente da ALMG, deputado Alberto Pinto Coelho (PP), e informou que deixa a chefia do Executivo cumprindo a Constituição","http://www1.folha.uol.com.br/folha/brasil/ult96u715137.shtml","o governador de Minas, Aécio Neves (PSDB), 50, deixou ontem o cargo e passou o Grande Colar da Inconfidência para o vice Antonio Augusto Junho Anastasia (PSDB), 48, agora o novo governador. Aécio, que renunciou para disputar o Senado","media","Renúncia para disputar o Senado (desincompatibilização). O ofício de renúncia foi entregue ao presidente da ALMG e lido em Plenário em 30/03/2010 (ALMG, Not_787003 e Not_786902), e a notícia da ALMG de 30/03 diz que com a renúncia lida naquele dia Anastasia passa a responder pelo governo. A posse de Anastasia na ALMG e a transmissão no Palácio da Liberdade foram em 31/03/2010, data que a Folha (01/04/2010, 'deixou ontem o cargo') e fim_wp registram. data_evento = data da renúncia lida em Plenário. Confiança média pela diferença de um dia entre o ato de renúncia (30/03) e a transmissão (31/03)."
"M2010_MG_3_45_130000000950","GOVERNADOR","MG","2010","ANTONIO AUGUSTO JUNHO ANASTASIA","renuncia","2014-04-04","ato","Alberto Pinto Coelho Junior","https://www.almg.gov.br/acompanhe/noticias/arquivos/2014/04/2_plenario_renuncia_anastasia.html","Na Reunião Ordinária de Plenário da Assembleia Legislativa de Minas Gerais (ALMG) desta quarta-feira (2/4/14), foi lido ofício do governador Antonio Anastasia comunicando sua renúncia ao cargo a partir desta sexta-feira (4).","http://www1.folha.uol.com.br/poder/2014/04/1435792-novo-governador-de-mg-toma-posse-e-buscara-apoio-do-pp-a-aecio.shtml","Oficialmente governador de Minas Gerais desde as 10h58 desta sexta-feira (4), Alberto Pinto Coelho (PP) tomou posse na Assembleia Legislativa do Estado","alta","Ofício de renúncia lido na ALMG em 02/04/2014, com efeito a partir de 04/04/2014, dia da posse de Alberto Pinto Coelho (ALMG, notícia de 04/04/2014). A ALMG registra a renúncia para participar da elaboração do plano de campanha de Aécio Neves à Presidência, e a Folha (04/04/2014) informa que Anastasia também deveria concorrer ao Senado. fim_wp confere."
"M2022_MG_3_30_130001701690","GOVERNADOR","MG","2022","ROMEU ZEMA NETO","renuncia","2026-03-22","ato","Mateus Simões de Almeida","https://www.almg.gov.br/comunicacao/noticias/arquivos/Assembleia-da-posse-a-novo-governador-de-Minas/","a Assembleia Legislativa de Minas Gerais (ALMG) empossou o novo governador Mateus Simões de Almeida (PSD) , neste domingo (22/3/26). Simões assume no lugar de Romeu Zema (Novo) , que renunciou ao mandato para concorrer a um cargo de nível federal","https://www1.folha.uol.com.br/poder/2026/03/zema-renuncia-em-mg-com-ataques-ao-governo-lula.shtml","O governador de Minas Gerais, Romeu Zema (Novo), renunciou ao cargo neste domingo (22) com um discurso marcado por críticas ao governo Lula (PT)","alta","Renúncia para disputar a Presidência da República (desincompatibilização). A ALMG anunciou em 16/03/2026 que Zema renunciaria ao cargo a partir de domingo, 22/03/2026, dia da posse de Mateus Simões em Reunião Solene. fim_wp confere."
"M2006_MG_4_45_10105","VICE-GOVERNADOR","MG","2006","ANTONIO AUGUSTO JUNHO ANASTASIA","assumiu_titular","2010-03-31","ato","","https://www.almg.gov.br/acompanhe/noticias/arquivos/2010/03/Not_787166.html","foram alguns dos compromissos assumidos pelo governador Antonio Augusto Junho Anastasia em seu discurso de posse, na manhã desta quarta-feira (31/3/10). A solenidade foi realizada na Assembleia Legislativa de Minas Gerais","http://www1.folha.uol.com.br/folha/brasil/ult96u715137.shtml","o governador de Minas, Aécio Neves (PSDB), 50, deixou ontem o cargo e passou o Grande Colar da Inconfidência para o vice Antonio Augusto Junho Anastasia (PSDB), 48, agora o novo governador.","alta","Assumiu o governo em definitivo com a renúncia de Aécio Neves, cujo ofício foi lido na ALMG em 30/03/2010. Posse como governador na ALMG em 31/03/2010 (notícia da Folha publicada em 01/04/2010). A notícia da ALMG de 30/03/2010 (Not_786930) diz que, com a renúncia lida naquele dia, Anastasia passa a responder pelo governo. Cargo de vice-governador vago de 31/03/2010 até o fim do mandato. Reeleito governador em 2010."
"M2010_MG_4_45_130000000951","VICE-GOVERNADOR","MG","2010","ALBERTO PINTO COELHO JUNIOR","assumiu_titular","2014-04-04","ato","","https://www.almg.gov.br/acompanhe/noticias/arquivos/2014/04/04_plenario_posse_alberto_pinto_coelho.html","Ele foi empossado chefe do Poder Executivo estadual em solenidade realizada na Assembleia Legislativa de Minas Gerais (ALMG) nesta sexta-feira (4/4/14).","http://www1.folha.uol.com.br/poder/2014/04/1435792-novo-governador-de-mg-toma-posse-e-buscara-apoio-do-pp-a-aecio.shtml","Oficialmente governador de Minas Gerais desde as 10h58 desta sexta-feira (4), Alberto Pinto Coelho (PP) tomou posse na Assembleia Legislativa do Estado","alta","Assumiu o governo em definitivo com a renúncia de Antonio Anastasia (ofício lido na ALMG em 02/04/2014, com efeito a partir de 04/04/2014). Cargo de vice-governador vago de 04/04/2014 até o fim do mandato."
"M2022_MG_4_30_130001701691","VICE-GOVERNADOR","MG","2022","MATEUS SIMÕES DE ALMEIDA","assumiu_titular","2026-03-22","ato","","https://www.almg.gov.br/comunicacao/noticias/arquivos/Assembleia-da-posse-a-novo-governador-de-Minas/","a Assembleia Legislativa de Minas Gerais (ALMG) empossou o novo governador Mateus Simões de Almeida (PSD) , neste domingo (22/3/26). Simões assume no lugar de Romeu Zema (Novo) , que renunciou ao mandato","https://www1.folha.uol.com.br/poder/2026/03/zema-renuncia-em-mg-com-ataques-ao-governo-lula.shtml","O governador de Minas Gerais, Romeu Zema (Novo), renunciou ao cargo neste domingo (22) com um discurso marcado por críticas ao governo Lula (PT)","alta","Assumiu o governo em definitivo com a renúncia de Romeu Zema, em 22/03/2026, com posse em Reunião Solene da ALMG no mesmo dia. A Folha (22/03/2026) registra que Zema passou o cargo ao vice Mateus Simões. Cargo de vice-governador vago a partir de 22/03/2026. Simões é candidato a governador em 2026."
"M2002_MS_4_13_730","VICE-GOVERNADOR","MS","2002","EGON KRAKHECKE","fim_regular","2006-12-31","convencional","","http://www.correiodoestado.com.br/noticias/os-vice-governadores-de-mato-grosso-do-sul/2719","Egon Krackekhe, militante histórico do PT douradense, atuou como vice-governador entre 2003 e 2007, no segundo governo Zeca.","","","media","Uma única fonte independente (Correio do Estado, grafia 'Krackekhe'). A mesma matéria registra que, em 2006, 'havia uma possibilidade de o governador Zeca renunciar para ser candidato ao Senado, fato que acabou por não ocorrer', e que Egon foi lançado candidato a senador e ficou em segundo lugar; vice não precisa renunciar para disputar outro cargo, e não encontrei indício de saída antecipada. A lista da Wikipédia de vice-governadores de MS (grafia 'Krakheche') dá 01/01/2003 a 01/01/2007, citando a mesma matéria. Não localizei fonte oficial (ALEMS e governo de MS não têm acervo de notícias de 2006 acessível)."
"M1998_MT_3_45_110001103000451","GOVERNADOR","MT","1998","DANTE MARTINS DE OLIVEIRA","renuncia","2002-04-06","ato","Rogério Salles","https://web.archive.org/web/20210508030339/https://www.al.mt.gov.br/midia/texto/assembleia-legislativa-empossa-rogerio-salles/visualizar","Sábado, 6 de abril de 2002 00h00 [...] Rogério Salles acaba de ser empossado governador do estado pela Assembléia Legislativa, após a renúncia do titular Dante Martins de Oliveira que se desincompatibilizou","","","media","Uma fonte oficial (notícia da ALMT, hoje fora do ar em https://www.al.mt.gov.br/midia/texto/assembleia-legislativa-empossa-rogerio-salles/visualizar e lida na cópia do Internet Archive). O horário '00h00' indica data possivelmente atribuída na migração do acervo; a data coincide com fim_wp e com o último dia do prazo de desincompatibilização para a eleição de 06/10/2002, mas a lista da Wikipédia de vice-governadores de MT encerra o mandato de vice de Salles em 05/04/2002, um dia antes. A Folha (https://www1.folha.uol.com.br/folha/brasil/ult96u80167.shtml) confirma que Dante governou 'de 1999 a 2002' e disputou o Senado em 2002, sem dia. Segunda fonte com data exata não localizada."
"M2006_MT_3_23_10323","GOVERNADOR","MT","2006","BLAIRO BORGES MAGGI","renuncia","2010-03-31","ato","Silval Barbosa","https://web.archive.org/web/20100418064131/http://www.mt.gov.br:80/wps/portal/!ut/p/kcxml/04_Sj9SPykssy0xPLMnMz0vM0Y_QjzKLN4p38wPJgFjGpvqRyCIG8Y5wAV-P_NxU_SB9b_0A_YLc0IhyR0dFAC2xHoQ!/delta/base64xml/L0lDU0lKQ1RPN29na21BISEvb0VvUUFBSVFnakZJQUFRaENFSVFqR0VBLzRKRmlDbzBlaDFpY29uUVZHaGQtc0lRIS83XzJfMjFMLzg!?WCM_PORTLET=PC_7_2_21L_WCM&WCM_GLOBAL_CONTEXT=/wps/wcm/connect/e-MatoGrosso/Not%C3%ADcias/Not%C3%ADcias/Confira+lista+do+secretariado+do+governador+Silval+Barbosa&siteArea=Governo&con=Confira+lista+do+secretariado+do+governador+Silval+Barbosa","Confira lista do secretariado do governador Silval Barbosa [...] 31/03/2010 O governador Silval Barbosa (PMDB), empossado há pouco, já divulgou a lista de secretariado que irão acompanhá-lo até o dia 31 de dezembro.","https://web.archive.org/web/20150101091504/http://noticias.terra.com.br/brasil/politica/blairo-maggi-deixa-governo-de-mt-para-concorrer-ao-senado,238a63fc8940b310VgnCLD200000bbcceb0aRCRD.html","31 de março de 2010 • 13h34 [...] Blairo Maggi (PR), transferiu na manhã desta quarta-feira, o cargo de governador de Mato Grosso para o vice, Silval Barbosa (PMDB). Ambos irão disputar as eleições, Maggi concorre ao Senado","alta","Renúncia para desincompatibilização (candidatura ao Senado), com transmissão do cargo a Silval Barbosa em 31/03/2010. Fonte_1 é o portal do Governo de MT (e-Mato Grosso) na cópia do Internet Archive; fonte_2 é o Terra, também lida no Internet Archive. Nenhuma das duas usa literalmente a palavra renúncia; o Terra diz que Maggi 'transferiu' o cargo para concorrer ao Senado. fim_wp coincide."
"M2022_MT_3_44_110001643543","GOVERNADOR","MT","2022","MAURO MENDES FERREIRA","renuncia","2026-03-31","ato","Otaviano Pivetta","https://www.secom.mt.gov.br/w/otaviano-pivetta-toma-posse-como-governador-de-mato-grosso-com-foco-em-parcerias-com-munic%C3%ADpios","O governador Otaviano Pivetta tomou posse nesta terça-feira (31.3), em cerimônia na Assembleia Legislativa de Mato Grosso, em Cuiabá. Depois, Otaviano recebeu a faixa governamental do ex-governador Mauro Mendes em evento no Allure Hall.","https://www.metropoles.com/brasil/otaviano-pivetta-assume-o-governo-de-mt-nesta-terca-feira-31-3","31/03/2026 11:30 [...] O vice-governador Otaviano Pivetta (Republicanos) assumirá o governo de Mato Grosso nesta terça-feira (31/3) durante evento solene na Assembleia Legislativa, às 14h30. A solenidade marca a saída do governador Mauro Mendes","media","Renúncia para disputar o Senado. A data vem de matérias publicadas antes da cerimônia (Metrópoles, 31/03/2026 às 11h30; FolhaMax, 30/03/2026, https://www.folhamax.com/entrelinhas/pivetta-concede-coletiva-apos-posse/544952, 'cerimônia de posse prevista para às 14h30' de terça-feira 31), e o G1 confirma a renúncia sem dar a data. A notícia oficial da ALMT citada pela Wikipédia (https://www.al.mt.gov.br/midia/texto/almt-da-posse-a-otaviano-pivetta-como-governador-apos-renuncia-de-mauro-mendes/visualizar) retorna 404, e o portal do governo de MT suspendeu notícias institucionais no período eleitoral. fim_wp coincide. Mandato marcado em_curso=TRUE, mas houve saída antecipada. Fonte_1 atualizada em 21/09/2026 para pagina oficial do orgao, apos conferir o trecho no documento baixado; a fonte de imprensa que estava em fonte_1 passa a fonte_2, como pista."
"M1998_MT_4_451_110001104004511","VICE-GOVERNADOR","MT","1998","JOSÉ ROGERIO SALLES","assumiu_titular","2002-04-06","ato","","https://web.archive.org/web/20210508030339/https://www.al.mt.gov.br/midia/texto/assembleia-legislativa-empossa-rogerio-salles/visualizar","Sábado, 6 de abril de 2002 00h00 [...] Rogério Salles acaba de ser empossado governador do estado pela Assembléia Legislativa, após a renúncia do titular Dante Martins de Oliveira","","","media","Sem par na lista da Wikipédia de governadores (motivo do caso). Uma fonte oficial (notícia da ALMT lida na cópia do Internet Archive; o endereço original retorna 404). O horário '00h00' sugere data de migração do acervo; a lista da Wikipédia de vice-governadores de MT dá 05/04/2002 como fim do mandato de vice e a de governadores dá 06/04/2002 como fim do de Dante. O governador seguinte na lista da Wikipédia é Blairo Maggi (2003). O cargo de vice ficou vago. Segunda fonte não localizada."
"M2006_MT_4_23_10322","VICE-GOVERNADOR","MT","2006","SILVAL DA CUNHA BARBOSA","assumiu_titular","2010-03-31","ato","","https://web.archive.org/web/20100418064131/http://www.mt.gov.br:80/wps/portal/!ut/p/kcxml/04_Sj9SPykssy0xPLMnMz0vM0Y_QjzKLN4p38wPJgFjGpvqRyCIG8Y5wAV-P_NxU_SB9b_0A_YLc0IhyR0dFAC2xHoQ!/delta/base64xml/L0lDU0lKQ1RPN29na21BISEvb0VvUUFBSVFnakZJQUFRaENFSVFqR0VBLzRKRmlDbzBlaDFpY29uUVZHaGQtc0lRIS83XzJfMjFMLzg!?WCM_PORTLET=PC_7_2_21L_WCM&WCM_GLOBAL_CONTEXT=/wps/wcm/connect/e-MatoGrosso/Not%C3%ADcias/Not%C3%ADcias/Confira+lista+do+secretariado+do+governador+Silval+Barbosa&siteArea=Governo&con=Confira+lista+do+secretariado+do+governador+Silval+Barbosa","31/03/2010 O governador Silval Barbosa (PMDB), empossado há pouco, já divulgou a lista de secretariado que irão acompanhá-lo até o dia 31 de dezembro.","https://web.archive.org/web/20150101091504/http://noticias.terra.com.br/brasil/politica/blairo-maggi-deixa-governo-de-mt-para-concorrer-ao-senado,238a63fc8940b310VgnCLD200000bbcceb0aRCRD.html","Blairo Maggi (PR), transferiu na manhã desta quarta-feira, o cargo de governador de Mato Grosso para o vice, Silval Barbosa (PMDB).","alta","Posse como governador em 31/03/2010, com a saída de Blairo Maggi para disputar o Senado; o portal do governo informava que o secretariado o acompanharia 'até o dia 31 de dezembro'. Fontes lidas em cópias do Internet Archive. O cargo de vice ficou vago; sucessor_wp (Chico Daltro, 2011) é o vice do mandato seguinte."
"M2014_MT_4_12_110000000002","VICE-GOVERNADOR","MT","2014","CARLOS HENRIQUE BAQUETA FÁVARO","renuncia","2018-04-05","ato","","https://g1.globo.com/mt/mato-grosso/noticia/vice-governador-de-mato-grosso-anuncia-renuncia-do-cargo.ghtml","05/04/2018 15h04 [...] O vice-governador de Mato Grosso, Carlos Fávaro (PSD), anunciou nesta quinta-feira (5) que protocolou na Assembleia Legislativa de Mato Grosso (ALMT) a renúncia ao cargo.","","","media","Renúncia protocolada na ALMT em 05/04/2018; em nota, Fávaro atribuiu a saída a decisão do partido e ao interesse em disputar cargo eletivo. Uma fonte (G1). Não localizei a leitura da renúncia em sessão da ALMT nem publicação oficial; a data do ato pode diferir se a Assembleia só a leu depois. fim_wp coincide. O cargo de vice ficou vago até 2019 (sucessor_wp Otaviano Pivetta, vice do mandato seguinte). forma_atual (nao_observado) deve ser atualizada."
"M2022_MT_4_44_110001643542","VICE-GOVERNADOR","MT","2022","OTAVIANO OLAVO PIVETTA","assumiu_titular","2026-03-31","ato","","https://www.secom.mt.gov.br/w/otaviano-pivetta-toma-posse-como-governador-de-mato-grosso-com-foco-em-parcerias-com-munic%C3%ADpios","O governador Otaviano Pivetta tomou posse nesta terça-feira (31.3), em cerimônia na Assembleia Legislativa de Mato Grosso, em Cuiabá. Depois, Otaviano recebeu a faixa governamental do ex-governador Mauro Mendes em evento no Allure Hall.","https://www.metropoles.com/brasil/otaviano-pivetta-assume-o-governo-de-mt-nesta-terca-feira-31-3","O vice-governador Otaviano Pivetta (Republicanos) assumirá o governo de Mato Grosso nesta terça-feira (31/3) durante evento solene na Assembleia Legislativa, às 14h30.","media","Sucessão definitiva confirmada pelo G1 (agosto de 2026), que não dá a data. O dia 31/03/2026 vem de matérias anteriores à cerimônia (Metrópoles e FolhaMax, https://www.folhamax.com/entrelinhas/pivetta-concede-coletiva-apos-posse/544952). A notícia da ALMT sobre a posse retorna 404 e não há cópia no Internet Archive. O cargo de vice fica vago. Mandato de 2022 (em_curso=TRUE) em que o vice sucedeu em definitivo. Fonte_1 atualizada em 21/09/2026 para pagina oficial do orgao, apos conferir o trecho no documento baixado; a fonte de imprensa que estava em fonte_1 passa a fonte_2, como pista."
"M2022_PA_3_15_140001651993","GOVERNADOR","PA","2022","HELDER ZAHLUTH BARBALHO","renuncia","2026-04-02","ato","Hana Ghassan Tuma","https://www.alepa.pa.gov.br/Comunicacao/Noticia/11627/mensagem-de-renuncia-de-helder-e-entregue-ao-legislativo-e-marca-transicao-no-governo-do-para","O agora ex-governador Helder Barbalho (MDB) formalizou a renúncia ao cargo de chefe do Executivo estadual ao assinar e encaminhar a mensagem oficial ao Poder Legislativo durante cerimônia realizada nesta quinta-feira, 2 de abril","https://correiodecarajas.com.br/hana-ghassan-toma-posse-como-nova-governadora-do-estado-do-para/","Ela recebeu o cargo das mãos de Helder Barbalho, que renunciou ao mandato para cumprir o prazo de desincompatibilização exigido pela Justiça Eleitoral, já que disputará uma vaga no Senado Federal nas eleições de outubro.","alta","Renúncia para disputar o Senado em 2026 (desincompatibilização). Notícia da ALEPA publicada em 03/04/2026 refere o ato de quinta-feira, 2 de abril de 2026; CNN Brasil (02/04/2026) confirma a data. Mandato de 2022 ainda em curso, exercido por Hana Ghassan."
"M2018_PA_4_15_140000621336","VICE-GOVERNADOR","PA","2018","LUCIO DUTRA VALE","renuncia","2021-04-23","ato","","https://www.alepa.pa.gov.br/Comunicacao/Noticia/6594/deputados-aprovam-projetos-de-lei-e-fazem-arguicao-de-lucio-vale","Lúcio Vale (PL), que deixará o cargo para assumir a vaga de Conselheiro no Tribunal de Contas do Município (TCM-PA)","https://www.oliberal.com/politica/vice-governador-lucio-vale-e-aprovado-por-deputados-para-assumir-cargo-no-tcm-1.377385","Com a saída de Lúcio Vale do Executivo, o cargo de vice-governador ficará vago até o fim da atual administração.","media","Deixou a vice-governadoria para assumir vaga de conselheiro do TCM-PA (indicação de 07/04/2021, sabatina na ALEPA em 13/04, aprovação em 20/04/2021, posse no TCM em 23/04/2021). Não localizei o ato formal de renúncia nem sua data exata; data_evento = data da posse no TCM, limite superior da renúncia. A Wikipédia (fim_wp 2021-04-26) usa a data de publicação da notícia da Atricon, não a do ato. O cargo de vice ficou vago até 2022; Hana Ghassan é a vice eleita em 2022, não sucessora. Fonte_1 atualizada em 21/09/2026 para noticia publicada por orgao publico, apos conferir o trecho no documento baixado; a fonte de imprensa que estava em fonte_1 passa a fonte_2, como pista."
"M2022_PA_4_15_140001651992","VICE-GOVERNADOR","PA","2022","HANA GHASSAN TUMA","assumiu_titular","2026-04-02","ato","","https://www.alepa.pa.gov.br/Comunicacao/Noticia/11627/mensagem-de-renuncia-de-helder-e-entregue-ao-legislativo-e-marca-transicao-no-governo-do-para","marcou o cumprimento do rito institucional necessário para a transmissão de cargo e a posse da nova governadora, Hana Ghassan (MDB).","https://correiodecarajas.com.br/hana-ghassan-toma-posse-como-nova-governadora-do-estado-do-para/","Em uma solenidade concorrida realizada na tarde desta quinta-feira (2) no Hangar – Centro de Convenções e Feiras da Amazônia, em Belém, Hana Ghassan Tuma (MDB) assumiu o comando do Poder Executivo Estadual.","alta","Assumiu o governo em definitivo com a renúncia de Helder Barbalho em 02/04/2026 (notícia do Correio de Carajás publicada em 02/04/2026). Cargo de vice-governador vago a partir daí."
"M1998_PB_3_15_150001503000151","GOVERNADOR","PB","1998","JOSÉ TARGINO MARANHÃO","renuncia","2002-04-06","ato","Roberto Paulino","https://jornaldaparaiba.com.br/politica/governadores-paraiba-segundo-mandato-ze-maranhao","José Maranhão deixou o governo antes do fim do mandato. Em 6 de abril de 2002, renunciou ao cargo para disputar uma vaga no Senado Federal. O vice-governador Roberto Paulino assumiu o comando do estado.","https://www18.fgv.br/cpdoc/acervo/dicionarios/verbete-biografico/jose-targino-maranhao","Em 2002, Maranhão renunciou ao governo estadual para disputar uma vaga de senador, deixando seu vice, Roberto Paulino, à frente do Executivo paraibano.","media","Forma confirmada por duas fontes independentes (Jornal da Paraíba e verbete FGV/CPDOC); o dia exato (6/4/2002) só aparece no Jornal da Paraíba (republicado pelo Portal BR230, não independente). O CPDOC dá apenas o ano. Não localizei ato oficial (DOE-PB/ALPB) on-line. Data coincide com o fim_wp."
"M2006_PB_3_45_10055","GOVERNADOR","PB","2006","CASSIO RODRIGUES DA CUNHA LIMA","cassacao","2009-02-17","ato","José Maranhão","https://www.conjur.com.br/2009-fev-17/tse-confirma-cassacao-cunha-lima-governardor-paraiba/","O Tribunal Superior Eleitoral confirmou, nesta terça-feira (17/2), a cassação do governador da Paraíba, Cássio Cunha Lima (PSDB), e de seu vice José Lacerda Neto (DEM). Os dirigentes paraibanos devem deixar o cargo imediatamente","https://www18.fgv.br/cpdoc/acervo/dicionarios/verbete-biografico/cassio-rodrigues-da-cunha-lima","Todavia, em 17 de fevereiro de 2009 o TSE acabou cassando Cássio Cunha Lima e determinando que José Maranhão assumisse o Executivo paraibano.","alta","Cassação pelo TRE-PB em 30/07/2007 (caso FAC) e confirmada pelo TSE em 20/11/2008; Cássio ficou no cargo por medida cautelar até o TSE rejeitar os embargos em 17/02/2009. Na manhã de 18/02/2009 o presidente da ALPB, Arthur Cunha Lima, assumiu interinamente; José Maranhão (2º colocado em 2006) tomou posse na ALPB em 18/02/2009 (Conjur, 2009-fev-18). Não localizei a notícia oficial do TSE de 2009 on-line."
"M2022_PB_3_40_150001613757","GOVERNADOR","PB","2022","JOÃO AZEVEDO LINS FILHO","renuncia","2026-04-02","ato","Lucas Ribeiro","https://web.archive.org/web/20260519012625/https://ouvidoria.pb.gov.br/noticias/lucas-ribeiro-assume-governo-da-pb","O advogado Lucas Ribeiro, que ocupava o posto de vice-governador do estado, foi conduzido ao posto máximo do Executivo estadual após a renúncia do ex-governador João Azevêdo em decorrência do período de descompatibilização do calendário eleitoral","https://jornaldaparaiba.com.br/politica/joao-azevedo-renuncia-para-disputar-eleicoes-2026-e-lucas-ribeiro-assume-o-governo-da-pb","O governador João Azevêdo (PSB) renunciou oficialmente ao cargo de governador da Paraíba, nesta quinta-feira (2), para concorrer ao cargo de senador nas eleições deste ano. Com a renúncia, o vice-governador Lucas Ribeiro (PP) assume o cargo","alta","Mandato marcado em_curso=TRUE, mas houve renúncia para disputar o Senado. Fonte_1 publicada em 02/04/2026; fonte_2 datada de 2 de abril de 2026. A carta de renúncia foi entregue à ALPB na manhã de 2/4 e lida na sessão solene de posse. Agência Brasil (05/04/2026) confirma a saída sem dar o dia. Os portais oficiais (A União, paraiba.pb.gov.br) estão com notícias suspensas pelo período eleitoral. Fonte_1 atualizada em 21/09/2026 para noticia publicada por orgao publico, apos conferir o trecho no documento baixado; a fonte de imprensa que estava em fonte_1 passa a fonte_2, como pista."
"M1998_PB_4_151_150001504001511","VICE-GOVERNADOR","PB","1998","ANTONIO ROBERTO DE SOUSA PAULINO","assumiu_titular","2002-04-06","ato","","https://jornaldaparaiba.com.br/politica/governadores-paraiba-segundo-mandato-ze-maranhao","Em 6 de abril de 2002, renunciou ao cargo para disputar uma vaga no Senado Federal. O vice-governador Roberto Paulino assumiu o comando do estado.","https://www18.fgv.br/cpdoc/acervo/dicionarios/verbete-biografico/jose-targino-maranhao","Em 2002, Maranhão renunciou ao governo estadual para disputar uma vaga de senador, deixando seu vice, Roberto Paulino, à frente do Executivo paraibano.","media","Forma confirmada por fontes independentes; o dia (6/4/2002) só aparece no Jornal da Paraíba, que em outra matéria da mesma série diz que Paulino assumiu o Palácio da Redenção em abril de 2002. O fim_wp do vice (2002-04-05) diverge em um dia da data da fonte; fico com 2002-04-06. A vice-governança ficou vaga até 2003 (sem sucessor no cargo de vice)."
"M2006_PB_4_45_10056","VICE-GOVERNADOR","PB","2006","JOSÉ LACERDA NETO","cassacao","2009-02-17","ato","Luciano Cartaxo","https://noticias.stf.jus.br/postsnoticias/arquivada-acao-do-psdb-em-favor-de-cassio-cunha-lima/","No dia 20 de novembro, o TSE cassou o mandato de Cunha Lima e de seu vice, José Lacerda Neto (DEM), por abuso de poder econômico e político e pela prática de conduta vedada a agente público nas eleições de 2006.","https://www.conjur.com.br/2009-fev-17/tse-confirma-cassacao-cunha-lima-governardor-paraiba/","O Tribunal Superior Eleitoral confirmou, nesta terça-feira (17/2), a cassação do governador da Paraíba, Cássio Cunha Lima (PSDB), e de seu vice José Lacerda Neto (DEM). Os dirigentes paraibanos devem deixar o cargo imediatamente","alta","O banco tem assumiu_titular, que está errado: Lacerda Neto foi cassado junto com o titular (chapa) e nunca assumiu o governo em definitivo. A fonte_1 (STF, 04/12/2008) sustenta a forma e a decisão de mérito do TSE de 20/11/2008; a data de saída efetiva (17/02/2009, rejeição dos embargos) vem da fonte_2 e coincide com o CPDOC e o Jornal da Paraíba. Luciano Cartaxo, vice da chapa 2ª colocada, assumiu a vice-governança com José Maranhão (posse 18/02/2009). Wikipédia dá fim 2009-02-17."
"M2002_PE_3_15_243","GOVERNADOR","PE","2002","JARBAS DE ANDRADE VASCONCELOS","renuncia","2006-03-31","ato","Mendonça Filho","https://www25.senado.leg.br/web/atividade/pronunciamentos/-/p/pronunciamento/361583","eu desejo registrar a posse à frente do Governo do Estado de Pernambuco do Vice-Governador Mendonça Filho, em solenidade que transcorreu no dia 31 de março passado, na Assembléia Legislativa do Estado.","https://www1.folha.uol.com.br/fsp/brasil/fc2803200632.htm","O governador de Pernambuco, Jarbas Vasconcelos (PMDB), anunciou ontem que vai se desincompatibilizar do cargo na próxima sexta-feira para disputar uma vaga no Senado.","alta","Fonte_1 é discurso de Marco Maciel no Senado em 04/04/2006 (DSF de 05/04/2006, p. 10917), que registra a posse do vice em 31/03/2006 na Alepe. Fonte_2 (Folha, 28/03/2006, terça-feira) anuncia a desincompatibilização para a sexta-feira seguinte, 31/03/2006, com o objetivo de disputar o Senado. Não localizei o texto da carta de renúncia nem o DOE-PE. Data coincide com o fim_wp."
"M2010_PE_3_40_170000000001","GOVERNADOR","PE","2010","EDUARDO HENRIQUE ACCIOLY CAMPOS","renuncia","2014-04-04","ato","João Lyra Neto","https://www.alepe.pe.gov.br/Flip/pubs/diario-oficial-05042014/Flip.pdf","Recife, sábado, 5 de abril de 2014 Poder Legislativo Assembleia empossa João Lyra Neto como governador do Estado Novo chefe do Executivo assumiu cargo na sexta-feira, após renúncia de Eduardo Campos","https://psb40.org.br/joao-lyra-neto-assume-o-governo-de-pernambuco/","O relógio marcava 16h quando João Lyra Neto assinou o termo de posse na Assembleia Legislativa de Pernambuco (Alepe), em decorrência da renúncia do ex-governador Eduardo Campos.","alta","Fonte_1 é o Diário Oficial do Estado (Poder Legislativo) de 05/04/2014; a ata da reunião solene publicada na mesma edição registra a posse do vice 'dado a vacância por renúncia do governador Eduardo Henrique Accioly Campos, nos termos do ofício nº 236/2006 - GG' (ano do ofício provavelmente erro de digitação). Fonte_2 (site do PSB, publicada em 04/04/2014) situa a transmissão 'na tarde desta sexta-feira (04/04)'. Renúncia para disputar a Presidência. Data coincide com o fim_wp."
"M2002_PE_4_15_923","VICE-GOVERNADOR","PE","2002","JOSÉ MENDONÇA BEZERRA FILHO","assumiu_titular","2006-03-31","ato","","https://www25.senado.leg.br/web/atividade/pronunciamentos/-/p/pronunciamento/361583","eu desejo registrar a posse à frente do Governo do Estado de Pernambuco do Vice-Governador Mendonça Filho, em solenidade que transcorreu no dia 31 de março passado, na Assembléia Legislativa do Estado.","https://www.camara.leg.br/deputados/74428/biografia","Vice-Governador(a), PE, Partido: PFL, Período: 2003 a 2006; Governador(a), PE, Partido: PFL, Período: 2006 a 2006.","alta","Data de posse (31/03/2006) vem do discurso de Marco Maciel no Senado (04/04/2006); a biografia oficial da Câmara confirma a passagem de vice a governador em 2006 sem dar o dia, e a Folha de 28/03/2006 anuncia a saída de Jarbas para a sexta-feira 31/03/2006. Mendonça Filho governou até 01/01/2007. Data coincide com o fim_wp."
"M2010_PE_4_40_170000000002","VICE-GOVERNADOR","PE","2010","JOAO SOARES LYRA NETO","assumiu_titular","2014-04-04","ato","","https://www.alepe.pe.gov.br/Flip/pubs/diario-oficial-05042014/Flip.pdf","Recife, sábado, 5 de abril de 2014 Poder Legislativo Assembleia empossa João Lyra Neto como governador do Estado Novo chefe do Executivo assumiu cargo na sexta-feira, após renúncia de Eduardo Campos","https://psb40.org.br/joao-lyra-neto-assume-o-governo-de-pernambuco/","O povo pernambucano, na tarde desta sexta-feira (04/04), se despediu do ex-governador Eduardo Campos e celebrou a chegada do recém-empossado chefe do Executivo estadual, João Lyra Neto.","alta","Posse como governador em reunião solene da Alepe em 04/04/2014, com transmissão do cargo no Palácio do Campo das Princesas no mesmo dia. João Lyra Neto governou até 01/01/2015. Data coincide com o fim_wp."
"M1998_PI_3_15_180001803000151","GOVERNADOR","PI","1998","FRANCISCO DE ASSIS DE MORAES SOUZA","cassacao","2001-11-06","ato","Kleber Eulálio (presidente da ALEPI, interino, de 09/11 a 19/11/2001) e depois Hugo Napoleão do Rego Neto (2º colocado em 1998, reempossado por decisão do TSE em 19/11/2001, após renunciar ao mandato de senador)","https://www18.fgv.br/cpdoc/acervo/dicionarios/verbete-biografico/hugo-napoleao-do-rego-neto","Com a cassação do mandato de governador de Mão Santa em 2001 e a decisão TSE de empossar no cargo o segundo colocado no segundo turno, Hugo Napoleão renunciou ao mandato de senador e foi empossado no governo do Piauí","https://pt.wikipedia.org/wiki/M%C3%A3o_Santa","Após julgamento de 7 votos a zero Tribunal Superior Eleitoral cassou seu mandato em 6 de novembro de 2001","media","Não localizei o acórdão do TSE (número, data de julgamento e de publicação) nem o registro oficial da posse de Hugo Napoleão (ata da ALEPI ou Diário Oficial do Piauí de novembro de 2001); a data de 06/11/2001 vem da Wikipédia, como pista, na ausência desses dois documentos."
"M2006_PI_3_13_10075","GOVERNADOR","PI","2006","JOSE WELLINGTON BARROSO DE ARAUJO DIAS","renuncia","2010-04-01","ato","Wilson Martins","https://web.archive.org/web/2010id_/http://www.cidadeverde.com:80/veja-com-exclusividade-carta-de-renuncia-do-governador-wellington-dias-55799","01/04/10, 09:58 Veja com exclusividade carta de renúncia do governador Wellington Dias Wellington Dias entrega o cargo a Wilson Martins em solenidade no Palácio de Karnak, após a posse na Alepi.","https://web.archive.org/web/2010id_/http://www.tvcanal13.com.br:80/noticias/emocionados-wdias-renuncia-e-wilson-martins-assume-governo-do-piaui-97865.asp","Na manhã desta quinta-feira (01) aconteceu sessão ordinária na Assembléia Legislativa do Piauí onde Wellington Dias renunciou oficialmente o cargo de governador.","alta","Renúncia para disputar o Senado. A carta publicada pela fonte_1 é datada 'Teresina, 1 de abril de 2010'; a fonte_2 (TV Canal 13) é de 01/04/2010 10:22h. A decisão foi anunciada em 31/03/2010, o que explica matérias daquele dia com 'renuncia' no título. Ambas as fontes só estão acessíveis por cópia no Internet Archive; não localizei ato oficial on-line. Data coincide com o fim_wp. O g1 nacional (03/04/2010) agrupa a renúncia de Wellington Dias entre as de quarta-feira (31/03) e a posse de Wilson Martins na quinta (1º); as fontes locais situam a entrega e a leitura da carta em 01/04/2010."
"M2010_PI_3_40_180000000334","GOVERNADOR","PI","2010","WILSON NUNES MARTINS","renuncia","2014-04-04","ato","Zé Filho (Antônio José de Moraes Souza Filho)","http://g1.globo.com/pi/piaui/noticia/2014/04/jose-filho-pmdb-e-empossado-como-novo-governador-do-piaui.html","O vice-governador José Filho (PMDB) assumiu nesta sexta-feira (4) o cargo de chefe do executivo estadual. A posse aconteceu na Assembleia Legislativa após a entrega da carta de renúncia enviada pelo ex-governador Wilson Martins (PSB)","https://web.archive.org/web/2014id_/http://www.meionorte.com:80/efremribeiro/jose-filho-assume-governo-e-reune-secretariado-na-2-feira-para-tracar-metas-291693.html","O vice-governador Antônio José de Moraes Souza Filho tomou posse nesta sexta-feira, em solenidade na Assembleia Legislativa, e recebeu o cargo de governador no Palácio do Karnak, transmitido por Wilson Martins.","alta","Fonte_1 (g1 PI) publicada em 04/04/2014 11h56; fonte_2 (Meio Norte, cópia arquivada no Internet Archive) datada de 04 de abril de 2014. Na véspera o g1 PI (03/04/2014) noticiou que a carta de renúncia seria entregue à Alepi até 9h de sexta-feira (4) para Wilson Martins disputar as eleições de 2014. Não localizei ato oficial on-line (o site antigo da Alepi guarda só imagens da carta). Data coincide com o fim_wp."
"M2018_PI_3_13_180000614002","GOVERNADOR","PI","2018","JOSE WELLINGTON BARROSO DE ARAUJO DIAS","renuncia","2022-03-31","ato","Regina Sousa","https://www.al.pi.leg.br/comunicacao/noticias/wellington-dias-entrega-renuncia-do-cargo-de-governador-a-assembleia","O governador do Piauí, Wellington Dias, apresentou, nesta quinta-feira (31), à Mesa Diretora da Assembleia Legislativa (Alepi), o pedido renúncia do cargo.","https://g1.globo.com/pi/piaui/noticia/2022/03/31/quem-e-regina-sousa-pt-a-primeira-mulher-governadora-efetiva-do-piaui-que-assume-nesta-quinta-31.ghtml","O atual governador Wellington Dias (PT) deixa o cargo após dois mandatos consecutivos e deve concorrer ao Senado nas eleições de 2022.","alta","Fonte_1 (Alepi) publicada em 31/03/2022; a renúncia foi lida em Plenário na mesma sessão que deu posse a Regina Sousa. Fonte_2 (g1 PI, 31/03/2022) informa que Regina assume 'nesta quinta-feira (31)'. Agência Brasil (04/04/2022) confirma a saída para disputar o Senado. Data coincide com o fim_wp."
"M2006_PI_4_13_10090","VICE-GOVERNADOR","PI","2006","WILSON NUNES MARTINS","assumiu_titular","2010-04-01","ato","","https://web.archive.org/web/2010id_/http://www.meionorte.com:80/efremribeiro,wilson-martins-toma-posse-e-convida-emilio-junior-para-secretaria-de-fazenda,120672.html","01/04/2010 - 11h:48 O vice-governador Wilson Martins (PSB) tomou posse na manhã desta quinta-feira na Assembléia Legislativa.","https://web.archive.org/web/2010id_/http://www.tvcanal13.com.br:80/noticias/emocionados-wdias-renuncia-e-wilson-martins-assume-governo-do-piaui-97865.asp","Wilson Martins foi empossado como novo Governador do Piauí pelo deputado Themístocles Filho, e em seguida recebeu um abraço do ex-governador Wellington Dias.","alta","Posse na Alepi em 01/04/2010 após leitura da carta de renúncia de Wellington Dias; fonte_2 datada de 01/04/2010 10:22h. Ambas as fontes só estão acessíveis por cópia no Internet Archive. Wilson Martins cumpriu o restante do mandato como governador e foi reeleito em 2010. Data coincide com o fim_wp."
"M2010_PI_4_40_180000000335","VICE-GOVERNADOR","PI","2010","ANTONIO JOSE DE MORAES SOUZA FILHO","assumiu_titular","2014-04-04","ato","","http://g1.globo.com/pi/piaui/noticia/2014/04/jose-filho-pmdb-e-empossado-como-novo-governador-do-piaui.html","O vice-governador José Filho (PMDB) assumiu nesta sexta-feira (4) o cargo de chefe do executivo estadual. A posse aconteceu na Assembleia Legislativa após a entrega da carta de renúncia enviada pelo ex-governador Wilson Martins (PSB)","https://web.archive.org/web/2014id_/http://www.meionorte.com:80/efremribeiro/jose-filho-assume-governo-e-reune-secretariado-na-2-feira-para-tracar-metas-291693.html","O vice-governador Antônio José de Moraes Souza Filho tomou posse nesta sexta-feira, em solenidade na Assembleia Legislativa, e recebeu o cargo de governador no Palácio do Karnak, transmitido por Wilson Martins.","alta","Posse como governador em 04/04/2014 (sexta-feira), na Alepi, com transmissão do cargo no Palácio de Karnak no mesmo dia (g1 PI, 04/04/2014 13h29). O fim_wp do vice (2014-04-03) diverge em um dia das fontes; fico com 2014-04-04. Zé Filho governou até 01/01/2015."
"M2018_PI_4_13_180000614003","VICE-GOVERNADOR","PI","2018","MARIA REGINA SOUSA","assumiu_titular","2022-03-31","ato","","https://www.al.pi.leg.br/comunicacao/noticias/assembleia-legislativa-da-posse-a-regina-sousa-como-governadora-do-piaui","A vice-governadora Regina Sousa (PT) tomou posse na Assembleia Legislativa, na manhã desta quinta-feira, como a primeira governadora do Piauí. A posse aconteceu logo após a leitura da renúncia do governador Wellington Dias","https://g1.globo.com/pi/piaui/noticia/2022/03/31/quem-e-regina-sousa-pt-a-primeira-mulher-governadora-efetiva-do-piaui-que-assume-nesta-quinta-31.ghtml","Maria Regina Sousa, 71 anos, assume nesta quinta-feira (31) o governo do Piauí e se torna a primeira mulher a assumir o cargo efetivamente.","alta","Fonte_1 (Alepi) publicada em 31/03/2022 12h35. Regina Sousa governou até o fim do mandato (31/12/2022). Data coincide com o fim_wp."
"M1998_PR_3_25_160001603000251","GOVERNADOR","PR","1998","JAIME LERNER","fim_regular","2002-12-31","convencional","Roberto Requião (eleito em 2002)","https://www.casacivil.pr.gov.br/Pagina/Jaime-Lerner","Eleito governador do Estado do Paraná em 1994 e reeleito em 1998","","","media","a página oficial não dá a data de fim; a lista da Wikipédia dá o exercício até 01/01/2003 e o Wikidata grava o fim como 01/01/2002, erro de um ano; nenhuma fonte registra saída antecipada"
"M2002_PR_3_15_152","GOVERNADOR","PR","2002","ROBERTO REQUIÃO DE MELLO E SILVA","fim_regular","2006-12-31","convencional","","https://www.casacivil.pr.gov.br/Pagina/Governantes-no-Periodo-Republicano","141 - ROBERTO REQUIÃO DE MELLO E SILVA Nascido em Curitiba (PR) - 05.03.1941 Governador (Ver nº 135 e 143) 01.01.2003 a 31.12.2006","https://www.gazetadopovo.com.br/vida-e-cidadania/pedro-ivo-preside-sua-ultima-sessao-como-presidente-e-faz-balanco-do-periodo-a99dnrz3rgnyblu3pyzs2qs7i/","Mesmo com o retorno do governador Roberto Requião , e do vice Orlando Pessuti, aos cargos nesta terça-feira (7) - e a conseqüente saída de Hermas Brandão do cargo interino de chefe do executivo no mesmo dia","alta","Não houve saída antecipada. A data 2006-09-04 da Wikipédia (fim_wp) marca o início de licença de Requião e do vice Pessuti durante a campanha de reeleição, com o presidente da ALEP Hermas Brandão como governador interino; a Gazeta do Povo de 08/11/2006 registra o retorno de ambos em 07/11/2006 (a Wikipédia estende a interinidade até 31/12/2006, o que a fonte contradiz). A lista oficial da Casa Civil do PR dá o mandato de 01.01.2003 a 31.12.2006. Data do início da licença (04/09/2006) não confirmada em fonte primária."
"M2006_PR_3_15_10135","GOVERNADOR","PR","2006","ROBERTO REQUIÃO DE MELLO E SILVA","renuncia","2010-04-01","ato","Orlando Pessuti","https://www.casacivil.pr.gov.br/Pagina/Orlando-Pessuti","Em 2010, no dia 01.04.2010, assumiu definitivamente o Governo do Estado do Paraná, em função da renúncia do governador Roberto Requião.","https://www.gazetadopovo.com.br/vida-publica/carta-de-renuncia-de-requiao-e-lida-na-assembleia-0awpdi52ih6eqroczz79iht1q/","Na carta, o governador afirma que se afasta do cargo a partir do dia 1º de abril em cumprimento de determinação constitucional.","alta","Renúncia para disputar o Senado. A carta foi entregue e lida na ALEP em 29/03/2010, com efeito a partir de 01/04/2010, quando Pessuti tomou posse às 18h na Assembleia. A lista da Casa Civil do PR dá o mandato de Requião de 01.01.2007 a 01.04.2010."
"M2014_PR_3_45_160000000558","GOVERNADOR","PR","2014","CARLOS ALBERTO RICHA","renuncia","2018-04-06","ato","Cida Borghetti","https://www.casacivil.pr.gov.br/Pagina/Maria-Aparecida-Borghetti","Nas eleições de 2014, foi candidata a vice-governadora na chapa de reeleição do governador Beto Richa, ambos sendo eleitos. Com a renúncia do titular, tornou-se governadora em 6 de abril de 2018.","https://www.gazetadopovo.com.br/politica/parana/eleicoes-2018/quem-e-cida-borghetti-a-sucessora-de-richa-no-governo-do-parana-28ertc7nagnx25z271coerhdb/","Desde as 11 horas de sexta-feira (6) , o Paraná é governado por uma mulher pela primeira vez na história de forma definitiva. Cida Borghetti (PP), de 53 anos, assumiu o posto no lugar de Beto Richa (PSDB), que renunciou ao mandato","alta","Renúncia para disputar o Senado. A lista da Casa Civil do PR dá o mandato de Richa de 01.01.2015 a 06.04.2018. Matéria da Gazeta do Povo de 31/03/2018 (5 perguntas e respostas sobre a renúncia) previa a posse da vice 'a partir do dia 7', mas a posse ocorreu em 06/04/2018, segundo a Casa Civil e a Gazeta de 08/04/2018."
"M1998_PR_4_141_160001604001411","VICE-GOVERNADOR","PR","1998","EMILIA DE SALLES BELINATI","fim_regular","2002-12-31","convencional","","https://www.casacivil.pr.gov.br/Pagina/Governantes-no-Periodo-Republicano","140 - EMILIA DE SALLES BELINATI Nascida em Londrina (PR) - 29.05.1945 Vice-Governadora (Ver nº 138) 01.01.1999 a 01.01.2003","https://basearch.coc.fiocruz.br/index.php/emilia-belinati","Vice-governadora do Paraná, 1995-2002","alta","Vice de Jaime Lerner nos dois mandatos (1995-1998 e 1999-2002). A Casa Civil do PR registra o exercício até 01.01.2003 e nenhuma saída antecipada; a Fiocruz (Base Arch) dá o período por ano apenas. Diário do Noroeste também registra que 'Ela era vice-governadora em ambos os mandatos'. Sem par na lista da Wikipédia."
"M2006_PR_4_15_11123","VICE-GOVERNADOR","PR","2006","ORLANDO PESSUTI","assumiu_titular","2010-04-01","ato","","https://www.casacivil.pr.gov.br/Pagina/Orlando-Pessuti","Em 2010, no dia 01.04.2010, assumiu definitivamente o Governo do Estado do Paraná, em função da renúncia do governador Roberto Requião.","https://www.gazetadopovo.com.br/vida-publica/carta-de-renuncia-de-requiao-e-lida-na-assembleia-0awpdi52ih6eqroczz79iht1q/","Requião deixa o governo para disputar uma vaga ao Senado. Orlando Pessuti (PMDB) assume na próxima quinta-feira (1º).","alta","Posse como governador às 18h de 01/04/2010 na ALEP (Gazeta do Povo, 29/03/2010). A lista da Casa Civil do PR registra Pessuti como vice de 01.01.2007 a 01.04.2010 e governador de 01.04.2010 a 01.01.2011. Cargo de vice-governador vago no restante do mandato."
"M2014_PR_4_45_160000000559","VICE-GOVERNADOR","PR","2014","MARIA APARECIDA BORGHETTI","assumiu_titular","2018-04-06","ato","","https://www.casacivil.pr.gov.br/Pagina/Maria-Aparecida-Borghetti","Com a renúncia do titular, tornou-se governadora em 6 de abril de 2018.","https://www.gazetadopovo.com.br/politica/parana/eleicoes-2018/quem-e-cida-borghetti-a-sucessora-de-richa-no-governo-do-parana-28ertc7nagnx25z271coerhdb/","Desde as 11 horas de sexta-feira (6) , o Paraná é governado por uma mulher pela primeira vez na história de forma definitiva. Cida Borghetti (PP), de 53 anos, assumiu o posto no lugar de Beto Richa (PSDB)","alta","A lista da Casa Civil do PR registra Borghetti como vice de 01.01.2015 a 06.04.2018 e governadora de 06.04.2018 a 31.12.2018. Gazeta do Povo de 31/03/2018 previa posse 'a partir do dia 7', superada pelo fato. Cargo de vice-governador vago no restante do mandato."
"M1998_RJ_3_12_190001903000121","GOVERNADOR","RJ","1998","ANTHONY WILLIAN GAROTINHO MATHEUS DE OLIVEIRA","renuncia","2002-04-05","ato","Benedita Souza da Silva Sampaio","https://www18.fgv.br/cpdoc/acervo/dicionarios/verbete-biografico/benedita-sousa-da-silva","Em 5 de abril de 2002, Benedita assumiu o governo do estado, em substituição a Garotinho que, recém desligado do PDT, renunciou ao cargo para concorrer à presidência da República na legenda do Partido Socialista Brasileiro (PSB).","http://www1.folha.uol.com.br/fsp/brasil/fc0604200211.htm","O Palácio Guanabara, sede do governo do Rio, foi transformado ontem em palco para comício de campanha de Anthony Garotinho (PSB), que renunciou ao governo do Estado no início da noite para concorrer à Presidência.","alta","Renúncia para disputar a Presidência da República. A Folha de S.Paulo de 06/04/2002 relata a renúncia 'ontem', com a carta lida na Alerj às 20h30 de 05/04/2002, e o CPDOC/FGV data a assunção de Benedita em 05/04/2002. A posse solene de Benedita na Alerj ocorreu na manhã de 06/04/2002 (Folha Online, 06/04/2002, 10h38), data registrada em fim_wp. Fico com 05/04/2002, data da renúncia."
"M2010_RJ_3_15_190000000130","GOVERNADOR","RJ","2010","SERGIO DE OLIVEIRA CABRAL SANTOS FILHO","renuncia","2014-04-03","ato","Luiz Fernando de Souza","http://g1.globo.com/rio-de-janeiro/noticia/2014/04/sergio-cabral-renuncia-atraves-de-carta-lida-em-solenidade-no-rio.html","Sérgio Cabral renunciou na tarde desta quinta-feira (3) ao cargo de governador do Rio de Janeiro, após cumprir dois mandatos. A renúncia foi escrita em uma carta, lida pelo presidente da Assembleia Legislativa do Rio de Janeiro (Alerj)","http://www1.folha.uol.com.br/poder/2014/04/1435752-novo-governador-do-rio-toma-posse-na-assembleia-legislativa.shtml","Pezão defendeu com veemência seu antecessor Sérgio Cabral (PMDB), que apresentou ontem sua carta de renúncia .","alta","Carta de renúncia lida na Alerj em 03/04/2014 (G1, 03/04/2014, e Folha, 04/04/2014, 'ontem'). Luiz Fernando Pezão ficou como governador em exercício em 03/04 e tomou posse em definitivo em 04/04/2014. A G1 registra que Cabral deveria tentar vaga no Senado, e a Folha liga a saída também à candidatura de Pezão ao governo e à do filho a deputado federal. fim_wp confere. A página da Alerj não foi consultada."
"M2018_RJ_3_20_190000612301","GOVERNADOR","RJ","2018","WILSON JOSÉ WITZEL","impeachment","2021-04-30","ato","Cláudio Bomfim de Castro e Silva","https://www.alerj.rj.gov.br/Visualizar/Noticia/50487","Por unanimidade, o Tribunal Especial Misto (TEM) decidiu pelo impeachment do governador Wilson Witzel, nesta sexta-feira (30/04).","https://g1.globo.com/rj/rio-de-janeiro/noticia/2021/04/30/tribunal-especial-abre-a-sessao-para-decidir-impeachment-de-witzel-1.ghtml","O Tribunal Especial Misto votou de forma unânime na tarde desta sexta-feira (30) pelo impeachment de Wilson Witzel , que perde definitivamente o do cargo de governador do Rio de Janeiro .","alta","Impeachment por crime de responsabilidade julgado pelo Tribunal Especial Misto (cinco deputados e cinco desembargadores) em 30/04/2021, por 10 a 0, com inabilitação por cinco anos. Witzel estava afastado desde agosto de 2020 por decisão do STJ, período em que Cláudio Castro exerceu o governo como interino (G1, 30/04/2021). Castro tomou posse em definitivo em 01/05/2021. fim_wp confere. Não localizei página do TJRJ ou da Alerj sobre o julgamento, por isso as duas fontes são imprensa. Fonte_1 atualizada em 21/09/2026 para noticia publicada por orgao publico, apos conferir o trecho no documento baixado; a fonte de imprensa que estava em fonte_1 passa a fonte_2, como pista."
"M2022_RJ_3_22_190001615753","GOVERNADOR","RJ","2022","CLÁUDIO BOMFIM DE CASTRO E SILVA","renuncia","2026-03-23","ato","Ricardo Couto de Castro","https://g1.globo.com/rj/rio-de-janeiro/noticia/2026/03/23/apos-renuncia-de-castro-presidente-do-tjrj-assume-o-governo-e-tem-48h-para-convocar-eleicao-indireta-entenda.ghtml","Com a renúncia do governador Cláudio Castro (PL) , feita na noite desta segunda-feira (23), o governador em exercício terá até 48 horas para convocar uma eleição indireta que definirá o novo chefe do Palácio Guanabara.","https://www1.folha.uol.com.br/poder/2026/03/claudio-castro-renuncia-ao-governo-do-rj-saio-com-a-cabeca-erguida.shtml","O governador do Rio de Janeiro , Cláudio Castro ( PL ), afirmou nesta segunda-feira (23) que sai com a ""cabeça erguida"" do comando do Palácio Guanabara. Castro sai do cargo para se candidatar ao Senado em outubro.","alta","Renúncia na noite de 23/03/2026, com carta assinada no Palácio Guanabara, anunciada como saída para disputar o Senado e feita na véspera da retomada do julgamento no TSE (Folha, 23/03/2026). Em 24/03/2026 o TSE, por 5 a 2, declarou Castro inelegível por oito anos por abuso de poder nas eleições de 2022 (G1, 24/03/2026), e o acórdão publicado em 23/04/2026 registrou maioria para considerar a cassação do mandato prejudicada pela renúncia de 23/03 (Folha, 24/04/2026). Com o cargo de vice vago desde 21/05/2025 e o presidente da Alerj afastado, assumiu interinamente o presidente do TJRJ, Ricardo Couto de Castro, em 24/03/2026 segundo a Folha de 19/08/2026 (fim_wp e sucessor_ini dão 23/03). No STF segue pendente a definição do mandato-tampão (eleição direta ou indireta), retirada de pauta em 19/08/2026, com Couto mantido por liminar. Nenhum ato oficial (Diário Oficial, Alerj ou TSE) foi lido."
"M1998_RJ_4_131_190001904001311","VICE-GOVERNADOR","RJ","1998","BENEDITA SOUZA DA SILVA SAMPAIO","assumiu_titular","2002-04-05","ato","","https://www18.fgv.br/cpdoc/acervo/dicionarios/verbete-biografico/benedita-sousa-da-silva","Em 5 de abril de 2002, Benedita assumiu o governo do estado, em substituição a Garotinho que, recém desligado do PDT, renunciou ao cargo para concorrer à presidência da República na legenda do Partido Socialista Brasileiro (PSB).","http://www1.folha.uol.com.br/folha/brasil/ult96u31047.shtml","Ao assumir ontem o governo do Rio, a petista Benedita da Silva, 60, disse que estava pegando ""um trem em movimento""","alta","Assumiu o governo em definitivo com a renúncia de Anthony Garotinho na noite de 05/04/2002 (notícia da Folha publicada em 06/04/2002 às 08h09 diz 'ontem'). A cerimônia de posse na Alerj foi na manhã de 06/04/2002 (Folha Online, 06/04/2002, 10h38), data que fim_wp registra. Cargo de vice-governador vago de abril de 2002 até o fim do mandato."
"M2010_RJ_4_15_190000000131","VICE-GOVERNADOR","RJ","2010","LUIZ FERNANDO DE SOUZA","assumiu_titular","2014-04-04","ato","","http://www1.folha.uol.com.br/poder/2014/04/1435752-novo-governador-do-rio-toma-posse-na-assembleia-legislativa.shtml","O peemedebista Luiz Fernando Pezão tomou posse oficialmente como governador do Rio na manhã desta sexta-feira (4) no Palácio Tiradentes, sede da Assembleia Legislativa do Estado.","http://g1.globo.com/rio-de-janeiro/noticia/2014/04/sergio-cabral-renuncia-atraves-de-carta-lida-em-solenidade-no-rio.html","O cargo está em vacância até sexta-feira (4), quando Luiz Fernando Pezão deixa de ser governador em exercício e toma posse do cargo em definitivo.","alta","Assumiu o governo em definitivo com posse na Alerj em 04/04/2014, depois da renúncia de Sérgio Cabral lida em 03/04/2014. Entre a leitura da carta e a posse exerceu o governo como governador em exercício (G1, 03/04/2014). Cargo de vice-governador vago de 04/04/2014 até o fim do mandato. fim_wp (2014-04-03) coincide com a renúncia do titular e sucessor_ini com a posse."
"M2018_RJ_4_20_190000612303","VICE-GOVERNADOR","RJ","2018","CLÁUDIO BOMFIM DE CASTRO E SILVA","assumiu_titular","2021-05-01","ato","","https://www.alerj.rj.gov.br/Visualizar/Noticia/50489","A Assembleia Legislativa do Rio de Janeiro (Alerj) deu posse, neste sábado (01/05), ao governador Cláudio Castro, para exercer o mandato até dezembro de 2022.","https://www1.folha.uol.com.br/poder/2021/05/claudio-castro-toma-posse-como-governador-do-rio-apos-impeachment-de-witzel.shtml","Após o impeachment de Wilson Witzel (PSC) , Cláudio Castro (PSC), aliado do presidente Jair Bolsonaro, assumiu em definitivo o Governo do Rio na manhã deste sábado (1º). A cerimônia de posse ocorreu na Alerj","alta","Assumiu o governo em definitivo com posse na Alerj em 01/05/2021, depois do impeachment de Wilson Witzel julgado em 30/04/2021. Exercia o governo interinamente desde o afastamento cautelar de Witzel pelo STJ em agosto de 2020. A G1 de 30/04 anuncia a posse para sábado (1º) e a Folha de 01/05/2021 confirma que ela ocorreu. Cargo de vice-governador vago de 01/05/2021 até o fim do mandato. fim_wp (2021-04-30) é a data do impeachment do titular. Eleito governador em 2022. Fonte_1 atualizada em 21/09/2026 para noticia publicada por orgao publico, apos conferir o trecho no documento baixado; a fonte de imprensa que estava em fonte_1 passa a fonte_2, como pista."
"M2022_RJ_4_22_190001738844","VICE-GOVERNADOR","RJ","2022","THIAGO PAMPOLHA GONÇALVES","renuncia","2025-05-21","ato","","https://www.alerj.rj.gov.br/Visualizar/Noticia/76016","Logo após o fim da votação que aprovou seu nome ao TCE, Pampolha encaminhou comunicado oficializando sua renúncia ao cargo de vice-governador, que foi lido ainda em plenário pelo presidente da Alerj.","https://g1.globo.com/rj/rio-de-janeiro/noticia/2025/05/21/alerj-nomeacao-thiago-pampolha-conselheiro-do-tce.ghtml","Logo em seguida à eleição na Alerj , Pampolha apresentou sua renúncia ao cargo de vice-governador, e deve tomar posse no TCE nas próximas horas .","alta","Renúncia à vice-governadoria para assumir o cargo de conselheiro do TCE-RJ. A Alerj aprovou a indicação em 21/05/2025 (57 a 5, com 7 abstenções), Pampolha renunciou logo em seguida e assinou o termo de posse no TCE no mesmo dia, com a nomeação publicada em edição extraordinária do Diário Oficial (Tempo Real RJ, 21/05/2025). O Diário Oficial não foi lido. Cargo de vice-governador vago de 21/05/2025 até o fim do mandato. Segundo a Folha (24/04/2026), o acórdão do TSE no caso da folha secreta da Ceperj/Uerj considerou prejudicada, pela renúncia, a cassação do mandato de Pampolha. Mandato de 2022 que terminou antes do fim convencional. Fonte_1 atualizada em 21/09/2026 para noticia publicada por orgao publico, apos conferir o trecho no documento baixado; a fonte de imprensa que estava em fonte_1 passa a fonte_2, como pista."
"M1998_RN_3_15_200002003000151","GOVERNADOR","RN","1998","GARIBALDI ALVES FILHO","renuncia","2002-04-04","ato","Fernando Freire","https://web.archive.org/web/20021201114319id_/http://www.tribunadonorte.com.br:80/anteriores/020405/politica/poli1.html","foi quem entregou à mesa diretora da Assembléia Legislativa, ontem à tarde, o ofício 089/2002, em que o governador Garibaldi Filho comunicava sua renúncia ao cargo.","https://www18.fgv.br/cpdoc/acervo/dicionarios/verbete-biografico/fernando-antonio-da-camara-freire","o então governador Garibaldi Alves Filho afastou-se de suas funções para dedicar-se a sua candidatura ao Senado Federal. Por este motivo, em 5 de abril de 2002, Fernando Freire assumiu interinamente o governo do estado.","media","Fonte_1 é a Tribuna do Norte de 05/04/2002 (cópia no Internet Archive): o ofício de renúncia foi entregue e lido na Assembleia Legislativa na tarde de 04/04/2002, e a posse de Fernando Freire foi marcada para as 17h de 05/04/2002; a edição de 06/04/2002 confirma a posse 'ontem'. Uso a data do ofício lido (04/04); a transmissão do cargo e o fim_wp são de 05/04/2002. O CPDOC fala em 'assumiu interinamente', mas Freire governou até o fim do mandato. Folha Online de 05/04/2002 lista Garibaldi entre os que saem do governo para disputar vaga no Senado ou na Câmara."
"M2006_RN_3_40_10006","GOVERNADOR","RN","2006","WILMA MARIA DE FARIA","renuncia","2010-03-31","ato","Iberê Ferreira de Souza","https://www.al.rn.leg.br/noticia/172/assembleia-realiza-posse-do-novo-governador-do-estado","Iberê vai assumir o governo em virtude da desincompatibilização da atual governadora, Wilma Maria de Faria. Durante a sessão, o primeiro secretário da Casa, deputado Ricardo Motta deve ler o ofício de renúncia da governadora","https://web.archive.org/web/2010id_/http://g1.globo.com:80/Noticias/Politica/0,,MUL1554234-5601,00-DE+OLHO+NO+SENADO+NOVE+GOVERNADORES+RENUNCIAM+AOS+CARGOS.html","Wilma de Faria (PSB) renunciou ao governo do Rio Grande do Norte na quarta e transmitiu o cargo ao vice, Iberê de Souza (PSB).","alta","Fonte_1 (Assembleia Legislativa do RN, 30/03/2010) anuncia a sessão solene de 'quarta-feira (31)' com leitura do ofício de renúncia; a notícia seguinte da AL-RN, de 31/03/2010, registra a posse de Iberê. Fonte_2 (g1, 03/04/2010, cópia no Internet Archive) diz que a renúncia foi 'na quarta', isto é, 31/03/2010, para disputar o Senado. Data coincide com o fim_wp."
"M1998_RN_4_111_200002004001111","VICE-GOVERNADOR","RN","1998","FERNANDO ANTÔNIO DA CÂMARA FREIRE","assumiu_titular","2002-04-05","ato","","https://web.archive.org/web/20020502174525id_/http://www.tribunadonorte.com.br:80/anteriores/020406/politica/poli1.html","Fernando Freire recebe o cargo de Garibaldi Filho: uma transição sem interrupções 06/04/02 ""Multiplicar o tempo por três, esticar o dia de trabalho para 72 horas"", é o mote que o governador Fernando Freire, empossado ontem no cargo","https://www18.fgv.br/cpdoc/acervo/dicionarios/verbete-biografico/fernando-antonio-da-camara-freire","Por este motivo, em 5 de abril de 2002, Fernando Freire assumiu interinamente o governo do estado.","alta","Posse em sessão solene da Assembleia Legislativa (transferida para o Teatro Alberto Maranhão) em 05/04/2002, após leitura do ofício de renúncia de Garibaldi Filho em 04/04/2002 (Tribuna do Norte, 05/04/2002). Apesar do termo 'interinamente' no CPDOC, Freire governou até 31/12/2002 e disputou o governo em 2002. Fonte_1 só acessível por cópia no Internet Archive. Data coincide com o fim_wp."
"M2006_RN_4_40_10007","VICE-GOVERNADOR","RN","2006","IBERÊ PAIVA FERREIRA DE SOUZA","assumiu_titular","2010-03-31","ato","","https://www.al.rn.leg.br/noticia/171/assembleia-da-posse-a-ibere-ferreira-de-souza","Assembleia dá posse a Iberê Ferreira de Souza 31/03/2010 “Assumo, a partir deste momento, o honroso dever e a grande missão de governar o Rio Grande do Norte.","https://web.archive.org/web/2010id_/http://g1.globo.com:80/Noticias/Politica/0,,MUL1554234-5601,00-DE+OLHO+NO+SENADO+NOVE+GOVERNADORES+RENUNCIAM+AOS+CARGOS.html","Wilma de Faria (PSB) renunciou ao governo do Rio Grande do Norte na quarta e transmitiu o cargo ao vice, Iberê de Souza (PSB).","alta","Posse em sessão solene da Assembleia Legislativa do RN em 31/03/2010 (notícia oficial da AL-RN com essa data). Fonte_2 (g1, 03/04/2010) situa a transmissão na quarta-feira, 31/03/2010. Iberê governou até 01/01/2011. Data coincide com o fim_wp."
"M2006_RO_3_23_10404","GOVERNADOR","RO","2006","IVO NARCISO CASSOL","renuncia","2010-03-31","ato","João Aparecido Cahulla","https://tcero.tc.br/2010/04/05/presidente-do-tce-destaca-obras-durante-renuncia-de-cassol-e-posse-de-cahulla/","O ato, ocorrido na última quarta-feira (31), em sessão solene da Assembleia Legislativa, presidida pelo deputado Neodi Carlos","https://www.rondoniagora.com/geral/rondonia-completa-39-anos-de-instalacao-relembre-fatos-historicos","Ivo Cassol (PPS), catarinense, entrou em 1º de janeiro de 2003 e saiu em 31 de março de 2010.","alta","Renúncia para disputar o Senado em 2010. Notícia do TCE-RO de 05/04/2010 descreve a sessão solene da ALE-RO de quarta-feira, 31/03/2010, que registrou a renúncia de Cassol e a posse de Cahulla. A data de 30/03/2010, que circula em fonte secundária, não tem apoio em nenhum documento que consultei."
"M2014_RO_3_15_220000000187","GOVERNADOR","RO","2014","CONFUCIO AIRES MOURA","renuncia","2018-04-06","ato","Daniel Pereira","https://rondonia.ro.gov.br/posse-e-transmissao-de-cargo-ao-governador-daniel-pereira/","Daniel Pereira tomou posse nessa sexta-feira, dia 6, na Assembleia Legislativa de Rondônia. Em seguida, o agora ex-governador Confúcio Moura transmitiu o cargo a ele.","https://psb40.org.br/daniel-pereira-do-psb-assume-o-governo-de-rondonia/","Pereira assume o governo no lugar de Confúcio Moura, que renunciou ao mandato de governador para concorrer a uma vaga no Senado","alta","Renúncia para disputar o Senado. Segundo o próprio governador (Rondoniagora, 04/04/2018), a carta seria apresentada à ALE-RO na quinta-feira 05/04 com saída em 06/04/2018, data da posse de Daniel Pereira. A matéria do PSB (06/04/2018) registra a posse de Daniel Pereira na ALE-RO na sexta-feira (6). Retrospectiva do Rondoniagora (04/01/2021) e Wikipédia dão fim em 05/04/2018; adotei a data de efeito da renúncia e da posse do sucessor (06/04). Site do Governo de RO com conteúdo suspenso no período eleitoral de 2026, por isso não serviu como fonte. Fonte_1 atualizada em 21/09/2026 para pagina oficial do orgao, apos conferir o trecho no documento baixado; a fonte de imprensa que estava em fonte_1 passa a fonte_2, como pista."
"M2006_RO_4_23_10642","VICE-GOVERNADOR","RO","2006","JOÃO APARECIDO CAHULLA","assumiu_titular","2010-03-31","ato","","https://tcero.tc.br/2010/04/05/presidente-do-tce-destaca-obras-durante-renuncia-de-cassol-e-posse-de-cahulla/","durante a renúncia do ex-governador e posse do novo chefe do Executivo rondoniense, João Cahulla. O ato, ocorrido na última quarta-feira (31), em sessão solene da Assembleia Legislativa","https://www.rondoniagora.com/geral/rondonia-completa-39-anos-de-instalacao-relembre-fatos-historicos","Em 2006, João Cahulla foi eleito vice-governador, e em 31 de março de 2010, com a renúncia de Ivo Cassol, assumiu a vaga de governador.","alta","Assumiu o governo em definitivo em 31/03/2010 e o exerceu até 01/01/2011. Cargo de vice-governador vago no restante do mandato."
"M2014_RO_4_15_220000000188","VICE-GOVERNADOR","RO","2014","DANIEL PEREIRA","assumiu_titular","2018-04-06","ato","","https://rondonia.ro.gov.br/posse-e-transmissao-de-cargo-ao-governador-daniel-pereira/","Daniel Pereira tomou posse nessa sexta-feira, dia 6, na Assembleia Legislativa de Rondônia. Em seguida, o agora ex-governador Confúcio Moura transmitiu o cargo a ele.","https://psb40.org.br/daniel-pereira-do-psb-assume-o-governo-de-rondonia/","tomou posse como chefe do Executivo local em ato na Assembleia Legislativa, nesta sexta-feira (6), em Porto Velho.","alta","Posse como governador em 06/04/2018 após a renúncia de Confúcio Moura (notícia PSB de 06/04/2018; OAB-RO de 09/04/2018). Wikipédia dá fim da vice em 06/04/2018; retrospectiva do Rondoniagora dá início do governo em 06/04/2018. Fonte_1 atualizada em 21/09/2026 para pagina oficial do orgao, apos conferir o trecho no documento baixado; a fonte de imprensa que estava em fonte_1 passa a fonte_2, como pista."
"M1998_RR_3_11_230002303000111","GOVERNADOR","RR","1998","NEUDO RIBEIRO CAMPOS","renuncia","2002-04-05","intervalo","Francisco Flamarion Portela","https://www12.senado.leg.br/noticias/materias/2002/05/10/mozarildo-destaca-atuacao-do-governo-neudo-campos","O senador registrou que Neudo Campos deixa o governo para concorrer a uma vaga ao Senado","https://www.imprensaoficial.rr.gov.br/app/_edicoes/2002/04/doe-20020416.pdf","Francisco Flamaríon Portela - Governador do Estado de Roraima","media","data exata entre 2002-04-05 a 2002-04-16. A forma (renúncia para disputar o Senado em 2002) está sustentada pela Agência Senado (10/05/2002) e o DOE-RR de 16/04/2002 já traz Flamarion Portela como governador. A data exata do ato NÃO foi localizada em fonte admissível. As edições do DOE-RR anteriores a 16/04/2002 não estão online e o acervo da Folha de 04 a 08/04/2002 não cobre o caso. A própria Wikipédia diverge (06/04/2002 na lista de governadores; 05/04/2002 na de vices); a data registrada segue a lista de vices e é compatível com decretos de Flamarion no DOE de 17/04/2002 com efeitos a contar de 05/04/2002, mas isso é indício, não prova. O prazo legal de desincompatibilização para 06/10/2002 vencia em 06/04/2002."
"M2002_RR_3_17_388","GOVERNADOR","RR","2002","FRANCISCO FLAMARION PORTELA","cassacao","2004-11-09","ato","Ottomar de Sousa Pinto","https://noticias.stf.jus.br/postsnoticias/supremo-mantem-flamarion-portela-afastado-do-cargo-de-governador-em-roraima/","Flamarion foi cassado pelo Tribunal Superior Eleitoral (TSE) em 9 de novembro deste ano, por abuso de poder econômico nas eleições de 2002.","https://www1.folha.uol.com.br/fsp/brasil/fc1111200415.htm","o TSE (Tribunal Superior Eleitoral) decidiu anteontem, em definitivo, cassar o mandato de Flamarion, considerado culpado por crimes eleitorais de abuso do poder econômico e político.","alta","Cassação pelo TSE por abuso de poder econômico e político na eleição de 2002; o acórdão determinou a posse do 2º colocado, Ottomar Pinto. Folha (11/11/2004) informa que a cassação vinha de agosto e que Flamarion permaneceu no cargo por recursos, e que o presidente da ALE-RR, Mecias de Jesus, exerceu o governo interinamente das 3h de segunda (08/11) até as 18h de 10/11/2004; o DOE-RR de 09/11/2004 traz Mecias de Jesus como governador e o de 10/11/2004 já traz Ottomar de Sousa Pinto, com decretos datados de 10/11/2004. STF indeferiu liminar na RCL 3019 (29/12/2004)."
"M2006_RR_3_45_10100","GOVERNADOR","RR","2006","OTTOMAR DE SOUSA PINTO","falecimento","2007-12-11","ato","José de Anchieta Júnior","https://www.imprensaoficial.rr.gov.br/app/_edicoes/2007/12/doe-20071211.pdf","Declarar luto oficial em todo Estado de Roraima, por 7 (sete) dias, a contar de 11 de dezembro de 2007, em sinal de pesar pelo falecimento do Excelentíssimo Senhor Governador do Estado de Roraima OTTOMAR DE SOUSA PINTO.","https://www.folhabv.com.br/colunas/desde-que-roraima-virou-estado-governo-e-prefeitura-nunca-se-uniram","Com o falecimento de Ottomar, em 11 de dezembro de 2007, assumiu o Governo o vice, José de Anchieta Júnior (2007–2014)","alta","Decreto nº 8.525-E de 11/12/2007 (DOE-RR). Folha de S.Paulo de 12/12/2007 (fc1212200730) relata a morte em Brasília, no InCor, às 13h42, por parada cardiorrespiratória. O vice assinou como governador em exercício em 11/12/2007 e tomou posse como titular em 14/12/2007."
"M2010_RR_3_45_230000000057","GOVERNADOR","RR","2010","JOSE DE ANCHIETA JUNIOR","renuncia","2014-04-04","ato","Francisco de Assis Rodrigues (Chico Rodrigues)","https://g1.globo.com/rr/roraima/noticia/2014/04/chico-rodrigues-toma-posse-e-fala-em-mudancas-de-secretariado-em-rr.html","Após reconhecer a renúncia de José de Anchieta (PMDB), o presidente da Casa, deputado Chico Guerra (PROS), assumiu o cargo até Rodrigues ser declarado governador e empossado às 20h30.","https://www.imprensaoficial.rr.gov.br/app/_edicoes/2014/04/doe-20140407.pdf","Boa Vista-RR, (segunda-feira) 07 de abril de 2014 Diário Oficial Estado de Roraima - ano XXVI Francisco de Assis Rodrigues - Governador do Estado","media","Renúncia para disputar o Senado (G1 de 04/04/2014, 10h27, anunciava carta de renúncia a ser assinada às 17h no Palácio Senador Hélio Campos). G1 (04/04/2014, 22h18) registra a renúncia reconhecida pela ALE-RR e a posse de Chico Rodrigues na noite de sexta-feira, 4. O DOE-RR confirma a troca sem datar o ato: a edição de 04/04/2014 traz decretos de Anchieta datados de 4 de abril e a de 07/04/2014 já traz Chico Rodrigues como governador. A matéria da posse grafa o partido de Anchieta como PMDB; a do G1 da manhã do mesmo dia o identifica como PSDB."
"M2022_RR_3_11_230001604255","GOVERNADOR","RR","2022","ANTONIO OLIVERIO GARCIA DE ALMEIDA","renuncia","2026-03-27","ato","Edilson Damião Lima","https://web.archive.org/web/20260420070659/https://portal.rr.gov.br/antonio-denarium-encerra-ciclo-com-balanco-de-gestao-e-transmite-cargo-de-governador-a-edilson-damiao/","O governador Antonio Denarium assinou, nesta sexta-feira, 27, o termo de renúncia ao cargo durante Sessão Solene realizada na Assembleia Legislativa Estadual. Com o ato, ele transmitiu o Executivo estadual para o agora recém-empossado governador Edilson Damião","https://www.folhabv.com.br/politica/governador-de-roraima-renuncia-ao-cargo-em-cerimonia-na-assembleia/","Antonio Denarium (Progressistas) renunciou oficialmente ao cargo de governador na noite desta sexta-feira (27), em cerimônia na Assembleia Legislativa (ALE-RR).","alta","A forma_atual do banco (perda do mandato inferida por eleição suplementar) está errada para este mandato. Denarium renunciou em 27/03/2026 para disputar o Senado, antes do desfecho do processo de cassação da chapa no TSE (abuso de poder político e econômico nas eleições de 2022). Coluna da Folha BV (12/06/2026) informa que depois o TSE cassou o mandato de Edilson Damião, então governador, e que assumiu o presidente da ALE-RR, Soldado Sampaio. A cassação atinge o mandato já exercido por Damião, não a saída de Denarium. Não conferi a decisão do TSE nem a data dela, porque o portal do TSE recusou a consulta. Fonte_1 atualizada em 21/09/2026 para pagina oficial do orgao, apos conferir o trecho no documento baixado; a fonte de imprensa que estava em fonte_1 passa a fonte_2, como pista."
"M1998_RR_4_171_230002304001711","VICE-GOVERNADOR","RR","1998","FRANCISCO FLAMARION PORTELA","assumiu_titular","2002-04-05","intervalo","","https://www.imprensaoficial.rr.gov.br/app/_edicoes/2002/04/doe-20020416.pdf","Francisco Flamaríon Portela - Governador do Estado de Roraima","https://www12.senado.leg.br/noticias/materias/2002/05/10/mozarildo-destaca-atuacao-do-governo-neudo-campos","O senador registrou que Neudo Campos deixa o governo para concorrer a uma vaga ao Senado","media","data exata entre 2002-04-05 a 2002-04-16. A forma (vice que assumiu o governo em definitivo com a renúncia de Neudo Campos) está sustentada: o DOE-RR de 16/04/2002 já o traz como governador e a Agência Senado registra a saída de Neudo. A data exata da posse NÃO foi localizada em fonte admissível (DOE-RR anterior a 16/04/2002 fora do acervo online). A Wikipédia dá 05/04/2002 para o fim da vice e 06/04/2002 para o fim do governo de Neudo. Decretos de Flamarion publicados no DOE de 17/04/2002 têm efeitos a contar de 05/04/2002, o que é indício compatível com 05/04. Folha (11/11/2004) diz erroneamente que ele assumiu em 2000."
"M2002_RR_4_17_229","VICE-GOVERNADOR","RR","2002","SALOMÃO AFONSO DE SOUZA CRUZ","cassacao","2004-11-09","ato","Erci de Moraes","https://www.imprensaoficial.rr.gov.br/app/_edicoes/2004/11/doe-20041110.pdf","OTTOMAR DE SOUSA PINTO GOVERNADOR DO ESTADO DE RORAIMA ERCI MORAES VICE-GOVERNADOR","https://www.folhabv.com.br/cotidiano/morre-ex-vice-governador-de-roraima-erci-de-moraes/","Já em 2004, por decisão do Tribunal Superior Eleitoral (TSE), ele foi diplomado e empossado como vice-governador de Roraima, após Flamarion Portela ter sido cassado e Ottomar ter assumido o cargo em seu lugar.","media","Perdeu o mandato com a cassação da chapa de Flamarion Portela pelo TSE em 09/11/2004 (data da decisão definitiva segundo notícia do STF de 29/12/2004 e Folha de 11/11/2004). As fontes abertas não nomeiam Salomão Cruz; sustentam a queda da chapa pela substituição do vice por Erci de Moraes, já no expediente do DOE-RR de 10/11/2004. Mecias de Jesus (presidente da ALE-RR) governou interinamente entre 08 e 10/11/2004, o que indica que também o vice estava fora do cargo. Wikipédia dá 10/11/2004 (data da posse de Ottomar e Erci)."
"M2006_RR_4_45_10101","VICE-GOVERNADOR","RR","2006","JOSE DE ANCHIETA JUNIOR","assumiu_titular","2007-12-14","ato","","https://www.psdb.org.br/acompanhe/noticias/anchieta-junior-toma-posse-como-governador-de-roraima/","O presidente da Assembléia Legislativa, Mecias de Jesus deu posse, na manhã desta sexta-feira (14), ao novo governador do Estado de Roraima, José de Anchieta Junior.","https://www.imprensaoficial.rr.gov.br/app/_edicoes/2007/12/doe-20071211.pdf","Palácio Senador Hélio Campos/RR, 11 de dezembro de 2007. JOSÉ DE ANCHIETA JUNIOR Governador, em exercício, do Estado de Roraima","alta","Com a morte de Ottomar Pinto em 11/12/2007, Anchieta passou a exercer o governo no mesmo dia (decretos de 11/12/2007 assinados como governador em exercício) e tomou posse como titular na ALE-RR em 14/12/2007 (PSDB, 14/12/2007); o DOE-RR de 17/12/2007 traz atos de 14/12/2007 assinados como Governador do Estado. data_evento = posse definitiva; a vacância ocorreu em 11/12/2007 (data usada pela Wikipédia)."
"M2010_RR_4_45_230000000058","VICE-GOVERNADOR","RR","2010","FRANCISCO DE ASSIS RODRIGUES","assumiu_titular","2014-04-04","ato","","https://g1.globo.com/rr/roraima/noticia/2014/04/chico-rodrigues-toma-posse-e-fala-em-mudancas-de-secretariado-em-rr.html","O novo governador de Roraima, Chico Rodrigues (PSB), tomou posse na noite desta sexta-feira (4) em uma cerimônia na Assembleia Legislativa do Estado.","https://www.imprensaoficial.rr.gov.br/app/_edicoes/2014/04/doe-20140407.pdf","Boa Vista-RR, (segunda-feira) 07 de abril de 2014 Diário Oficial Estado de Roraima - ano XXVI Francisco de Assis Rodrigues - Governador do Estado","media","Posse como governador em 04/04/2014, às 20h30, na ALE-RR, após a renúncia de José de Anchieta Júnior (G1). O DOE-RR confirma a forma sem datar a posse: em 04/04/2014 ainda figura como vice-governador no expediente e em 07/04/2014 já como governador."
"M2014_RR_4_11_230000000005","VICE-GOVERNADOR","RR","2014","PAULO CESAR JUSTO QUARTIERO","renuncia","2018-01-25","ato","","https://www.imprensaoficial.rr.gov.br/app/_edicoes/2018/01/doe-20180126.pdf","Boa Vista, sexta-feira, 26 de janeiro de 2018 www.imprensaoficial.rr.gov.br VICE-GOVERNADOR DO ESTADO DE RORAIMA SECRETARIADO","https://g1.globo.com/rr/roraima/noticia/vice-governador-de-rr-renuncia-ao-cargo-e-cita-incompatibilidade-com-gestao-da-governadora.ghtml","O vice-governador de Roraima, Paulo César Quartiero (Sem partido) entregou uma carta de renúncia à Assembleia Legislativa de Roraima (Ale-RR) e deixou o cargo. Uma sessão extraordinária ocorreu nesta sexta-feira (26) na Casa por convocação dele.","media","Renúncia por incompatibilidade com a gestão da governadora Suely Campos; o cargo de vice ficou vago. G1 (26/01/2018) diz que a renúncia já estava protocolada na ALE-RR quando da sessão extraordinária de 26/01/2018, sem dar a data do protocolo. O expediente do DOE-RR de 25/01/2018 ainda traz PAULO CESAR JUSTO QUARTIERO como vice-governador e o de 26/01/2018 traz o cargo sem nome; a data 25/01/2018 (também a da Wikipédia) é inferida dessa sequência, podendo o ato ser de 25 ou 26/01/2018. A Secom estadual declarou ao G1 não ter recebido comunicado formal."
"M2022_RR_4_11_230001604254","VICE-GOVERNADOR","RR","2022","EDILSON DAMIÃO LIMA","assumiu_titular","2026-03-27","ato","","https://web.archive.org/web/20260420070659/https://portal.rr.gov.br/antonio-denarium-encerra-ciclo-com-balanco-de-gestao-e-transmite-cargo-de-governador-a-edilson-damiao/","O governador Antonio Denarium assinou, nesta sexta-feira, 27, o termo de renúncia ao cargo durante Sessão Solene realizada na Assembleia Legislativa Estadual. Com o ato, ele transmitiu o Executivo estadual para o agora recém-empossado governador Edilson Damião","https://g1.globo.com/politica/eleicoes/2026/noticia/2026/03/27/edilson-damiao-toma-posse-como-governador-de-roraima-apos-renuncia-de-denarium.ghtml","Ex-vice, Edilson Damião tomou posse como governador de Roraima nesta sexta-feira (27), em cerimônia na Ale-RR.","alta","A forma_atual do banco (renúncia) está errada: o mandato de vice terminou quando assumiu o governo em definitivo, em 27/03/2026, após a renúncia de Antonio Denarium. Coluna da Folha BV (12/06/2026) informa que depois o TSE cassou o mandato de Edilson Damião como governador e que assumiu o presidente da ALE-RR, Soldado Sampaio; essa cassação encerra o mandato de governador exercido por ele, não o de vice. Não conferi a data nem o teor da decisão do TSE, porque o portal do TSE recusou a consulta. Fonte_1 atualizada em 21/09/2026 para pagina oficial do orgao, apos conferir o trecho no documento baixado; a fonte de imprensa que estava em fonte_1 passa a fonte_2, como pista."
"M2018_RS_3_45_210000622367","GOVERNADOR","RS","2018","EDUARDO FIGUEIREDO CAVALHEIRO LEITE","renuncia","2022-03-31","ato","Ranolfo Vieira Júnior","https://www.palaciopiratini.rs.gov.br/ranolfo-vieira","Com a renúncia de Leite, Ranolfo se tornou governador em 31 de março de 2022.","https://agenciabrasil.ebc.com.br/politica/noticia/2022-03/governador-do-rs-oficializa-renuncia","O governador do Rio Grande do Sul, Eduardo Leite, oficializou sua renúncia do comando do estado nesta quinta-feira (31) para disputar as eleições de 2022.","alta","Renúncia anunciada em 28/03/2022 e formalizada em 31/03/2022 (Agência Brasil, publicada em 31/03/2022), para disputar a eleição de 2022. Texto da ALRS republicado pelo Portal de Notícias e pelo Brasil de Fato diz que a renúncia foi 'oficializada à Casa Legislativa na tarde de ontem', o que pode indicar entrega do ofício em 30/03; a posse do sucessor e a transmissão do cargo ocorreram em 31/03/2022. Página original da ALRS (ww4.al.rs.gov.br/noticia/327906) e do Portal do Estado do RS retornaram erro (500/404) em 13/09/2026, por isso não serviram como fonte_1. Fonte_1 atualizada em 21/09/2026 para pagina oficial do orgao, apos conferir o trecho no documento baixado; a fonte de imprensa que estava em fonte_1 passa a fonte_2, como pista."
"M2018_RS_4_45_210000622362","VICE-GOVERNADOR","RS","2018","RANOLFO VIEIRA JUNIOR","assumiu_titular","2022-03-31","ato","","https://agenciabrasil.ebc.com.br/politica/noticia/2022-03/governador-do-rs-oficializa-renuncia","O governo do Rio Grande do Sul será assumido pelo vice-governador, Ranolfo Vieira Júnior.","https://www.brasildefato.com.br/2022/04/01/eduardo-leite-renuncia-e-vice-assume-como-governador-do-rio-grande-do-sul/","Em sessão solene realizada no final da tarde de quinta-feira (31), na Assembleia Legislativa, Ranolfo Vieira Júnior (PSDB) tomou posse como novo chefe do executivo gaúcho.","alta","Posse como governador na sessão solene extraordinária da ALRS em 31/03/2022, após a renúncia de Eduardo Leite; exerceu o governo até o fim do mandato. A Agência Brasil (31/03/2022) anuncia a sucessão sem dar a hora da posse; o Brasil de Fato (01/04/2022) e o texto da ALRS republicado pelo Portal de Notícias ('quinta-feira (31/03), o Parlamento gaúcho deu posse ao até então vice-governador Ranolfo Vieira Júnior') confirmam a data. Cargo de vice-governador vago no restante do mandato."
"M2002_SC_3_15_187","GOVERNADOR","SC","2002","LUIZ HENRIQUE DA SILVEIRA","renuncia","2006-07-07","ato","Eduardo Pinho Moreira","https://web.archive.org/web/20220102133340/https://www.scm.sc.gov.br/scm/cool_timeline/eduardo-pinho-moreira-2006-2007/","Exerceu o mandato de 1º de janeiro de 2003 a 7 de julho de 2006. Nesta data assumiu o Governo do Estado, com a renúncia do então governador Luiz Henrique da Silveira, que deixou o Executivo para se dedicar à campanha.","https://memoriapolitica.alesc.sc.gov.br/biografia/1158-Eduardo_Pinho_Moreira","Assumiu interinamente o Governo do Estado, de 9 de abril a 6 de julho de 2006.","media","Forma segura (renúncia para se dedicar à campanha de reeleição), data incerta. Luiz Henrique deixou o exercício em 09/04/2006 (fim_wp) e não voltou nesse mandato, mas as fontes indicam licença seguida de renúncia formal em julho. A Casa Militar de SC (página arquivada, fonte_1) dá o fim do mandato de vice de Moreira e sua assunção por renúncia em 07/07/2006; a Memória Política da ALESC dá a interinidade de Moreira de 09/04 a 06/07/2006, com o presidente do TJSC Pedro Manoel Abreu no governo de 7 a 14/07/2006 'na ausência do titular, Eduardo Pinho Moreira', e depois Moreira 'efetivo'; a página do governador em sc.gov.br capturada em 05/07/2006 traz 'Eduardo Pinho Moreira Governador de Estado em Exercício' e a de 08/12/2006 'Governador do Estado'. Divergem: CPDOC/FGV ('em 9 de abril de 2006 renunciou ao governo'), a biografia de LHS na ALESC (mandato até 09/04/2006) e a própria página de LHS na Casa Militar ('licenciou-se do cargo' e 'Em abril de 2006 renunciou', exercício até 08/04/2006). Não localizei o ato de renúncia nem publicação no DOE/ALESC; data_evento pode ser 06/07 ou 07/07/2006, ou 09/04/2006 se o afastamento de abril já foi renúncia."
"M2006_SC_3_15_10022","GOVERNADOR","SC","2006","LUIZ HENRIQUE DA SILVEIRA","renuncia","2010-03-25","ato","Leonel Pavan","https://web.archive.org/web/20181130114354/http://www.scm.sc.gov.br:80/scm/cool_timeline/luiz-henrique-da-silveira/","Renunciou ao cargo de Governador em 25 de março de 2010 para concorrer a uma vaga no Senador Federal.","https://memoriapolitica.alesc.sc.gov.br/biografia/638-Luiz_Henrique_da_Silveira","Deixou o cargo de Governador, em 25 de março de 2010, para disputar o de Senador, sendo substituído pelo Vice-Governador, Leonel Pavan .","alta","Renúncia para disputar o Senado (eleito em 2010). fonte_1 é página da Secretaria Executiva da Casa Militar de SC, hoje fora do ar (404), lida no Internet Archive; a mesma página dá o exercício 'de 01 de janeiro de 2007 até 25 de março de 2010'. A Memória Política da ALESC dá o mandato 01/01/2007 - 25/03/2010; CPDOC/FGV registra renúncia em março de 2010. Não localizei notícia contemporânea nem ato no DOE."
"M2014_SC_3_55_240000000207","GOVERNADOR","SC","2014","JOÃO RAIMUNDO COLOMBO","renuncia","2018-04-05","ato","Eduardo Pinho Moreira","https://agenciaal.alesc.sc.gov.br/index.php/noticia_single/eduardo-pinho-moreira-toma-posse-como-governador-titular-em-solenidade-na-a","Moreira foi reeleito vice-governador em 2014, na chapa encabeçada por Raimundo Colombo, que entregou carta de renúncia ao Parlamento Catarinense na quinta-feira (5), desincompatibilizando-se do cargo para concorrer ao Senado Federal","https://g1.globo.com/sc/santa-catarina/noticia/colombo-entrega-carta-de-renuncia-na-alesc-para-disputar-eleicoes.ghtml","O governador licenciado Raimundo Colombo (PSD) entregou pessoalmente na Assembleia Legislativa de Santa Catarina (Alesc) nesta quinta-feira (5) a carta de renúncia ao cargo do chefe de poder Executivo estadual.","alta","Renúncia para disputar o Senado. Colombo estava licenciado desde 16/02/2018, quando transmitiu o governo ao vice Eduardo Pinho Moreira (G1, 05/04/2018). A carta foi entregue à ALESC em 05/04/2018 às 13h30; a mensagem de renúncia foi lida, o cargo declarado vago e Moreira empossado em 06/04/2018 (Agência AL, 06/04/2018). A Memória Política da ALESC registra 'Renunciou ao cargo de Governador em 5 de abril de 2018.' Adotei a data da entrega da carta; a vacância formal é de 06/04/2018."
"M2002_SC_4_15_189","VICE-GOVERNADOR","SC","2002","EDUARDO PINHO MOREIRA","assumiu_titular","2006-07-07","ato","","https://web.archive.org/web/20220102133340/https://www.scm.sc.gov.br/scm/cool_timeline/eduardo-pinho-moreira-2006-2007/","Exerceu o mandato de 1º de janeiro de 2003 a 7 de julho de 2006. Nesta data assumiu o Governo do Estado, com a renúncia do então governador Luiz Henrique da Silveira","https://memoriapolitica.alesc.sc.gov.br/biografia/1158-Eduardo_Pinho_Moreira","Assumiu interinamente o Governo do Estado, de 9 de abril a 6 de julho de 2006.","media","Moreira exerceu o governo interinamente a partir de 09/04/2006 (fim_wp), com o afastamento de Luiz Henrique para a campanha, e passou a titular em julho de 2006; governou até 01/01/2007. A Casa Militar de SC (página arquivada) dá 07/07/2006; a ALESC dá interinidade até 06/07/2006, depois o presidente do TJSC Pedro Manoel Abreu de 7 a 14/07/2006 'na ausência do titular', e em seguida 'Eduardo tornou-se efetivo na função até 31 de dezembro de 2006'. A página do governador em sc.gov.br capturada em 05/07/2006 diz 'Governador de Estado em Exercício'; a de 08/12/2006, 'Governador do Estado'. CPDOC/FGV diverge ('Em abril de 2006, foi empossado à frente do governo do estado com a renúncia de Luís Henrique'). Se o afastamento de abril já foi renúncia, a data seria 09/04/2006. Cargo de vice-governador vago no restante do mandato."
"M2006_SC_4_15_10025","VICE-GOVERNADOR","SC","2006","LEONEL ARCANGELO PAVAN","assumiu_titular","2010-03-25","ato","","https://web.archive.org/web/20220102133611/https://www.scm.sc.gov.br/scm/cool_timeline/leonel-arcangelo-pavan/","Em 25 de março de 2010, com a renúncia do titular Luiz Henrique da Silveira para disputar uma vaga no Senado federal, Leonel Pavan na qualidade de vice-governador assumiu o Governo do Estado de Santa Catarina","https://memoriapolitica.alesc.sc.gov.br/biografia/960-Leonel_Pavan","Leonel Pavan assumiu interinamente algumas vezes como Governador do Estado e, com a renúncia do titular que concorreu ao Senado, tornou-se efetivo de 25 de março a 31 de dezembro de 2010.","alta","Assumiu o governo em definitivo em 25/03/2010 com a renúncia de Luiz Henrique da Silveira e governou até o fim do mandato. fonte_1 é página da Casa Militar de SC hoje fora do ar, lida no Internet Archive ('Vice-Governador de Santa Catarina no período de 01 de janeiro de 2007 até 25 de março de 2010'). Cargo de vice-governador vago no restante do mandato."
"M2014_SC_4_55_240000000208","VICE-GOVERNADOR","SC","2014","EDUARDO PINHO MOREIRA","assumiu_titular","2018-04-06","ato","","https://agenciaal.alesc.sc.gov.br/index.php/noticia_single/eduardo-pinho-moreira-toma-posse-como-governador-titular-em-solenidade-na-a","O governador em exercício, Eduardo Pinho Moreira, tomou posse como titular do cargo durante sessão solene realizada no Plenário Osni Régis da Assembleia Legislativa, na manhã desta sexta-feira (6)","https://g1.globo.com/sc/santa-catarina/noticia/pinho-moreira-toma-posse-como-governador-de-sc.ghtml","Eduardo Pinho Moreira (MDB) tomou posse como governador de Santa Catarina na manhã desta sexta-feira (6). A cerimônia começou por volta das 10h30 na Assembleia Legislativa de Santa Catarina (Alesc) em Florianópolis .","alta","A forma_atual do banco (fim_regular, via Wikidata) está errada. Moreira exercia o governo interinamente desde 16/02/2018, com a licença de Raimundo Colombo, e tornou-se titular em 06/04/2018, após a renúncia entregue em 05/04/2018; governou até 01/01/2019 (Memória Política da ALESC: 'Governador(a) 06/04/2018 - 01/01/2019'). A Wikipédia (fim_wp 2018-04-05) usa a data da carta de renúncia. Cargo de vice-governador vago no restante do mandato."
"M2010_SE_3_13_260000000173","GOVERNADOR","SE","2010","MARCELO DEDA CHAGAS","falecimento","2013-12-02","ato","Jackson Barreto","https://memoria.ebc.com.br/agenciabrasil/noticia/2013-12-02/morre-governador-de-sergipe-marcelo-deda","Morre o governador de Sergipe, Marcelo Déda 02/12/2013 - 5h47 Política Marcos Chagas Repórter da Agência Brasil Brasília - Morreu hoje (2), aos 53 anos, o governador de Sergipe, Marcelo Déda.","http://g1.globo.com/se/sergipe/noticia/2013/12/morre-o-governador-de-sergipe-marcelo-deda.html","O governador de Sergipe, Marcelo Déda (PT), de 53 anos, morreu às 4h45 desta segunda-feira (2) no Hospital Sírio-Libanês, em São Paulo","alta","Déda estava licenciado desde maio de 2013 para tratar um câncer, e o vice Jackson Barreto já exercia o governo interinamente. Com a morte, a Assembleia declarou a vacância e deu posse definitiva a Jackson Barreto em 10/12/2013 (g1 SE, 10/12/2013). O senador Antonio Carlos Valadares registrou no Senado (04/12/2013) que Déda 'nos deixou na madrugada de segunda-feira passada'. Data coincide com o fim_wp."
"M2014_SE_3_15_260000000077","GOVERNADOR","SE","2014","JACKSON BARRETO DE LIMA","renuncia","2018-04-06","ato","Belivaldo Chagas","https://al.se.leg.br/renuncia-casa-legislativa-recebe-oficio-de-renuncia-do-governador-de-sergipe/","O governador do Estado de Sergipe, Jackson Barreto, emitiu ofício nesta última sexta-feira, dia 06 de abril, informando ao então presidente da Assembleia Legislativa de Sergipe, Luciano Bispo","https://g1.globo.com/se/sergipe/noticia/jackson-barreto-deixa-governo-de-sergipe-para-concorrer-ao-senado.ghtml","O governador de Sergipe, Jackson Barreto (MDB), deixou o cargo nesta sexta-feira (6). Quem assume o governo é Belivaldo chagas (PSD) que, até então, era o vice-governador.","alta","Fonte_1 (Agência de Notícias da Alese, 07/04/2018) informa ofício de renúncia de 06/04/2018; fonte_2 (g1 SE, 07/04/2018) diz que Jackson deixou o cargo na sexta-feira (6) para concorrer ao Senado. Belivaldo Chagas tomou posse na Alese na manhã de sábado, 07/04/2018. Agência Brasil (09/04/2018) lista Jackson Barreto entre os seis governadores que deixaram o cargo. Data coincide com o fim_wp. O portal da Alese exibe hoje 'conteúdo indisponível período eleitoral'; o texto foi lido pela API pública do próprio site (https://al.se.leg.br/wp-json/wp/v2/posts?slug=renuncia-casa-legislativa-recebe-oficio-de-renuncia-do-governador-de-sergipe)."
"M2010_SE_4_13_260000000174","VICE-GOVERNADOR","SE","2010","JACKSON BARRETO DE LIMA","assumiu_titular","2013-12-10","ato","","http://g1.globo.com/se/sergipe/noticia/2013/12/jackson-barreto-toma-posse-como-governador-em-sergipe.html","No fim da manhã desta terça-feira (10), o governador em exercício Jackson Barreto (PMDB) tomou posse em definitivo do cargo de governador de Sergipe durante solenidade realizada na Assembleia Legislativa de Sergipe, em Aracaju.","https://memoria.ebc.com.br/agenciabrasil/noticia/2013-12-02/morre-governador-de-sergipe-marcelo-deda","Advogado formado pela Universidade Federal de Sergipe, o político estava no segundo mandato. No seu lugar assumirá o vice-governador, Jackson Barreto, do PMDB.","media","A vacância ocorreu com a morte de Déda em 02/12/2013 (data do fim_wp), mas a posse definitiva na Assembleia foi em 10/12/2013 (fonte_1, g1 SE, publicada em 10/12/2013); uso esta data por ser a da assunção em definitivo. Jackson exercia o governo interinamente desde maio de 2013, durante a licença de Déda. A fonte_2 (Agência Brasil) confirma a sucessão, sem a data da posse; o g1 SE de 07/12/2013 anunciou a sessão para terça-feira (10), mas é do mesmo veículo da fonte_1. Não localizei notícia da Alese de 2013 on-line (o portal atual só guarda notícias a partir de 2015)."
"M2014_SE_4_15_260000000078","VICE-GOVERNADOR","SE","2014","BELIVALDO CHAGAS SILVA","assumiu_titular","2018-04-07","ato","","https://al.se.leg.br/belivaldo-chagas-toma-posse-como-governador-na-alese/","O governador de Sergipe, Belivaldo Chagas (PSD), tomou posse na manhã deste sábado (07) no plenário Pedro Barreto de Andrade da Assembleia Legislativa de Sergipe (Alese), após a saída de Jackson Barreto (MDB)","https://g1.globo.com/se/sergipe/noticia/jackson-barreto-deixa-governo-de-sergipe-para-concorrer-ao-senado.ghtml","O vice-governador Belivaldo Chagas assumiu o governo do estado neste sábado (7).","alta","Posse em 07/04/2018 (sábado), um dia depois do ofício de renúncia de Jackson Barreto (06/04/2018). O fim_wp (2018-04-06) diverge em um dia das fontes; fico com 2018-04-07. Fonte_1 publicada pela Agência de Notícias da Alese em 07/04/2018. Belivaldo governou até o fim do mandato e foi reeleito em 2018. O portal da Alese exibe hoje 'conteúdo indisponível período eleitoral'; o texto foi lido pela API pública do próprio site (https://al.se.leg.br/wp-json/wp/v2/posts?slug=belivaldo-chagas-toma-posse-como-governador-na-alese)."
"M1998_SP_3_45_250002503000451","GOVERNADOR","SP","1998","MÁRIO COVAS JUNIOR","falecimento","2001-03-06","ato","Geraldo José Rodrigues Alckmin Filho","http://www1.folha.uol.com.br/folha/brasil/ult96u16330.shtml","O governador licenciado de São Paulo, Mário Covas (PSDB), acaba de morrer, aos 70, de falência múltipla dos órgãos, após ficar internado no Incor (Instituto do Coração) por nove dias.","https://www18.fgv.br/cpdoc/acervo/dicionarios/verbete-biografico/mario-covas-junior","Durante o carnaval de 2001, passou mal em Bertioga (SP ) e foi levado de helicóptero ao Incor. Faleceu nesse hospital em 6 de março de 2001.","alta","Morte no Incor em 06/03/2001 (Folha Online, 06/03/2001, 06h00). Covas estava licenciado por doença e o vice Geraldo Alckmin já exercia o governo interinamente em 2001 (CPDOC, verbete de Alckmin), passando a governador em definitivo com a morte do titular. fim_wp confere. Nenhuma fonte oficial do governo paulista ou da Alesp foi lida."
"M2002_SP_3_45_5515","GOVERNADOR","SP","2002","GERALDO JOSÉ RODRIGUES ALCKMIN FILHO","renuncia","2006-03-31","ato","Claudio Salvador Lembo","https://www.al.sp.gov.br/noticia/?id=265531","Foi entregue à Assembléia Legislativa, às 19h20 desta quinta-feira, 30/3, a carta de renúncia de Geraldo Alckmin ao cargo de governador do Estado. Alckmin está se afastando em definitivo do governo paulista para concorrer à Presidência da República.","http://www1.folha.uol.com.br/folha/brasil/ult96u77188.shtml","Cláudio Lembo (PFL) assumiu nesta sexta-feira o cargo de governador do Estado de São Paulo no lugar do tucano Geraldo Alckmin, que renunciou para concorrer à Presidência da República.","alta","Renúncia para disputar a Presidência da República. A carta foi entregue e lida na Alesp em 30/03/2006, e o ofício transcrito pela Alesp diz 'me afasto definitivamente do cargo de Governador do Estado no dia 31 de março de 2006'. Cláudio Lembo tomou posse na Alesp em 31/03/2006 (Folha Online, 31/03/2006). data_evento = data de efeito indicada na carta. fim_wp confere."
"M2006_SP_3_45_10106","GOVERNADOR","SP","2006","JOSÉ SERRA","renuncia","2010-04-02","ato","Alberto Goldman","https://www1.folha.uol.com.br/poder/2010/04/715682-serra-formaliza-renuncia-ao-governo-de-sao-paulo.shtml","me afasto definitivamente do cargo de Governador do Estado no dia 2 de abril de 2010."" O vice, Alberto Goldman, ex-deputado federal pelo mesmo partido, assumirá o governo paulista até o final da gestão, em dezembro.","https://www18.fgv.br/cpdoc/acervo/dicionarios/verbete-biografico/goldman-alberto","Assumiu oficialmente o Governo do estado de São Paulo em 02 de abril de 2010, devido à desincompatibilização e renúncia de José Serra para disputar as eleições presidenciais em Outubro.","alta","Renúncia para disputar a Presidência da República. Carta à Alesp com afastamento definitivo em 02/04/2010, publicada no Diário Oficial de São Paulo na véspera do feriado, segundo a Folha (Reuters, 02/04/2010). Despedida pública em 31/03/2010. O Diário Oficial e a página da Alesp não foram lidos. fim_wp confere."
"M2014_SP_3_45_250000001672","GOVERNADOR","SP","2014","GERALDO JOSÉ RODRIGUES ALCKMIN FILHO","renuncia","2018-04-06","ato","Márcio Luiz França Gomes","https://www1.folha.uol.com.br/poder/2018/04/alckmin-baixa-tom-em-criticas-ao-pt-ao-deixar-governo-franca-cutuca-doria.shtml","Ao transmitir o cargo de governador de São Paulo, nesta sexta-feira (6) para disputar a eleição presidencial, Geraldo Alckmin (PSDB) baixou o tom nas críticas ao PT","https://www.camara.leg.br/deputados/141497/biografia","Vice-Governador(a), SP, Partido: PSB, Período: 2015 a 2018; Governador(a), SP, Partido: PSB, Período: 2018 a 2019.","media","Renúncia para disputar a Presidência da República, com transmissão do cargo a Márcio França em 06/04/2018 (Folha, 06/04/2018). A segunda fonte, a biografia de Márcio França na Câmara, confirma a passagem de vice a governador em 2018 sem dar a data, por isso a confiança é média. Não localizei a carta de renúncia, a notícia da Alesp nem o Diário Oficial, de modo que a data exata do ato de renúncia pode ser anterior à transmissão. fim_wp confere."
"M2018_SP_3_45_250000612596","GOVERNADOR","SP","2018","JOÃO AGRIPINO DA COSTA DORIA JUNIOR","renuncia","2022-03-31","ato","Rodrigo Garcia","https://g1.globo.com/sp/sao-paulo/noticia/2022/04/01/rodrigo-garcia-toma-posse-como-governador-de-sp.ghtml","Nesta quinta-feira (31), João Doria ( PSDB ) oficializou, em pronunciamento no Palácio dos Bandeirantes, a sua saída do governo de São Paulo e afirmou que vai manter a sua pré-candidatura à Presidência da República pelo partido.","https://www1.folha.uol.com.br/poder/2022/04/rodrigo-antecipa-tom-de-campanha-em-1a-agenda-como-governador-de-sp.shtml","O tucano assumiu o Governo de São Paulo após a renúncia de Doria na quinta-feira (31).","alta","Renúncia para disputar a Presidência da República, anunciada e oficializada em 31/03/2022 no Palácio dos Bandeirantes (G1 e Folha, ambas de 01/04/2022). Rodrigo Garcia tomou posse na manhã de 01/04/2022, dada pelo presidente da Alesp no Bom Prato de Paraisópolis, data que fim_wp registra. A CNN Brasil (31/03/2022) anunciava a assunção do vice para 2 de abril. Não localizei a carta de renúncia nem o Diário Oficial, de modo que o efeito formal pode ter sido 01/04/2022."
"M1998_SP_4_451_250002504004511","VICE-GOVERNADOR","SP","1998","GERALDO JOSÉ RODRIGUES ALCKMIN FILHO","assumiu_titular","2001-03-06","ato","","http://www1.folha.uol.com.br/folha/brasil/ult96u16360.shtml","Geraldo Alckmin (PSDB) assumiu automaticamente o governo de São Paulo com a morte do governador Mário Covas. Não é necessário cerimônias oficiais para que ele tome posse do cargo.","https://www18.fgv.br/cpdoc/acervo/dicionarios/verbete-biografico/alckmin-filho-geraldo","Em 2001 voltou a assumir o governo do estado em substituição a Mário Covas, que se afastou por motivo de doença e veio a falecer em 6 de março.","alta","Já exercia o governo interinamente desde o afastamento de Covas por doença em 2001 e passou a governador em definitivo com a morte do titular em 06/03/2001, sem necessidade de nova cerimônia de posse (Folha Online, 06/03/2001, 09h29). Cargo de vice-governador vago de 06/03/2001 até o fim do mandato. Eleito governador em 2002."
"M2002_SP_4_45_5601","VICE-GOVERNADOR","SP","2002","CLAUDIO SALVADOR LEMBO","assumiu_titular","2006-03-31","ato","","https://www.al.sp.gov.br/noticia/?id=265531","Cláudio Lembo assumirá o governo pelos nove meses restantes, de 31 de março a 31 de dezembro de 2006, conforme manda o artigo 38 da Constituição paulista.","http://www1.folha.uol.com.br/folha/brasil/ult96u77188.shtml","Cláudio Lembo (PFL) assumiu nesta sexta-feira o cargo de governador do Estado de São Paulo no lugar do tucano Geraldo Alckmin, que renunciou para concorrer à Presidência da República. Lembo tomou posse em cerimônia na Assembléia Legislativa","alta","Assumiu o governo em definitivo com posse na Alesp em 31/03/2006, depois da renúncia de Geraldo Alckmin (carta lida em 30/03/2006, com afastamento definitivo em 31/03/2006). Notícia da Folha Online publicada em 31/03/2006. Cargo de vice-governador vago de 31/03/2006 até o fim do mandato."
"M2006_SP_4_45_10107","VICE-GOVERNADOR","SP","2006","ALBERTO GOLDMAN","assumiu_titular","2010-04-02","ato","","https://www18.fgv.br/cpdoc/acervo/dicionarios/verbete-biografico/goldman-alberto","Assumiu oficialmente o Governo do estado de São Paulo em 02 de abril de 2010, devido à desincompatibilização e renúncia de José Serra para disputar as eleições presidenciais em Outubro.","https://www1.folha.uol.com.br/poder/2010/04/715682-serra-formaliza-renuncia-ao-governo-de-sao-paulo.shtml","me afasto definitivamente do cargo de Governador do Estado no dia 2 de abril de 2010."" O vice, Alberto Goldman, ex-deputado federal pelo mesmo partido, assumirá o governo paulista até o final da gestão, em dezembro.","alta","Assumiu o governo em definitivo em 02/04/2010 com a renúncia de José Serra e permaneceu até 01/01/2011 (CPDOC). A Folha (02/04/2010) transcreve a carta de Serra com afastamento no dia 2 de abril. Não localizei notícia da cerimônia de posse na Alesp. Cargo de vice-governador vago de 02/04/2010 até o fim do mandato."
"M2014_SP_4_45_250000001673","VICE-GOVERNADOR","SP","2014","MÁRCIO LUIZ FRANÇA GOMES","assumiu_titular","2018-04-06","ato","","https://www1.folha.uol.com.br/poder/2018/04/alckmin-baixa-tom-em-criticas-ao-pt-ao-deixar-governo-franca-cutuca-doria.shtml","O vice, Márcio França (PSB), assumiu o governo com um discurso pautado pelo valor da lealdade, no que deve ser a tônica de sua campanha à reeleição contra o agora ex-prefeito João Doria (PSDB).","https://www.camara.leg.br/deputados/141497/biografia","Vice-Governador(a), SP, Partido: PSB, Período: 2015 a 2018; Governador(a), SP, Partido: PSB, Período: 2018 a 2019.","media","Assumiu o governo em definitivo em 06/04/2018 com a renúncia de Geraldo Alckmin (Folha, 06/04/2018, que relata a transmissão do cargo 'nesta sexta-feira (6)'). A biografia na Câmara confirma a passagem de vice a governador em 2018 sem dar a data, por isso a confiança é média. Cargo de vice-governador vago de 06/04/2018 até o fim do mandato. Candidato derrotado ao governo em 2018."
"M2018_SP_4_45_250000612597","VICE-GOVERNADOR","SP","2018","RODRIGO GARCIA","assumiu_titular","2022-04-01","ato","","https://g1.globo.com/sp/sao-paulo/noticia/2022/04/01/rodrigo-garcia-toma-posse-como-governador-de-sp.ghtml","Rodrigo Garcia ( PSDB ), eleito como vice-governador na chapa com João Doria nas eleições de 2018, tomou posse como novo governador de São Paulo na manhã desta sexta-feira (1°).","https://www1.folha.uol.com.br/poder/2022/04/rodrigo-antecipa-tom-de-campanha-em-1a-agenda-como-governador-de-sp.shtml","O tucano assumiu o Governo de São Paulo após a renúncia de Doria na quinta-feira (31).","alta","Assumiu o governo em definitivo com posse em 01/04/2022, dada pelo presidente da Alesp em cerimônia no Bom Prato de Paraisópolis, depois da renúncia de João Doria em 31/03/2022. A Folha (01/04/2022) registra que ele assinou o livro de posse no restaurante. forma_atual (renuncia, vinda do Wikidata) está errada, porque o vice passou a titular. O verbete do CPDOC diz 'Tomou posse como governador em março de 2022', divergindo por um dia das duas fontes de imprensa. Cargo de vice-governador vago de 01/04/2022 até o fim do mandato. Disputou o governo em 2022 (CPDOC)."
"M2006_TO_3_15_10254","GOVERNADOR","TO","2006","MARCELO DE CARVALHO MIRANDA","cassacao","2009-09-08","ato","Carlos Henrique Gaguim (presidente da ALE-TO, interino e depois eleito indiretamente)","https://www1.folha.uol.com.br/fsp/brasil/fc0909200912.htm","O TSE (Tribunal Superior Eleitoral) confirmou na noite de ontem, por unanimidade, a cassação do mandato do governador do Tocantins, Marcelo Miranda (PMDB), e de seu vice, Paulo Sidnei Antunes (PPS), por abuso de poder político em 2006","https://g1.globo.com/to/tocantins/noticia/2019/01/01/tocantins-ja-teve-sete-governadores-mas-apenas-quatro-foram-eleitos-pelo-povo.ghtml","Carlos Gaguim - Era presidente da Assembleia Legislativa e assumiu em 9 de setembro de 2009 após a primeira cassação de Marcelo Miranda.","alta","O TSE julgou a cassação em 25/06/2009 (ConJur, 26/06/2009; a Folha fala em 26 de junho) e deixou a execução para depois dos embargos. Na noite de 08/09/2009 rejeitou os embargos e determinou saída imediata e eleição indireta pela ALE-TO (Folha, 09/09/2009). Nas edições 2970 (04/09/2009) e 2971 (09/09/2009) do DOE-TO, os atos mais recentes assinados por Miranda são de 04/09/2009. Gaguim assumiu interinamente em 09/09/2009 e foi eleito indiretamente depois; não abri fonte com a data dessa eleição (link da Secom-TO fora do ar no período eleitoral)."
"M2010_TO_3_45_270000000075","GOVERNADOR","TO","2010","JOSÉ WILSON SIQUEIRA CAMPOS","renuncia","2014-04-04","ato","Sandoval Lôbo Cardoso (presidente da ALE-TO)","http://g1.globo.com/to/tocantins/noticia/2014/04/depois-da-renuncia-de-siqueira-deputado-volta-ser-governador.html","Eram 21h02, pelo horário de Brasília, quando a carta de renúncia do governador do Tocantins, Siqueira Campos (PSDB), foi lida em sessão extraordinária na Assembleia Legislativa do Estado, em Palmas.","https://doe.to.gov.br/diario/2508/download","Palácio Araguaia, em Palmas, aos 4 dias do mês de abril de 2014; 193o da Independência, 126o da República e 26o do Estado. SANDOVAL LÔBO CARDOSO Governador do Estado","alta","Renúncia com finalidade eleitoral, que abriu caminho à candidatura do filho, Eduardo Siqueira Campos. Como o vice João Oliveira renunciara na véspera, assumiu o presidente da ALE-TO, Sandoval Cardoso, empossado cerca de meia hora após a leitura da carta (G1, 04/04/2014). A fonte_2 é o suplemento da edição 4.103 do DOE-TO (07/04/2014), com medidas provisórias de 04/04/2014 assinadas por Sandoval como governador. G1 anunciava publicação da carta no DOE de 05/04/2014, que não localizei. A retrospectiva do G1 de 01/01/2019 diz que Sandoval assumiu em 4 de maio de 2014, provável referência à posse após a eleição indireta ou erro."
"M2014_TO_3_15_270000000009","GOVERNADOR","TO","2014","MARCELO DE CARVALHO MIRANDA","cassacao","2018-04-19","ato","Mauro Carlesse (presidente da ALE-TO, interino)","https://noticias.stf.jus.br/postsnoticias/ministro-nega-pedidos-para-suspender-decisao-do-tse-que-cassou-governador-e-vice-do-tocantins/","Os mandados do governador e de sua vice foram cassados pelo TSE em sessão realizada no dia 22 de março, por arrecadação ilícita de recursos (artigo 30-A da Lei n° 9.504/1997) para a campanha de governador em 2014.","https://g1.globo.com/to/tocantins/noticia/carlesse-assume-governo-e-afirma-que-vai-recontratar-secretarios-escolhidos-em-marco.ghtml","O governador interino Mauro Carlesse (PHS) assumiu na tarde desta quinta-feira (19) o governo do estado.","alta","Sequência verificada: cassação pelo TSE em 22/03/2018 com execução imediata (G1, 22/03/2018); Carlesse assina atos como governador de 27/03 a 06/04/2018 (doe.to.gov.br/diario/3544 a 3551); liminar de Gilmar Mendes (STF) de 06/04/2018 suspende a execução até a publicação do acórdão dos embargos (G1 e Estadão, 06/04/2018); Miranda volta a assinar atos de 08/04 a 18/04/2018 (doe.to.gov.br/diario/3552 a 3561); TSE rejeita os embargos em 17/04/2018 (G1, 19/04/2018); Carlesse reassume em 19/04/2018 (doe.to.gov.br/diario/3562). data_evento = data em que a perda se tornou efetiva e definitiva. STF negou efeito suspensivo ao RE em 17/05/2018 (PET 7608). O trecho_1 reproduz a grafia do STF (mandados)."
"M2018_TO_3_31_270000618815","GOVERNADOR","TO","2018","MAURO CARLESSE","renuncia","2022-03-11","ato","Wanderlei Barbosa Castro","https://veja.abril.com.br/politica/mauro-carlesse-governador-afastado-do-tocantins-renuncia-ao-cargo/","O governador do Tocantins, Mauro Carlesse (União-TO), que foi afastado em outubro, por decisão do Superior Tribunal de Justiça (STJ), acaba de renunciar ao cargo.","https://doe.to.gov.br/diario/4587/download","Palácio Araguaia, em Palmas, aos 11 dias do mês de março de 2022; 201o da Independência, 134o da República e 34o do Estado. WANDERLEI BARBOSA CASTRO Governador do Estado","alta","Antes da renúncia houve afastamento cautelar de 180 dias determinado pelo ministro Mauro Campbell (STJ) em 20/10/2021, quando o vice assumiu interinamente (G1, 20/10/2021). Carlesse renunciou em 11/03/2022 (Veja, 11/03/2022, 15h08), um dia depois de a ALE-TO aprovar em primeiro turno o parecer da comissão especial de impeachment e antes da votação em segundo turno. No DOE-TO de 11/03/2022 (edição 6046), atos de 10/03 trazem Wanderlei como Governador do Estado, em exercício, e atos de 11/03 como Governador do Estado."
"M2006_TO_4_15_10263","VICE-GOVERNADOR","TO","2006","PAULO SIDNEI ANTUNES","cassacao","2009-09-08","ato","","https://www1.folha.uol.com.br/fsp/brasil/fc0909200912.htm","Marcelo Miranda (PMDB) e o vice, Paulo Antunes (PPS), têm de deixar cargo; tribunal determina que haja eleição indireta","http://www.conjur.com.br/2009-jun-26/governador-tocantins-terceiro-cassado-tse-2009","O Tribunal Superior Eleitoral cassou o mandato do governador de Tocantins, Marcelo Miranda (PMDB), e de seu vice, Paulo Sidnei (PPS), por abuso de poder político praticado em 2006.","media","Cassado com o titular. Julgamento no TSE em 25/06/2009 (ConJur) e rejeição dos embargos na noite de 08/09/2009, com saída imediata (Folha, 09/09/2009). A Wikipédia dá 26/09/2009 para o fim do mandato, data que nenhuma fonte aberta sustenta. Confiança média porque só a Folha data a saída do vice. Eduardo Machado aparece na Wikipédia como vice a partir de 08/10/2009, eleito indiretamente; não verifiquei essa data."
"M2010_TO_4_45_270000000076","VICE-GOVERNADOR","TO","2010","JOÃO OLIVEIRA DE SOUSA","renuncia","2014-04-03","ato","","http://g1.globo.com/to/tocantins/noticia/2014/04/joao-oliveira-renuncia-ao-cargo-de-vice-governador-do-tocantins.html","A carta de renúncia foi entregue à Assembleia Legislativa na noite desta quinta-feira (3) e o documento foi publicado no Diário Oficial do Estado nesta sexta-feira (4).","http://g1.globo.com/to/tocantins/noticia/2014/04/depois-da-renuncia-de-siqueira-deputado-volta-ser-governador.html","Ele assumiu o cargo porque o vice-governador João Oliveira (DEM), também renunciou à função na noite de quinta-feira (3).","media","Renúncia com finalidade eleitoral, entregue à ALE-TO em 03/04/2014 e publicada no DOE-TO de 04/04/2014 segundo o G1. As duas fontes são do mesmo veículo (G1 Tocantins), portanto não independentes. Não localizei a carta no texto extraído da edição 4.101 do DOE-TO (04/04/2014). O DOE-TO (suplemento da edição 4.103) confirma de forma indireta, com Sandoval Cardoso, presidente da ALE-TO, assinando como governador em 04/04/2014. Cargo de vice vago até 2015."
"M2014_TO_4_15_270000000721","VICE-GOVERNADOR","TO","2014","CLAUDIA TELLES DE MENEZES PIRES MARTINS LELIS","cassacao","2018-04-19","ato","","https://noticias.stf.jus.br/postsnoticias/ministro-nega-pedidos-para-suspender-decisao-do-tse-que-cassou-governador-e-vice-do-tocantins/","negou pedidos do MDB estadual (PET 7598) e da vice-governadora afastada Cláudia Lelis (PET 7609) para atribuir efeito suspensivo ao recurso que questiona decisão do Tribunal Superior Eleitoral (TSE) que cassou o diploma do governador e da vice.","https://g1.globo.com/to/tocantins/noticia/governador-do-tocantins-tem-mandato-cassado-por-caixa-dois-nas-eleicoes-de-2014.ghtml","O Tribunal Superior Eleitoral (TSE) cassou na manhã desta quinta-feira (22) os diplomas do governador Marcelo Miranda (MDB) e da vice-governadora Cláudia Lelis (PV).","media","A forma_atual do banco (assumiu_titular) está errada: a vice foi cassada com o titular e não assumiu o governo. Cassação pelo TSE em 22/03/2018, primeiro afastamento em 27/03/2018, liminar de Gilmar Mendes de 06/04/2018 que permitia a volta de Miranda e de Cláudia Lelis (G1, 06/04/2018), rejeição dos embargos pelo TSE em 17/04/2018 e afastamento definitivo da chapa com a reassunção de Mauro Carlesse em 19/04/2018. A Wikipédia dá 27/03/2018. Confiança média porque nenhuma fonte aberta data especificamente a saída definitiva da vice; a data segue a do titular."
"M2018_TO_4_31_270000618816","VICE-GOVERNADOR","TO","2018","WANDERLEI BARBOSA CASTRO","assumiu_titular","2022-03-11","ato","","https://doe.to.gov.br/diario/4587/download","Palácio Araguaia, em Palmas, aos 11 dias do mês de março de 2022; 201o da Independência, 134o da República e 34o do Estado. WANDERLEI BARBOSA CASTRO Governador do Estado","https://veja.abril.com.br/politica/mauro-carlesse-governador-afastado-do-tocantins-renuncia-ao-cargo/","Com a renúncia de Carlesse, o Tocantins continua com o governador Wanderlei Barbosa Castro (Republicanos).","alta","A forma_atual do banco (fim_regular) está errada. Exerceu o governo interinamente desde 20/10/2021, quando o STJ afastou Mauro Carlesse (G1, 20/10/2021), e passou a titular com a renúncia de Carlesse em 11/03/2022. No DOE-TO de 11/03/2022, atos de 10/03 trazem a assinatura de Governador do Estado, em exercício, e atos de 11/03 a de Governador do Estado. Cargo de vice vago até 2023. Não abri a notícia de uma eventual sessão solene de posse na ALE-TO."
"M1998_PI_4_651_180001804006511","VICE-GOVERNADOR","PI","1998","OSMAR RIBEIRO DE ALMEIDA JUNIOR","cassacao","2001-11-06","ato","Hugo Napoleão do Rego Neto (2º colocado em 1998, empossado governador por decisão do TSE)","https://www18.fgv.br/cpdoc/acervo/dicionarios/verbete-biografico/osmar-junior","Em novembro de 2001, a chapa foi cassada pelo Tribunal Superior Eleitoral (TSE) por abuso de poder econômico e uso da máquina pública para promoção pessoal","https://www18.fgv.br/cpdoc/acervo/dicionarios/verbete-biografico/hugo-napoleao-do-rego-neto","Com a cassação do mandato de governador de Mão Santa em 2001 e a decisão TSE de empossar no cargo o segundo colocado no segundo turno","media","Perdeu o mandato com a cassação da chapa de Mão Santa pelo TSE. O verbete do DHBB data a cassação em novembro de 2001, e o dia 06/11/2001 repete o da linha do titular. Não localizei o acórdão do TSE nem ato oficial que date a saída do vice."
