"uf","ano_eleicao","id_mandato","nome_fonte","evento","data_evento","precisao_data","data_evento_ate","cargo_assumido","substituto_nome","url","trecho","tipo_fonte","arquivo_bruto","confianca","observacao","arquivo_frente","trecho_no_bruto"
"DF","1998","M1998_DF_8_11123_700000708111231","Adão (Carlos) Xavier","licenca","2002-01-15","dia",,"Administrador Regional de Samambaia",,"https://www.cl.df.gov.br/documents/5744400/28266712/Deputados+eleitos+e+movimenta%C3%A7%C3%B5es+-+Planilha.xlsx/11f0b744-a69c-bdd1-0437-8d60fc2cf148?t=1740145715216","Licenciado para exercer o cargo de Administrador Regional, na Administração Regional de Samambaia - RAXII, entre 15/01/2002 e 05/04/2002.","memorial_casa","brutos/cldf_movimentacoes_planilha_2025_leg3.csv","alta","Planilha do SEHIM/CLDF, coluna Documento: Licença Carlos Xavier DCL 15/01/2002 pág. 10 Ato do Presidente 18/2002 Comunica retorno Carlos Xavier DCL 05/04/2002 pág. 15","data_raw/assembleias3/DF/eventos.csv",TRUE
"DF","1998","M1998_DF_8_11123_700000708111231","Adão (Carlos) Xavier","retorno","2002-04-05","dia",,,,"https://www.cl.df.gov.br/documents/5744400/28266712/Deputados+eleitos+e+movimenta%C3%A7%C3%B5es+-+Planilha.xlsx/11f0b744-a69c-bdd1-0437-8d60fc2cf148?t=1740145715216","Licenciado para exercer o cargo de Administrador Regional, na Administração Regional de Samambaia - RAXII, entre 15/01/2002 e 05/04/2002.","memorial_casa","brutos/cldf_movimentacoes_planilha_2025_leg3.csv","alta","Planilha do SEHIM/CLDF, coluna Documento: Licença Carlos Xavier DCL 15/01/2002 pág. 10 Ato do Presidente 18/2002 Comunica retorno Carlos Xavier DCL 05/04/2002 pág. 15","data_raw/assembleias3/DF/eventos.csv",TRUE
"DF","1998","M1998_DF_8_15115_700000708151151","Edimar Pireneus","licenca","2001-12-03","dia",,"Secretário de Desenvolvimento Econômico, Ciência e Tecnologia do DF",,"https://www.cl.df.gov.br/documents/5744400/28266712/Deputados+eleitos+e+movimenta%C3%A7%C3%B5es+-+Planilha.xlsx/11f0b744-a69c-bdd1-0437-8d60fc2cf148?t=1740145715216","Licenciado para assumir a Secretaria de Desenvolvimento Econômico, Ciência e Tecnologia do DF, em 03/12/2001 e 03/04/2002.","memorial_casa","brutos/cldf_movimentacoes_planilha_2025_leg3.csv","alta","A planilha registra exoneração no DODF de 03/04/2002, mas não localizou o comunicado de retorno à CLDF. Planilha do SEHIM/CLDF, coluna Documento: Licença Edimar Pirineus DCL 03/12/2001 pág. 5 AMD 95/2001 Exoneração Edimar DODF 03/04/2002 pág. 30 conseguimos achar retorno À cldf?","data_raw/assembleias3/DF/eventos.csv",TRUE
"DF","1998","M1998_DF_8_15123_700000708151231","Daniel Marques","licenca","2001-02-08","dia",,"Secretário de Trabalho e Direitos Humanos do DF; Administrador Regional de Planaltina",,"https://www.cl.df.gov.br/documents/5744400/28266712/Deputados+eleitos+e+movimenta%C3%A7%C3%B5es+-+Planilha.xlsx/11f0b744-a69c-bdd1-0437-8d60fc2cf148?t=1740145715216","Licenciado para assumir a Secretaria de Trabalho e Direitos Humanos do DF, nos períodos entre 08/02/2001 e 20/11/2001, 22/11/2001 e 07/02/2002, quando assumiu a Administração Regional de Planaltina - RA VI. Ocupou o cargo até 05/04/2002, quando retorna ao mandato.","memorial_casa","brutos/cldf_movimentacoes_planilha_2025_leg3.csv","alta","Planilha do SEHIM/CLDF, coluna Documento: Licença Daniel Marques DCL 08/02/2001 pág. 6 AMD 04/2001 Exoneração Daniel Marques DODF 20/11/2001 pág. 9 Comunicado de retorno Daniel Marques DCL 20/11/2001 pág. 70 Ato do Presidente 468/2001 Licença Daniel Marques DCL 22/11/2001 pág. 8 AMD 90/2001 Exoneração Daniel Marques Secretário e Nomeação Planaltina DODF 07/02/2002 pág. 25 Comunica retorno Daniel Marques DCL 05/04/2002 pág. 15 Licença interesse particular Daniel Marques DCL 28/11/2002 pág. 7 AMD 95/2002","data_raw/assembleias3/DF/eventos.csv",TRUE
"DF","1998","M1998_DF_8_15123_700000708151231","Daniel Marques","retorno","2001-11-20","dia",,,,"https://www.cl.df.gov.br/documents/5744400/28266712/Deputados+eleitos+e+movimenta%C3%A7%C3%B5es+-+Planilha.xlsx/11f0b744-a69c-bdd1-0437-8d60fc2cf148?t=1740145715216","Licenciado para assumir a Secretaria de Trabalho e Direitos Humanos do DF, nos períodos entre 08/02/2001 e 20/11/2001, 22/11/2001 e 07/02/2002, quando assumiu a Administração Regional de Planaltina - RA VI. Ocupou o cargo até 05/04/2002, quando retorna ao mandato.","memorial_casa","brutos/cldf_movimentacoes_planilha_2025_leg3.csv","alta","Planilha do SEHIM/CLDF, coluna Documento: Licença Daniel Marques DCL 08/02/2001 pág. 6 AMD 04/2001 Exoneração Daniel Marques DODF 20/11/2001 pág. 9 Comunicado de retorno Daniel Marques DCL 20/11/2001 pág. 70 Ato do Presidente 468/2001 Licença Daniel Marques DCL 22/11/2001 pág. 8 AMD 90/2001 Exoneração Daniel Marques Secretário e Nomeação Planaltina DODF 07/02/2002 pág. 25 Comunica retorno Daniel Marques DCL 05/04/2002 pág. 15 Licença interesse particular Daniel Marques DCL 28/11/2002 pág. 7 AMD 95/2002","data_raw/assembleias3/DF/eventos.csv",TRUE
"DF","1998","M1998_DF_8_15123_700000708151231","Daniel Marques","licenca","2001-11-22","dia",,"Secretário de Trabalho e Direitos Humanos do DF; Administrador Regional de Planaltina",,"https://www.cl.df.gov.br/documents/5744400/28266712/Deputados+eleitos+e+movimenta%C3%A7%C3%B5es+-+Planilha.xlsx/11f0b744-a69c-bdd1-0437-8d60fc2cf148?t=1740145715216","Licenciado para assumir a Secretaria de Trabalho e Direitos Humanos do DF, nos períodos entre 08/02/2001 e 20/11/2001, 22/11/2001 e 07/02/2002, quando assumiu a Administração Regional de Planaltina - RA VI. Ocupou o cargo até 05/04/2002, quando retorna ao mandato.","memorial_casa","brutos/cldf_movimentacoes_planilha_2025_leg3.csv","alta","Planilha do SEHIM/CLDF, coluna Documento: Licença Daniel Marques DCL 08/02/2001 pág. 6 AMD 04/2001 Exoneração Daniel Marques DODF 20/11/2001 pág. 9 Comunicado de retorno Daniel Marques DCL 20/11/2001 pág. 70 Ato do Presidente 468/2001 Licença Daniel Marques DCL 22/11/2001 pág. 8 AMD 90/2001 Exoneração Daniel Marques Secretário e Nomeação Planaltina DODF 07/02/2002 pág. 25 Comunica retorno Daniel Marques DCL 05/04/2002 pág. 15 Licença interesse particular Daniel Marques DCL 28/11/2002 pág. 7 AMD 95/2002","data_raw/assembleias3/DF/eventos.csv",TRUE
"DF","1998","M1998_DF_8_15123_700000708151231","Daniel Marques","retorno","2002-04-05","dia",,,,"https://www.cl.df.gov.br/documents/5744400/28266712/Deputados+eleitos+e+movimenta%C3%A7%C3%B5es+-+Planilha.xlsx/11f0b744-a69c-bdd1-0437-8d60fc2cf148?t=1740145715216","Licenciado para assumir a Secretaria de Trabalho e Direitos Humanos do DF, nos períodos entre 08/02/2001 e 20/11/2001, 22/11/2001 e 07/02/2002, quando assumiu a Administração Regional de Planaltina - RA VI. Ocupou o cargo até 05/04/2002, quando retorna ao mandato.","memorial_casa","brutos/cldf_movimentacoes_planilha_2025_leg3.csv","alta","Planilha do SEHIM/CLDF, coluna Documento: Licença Daniel Marques DCL 08/02/2001 pág. 6 AMD 04/2001 Exoneração Daniel Marques DODF 20/11/2001 pág. 9 Comunicado de retorno Daniel Marques DCL 20/11/2001 pág. 70 Ato do Presidente 468/2001 Licença Daniel Marques DCL 22/11/2001 pág. 8 AMD 90/2001 Exoneração Daniel Marques Secretário e Nomeação Planaltina DODF 07/02/2002 pág. 25 Comunica retorno Daniel Marques DCL 05/04/2002 pág. 15 Licença interesse particular Daniel Marques DCL 28/11/2002 pág. 7 AMD 95/2002","data_raw/assembleias3/DF/eventos.csv",TRUE
"DF","1998","M1998_DF_8_15123_700000708151231","Daniel Marques","licenca","2002-11-28","dia",,,,"https://www.cl.df.gov.br/documents/5744400/28266712/Deputados+eleitos+e+movimenta%C3%A7%C3%B5es+-+Planilha.xlsx/11f0b744-a69c-bdd1-0437-8d60fc2cf148?t=1740145715216","Em 28/11/2002 se licencia para tratar de interesse particular, sem subsídio.","memorial_casa","brutos/cldf_movimentacoes_planilha_2025_leg3.csv","alta","Licença para tratar de interesse particular, sem subsídio. Planilha do SEHIM/CLDF, coluna Documento: Licença Daniel Marques DCL 08/02/2001 pág. 6 AMD 04/2001 Exoneração Daniel Marques DODF 20/11/2001 pág. 9 Comunicado de retorno Daniel Marques DCL 20/11/2001 pág. 70 Ato do Presidente 468/2001 Licença Daniel Marques DCL 22/11/2001 pág. 8 AMD 90/2001 Exoneração Daniel Marques Secretário e Nomeação Planaltina DODF 07/02/2002 pág. 25 Comunica retorno Daniel Marques DCL 05/04/2002 pág. 15 Licença interesse particular Daniel Marques DCL 28/11/2002 pág. 7 AMD 95/2002","data_raw/assembleias3/DF/eventos.csv",TRUE
"DF","1998","M1998_DF_8_15133_700000708151331","Odilon Aires","licenca","1999-02-03","dia",,"Secretário de Assuntos Fundiários do DF",,"https://www.cl.df.gov.br/documents/5744400/28266712/Deputados+eleitos+e+movimenta%C3%A7%C3%B5es+-+Planilha.xlsx/11f0b744-a69c-bdd1-0437-8d60fc2cf148?t=1740145715216","Licenciado para assumir a Secretaria de Assuntos Fundiários do DF, entre 03/02/1999 e e 05/04/2002.","memorial_casa","brutos/cldf_movimentacoes_planilha_2025_leg3.csv","alta","Planilha do SEHIM/CLDF, coluna Documento: Licença Odilon DCL 03/02/1999 pág. 4 AMD 06/99 Comunica retorno Odilon DCL 08/04/2002 pág. 12","data_raw/assembleias3/DF/eventos.csv",TRUE
"DF","1998","M1998_DF_8_15133_700000708151331","Odilon Aires","retorno","2002-04-05","dia",,,,"https://www.cl.df.gov.br/documents/5744400/28266712/Deputados+eleitos+e+movimenta%C3%A7%C3%B5es+-+Planilha.xlsx/11f0b744-a69c-bdd1-0437-8d60fc2cf148?t=1740145715216","Licenciado para assumir a Secretaria de Assuntos Fundiários do DF, entre 03/02/1999 e e 05/04/2002.","memorial_casa","brutos/cldf_movimentacoes_planilha_2025_leg3.csv","alta","Planilha do SEHIM/CLDF, coluna Documento: Licença Odilon DCL 03/02/1999 pág. 4 AMD 06/99 Comunica retorno Odilon DCL 08/04/2002 pág. 12","data_raw/assembleias3/DF/eventos.csv",TRUE
"DF","1998","M1998_DF_8_15689_700000708156891","Eurides Brito","licenca","1999-01-01","dia",,"Secretária de Educação do DF",,"https://www.cl.df.gov.br/documents/5744400/28266712/Deputados+eleitos+e+movimenta%C3%A7%C3%B5es+-+Planilha.xlsx/11f0b744-a69c-bdd1-0437-8d60fc2cf148?t=1740145715216","Licenciada para assumir a Secretaria de Educação do DF, em 01/01/1999 e 05/04/2002.","memorial_casa","brutos/cldf_movimentacoes_planilha_2025_leg3.csv","alta","Planilha do SEHIM/CLDF.","data_raw/assembleias3/DF/eventos.csv",TRUE
"DF","1998","M1998_DF_8_15689_700000708156891","Eurides Brito","retorno","2002-04-05","dia",,,,"https://www.cl.df.gov.br/documents/5744400/28266712/Deputados+eleitos+e+movimenta%C3%A7%C3%B5es+-+Planilha.xlsx/11f0b744-a69c-bdd1-0437-8d60fc2cf148?t=1740145715216","Licenciada para assumir a Secretaria de Educação do DF, em 01/01/1999 e 05/04/2002.","memorial_casa","brutos/cldf_movimentacoes_planilha_2025_leg3.csv","alta","Planilha do SEHIM/CLDF.","data_raw/assembleias3/DF/eventos.csv",TRUE
"DF","1998","M1998_DF_8_22111_700000708221111","Renato Rainha","renuncia","2001-12-19","dia",,"Conselheiro do Tribunal de Contas do DF","Nijed Zakhour","https://www.cl.df.gov.br/documents/5744400/28266712/Deputados+eleitos+e+movimenta%C3%A7%C3%B5es+-+Planilha.xlsx/11f0b744-a69c-bdd1-0437-8d60fc2cf148?t=1740145715216","Titular. Renunciou ao mandato para ocupar o cargo de Conselheiro do TCDF em 19/12/2001.","memorial_casa","brutos/cldf_movimentacoes_planilha_2025_leg3.csv","alta","Planilha do SEHIM/CLDF, coluna Documento: Aprovação Conselheiro Rainha DCL 20/12/2001 pág. 36 Decreto Legislativo 807/2001 Declaração de renúncia Rainha DCL 20/12/2001 pág. 37","data_raw/assembleias3/DF/eventos.csv",TRUE
"DF","1998","M1998_DF_8_22221_700000708222211","Agrício Braga","licenca","2000-05-26","dia",,"Secretário de Esportes do DF",,"https://www.cl.df.gov.br/documents/5744400/28266712/Deputados+eleitos+e+movimenta%C3%A7%C3%B5es+-+Planilha.xlsx/11f0b744-a69c-bdd1-0437-8d60fc2cf148?t=1740145715216","Licenciado para assumir a Secretaria de Esportes do DF entre 26/05/2000 e 08/04/2002.","memorial_casa","brutos/cldf_movimentacoes_planilha_2025_leg3.csv","alta","Planilha do SEHIM/CLDF, coluna Documento: Licença Agrício DCL 26/05/2000 pág. 2 AMD 26/2000 Comunica retorno Agrício DCL 08/04/2002 pág. 12","data_raw/assembleias3/DF/eventos.csv",TRUE
"DF","1998","M1998_DF_8_22221_700000708222211","Agrício Braga","retorno","2002-04-08","dia",,,,"https://www.cl.df.gov.br/documents/5744400/28266712/Deputados+eleitos+e+movimenta%C3%A7%C3%B5es+-+Planilha.xlsx/11f0b744-a69c-bdd1-0437-8d60fc2cf148?t=1740145715216","Licenciado para assumir a Secretaria de Esportes do DF entre 26/05/2000 e 08/04/2002.","memorial_casa","brutos/cldf_movimentacoes_planilha_2025_leg3.csv","alta","Planilha do SEHIM/CLDF, coluna Documento: Licença Agrício DCL 26/05/2000 pág. 2 AMD 26/2000 Comunica retorno Agrício DCL 08/04/2002 pág. 12","data_raw/assembleias3/DF/eventos.csv",TRUE
"DF","1998","M1998_DF_8_25138_700000708251381","Aguinaldo de Jesus","licenca","2002-01-25","dia",,"Administrador Regional do Riacho Fundo",,"https://www.cl.df.gov.br/documents/5744400/28266712/Deputados+eleitos+e+movimenta%C3%A7%C3%B5es+-+Planilha.xlsx/11f0b744-a69c-bdd1-0437-8d60fc2cf148?t=1740145715216","Licenciado para assumir o cargo de Administrador Regional do Riacho Fundo - RA XV, entre 25/01/2002 e 05/04/2002.","memorial_casa","brutos/cldf_movimentacoes_planilha_2025_leg3.csv","alta","Planilha do SEHIM/CLDF, coluna Documento: Licença Aguinaldo DCL 25/01/2002 pág 1 Ato do Presidente 36/2002 Comunica retorno Aguinaldo DCL 05/04/2002 pág. 15","data_raw/assembleias3/DF/eventos.csv",TRUE
"DF","1998","M1998_DF_8_25138_700000708251381","Aguinaldo de Jesus","retorno","2002-04-05","dia",,,,"https://www.cl.df.gov.br/documents/5744400/28266712/Deputados+eleitos+e+movimenta%C3%A7%C3%B5es+-+Planilha.xlsx/11f0b744-a69c-bdd1-0437-8d60fc2cf148?t=1740145715216","Licenciado para assumir o cargo de Administrador Regional do Riacho Fundo - RA XV, entre 25/01/2002 e 05/04/2002.","memorial_casa","brutos/cldf_movimentacoes_planilha_2025_leg3.csv","alta","Planilha do SEHIM/CLDF, coluna Documento: Licença Aguinaldo DCL 25/01/2002 pág 1 Ato do Presidente 36/2002 Comunica retorno Aguinaldo DCL 05/04/2002 pág. 15","data_raw/assembleias3/DF/eventos.csv",TRUE
"DF","1998","M1998_DF_8_45199_700000708451991","Anilcéia Machado","licenca","2002-01-11","dia",,"Administradora Regional de Sobradinho",,"https://www.cl.df.gov.br/documents/5744400/28266712/Deputados+eleitos+e+movimenta%C3%A7%C3%B5es+-+Planilha.xlsx/11f0b744-a69c-bdd1-0437-8d60fc2cf148?t=1740145715216","Licenciada para assumir o cargo de Administradora Regional de Sobradinho - RA V, em 11/01/2002 e 05/04/2002.","memorial_casa","brutos/cldf_movimentacoes_planilha_2025_leg3.csv","alta","Planilha do SEHIM/CLDF, coluna Documento: Licença Anilcéia DCL 11/01/2002 pág. 12 Ato do Presidente 11/2002 Comunica retorno Anilceia DCL 05/04/2002 pág. 15","data_raw/assembleias3/DF/eventos.csv",TRUE
"DF","1998","M1998_DF_8_45199_700000708451991","Anilcéia Machado","retorno","2002-04-05","dia",,,,"https://www.cl.df.gov.br/documents/5744400/28266712/Deputados+eleitos+e+movimenta%C3%A7%C3%B5es+-+Planilha.xlsx/11f0b744-a69c-bdd1-0437-8d60fc2cf148?t=1740145715216","Licenciada para assumir o cargo de Administradora Regional de Sobradinho - RA V, em 11/01/2002 e 05/04/2002.","memorial_casa","brutos/cldf_movimentacoes_planilha_2025_leg3.csv","alta","Planilha do SEHIM/CLDF, coluna Documento: Licença Anilcéia DCL 11/01/2002 pág. 12 Ato do Presidente 11/2002 Comunica retorno Anilceia DCL 05/04/2002 pág. 15","data_raw/assembleias3/DF/eventos.csv",TRUE
"DF","1998",,"Nijed Zakhour","efetivacao_suplente","2001-12-19","dia",,,,"https://www.cl.df.gov.br/documents/5744400/28266712/Deputados+eleitos+e+movimenta%C3%A7%C3%B5es+-+Planilha.xlsx/11f0b744-a69c-bdd1-0437-8d60fc2cf148?t=1740145715216","Tornou-se titular em 19/12/2001, quando da renuncia do deputado Renato Rainha para ocupar a vaga de Conselheiro do TCDF.","memorial_casa","brutos/cldf_movimentacoes_planilha_2025_leg3.csv","alta","Efetivado na vaga de Renato Rainha. Planilha do SEHIM/CLDF, coluna Documento: Convocação Nijed DCL 26/05/2000 pág. 2 AMD 25/2000 Assume titularidade Nijed DCL 21/12/2001 pág. 15 AMD 109/2001","data_raw/assembleias3/DF/eventos.csv",TRUE
"DF","2002","M2002_DF_8_11122_731","Wigberto Tartuce","licenca","2003-02-14","dia",,,,"https://www.cl.df.gov.br/documents/5744400/28266712/Deputados+eleitos+e+movimenta%C3%A7%C3%B5es+-+Planilha.xlsx/11f0b744-a69c-bdd1-0437-8d60fc2cf148?t=1740145715216","Licenciado para tratamento de saúde por 125 dias, por duas vezes, nas datas de 14/02/2003 e 01/12/2003.","memorial_casa","brutos/cldf_movimentacoes_planilha_2025_leg4.csv","alta","Licença para tratamento de saúde por 125 dias. Planilha do SEHIM/CLDF, coluna Documento: Licença Wigberto Tartuce DCL 14/02/2003 pág. 2 AMD 6/2003 Licença Wigberto Tartuce DCL 03/12/2003 pág. 37 AMD 126/2003 Licença Wigberto Tartuce DCL 05/04/2004 pág. 67 Ato do Presidente 292/2004 Licença Wigberto Tartuce DCL 18/01/2005 pág. 20 AMD 01/2005 Retorno Wigberto Tartuce DCL 03/04/2006 pág. 18 AMD 22/2006","data_raw/assembleias3/DF/eventos.csv",TRUE
"DF","2002","M2002_DF_8_11122_731","Wigberto Tartuce","licenca","2003-12-01","dia",,,,"https://www.cl.df.gov.br/documents/5744400/28266712/Deputados+eleitos+e+movimenta%C3%A7%C3%B5es+-+Planilha.xlsx/11f0b744-a69c-bdd1-0437-8d60fc2cf148?t=1740145715216","Licenciado para tratamento de saúde por 125 dias, por duas vezes, nas datas de 14/02/2003 e 01/12/2003.","memorial_casa","brutos/cldf_movimentacoes_planilha_2025_leg4.csv","alta","Licença para tratamento de saúde por 125 dias. Planilha do SEHIM/CLDF, coluna Documento: Licença Wigberto Tartuce DCL 14/02/2003 pág. 2 AMD 6/2003 Licença Wigberto Tartuce DCL 03/12/2003 pág. 37 AMD 126/2003 Licença Wigberto Tartuce DCL 05/04/2004 pág. 67 Ato do Presidente 292/2004 Licença Wigberto Tartuce DCL 18/01/2005 pág. 20 AMD 01/2005 Retorno Wigberto Tartuce DCL 03/04/2006 pág. 18 AMD 22/2006","data_raw/assembleias3/DF/eventos.csv",TRUE
"DF","2002","M2002_DF_8_11122_731","Wigberto Tartuce","licenca","2004-04-04","dia",,,,"https://www.cl.df.gov.br/documents/5744400/28266712/Deputados+eleitos+e+movimenta%C3%A7%C3%B5es+-+Planilha.xlsx/11f0b744-a69c-bdd1-0437-8d60fc2cf148?t=1740145715216","Em 04/04/2004 obteve nova licença para tratar de interesse particular por 120 dias","memorial_casa","brutos/cldf_movimentacoes_planilha_2025_leg4.csv","alta","Licença para tratar de interesse particular por 120 dias. Planilha do SEHIM/CLDF, coluna Documento: Licença Wigberto Tartuce DCL 14/02/2003 pág. 2 AMD 6/2003 Licença Wigberto Tartuce DCL 03/12/2003 pág. 37 AMD 126/2003 Licença Wigberto Tartuce DCL 05/04/2004 pág. 67 Ato do Presidente 292/2004 Licença Wigberto Tartuce DCL 18/01/2005 pág. 20 AMD 01/2005 Retorno Wigberto Tartuce DCL 03/04/2006 pág. 18 AMD 22/2006","data_raw/assembleias3/DF/eventos.csv",TRUE
"DF","2002","M2002_DF_8_11122_731","Wigberto Tartuce","licenca","2005-01-13","dia",,"Secretário Extraordinário de Relações Institucionais e de Cooperação entre Poderes do DF",,"https://www.cl.df.gov.br/documents/5744400/28266712/Deputados+eleitos+e+movimenta%C3%A7%C3%B5es+-+Planilha.xlsx/11f0b744-a69c-bdd1-0437-8d60fc2cf148?t=1740145715216","licenciou-se entre 13/01/2005 e 03/04/2006 para assumir a Secretaria Extraordinária de Relações Institucionais e de Cooperação Entre Poderes do Distrito Federal.","memorial_casa","brutos/cldf_movimentacoes_planilha_2025_leg4.csv","alta","Planilha do SEHIM/CLDF, coluna Documento: Licença Wigberto Tartuce DCL 14/02/2003 pág. 2 AMD 6/2003 Licença Wigberto Tartuce DCL 03/12/2003 pág. 37 AMD 126/2003 Licença Wigberto Tartuce DCL 05/04/2004 pág. 67 Ato do Presidente 292/2004 Licença Wigberto Tartuce DCL 18/01/2005 pág. 20 AMD 01/2005 Retorno Wigberto Tartuce DCL 03/04/2006 pág. 18 AMD 22/2006","data_raw/assembleias3/DF/eventos.csv",TRUE
"DF","2002","M2002_DF_8_11122_731","Wigberto Tartuce","retorno","2006-04-03","dia",,,,"https://www.cl.df.gov.br/documents/5744400/28266712/Deputados+eleitos+e+movimenta%C3%A7%C3%B5es+-+Planilha.xlsx/11f0b744-a69c-bdd1-0437-8d60fc2cf148?t=1740145715216","licenciou-se entre 13/01/2005 e 03/04/2006 para assumir a Secretaria Extraordinária de Relações Institucionais e de Cooperação Entre Poderes do Distrito Federal.","memorial_casa","brutos/cldf_movimentacoes_planilha_2025_leg4.csv","alta","Planilha do SEHIM/CLDF, coluna Documento: Licença Wigberto Tartuce DCL 14/02/2003 pág. 2 AMD 6/2003 Licença Wigberto Tartuce DCL 03/12/2003 pág. 37 AMD 126/2003 Licença Wigberto Tartuce DCL 05/04/2004 pág. 67 Ato do Presidente 292/2004 Licença Wigberto Tartuce DCL 18/01/2005 pág. 20 AMD 01/2005 Retorno Wigberto Tartuce DCL 03/04/2006 pág. 18 AMD 22/2006","data_raw/assembleias3/DF/eventos.csv",TRUE
"DF","2002","M2002_DF_8_15151_631","Gim Argello","licenca","2005-03-23","dia",,"Secretário de Estado do Trabalho do DF",,"https://www.cl.df.gov.br/documents/5744400/28266712/Deputados+eleitos+e+movimenta%C3%A7%C3%B5es+-+Planilha.xlsx/11f0b744-a69c-bdd1-0437-8d60fc2cf148?t=1740145715216","Licenciado para a Secretaria de Estado do Trabalho do GDF em 23/03/2005 e 31/03/2006, retornando à CLDF em 03/04/2006.","memorial_casa","brutos/cldf_movimentacoes_planilha_2025_leg4.csv","alta","Planilha do SEHIM/CLDF, coluna Documento: Licença Gim Argello DCL 28/03/2005 pág. 6 AMD 17/2005 Exoneração Gim Argello DODF 31/03/2006 pág. 26 Retorno Gim Argello DCL 03/04/2006 pág. 18","data_raw/assembleias3/DF/eventos.csv",TRUE
"DF","2002","M2002_DF_8_15151_631","Gim Argello","retorno","2006-04-03","dia",,,,"https://www.cl.df.gov.br/documents/5744400/28266712/Deputados+eleitos+e+movimenta%C3%A7%C3%B5es+-+Planilha.xlsx/11f0b744-a69c-bdd1-0437-8d60fc2cf148?t=1740145715216","Licenciado para a Secretaria de Estado do Trabalho do GDF em 23/03/2005 e 31/03/2006, retornando à CLDF em 03/04/2006.","memorial_casa","brutos/cldf_movimentacoes_planilha_2025_leg4.csv","alta","Planilha do SEHIM/CLDF, coluna Documento: Licença Gim Argello DCL 28/03/2005 pág. 6 AMD 17/2005 Exoneração Gim Argello DODF 31/03/2006 pág. 26 Retorno Gim Argello DCL 03/04/2006 pág. 18","data_raw/assembleias3/DF/eventos.csv",TRUE
"DF","2002","M2002_DF_8_15222_594","Leonardo Prudente","licenca","2004-07-06","dia",,"Secretário de Estado do DF",,"https://www.cl.df.gov.br/documents/5744400/28266712/Deputados+eleitos+e+movimenta%C3%A7%C3%B5es+-+Planilha.xlsx/11f0b744-a69c-bdd1-0437-8d60fc2cf148?t=1740145715216","Licenciado para assumir Secretaria de Estado no GDF no período entre 06/07/2004 e 10/12/2004.","memorial_casa","brutos/cldf_movimentacoes_planilha_2025_leg4.csv","alta","Planilha do SEHIM/CLDF, coluna Documento: Licença Leonardo Prudente DCL 06/07/2004 pág. 1 AMD 48/2004 Retorno Leonardo Prudente DCL 10/12/2004 pág. 1 AMD 91/2004","data_raw/assembleias3/DF/eventos.csv",TRUE
"DF","2002","M2002_DF_8_15222_594","Leonardo Prudente","retorno","2004-12-10","dia",,,,"https://www.cl.df.gov.br/documents/5744400/28266712/Deputados+eleitos+e+movimenta%C3%A7%C3%B5es+-+Planilha.xlsx/11f0b744-a69c-bdd1-0437-8d60fc2cf148?t=1740145715216","Licenciado para assumir Secretaria de Estado no GDF no período entre 06/07/2004 e 10/12/2004.","memorial_casa","brutos/cldf_movimentacoes_planilha_2025_leg4.csv","alta","Planilha do SEHIM/CLDF, coluna Documento: Licença Leonardo Prudente DCL 06/07/2004 pág. 1 AMD 48/2004 Retorno Leonardo Prudente DCL 10/12/2004 pág. 1 AMD 91/2004","data_raw/assembleias3/DF/eventos.csv",TRUE
"DF","2002","M2002_DF_8_25000_532","Izalci Lucas","licenca","2004-01-09","dia",,"Secretário de Estado de Desenvolvimento Tecnológico do DF",,"https://www.cl.df.gov.br/documents/5744400/28266712/Deputados+eleitos+e+movimenta%C3%A7%C3%B5es+-+Planilha.xlsx/11f0b744-a69c-bdd1-0437-8d60fc2cf148?t=1740145715216","Licenciado para assumir a Secretaria de Estado de Desenvolvimento Tecnológico do GDF nos períodos entre 09/01/2004 e 10/12/2004, 03/02/2005 e 03/04/2006.","memorial_casa","brutos/cldf_movimentacoes_planilha_2025_leg4.csv","alta","Planilha do SEHIM/CLDF, coluna Documento: Licença Izalci Lucas DCL 13/01/2004 pág. 3 Ato do Presidente 23/2004 Retorno Izalci DCL 10/12/2004 pág. 2 AMD 94/2004 Licença Izalci Lucas DCL 03/02/2005 pág. 31 AMD 06/2005 DCL Retorno Izalci Lucas DCL 03/04/2006 pág. 17 AMD 21/2006","data_raw/assembleias3/DF/eventos.csv",TRUE
"DF","2002","M2002_DF_8_25000_532","Izalci Lucas","retorno","2004-12-10","dia",,,,"https://www.cl.df.gov.br/documents/5744400/28266712/Deputados+eleitos+e+movimenta%C3%A7%C3%B5es+-+Planilha.xlsx/11f0b744-a69c-bdd1-0437-8d60fc2cf148?t=1740145715216","Licenciado para assumir a Secretaria de Estado de Desenvolvimento Tecnológico do GDF nos períodos entre 09/01/2004 e 10/12/2004, 03/02/2005 e 03/04/2006.","memorial_casa","brutos/cldf_movimentacoes_planilha_2025_leg4.csv","alta","Planilha do SEHIM/CLDF, coluna Documento: Licença Izalci Lucas DCL 13/01/2004 pág. 3 Ato do Presidente 23/2004 Retorno Izalci DCL 10/12/2004 pág. 2 AMD 94/2004 Licença Izalci Lucas DCL 03/02/2005 pág. 31 AMD 06/2005 DCL Retorno Izalci Lucas DCL 03/04/2006 pág. 17 AMD 21/2006","data_raw/assembleias3/DF/eventos.csv",TRUE
"DF","2002","M2002_DF_8_25000_532","Izalci Lucas","licenca","2005-02-03","dia",,"Secretário de Estado de Desenvolvimento Tecnológico do DF",,"https://www.cl.df.gov.br/documents/5744400/28266712/Deputados+eleitos+e+movimenta%C3%A7%C3%B5es+-+Planilha.xlsx/11f0b744-a69c-bdd1-0437-8d60fc2cf148?t=1740145715216","Licenciado para assumir a Secretaria de Estado de Desenvolvimento Tecnológico do GDF nos períodos entre 09/01/2004 e 10/12/2004, 03/02/2005 e 03/04/2006.","memorial_casa","brutos/cldf_movimentacoes_planilha_2025_leg4.csv","alta","Planilha do SEHIM/CLDF, coluna Documento: Licença Izalci Lucas DCL 13/01/2004 pág. 3 Ato do Presidente 23/2004 Retorno Izalci DCL 10/12/2004 pág. 2 AMD 94/2004 Licença Izalci Lucas DCL 03/02/2005 pág. 31 AMD 06/2005 DCL Retorno Izalci Lucas DCL 03/04/2006 pág. 17 AMD 21/2006","data_raw/assembleias3/DF/eventos.csv",TRUE
"DF","2002","M2002_DF_8_25000_532","Izalci Lucas","retorno","2006-04-03","dia",,,,"https://www.cl.df.gov.br/documents/5744400/28266712/Deputados+eleitos+e+movimenta%C3%A7%C3%B5es+-+Planilha.xlsx/11f0b744-a69c-bdd1-0437-8d60fc2cf148?t=1740145715216","Licenciado para assumir a Secretaria de Estado de Desenvolvimento Tecnológico do GDF nos períodos entre 09/01/2004 e 10/12/2004, 03/02/2005 e 03/04/2006.","memorial_casa","brutos/cldf_movimentacoes_planilha_2025_leg4.csv","alta","Planilha do SEHIM/CLDF, coluna Documento: Licença Izalci Lucas DCL 13/01/2004 pág. 3 Ato do Presidente 23/2004 Retorno Izalci DCL 10/12/2004 pág. 2 AMD 94/2004 Licença Izalci Lucas DCL 03/02/2005 pág. 31 AMD 06/2005 DCL Retorno Izalci Lucas DCL 03/04/2006 pág. 17 AMD 21/2006","data_raw/assembleias3/DF/eventos.csv",TRUE
"DF","2002","M2002_DF_8_25999_520","Jorge Cauhy","licenca","2005-05-06","dia",,,,"https://www.cl.df.gov.br/documents/5744400/28266712/Deputados+eleitos+e+movimenta%C3%A7%C3%B5es+-+Planilha.xlsx/11f0b744-a69c-bdd1-0437-8d60fc2cf148?t=1740145715216","Licenciado para tratamento de saúde em 06/05/2005.","memorial_casa","brutos/cldf_movimentacoes_planilha_2025_leg4.csv","alta","Licença para tratamento de saúde. Planilha do SEHIM/CLDF, coluna Documento: Licença Jorge Cauhy DCL 06/05/2005 pág. 22 AMD 32/2005 Vacância por falecimento Jorge Cauhy DCL 02/06/2005 pág. 29 AMD 45/2005","data_raw/assembleias3/DF/eventos.csv",TRUE
"DF","2002","M2002_DF_8_41041_1123","Pedro Passos","licenca","2005-03-28","dia",,"Secretário de Agricultura do DF",,"https://www.cl.df.gov.br/documents/5744400/28266712/Deputados+eleitos+e+movimenta%C3%A7%C3%B5es+-+Planilha.xlsx/11f0b744-a69c-bdd1-0437-8d60fc2cf148?t=1740145715216","Licenciado para assumir a Secretaria da Agricultura do GDF entre 28/03/2005 e 23/11/2005, e para assumir a Secretaria de Agricultura, Pecuária e Abastecimento do GDF entre 01/12/2005 e 03/04/2006.","memorial_casa","brutos/cldf_movimentacoes_planilha_2025_leg4.csv","alta","Planilha do SEHIM/CLDF, coluna Documento: Licença Pedro Passos DCL 28/03/2005 pág. 6 AMD 18/2005 Retorno Pedro Passos DCL 23/11/2005 pág. 10 AMD 94 e 95/2005 Licença Pedro Passos DCL 01/12/2005 pág. 88 AMD 99/2005 Retorno Pedro Passos DCL 03/04/2006 pág. 18 AMD 24/2005","data_raw/assembleias3/DF/eventos.csv",TRUE
"DF","2002","M2002_DF_8_41041_1123","Pedro Passos","retorno","2005-11-23","dia",,,,"https://www.cl.df.gov.br/documents/5744400/28266712/Deputados+eleitos+e+movimenta%C3%A7%C3%B5es+-+Planilha.xlsx/11f0b744-a69c-bdd1-0437-8d60fc2cf148?t=1740145715216","Licenciado para assumir a Secretaria da Agricultura do GDF entre 28/03/2005 e 23/11/2005, e para assumir a Secretaria de Agricultura, Pecuária e Abastecimento do GDF entre 01/12/2005 e 03/04/2006.","memorial_casa","brutos/cldf_movimentacoes_planilha_2025_leg4.csv","alta","Planilha do SEHIM/CLDF, coluna Documento: Licença Pedro Passos DCL 28/03/2005 pág. 6 AMD 18/2005 Retorno Pedro Passos DCL 23/11/2005 pág. 10 AMD 94 e 95/2005 Licença Pedro Passos DCL 01/12/2005 pág. 88 AMD 99/2005 Retorno Pedro Passos DCL 03/04/2006 pág. 18 AMD 24/2005","data_raw/assembleias3/DF/eventos.csv",TRUE
"DF","2002","M2002_DF_8_41041_1123","Pedro Passos","licenca","2005-12-01","dia",,"Secretário de Agricultura do DF",,"https://www.cl.df.gov.br/documents/5744400/28266712/Deputados+eleitos+e+movimenta%C3%A7%C3%B5es+-+Planilha.xlsx/11f0b744-a69c-bdd1-0437-8d60fc2cf148?t=1740145715216","Licenciado para assumir a Secretaria da Agricultura do GDF entre 28/03/2005 e 23/11/2005, e para assumir a Secretaria de Agricultura, Pecuária e Abastecimento do GDF entre 01/12/2005 e 03/04/2006.","memorial_casa","brutos/cldf_movimentacoes_planilha_2025_leg4.csv","alta","Planilha do SEHIM/CLDF, coluna Documento: Licença Pedro Passos DCL 28/03/2005 pág. 6 AMD 18/2005 Retorno Pedro Passos DCL 23/11/2005 pág. 10 AMD 94 e 95/2005 Licença Pedro Passos DCL 01/12/2005 pág. 88 AMD 99/2005 Retorno Pedro Passos DCL 03/04/2006 pág. 18 AMD 24/2005","data_raw/assembleias3/DF/eventos.csv",TRUE
"DF","2002","M2002_DF_8_41041_1123","Pedro Passos","retorno","2006-04-03","dia",,,,"https://www.cl.df.gov.br/documents/5744400/28266712/Deputados+eleitos+e+movimenta%C3%A7%C3%B5es+-+Planilha.xlsx/11f0b744-a69c-bdd1-0437-8d60fc2cf148?t=1740145715216","Licenciado para assumir a Secretaria da Agricultura do GDF entre 28/03/2005 e 23/11/2005, e para assumir a Secretaria de Agricultura, Pecuária e Abastecimento do GDF entre 01/12/2005 e 03/04/2006.","memorial_casa","brutos/cldf_movimentacoes_planilha_2025_leg4.csv","alta","Planilha do SEHIM/CLDF, coluna Documento: Licença Pedro Passos DCL 28/03/2005 pág. 6 AMD 18/2005 Retorno Pedro Passos DCL 23/11/2005 pág. 10 AMD 94 e 95/2005 Licença Pedro Passos DCL 01/12/2005 pág. 88 AMD 99/2005 Retorno Pedro Passos DCL 03/04/2006 pág. 18 AMD 24/2005","data_raw/assembleias3/DF/eventos.csv",TRUE
"DF","2002","M2002_DF_8_41123_1082","Carlos Xavier","cassacao","2004-08-10","dia",,,"Wilson Lima","https://www.cl.df.gov.br/documents/5744400/28266712/Deputados+eleitos+e+movimenta%C3%A7%C3%B5es+-+Planilha.xlsx/11f0b744-a69c-bdd1-0437-8d60fc2cf148?t=1740145715216","Titular. Perdeu o mandato em 10/08/2004.","memorial_casa","brutos/cldf_movimentacoes_planilha_2025_leg4.csv","alta","Planilha do SEHIM/CLDF, coluna Documento: Perda do mandato Carlos Xavier DCL 10/08/2004 pág. 1 Resolução 211/2004","data_raw/assembleias3/DF/eventos.csv",TRUE
"DF","2002","M2002_DF_8_41515_1114","Rôney Nemer","licenca","2003-12-05","dia",,"Secretário de Infraestrutura e Obras do DF",,"https://www.cl.df.gov.br/documents/5744400/28266712/Deputados+eleitos+e+movimenta%C3%A7%C3%B5es+-+Planilha.xlsx/11f0b744-a69c-bdd1-0437-8d60fc2cf148?t=1740145715216","Licenciado para assumir Secretaria de Infraestrutura e Obras do GDF entre 05/12/2003 e 03/04/2006.","memorial_casa","brutos/cldf_movimentacoes_planilha_2025_leg4.csv","alta","Planilha do SEHIM/CLDF, coluna Documento: Licença Rôney Nemer DCL 05/12/2003 pág. 120 AMD 128/2003 Retorno Rôney Nemer DCL 10/04/2006 pág. 05 AMD 20/2006","data_raw/assembleias3/DF/eventos.csv",TRUE
"DF","2002","M2002_DF_8_41515_1114","Rôney Nemer","retorno","2006-04-03","dia",,,,"https://www.cl.df.gov.br/documents/5744400/28266712/Deputados+eleitos+e+movimenta%C3%A7%C3%B5es+-+Planilha.xlsx/11f0b744-a69c-bdd1-0437-8d60fc2cf148?t=1740145715216","Licenciado para assumir Secretaria de Infraestrutura e Obras do GDF entre 05/12/2003 e 03/04/2006.","memorial_casa","brutos/cldf_movimentacoes_planilha_2025_leg4.csv","alta","Planilha do SEHIM/CLDF, coluna Documento: Licença Rôney Nemer DCL 05/12/2003 pág. 120 AMD 128/2003 Retorno Rôney Nemer DCL 10/04/2006 pág. 05 AMD 20/2006","data_raw/assembleias3/DF/eventos.csv",TRUE
"DF","2002","M2002_DF_8_45199_695","Anilcéia Machado","renuncia","2006-03-10","dia",,,"Ivelise Longhi","https://www.cl.df.gov.br/documents/5744400/28266712/Deputados+eleitos+e+movimenta%C3%A7%C3%B5es+-+Planilha.xlsx/11f0b744-a69c-bdd1-0437-8d60fc2cf148?t=1740145715216","Titular. Renunciou ao mandato em 10/03/2006.","memorial_casa","brutos/cldf_movimentacoes_planilha_2025_leg4.csv","alta","Planilha do SEHIM/CLDF, coluna Documento: Renúncia Anilcéia Machado DCL 10/03/2006 pág. 31 AMD 17/2006","data_raw/assembleias3/DF/eventos.csv",TRUE
"DF","2002",,"Wilson Lima","efetivacao_suplente","2004-08-10","dia",,,,"https://www.cl.df.gov.br/documents/5744400/28266712/Deputados+eleitos+e+movimenta%C3%A7%C3%B5es+-+Planilha.xlsx/11f0b744-a69c-bdd1-0437-8d60fc2cf148?t=1740145715216","Assumiu a titularidade do mandato em 10/08/2004 com a perda do mandato do deputado Carlos Xavier.","memorial_casa","brutos/cldf_movimentacoes_planilha_2025_leg4.csv","alta","Efetivado na vaga de Carlos Xavier. Planilha do SEHIM/CLDF, coluna Documento: Convocação Wilson Lima DCL 05/12/2003 pág. 121 AMD 129/2003","data_raw/assembleias3/DF/eventos.csv",TRUE
"DF","2002",,"Ivelise Longhi","efetivacao_suplente","2006-03-10","dia",,,,"https://www.cl.df.gov.br/documents/5744400/28266712/Deputados+eleitos+e+movimenta%C3%A7%C3%B5es+-+Planilha.xlsx/11f0b744-a69c-bdd1-0437-8d60fc2cf148?t=1740145715216","quando assumiu então a titularidade do mandato devido à renúncia da deputada Anilcéia Machado","memorial_casa","brutos/cldf_movimentacoes_planilha_2025_leg4.csv","alta","Efetivada na vaga de Anilcéia Machado. Planilha do SEHIM/CLDF, coluna Documento: Termo de Posse Ivelise Longhi DCL 28/03/2003 pág. 7 Convocação Ivelise Longhi DCL 06/07/2004 pág. 01 AMD 49/2004 Titularidade do Mandadto Ivelise Longhi DCL 10/03/2006 pág. 31 AMD 17/2006","data_raw/assembleias3/DF/eventos.csv",TRUE
"DF","2006","M2006_DF_8_11234_10775","Benedito Domingos","licenca","2007-01-05","dia",,"Administrador Regional de Taguatinga",,"https://www.cl.df.gov.br/documents/5744400/28266712/Deputados+eleitos+e+movimenta%C3%A7%C3%B5es+-+Planilha.xlsx/11f0b744-a69c-bdd1-0437-8d60fc2cf148?t=1740145715216","Titular. Licenciado entre 05/01/2007 e 15/12/2008 para assumir a Administração Regional de Taguatinga.","memorial_casa","brutos/cldf_movimentacoes_planilha_2025_leg5.csv","alta","Planilha do SEHIM/CLDF, coluna Documento: Licença Benedito Domingos DCL 05/01/2007 pág. 09 AMD 06/2009 Retorno Benedito Domingos DCL 15/12/2008 pág. 04 AMD 88/2008","data_raw/assembleias3/DF/eventos.csv",TRUE
"DF","2006","M2006_DF_8_11234_10775","Benedito Domingos","retorno","2008-12-15","dia",,,,"https://www.cl.df.gov.br/documents/5744400/28266712/Deputados+eleitos+e+movimenta%C3%A7%C3%B5es+-+Planilha.xlsx/11f0b744-a69c-bdd1-0437-8d60fc2cf148?t=1740145715216","Titular. Licenciado entre 05/01/2007 e 15/12/2008 para assumir a Administração Regional de Taguatinga.","memorial_casa","brutos/cldf_movimentacoes_planilha_2025_leg5.csv","alta","Planilha do SEHIM/CLDF, coluna Documento: Licença Benedito Domingos DCL 05/01/2007 pág. 09 AMD 06/2009 Retorno Benedito Domingos DCL 15/12/2008 pág. 04 AMD 88/2008","data_raw/assembleias3/DF/eventos.csv",TRUE
"DF","2006","M2006_DF_8_15151_10219","Pedro Passos","renuncia","2007-08-14","dia",,,"Eurides Brito","https://www.cl.df.gov.br/documents/5744400/28266712/Deputados+eleitos+e+movimenta%C3%A7%C3%B5es+-+Planilha.xlsx/11f0b744-a69c-bdd1-0437-8d60fc2cf148?t=1740145715216","Titular. Renunciou em 14/08/2007","memorial_casa","brutos/cldf_movimentacoes_planilha_2025_leg5.csv","alta","Planilha do SEHIM/CLDF, coluna Documento: Carta de renúncia Pedro Passos DCL 15/08/2007 pág.179 Vacância Pedro Passos DCL 16/08/2007 pág. 36 AMD 48/2007","data_raw/assembleias3/DF/eventos.csv",TRUE
"DF","2006","M2006_DF_8_15154_10220","Rôney Nemer","licenca","2008-06-10","dia",,"Diretor-Geral da Agência de Fiscalização do DF",,"https://www.cl.df.gov.br/documents/5744400/28266712/Deputados+eleitos+e+movimenta%C3%A7%C3%B5es+-+Planilha.xlsx/11f0b744-a69c-bdd1-0437-8d60fc2cf148?t=1740145715216","Titular. Licenciado entre 10/06/2008 e 02/12/2008, para assumir o cargo de Diretor Geral da Agência de Fiscalização do DF","memorial_casa","brutos/cldf_movimentacoes_planilha_2025_leg5.csv","alta","Planilha do SEHIM/CLDF, coluna Documento: Licença Rôney Nemer DCL 11/06/2008 pág.06 AMD 36/2008 Retorno Rôney Nemer DCL 15/12/2008 pág.05 AMD 92/2008 Licença Rôney Nemer DCL 18/02/2009 pág. 03 AMD 010/2009 Retorno Rôney Nemer DCL 07/04/2009 pág. 02 AMD 25/2009","data_raw/assembleias3/DF/eventos.csv",TRUE
"DF","2006","M2006_DF_8_15154_10220","Rôney Nemer","retorno","2008-12-02","dia",,,,"https://www.cl.df.gov.br/documents/5744400/28266712/Deputados+eleitos+e+movimenta%C3%A7%C3%B5es+-+Planilha.xlsx/11f0b744-a69c-bdd1-0437-8d60fc2cf148?t=1740145715216","Titular. Licenciado entre 10/06/2008 e 02/12/2008, para assumir o cargo de Diretor Geral da Agência de Fiscalização do DF","memorial_casa","brutos/cldf_movimentacoes_planilha_2025_leg5.csv","alta","Planilha do SEHIM/CLDF, coluna Documento: Licença Rôney Nemer DCL 11/06/2008 pág.06 AMD 36/2008 Retorno Rôney Nemer DCL 15/12/2008 pág.05 AMD 92/2008 Licença Rôney Nemer DCL 18/02/2009 pág. 03 AMD 010/2009 Retorno Rôney Nemer DCL 07/04/2009 pág. 02 AMD 25/2009","data_raw/assembleias3/DF/eventos.csv",TRUE
"DF","2006","M2006_DF_8_15154_10220","Rôney Nemer","licenca","2009-02-17","dia",,"Presidente da Brasiliatur",,"https://www.cl.df.gov.br/documents/5744400/28266712/Deputados+eleitos+e+movimenta%C3%A7%C3%B5es+-+Planilha.xlsx/11f0b744-a69c-bdd1-0437-8d60fc2cf148?t=1740145715216","e entre 17/02/2009 e 06/04/2009 para assumir a presidência da Empresa Brasiliense de Tursimo - BRASILIATUR.","memorial_casa","brutos/cldf_movimentacoes_planilha_2025_leg5.csv","alta","Planilha do SEHIM/CLDF, coluna Documento: Licença Rôney Nemer DCL 11/06/2008 pág.06 AMD 36/2008 Retorno Rôney Nemer DCL 15/12/2008 pág.05 AMD 92/2008 Licença Rôney Nemer DCL 18/02/2009 pág. 03 AMD 010/2009 Retorno Rôney Nemer DCL 07/04/2009 pág. 02 AMD 25/2009","data_raw/assembleias3/DF/eventos.csv",TRUE
"DF","2006","M2006_DF_8_15154_10220","Rôney Nemer","retorno","2009-04-06","dia",,,,"https://www.cl.df.gov.br/documents/5744400/28266712/Deputados+eleitos+e+movimenta%C3%A7%C3%B5es+-+Planilha.xlsx/11f0b744-a69c-bdd1-0437-8d60fc2cf148?t=1740145715216","e entre 17/02/2009 e 06/04/2009 para assumir a presidência da Empresa Brasiliense de Tursimo - BRASILIATUR.","memorial_casa","brutos/cldf_movimentacoes_planilha_2025_leg5.csv","alta","Planilha do SEHIM/CLDF, coluna Documento: Licença Rôney Nemer DCL 11/06/2008 pág.06 AMD 36/2008 Retorno Rôney Nemer DCL 15/12/2008 pág.05 AMD 92/2008 Licença Rôney Nemer DCL 18/02/2009 pág. 03 AMD 010/2009 Retorno Rôney Nemer DCL 07/04/2009 pág. 02 AMD 25/2009","data_raw/assembleias3/DF/eventos.csv",TRUE
"DF","2006","M2006_DF_8_17123_10721","Raimundo Ribeiro","licenca","2007-01-03","dia",,"Secretário de Justiça, Cidadania e Direitos Humanos do DF",,"https://www.cl.df.gov.br/documents/5744400/28266712/Deputados+eleitos+e+movimenta%C3%A7%C3%B5es+-+Planilha.xlsx/11f0b744-a69c-bdd1-0437-8d60fc2cf148?t=1740145715216","Titular. Licenciado nos períodos entre 03/01/2007 e 31/10/2007; 05/12/2007 e 05/08/2008; para assumir a Secretaria de Justiça, Cidadania e Direitos Humanos do GDF.","memorial_casa","brutos/cldf_movimentacoes_planilha_2025_leg5.csv","alta","Planilha do SEHIM/CLDF, coluna Documento: Licença Raimundo Ribeiro DCL 03/01/2007 pág.02 AMD 01/2007 Retorno Raimundo Ribeiro DCL 01/11/2007 pág.05 AMD 88/2007 Licença Raimundo Ribeiro DCL 06/12/2007 pág.57 AMD 104/2007 Retorno Raimundo Ribeiro DCL 06/08/2008 pág.06 AMD 51/2008","data_raw/assembleias3/DF/eventos.csv",TRUE
"DF","2006","M2006_DF_8_17123_10721","Raimundo Ribeiro","retorno","2007-10-31","dia",,,,"https://www.cl.df.gov.br/documents/5744400/28266712/Deputados+eleitos+e+movimenta%C3%A7%C3%B5es+-+Planilha.xlsx/11f0b744-a69c-bdd1-0437-8d60fc2cf148?t=1740145715216","Titular. Licenciado nos períodos entre 03/01/2007 e 31/10/2007; 05/12/2007 e 05/08/2008; para assumir a Secretaria de Justiça, Cidadania e Direitos Humanos do GDF.","memorial_casa","brutos/cldf_movimentacoes_planilha_2025_leg5.csv","alta","Planilha do SEHIM/CLDF, coluna Documento: Licença Raimundo Ribeiro DCL 03/01/2007 pág.02 AMD 01/2007 Retorno Raimundo Ribeiro DCL 01/11/2007 pág.05 AMD 88/2007 Licença Raimundo Ribeiro DCL 06/12/2007 pág.57 AMD 104/2007 Retorno Raimundo Ribeiro DCL 06/08/2008 pág.06 AMD 51/2008","data_raw/assembleias3/DF/eventos.csv",TRUE
"DF","2006","M2006_DF_8_17123_10721","Raimundo Ribeiro","licenca","2007-12-05","dia",,"Secretário de Justiça, Cidadania e Direitos Humanos do DF",,"https://www.cl.df.gov.br/documents/5744400/28266712/Deputados+eleitos+e+movimenta%C3%A7%C3%B5es+-+Planilha.xlsx/11f0b744-a69c-bdd1-0437-8d60fc2cf148?t=1740145715216","Titular. Licenciado nos períodos entre 03/01/2007 e 31/10/2007; 05/12/2007 e 05/08/2008; para assumir a Secretaria de Justiça, Cidadania e Direitos Humanos do GDF.","memorial_casa","brutos/cldf_movimentacoes_planilha_2025_leg5.csv","alta","Planilha do SEHIM/CLDF, coluna Documento: Licença Raimundo Ribeiro DCL 03/01/2007 pág.02 AMD 01/2007 Retorno Raimundo Ribeiro DCL 01/11/2007 pág.05 AMD 88/2007 Licença Raimundo Ribeiro DCL 06/12/2007 pág.57 AMD 104/2007 Retorno Raimundo Ribeiro DCL 06/08/2008 pág.06 AMD 51/2008","data_raw/assembleias3/DF/eventos.csv",TRUE
"DF","2006","M2006_DF_8_17123_10721","Raimundo Ribeiro","retorno","2008-08-05","dia",,,,"https://www.cl.df.gov.br/documents/5744400/28266712/Deputados+eleitos+e+movimenta%C3%A7%C3%B5es+-+Planilha.xlsx/11f0b744-a69c-bdd1-0437-8d60fc2cf148?t=1740145715216","Titular. Licenciado nos períodos entre 03/01/2007 e 31/10/2007; 05/12/2007 e 05/08/2008; para assumir a Secretaria de Justiça, Cidadania e Direitos Humanos do GDF.","memorial_casa","brutos/cldf_movimentacoes_planilha_2025_leg5.csv","alta","Planilha do SEHIM/CLDF, coluna Documento: Licença Raimundo Ribeiro DCL 03/01/2007 pág.02 AMD 01/2007 Retorno Raimundo Ribeiro DCL 01/11/2007 pág.05 AMD 88/2007 Licença Raimundo Ribeiro DCL 06/12/2007 pág.57 AMD 104/2007 Retorno Raimundo Ribeiro DCL 06/08/2008 pág.06 AMD 51/2008","data_raw/assembleias3/DF/eventos.csv",TRUE
"DF","2006","M2006_DF_8_22000_10043","Aguinaldo de Jesus","licenca","2007-08-06","dia",,"Secretário de Esportes do DF",,"https://www.cl.df.gov.br/documents/5744400/28266712/Deputados+eleitos+e+movimenta%C3%A7%C3%B5es+-+Planilha.xlsx/11f0b744-a69c-bdd1-0437-8d60fc2cf148?t=1740145715216","Titular. Licenciado nos períodos entre 06/08/2007 e 02/12/2008; 16/12/2008 e 24/09/2009; e 25/09/2009 e 01/03/2010, para assumir a Secretaria de Esportes do GDF.","memorial_casa","brutos/cldf_movimentacoes_planilha_2025_leg5.csv","alta","Planilha do SEHIM/CLDF, coluna Documento: Licença Aguinaldo de Jesus DCL 09/08/2007 pág. 18 AMD 46/2007 Retorno Aguinaldo de Jesus DCL 15/12/2008 pág. 05 AMD 34/2008 Licença Aguinaldo de Jesus DCL 16/12/2008 pág. 04 AMD 99/2008 Retorno Aguinaldo de Jesus DCL 28/09/2009 pág. 04 AMD 71/2009 Licença Aguinaldo de Jesus DCL 28/09/2009 pág. 05 AMD 73/2009 Retorno Aguinaldo de Jesus DCL 02/03/2010 pág. 04 AMD 18/2010","data_raw/assembleias3/DF/eventos.csv",TRUE
"DF","2006","M2006_DF_8_22000_10043","Aguinaldo de Jesus","retorno","2008-12-02","dia",,,,"https://www.cl.df.gov.br/documents/5744400/28266712/Deputados+eleitos+e+movimenta%C3%A7%C3%B5es+-+Planilha.xlsx/11f0b744-a69c-bdd1-0437-8d60fc2cf148?t=1740145715216","Titular. Licenciado nos períodos entre 06/08/2007 e 02/12/2008; 16/12/2008 e 24/09/2009; e 25/09/2009 e 01/03/2010, para assumir a Secretaria de Esportes do GDF.","memorial_casa","brutos/cldf_movimentacoes_planilha_2025_leg5.csv","alta","Planilha do SEHIM/CLDF, coluna Documento: Licença Aguinaldo de Jesus DCL 09/08/2007 pág. 18 AMD 46/2007 Retorno Aguinaldo de Jesus DCL 15/12/2008 pág. 05 AMD 34/2008 Licença Aguinaldo de Jesus DCL 16/12/2008 pág. 04 AMD 99/2008 Retorno Aguinaldo de Jesus DCL 28/09/2009 pág. 04 AMD 71/2009 Licença Aguinaldo de Jesus DCL 28/09/2009 pág. 05 AMD 73/2009 Retorno Aguinaldo de Jesus DCL 02/03/2010 pág. 04 AMD 18/2010","data_raw/assembleias3/DF/eventos.csv",TRUE
"DF","2006","M2006_DF_8_22000_10043","Aguinaldo de Jesus","licenca","2008-12-16","dia",,"Secretário de Esportes do DF",,"https://www.cl.df.gov.br/documents/5744400/28266712/Deputados+eleitos+e+movimenta%C3%A7%C3%B5es+-+Planilha.xlsx/11f0b744-a69c-bdd1-0437-8d60fc2cf148?t=1740145715216","Titular. Licenciado nos períodos entre 06/08/2007 e 02/12/2008; 16/12/2008 e 24/09/2009; e 25/09/2009 e 01/03/2010, para assumir a Secretaria de Esportes do GDF.","memorial_casa","brutos/cldf_movimentacoes_planilha_2025_leg5.csv","alta","Planilha do SEHIM/CLDF, coluna Documento: Licença Aguinaldo de Jesus DCL 09/08/2007 pág. 18 AMD 46/2007 Retorno Aguinaldo de Jesus DCL 15/12/2008 pág. 05 AMD 34/2008 Licença Aguinaldo de Jesus DCL 16/12/2008 pág. 04 AMD 99/2008 Retorno Aguinaldo de Jesus DCL 28/09/2009 pág. 04 AMD 71/2009 Licença Aguinaldo de Jesus DCL 28/09/2009 pág. 05 AMD 73/2009 Retorno Aguinaldo de Jesus DCL 02/03/2010 pág. 04 AMD 18/2010","data_raw/assembleias3/DF/eventos.csv",TRUE
"DF","2006","M2006_DF_8_22000_10043","Aguinaldo de Jesus","retorno","2009-09-24","dia",,,,"https://www.cl.df.gov.br/documents/5744400/28266712/Deputados+eleitos+e+movimenta%C3%A7%C3%B5es+-+Planilha.xlsx/11f0b744-a69c-bdd1-0437-8d60fc2cf148?t=1740145715216","Titular. Licenciado nos períodos entre 06/08/2007 e 02/12/2008; 16/12/2008 e 24/09/2009; e 25/09/2009 e 01/03/2010, para assumir a Secretaria de Esportes do GDF.","memorial_casa","brutos/cldf_movimentacoes_planilha_2025_leg5.csv","alta","Planilha do SEHIM/CLDF, coluna Documento: Licença Aguinaldo de Jesus DCL 09/08/2007 pág. 18 AMD 46/2007 Retorno Aguinaldo de Jesus DCL 15/12/2008 pág. 05 AMD 34/2008 Licença Aguinaldo de Jesus DCL 16/12/2008 pág. 04 AMD 99/2008 Retorno Aguinaldo de Jesus DCL 28/09/2009 pág. 04 AMD 71/2009 Licença Aguinaldo de Jesus DCL 28/09/2009 pág. 05 AMD 73/2009 Retorno Aguinaldo de Jesus DCL 02/03/2010 pág. 04 AMD 18/2010","data_raw/assembleias3/DF/eventos.csv",TRUE
"DF","2006","M2006_DF_8_22000_10043","Aguinaldo de Jesus","licenca","2009-09-25","dia",,"Secretário de Esportes do DF",,"https://www.cl.df.gov.br/documents/5744400/28266712/Deputados+eleitos+e+movimenta%C3%A7%C3%B5es+-+Planilha.xlsx/11f0b744-a69c-bdd1-0437-8d60fc2cf148?t=1740145715216","Titular. Licenciado nos períodos entre 06/08/2007 e 02/12/2008; 16/12/2008 e 24/09/2009; e 25/09/2009 e 01/03/2010, para assumir a Secretaria de Esportes do GDF.","memorial_casa","brutos/cldf_movimentacoes_planilha_2025_leg5.csv","alta","Planilha do SEHIM/CLDF, coluna Documento: Licença Aguinaldo de Jesus DCL 09/08/2007 pág. 18 AMD 46/2007 Retorno Aguinaldo de Jesus DCL 15/12/2008 pág. 05 AMD 34/2008 Licença Aguinaldo de Jesus DCL 16/12/2008 pág. 04 AMD 99/2008 Retorno Aguinaldo de Jesus DCL 28/09/2009 pág. 04 AMD 71/2009 Licença Aguinaldo de Jesus DCL 28/09/2009 pág. 05 AMD 73/2009 Retorno Aguinaldo de Jesus DCL 02/03/2010 pág. 04 AMD 18/2010","data_raw/assembleias3/DF/eventos.csv",TRUE
"DF","2006","M2006_DF_8_22000_10043","Aguinaldo de Jesus","retorno","2010-03-01","dia",,,,"https://www.cl.df.gov.br/documents/5744400/28266712/Deputados+eleitos+e+movimenta%C3%A7%C3%B5es+-+Planilha.xlsx/11f0b744-a69c-bdd1-0437-8d60fc2cf148?t=1740145715216","Titular. Licenciado nos períodos entre 06/08/2007 e 02/12/2008; 16/12/2008 e 24/09/2009; e 25/09/2009 e 01/03/2010, para assumir a Secretaria de Esportes do GDF.","memorial_casa","brutos/cldf_movimentacoes_planilha_2025_leg5.csv","alta","Planilha do SEHIM/CLDF, coluna Documento: Licença Aguinaldo de Jesus DCL 09/08/2007 pág. 18 AMD 46/2007 Retorno Aguinaldo de Jesus DCL 15/12/2008 pág. 05 AMD 34/2008 Licença Aguinaldo de Jesus DCL 16/12/2008 pág. 04 AMD 99/2008 Retorno Aguinaldo de Jesus DCL 28/09/2009 pág. 04 AMD 71/2009 Licença Aguinaldo de Jesus DCL 28/09/2009 pág. 05 AMD 73/2009 Retorno Aguinaldo de Jesus DCL 02/03/2010 pág. 04 AMD 18/2010","data_raw/assembleias3/DF/eventos.csv",TRUE
"DF","2006","M2006_DF_8_23456_10093","Alírio Neto","licenca","2009-02-12","dia",,"Secretário de Justiça, Direitos Humanos e Cidadania do DF",,"https://www.cl.df.gov.br/documents/5744400/28266712/Deputados+eleitos+e+movimenta%C3%A7%C3%B5es+-+Planilha.xlsx/11f0b744-a69c-bdd1-0437-8d60fc2cf148?t=1740145715216","Titular. Licenciado nos períodos entre 12/02/2009 e 24/09/2009; e entre 25/09/2009 e 02/12/2009, para assumir a Secretario de justiça, Direitos Humanos e Cidadania do GDF.","memorial_casa","brutos/cldf_movimentacoes_planilha_2025_leg5.csv","alta","Planilha do SEHIM/CLDF, coluna Documento: Licença Alírio Neto DCL 13/02/2009 pág. 03 AMD 08/2009 Licença Alírio Neto DCL 28/09/2009 pág. 05 AMD 75/2009 Retorno Alírio Neto DCL 02/10/2009 pág. 03 AMD 75/2009 Retorno Alírio Neto DCL 04/12/2009 pág. 06 AMD 118/2009","data_raw/assembleias3/DF/eventos.csv",TRUE
"DF","2006","M2006_DF_8_23456_10093","Alírio Neto","retorno","2009-09-24","dia",,,,"https://www.cl.df.gov.br/documents/5744400/28266712/Deputados+eleitos+e+movimenta%C3%A7%C3%B5es+-+Planilha.xlsx/11f0b744-a69c-bdd1-0437-8d60fc2cf148?t=1740145715216","Titular. Licenciado nos períodos entre 12/02/2009 e 24/09/2009; e entre 25/09/2009 e 02/12/2009, para assumir a Secretario de justiça, Direitos Humanos e Cidadania do GDF.","memorial_casa","brutos/cldf_movimentacoes_planilha_2025_leg5.csv","alta","Planilha do SEHIM/CLDF, coluna Documento: Licença Alírio Neto DCL 13/02/2009 pág. 03 AMD 08/2009 Licença Alírio Neto DCL 28/09/2009 pág. 05 AMD 75/2009 Retorno Alírio Neto DCL 02/10/2009 pág. 03 AMD 75/2009 Retorno Alírio Neto DCL 04/12/2009 pág. 06 AMD 118/2009","data_raw/assembleias3/DF/eventos.csv",TRUE
"DF","2006","M2006_DF_8_23456_10093","Alírio Neto","licenca","2009-09-25","dia",,"Secretário de Justiça, Direitos Humanos e Cidadania do DF",,"https://www.cl.df.gov.br/documents/5744400/28266712/Deputados+eleitos+e+movimenta%C3%A7%C3%B5es+-+Planilha.xlsx/11f0b744-a69c-bdd1-0437-8d60fc2cf148?t=1740145715216","Titular. Licenciado nos períodos entre 12/02/2009 e 24/09/2009; e entre 25/09/2009 e 02/12/2009, para assumir a Secretario de justiça, Direitos Humanos e Cidadania do GDF.","memorial_casa","brutos/cldf_movimentacoes_planilha_2025_leg5.csv","alta","Planilha do SEHIM/CLDF, coluna Documento: Licença Alírio Neto DCL 13/02/2009 pág. 03 AMD 08/2009 Licença Alírio Neto DCL 28/09/2009 pág. 05 AMD 75/2009 Retorno Alírio Neto DCL 02/10/2009 pág. 03 AMD 75/2009 Retorno Alírio Neto DCL 04/12/2009 pág. 06 AMD 118/2009","data_raw/assembleias3/DF/eventos.csv",TRUE
"DF","2006","M2006_DF_8_23456_10093","Alírio Neto","retorno","2009-12-02","dia",,,,"https://www.cl.df.gov.br/documents/5744400/28266712/Deputados+eleitos+e+movimenta%C3%A7%C3%B5es+-+Planilha.xlsx/11f0b744-a69c-bdd1-0437-8d60fc2cf148?t=1740145715216","Titular. Licenciado nos períodos entre 12/02/2009 e 24/09/2009; e entre 25/09/2009 e 02/12/2009, para assumir a Secretario de justiça, Direitos Humanos e Cidadania do GDF.","memorial_casa","brutos/cldf_movimentacoes_planilha_2025_leg5.csv","alta","Planilha do SEHIM/CLDF, coluna Documento: Licença Alírio Neto DCL 13/02/2009 pág. 03 AMD 08/2009 Licença Alírio Neto DCL 28/09/2009 pág. 05 AMD 75/2009 Retorno Alírio Neto DCL 02/10/2009 pág. 03 AMD 75/2009 Retorno Alírio Neto DCL 04/12/2009 pág. 06 AMD 118/2009","data_raw/assembleias3/DF/eventos.csv",TRUE
"DF","2006","M2006_DF_8_25123_10293","Paulo Roriz","licenca","2008-08-21","dia",,"Secretário de Habitação do DF",,"https://www.cl.df.gov.br/documents/5744400/28266712/Deputados+eleitos+e+movimenta%C3%A7%C3%B5es+-+Planilha.xlsx/11f0b744-a69c-bdd1-0437-8d60fc2cf148?t=1740145715216","Titular. Licenciado entre 21/08/2008 e 02/12/2008, 22/01/2009 e 24/09/2009, 25/09/2009 e 29/10/2009, 03/11/2009 e 08/12/2009, e 17/12/2009 e 09/02/2010, para assumir a Secretaria de Habitação do GDF.","memorial_casa","brutos/cldf_movimentacoes_planilha_2025_leg5.csv","alta","Planilha do SEHIM/CLDF, coluna Documento: Licença Paulo Roriz DCL 20/08/2008 pág. 05 AMD 54/2008 Retorno Paulo Roriz DCL 15/12/2008 pág.04 AMD 90/2008 Licença Paulo Roriz DCL 23/01/2009 pág.02 AMD 004/2009 Retorno Paulo Roriz DCL 28/09/2009 pág.04 AMD 69/2009 Licença Paulo Roriz DCL 28/09/2009 pág. 06 AMD 79/2009 Retorno Paulo Roriz DCL 04/11/2009 pág. 04 AMD 102/2009 Licença Paulo Roriz DCL 04/11/2009 pág.05 AMD 104/2009 Retorno Paulo Roriz DCL 10/12/2009 pág. 15 AMD 125/2009 Licença Paulo Roriz DCL 22/12/2009 pág. 26 AMD 131/2009 Retorno Paulo Roriz DCL 10/02/2010 pág.03 AMD 06/2010","data_raw/assembleias3/DF/eventos.csv",TRUE
"DF","2006","M2006_DF_8_25123_10293","Paulo Roriz","retorno","2008-12-02","dia",,,,"https://www.cl.df.gov.br/documents/5744400/28266712/Deputados+eleitos+e+movimenta%C3%A7%C3%B5es+-+Planilha.xlsx/11f0b744-a69c-bdd1-0437-8d60fc2cf148?t=1740145715216","Titular. Licenciado entre 21/08/2008 e 02/12/2008, 22/01/2009 e 24/09/2009, 25/09/2009 e 29/10/2009, 03/11/2009 e 08/12/2009, e 17/12/2009 e 09/02/2010, para assumir a Secretaria de Habitação do GDF.","memorial_casa","brutos/cldf_movimentacoes_planilha_2025_leg5.csv","alta","Planilha do SEHIM/CLDF, coluna Documento: Licença Paulo Roriz DCL 20/08/2008 pág. 05 AMD 54/2008 Retorno Paulo Roriz DCL 15/12/2008 pág.04 AMD 90/2008 Licença Paulo Roriz DCL 23/01/2009 pág.02 AMD 004/2009 Retorno Paulo Roriz DCL 28/09/2009 pág.04 AMD 69/2009 Licença Paulo Roriz DCL 28/09/2009 pág. 06 AMD 79/2009 Retorno Paulo Roriz DCL 04/11/2009 pág. 04 AMD 102/2009 Licença Paulo Roriz DCL 04/11/2009 pág.05 AMD 104/2009 Retorno Paulo Roriz DCL 10/12/2009 pág. 15 AMD 125/2009 Licença Paulo Roriz DCL 22/12/2009 pág. 26 AMD 131/2009 Retorno Paulo Roriz DCL 10/02/2010 pág.03 AMD 06/2010","data_raw/assembleias3/DF/eventos.csv",TRUE
"DF","2006","M2006_DF_8_25123_10293","Paulo Roriz","licenca","2009-01-22","dia",,"Secretário de Habitação do DF",,"https://www.cl.df.gov.br/documents/5744400/28266712/Deputados+eleitos+e+movimenta%C3%A7%C3%B5es+-+Planilha.xlsx/11f0b744-a69c-bdd1-0437-8d60fc2cf148?t=1740145715216","Titular. Licenciado entre 21/08/2008 e 02/12/2008, 22/01/2009 e 24/09/2009, 25/09/2009 e 29/10/2009, 03/11/2009 e 08/12/2009, e 17/12/2009 e 09/02/2010, para assumir a Secretaria de Habitação do GDF.","memorial_casa","brutos/cldf_movimentacoes_planilha_2025_leg5.csv","alta","Planilha do SEHIM/CLDF, coluna Documento: Licença Paulo Roriz DCL 20/08/2008 pág. 05 AMD 54/2008 Retorno Paulo Roriz DCL 15/12/2008 pág.04 AMD 90/2008 Licença Paulo Roriz DCL 23/01/2009 pág.02 AMD 004/2009 Retorno Paulo Roriz DCL 28/09/2009 pág.04 AMD 69/2009 Licença Paulo Roriz DCL 28/09/2009 pág. 06 AMD 79/2009 Retorno Paulo Roriz DCL 04/11/2009 pág. 04 AMD 102/2009 Licença Paulo Roriz DCL 04/11/2009 pág.05 AMD 104/2009 Retorno Paulo Roriz DCL 10/12/2009 pág. 15 AMD 125/2009 Licença Paulo Roriz DCL 22/12/2009 pág. 26 AMD 131/2009 Retorno Paulo Roriz DCL 10/02/2010 pág.03 AMD 06/2010","data_raw/assembleias3/DF/eventos.csv",TRUE
"DF","2006","M2006_DF_8_25123_10293","Paulo Roriz","retorno","2009-09-24","dia",,,,"https://www.cl.df.gov.br/documents/5744400/28266712/Deputados+eleitos+e+movimenta%C3%A7%C3%B5es+-+Planilha.xlsx/11f0b744-a69c-bdd1-0437-8d60fc2cf148?t=1740145715216","Titular. Licenciado entre 21/08/2008 e 02/12/2008, 22/01/2009 e 24/09/2009, 25/09/2009 e 29/10/2009, 03/11/2009 e 08/12/2009, e 17/12/2009 e 09/02/2010, para assumir a Secretaria de Habitação do GDF.","memorial_casa","brutos/cldf_movimentacoes_planilha_2025_leg5.csv","alta","Planilha do SEHIM/CLDF, coluna Documento: Licença Paulo Roriz DCL 20/08/2008 pág. 05 AMD 54/2008 Retorno Paulo Roriz DCL 15/12/2008 pág.04 AMD 90/2008 Licença Paulo Roriz DCL 23/01/2009 pág.02 AMD 004/2009 Retorno Paulo Roriz DCL 28/09/2009 pág.04 AMD 69/2009 Licença Paulo Roriz DCL 28/09/2009 pág. 06 AMD 79/2009 Retorno Paulo Roriz DCL 04/11/2009 pág. 04 AMD 102/2009 Licença Paulo Roriz DCL 04/11/2009 pág.05 AMD 104/2009 Retorno Paulo Roriz DCL 10/12/2009 pág. 15 AMD 125/2009 Licença Paulo Roriz DCL 22/12/2009 pág. 26 AMD 131/2009 Retorno Paulo Roriz DCL 10/02/2010 pág.03 AMD 06/2010","data_raw/assembleias3/DF/eventos.csv",TRUE
"DF","2006","M2006_DF_8_25123_10293","Paulo Roriz","licenca","2009-09-25","dia",,"Secretário de Habitação do DF",,"https://www.cl.df.gov.br/documents/5744400/28266712/Deputados+eleitos+e+movimenta%C3%A7%C3%B5es+-+Planilha.xlsx/11f0b744-a69c-bdd1-0437-8d60fc2cf148?t=1740145715216","Titular. Licenciado entre 21/08/2008 e 02/12/2008, 22/01/2009 e 24/09/2009, 25/09/2009 e 29/10/2009, 03/11/2009 e 08/12/2009, e 17/12/2009 e 09/02/2010, para assumir a Secretaria de Habitação do GDF.","memorial_casa","brutos/cldf_movimentacoes_planilha_2025_leg5.csv","alta","Planilha do SEHIM/CLDF, coluna Documento: Licença Paulo Roriz DCL 20/08/2008 pág. 05 AMD 54/2008 Retorno Paulo Roriz DCL 15/12/2008 pág.04 AMD 90/2008 Licença Paulo Roriz DCL 23/01/2009 pág.02 AMD 004/2009 Retorno Paulo Roriz DCL 28/09/2009 pág.04 AMD 69/2009 Licença Paulo Roriz DCL 28/09/2009 pág. 06 AMD 79/2009 Retorno Paulo Roriz DCL 04/11/2009 pág. 04 AMD 102/2009 Licença Paulo Roriz DCL 04/11/2009 pág.05 AMD 104/2009 Retorno Paulo Roriz DCL 10/12/2009 pág. 15 AMD 125/2009 Licença Paulo Roriz DCL 22/12/2009 pág. 26 AMD 131/2009 Retorno Paulo Roriz DCL 10/02/2010 pág.03 AMD 06/2010","data_raw/assembleias3/DF/eventos.csv",TRUE
"DF","2006","M2006_DF_8_25123_10293","Paulo Roriz","retorno","2009-10-29","dia",,,,"https://www.cl.df.gov.br/documents/5744400/28266712/Deputados+eleitos+e+movimenta%C3%A7%C3%B5es+-+Planilha.xlsx/11f0b744-a69c-bdd1-0437-8d60fc2cf148?t=1740145715216","Titular. Licenciado entre 21/08/2008 e 02/12/2008, 22/01/2009 e 24/09/2009, 25/09/2009 e 29/10/2009, 03/11/2009 e 08/12/2009, e 17/12/2009 e 09/02/2010, para assumir a Secretaria de Habitação do GDF.","memorial_casa","brutos/cldf_movimentacoes_planilha_2025_leg5.csv","alta","Planilha do SEHIM/CLDF, coluna Documento: Licença Paulo Roriz DCL 20/08/2008 pág. 05 AMD 54/2008 Retorno Paulo Roriz DCL 15/12/2008 pág.04 AMD 90/2008 Licença Paulo Roriz DCL 23/01/2009 pág.02 AMD 004/2009 Retorno Paulo Roriz DCL 28/09/2009 pág.04 AMD 69/2009 Licença Paulo Roriz DCL 28/09/2009 pág. 06 AMD 79/2009 Retorno Paulo Roriz DCL 04/11/2009 pág. 04 AMD 102/2009 Licença Paulo Roriz DCL 04/11/2009 pág.05 AMD 104/2009 Retorno Paulo Roriz DCL 10/12/2009 pág. 15 AMD 125/2009 Licença Paulo Roriz DCL 22/12/2009 pág. 26 AMD 131/2009 Retorno Paulo Roriz DCL 10/02/2010 pág.03 AMD 06/2010","data_raw/assembleias3/DF/eventos.csv",TRUE
"DF","2006","M2006_DF_8_25123_10293","Paulo Roriz","licenca","2009-11-03","dia",,"Secretário de Habitação do DF",,"https://www.cl.df.gov.br/documents/5744400/28266712/Deputados+eleitos+e+movimenta%C3%A7%C3%B5es+-+Planilha.xlsx/11f0b744-a69c-bdd1-0437-8d60fc2cf148?t=1740145715216","Titular. Licenciado entre 21/08/2008 e 02/12/2008, 22/01/2009 e 24/09/2009, 25/09/2009 e 29/10/2009, 03/11/2009 e 08/12/2009, e 17/12/2009 e 09/02/2010, para assumir a Secretaria de Habitação do GDF.","memorial_casa","brutos/cldf_movimentacoes_planilha_2025_leg5.csv","alta","Planilha do SEHIM/CLDF, coluna Documento: Licença Paulo Roriz DCL 20/08/2008 pág. 05 AMD 54/2008 Retorno Paulo Roriz DCL 15/12/2008 pág.04 AMD 90/2008 Licença Paulo Roriz DCL 23/01/2009 pág.02 AMD 004/2009 Retorno Paulo Roriz DCL 28/09/2009 pág.04 AMD 69/2009 Licença Paulo Roriz DCL 28/09/2009 pág. 06 AMD 79/2009 Retorno Paulo Roriz DCL 04/11/2009 pág. 04 AMD 102/2009 Licença Paulo Roriz DCL 04/11/2009 pág.05 AMD 104/2009 Retorno Paulo Roriz DCL 10/12/2009 pág. 15 AMD 125/2009 Licença Paulo Roriz DCL 22/12/2009 pág. 26 AMD 131/2009 Retorno Paulo Roriz DCL 10/02/2010 pág.03 AMD 06/2010","data_raw/assembleias3/DF/eventos.csv",TRUE
"DF","2006","M2006_DF_8_25123_10293","Paulo Roriz","retorno","2009-12-08","dia",,,,"https://www.cl.df.gov.br/documents/5744400/28266712/Deputados+eleitos+e+movimenta%C3%A7%C3%B5es+-+Planilha.xlsx/11f0b744-a69c-bdd1-0437-8d60fc2cf148?t=1740145715216","Titular. Licenciado entre 21/08/2008 e 02/12/2008, 22/01/2009 e 24/09/2009, 25/09/2009 e 29/10/2009, 03/11/2009 e 08/12/2009, e 17/12/2009 e 09/02/2010, para assumir a Secretaria de Habitação do GDF.","memorial_casa","brutos/cldf_movimentacoes_planilha_2025_leg5.csv","alta","Planilha do SEHIM/CLDF, coluna Documento: Licença Paulo Roriz DCL 20/08/2008 pág. 05 AMD 54/2008 Retorno Paulo Roriz DCL 15/12/2008 pág.04 AMD 90/2008 Licença Paulo Roriz DCL 23/01/2009 pág.02 AMD 004/2009 Retorno Paulo Roriz DCL 28/09/2009 pág.04 AMD 69/2009 Licença Paulo Roriz DCL 28/09/2009 pág. 06 AMD 79/2009 Retorno Paulo Roriz DCL 04/11/2009 pág. 04 AMD 102/2009 Licença Paulo Roriz DCL 04/11/2009 pág.05 AMD 104/2009 Retorno Paulo Roriz DCL 10/12/2009 pág. 15 AMD 125/2009 Licença Paulo Roriz DCL 22/12/2009 pág. 26 AMD 131/2009 Retorno Paulo Roriz DCL 10/02/2010 pág.03 AMD 06/2010","data_raw/assembleias3/DF/eventos.csv",TRUE
"DF","2006","M2006_DF_8_25123_10293","Paulo Roriz","licenca","2009-12-17","dia",,"Secretário de Habitação do DF",,"https://www.cl.df.gov.br/documents/5744400/28266712/Deputados+eleitos+e+movimenta%C3%A7%C3%B5es+-+Planilha.xlsx/11f0b744-a69c-bdd1-0437-8d60fc2cf148?t=1740145715216","Titular. Licenciado entre 21/08/2008 e 02/12/2008, 22/01/2009 e 24/09/2009, 25/09/2009 e 29/10/2009, 03/11/2009 e 08/12/2009, e 17/12/2009 e 09/02/2010, para assumir a Secretaria de Habitação do GDF.","memorial_casa","brutos/cldf_movimentacoes_planilha_2025_leg5.csv","alta","Planilha do SEHIM/CLDF, coluna Documento: Licença Paulo Roriz DCL 20/08/2008 pág. 05 AMD 54/2008 Retorno Paulo Roriz DCL 15/12/2008 pág.04 AMD 90/2008 Licença Paulo Roriz DCL 23/01/2009 pág.02 AMD 004/2009 Retorno Paulo Roriz DCL 28/09/2009 pág.04 AMD 69/2009 Licença Paulo Roriz DCL 28/09/2009 pág. 06 AMD 79/2009 Retorno Paulo Roriz DCL 04/11/2009 pág. 04 AMD 102/2009 Licença Paulo Roriz DCL 04/11/2009 pág.05 AMD 104/2009 Retorno Paulo Roriz DCL 10/12/2009 pág. 15 AMD 125/2009 Licença Paulo Roriz DCL 22/12/2009 pág. 26 AMD 131/2009 Retorno Paulo Roriz DCL 10/02/2010 pág.03 AMD 06/2010","data_raw/assembleias3/DF/eventos.csv",TRUE
"DF","2006","M2006_DF_8_25123_10293","Paulo Roriz","retorno","2010-02-09","dia",,,,"https://www.cl.df.gov.br/documents/5744400/28266712/Deputados+eleitos+e+movimenta%C3%A7%C3%B5es+-+Planilha.xlsx/11f0b744-a69c-bdd1-0437-8d60fc2cf148?t=1740145715216","Titular. Licenciado entre 21/08/2008 e 02/12/2008, 22/01/2009 e 24/09/2009, 25/09/2009 e 29/10/2009, 03/11/2009 e 08/12/2009, e 17/12/2009 e 09/02/2010, para assumir a Secretaria de Habitação do GDF.","memorial_casa","brutos/cldf_movimentacoes_planilha_2025_leg5.csv","alta","Planilha do SEHIM/CLDF, coluna Documento: Licença Paulo Roriz DCL 20/08/2008 pág. 05 AMD 54/2008 Retorno Paulo Roriz DCL 15/12/2008 pág.04 AMD 90/2008 Licença Paulo Roriz DCL 23/01/2009 pág.02 AMD 004/2009 Retorno Paulo Roriz DCL 28/09/2009 pág.04 AMD 69/2009 Licença Paulo Roriz DCL 28/09/2009 pág. 06 AMD 79/2009 Retorno Paulo Roriz DCL 04/11/2009 pág. 04 AMD 102/2009 Licença Paulo Roriz DCL 04/11/2009 pág.05 AMD 104/2009 Retorno Paulo Roriz DCL 10/12/2009 pág. 15 AMD 125/2009 Licença Paulo Roriz DCL 22/12/2009 pág. 26 AMD 131/2009 Retorno Paulo Roriz DCL 10/02/2010 pág.03 AMD 06/2010","data_raw/assembleias3/DF/eventos.csv",TRUE
"DF","2006","M2006_DF_8_25125_10294","Eliana Pedrosa","licenca","2007-01-02","dia",,"Secretária de Desenvolvimento Social e Trabalho do DF",,"https://www.cl.df.gov.br/documents/5744400/28266712/Deputados+eleitos+e+movimenta%C3%A7%C3%B5es+-+Planilha.xlsx/11f0b744-a69c-bdd1-0437-8d60fc2cf148?t=1740145715216","Licenciada nos períodos entre 02/01/2007 e 29/08/2007; 13/09/2007 e 31/10/2007; 20/12/2007 e 23/06/2008 para assumir a Secretaria de Desenvolvimento Social e Trabalho do GDF","memorial_casa","brutos/cldf_movimentacoes_planilha_2025_leg5.csv","alta","Planilha do SEHIM/CLDF, coluna Documento: Licença Eliana Pedrosa DCL 04/01/2007 pág. 14 AMD 03/2007 Retorno Eliana Pedrosa DCL 30/08/2007 pág. 34 AMD 58/2007 Licença Eliana Pedrosa DCL 14/09/2007 pág. 14 AMD 62/2007 Retorno Eliana Pedrosa DCL 01/11/2007 pág. 06 AMD 90/2007 Licença Eliana Pedrosa DCL 21/12/2007 pág. 05 AMD 115/2007 Retorno Eliana Pedrosa DCL 23/06/2008 pág. 07 AMD 42/2008 Licença Eliana Pedrosa DCL 15/08/2008 pág. 01 AMD 52/2008 Retorno Eliana Pedrosa DCL 15/12/2008 pág. 03 AMD 84/2008 Licença Eliana Pedrosa DCL 23/01/2009 pág. 01 AMD 002/2009 Retorno Eliana Pedrosa DCL 01/10/2009 pág. 08 AMD 83/2009 Licença Eliana Pedrosa DCL 23/10/2009 pág. 01 AMD 96/2009 Retorno Eliana Pedrosa DCL 09/12/2009 pág. 03 AMD 121/2009","data_raw/assembleias3/DF/eventos.csv",TRUE
"DF","2006","M2006_DF_8_25125_10294","Eliana Pedrosa","retorno","2007-08-29","dia",,,,"https://www.cl.df.gov.br/documents/5744400/28266712/Deputados+eleitos+e+movimenta%C3%A7%C3%B5es+-+Planilha.xlsx/11f0b744-a69c-bdd1-0437-8d60fc2cf148?t=1740145715216","Licenciada nos períodos entre 02/01/2007 e 29/08/2007; 13/09/2007 e 31/10/2007; 20/12/2007 e 23/06/2008 para assumir a Secretaria de Desenvolvimento Social e Trabalho do GDF","memorial_casa","brutos/cldf_movimentacoes_planilha_2025_leg5.csv","alta","Planilha do SEHIM/CLDF, coluna Documento: Licença Eliana Pedrosa DCL 04/01/2007 pág. 14 AMD 03/2007 Retorno Eliana Pedrosa DCL 30/08/2007 pág. 34 AMD 58/2007 Licença Eliana Pedrosa DCL 14/09/2007 pág. 14 AMD 62/2007 Retorno Eliana Pedrosa DCL 01/11/2007 pág. 06 AMD 90/2007 Licença Eliana Pedrosa DCL 21/12/2007 pág. 05 AMD 115/2007 Retorno Eliana Pedrosa DCL 23/06/2008 pág. 07 AMD 42/2008 Licença Eliana Pedrosa DCL 15/08/2008 pág. 01 AMD 52/2008 Retorno Eliana Pedrosa DCL 15/12/2008 pág. 03 AMD 84/2008 Licença Eliana Pedrosa DCL 23/01/2009 pág. 01 AMD 002/2009 Retorno Eliana Pedrosa DCL 01/10/2009 pág. 08 AMD 83/2009 Licença Eliana Pedrosa DCL 23/10/2009 pág. 01 AMD 96/2009 Retorno Eliana Pedrosa DCL 09/12/2009 pág. 03 AMD 121/2009","data_raw/assembleias3/DF/eventos.csv",TRUE
"DF","2006","M2006_DF_8_25125_10294","Eliana Pedrosa","licenca","2007-09-13","dia",,"Secretária de Desenvolvimento Social e Trabalho do DF",,"https://www.cl.df.gov.br/documents/5744400/28266712/Deputados+eleitos+e+movimenta%C3%A7%C3%B5es+-+Planilha.xlsx/11f0b744-a69c-bdd1-0437-8d60fc2cf148?t=1740145715216","Licenciada nos períodos entre 02/01/2007 e 29/08/2007; 13/09/2007 e 31/10/2007; 20/12/2007 e 23/06/2008 para assumir a Secretaria de Desenvolvimento Social e Trabalho do GDF","memorial_casa","brutos/cldf_movimentacoes_planilha_2025_leg5.csv","alta","Planilha do SEHIM/CLDF, coluna Documento: Licença Eliana Pedrosa DCL 04/01/2007 pág. 14 AMD 03/2007 Retorno Eliana Pedrosa DCL 30/08/2007 pág. 34 AMD 58/2007 Licença Eliana Pedrosa DCL 14/09/2007 pág. 14 AMD 62/2007 Retorno Eliana Pedrosa DCL 01/11/2007 pág. 06 AMD 90/2007 Licença Eliana Pedrosa DCL 21/12/2007 pág. 05 AMD 115/2007 Retorno Eliana Pedrosa DCL 23/06/2008 pág. 07 AMD 42/2008 Licença Eliana Pedrosa DCL 15/08/2008 pág. 01 AMD 52/2008 Retorno Eliana Pedrosa DCL 15/12/2008 pág. 03 AMD 84/2008 Licença Eliana Pedrosa DCL 23/01/2009 pág. 01 AMD 002/2009 Retorno Eliana Pedrosa DCL 01/10/2009 pág. 08 AMD 83/2009 Licença Eliana Pedrosa DCL 23/10/2009 pág. 01 AMD 96/2009 Retorno Eliana Pedrosa DCL 09/12/2009 pág. 03 AMD 121/2009","data_raw/assembleias3/DF/eventos.csv",TRUE
"DF","2006","M2006_DF_8_25125_10294","Eliana Pedrosa","retorno","2007-10-31","dia",,,,"https://www.cl.df.gov.br/documents/5744400/28266712/Deputados+eleitos+e+movimenta%C3%A7%C3%B5es+-+Planilha.xlsx/11f0b744-a69c-bdd1-0437-8d60fc2cf148?t=1740145715216","Licenciada nos períodos entre 02/01/2007 e 29/08/2007; 13/09/2007 e 31/10/2007; 20/12/2007 e 23/06/2008 para assumir a Secretaria de Desenvolvimento Social e Trabalho do GDF","memorial_casa","brutos/cldf_movimentacoes_planilha_2025_leg5.csv","alta","Planilha do SEHIM/CLDF, coluna Documento: Licença Eliana Pedrosa DCL 04/01/2007 pág. 14 AMD 03/2007 Retorno Eliana Pedrosa DCL 30/08/2007 pág. 34 AMD 58/2007 Licença Eliana Pedrosa DCL 14/09/2007 pág. 14 AMD 62/2007 Retorno Eliana Pedrosa DCL 01/11/2007 pág. 06 AMD 90/2007 Licença Eliana Pedrosa DCL 21/12/2007 pág. 05 AMD 115/2007 Retorno Eliana Pedrosa DCL 23/06/2008 pág. 07 AMD 42/2008 Licença Eliana Pedrosa DCL 15/08/2008 pág. 01 AMD 52/2008 Retorno Eliana Pedrosa DCL 15/12/2008 pág. 03 AMD 84/2008 Licença Eliana Pedrosa DCL 23/01/2009 pág. 01 AMD 002/2009 Retorno Eliana Pedrosa DCL 01/10/2009 pág. 08 AMD 83/2009 Licença Eliana Pedrosa DCL 23/10/2009 pág. 01 AMD 96/2009 Retorno Eliana Pedrosa DCL 09/12/2009 pág. 03 AMD 121/2009","data_raw/assembleias3/DF/eventos.csv",TRUE
"DF","2006","M2006_DF_8_25125_10294","Eliana Pedrosa","licenca","2007-12-20","dia",,"Secretária de Desenvolvimento Social e Trabalho do DF",,"https://www.cl.df.gov.br/documents/5744400/28266712/Deputados+eleitos+e+movimenta%C3%A7%C3%B5es+-+Planilha.xlsx/11f0b744-a69c-bdd1-0437-8d60fc2cf148?t=1740145715216","Licenciada nos períodos entre 02/01/2007 e 29/08/2007; 13/09/2007 e 31/10/2007; 20/12/2007 e 23/06/2008 para assumir a Secretaria de Desenvolvimento Social e Trabalho do GDF","memorial_casa","brutos/cldf_movimentacoes_planilha_2025_leg5.csv","alta","Planilha do SEHIM/CLDF, coluna Documento: Licença Eliana Pedrosa DCL 04/01/2007 pág. 14 AMD 03/2007 Retorno Eliana Pedrosa DCL 30/08/2007 pág. 34 AMD 58/2007 Licença Eliana Pedrosa DCL 14/09/2007 pág. 14 AMD 62/2007 Retorno Eliana Pedrosa DCL 01/11/2007 pág. 06 AMD 90/2007 Licença Eliana Pedrosa DCL 21/12/2007 pág. 05 AMD 115/2007 Retorno Eliana Pedrosa DCL 23/06/2008 pág. 07 AMD 42/2008 Licença Eliana Pedrosa DCL 15/08/2008 pág. 01 AMD 52/2008 Retorno Eliana Pedrosa DCL 15/12/2008 pág. 03 AMD 84/2008 Licença Eliana Pedrosa DCL 23/01/2009 pág. 01 AMD 002/2009 Retorno Eliana Pedrosa DCL 01/10/2009 pág. 08 AMD 83/2009 Licença Eliana Pedrosa DCL 23/10/2009 pág. 01 AMD 96/2009 Retorno Eliana Pedrosa DCL 09/12/2009 pág. 03 AMD 121/2009","data_raw/assembleias3/DF/eventos.csv",TRUE
"DF","2006","M2006_DF_8_25125_10294","Eliana Pedrosa","retorno","2008-06-23","dia",,,,"https://www.cl.df.gov.br/documents/5744400/28266712/Deputados+eleitos+e+movimenta%C3%A7%C3%B5es+-+Planilha.xlsx/11f0b744-a69c-bdd1-0437-8d60fc2cf148?t=1740145715216","Licenciada nos períodos entre 02/01/2007 e 29/08/2007; 13/09/2007 e 31/10/2007; 20/12/2007 e 23/06/2008 para assumir a Secretaria de Desenvolvimento Social e Trabalho do GDF","memorial_casa","brutos/cldf_movimentacoes_planilha_2025_leg5.csv","alta","Planilha do SEHIM/CLDF, coluna Documento: Licença Eliana Pedrosa DCL 04/01/2007 pág. 14 AMD 03/2007 Retorno Eliana Pedrosa DCL 30/08/2007 pág. 34 AMD 58/2007 Licença Eliana Pedrosa DCL 14/09/2007 pág. 14 AMD 62/2007 Retorno Eliana Pedrosa DCL 01/11/2007 pág. 06 AMD 90/2007 Licença Eliana Pedrosa DCL 21/12/2007 pág. 05 AMD 115/2007 Retorno Eliana Pedrosa DCL 23/06/2008 pág. 07 AMD 42/2008 Licença Eliana Pedrosa DCL 15/08/2008 pág. 01 AMD 52/2008 Retorno Eliana Pedrosa DCL 15/12/2008 pág. 03 AMD 84/2008 Licença Eliana Pedrosa DCL 23/01/2009 pág. 01 AMD 002/2009 Retorno Eliana Pedrosa DCL 01/10/2009 pág. 08 AMD 83/2009 Licença Eliana Pedrosa DCL 23/10/2009 pág. 01 AMD 96/2009 Retorno Eliana Pedrosa DCL 09/12/2009 pág. 03 AMD 121/2009","data_raw/assembleias3/DF/eventos.csv",TRUE
"DF","2006","M2006_DF_8_25125_10294","Eliana Pedrosa","licenca","2008-08-15","dia",,"Secretária de Desenvolvimento Social e Transferência de Renda do DF",,"https://www.cl.df.gov.br/documents/5744400/28266712/Deputados+eleitos+e+movimenta%C3%A7%C3%B5es+-+Planilha.xlsx/11f0b744-a69c-bdd1-0437-8d60fc2cf148?t=1740145715216","entre 15/08/2008 e 02/12/2008, 22/01/2009 e 22/09/2009; e 23/10/2009 e 08/12/2009, para assumir a Secretaria de Desenvolvimento Social e Transferência de Renda do GDF.","memorial_casa","brutos/cldf_movimentacoes_planilha_2025_leg5.csv","alta","Planilha do SEHIM/CLDF, coluna Documento: Licença Eliana Pedrosa DCL 04/01/2007 pág. 14 AMD 03/2007 Retorno Eliana Pedrosa DCL 30/08/2007 pág. 34 AMD 58/2007 Licença Eliana Pedrosa DCL 14/09/2007 pág. 14 AMD 62/2007 Retorno Eliana Pedrosa DCL 01/11/2007 pág. 06 AMD 90/2007 Licença Eliana Pedrosa DCL 21/12/2007 pág. 05 AMD 115/2007 Retorno Eliana Pedrosa DCL 23/06/2008 pág. 07 AMD 42/2008 Licença Eliana Pedrosa DCL 15/08/2008 pág. 01 AMD 52/2008 Retorno Eliana Pedrosa DCL 15/12/2008 pág. 03 AMD 84/2008 Licença Eliana Pedrosa DCL 23/01/2009 pág. 01 AMD 002/2009 Retorno Eliana Pedrosa DCL 01/10/2009 pág. 08 AMD 83/2009 Licença Eliana Pedrosa DCL 23/10/2009 pág. 01 AMD 96/2009 Retorno Eliana Pedrosa DCL 09/12/2009 pág. 03 AMD 121/2009","data_raw/assembleias3/DF/eventos.csv",TRUE
"DF","2006","M2006_DF_8_25125_10294","Eliana Pedrosa","retorno","2008-12-02","dia",,,,"https://www.cl.df.gov.br/documents/5744400/28266712/Deputados+eleitos+e+movimenta%C3%A7%C3%B5es+-+Planilha.xlsx/11f0b744-a69c-bdd1-0437-8d60fc2cf148?t=1740145715216","entre 15/08/2008 e 02/12/2008, 22/01/2009 e 22/09/2009; e 23/10/2009 e 08/12/2009, para assumir a Secretaria de Desenvolvimento Social e Transferência de Renda do GDF.","memorial_casa","brutos/cldf_movimentacoes_planilha_2025_leg5.csv","alta","Planilha do SEHIM/CLDF, coluna Documento: Licença Eliana Pedrosa DCL 04/01/2007 pág. 14 AMD 03/2007 Retorno Eliana Pedrosa DCL 30/08/2007 pág. 34 AMD 58/2007 Licença Eliana Pedrosa DCL 14/09/2007 pág. 14 AMD 62/2007 Retorno Eliana Pedrosa DCL 01/11/2007 pág. 06 AMD 90/2007 Licença Eliana Pedrosa DCL 21/12/2007 pág. 05 AMD 115/2007 Retorno Eliana Pedrosa DCL 23/06/2008 pág. 07 AMD 42/2008 Licença Eliana Pedrosa DCL 15/08/2008 pág. 01 AMD 52/2008 Retorno Eliana Pedrosa DCL 15/12/2008 pág. 03 AMD 84/2008 Licença Eliana Pedrosa DCL 23/01/2009 pág. 01 AMD 002/2009 Retorno Eliana Pedrosa DCL 01/10/2009 pág. 08 AMD 83/2009 Licença Eliana Pedrosa DCL 23/10/2009 pág. 01 AMD 96/2009 Retorno Eliana Pedrosa DCL 09/12/2009 pág. 03 AMD 121/2009","data_raw/assembleias3/DF/eventos.csv",TRUE
"DF","2006","M2006_DF_8_25125_10294","Eliana Pedrosa","licenca","2009-01-22","dia",,"Secretária de Desenvolvimento Social e Transferência de Renda do DF",,"https://www.cl.df.gov.br/documents/5744400/28266712/Deputados+eleitos+e+movimenta%C3%A7%C3%B5es+-+Planilha.xlsx/11f0b744-a69c-bdd1-0437-8d60fc2cf148?t=1740145715216","entre 15/08/2008 e 02/12/2008, 22/01/2009 e 22/09/2009; e 23/10/2009 e 08/12/2009, para assumir a Secretaria de Desenvolvimento Social e Transferência de Renda do GDF.","memorial_casa","brutos/cldf_movimentacoes_planilha_2025_leg5.csv","alta","Planilha do SEHIM/CLDF, coluna Documento: Licença Eliana Pedrosa DCL 04/01/2007 pág. 14 AMD 03/2007 Retorno Eliana Pedrosa DCL 30/08/2007 pág. 34 AMD 58/2007 Licença Eliana Pedrosa DCL 14/09/2007 pág. 14 AMD 62/2007 Retorno Eliana Pedrosa DCL 01/11/2007 pág. 06 AMD 90/2007 Licença Eliana Pedrosa DCL 21/12/2007 pág. 05 AMD 115/2007 Retorno Eliana Pedrosa DCL 23/06/2008 pág. 07 AMD 42/2008 Licença Eliana Pedrosa DCL 15/08/2008 pág. 01 AMD 52/2008 Retorno Eliana Pedrosa DCL 15/12/2008 pág. 03 AMD 84/2008 Licença Eliana Pedrosa DCL 23/01/2009 pág. 01 AMD 002/2009 Retorno Eliana Pedrosa DCL 01/10/2009 pág. 08 AMD 83/2009 Licença Eliana Pedrosa DCL 23/10/2009 pág. 01 AMD 96/2009 Retorno Eliana Pedrosa DCL 09/12/2009 pág. 03 AMD 121/2009","data_raw/assembleias3/DF/eventos.csv",TRUE
"DF","2006","M2006_DF_8_25125_10294","Eliana Pedrosa","retorno","2009-09-22","dia",,,,"https://www.cl.df.gov.br/documents/5744400/28266712/Deputados+eleitos+e+movimenta%C3%A7%C3%B5es+-+Planilha.xlsx/11f0b744-a69c-bdd1-0437-8d60fc2cf148?t=1740145715216","entre 15/08/2008 e 02/12/2008, 22/01/2009 e 22/09/2009; e 23/10/2009 e 08/12/2009, para assumir a Secretaria de Desenvolvimento Social e Transferência de Renda do GDF.","memorial_casa","brutos/cldf_movimentacoes_planilha_2025_leg5.csv","alta","Planilha do SEHIM/CLDF, coluna Documento: Licença Eliana Pedrosa DCL 04/01/2007 pág. 14 AMD 03/2007 Retorno Eliana Pedrosa DCL 30/08/2007 pág. 34 AMD 58/2007 Licença Eliana Pedrosa DCL 14/09/2007 pág. 14 AMD 62/2007 Retorno Eliana Pedrosa DCL 01/11/2007 pág. 06 AMD 90/2007 Licença Eliana Pedrosa DCL 21/12/2007 pág. 05 AMD 115/2007 Retorno Eliana Pedrosa DCL 23/06/2008 pág. 07 AMD 42/2008 Licença Eliana Pedrosa DCL 15/08/2008 pág. 01 AMD 52/2008 Retorno Eliana Pedrosa DCL 15/12/2008 pág. 03 AMD 84/2008 Licença Eliana Pedrosa DCL 23/01/2009 pág. 01 AMD 002/2009 Retorno Eliana Pedrosa DCL 01/10/2009 pág. 08 AMD 83/2009 Licença Eliana Pedrosa DCL 23/10/2009 pág. 01 AMD 96/2009 Retorno Eliana Pedrosa DCL 09/12/2009 pág. 03 AMD 121/2009","data_raw/assembleias3/DF/eventos.csv",TRUE
"DF","2006","M2006_DF_8_25125_10294","Eliana Pedrosa","licenca","2009-10-23","dia",,"Secretária de Desenvolvimento Social e Transferência de Renda do DF",,"https://www.cl.df.gov.br/documents/5744400/28266712/Deputados+eleitos+e+movimenta%C3%A7%C3%B5es+-+Planilha.xlsx/11f0b744-a69c-bdd1-0437-8d60fc2cf148?t=1740145715216","entre 15/08/2008 e 02/12/2008, 22/01/2009 e 22/09/2009; e 23/10/2009 e 08/12/2009, para assumir a Secretaria de Desenvolvimento Social e Transferência de Renda do GDF.","memorial_casa","brutos/cldf_movimentacoes_planilha_2025_leg5.csv","alta","Planilha do SEHIM/CLDF, coluna Documento: Licença Eliana Pedrosa DCL 04/01/2007 pág. 14 AMD 03/2007 Retorno Eliana Pedrosa DCL 30/08/2007 pág. 34 AMD 58/2007 Licença Eliana Pedrosa DCL 14/09/2007 pág. 14 AMD 62/2007 Retorno Eliana Pedrosa DCL 01/11/2007 pág. 06 AMD 90/2007 Licença Eliana Pedrosa DCL 21/12/2007 pág. 05 AMD 115/2007 Retorno Eliana Pedrosa DCL 23/06/2008 pág. 07 AMD 42/2008 Licença Eliana Pedrosa DCL 15/08/2008 pág. 01 AMD 52/2008 Retorno Eliana Pedrosa DCL 15/12/2008 pág. 03 AMD 84/2008 Licença Eliana Pedrosa DCL 23/01/2009 pág. 01 AMD 002/2009 Retorno Eliana Pedrosa DCL 01/10/2009 pág. 08 AMD 83/2009 Licença Eliana Pedrosa DCL 23/10/2009 pág. 01 AMD 96/2009 Retorno Eliana Pedrosa DCL 09/12/2009 pág. 03 AMD 121/2009","data_raw/assembleias3/DF/eventos.csv",TRUE
"DF","2006","M2006_DF_8_25125_10294","Eliana Pedrosa","retorno","2009-12-08","dia",,,,"https://www.cl.df.gov.br/documents/5744400/28266712/Deputados+eleitos+e+movimenta%C3%A7%C3%B5es+-+Planilha.xlsx/11f0b744-a69c-bdd1-0437-8d60fc2cf148?t=1740145715216","entre 15/08/2008 e 02/12/2008, 22/01/2009 e 22/09/2009; e 23/10/2009 e 08/12/2009, para assumir a Secretaria de Desenvolvimento Social e Transferência de Renda do GDF.","memorial_casa","brutos/cldf_movimentacoes_planilha_2025_leg5.csv","alta","Planilha do SEHIM/CLDF, coluna Documento: Licença Eliana Pedrosa DCL 04/01/2007 pág. 14 AMD 03/2007 Retorno Eliana Pedrosa DCL 30/08/2007 pág. 34 AMD 58/2007 Licença Eliana Pedrosa DCL 14/09/2007 pág. 14 AMD 62/2007 Retorno Eliana Pedrosa DCL 01/11/2007 pág. 06 AMD 90/2007 Licença Eliana Pedrosa DCL 21/12/2007 pág. 05 AMD 115/2007 Retorno Eliana Pedrosa DCL 23/06/2008 pág. 07 AMD 42/2008 Licença Eliana Pedrosa DCL 15/08/2008 pág. 01 AMD 52/2008 Retorno Eliana Pedrosa DCL 15/12/2008 pág. 03 AMD 84/2008 Licença Eliana Pedrosa DCL 23/01/2009 pág. 01 AMD 002/2009 Retorno Eliana Pedrosa DCL 01/10/2009 pág. 08 AMD 83/2009 Licença Eliana Pedrosa DCL 23/10/2009 pág. 01 AMD 96/2009 Retorno Eliana Pedrosa DCL 09/12/2009 pág. 03 AMD 121/2009","data_raw/assembleias3/DF/eventos.csv",TRUE
"DF","2006","M2006_DF_8_25222_10306","Leonardo Prudente","renuncia","2010-03-02","dia",,,"Raad Massouh","https://www.cl.df.gov.br/documents/5744400/28266712/Deputados+eleitos+e+movimenta%C3%A7%C3%B5es+-+Planilha.xlsx/11f0b744-a69c-bdd1-0437-8d60fc2cf148?t=1740145715216","Titular. Renunciou em 02/03/2010.","memorial_casa","brutos/cldf_movimentacoes_planilha_2025_leg5.csv","alta","Planilha do SEHIM/CLDF, coluna Documento: Carta de Renúncia Leonardo Prudente DCL 02/03/2010 pág. 1 Vacância Leonardo Prudente DCL 03/03/2010 pág. 2 AMD 20/2010","data_raw/assembleias3/DF/eventos.csv",TRUE
"DF","2006","M2006_DF_8_25444_10322","Brunelli","renuncia","2010-03-02","dia",,,"Geraldo Naves","https://www.cl.df.gov.br/documents/5744400/28266712/Deputados+eleitos+e+movimenta%C3%A7%C3%B5es+-+Planilha.xlsx/11f0b744-a69c-bdd1-0437-8d60fc2cf148?t=1740145715216","Titular. Renunciou ao mandato em 02/03/2010 para evitar a cassação de mandato.","memorial_casa","brutos/cldf_movimentacoes_planilha_2025_leg5.csv","alta","Planilha do SEHIM/CLDF, coluna Documento: Carta de Renúncia Brunelli DCL 03/03/2010 pág. 05 Vacância Brunelli DCL 23/03/2010 pág. 3 AMD 25/2010","data_raw/assembleias3/DF/eventos.csv",TRUE
"DF","2006","M2006_DF_8_33389_10838","Aylton Gomes","licenca","2007-12-20","dia",,"Administrador Regional de Planaltina",,"https://www.cl.df.gov.br/documents/5744400/28266712/Deputados+eleitos+e+movimenta%C3%A7%C3%B5es+-+Planilha.xlsx/11f0b744-a69c-bdd1-0437-8d60fc2cf148?t=1740145715216","Titular. Licenciado nos períodos entre 20/12/2007 e 15/04/2008; 25/04/2008 e 02/12/2008; 26/06/2009 e 24/09/2009; 25/09/2009 e 23/10/2009, para assumir a Administração Regional de Planaltina.","memorial_casa","brutos/cldf_movimentacoes_planilha_2025_leg5.csv","alta","Planilha do SEHIM/CLDF, coluna Documento: Licença Aylton Gomes DCL 21/12/2007 pág. 04 AMD 113/2007 Retorno Aylton Gomes DCL 17/04/2008 pág. 13 AMD 18/2008 Licença Aylton Gomes DCL 05/05/2008 pág. 10 AMD 27/2008 Retorno Aylton Gomes DCL 15/12/2008 pág. 03 AMD 87/2008 Licença Aylton Gomes DCL 30/06/2009 pág. 05 AMD 55/2009 Licença Aylton Gomes DCL 28/09/2009 pág. 06 AMD 77/2009 Retorno Aylton Gomes DCL 02/10/2009 pág. 04 AMD 76/2009 Retorno Aylton Gomes DCL 28/10/2009 pág. 11 AMD 98/2009","data_raw/assembleias3/DF/eventos.csv",TRUE
"DF","2006","M2006_DF_8_33389_10838","Aylton Gomes","retorno","2008-04-15","dia",,,,"https://www.cl.df.gov.br/documents/5744400/28266712/Deputados+eleitos+e+movimenta%C3%A7%C3%B5es+-+Planilha.xlsx/11f0b744-a69c-bdd1-0437-8d60fc2cf148?t=1740145715216","Titular. Licenciado nos períodos entre 20/12/2007 e 15/04/2008; 25/04/2008 e 02/12/2008; 26/06/2009 e 24/09/2009; 25/09/2009 e 23/10/2009, para assumir a Administração Regional de Planaltina.","memorial_casa","brutos/cldf_movimentacoes_planilha_2025_leg5.csv","alta","Planilha do SEHIM/CLDF, coluna Documento: Licença Aylton Gomes DCL 21/12/2007 pág. 04 AMD 113/2007 Retorno Aylton Gomes DCL 17/04/2008 pág. 13 AMD 18/2008 Licença Aylton Gomes DCL 05/05/2008 pág. 10 AMD 27/2008 Retorno Aylton Gomes DCL 15/12/2008 pág. 03 AMD 87/2008 Licença Aylton Gomes DCL 30/06/2009 pág. 05 AMD 55/2009 Licença Aylton Gomes DCL 28/09/2009 pág. 06 AMD 77/2009 Retorno Aylton Gomes DCL 02/10/2009 pág. 04 AMD 76/2009 Retorno Aylton Gomes DCL 28/10/2009 pág. 11 AMD 98/2009","data_raw/assembleias3/DF/eventos.csv",TRUE
"DF","2006","M2006_DF_8_33389_10838","Aylton Gomes","licenca","2008-04-25","dia",,"Administrador Regional de Planaltina",,"https://www.cl.df.gov.br/documents/5744400/28266712/Deputados+eleitos+e+movimenta%C3%A7%C3%B5es+-+Planilha.xlsx/11f0b744-a69c-bdd1-0437-8d60fc2cf148?t=1740145715216","Titular. Licenciado nos períodos entre 20/12/2007 e 15/04/2008; 25/04/2008 e 02/12/2008; 26/06/2009 e 24/09/2009; 25/09/2009 e 23/10/2009, para assumir a Administração Regional de Planaltina.","memorial_casa","brutos/cldf_movimentacoes_planilha_2025_leg5.csv","alta","Planilha do SEHIM/CLDF, coluna Documento: Licença Aylton Gomes DCL 21/12/2007 pág. 04 AMD 113/2007 Retorno Aylton Gomes DCL 17/04/2008 pág. 13 AMD 18/2008 Licença Aylton Gomes DCL 05/05/2008 pág. 10 AMD 27/2008 Retorno Aylton Gomes DCL 15/12/2008 pág. 03 AMD 87/2008 Licença Aylton Gomes DCL 30/06/2009 pág. 05 AMD 55/2009 Licença Aylton Gomes DCL 28/09/2009 pág. 06 AMD 77/2009 Retorno Aylton Gomes DCL 02/10/2009 pág. 04 AMD 76/2009 Retorno Aylton Gomes DCL 28/10/2009 pág. 11 AMD 98/2009","data_raw/assembleias3/DF/eventos.csv",TRUE
"DF","2006","M2006_DF_8_33389_10838","Aylton Gomes","retorno","2008-12-02","dia",,,,"https://www.cl.df.gov.br/documents/5744400/28266712/Deputados+eleitos+e+movimenta%C3%A7%C3%B5es+-+Planilha.xlsx/11f0b744-a69c-bdd1-0437-8d60fc2cf148?t=1740145715216","Titular. Licenciado nos períodos entre 20/12/2007 e 15/04/2008; 25/04/2008 e 02/12/2008; 26/06/2009 e 24/09/2009; 25/09/2009 e 23/10/2009, para assumir a Administração Regional de Planaltina.","memorial_casa","brutos/cldf_movimentacoes_planilha_2025_leg5.csv","alta","Planilha do SEHIM/CLDF, coluna Documento: Licença Aylton Gomes DCL 21/12/2007 pág. 04 AMD 113/2007 Retorno Aylton Gomes DCL 17/04/2008 pág. 13 AMD 18/2008 Licença Aylton Gomes DCL 05/05/2008 pág. 10 AMD 27/2008 Retorno Aylton Gomes DCL 15/12/2008 pág. 03 AMD 87/2008 Licença Aylton Gomes DCL 30/06/2009 pág. 05 AMD 55/2009 Licença Aylton Gomes DCL 28/09/2009 pág. 06 AMD 77/2009 Retorno Aylton Gomes DCL 02/10/2009 pág. 04 AMD 76/2009 Retorno Aylton Gomes DCL 28/10/2009 pág. 11 AMD 98/2009","data_raw/assembleias3/DF/eventos.csv",TRUE
"DF","2006","M2006_DF_8_33389_10838","Aylton Gomes","licenca","2009-06-26","dia",,"Administrador Regional de Planaltina",,"https://www.cl.df.gov.br/documents/5744400/28266712/Deputados+eleitos+e+movimenta%C3%A7%C3%B5es+-+Planilha.xlsx/11f0b744-a69c-bdd1-0437-8d60fc2cf148?t=1740145715216","Titular. Licenciado nos períodos entre 20/12/2007 e 15/04/2008; 25/04/2008 e 02/12/2008; 26/06/2009 e 24/09/2009; 25/09/2009 e 23/10/2009, para assumir a Administração Regional de Planaltina.","memorial_casa","brutos/cldf_movimentacoes_planilha_2025_leg5.csv","alta","Planilha do SEHIM/CLDF, coluna Documento: Licença Aylton Gomes DCL 21/12/2007 pág. 04 AMD 113/2007 Retorno Aylton Gomes DCL 17/04/2008 pág. 13 AMD 18/2008 Licença Aylton Gomes DCL 05/05/2008 pág. 10 AMD 27/2008 Retorno Aylton Gomes DCL 15/12/2008 pág. 03 AMD 87/2008 Licença Aylton Gomes DCL 30/06/2009 pág. 05 AMD 55/2009 Licença Aylton Gomes DCL 28/09/2009 pág. 06 AMD 77/2009 Retorno Aylton Gomes DCL 02/10/2009 pág. 04 AMD 76/2009 Retorno Aylton Gomes DCL 28/10/2009 pág. 11 AMD 98/2009","data_raw/assembleias3/DF/eventos.csv",TRUE
"DF","2006","M2006_DF_8_33389_10838","Aylton Gomes","retorno","2009-09-24","dia",,,,"https://www.cl.df.gov.br/documents/5744400/28266712/Deputados+eleitos+e+movimenta%C3%A7%C3%B5es+-+Planilha.xlsx/11f0b744-a69c-bdd1-0437-8d60fc2cf148?t=1740145715216","Titular. Licenciado nos períodos entre 20/12/2007 e 15/04/2008; 25/04/2008 e 02/12/2008; 26/06/2009 e 24/09/2009; 25/09/2009 e 23/10/2009, para assumir a Administração Regional de Planaltina.","memorial_casa","brutos/cldf_movimentacoes_planilha_2025_leg5.csv","alta","Planilha do SEHIM/CLDF, coluna Documento: Licença Aylton Gomes DCL 21/12/2007 pág. 04 AMD 113/2007 Retorno Aylton Gomes DCL 17/04/2008 pág. 13 AMD 18/2008 Licença Aylton Gomes DCL 05/05/2008 pág. 10 AMD 27/2008 Retorno Aylton Gomes DCL 15/12/2008 pág. 03 AMD 87/2008 Licença Aylton Gomes DCL 30/06/2009 pág. 05 AMD 55/2009 Licença Aylton Gomes DCL 28/09/2009 pág. 06 AMD 77/2009 Retorno Aylton Gomes DCL 02/10/2009 pág. 04 AMD 76/2009 Retorno Aylton Gomes DCL 28/10/2009 pág. 11 AMD 98/2009","data_raw/assembleias3/DF/eventos.csv",TRUE
"DF","2006","M2006_DF_8_33389_10838","Aylton Gomes","licenca","2009-09-25","dia",,"Administrador Regional de Planaltina",,"https://www.cl.df.gov.br/documents/5744400/28266712/Deputados+eleitos+e+movimenta%C3%A7%C3%B5es+-+Planilha.xlsx/11f0b744-a69c-bdd1-0437-8d60fc2cf148?t=1740145715216","Titular. Licenciado nos períodos entre 20/12/2007 e 15/04/2008; 25/04/2008 e 02/12/2008; 26/06/2009 e 24/09/2009; 25/09/2009 e 23/10/2009, para assumir a Administração Regional de Planaltina.","memorial_casa","brutos/cldf_movimentacoes_planilha_2025_leg5.csv","alta","Planilha do SEHIM/CLDF, coluna Documento: Licença Aylton Gomes DCL 21/12/2007 pág. 04 AMD 113/2007 Retorno Aylton Gomes DCL 17/04/2008 pág. 13 AMD 18/2008 Licença Aylton Gomes DCL 05/05/2008 pág. 10 AMD 27/2008 Retorno Aylton Gomes DCL 15/12/2008 pág. 03 AMD 87/2008 Licença Aylton Gomes DCL 30/06/2009 pág. 05 AMD 55/2009 Licença Aylton Gomes DCL 28/09/2009 pág. 06 AMD 77/2009 Retorno Aylton Gomes DCL 02/10/2009 pág. 04 AMD 76/2009 Retorno Aylton Gomes DCL 28/10/2009 pág. 11 AMD 98/2009","data_raw/assembleias3/DF/eventos.csv",TRUE
"DF","2006","M2006_DF_8_33389_10838","Aylton Gomes","retorno","2009-10-23","dia",,,,"https://www.cl.df.gov.br/documents/5744400/28266712/Deputados+eleitos+e+movimenta%C3%A7%C3%B5es+-+Planilha.xlsx/11f0b744-a69c-bdd1-0437-8d60fc2cf148?t=1740145715216","Titular. Licenciado nos períodos entre 20/12/2007 e 15/04/2008; 25/04/2008 e 02/12/2008; 26/06/2009 e 24/09/2009; 25/09/2009 e 23/10/2009, para assumir a Administração Regional de Planaltina.","memorial_casa","brutos/cldf_movimentacoes_planilha_2025_leg5.csv","alta","Planilha do SEHIM/CLDF, coluna Documento: Licença Aylton Gomes DCL 21/12/2007 pág. 04 AMD 113/2007 Retorno Aylton Gomes DCL 17/04/2008 pág. 13 AMD 18/2008 Licença Aylton Gomes DCL 05/05/2008 pág. 10 AMD 27/2008 Retorno Aylton Gomes DCL 15/12/2008 pág. 03 AMD 87/2008 Licença Aylton Gomes DCL 30/06/2009 pág. 05 AMD 55/2009 Licença Aylton Gomes DCL 28/09/2009 pág. 06 AMD 77/2009 Retorno Aylton Gomes DCL 02/10/2009 pág. 04 AMD 76/2009 Retorno Aylton Gomes DCL 28/10/2009 pág. 11 AMD 98/2009","data_raw/assembleias3/DF/eventos.csv",TRUE
"DF","2006","M2006_DF_8_40123_10450","Rogério Ulysses","cassacao","2010-09-30","dia",,,"Joe Valle","https://www.cl.df.gov.br/documents/5744400/28266712/Deputados+eleitos+e+movimenta%C3%A7%C3%B5es+-+Planilha.xlsx/11f0b744-a69c-bdd1-0437-8d60fc2cf148?t=1740145715216","Titular. Perdeu o mandato em 30/09/2010. Reassumiu o mandato em 14/10/2010, em face de decisão do TSE para suspender os efeitos do Acórdão 4244.","memorial_casa","brutos/cldf_movimentacoes_planilha_2025_leg5.csv","alta","Ato revertido: o deputado reassumiu em 14/10/2010 por decisão do TSE; não encerra o mandato. Planilha do SEHIM/CLDF, coluna Documento: Perda de mandato Rogério Ulysses DCL 05/10/2010 pág.04 AMD 94/2010 Termo de posse Rogério Ulysses DCL 15/10/2010 pág.02","data_raw/assembleias3/DF/eventos.csv",TRUE
"DF","2006","M2006_DF_8_40123_10450","Rogério Ulysses","retorno","2010-10-14","dia",,,,"https://www.cl.df.gov.br/documents/5744400/28266712/Deputados+eleitos+e+movimenta%C3%A7%C3%B5es+-+Planilha.xlsx/11f0b744-a69c-bdd1-0437-8d60fc2cf148?t=1740145715216","Reassumiu o mandato em 14/10/2010, em face de decisão do TSE para suspender os efeitos do Acórdão 4244.","memorial_casa","brutos/cldf_movimentacoes_planilha_2025_leg5.csv","alta","Retorno por decisão do TSE que suspendeu os efeitos do acórdão de perda do mandato. Planilha do SEHIM/CLDF, coluna Documento: Perda de mandato Rogério Ulysses DCL 05/10/2010 pág.04 AMD 94/2010 Termo de posse Rogério Ulysses DCL 15/10/2010 pág.02","data_raw/assembleias3/DF/eventos.csv",TRUE
"DF","2006","M2006_DF_8_56123_10860","Wilson Lima","licenca","2010-02-24","dia",,"Governador do DF (interino)",,"https://www.cl.df.gov.br/documents/5744400/28266712/Deputados+eleitos+e+movimenta%C3%A7%C3%B5es+-+Planilha.xlsx/11f0b744-a69c-bdd1-0437-8d60fc2cf148?t=1740145715216","Titular. Licenciado para assumir o Governo do DF entre 24/02/2010 e 19/04/2010.","memorial_casa","brutos/cldf_movimentacoes_planilha_2025_leg5.csv","alta","Planilha do SEHIM/CLDF, coluna Documento: Licença para assumir como Governador Wilson Lima DCL 24/02/2010 pág. 3 - Comunicado e Carta de Renúncia Paulo Octávio (ex-Vice Governador)) Retorno Wilson Lima DCL 20/04/2010 pág.02 AMD 42/2010","data_raw/assembleias3/DF/eventos.csv",TRUE
"DF","2006","M2006_DF_8_56123_10860","Wilson Lima","retorno","2010-04-19","dia",,,,"https://www.cl.df.gov.br/documents/5744400/28266712/Deputados+eleitos+e+movimenta%C3%A7%C3%B5es+-+Planilha.xlsx/11f0b744-a69c-bdd1-0437-8d60fc2cf148?t=1740145715216","Titular. Licenciado para assumir o Governo do DF entre 24/02/2010 e 19/04/2010.","memorial_casa","brutos/cldf_movimentacoes_planilha_2025_leg5.csv","alta","Planilha do SEHIM/CLDF, coluna Documento: Licença para assumir como Governador Wilson Lima DCL 24/02/2010 pág. 3 - Comunicado e Carta de Renúncia Paulo Octávio (ex-Vice Governador)) Retorno Wilson Lima DCL 20/04/2010 pág.02 AMD 42/2010","data_raw/assembleias3/DF/eventos.csv",TRUE
"DF","2006",,"Eurides Brito da Silva","efetivacao_suplente","2007-08-16","dia",,,,"https://www.cl.df.gov.br/documents/5744400/28266712/Deputados+eleitos+e+movimenta%C3%A7%C3%B5es+-+Planilha.xlsx/11f0b744-a69c-bdd1-0437-8d60fc2cf148?t=1740145715216","1ª Suplente do PMDB, ocupando em 16/08/2007 a vaga do deputado Pedro Passos que renunciou em 14/08/2007.","memorial_casa","brutos/cldf_movimentacoes_planilha_2025_leg5.csv","alta","Efetivada na vaga de Pedro Passos. Planilha do SEHIM/CLDF, coluna Documento: Termo de Posse Eurides Brito DCL 17/08/2007 pág.24 Afastamento Eurídes Brito DCL 18/05/2010 pág. 10 AMD 51/2010","data_raw/assembleias3/DF/eventos.csv",TRUE
"DF","2006",,"Raad Massouh","efetivacao_suplente","2010-03-03","dia",,,,"https://www.cl.df.gov.br/documents/5744400/28266712/Deputados+eleitos+e+movimenta%C3%A7%C3%B5es+-+Planilha.xlsx/11f0b744-a69c-bdd1-0437-8d60fc2cf148?t=1740145715216","Passa a ocupar definitivamente, em 03/03/2010, a vaga do deputado Leonardo Prudente, que renunciou ao mandato em 02/03/2010.","memorial_casa","brutos/cldf_movimentacoes_planilha_2025_leg5.csv","alta","Efetivado na vaga de Leonardo Prudente. Planilha do SEHIM/CLDF, coluna Documento: Termo de posse Raad Massouh DCL 05/01/2007 pág. 19 Termo de posse Raad Massouh DCL 18/09/2007 pág.09 Termo de posse Raad Massouh DCL 02/01/2008 pág.02 Termo de Posse Raad Massouh DCL 15/08/2008 pág 01 Termo de posse Raad Massouh DCL 26/01/2009 pág.03 Termo de posse Raad Massouh DCL 30/09/2009 pág. 07 Retorno Eliana Pedrosa DCL 01/10/2009 pág.08 AMD 84/2009 Retorno Paulo Roriz DCL 04/11/2009 pág.04 AMD 103/2009 Termo de posse Raad Massouh DCL 09/02/2010 pág.04 Retorno Paulo Roriz DCL 10/02/2010 pág.03 AMD 06/2010 Termo de Posse de Raad Massouh DCL 04/03/2010 pág.04","data_raw/assembleias3/DF/eventos.csv",TRUE
"DF","2006",,"Geraldo Naves","efetivacao_suplente","2010-04-13","dia",,,,"https://www.cl.df.gov.br/documents/5744400/28266712/Deputados+eleitos+e+movimenta%C3%A7%C3%B5es+-+Planilha.xlsx/11f0b744-a69c-bdd1-0437-8d60fc2cf148?t=1740145715216","Passa a ocupar definitivamente a vaga do deputado Brunelli, em 13/04/2010, que renunciou ao mandato em 02/03/2010.","memorial_casa","brutos/cldf_movimentacoes_planilha_2025_leg5.csv","alta","Efetivado na vaga de Brunelli. Planilha do SEHIM/CLDF, coluna Documento: Termo de Posse Geraldo Naves DCL 21/08/2008 pág. 10 Termo de posse Geraldo Naves DCL 26/01/2009 pág.02 Termo de posse Geraldo Naves DCL 28/10/2009 pág. 12 Termo de posse Geraldo Naves DCL 05/11/2009 pág. 09 Retorno Eliana Pedrosa DCL 09/12/2009 pág. 03 Termo de posse Geraldo Naves DCL 05/01/2010 pág. 04 Termo de Posse Geraldo Naves DCL 14/04/2010 pág. 09","data_raw/assembleias3/DF/eventos.csv",TRUE
"DF","2010","M2010_DF_8_13113_70000001001","Arlete Sampaio","licenca","2011-01-03","dia",,"Secretária de Desenvolvimento Social e Transferência de Renda do DF",,"https://www.cl.df.gov.br/documents/5744400/28266712/Deputados+eleitos+e+movimenta%C3%A7%C3%B5es+-+Planilha.xlsx/11f0b744-a69c-bdd1-0437-8d60fc2cf148?t=1740145715216","Titular. Licenciado para assumir a Secretaria de Desenvolvimento Social e Transferência de Renda do GDF em 03/01/2011.","memorial_casa","brutos/cldf_movimentacoes_planilha_2025_leg6.csv","alta","Planilha do SEHIM/CLDF, coluna Documento: Licença Arlete Sampaio DCL 04/01/2011 pág.01 AMD 01/2011","data_raw/assembleias3/DF/eventos.csv",TRUE
"DF","2010","M2010_DF_8_14014_70000000685","Cristiano Araújo","licenca","2011-10-14","dia",,"Secretário de Ciência e Tecnologia do DF",,"https://www.cl.df.gov.br/documents/5744400/28266712/Deputados+eleitos+e+movimenta%C3%A7%C3%B5es+-+Planilha.xlsx/11f0b744-a69c-bdd1-0437-8d60fc2cf148?t=1740145715216","Titular. Licenciado para assumir a Secretaria de Ciência e Tecnologia do GDF em 14/10/2011.","memorial_casa","brutos/cldf_movimentacoes_planilha_2025_leg6.csv","alta","Planilha do SEHIM/CLDF, coluna Documento: Licença Cristiano Araújo DCL 17/10/2011 pág.14 AMD 111/2011","data_raw/assembleias3/DF/eventos.csv",TRUE
"DF","2010","M2010_DF_8_20123_70000000812","Wellington Luiz","licenca","2012-02-15","dia",,"Secretário de Regularização de Condomínios do DF",,"https://www.cl.df.gov.br/documents/5744400/28266712/Deputados+eleitos+e+movimenta%C3%A7%C3%B5es+-+Planilha.xlsx/11f0b744-a69c-bdd1-0437-8d60fc2cf148?t=1740145715216","Titular. Licenciado em 15/02/2012 para assumir a e Secretaria de Regularização de Condomínios do GDF.","memorial_casa","brutos/cldf_movimentacoes_planilha_2025_leg6.csv","alta","Planilha do SEHIM/CLDF, coluna Documento: Licença Wellington Luiz DCL 15/02/2012 pág.01 AMD 12/2012","data_raw/assembleias3/DF/eventos.csv",TRUE
"DF","2010","M2010_DF_8_23456_70000000571","Alírio Neto","licenca","2011-01-24","dia",,"Secretário de Justiça, Direitos Humanos e Cidadania do DF",,"https://www.cl.df.gov.br/documents/5744400/28266712/Deputados+eleitos+e+movimenta%C3%A7%C3%B5es+-+Planilha.xlsx/11f0b744-a69c-bdd1-0437-8d60fc2cf148?t=1740145715216","Titular. Licenciado para assumir a Secretaria de Justiça, Direitos Humanos e Cidadania do GDF em 24/01/2011.","memorial_casa","brutos/cldf_movimentacoes_planilha_2025_leg6.csv","alta","Planilha do SEHIM/CLDF, coluna Documento: Licença Alírio Neto DCL 24/01/2011 pág.01 AMD 05/2011","data_raw/assembleias3/DF/eventos.csv",TRUE
"DF","2010","M2010_DF_8_25100_70000001121","Raad Massouh","licenca","2011-12-19","dia",,"Secretário de Micro e Pequena Empresa e Economia Solidária do DF",,"https://www.cl.df.gov.br/documents/5744400/28266712/Deputados+eleitos+e+movimenta%C3%A7%C3%B5es+-+Planilha.xlsx/11f0b744-a69c-bdd1-0437-8d60fc2cf148?t=1740145715216","Licenciado por duas vezes para assumir a Secretaria de Micro e Pequena Empresa e Economia Solidária do GDF em 19/12/2011 e em 13/06/2012.","memorial_casa","brutos/cldf_movimentacoes_planilha_2025_leg6.csv","alta","Datas de retorno pelas edições do DCL citadas na coluna Documento (29/02/2012 e 29/11/2012). Planilha do SEHIM/CLDF, coluna Documento: Licença Raad Massouh DCL 20/12/2011 pág.26 AMD 133/2011 Retorno Raad Massouh DCLDF 29/02/2012 pág.01 AMD 15/2012 Licença Raad Massouh DCL 15/06/2012 pág.01 AMD 63/2011 Retorno Raad Massouh DCLDF 29/11/2012 pág.02 AMD 107/2012 Perda de cargo Raad Massouh cassação DCL 04/11/2013 pág. 2 AMD 88/2013","data_raw/assembleias3/DF/eventos.csv",TRUE
"DF","2010","M2010_DF_8_25100_70000001121","Raad Massouh","retorno","2012-02-29","dia",,,,"https://www.cl.df.gov.br/documents/5744400/28266712/Deputados+eleitos+e+movimenta%C3%A7%C3%B5es+-+Planilha.xlsx/11f0b744-a69c-bdd1-0437-8d60fc2cf148?t=1740145715216","Licenciado por duas vezes para assumir a Secretaria de Micro e Pequena Empresa e Economia Solidária do GDF em 19/12/2011 e em 13/06/2012.","memorial_casa","brutos/cldf_movimentacoes_planilha_2025_leg6.csv","alta","Datas de retorno pelas edições do DCL citadas na coluna Documento (29/02/2012 e 29/11/2012). Planilha do SEHIM/CLDF, coluna Documento: Licença Raad Massouh DCL 20/12/2011 pág.26 AMD 133/2011 Retorno Raad Massouh DCLDF 29/02/2012 pág.01 AMD 15/2012 Licença Raad Massouh DCL 15/06/2012 pág.01 AMD 63/2011 Retorno Raad Massouh DCLDF 29/11/2012 pág.02 AMD 107/2012 Perda de cargo Raad Massouh cassação DCL 04/11/2013 pág. 2 AMD 88/2013","data_raw/assembleias3/DF/eventos.csv",TRUE
"DF","2010","M2010_DF_8_25100_70000001121","Raad Massouh","licenca","2012-06-13","dia",,"Secretário de Micro e Pequena Empresa e Economia Solidária do DF",,"https://www.cl.df.gov.br/documents/5744400/28266712/Deputados+eleitos+e+movimenta%C3%A7%C3%B5es+-+Planilha.xlsx/11f0b744-a69c-bdd1-0437-8d60fc2cf148?t=1740145715216","Licenciado por duas vezes para assumir a Secretaria de Micro e Pequena Empresa e Economia Solidária do GDF em 19/12/2011 e em 13/06/2012.","memorial_casa","brutos/cldf_movimentacoes_planilha_2025_leg6.csv","alta","Datas de retorno pelas edições do DCL citadas na coluna Documento (29/02/2012 e 29/11/2012). Planilha do SEHIM/CLDF, coluna Documento: Licença Raad Massouh DCL 20/12/2011 pág.26 AMD 133/2011 Retorno Raad Massouh DCLDF 29/02/2012 pág.01 AMD 15/2012 Licença Raad Massouh DCL 15/06/2012 pág.01 AMD 63/2011 Retorno Raad Massouh DCLDF 29/11/2012 pág.02 AMD 107/2012 Perda de cargo Raad Massouh cassação DCL 04/11/2013 pág. 2 AMD 88/2013","data_raw/assembleias3/DF/eventos.csv",TRUE
"DF","2010","M2010_DF_8_25100_70000001121","Raad Massouh","retorno","2012-11-29","dia",,,,"https://www.cl.df.gov.br/documents/5744400/28266712/Deputados+eleitos+e+movimenta%C3%A7%C3%B5es+-+Planilha.xlsx/11f0b744-a69c-bdd1-0437-8d60fc2cf148?t=1740145715216","Licenciado por duas vezes para assumir a Secretaria de Micro e Pequena Empresa e Economia Solidária do GDF em 19/12/2011 e em 13/06/2012.","memorial_casa","brutos/cldf_movimentacoes_planilha_2025_leg6.csv","alta","Datas de retorno pelas edições do DCL citadas na coluna Documento (29/02/2012 e 29/11/2012). Planilha do SEHIM/CLDF, coluna Documento: Licença Raad Massouh DCL 20/12/2011 pág.26 AMD 133/2011 Retorno Raad Massouh DCLDF 29/02/2012 pág.01 AMD 15/2012 Licença Raad Massouh DCL 15/06/2012 pág.01 AMD 63/2011 Retorno Raad Massouh DCLDF 29/11/2012 pág.02 AMD 107/2012 Perda de cargo Raad Massouh cassação DCL 04/11/2013 pág. 2 AMD 88/2013","data_raw/assembleias3/DF/eventos.csv",TRUE
"DF","2010","M2010_DF_8_25100_70000001121","Raad Massouh","cassacao","2013-11-04","dia",,,"Paulo Roriz","https://www.cl.df.gov.br/documents/5744400/28266712/Deputados+eleitos+e+movimenta%C3%A7%C3%B5es+-+Planilha.xlsx/11f0b744-a69c-bdd1-0437-8d60fc2cf148?t=1740145715216","Assumiu definitivamente o mandato a partir de 04/11/2013, quando da cassação do mandato do deputado Raad Massouh pela justiça eleitoral.","memorial_casa","brutos/cldf_movimentacoes_planilha_2025_leg6.csv","alta","Data da efetivação do suplente Paulo Roriz (linha dele na planilha); a linha do titular diz só 'Mandato cassado'. Planilha do SEHIM/CLDF, coluna Documento: Licença Raad Massouh DCL 20/12/2011 pág.26 AMD 133/2011 Retorno Raad Massouh DCLDF 29/02/2012 pág.01 AMD 15/2012 Licença Raad Massouh DCL 15/06/2012 pág.01 AMD 63/2011 Retorno Raad Massouh DCLDF 29/11/2012 pág.02 AMD 107/2012 Perda de cargo Raad Massouh cassação DCL 04/11/2013 pág. 2 AMD 88/2013","data_raw/assembleias3/DF/eventos.csv",TRUE
"DF","2010",,"Paulo Roriz","efetivacao_suplente","2013-11-04","dia",,,,"https://www.cl.df.gov.br/documents/5744400/28266712/Deputados+eleitos+e+movimenta%C3%A7%C3%B5es+-+Planilha.xlsx/11f0b744-a69c-bdd1-0437-8d60fc2cf148?t=1740145715216","Assumiu definitivamente o mandato a partir de 04/11/2013, quando da cassação do mandato do deputado Raad Massouh pela justiça eleitoral.","memorial_casa","brutos/cldf_movimentacoes_planilha_2025_leg6.csv","alta","Efetivado na vaga de Raad Massouh. Planilha do SEHIM/CLDF, coluna Documento: Termo de posse Paulo Roriz DCL 22/12/2011 pág.11 Termo de posse Paulo Roriz DCL 20/06/2012 pág.11 Termo de posse Paulo Roriz DCL 05/11/2013 pág. 12","data_raw/assembleias3/DF/eventos.csv",TRUE
"DF","2014","M2014_DF_8_12345_70000000557","Joe Valle","licenca","2015-10-28","dia",,"Secretário do Trabalho, Desenvolvimento Social, Mulheres, Igualdade Racial e Direitos Humanos do DF",,"https://www.cl.df.gov.br/documents/5744400/28266712/Deputados+eleitos+e+movimenta%C3%A7%C3%B5es+-+Planilha.xlsx/11f0b744-a69c-bdd1-0437-8d60fc2cf148?t=1740145715216","Titular. Licenciado para assumir a Secretaria do Trabalho, Desenvolvimento Social, Mulheres, Igualdade Racia e Direitos Humanos do GDF entre 28/10/2015 e 23/08/2016.","memorial_casa","brutos/cldf_movimentacoes_planilha_2025_leg7.csv","alta","Planilha do SEHIM/CLDF, coluna Documento: Licença Joe Valle DCL 27/10/2015 pág. 16 AMD 99/2015 Retorno Joe Valle DCL 23/08/2016 pág. 17 AMD 70/2016","data_raw/assembleias3/DF/eventos.csv",TRUE
"DF","2014","M2014_DF_8_12345_70000000557","Joe Valle","retorno","2016-08-23","dia",,,,"https://www.cl.df.gov.br/documents/5744400/28266712/Deputados+eleitos+e+movimenta%C3%A7%C3%B5es+-+Planilha.xlsx/11f0b744-a69c-bdd1-0437-8d60fc2cf148?t=1740145715216","Titular. Licenciado para assumir a Secretaria do Trabalho, Desenvolvimento Social, Mulheres, Igualdade Racia e Direitos Humanos do GDF entre 28/10/2015 e 23/08/2016.","memorial_casa","brutos/cldf_movimentacoes_planilha_2025_leg7.csv","alta","Planilha do SEHIM/CLDF, coluna Documento: Licença Joe Valle DCL 27/10/2015 pág. 16 AMD 99/2015 Retorno Joe Valle DCL 23/08/2016 pág. 17 AMD 70/2016","data_raw/assembleias3/DF/eventos.csv",TRUE
"DF","2018","M2018_DF_8_44222_70000614991","Daniel Donizet","licenca","2019-05-22","dia",,"Administrador Regional do Gama",,"https://www.cl.df.gov.br/documents/5744400/28266712/Deputados+eleitos+e+movimenta%C3%A7%C3%B5es+-+Planilha.xlsx/11f0b744-a69c-bdd1-0437-8d60fc2cf148?t=1740145715216","Titular. Licenciado entre 22/05/2019 e 19/06/2019 para assumir a Administração Regional de Gama.","memorial_casa","brutos/cldf_movimentacoes_planilha_2025_leg8.csv","alta","Planilha do SEHIM/CLDF, coluna Documento: licença Daniel Donizet DODF 22/05/2019 pág. 9 Retorno Daniel Donizet DODF 19/06/2019 pág. 1","data_raw/assembleias3/DF/eventos.csv",TRUE
"DF","2018","M2018_DF_8_44222_70000614991","Daniel Donizet","retorno","2019-06-19","dia",,,,"https://www.cl.df.gov.br/documents/5744400/28266712/Deputados+eleitos+e+movimenta%C3%A7%C3%B5es+-+Planilha.xlsx/11f0b744-a69c-bdd1-0437-8d60fc2cf148?t=1740145715216","Titular. Licenciado entre 22/05/2019 e 19/06/2019 para assumir a Administração Regional de Gama.","memorial_casa","brutos/cldf_movimentacoes_planilha_2025_leg8.csv","alta","Planilha do SEHIM/CLDF, coluna Documento: licença Daniel Donizet DODF 22/05/2019 pág. 9 Retorno Daniel Donizet DODF 19/06/2019 pág. 1","data_raw/assembleias3/DF/eventos.csv",TRUE
"DF","2018","M2018_DF_8_90190_70000605604","Delegado Fernando Fernandes","licenca","2019-01-08","dia",,"Administrador Regional de Ceilândia",,"https://www.cl.df.gov.br/documents/5744400/28266712/Deputados+eleitos+e+movimenta%C3%A7%C3%B5es+-+Planilha.xlsx/11f0b744-a69c-bdd1-0437-8d60fc2cf148?t=1740145715216","Titular. Licenciado entre 08/01/2019 e 29/03/2022 para assumir a Administração Regional de Ceilândia.","memorial_casa","brutos/cldf_movimentacoes_planilha_2025_leg8.csv","alta","Planilha do SEHIM/CLDF, coluna Documento: Licença Fernando Fernandes DCL 08/01/2019 pág. 4 AMD 01/2019 Retorno Fernando Fernandes DCL 29/03/2022 pág. 3 AMD 38/2022","data_raw/assembleias3/DF/eventos.csv",TRUE
"DF","2018","M2018_DF_8_90190_70000605604","Delegado Fernando Fernandes","retorno","2022-03-29","dia",,,,"https://www.cl.df.gov.br/documents/5744400/28266712/Deputados+eleitos+e+movimenta%C3%A7%C3%B5es+-+Planilha.xlsx/11f0b744-a69c-bdd1-0437-8d60fc2cf148?t=1740145715216","Titular. Licenciado entre 08/01/2019 e 29/03/2022 para assumir a Administração Regional de Ceilândia.","memorial_casa","brutos/cldf_movimentacoes_planilha_2025_leg8.csv","alta","Planilha do SEHIM/CLDF, coluna Documento: Licença Fernando Fernandes DCL 08/01/2019 pág. 4 AMD 01/2019 Retorno Fernando Fernandes DCL 29/03/2022 pág. 3 AMD 38/2022","data_raw/assembleias3/DF/eventos.csv",TRUE
"ES","2002","M2002_ES_7_11110_539","Gilson Antonio de Sales Amaro","renuncia","2004-12-31","dia",,"Prefeito de Santa Teresa",,"https://www.al.es.gov.br/appdata/anexos_internet/DiariosPDF/2004/DPL______30.12.2004-0003.pdf","zão de ter sido eleito Prefeito do Município de Santa Teresa e de tomar posse e assumir o referido cargo no dia 1º de janeiro de 2005, nos termos do artigo 293, do Regimento Interno, comunico a minha renúncia ao mandato de Deputado Estadual desta Assembléia Legislativa, a partir do dia 31 de dezembro de 2004. Certo de atenção, apresento minhas cordiais saudações, Atenciosamente, GILSON ANTONIO DE SALES","diario_oficial","brutos/dpl_paginas/DPL______30.12.2004-0003.txt","alta","Ofício de renúncia publicado no DPL, seguido da convocação do suplente na mesma página.","data_raw/assembleias3/ES/eventos.csv",TRUE
"ES","2002","M2002_ES_7_13120_217","Helder Ignácio Salomão","renuncia","2004-12-31","dia",,"Prefeito de Cariacica",,"https://www.al.es.gov.br/appdata/anexos_internet/DiariosPDF/2005/DPL______04.01.2005-0104.pdf","do gabinete do Sr. Deputado Helder Salomão, a partir de 31.12.2004, em razão da renúncia do seu Mandato de Deputado Estadual, para assumir o cargo de Prefeito do Município de Cariacica/ES","diario_oficial","brutos/dpl_paginas/DPL______04.01.2005-0104.txt","alta","Ato de exoneração do gabinete; a convocação do suplente """"em virtude da renúncia do Deputado Helder Ignácio Salomão"""" está no DPL de 30/12/2004, p. 3.","data_raw/assembleias3/ES/eventos.csv",TRUE
"ES","2002","M2002_ES_7_15789_494","Luiz Carlos Moreira","cassacao","2006-10-04","dia",,,"Antônio Carlos Toninho de Freitas","https://www.al.es.gov.br/appdata/anexos_internet/DiariosPDF/2006/DPL______04.10.2006-0015.pdf","Art. 1º - Em cumprimento à decisão da Justiça Eleitoral, é declarada, com fundamento no artigo 53, inciso V, § 3º, da Constituição Estadual, a perda do mandato do Deputado Estadual Luiz Carlos Moreira. Art. 2º - Este Ato entra em vigor na data de sua publicação. PÁLACIO “DOMINGOS MARTINS”, em 04 de outubro de 2006.","diario_oficial","brutos/dpl_paginas/DPL______04.10.2006-0015.txt","alta","Ato da Mesa nº 2694 que declara a perda do mandato em cumprimento a decisão do TSE (REspe 24287, processo 1/2003 do TRE-ES), vigor na publicação (DPL de 04/10/2006). Convocação do segundo suplente no DPL de 06/10/2006, p. 3, depois de o primeiro suplente renunciar à suplência.","data_raw/assembleias3/ES/eventos.csv",TRUE
"ES","2002","M2002_ES_7_23000_42","Anselmo Tose","licenca","2003-02-01","intervalo","2005-06-07","Secretário de Estado da Saúde",,"https://www.al.es.gov.br/appdata/anexos_internet/DiariosPDF/2005/DPL______07.06.2005-0009.pdf","o então Secretário de Estado da Saúde, o Sr. Deputado Anselmo Tose, licenciado","diario_oficial","brutos/dpl_paginas/DPL______07.06.2005-0009.txt","alta","Início da licença não localizado (intervalo desde o começo da legislatura); a menção mais antiga ao """"Secretário Anselmo Tose"""" na pesquisa do DPL é de junho de 2003. Em 14/11/2006 (DPL, p. 21) continuava Secretário de Estado da Saúde e não consta da frequência de dezembro de 2006 (DPL 15/01/2007, p. 3), onde estão os 30 deputados em exercício. Sem retorno nem renúncia localizados; fim_regular como licenciado, confiança média.","data_raw/assembleias3/ES/eventos.csv",TRUE
"ES","2002","M2002_ES_7_33678_457","Edson Vargas Barbosa","falecimento","2006-01-19","dia",,,"José de Barros Neto","https://www.al.es.gov.br/appdata/anexos_internet/DiariosPDF/2006/DPL______24.01.2006-0024.pdf","É com pesar que comunicamos o falecimento do Deputado Edson Vargas, anunciado há pouco pela Polícia Rodoviária Federal, vítima de um acidente ocorrido no Distrito de Guaraná, razão por que suspenderemos os trabalhos desta sessão.","diario_oficial","brutos/dpl_paginas/DPL______24.01.2006-0024.txt","alta","Comunicação da Presidência na sessão de 19/01/2006 (cabeçalho da ata na mesma página); a convocação do suplente """"surgida com o falecimento do ex-Deputado Edson Vargas"""" está no DPL de 25/01/2006, p. 25.","data_raw/assembleias3/ES/eventos.csv",TRUE
"ES","2006","M2006_ES_7_13123_10464","Carlos Casteglione","renuncia","2008-10-05","intervalo","2008-12-30","Prefeito de Cachoeiro de Itapemirim","Givaldo Vieira da Silva","https://www.al.es.gov.br/appdata/anexos_internet/DiariosPDF/2008/DPL______31.12.2008.pdf","em virtude da renúncia do Deputado Carlos Casteglione, prevista nos artigos 293 e 294 do mesmo Regimento, CONVOCA o Sr. Givaldo Vieira da Silva, suplente imediato da Coligação Partidária “Unidade Popular” formada pelo PT, PL, PSB e PC do B para tomar posse no cargo de Deputado Estadual, no prazo de 30 (trinta) dias, a contar da publicação desta convocação, conforme previsto no § 6º do artigo 6º do Regimento Interno. PALÁCIO DOMINGOS MARTINS, em 30 de dezembro de 2008.","diario_oficial","brutos/dpl_edicoes/DPL______31.12.2008.txt","alta","Convocação do suplente pela Mesa, datada de 30/12/2008, em virtude da renúncia. O ofício de renúncia não foi localizado; o intervalo vai da eleição municipal (05/10/2008) à data da convocação.","data_raw/assembleias3/ES/eventos.csv",TRUE
"ES","2006","M2006_ES_7_15555_10222","Guerino Zanon","renuncia","2008-12-30","dia",,"Prefeito de Linhares","Marcelo Coelho","https://www.al.es.gov.br/appdata/anexos_internet/DiariosPDF/2008/DPL______31.12.2008.pdf","Ofício GAB-DGZ 105/2008 AOS EXMº.S SRS. MEMBROS MESA DA ASSEMBLÉIA LEGISLATIVA DO ESTADO DO ESPÍRITO SANTO. Senhores, O Deputado abaixo assinado, nos termos dos artigos 293 e 294, do Regimento Interno, comunica a sua renúncia ao mandato de Deputado Estadual desta Assembléia Legislativa e, conseqüentemente, do cargo de Presidente desta Casa, a partir do momento em que transmitir o cargo à Primeira Vice-Presidente, Deputada Luzia Toledo no dia 30 de dezembro de 2008, em razão de ter sido eleito Prefeito do Município de Linhares e de tomar posse e assumir o referido cargo no dia 1º de janeiro de 2009 Respeitosamente GUERINO ZANON Deputado Estadual.","diario_oficial","brutos/dpl_edicoes/DPL______31.12.2008.txt","alta","Ofício de renúncia publicado no DPL de 31/12/2008, com efeito a partir da transmissão da Presidência em 30/12/2008; comunicado da Mesa na mesma edição informa que o 1º suplente ocupa a vaga a partir de 30/12/2008.","data_raw/assembleias3/ES/eventos.csv",TRUE
"ES","2006","M2006_ES_7_22333_10402","ROBSON VAILLANT","afastamento","2007-02-01","intervalo","2010-02-28",,,"https://www.al.es.gov.br/appdata/anexos_sptl/frequencia_plenario/FrequenciaPlenario022010.pdf","24. ROBSON VAILLANT -- -- -- 3, 8, 9, 22, 23, 24 (ADJ)","portal_casa","brutos/frequencia/FrequenciaPlenario022010.txt","alta","Afastado por decisão judicial (ADJ) em todas as folhas de frequência de fevereiro de 2010 a janeiro de 2011 (brutos/frequencia/). O início do afastamento é anterior a fevereiro de 2010; pista de imprensa (não registrada como fonte) aponta Ato da Mesa nº 1649 publicado no DPL de 16/12/2009, não localizado nas páginas 2 a 4 dessa edição. Na composição final entra como licenciado (mandato não encerrado, afastamento provisório).","data_raw/assembleias3/ES/eventos.csv",TRUE
"ES","2006","M2006_ES_7_33000_10079","Jardel dos Idosos","cassacao","2008-09-01","mes",,,,"https://www.al.es.gov.br/appdata/anexos_internet/DiariosPDF/2008/DPL______22.09.2008-0004.pdf","ATO Nº 3329 A MESA DA ASSEMBLÉIA LEGISLATIVA DO ESTADO DO ESPÍRITO SANTO, usando de suas atribuições legais, resolve: EXONERAR, na forma do Artigo 61, § 2º, alínea “a”, da Lei Complementar nº. 46, de 31 de janeiro de 1994, os servidores abaixo relacionados, dos cargos em comissão do gabinete do Deputado, JARDEL DOS IDOSOS, em razão da perda de mandato do Deputado.","diario_oficial","brutos/dpl_paginas/DPL______22.09.2008-0004.txt","alta","Ato da Mesa (DPL de 22/09/2008) que exonera o gabinete em razão da perda do mandato. Nas notas taquigráficas do DPL de 23/09/2008 (p. 88 e 90) os deputados se referem à decisão da Justiça Eleitoral que tirou o mandato por infidelidade partidária. O ato que declara a perda e a data exata não foram localizados; data com precisão de mês (setembro de 2008), limitada pela publicação de 22/09/2008.","data_raw/assembleias3/ES/eventos.csv",TRUE
"ES","2006","M2006_ES_7_40222_10486","Luciano Henrique Sordine Pereira","cassacao","2010-08-09","dia",,,"Valter Rodrigues de Paula","https://www.al.es.gov.br/appdata/anexos_internet/DiariosPDF/2010/DPL______09.08.2010-0003.pdf","Art. 1º Em cumprimento à decisão da Justiça Eleitoral, comunicada a esta Casa de Leis através do Ofício nº 318 – Presidência/TRE/ES, de 28 de julho de 2010, do Presidente do Tribunal Regional Eleitoral de Estado do Espírito Santo, é declarada, com fundamento no artigo 10 da Resolução 22.610, de 25 de outubro de 2007, combinado com o artigo 53, inciso V, § 3º, da Constituição Estadual, a perda do mandato do Deputado Estadual Luciano Henrique Sordine Pereira. Art. 2º Este Ato entra em vigor na data de sua publicação. PALÁCIO “DOMINGOS MARTINS”, em 06 de agosto de 2010.","diario_oficial","brutos/dpl_edicoes/DPL______09.08.2010-0003.txt","alta","Ato da Mesa de 06/08/2010 que declara a perda do mandato por decisão do TRE-ES com base na Resolução TSE 22.610/2007 (fidelidade partidária), vigor na publicação; data = edição do DPL em que o ato foi localizado (09/08/2010). Convocação do suplente do PSB na mesma página. Ele não consta da frequência de agosto de 2010 em diante.","data_raw/assembleias3/ES/eventos.csv",TRUE
"ES","2006","M2006_ES_7_44321_10277","Elion Vargas Teixeira","renuncia","2008-05-26","dia",,"Cargo no Ministério Público Estadual","Dary Alves Pagung","https://www.al.es.gov.br/appdata/anexos_internet/DiariosPDF/2008/DPL______03.06.2008-0004.pdf","há um ofício de autoria do Sr. Deputado Elion Vargas, que comunica a sua renúncia para ocupar um cargo no Ministério Público Estadual.","diario_oficial","brutos/dpl_edicoes/DPL______03.06.2008-0004.txt","alta","Pronunciamento sobre o ofício de renúncia lido no Expediente da sessão ordinária de 26/05/2008 (cabeçalho da ata no DPL de 03/06/2008, p. 3). O 1º suplente da coligação PRP/PRONA, Dary Alves Pagung, tem vínculo de deputado desde 28/05/2008 (brutos/vinculos/000450.json). Data = sessão de leitura.","data_raw/assembleias3/ES/eventos.csv",TRUE
"ES","2010","M2010_ES_7_12500_80000000561","Marcelo Coelho","renuncia","2012-12-26","dia",,"Prefeito de Aracruz","Euclério de Azevedo Sampaio Junior","https://www.al.es.gov.br/appdata/anexos_internet/DiariosPDF/2013/DPL______16.01.2013-0011_v2.pdf","Ofício n.o 240/2012, do Deputado Marcelo Coelho, de renúncia ao mandato de Deputado Estadual, a partir do dia 26 de dezembro de 2012, em virtude de sua posse no cargo de Prefeito Municipal de Aracruz","diario_oficial","brutos/dpl_paginas/DPL______16.01.2013-0011_v2.txt","alta","Leitura do ofício no Expediente; o texto do ofício foi publicado no DPL de 19/12/2012.","data_raw/assembleias3/ES/eventos.csv",TRUE
"ES","2010","M2010_ES_7_15311_80000000524","Sérgio Manoel Nader Borges","renuncia","2013-11-06","dia",,,"Esmael Barbosa de Almeida","https://www.al.es.gov.br/appdata/anexos_internet/DiariosPDF/2013/DPL______08.11.2013-0003.pdf","ESMAEL BARBOSA DE ALMEIDA, 2º suplente da Coligação formada pelos partidos PT, PMDB e PSB, para tomar posse no cargo de Deputado Estadual, após a leitura do documento de renúncia do Deputado Sérgio Manoel Nader Borges","diario_oficial","brutos/dpl_paginas/DPL______08.11.2013-0003.txt","alta","Ato da Mesa de 07/11/2013 convoca o suplente após a leitura da renúncia; data do desligamento (06/11/2013) do vínculo funcional da ALES, brutos/vinculos/000092.json.","data_raw/assembleias3/ES/eventos.csv",TRUE
"ES","2010","M2010_ES_7_22345_80000000024","Glauber Coelho","falecimento","2014-08-21","dia",,,"Nilton Gomes Oliveira","https://www.al.es.gov.br/appdata/anexos_internet/DiariosPDF/2014/DPL______29.08.2014-0080_v2.pdf","O assessor do Senhor Deputado Glauber Coelho está nos comunicando o falecimento de S. Ex.ª","diario_oficial","brutos/dpl_paginas/DPL______29.08.2014-0080_v2.txt","alta","Anúncio do falecimento em sessão plenária (notas taquigráficas no DPL de 29/08/2014). O deputado estava licenciado (DPL 27/08/2014, p. 45 e 58). A data (21/08/2014) é a do desligamento no vínculo funcional da ALES, brutos/vinculos/000453.json; o suplente Nilton Gomes Oliveira foi admitido em 27/08/2014 (brutos/vinculos/000463.json).","data_raw/assembleias3/ES/eventos.csv",TRUE
"ES","2010","M2010_ES_7_23123_80000000633","Luciano Rezende","renuncia","2013-01-01","dia",,"Prefeito de Vitória","Paulo Roberto Ferreira","https://www.al.es.gov.br/appdata/anexos_internet/DiariosPDF/2013/DPL______16.01.2013-0011_v2.pdf","Ofício n.o 134/2012, do Deputado Luciano Rezende, de renúncia ao mandato de Deputado Estadual, a partir do dia de sua posse para Prefeito Municipal de Vitória","diario_oficial","brutos/dpl_paginas/DPL______16.01.2013-0011_v2.txt","alta","Leitura do ofício no Expediente; o texto do ofício foi publicado no DPL de 19/12/2012.","data_raw/assembleias3/ES/eventos.csv",TRUE
"ES","2010","M2010_ES_7_25025_80000000427","Rodney Miranda","renuncia","2013-01-01","dia",,"Prefeito de Vila Velha","Marcos Antônio Mansor","https://www.al.es.gov.br/appdata/anexos_internet/DiariosPDF/2013/DPL______15.01.2013-0051_v2.pdf","Ofício n.o 180/2012, do Deputado Rodney Miranda, de renúncia ao mandato de Deputado Estadual, a partir de 1.º de janeiro de 2013, em virtude de sua investidura no cargo de Prefeito Municipal de Vila Velha","diario_oficial","brutos/dpl_paginas/DPL______15.01.2013-0051_v2.txt","alta","Leitura do ofício no Expediente. Em 2013 a vaga foi disputada judicialmente por Olmir Castiglioni (DPL 30/01/2013 e 27/02/2013); a renúncia não está em disputa.","data_raw/assembleias3/ES/eventos.csv",TRUE
"ES","2010","M2010_ES_7_25222_80000000735","Luciano Henrique Sordine Pereira","renuncia","2013-01-01","dia",,"Prefeito de Barra de São Francisco","Janete Santos de Sá","https://www.al.es.gov.br/appdata/anexos_internet/DiariosPDF/2013/DPL______10.01.2013-0003_v2.pdf","tomou posse no cargo de Deputada Estadual, a suplente imediata da Coligação composta pelo PPS / DEM / PMN / PSDB, Sra. Janete Santos de Sá, em virtude da renúncia do Senhor Deputado Luciano Henrique Sordine Pereira, na forma dos artigos 303 e 304 do Regimento Interno, para sua investidura no cargo de Prefeito Municipal de Barra de São Francisco-ES","diario_oficial","brutos/dpl_paginas/DPL______10.01.2013-0003_v2.txt","alta","Termo de posse da suplente; o ofício de renúncia (LP/Nº 168/2012, a partir de 1º de janeiro de 2013) está no DPL de 03/01/2013, p. 3.","data_raw/assembleias3/ES/eventos.csv",TRUE
"ES","2010","M2010_ES_7_40123_80000000521","Rodrigo Chamoun","renuncia","2012-03-19","dia",,"Conselheiro do Tribunal de Contas do Estado do Espírito Santo","Rodrigo Coelho do Carmo","https://www.al.es.gov.br/appdata/anexos_internet/DiariosPDF/2012/DPL______30.03.2012-0087.pdf","em razão da vacância do cargo de Presidente desta Casa, decorrente da renúncia do Senhor Deputado Rodrigo Chamoun, que foi eleito para o cargo de Conselheiro do Tribunal de Contas do Estado","diario_oficial","brutos/dpl_paginas/DPL______30.03.2012-0087.txt","alta","Comunicado da Mesa lido em sessão. A exoneração do gabinete """"em razão da renúncia do Deputado"""" está no DPL de 20/03/2012, p. 54; a data (19/03/2012) é a do desligamento no vínculo funcional da ALES, brutos/vinculos/000438.json, e o suplente foi admitido em 20/03/2012 (brutos/vinculos/000465.json).","data_raw/assembleias3/ES/eventos.csv",TRUE
"ES","2010","M2010_ES_7_44789_80000000229","Henrique Vargas","renuncia","2013-01-01","dia",,"Prefeito de São Gabriel da Palha","Jamir Malini","https://www.al.es.gov.br/appdata/anexos_internet/DiariosPDF/2013/DPL______16.01.2013-0011_v2.pdf","Ofício n.o 078/2012, do Deputado Henrique Vargas, de renúncia ao mandato de Deputado Estadual desta Assembleia Legislativa, a partir de sua posse no cargo de Prefeito Municipal de São Gabriel da Palha","diario_oficial","brutos/dpl_paginas/DPL______16.01.2013-0011_v2.txt","alta","Leitura do ofício no Expediente; o texto do ofício foi publicado no DPL de 19/12/2012.","data_raw/assembleias3/ES/eventos.csv",TRUE
"ES","2014","M2014_ES_7_11000_80000000109","João Carlos Lorenzoni","renuncia","2017-01-01","dia",,"Prefeito de Marechal Floriano",,"https://www.al.es.gov.br/appdata/anexos_internet/DiariosPDF/2016/DPL______22.12.2016-0003.pdf","GDCL S/Nº/2016 EXMOS. SRS. MEMBROS DA MESA DIRETORA DA ASSEMBLEIA LEGISLATIVA DO ESTADO DO ESPÍRITO SANTO Senhores Deputados, O Deputado abaixo assinado, nos termos do artigo 303, do Regimento Interno, comunica a sua renúncia ao mandato de Deputado Estadual desta Assembleia Legislativa, a partir de sua posse no cargo de Prefeito Municipal de Marechal Floriano, prevista para ocorrer no dia 1º de janeiro de 2017, em virtude de sua eleição no referido cargo. Atenciosamente, JOAO CARLOS LORENZONI Deputado Estadual","diario_oficial","brutos/dpl_paginas/DPL______22.12.2016-0003.txt","alta","Ofício de renúncia publicado no DPL; desligamento em 01/01/2017 no vínculo funcional (brutos/vinculos/000442.json).","data_raw/assembleias3/ES/eventos.csv",TRUE
"ES","2014","M2014_ES_7_13123_80000000422","Rodrigo Coelho do Carmo","renuncia","2018-08-13","dia",,"Conselheiro do Tribunal de Contas do Estado do Espírito Santo","Luiz Candido Durão","https://www.al.es.gov.br/appdata/anexos_internet/DiariosPDF/2018/DPL______14.08.2018-0021.pdf","EXONERAR, a partir de 13/08/2018, na forma do Art. 61, § 2º, alínea “a”, da Lei Complementar nº 46/94, os servidores abaixo relacionados, dos cargos em comissão do Gabinete do Deputado Rodrigo Coelho, em razão da renúncia do deputado, para exercer o cargo de Conselheiro do Tribunal de Contas do Estado do Espírito Santo","diario_oficial","brutos/dpl_paginas/DPL______14.08.2018-0021.txt","alta","Ato de exoneração do gabinete em razão da renúncia; a Assembleia aprovou o nome dele para o TCE-ES em sessão publicada no DPL de 15/08/2018, p. 31. Desligamento em 13/08/2018 no vínculo (brutos/vinculos/000465.json); suplente admitido em 14/08/2018 (brutos/vinculos/000460.json).","data_raw/assembleias3/ES/eventos.csv",TRUE
"ES","2014","M2014_ES_7_15555_80000000655","Guerino Luiz Zanon","renuncia","2017-01-01","dia",,"Prefeito de Linhares",,"https://www.al.es.gov.br/appdata/anexos_internet/DiariosPDF/2016/DPL______22.12.2016-0003.pdf","GDGZ S/Nº/2016 EXMOS. SRS. MEMBROS DA MESA DIRETORA DA ASSEMBLEIA LEGISLATIVA DO ESTADO DO ESPÍRITO SANTO Senhores Deputados, O Deputado abaixo assinado, nos termos do artigo 303, do Regimento Interno, comunica a sua renúncia ao mandato de Deputado Estadual desta Assembleia Legislativa, a partir de sua posse no cargo de Prefeito Municipal de Linhares, prevista para ocorrer no dia 1º de janeiro de 2017, em virtude de sua eleição no referido cargo. Atenciosamente, GUERINO LUIZ ZANON Deputado Estadual","diario_oficial","brutos/dpl_paginas/DPL______22.12.2016-0003.txt","alta","Ofício de renúncia publicado no DPL; desligamento em 01/01/2017 no vínculo funcional (brutos/vinculos/000433.json).","data_raw/assembleias3/ES/eventos.csv",TRUE
"ES","2014","M2014_ES_7_25123_80000000685","Edson Magalhães","renuncia","2016-12-31","dia",,"Prefeito de Guarapari",,"https://www.al.es.gov.br/appdata/anexos_internet/DiariosPDF/2017/DPL______14.02.2017-0061.pdf","Ofício n.º 181/2016, do Deputado Edson Magalhães, comunicando a sua renúncia a partir do dia 31 de dezembro de 2016 ao mandato de Deputado Estadual, em virtude de ter sido eleito Prefeito Municipal de Guarapari","diario_oficial","brutos/dpl_paginas/DPL______14.02.2017-0061.txt","alta","Leitura do ofício no Expediente; íntegra no DPL de 22/12/2016, p. 3. No vínculo funcional da ALES o desligamento consta em 01/01/2017 (brutos/vinculos/000480.json).","data_raw/assembleias3/ES/eventos.csv",TRUE
"ES","2014","M2014_ES_7_44567_80000000603","Almir Vieira","cassacao","2018-06-15","dia",,,"Cláudia Mileipe Festa Lemos","https://www.al.es.gov.br/appdata/anexos_internet/DiariosPDF/2018/DPL______15.06.2018-0039.pdf","RESOLVE: Art. 1º DECLARAR a perda do mandato do Deputado Estadual Almir Vieira, em cumprimento à decisão do Tribunal Superior Eleitoral, comunicada a esta Casa de Leis por meio do OFÍCIO/PRE/TRE-ES Nº 163/2018, publicado no Diário do Poder Legislativo em 13 de junho de 2018, com fundamento no art. 53, inciso V e § 3º, da Constituição Estadual. Art. 2º Este Ato entra em vigor na data de sua publicação. PALÁCIO DOMINGOS MARTINS, em 14 de junho de 2018.","diario_oficial","brutos/dpl_paginas/DPL______15.06.2018-0039.txt","alta","Ato da Mesa que declara a perda do mandato em cumprimento ao acórdão do TSE no RO 2188-47.2014.6.08.0000 (TRE-ES, eleição de 2014); vigor na publicação, DPL de 15/06/2018. Desligamento em 15/06/2018 no vínculo (brutos/vinculos/000474.json); posse da suplente no DPL de 21/06/2018, p. 37.","data_raw/assembleias3/ES/eventos.csv",TRUE
"ES","2018","M2018_ES_7_27444_80000625548","Euclério Sampaio","renuncia","2021-01-01","dia",,"Prefeito de Cariacica",,"https://www.al.es.gov.br/appdata/anexos_internet/DiariosPDF/2021/DPL______04.01.2021_O-0003.pdf","ocasionada pela renúncia do Sr. Deputado Euclério Sampaio para exercer o cargo de Prefeito do Município de Cariacica","diario_oficial","brutos/dpl_paginas/DPL______04.01.2021_O-0003.txt","alta","Convocação do suplente pela Mesa; renúncia a partir da posse na prefeitura em 01/01/2021 (ofícios lidos no DPL de 05/01/2021). Desligamento em 01/01/2021 no vínculo funcional (brutos/vinculos/000407.json).","data_raw/assembleias3/ES/eventos.csv",TRUE
"ES","2018","M2018_ES_7_44444_80000624435","Lorenzo Pazolini","renuncia","2021-01-01","dia",,"Prefeito de Vitória",,"https://www.al.es.gov.br/appdata/anexos_internet/DiariosPDF/2021/DPL______04.01.2021_O-0003.pdf","ocasionada pela renúncia do Sr. Deputado Delegado Lorenzo Pazolini para exercer o cargo de Prefeito do Município de Vitória","diario_oficial","brutos/dpl_paginas/DPL______04.01.2021_O-0003.txt","alta","Convocação do suplente pela Mesa; renúncia a partir da posse na prefeitura em 01/01/2021 (ofícios lidos no DPL de 05/01/2021). Desligamento em 01/01/2021 no vínculo funcional (brutos/vinculos/000491.json).","data_raw/assembleias3/ES/eventos.csv",TRUE
"ES","2018","M2018_ES_7_55555_80000622479","Enivaldo dos Anjos","renuncia","2021-01-01","dia",,"Prefeito de Barra de São Francisco",,"https://www.al.es.gov.br/appdata/anexos_internet/DiariosPDF/2021/DPL______04.01.2021_O-0003.pdf","ocasionada pela renúncia do Sr. Deputado Enivaldo dos Anjos para exercer o cargo de Prefeito do Município de Barra de São Francisco","diario_oficial","brutos/dpl_paginas/DPL______04.01.2021_O-0003.txt","alta","Convocação do suplente pela Mesa; renúncia a partir da posse na prefeitura em 01/01/2021 (ofícios lidos no DPL de 05/01/2021). Desligamento em 01/01/2021 no vínculo funcional (brutos/vinculos/000061.json).","data_raw/assembleias3/ES/eventos.csv",TRUE
"ES","2022","M2022_ES_7_11100_80001649877","Theodorico de Assis Ferraço","renuncia","2025-01-01","dia",,"Prefeito de Cachoeiro de Itapemirim","Marcos Miranda Madureira","https://www.al.es.gov.br/appdata/anexos_internet/DiariosPDF/2025/DPL______02.01.2025_O-0003.pdf","o 1º suplente do PP, Senhor Marcos Miranda Madureira, para tomar posse no cargo de Deputado Estadual, em virtude da renúncia do Senhor Deputado Theodorico de Assis Ferraço, para sua investidura no cargo de Prefeito do Município de Cachoeiro de Itapemirim","diario_oficial","brutos/dpl_paginas/DPL______02.01.2025_O-0003.txt","alta","Mandato em curso (eleição de 2022); saída definitiva registrada por ter ocorrido após 2023. Ofício lido no DPL de 18/12/2024, condicionado à posse em 01/01/2025; desligamento em 01/01/2025 no vínculo (brutos/vinculos/000446.json).","data_raw/assembleias3/ES/eventos.csv",TRUE
"ES","2022","M2022_ES_7_19000_80001609612","Lucas Scaramussa","renuncia","2025-01-01","dia",,"Prefeito de Linhares","Allan Albert Lourenço Ferreira","https://www.al.es.gov.br/appdata/anexos_internet/DiariosPDF/2025/DPL______03.01.2025_O-0006.pdf","o 1º suplente do PODEMOS, Senhor Allan Albert Lourenço Ferreira, para tomar posse no cargo de Deputado Estadual, em virtude da renúncia do Senhor Deputado Lucas Scaramussa, para sua investidura no cargo de Prefeito do Município de Linhares","diario_oficial","brutos/dpl_paginas/DPL______03.01.2025_O-0006.txt","alta","Mandato em curso (eleição de 2022); saída definitiva após 2023. Ofício lido no DPL de 18/12/2024, condicionado à posse em 01/01/2025; desligamento em 01/01/2025 no vínculo (brutos/vinculos/008006.json).","data_raw/assembleias3/ES/eventos.csv",TRUE
"GO","1998","M1998_GO_7_11116_900000907111161","Sebastião Monteiro Guimarães Filho","licenca","1999-02-02","dia",,"Secretário de Estado dos Transportes e Obras Públicas","José Lopes","https://publicacoes.al.go.leg.br/biblioteca/o_legislativo_em_goias_vol1_2edicao.pdf","Sebastião Monteiro Guimarães Filho, em 2 de fevereiro de 1999, licenciou-se do cargo para assumir a Secretaria de Estado dos Transportes e Obras Públicas, ocupando sua vaga José Lopes.","memorial_casa","brutos/publicacoes/o_legislativo_em_goias_vol1_2edicao.pdf","alta","O Legislativo em Goiás - História e Legislaturas, vol. 1, 2ª ed., p. 203-208 (14ª Legislatura)","data_raw/assembleias3/GO/eventos.csv",TRUE
"GO","1998","M1998_GO_7_11116_900000907111161","Sebastião Monteiro Guimarães Filho","retorno","2000-05-31","dia",,,,"https://publicacoes.al.go.leg.br/biblioteca/o_legislativo_em_goias_vol1_2edicao.pdf","Retornou às atividades parlamentares no dia 31 de maio de 2000, voltando à suplência Nilo Resende.","memorial_casa","brutos/publicacoes/o_legislativo_em_goias_vol1_2edicao.pdf","alta","O Legislativo em Goiás - História e Legislaturas, vol. 1, 2ª ed., p. 203-208 (14ª Legislatura)","data_raw/assembleias3/GO/eventos.csv",TRUE
"GO","1998","M1998_GO_7_11116_900000907111161","Sebastião Monteiro Guimarães Filho","licenca","2000-10-16","dia",,"Secretário Extraordinário do Governo","Júlio Carrijo","https://publicacoes.al.go.leg.br/biblioteca/o_legislativo_em_goias_vol1_2edicao.pdf","Em 16 de outubro de 2000, afastou-se do cargo, em virtude de sua nomeação como secretário Extraordinário do Governo, retornando à Casa Júlio Carrijo.","memorial_casa","brutos/publicacoes/o_legislativo_em_goias_vol1_2edicao.pdf","alta","O Legislativo em Goiás - História e Legislaturas, vol. 1, 2ª ed., p. 203-208 (14ª Legislatura)","data_raw/assembleias3/GO/eventos.csv",TRUE
"GO","1998","M1998_GO_7_11116_900000907111161","Sebastião Monteiro Guimarães Filho","renuncia","2001-01-01","dia",,"prefeito de Formosa","Carlos Alberto Silva","https://publicacoes.al.go.leg.br/biblioteca/o_legislativo_em_goias_vol1_2edicao.pdf","Renunciou ao cargo em 1º de janeiro de 2001, para assumir a Prefeitura de Formosa, efetivando-se o suplente Carlos Alberto;","memorial_casa","brutos/publicacoes/o_legislativo_em_goias_vol1_2edicao.pdf","alta","O Legislativo em Goiás - História e Legislaturas, vol. 1, 2ª ed., p. 203-208 (14ª Legislatura)","data_raw/assembleias3/GO/eventos.csv",TRUE
"GO","1998","M1998_GO_7_15111_900000907151111","Adib Elias","renuncia","2001-01-01","dia",,"prefeito de Catalão",,"https://portal.al.go.leg.br/deputados/perfil-biografico/114","Em 1.º de janeiro de 2001, ele renunciou ao mandato para assumir o cargo de prefeito de Catalão.","portal_casa","brutos/portal/perfil_biografico_114.html","alta",,"data_raw/assembleias3/GO/eventos.csv",TRUE
"GO","1998","M1998_GO_7_15135_900000907151351","Nelson Antônio da Silva","licenca","2001-10-03","dia",,,"Aloísio Moreira dos Santos","https://publicacoes.al.go.leg.br/biblioteca/o_legislativo_em_goias_vol1_2edicao.pdf","Requereu licença para tratamento de saúde, por 121 dias, contados a partir de 3 de outubro de 2001, tendo sido vencida em 31 de janeiro de 2002. Prorrogou-a por mais 121 dias, de 1º de fevereiro de 2002 até 1º de junho de 2002. Permaneceu em sua vaga Iso Moreira.","memorial_casa","brutos/publicacoes/o_legislativo_em_goias_vol1_2edicao.pdf","alta","O Legislativo em Goiás - História e Legislaturas, vol. 1, 2ª ed., p. 203-208 (14ª Legislatura); licença para tratamento de saúde","data_raw/assembleias3/GO/eventos.csv",TRUE
"GO","1998","M1998_GO_7_15135_900000907151351","Nelson Antônio da Silva","retorno","2002-06-02","dia",,,,"https://publicacoes.al.go.leg.br/biblioteca/o_legislativo_em_goias_vol1_2edicao.pdf","Em 2 de junho de 2002, reassumiu suas funções voltando à suplência Iso Moreira;","memorial_casa","brutos/publicacoes/o_legislativo_em_goias_vol1_2edicao.pdf","alta","O Legislativo em Goiás - História e Legislaturas, vol. 1, 2ª ed., p. 203-208 (14ª Legislatura)","data_raw/assembleias3/GO/eventos.csv",TRUE
"GO","1998","M1998_GO_7_15141_900000907151411","José Essado Neto","renuncia","2000-10-01","intervalo","2001-01-02","prefeito de Inhumas","Ozair José da Silva","https://publicacoes.al.go.leg.br/biblioteca/o_legislativo_em_goias_vol1_2edicao.pdf","Ozair José da Silva (PMDB), empossado em 2 de janeiro de 2001, efetivando-se na vaga de José Essado, que renunciou ao cargo para assumir a Prefeitura Municipal de Inhumas;","memorial_casa","brutos/publicacoes/o_legislativo_em_goias_vol1_2edicao.pdf","alta","O Legislativo em Goiás - História e Legislaturas, vol. 1, 2ª ed., p. 203-208 (14ª Legislatura); data do ato não informada, entre a eleição municipal (01/10/2000) e a posse do suplente (02/01/2001)","data_raw/assembleias3/GO/eventos.csv",TRUE
"GO","1998","M1998_GO_7_18181_900000907181811","Rosiron Wayne de Oliveira","licenca","2002-06-04","dia",,,"Antônio Uchoa Sobrinho","https://publicacoes.al.go.leg.br/biblioteca/o_legislativo_em_goias_vol1_2edicao.pdf","Requereu licença para tratamento de saúde por 125 dias, a partir de 4 de junho de 2002, ocupando sua vaga Antônio Uchoa Sobrinho (PSC), em 6 de junho de 2002. Vencida sua licença em 16 de outubro de 2002, prorrogou-a por mais 125 dias. Em virtude do término dessa Legislatura, Antônio Uchoa permaneceu no cargo até o final da mesma, em 31 de janeiro de 2003;","memorial_casa","brutos/publicacoes/o_legislativo_em_goias_vol1_2edicao.pdf","alta","O Legislativo em Goiás - História e Legislaturas, vol. 1, 2ª ed., p. 203-208 (14ª Legislatura)","data_raw/assembleias3/GO/eventos.csv",TRUE
"GO","1998","M1998_GO_7_20111_900000907201111","Ronildo Naves de Oliveira","falecimento","2000-09-20","dia",,,"Marcos de Moura Cardoso","https://publicacoes.al.go.leg.br/biblioteca/o_legislativo_em_goias_vol1_2edicao.pdf","Ronildo Naves faleceu durante o exercício do mandato, no dia 20 de setembro de 2000, sendo substituído por Marcos de Moura Cardoso, que se efetivou a partir desta data;","memorial_casa","brutos/publicacoes/o_legislativo_em_goias_vol1_2edicao.pdf","alta","O Legislativo em Goiás - História e Legislaturas, vol. 1, 2ª ed., p. 203-208 (14ª Legislatura)","data_raw/assembleias3/GO/eventos.csv",TRUE
"GO","1998","M1998_GO_7_22123_900000907221231","Antonino Camilo de Andrade","licenca","2000-08-10","dia",,,"Álvaro Soares Guimarães","https://publicacoes.al.go.leg.br/biblioteca/o_legislativo_em_goias_vol1_2edicao.pdf","Antonino Andrade requereu licença para tratamento de saúde por 121 dias, a partir do dia 10 de agosto de 2000. Assumiu sua vaga Álvaro [...] Soares Guimarães (PL), que voltou à suplência em 11 de dezembro de 2000, com o retorno do titular.","memorial_casa","brutos/publicacoes/o_legislativo_em_goias_vol1_2edicao.pdf","alta","O Legislativo em Goiás - História e Legislaturas, vol. 1, 2ª ed., p. 203-208 (14ª Legislatura)","data_raw/assembleias3/GO/eventos.csv",TRUE
"GO","1998","M1998_GO_7_22123_900000907221231","Antonino Camilo de Andrade","retorno","2000-12-11","dia",,,,"https://publicacoes.al.go.leg.br/biblioteca/o_legislativo_em_goias_vol1_2edicao.pdf","Soares Guimarães (PL), que voltou à suplência em 11 de dezembro de 2000, com o retorno do titular.","memorial_casa","brutos/publicacoes/o_legislativo_em_goias_vol1_2edicao.pdf","alta","O Legislativo em Goiás - História e Legislaturas, vol. 1, 2ª ed., p. 203-208 (14ª Legislatura)","data_raw/assembleias3/GO/eventos.csv",TRUE
"GO","1998","M1998_GO_7_22123_900000907221231","Antonino Camilo de Andrade","licenca","2002-03-01","dia",,,"Álvaro Soares Guimarães","https://publicacoes.al.go.leg.br/biblioteca/o_legislativo_em_goias_vol1_2edicao.pdf","Requereu nova licença para tratamento de saúde, por 121 dias, contados a partir de 1º de março de 2002, até 29 de junho de 2002. Reassume a sua vaga Álvaro Guimarães, que permaneceu no cargo em virtude da prorrogação da licença para tratamento de saúde de Antonino Andrade, por mais 121 dias, a partir de 1º de julho de 2002;","memorial_casa","brutos/publicacoes/o_legislativo_em_goias_vol1_2edicao.pdf","alta","O Legislativo em Goiás - História e Legislaturas, vol. 1, 2ª ed., p. 203-208 (14ª Legislatura); o livro não registra o retorno depois da prorrogação","data_raw/assembleias3/GO/eventos.csv",TRUE
"GO","1998","M1998_GO_7_25111_900000907251111","Jalles Fontoura de Siqueira","licenca","1999-02-02","dia",,"Secretário da Fazenda","Nilo Sérgio de Resende Neto","https://publicacoes.al.go.leg.br/biblioteca/o_legislativo_em_goias_vol1_2edicao.pdf","Jalles Fontoura de Siqueira assumiu a pasta da Secretaria da Fazenda em 2 de fevereiro de 1999.","memorial_casa","brutos/publicacoes/o_legislativo_em_goias_vol1_2edicao.pdf","alta","O Legislativo em Goiás - História e Legislaturas, vol. 1, 2ª ed., p. 203-208 (14ª Legislatura)","data_raw/assembleias3/GO/eventos.csv",TRUE
"GO","1998","M1998_GO_7_25111_900000907251111","Jalles Fontoura de Siqueira","retorno","2002-01-01","dia",,,,"https://publicacoes.al.go.leg.br/biblioteca/o_legislativo_em_goias_vol1_2edicao.pdf","Em 1º de janeiro de 2002, retornou às suas atividades parlamentares, voltando à suplência Raquel Mendes Vieira Rodrigues;","memorial_casa","brutos/publicacoes/o_legislativo_em_goias_vol1_2edicao.pdf","alta","O Legislativo em Goiás - História e Legislaturas, vol. 1, 2ª ed., p. 203-208 (14ª Legislatura)","data_raw/assembleias3/GO/eventos.csv",TRUE
"GO","1998","M1998_GO_7_25999_900000907259991","Célio Antônio da Silveira","licenca","2000-07-28","dia",,"Secretário Extraordinário do Governo","Nilo Resende","https://publicacoes.al.go.leg.br/biblioteca/o_legislativo_em_goias_vol1_2edicao.pdf","Célio Antônio da Silveira, em 28 de julho de 2000, afastou-se do cargo em virtude de sua nomeação para a Secretaria Extraordinária do Governo, assumindo sua vaga o suplente Nilo Resende, em 3 de agosto de 2000.","memorial_casa","brutos/publicacoes/o_legislativo_em_goias_vol1_2edicao.pdf","alta","O Legislativo em Goiás - História e Legislaturas, vol. 1, 2ª ed., p. 203-208 (14ª Legislatura)","data_raw/assembleias3/GO/eventos.csv",TRUE
"GO","1998","M1998_GO_7_25999_900000907259991","Célio Antônio da Silveira","retorno","2000-10-03","dia",,,,"https://publicacoes.al.go.leg.br/biblioteca/o_legislativo_em_goias_vol1_2edicao.pdf","Em 3 de outubro de 2000, Célio Silveira, que se exonerara do cargo de secretário Extraordinário da Governadoria do Estado, retornou às atividades parlamentares e, com isso, Júlio Carrijo voltou à suplência;","memorial_casa","brutos/publicacoes/o_legislativo_em_goias_vol1_2edicao.pdf","alta","O Legislativo em Goiás - História e Legislaturas, vol. 1, 2ª ed., p. 203-208 (14ª Legislatura); o perfil biográfico dá a exoneração em 01/10/2000","data_raw/assembleias3/GO/eventos.csv",TRUE
"GO","1998","M1998_GO_7_41123_900000907411231","Paulo Rodrigues de Freitas","renuncia","2001-10-31","dia",,"conselheiro do Tribunal de Contas dos Municípios","Ézio Gomes","https://publicacoes.al.go.leg.br/biblioteca/o_legislativo_em_goias_vol1_2edicao.pdf","Paulo Rodrigues renuncia ao mandato no dia 31 de outubro de 2001, para assumir o cargo de conselheiro do Tribunal de Contas dos Municípios, na vaga decorrente da aposentadoria do conselheiro Waldemir Xerife, assumindo sua vaga Ézio Gomes;","memorial_casa","brutos/publicacoes/o_legislativo_em_goias_vol1_2edicao.pdf","alta","O Legislativo em Goiás - História e Legislaturas, vol. 1, 2ª ed., p. 203-208 (14ª Legislatura); o perfil biográfico diz Tribunal de Contas, sem especificar","data_raw/assembleias3/GO/eventos.csv",TRUE
"GO","1998","M1998_GO_7_41155_900000907411551","Dr. George Morais","renuncia","2000-12-31","dia",,"prefeito de Trindade",,"https://portal.al.go.leg.br/deputados/perfil-biografico/815","Em 2000 se candidatou à Prefeitura de Trindade, pelo Partido da Social Democracia Brasileira (PSDB). Eleito, em 31 de dezembro daquele ano, renunciou ao mandato de deputado estadual para comandar a prefeitura.","portal_casa","brutos/portal/perfil_biografico_815.html","alta",,"data_raw/assembleias3/GO/eventos.csv",TRUE
"GO","1998","M1998_GO_7_45111_900000907451111","Luiz Moura","renuncia","2000-12-31","dia",,"prefeito de Itumbiara","Raquel Rodrigues","https://portal.al.go.leg.br/deputados/perfil-biografico/489","Em 31.12.2000, renunciou ao mandato para assumir cargo de Prefeito. Prefeito Municipal de Itumbiara, PSDB, gestão 2001-2004.","portal_casa","brutos/portal/perfil_biografico_489.html","alta",,"data_raw/assembleias3/GO/eventos.csv",TRUE
"GO","1998","M1998_GO_7_45150_900000907451501","Sebastião Joaquim Pereira Neto Tejota","renuncia","2003-01-01","intervalo","2003-01-07","conselheiro do Tribunal de Contas do Estado",,"https://publicacoes.al.go.leg.br/biblioteca/o_legislativo_em_goias_vol1_2edicao.pdf","Presidente Sebastião Joaquim Pereira Neto Tejota - PSDB (até 1º de janeiro de 2003) [...] Abdul Sebba assumiu o cargo de presidente da Assembleia Legislativa no dia 7 de janeiro de 2003 e permaneceu até 31 de janeiro de 2003, em virtude da renúncia do deputado Sebastião Tejota, para assumir o cargo de conselheiro do Tribunal de Contas do Estado.","memorial_casa","brutos/publicacoes/o_legislativo_em_goias_vol1_2edicao.pdf","alta","O Legislativo em Goiás - História e Legislaturas, vol. 1, 2ª ed., p. 203-208 (14ª Legislatura); data do ato não informada, entre o fim da presidência (01/01/2003) e a posse de Abdul Sebba na presidência (07/01/2003)","data_raw/assembleias3/GO/eventos.csv",TRUE
"GO","1998","M1998_GO_7_45151_900000907451511","Honor Cruvinel de Oliveira","licenca","1999-02-02","dia",,"Secretário de Cidadania e Trabalho","Carlos Alberto Silva","https://publicacoes.al.go.leg.br/biblioteca/o_legislativo_em_goias_vol1_2edicao.pdf","Honor Cruvinel de Oliveira assumiu a Secretaria de Cidadania e Trabalho em 2 de fevereiro de 1999.","memorial_casa","brutos/publicacoes/o_legislativo_em_goias_vol1_2edicao.pdf","alta","O Legislativo em Goiás - História e Legislaturas, vol. 1, 2ª ed., p. 203-208 (14ª Legislatura)","data_raw/assembleias3/GO/eventos.csv",TRUE
"GO","1998","M1998_GO_7_45151_900000907451511","Honor Cruvinel de Oliveira","retorno","2002-01-01","dia",,,,"https://publicacoes.al.go.leg.br/biblioteca/o_legislativo_em_goias_vol1_2edicao.pdf","Em 1º de janeiro de 2002, retornou às suas atividades parlamentares, voltando à suplência Júlio Lopes Carrijo;","memorial_casa","brutos/publicacoes/o_legislativo_em_goias_vol1_2edicao.pdf","alta","O Legislativo em Goiás - História e Legislaturas, vol. 1, 2ª ed., p. 203-208 (14ª Legislatura)","data_raw/assembleias3/GO/eventos.csv",TRUE
"GO","1998","M1998_GO_7_45155_900000907451551","José Luciano da Fonseca","falecimento","2000-09-10","dia",,,"José Lopes","https://publicacoes.al.go.leg.br/biblioteca/o_legislativo_em_goias_vol1_2edicao.pdf","José Luciano faleceu durante o exercício do mandato, no dia 10 de setembro de 2000, sendo substituído por Júlio Lopes Carrijo","memorial_casa","brutos/publicacoes/o_legislativo_em_goias_vol1_2edicao.pdf","alta","O Legislativo em Goiás - História e Legislaturas, vol. 1, 2ª ed., p. 203-208 (14ª Legislatura); José Lopes efetivou-se na vaga (Suplentes da Legislatura)","data_raw/assembleias3/GO/eventos.csv",TRUE
"GO","1998","M1998_GO_7_65123_900000907651231","Denise Aparecida Carvalho","licenca","2003-01-01","intervalo","2003-01-06","Secretária de Ciência e Tecnologia","José Humberto Aidar","https://publicacoes.al.go.leg.br/biblioteca/o_legislativo_em_goias_vol1_2edicao.pdf","José Humberto Aidar, 1º suplente pela Coligação PDT/PT/PC do B, foi empossado em 6 de janeiro de 2003, na vaga de Denise Carvalho, que se afastou para assumir a Secretaria de Ciências e Tecnologia, permanecendo no cargo até o final da legislatura, em 31 de janeiro de 2003.","memorial_casa","brutos/publicacoes/o_legislativo_em_goias_vol1_2edicao.pdf","media","O Legislativo em Goiás - História e Legislaturas, vol. 1, 2ª ed., p. 203-208 (14ª Legislatura); data do afastamento não informada, limite superior é a posse do suplente","data_raw/assembleias3/GO/eventos.csv",TRUE
"GO","1998",,"Raquel Rodrigues","posse_suplente","2001-01-02","dia",,,,"https://portal.al.go.leg.br/deputados/perfil-biografico/159","Deputada Estadual, suplente do PPB, 14.ª Legislatura, 1999-2002. Assume em 02 de janeiro de 2001 na vaga de Luiz Moura, que renunciou para assumir cargo de prefeito.","portal_casa","brutos/portal/perfil_biografico_159.html","alta","vaga de Luiz Moura","data_raw/assembleias3/GO/eventos.csv",TRUE
"GO","2002","M2002_GO_7_11477_782","Raquel Mendes Vieira Rodrigues","renuncia","2004-10-03","intervalo","2005-01-01","prefeita de Santa Helena de Goiás","Lamis Chedraoui Cosac","https://publicacoes.al.go.leg.br/biblioteca/o_legislativo_em_goias_vol1_2edicao.pdf","Foi efetivada em 1º de janeiro de 2005, em virtude da renúncia ao mandato de Raquel Rodrigues para assumir o cargo de Prefeita em Santa Helena de Goiás;","memorial_casa","brutos/publicacoes/o_legislativo_em_goias_vol1_2edicao.pdf","alta","O Legislativo em Goiás - História e Legislaturas, vol. 1, 2ª ed., p. 211-215 (15ª Legislatura); data do ato não informada, entre a eleição municipal (03/10/2004) e a efetivação de Lamis Cosac (01/01/2005)","data_raw/assembleias3/GO/eventos.csv",TRUE
"GO","2002","M2002_GO_7_15111_345","Magda Mofatto Hon","renuncia","2004-10-03","intervalo","2005-01-03","prefeita de Caldas Novas","Paulo Cezar Martins","https://publicacoes.al.go.leg.br/biblioteca/o_legislativo_em_goias_vol1_2edicao.pdf","Magda Mofatto Hon renunciou ao mandato para assumir a Prefeitura Municipal de Caldas Novas. [...] Paulo Cezar Martins, 2º suplente, eleito pelo PMDB, empossado em 3 de janeiro de 2005, em virtude da renúncia de Magda Mofatto para assumir o cargo de Prefeita em Caldas Novas;","memorial_casa","brutos/publicacoes/o_legislativo_em_goias_vol1_2edicao.pdf","alta","O Legislativo em Goiás - História e Legislaturas, vol. 1, 2ª ed., p. 211-215 (15ª Legislatura); data do ato não informada, entre a eleição municipal (03/10/2004) e a posse do suplente (03/01/2005)","data_raw/assembleias3/GO/eventos.csv",TRUE
"GO","2002","M2002_GO_7_15147_244","José Gomes da Rocha","renuncia","2005-01-01","dia",,"prefeito de Itumbiara","Onaide Silva Santillo","https://publicacoes.al.go.leg.br/biblioteca/o_legislativo_em_goias_vol1_2edicao.pdf","José Gomes da Rocha, em 1º de janeiro de 2005, renunciou ao mandato para assumir a Prefeitura Municipal de Itumbiara;","memorial_casa","brutos/publicacoes/o_legislativo_em_goias_vol1_2edicao.pdf","alta","O Legislativo em Goiás - História e Legislaturas, vol. 1, 2ª ed., p. 211-215 (15ª Legislatura)","data_raw/assembleias3/GO/eventos.csv",TRUE
"GO","2002","M2002_GO_7_22777_1150","Walter Inácio do Nascimento","licenca","2005-05-03","dia",,,"Álvaro Soares Guimarães","https://publicacoes.al.go.leg.br/biblioteca/o_legislativo_em_goias_vol1_2edicao.pdf","Foi empossado em 10 de maio de 2005, na vaga de Walter Inácio, licenciado pela Resolução nº 1.181, de 5 de maio de 2005, por um período de 124 dias, a contar do dia 3 do mês de maio de 2005, prorrogado por mais 30 dias, pela Resolução nº 1.192, de 13 de setembro de 2005.","memorial_casa","brutos/publicacoes/o_legislativo_em_goias_vol1_2edicao.pdf","alta","O Legislativo em Goiás - História e Legislaturas, vol. 1, 2ª ed., p. 211-215 (15ª Legislatura)","data_raw/assembleias3/GO/eventos.csv",TRUE
"GO","2002","M2002_GO_7_22777_1150","Walter Inácio do Nascimento","retorno","2005-10-04","dia",,,,"https://publicacoes.al.go.leg.br/biblioteca/o_legislativo_em_goias_vol1_2edicao.pdf","Retornou à suplência com o término da licença de Walter Inácio, no dia 4 de outubro de 2005.","memorial_casa","brutos/publicacoes/o_legislativo_em_goias_vol1_2edicao.pdf","alta","O Legislativo em Goiás - História e Legislaturas, vol. 1, 2ª ed., p. 211-215 (15ª Legislatura)","data_raw/assembleias3/GO/eventos.csv",TRUE
"GO","2002","M2002_GO_7_22777_1150","Walter Inácio do Nascimento","licenca","2005-10-19","dia",,"Secretário Extraordinário do Governo","Álvaro Soares Guimarães","https://publicacoes.al.go.leg.br/biblioteca/o_legislativo_em_goias_vol1_2edicao.pdf","Reassumiu o cargo em 19 de outubro de 2005, com o afastamento de Walter Inácio para ocupar o cargo de Secretário Extraordinário do Governo.","memorial_casa","brutos/publicacoes/o_legislativo_em_goias_vol1_2edicao.pdf","alta","O Legislativo em Goiás - História e Legislaturas, vol. 1, 2ª ed., p. 211-215 (15ª Legislatura); o livro não registra o retorno antes da licença de abril de 2006","data_raw/assembleias3/GO/eventos.csv",TRUE
"GO","2002","M2002_GO_7_22777_1150","Walter Inácio do Nascimento","licenca","2006-04-19","dia",,,"Álvaro Soares Guimarães","https://publicacoes.al.go.leg.br/biblioteca/o_legislativo_em_goias_vol1_2edicao.pdf","Reassumiu o cargo em 19 de abril de 2006, em virtude de licença concedida pela Resolução nº 1.206, de 19 de abril de 2006, a Walter Inácio, para tratamento de saúde, por 124 dias, a partir daquela data até 20 de agosto de 2006. Permaneceu no cargo até o final da legislatura, em virtude da prorrogação da licença pelas Resoluções nº 1.209, de 15 de agosto de 2006, por mais 30 dias, e pela Resolução nº 1.210, de 10 de outubro de 2006, por mais 125 dias;","memorial_casa","brutos/publicacoes/o_legislativo_em_goias_vol1_2edicao.pdf","alta","O Legislativo em Goiás - História e Legislaturas, vol. 1, 2ª ed., p. 211-215 (15ª Legislatura)","data_raw/assembleias3/GO/eventos.csv",TRUE
"GO","2002","M2002_GO_7_23450_606","Heleandro Ferreira de Sena","licenca","2005-01-21","dia",,"Secretário Extraordinário de Estado para Assuntos da Juventude","Valdair de Jesus Costa","https://publicacoes.al.go.leg.br/biblioteca/o_legislativo_em_goias_vol1_2edicao.pdf","Heleandro Ferreira de Sena – Leandro Sena (líder do PPS) – afastou-se do cargo para assumir a Secretaria Extraordinária de Estado para Assuntos da Juventude, em 21 de janeiro de 2005;","memorial_casa","brutos/publicacoes/o_legislativo_em_goias_vol1_2edicao.pdf","alta","O Legislativo em Goiás - História e Legislaturas, vol. 1, 2ª ed., p. 211-215 (15ª Legislatura); o livro não registra o retorno, e a lista do portal de 17/01/2007 o traz em exercício","data_raw/assembleias3/GO/eventos.csv",TRUE
"GO","2002","M2002_GO_7_25456_842","Francisco Gomes de Abreu","licenca","2003-02-01","dia",,"Secretário de Cidadania e Trabalho","Helio Antônio de Sousa","https://publicacoes.al.go.leg.br/biblioteca/o_legislativo_em_goias_vol1_2edicao.pdf","Francisco Gomes de Abreu foi empossado em 1º de fevereiro de 2003, sendo que, nesta mesma data, afastou-se do cargo para assumir a Secretaria de Cidadania e Trabalho, porém retornou em 1º de janeiro de 2005;","memorial_casa","brutos/publicacoes/o_legislativo_em_goias_vol1_2edicao.pdf","alta","O Legislativo em Goiás - História e Legislaturas, vol. 1, 2ª ed., p. 211-215 (15ª Legislatura)","data_raw/assembleias3/GO/eventos.csv",TRUE
"GO","2002","M2002_GO_7_25456_842","Francisco Gomes de Abreu","retorno","2005-01-01","dia",,,,"https://publicacoes.al.go.leg.br/biblioteca/o_legislativo_em_goias_vol1_2edicao.pdf","Francisco Gomes de Abreu foi empossado em 1º de fevereiro de 2003, sendo que, nesta mesma data, afastou-se do cargo para assumir a Secretaria de Cidadania e Trabalho, porém retornou em 1º de janeiro de 2005;","memorial_casa","brutos/publicacoes/o_legislativo_em_goias_vol1_2edicao.pdf","alta","O Legislativo em Goiás - História e Legislaturas, vol. 1, 2ª ed., p. 211-215 (15ª Legislatura)","data_raw/assembleias3/GO/eventos.csv",TRUE
"GO","2002","M2002_GO_7_25999_820","Célio Antônio da Silveira","renuncia","2005-01-01","dia",,"prefeito de Luziânia","Helio Antônio de Sousa","https://publicacoes.al.go.leg.br/biblioteca/o_legislativo_em_goias_vol1_2edicao.pdf","Em 1º de janeiro de 2005, renunciou ao mandato para assumir a Prefeitura Municipal de Luziânia;","memorial_casa","brutos/publicacoes/o_legislativo_em_goias_vol1_2edicao.pdf","alta","O Legislativo em Goiás - História e Legislaturas, vol. 1, 2ª ed., p. 211-215 (15ª Legislatura)","data_raw/assembleias3/GO/eventos.csv",TRUE
"GO","2002","M2002_GO_7_44631_642","Misael Pereira de Oliveira","licenca","2005-04-19","dia",,"Secretário Extraordinário do Estado","Cilene Maria de Moraes Guimarães","https://publicacoes.al.go.leg.br/biblioteca/o_legislativo_em_goias_vol1_2edicao.pdf","Cilene Maria de Moraes Guimarães, 1ª suplente, eleita pela Coligação Aliança Democrática (PSL/PST/PAN/PSDC/PRTB/PRP), empossada em 19 de abril de 2005, em virtude do afastamento de Misael Oliveira para assumir o cargo de Secretário Extraordinário do Estado. Retornou à suplência em 21 de dezembro de 2005, com o retorno do titular;","memorial_casa","brutos/publicacoes/o_legislativo_em_goias_vol1_2edicao.pdf","alta","O Legislativo em Goiás - História e Legislaturas, vol. 1, 2ª ed., p. 211-215 (15ª Legislatura)","data_raw/assembleias3/GO/eventos.csv",TRUE
"GO","2002","M2002_GO_7_44631_642","Misael Pereira de Oliveira","retorno","2005-12-21","dia",,,,"https://publicacoes.al.go.leg.br/biblioteca/o_legislativo_em_goias_vol1_2edicao.pdf","Retornou à suplência em 21 de dezembro de 2005, com o retorno do titular;","memorial_casa","brutos/publicacoes/o_legislativo_em_goias_vol1_2edicao.pdf","alta","O Legislativo em Goiás - História e Legislaturas, vol. 1, 2ª ed., p. 211-215 (15ª Legislatura)","data_raw/assembleias3/GO/eventos.csv",TRUE
"GO","2002","M2002_GO_7_45150_837","Sebastião Tejota","nao_tomou_posse","2003-02-01","dia",,"conselheiro do Tribunal de Contas do Estado",,"https://portal.al.go.leg.br/deputados/perfil-biografico/166","Nas eleições de 2002, enquanto se prontificava a iniciar o exercício de mais um mandato de deputado estadual, foi indicado pela Assembléia Legislativa para assumir uma vaga de conselheiro do Tribunal de Contas do Estado, onde tomou posse no dia 7 de janeiro de 2003.","portal_casa","brutos/portal/perfil_biografico_166.html","media","já era conselheiro do TCE desde 07/01/2003 na instalação da 15ª legislatura (01/02/2003); data_evento é a da instalação","data_raw/assembleias3/GO/eventos.csv",TRUE
"GO","2002","M2002_GO_7_45455_793","Carla Cíntia Santillo","renuncia","2006-04-01","dia",,"conselheira do Tribunal de Contas do Estado","Saulo Furtado","https://publicacoes.al.go.leg.br/biblioteca/o_legislativo_em_goias_vol1_2edicao.pdf","Saulo Furtado, 4º suplente, eleito pela Coligação Tempo Novo Para Fazer Mais (PPB/PFL/PSDB), empossado em 4 de abril de 2006, nesta data filiado ao PPS, em virtude da renúncia de Carla Santillo, no dia 1º de abril de 2006, para ocupar o cargo de Conselheira do Tribunal de Contas do Estado de Goiás.","memorial_casa","brutos/publicacoes/o_legislativo_em_goias_vol1_2edicao.pdf","alta","O Legislativo em Goiás - História e Legislaturas, vol. 1, 2ª ed., p. 211-215 (15ª Legislatura)","data_raw/assembleias3/GO/eventos.csv",TRUE
"GO","2002","M2002_GO_7_45678_738","Honor Cruvinel de Oliveira","licenca","2004-02-18","dia",,"Secretário-geral da Governadoria","Lamis Chedraoui Cosac","https://publicacoes.al.go.leg.br/biblioteca/o_legislativo_em_goias_vol1_2edicao.pdf","Honor Cruvinel de Oliveira afastou-se a partir de 18 de fevereiro de 2004, para ocupar o cargo de secretário-geral da Governadoria do Estado, cabendo a Lamis Cosac ocupar a vaga. Retornou ao cargo em 6 de janeiro de 2005;","memorial_casa","brutos/publicacoes/o_legislativo_em_goias_vol1_2edicao.pdf","alta","O Legislativo em Goiás - História e Legislaturas, vol. 1, 2ª ed., p. 211-215 (15ª Legislatura)","data_raw/assembleias3/GO/eventos.csv",TRUE
"GO","2002","M2002_GO_7_45678_738","Honor Cruvinel de Oliveira","retorno","2005-01-06","dia",,,,"https://publicacoes.al.go.leg.br/biblioteca/o_legislativo_em_goias_vol1_2edicao.pdf","Retornou ao cargo em 6 de janeiro de 2005;","memorial_casa","brutos/publicacoes/o_legislativo_em_goias_vol1_2edicao.pdf","alta","O Legislativo em Goiás - História e Legislaturas, vol. 1, 2ª ed., p. 211-215 (15ª Legislatura)","data_raw/assembleias3/GO/eventos.csv",TRUE
"GO","2002","M2002_GO_7_45690_1369","Daniel Messac de Morais","retorno","2004-02-17","dia",,,,"https://publicacoes.al.go.leg.br/biblioteca/o_legislativo_em_goias_vol1_2edicao.pdf","retornou à Casa no dia 17 de fevereiro de 2004;","memorial_casa","brutos/publicacoes/o_legislativo_em_goias_vol1_2edicao.pdf","alta","O Legislativo em Goiás - História e Legislaturas, vol. 1, 2ª ed., p. 211-215 (15ª Legislatura)","data_raw/assembleias3/GO/eventos.csv",TRUE
"GO","2006","M2006_GO_7_15123_10540","José Nelto Lagares das Mercez","cassacao","2010-12-03","dia",,,"Lívio Luciano","https://saba.al.go.leg.br/v1/view/transparencia/public/KZfdxJcsLw-1fxy1M3Hb_g==","tendo em vista a decisão da Justiça Eleitoral, no processo 2010.003587 e o Ofício n° 294/2010-SJD, em trâmite no Tribunal Regional Eleitoral de Goiás, DECLARA A EXTINÇÃO DO MANDATO DO DEPUTADO JOSÉ NELTO LAGARES DAS MERCEZ, para todos os fins de Direito. ASSEMBLEIA LEGISLATIVA DO ESTADO DE GOIÁS, em Goiânia, em 03 de dezembro de 2010.","diario_oficial","brutos/diarios/pdf/dal_2010-12-03_978.pdf","alta","Ato da Mesa de 03/12/2010; a Relação dos Deputados passa a trazer Lívio Luciano em 06/12/2010 e mantém em 24/01/2011; Edição n° 11.101","data_raw/assembleias3/GO/eventos.csv",TRUE
"GO","2006","M2006_GO_7_15678_10585","Thiago Peixoto","licenca","2011-01-01","dia",,"Secretário de Estado de Educação","José Essado Neto","https://saba.al.go.leg.br/v1/view/transparencia/public/TrFtrXjtrzzHFeEBcsxOcA==","Tendo em vista o afastamento do Deputado Thiago Peixoto, a partir de 1º de janeiro de 2011, no exercício do mandato parlamentar, para ocupar o cargo de Secretário de Estado de Educação, e encontrando-se no Salão Nobre desta Casa, o Senhor José Essado Neto, 1º Suplente de Deputado eleito pelo PMDB à Assembléia Legislativa do Estado de Goiás, esta Presidência o convida para assumir o cargo de Deputado Estadual nesta data.","diario_oficial","brutos/diarios/pdf/dal_2011-01-03_1002.pdf","alta","Edição n° 11.117","data_raw/assembleias3/GO/eventos.csv",TRUE
"GO","2006","M2006_GO_7_45321_10330","Flávia Morais","licenca","2007-08-15","dia",,"Secretária de Estado da Cidadania e Trabalho","Daniel Messac","https://saba.al.go.leg.br/v1/view/transparencia/public/fkdaokDjA5PADkrjstc2Vg==","vem comunicar a Vossa Excelência o afastamento, a partir do dia 15 do fluente mês, do exercício de seu mandato Parlamentar, em virtude de ter aceito convite de Sua Excelência o Governador do Estado para ocupar o honroso cargo de Secretária de Estado da Cidadania e Trabalho.","diario_oficial","brutos/diarios/pdf/dal_2007-08-15_9.pdf","alta","comunicação datada de 14 de agosto de 2007; Edição nº 10.312","data_raw/assembleias3/GO/eventos.csv",TRUE
"GO","2006","M2006_GO_7_45321_10330","Flávia Morais","retorno","2010-03-31","dia",,,,"https://saba.al.go.leg.br/v1/view/transparencia/public/bMJ53lwjL48UzSk5zP_e-Q==","Processo nº 1.005/10, de autoria da nobre Deputada Flávia Morais, que comunica o seu retorno a partir do dia 31 de março de 2010.","diario_oficial","brutos/diarios/pdf/dal_2010-03-31_783.pdf","alta","Edição n° 10.952","data_raw/assembleias3/GO/eventos.csv",TRUE
"GO","2006","M2006_GO_7_45321_10330","Flávia Morais","cassacao","2010-07-21","dia",,,"Daniel Messac","https://saba.al.go.leg.br/v1/view/transparencia/public/rYLzH39dtbJiVvw--C5MEg==","tendo em vista a decisão da Justiça Eleitoral no processo PET n° 150 (número único 774225889.2009.609.0000) e o Ofício n° 140/2010 - CPRO/SECOM, oriundo do Mandado de Segurança n° 453905 (número único 453905.2010.609.0000), em trâmite no Tribunal Regional Eleitoral de Goiás, DECLARA A EXTINÇÃO DO MANDATO DA DEPUTADA ESTADUAL FLÁVIA MORAIS, para todos os fins de Direito. ASSEMBLEIA LEGISLATIVA DO ESTADO DE GOIÁS, em Goiânia, em 21 de julho de 2010.","diario_oficial","brutos/diarios/pdf/dal_2010-07-21_864.pdf","alta","Ato da Mesa de 21/07/2010 que declara a extinção do mandato por decisão da Justiça Eleitoral; a Relação dos Deputados do Diário passa a trazer Daniel Messac em 28/07/2010 e não traz Flávia Morais em 24/01/2011; Edição n° 11.021","data_raw/assembleias3/GO/eventos.csv",TRUE
"GO","2006",,"Daniel Messac","posse_suplente","2007-08-15","dia",,,,"https://saba.al.go.leg.br/v1/view/transparencia/public/fkdaokDjA5PADkrjstc2Vg==","Senhores Deputados, com o afastamento da Deputada Flávia Morais, encontrando-se na Casa o ilustre Deputado Daniel Mesac, convido uma comissão formada pelos Deputados Misael Oliveira, Mara Naves e Fábio Sousa, para trazer até o Plenário o ilustre segundo suplente, Deputado Daniel Messac.","diario_oficial","brutos/diarios/pdf/dal_2007-08-15_9.pdf","alta","vaga de Flávia Morais (licença); Edição nº 10.312","data_raw/assembleias3/GO/eventos.csv",TRUE
"GO","2006",,"José Essado Neto","posse_suplente","2011-01-03","dia",,,,"https://saba.al.go.leg.br/v1/view/transparencia/public/TrFtrXjtrzzHFeEBcsxOcA==","Tendo em vista o afastamento do Deputado Thiago Peixoto, a partir de 1º de janeiro de 2011, no exercício do mandato parlamentar, para ocupar o cargo de Secretário de Estado de Educação, e encontrando-se no Salão Nobre desta Casa, o Senhor José Essado Neto, 1º Suplente de Deputado eleito pelo PMDB à Assembléia Legislativa do Estado de Goiás, esta Presidência o convida para assumir o cargo de Deputado Estadual nesta data.","diario_oficial","brutos/diarios/pdf/dal_2011-01-03_1002.pdf","alta","vaga de Thiago Peixoto (licença); data da edição que publica a sessão; Edição n° 11.117","data_raw/assembleias3/GO/eventos.csv",TRUE
"GO","2010","M2010_GO_7_11234_90000000497","Evandro Magal","renuncia","2012-12-31","dia",,"prefeito de Caldas Novas",,"https://portal.al.go.leg.br/deputados/perfil-biografico/9","31.12.2012 - Renuncia ao mandato de deputado estadual para assumir a Prefeitura de Caldas Novas, cargo para o qual foi eleito em 07.10.2012.","portal_casa","brutos/portal/perfil_biografico_9.html","alta",,"data_raw/assembleias3/GO/eventos.csv",TRUE
"GO","2010","M2010_GO_7_12631_90000000272","Misael Oliveira","renuncia","2012-12-31","dia",,"prefeito de Senador Canedo",,"https://portal.al.go.leg.br/deputados/perfil-biografico/24","Em 31.12.2012 renuncia ao mandato de deputado estadual para assumir a Prefeitura de Senador Canedo, cargo para o qual foi eleito nas eleições municipais de 07.10.2012.","portal_casa","brutos/portal/perfil_biografico_24.html","alta",,"data_raw/assembleias3/GO/eventos.csv",TRUE
"GO","2010","M2010_GO_7_14040_90000000314","Hildo do Candango","renuncia","2012-12-31","dia",,"prefeito de Águas Lindas de Goiás",,"https://portal.al.go.leg.br/deputados/perfil-biografico/66","31.12.2012 - Renuncia ao cargo de deputado estadual para assumir o Poder Executivo da cidade de Águas Lindas, cargo conquistado nas eleições de 07.10.2012.","portal_casa","brutos/portal/perfil_biografico_66.html","alta",,"data_raw/assembleias3/GO/eventos.csv",TRUE
"GO","2010","M2010_GO_7_14333_90000000295","Cristóvão Tormin","renuncia","2012-12-31","dia",,"prefeito de Luziânia",,"https://portal.al.go.leg.br/deputados/perfil-biografico/6","31.12.2012 - Renuncia ao mandato de deputado estadual para assumir a prefeitura de Luziânia, cargo que foi eleito em 07.10.2012.","portal_casa","brutos/portal/perfil_biografico_6.html","alta",,"data_raw/assembleias3/GO/eventos.csv",TRUE
"GO","2010","M2010_GO_7_25555_90000000068","Nilo Resende","renuncia","2013-04-04","dia",,"conselheiro do Tribunal de Contas dos Municípios",,"https://portal.al.go.leg.br/deputados/perfil-biografico/25","Em 04.04.2013 é indicado para a vaga de conselheiro do Tribunal de Contas dos Municípios, renunciado assim, ao mandato de deputado estadual.","portal_casa","brutos/portal/perfil_biografico_25.html","media","data do perfil é a da indicação; a renúncia pode ter data própria","data_raw/assembleias3/GO/eventos.csv",TRUE
"GO","2010","M2010_GO_7_45222_90000000057","Jardel Sebba","renuncia","2012-12-31","dia",,"prefeito de Catalão",,"https://portal.al.go.leg.br/deputados/perfil-biografico/16","Em 31.12.2012 - renuncia ao mandato de deputado estadual para assumir o comando da Prefeitura de Catalão, cargo que foi eleito em 07.10.2012, ao vencer as eleições municipais.","portal_casa","brutos/portal/perfil_biografico_16.html","alta",,"data_raw/assembleias3/GO/eventos.csv",TRUE
"GO","2010","M2010_GO_7_45555_90000000050","Helder Valin","renuncia","2014-09-05","dia",,"conselheiro do Tribunal de Contas do Estado",,"https://portal.al.go.leg.br/deputados/perfil-biografico/11","Em 05 de setembro de 2014 renúncia ao mandado para assumir vaga de conselheiro do Tribunal de Contas do Estado, surgida com a aposentadoria de Milton Alves.","portal_casa","brutos/portal/perfil_biografico_11.html","alta",,"data_raw/assembleias3/GO/eventos.csv",TRUE
"GO","2010","M2010_GO_7_45745_90000000060","Jânio Darrot","licenca","2011-02-08","dia",,"Secretário de Desenvolvimento da Região Metropolitana",,"https://portal.al.go.leg.br/deputados/perfil-biografico/73","Licenciou-se do Legislativo no dia 08.02.2011 para assumir a Secretaria de Desenvolvimento da Região Metropolitana;","portal_casa","brutos/portal/perfil_biografico_73.html","alta",,"data_raw/assembleias3/GO/eventos.csv",TRUE
"GO","2010","M2010_GO_7_45745_90000000060","Jânio Darrot","retorno","2011-10-04","dia",,,,"https://portal.al.go.leg.br/deputados/perfil-biografico/73","Retornou à Assembleia Legislativa em 04.10.2011, após ter deixado o cargo de secretário da Secretaria de Desenvolvimento da Região Metropolitana.","portal_casa","brutos/portal/perfil_biografico_73.html","alta",,"data_raw/assembleias3/GO/eventos.csv",TRUE
"GO","2010","M2010_GO_7_45745_90000000060","Jânio Darrot","renuncia","2012-12-31","dia",,"prefeito de Trindade",,"https://portal.al.go.leg.br/deputados/perfil-biografico/73","Em 31.12.2012 renuncia ao mandato de deputado estadual para assumir a Prefeitura de Trindade, por ter se sagrado vencedor nas eleições municipais de 07.10.2012.","portal_casa","brutos/portal/perfil_biografico_73.html","alta",,"data_raw/assembleias3/GO/eventos.csv",TRUE
"GO","2014","M2014_GO_7_13215_90000000339","Renato de Castro","renuncia","2016-12-30","dia",,"prefeito de Goianésia",,"https://portal.al.go.leg.br/deputados/perfil-biografico/128","Em 30 de dezembro de 2016, renunciou ao mandato para assumir a Prefeitura do município de Goianésia, em eleição realizada em 02 de outubro de 2016.","portal_casa","brutos/portal/perfil_biografico_128.html","alta",,"data_raw/assembleias3/GO/eventos.csv",TRUE
"GO","2014","M2014_GO_7_14147_90000000917","Zé Antônio","renuncia","2016-12-30","dia",,"prefeito de Itumbiara",,"https://portal.al.go.leg.br/deputados/perfil-biografico/113","Em 30 de dezembro de 2016, renuncia ao mandato de deputado estadual para assumir a prefeitura do município de Itumbiara, em eleição realizada em 02 de outubro de 2016.","portal_casa","brutos/portal/perfil_biografico_113.html","alta",,"data_raw/assembleias3/GO/eventos.csv",TRUE
"GO","2014","M2014_GO_7_14800_90000000928","Valcenôr Braz","licenca","2015-02-04","dia",,"Secretário do Entorno do Distrito Federal",,"https://portal.al.go.leg.br/deputados/perfil-biografico/69","No dia 04.02.2015 licenciou-se da Assembleia Legislativa para assumir a Secretaria do Entorno do Distrito Federal.","portal_casa","brutos/portal/perfil_biografico_69.html","alta",,"data_raw/assembleias3/GO/eventos.csv",TRUE
"GO","2014","M2014_GO_7_14800_90000000928","Valcenôr Braz","retorno","2015-04-13","dia",,,,"https://portal.al.go.leg.br/deputados/perfil-biografico/69","No dia 13.04.15 afasta-se da Secretaria do Entorno e retorna à Assembleia Legislativa.","portal_casa","brutos/portal/perfil_biografico_69.html","alta",,"data_raw/assembleias3/GO/eventos.csv",TRUE
"GO","2014","M2014_GO_7_14800_90000000928","Valcenôr Braz","renuncia","2016-12-08","dia",,"conselheiro do Tribunal de Contas dos Municípios","Júlio da Retífica","https://portal.al.go.leg.br/deputados/perfil-biografico/69","Em 08 de dezembro de 2016 apresenta a renúncia ao mandato de parlamentar para tomar posse no TCM. Com sua saída, efetiva-se o primeiro suplente, deputado Júlio da Retífica.","portal_casa","brutos/portal/perfil_biografico_69.html","alta",,"data_raw/assembleias3/GO/eventos.csv",TRUE
"GO","2014","M2014_GO_7_15111_90000000657","Adib Elias","renuncia","2016-12-30","dia",,"prefeito de Catalão",,"https://portal.al.go.leg.br/deputados/perfil-biografico/114","Em 30 de dezembro de 2016, renuncia ao mandato de deputado estadual para assumir a prefeitura do município de Catalão, em eleição realizada em 02 de outubro de 2016.","portal_casa","brutos/portal/perfil_biografico_114.html","alta",,"data_raw/assembleias3/GO/eventos.csv",TRUE
"GO","2014","M2014_GO_7_15800_90000000668","Ernesto Roller","renuncia","2016-12-30","dia",,"prefeito de Formosa",,"https://portal.al.go.leg.br/deputados/perfil-biografico/45","Em 30 de dezembro de 2016, renuncia ao mandato de deputado estadual para assumir a prefeitura do município de Formosa, em eleição realizada em 02 de outubro de 2016.","portal_casa","brutos/portal/perfil_biografico_45.html","alta",,"data_raw/assembleias3/GO/eventos.csv",TRUE
"GO","2014","M2014_GO_7_55555_90000000959","Lincoln Graziane Pereira da Rocha","renuncia","2019-01-01","dia",,"vice-governador do Estado de Goiás","Henrique César","https://saba.al.go.leg.br/v1/view/transparencia/public/E79oCrHSfxVnTxiHis2HPw==","Declaro empossado, para o período de 1º de janeiro de 2019 a 31 de dezembro de 2022, no cargo de Vice-Governador do Estado de Goiás, o Senhor Lincoln Graziane Pereira da Rocha.","diario_oficial","brutos/diarios/pdf/dal_2019-01-01_3417.pdf","media","o Diário registra a posse como vice-governador em 01/01/2019 e não o ato de renúncia ou de declaração de vaga, que não foi localizado; a Relação dos Deputados troca LINCOLN TEJOTA por HENRIQUE CÉSAR a partir da edição de 14/01/2019; Edição n° 13.005","data_raw/assembleias3/GO/eventos.csv",TRUE
"GO","2018","M2018_GO_7_15123_90000610590","Humberto Aidar","renuncia","2022-03-10","intervalo","2022-03-18","conselheiro do Tribunal de Contas dos Municípios","Max Menezes","https://portal.al.go.leg.br/deputados/perfil-biografico/13","Em 10 de março de 2022 é indicado, pela Assembleia Legislativa, para a uma vaga no Tribunal de Contas dos Municípios, no lugar de Nilo Rezende. * Em 18 de março de 2022 toma posse como conselheiro do Tribunal de Contas dos Municípios. Abre vaga para o suplente do MDB, Max Menezes assumir cadeira na Assembleia Legislativa.","portal_casa","brutos/portal/perfil_biografico_13.html","media","perfil dá indicação (10/03/2022) e posse no TCM (18/03/2022), sem a data do ato de saída do mandato","data_raw/assembleias3/GO/eventos.csv",TRUE
"GO","2018","M2018_GO_7_25678_90000608267","Iso Moreira","falecimento","2022-11-04","dia",,,,"https://portal.al.go.leg.br/deputados/perfil-biografico/15","Em 4 de novembro de 2022, Iso Moreira faleceu, vítima da covid-19, depois de longa internação no Rio de Janeiro.","portal_casa","brutos/portal/perfil_biografico_15.html","alta","a folha de janeiro de 2023 traz ALOISIO MOREIRA DOS SANTOS com desligamento 04/11/2022 e subsídio zero","data_raw/assembleias3/GO/eventos.csv",TRUE
"GO","2018","M2018_GO_7_45333_90000620427","Diego Sorgatto","renuncia","2020-12-31","dia",,"prefeito de Luziânia",,"https://portal.al.go.leg.br/deputados/perfil-biografico/118","Em 31 de dezembro de 2020, renuncia ao mandato de deputado estadual para assumir a prefeitura de Luziânia (01.01.2021)","portal_casa","brutos/portal/perfil_biografico_118.html","alta",,"data_raw/assembleias3/GO/eventos.csv",TRUE
"GO","2018","M2018_GO_7_90100_90000607671","Vinícius Cirqueira","cassacao","2021-09-29","dia",,,"Sérgio Bravo","https://portal.al.go.leg.br/deputados/perfil-biografico/151","Em 29 de setembro de 2021 teve seu mandato cassado pelo Tribunal Superior Eleitoral. Em sua vaga, assumiu o suplente Sérgio Bravo.","portal_casa","brutos/portal/perfil_biografico_151.html","alta",,"data_raw/assembleias3/GO/eventos.csv",TRUE
"GO","2022","M2022_GO_7_44500_90001648408","Renato de Castro","renuncia","2024-12-27","dia",,"prefeito de Goianésia",,"https://portal.al.go.leg.br/deputados/perfil-biografico/128","Em 27 de dezembro de 2024 renuncia ao mandato para assumir, em 1º de janeiro de 2025, a Prefeitura de Goianésia para o qual foi eleito de outubro de 2024.","portal_casa","brutos/portal/perfil_biografico_128.html","alta","mandato em curso (eleição de 2022); a folha de dezembro de 2024 traz RENATO MENEZES DE CASTRO com desligamento 27/12/2024","data_raw/assembleias3/GO/eventos.csv",TRUE
"MT","1998","M1998_MT_7_15150_110001107151501","Nico Baracat","licenca","1999-03-01","mes",,,,"https://www.iomat.mt.gov.br/portal/edicoes/download/12244/24","Conceder ao Deputado NICQ BARACAT licenga de 121 (cento e vinte a um) dias para tratar da assunto de interesse particular, a partir de is de margo de 1999","diario_oficial","brutos/iomat/Concede_licenga_1999-01-01_1999-12-31_p0_12a96c.json","alta","Resolução da ALMT publicada no DOE de 03/03/1999; 121 dias para assunto particular. Dia de início ilegível no OCR (""""is de margo"""")","data_raw/assembleias3/MT/eventos.csv",TRUE
"MT","1998","M1998_MT_7_15150_110001107151501","Nico Baracat","licenca","2001-06-02","dia",,,,"https://www.iomat.mt.gov.br/portal/edicoes/download/12833/8","NICO BARACAT licenga de 121 tratamento de saude, a partir de (cento e vinte e um) di P 02 de junho de 2001","diario_oficial","brutos/iomat/Concede_licenca_2001-01-01_2001-12-31_p0_70beb9.json","alta","Resolução nº 273 da ALMT de 31/05/2001, DOE de 27/07/2001; 121 dias para tratamento de saúde","data_raw/assembleias3/MT/eventos.csv",TRUE
"MT","1998","M1998_MT_7_15152_110001107151521","Zé Carlos do Pátio","licenca","2000-09-06","dia",,,,"https://www.iomat.mt.gov.br/portal/edicoes/download/12619/22","Conceder ao Deputado ZE CARLOS DO PflTIO, licenga de 121 (cento e vinte e um) dias, para tratar de assunto de interesse particular a partir de 06 de setembro de 2000","diario_oficial","brutos/iomat/Concede_licenga_2000-01-01_2000-12-31_p0_afcab4.json","alta","Resolução nº 150 da ALMT de 06/09/2000, DOE de 11/09/2000; 121 dias para assunto particular","data_raw/assembleias3/MT/eventos.csv",TRUE
"MT","1998","M1998_MT_7_22123_110001107221231","Herminio J. Barreto","licenca","2000-08-30","dia",,,,"https://www.iomat.mt.gov.br/portal/edicoes/download/12618/25","Conceder ao Deputado Herminio J. Barreto, licenga de 121 (cento e vinte e um) dias, para tratar de assunto de interesse particular a partir de 30 de agosto de 2000","diario_oficial","brutos/iomat/Conceder_ao_Deputado_2000-01-01_2000-12-31_p0_63dded.json","alta","Resolução da ALMT publicada no DOE de 06/09/2000; 121 dias para assunto particular","data_raw/assembleias3/MT/eventos.csv",TRUE
"MT","1998","M1998_MT_7_22150_110001107221501","Amador Tut","licenca","2000-06-06","dia",,,,"https://www.iomat.mt.gov.br/portal/edicoes/download/12549/34","Conceder ao Deputado AMADOR TUT, licenga de 121 (cento e vinte e um) dias, para tratamento de saude a partir de 06 de junho de 2000","diario_oficial","brutos/iomat/Concede_licenga_2000-01-01_2000-12-31_p0_afcab4.json","alta","Resolução nº 113 da ALMT de 31/05/2000, DOE de 31/05/2000; 121 dias para tratamento de saúde","data_raw/assembleias3/MT/eventos.csv",TRUE
"MT","1998","M1998_MT_7_22150_110001107221501","Amador Tut","licenca","2001-11-09","dia",,,,"https://www.iomat.mt.gov.br/portal/edicoes/download/12910/22","Conceder ao Deputado Amador Tut licen?a de 121 (cento e vinte e um) dias, para tratamento de saude, a partir de 09 de novembro de 2001","diario_oficial","brutos/iomat/Conceder_ao_Deputado_2001-01-01_2001-12-31_p0_4af005.json","alta","Resolução da ALMT publicada no DOE de 21/11/2001; 121 dias para tratamento de saúde","data_raw/assembleias3/MT/eventos.csv",TRUE
"MT","1998","M1998_MT_7_23110_110001107231101","Jair Mariano","licenca","1999-12-01","mes",,,,"https://www.iomat.mt.gov.br/portal/edicoes/download/12437/17","Conceder ao Deputado JAIR MARIANO, Zicenca para tratar Oe assunto de interesse particular, a partir de IS de dezembro de 1999","diario_oficial","brutos/iomat/Conceder_ao_Deputado_1999-01-01_1999-12-31_p0_a0d265.json","alta","Resolução da ALMT de 15/12/1999, DOE de 16/12/1999; dia de início lido no OCR como """"IS de dezembro"""" (provavelmente 15)","data_raw/assembleias3/MT/eventos.csv",TRUE
"MT","1998","M1998_MT_7_25123_110001107251231","Moacir Pires","licenca","1999-12-15","dia",,,,"https://www.iomat.mt.gov.br/portal/edicoes/download/12437/17","Conceder ao Deputado NOACIR PIRES, licenca para tratar de assunto de interesse particular, a partir de 15 de dezembro de 1999","diario_oficial","brutos/iomat/Conceder_ao_Deputado_1999-01-01_1999-12-31_p0_a0d265.json","alta","Resolução nº 73 da ALMT de 15/12/1999, DOE de 16/12/1999; licença para assunto particular sem prazo no trecho","data_raw/assembleias3/MT/eventos.csv",TRUE
"MT","1998","M1998_MT_7_25151_110001107251511","Romoaldo Júnior","licenca","1999-03-01","mes",,,,"https://www.iomat.mt.gov.br/portal/edicoes/download/12244/24","Conceder ao Deputado ROmDALDO DuNIOR licenga de 121 (cento a vintB e um) dias para tratar da assunto de lntsrasse particular, a partir dB 1S de margo de 1999","diario_oficial","brutos/iomat/Concede_licenga_1999-01-01_1999-12-31_p0_12a96c.json","alta","Resolução nº 04 da ALMT de 02/03/1999, DOE de 03/03/1999; 121 dias para assunto particular. Dia de início ilegível no OCR (""""1S de margo"""")","data_raw/assembleias3/MT/eventos.csv",TRUE
"MT","1998","M1998_MT_7_25151_110001107251511","Romoaldo Júnior","licenca","2000-06-01","mes",,,,"https://www.iomat.mt.gov.br/portal/edicoes/download/12549/34","Conceder ao Deputado R0FB0ALD0 J0NIOR, l i c e n g a de 121 ( c e n t o e v i n t e e um) d i a s , p a r a t r a t a r de a s s u n t o de i n t e r e s s e p a r t i c u l a r a p a r t i r de 1 ^ de j u n h o de 2 0 0 0","diario_oficial","brutos/iomat/Concede_licenga_2000-01-01_2000-12-31_p0_afcab4.json","alta","Resolução da ALMT de 31/05/2000, DOE de 31/05/2000; 121 dias para assunto particular; dia de início ilegível no OCR (""""1 ^ de junho"""")","data_raw/assembleias3/MT/eventos.csv",TRUE
"MT","1998","M1998_MT_7_25151_110001107251511","Romoaldo Júnior","renuncia","2000-12-06","intervalo","2000-12-28","Prefeito de Alta Floresta","Campos Neto","https://storage.al.mt.gov.br/api/v1/download/default/172081","Deputado WILSON TEIXEIRA DENTINHO - PSDB Com a saída do Deputado Romoaldo Júnior daqui, eu estou assumindo o Município de Alta Floresta","portal_casa","brutos/almt/documentos/doc_172081.pdf","media","Ata da 1ª Sessão Ordinária de 20/02/2001 (ALMT) registra a saída de Romoaldo Júnior e a entrada de Campos Neto """"em dezembro"""". Limite inferior: Romoaldo Júnior consta entre os presentes na 113ª Sessão Ordinária de 06/12/2000 (ata doc 172078, última sessão de 2000 no portal). Limite superior: admissão de Campos Neto como PARLAMENTAR no cadastro eloweb em 2000-12-28. DOE/MT de 07/02/2001 (IOMAT 12718/10) traz decreto de 02/02/2001 assinado por ele como Prefeito de Alta Floresta. Nenhum documento achado diz renúncia ou declara a vaga; forma inferida pela posse na prefeitura em 01/01/2001 e pela efetivação do suplente, por isso confiança média","data_raw/assembleias3/MT/eventos.csv",TRUE
"MT","1998","M1998_MT_7_25225_110001107252251","Emanuel Pinheiro","licenca","2000-06-01","mes",,,,"https://www.iomat.mt.gov.br/portal/edicoes/download/12549/34","Conceder ao Deputado EFIANUEL PlNHEIRO, licenga de (cento e uinte e um) dias, para tratar de assunto de inteparticular a partir de 1B de junho de 2000","diario_oficial","brutos/iomat/Concede_licenga_2000-01-01_2000-12-31_p0_afcab4.json","alta","Resolução da ALMT de 31/05/2000, DOE de 31/05/2000; 121 dias para assunto particular; dia de início ilegível no OCR (""""1B de junho"""")","data_raw/assembleias3/MT/eventos.csv",TRUE
"MT","1998","M1998_MT_7_25240_110001107252401","Benedito Pinto","licenca","2000-03-16","dia",,,,"https://www.iomat.mt.gov.br/portal/edicoes/download/12497/25","Conceder ao Deputado BENEDIT0 PINTO licenca Ijjde 121 (cento e vinte e um) dias para tratar de assunto de inteJresse particular, a partir de 16 de marco de 2000","diario_oficial","brutos/iomat/Concede_licenca_2000-01-01_2000-12-31_p0_8edf2a.json","alta","Resolução nº 80 da ALMT de 14/03/2000, DOE de 15/03/2000; 121 dias para assunto particular","data_raw/assembleias3/MT/eventos.csv",TRUE
"MT","1998","M1998_MT_7_40140_110001107401401","Eliene","licenca","2000-06-21","dia",,,,"https://www.iomat.mt.gov.br/portal/edicoes/download/12568/20","Conceder ao Deputado Eliene, licenga de 121 (cento e vinte e um) dias, para tratar de assunto de interesse particular a partir de 21 junho de 2000","diario_oficial","brutos/iomat/Conceder_ao_Deputado_2000-01-01_2000-12-31_p0_63dded.json","alta","Resolução da ALMT publicada no DOE de 28/06/2000; 121 dias para assunto particular","data_raw/assembleias3/MT/eventos.csv",TRUE
"MT","1998","M1998_MT_7_40140_110001107401401","Eliene","licenca","2001-12-13","dia",,,,"https://www.iomat.mt.gov.br/portal/edicoes/download/12927/26","Conceder ao Deputado Eliene licenca de 120 (cento e vinte) dias para tratar de assunto de interesse particular, a partir de 13 de dezembro de 2001","diario_oficial","brutos/iomat/Concede_licenca_2001-01-01_2001-12-31_p0_70beb9.json","alta","Resolução nº 399 da ALMT de 12/12/2001, DOE de 14/12/2001; 120 dias para assunto particular","data_raw/assembleias3/MT/eventos.csv",TRUE
"MT","1998","M1998_MT_7_45000_110001107450001","Chico Daltro","licenca","1999-02-01","intervalo","1999-02-02","Secretário de Estado de Agricultura e Assuntos Fundiários",,"https://www.iomat.mt.gov.br/portal/edicoes/download/12225/11","Conceder ao Deputado CHICO DALTRO licenca para exercer, junto ao Poder Executive de Mato Grosso, o cargo de Secretaria de Estado, nos termos dos Artigos 32, inciso I, § 3 a , da Constituicao Estdual e 145, inciso IV, do Regimento Interno, a partir desta data","diario_oficial","brutos/iomat/Concede_licenga_1999-01-01_1999-12-31_p0_12a96c.json","alta","Resolução nº 02 da ALMT (data lida no OCR como """"is de fevereiro de 1999""""), publicada no DOE de 02/02/1999; licença a partir da data da resolução, por isso o intervalo 01–02/02/1999. A mesma página convoca sessão para """"apreciar o pedido de licenca do Senhor Deputado CHICO DALTRO - a fim de que possa assumir a Secretaria de Estado de Agricultura e Assuntos Fundiarios -, dar posse ao Suplente""""","data_raw/assembleias3/MT/eventos.csv",TRUE
"MT","1998","M1998_MT_7_45111_110001107451111","Alencar Soares","licenca","2001-05-30","dia",,,,"https://www.iomat.mt.gov.br/portal/edicoes/download/12833/8","Conceder ao Deputado ALENCAR SOARES licenca de 121 (cento e vinte e um) d , para tratamento de saude, a partir de 30 de maio de 2001","diario_oficial","brutos/iomat/Concede_licenca_2001-01-01_2001-12-31_p0_70beb9.json","alta","Resolução da ALMT publicada no DOE de 27/07/2001; 121 dias para tratamento de saúde","data_raw/assembleias3/MT/eventos.csv",TRUE
"MT","1998","M1998_MT_7_45645_110001107456451","Carlão Nascimento","licenca","2000-02-16","intervalo","2000-03-16","Secretário de Estado",,"https://www.iomat.mt.gov.br/portal/edicoes/download/12507/30","Conceder ao Deputado CARLAO HASCIPIENTG licenga para exercer, perante o Poder Executivo de Mato Grosso, o cargo de Secretario de Estado, nos termos dos Artigos 32, inciso I, § 3^9 da Constituigao Estadual e 145, inciso IV, do Regimento Interno, a partir do dia 16 do corrente","diario_oficial","brutos/iomat/Conceder_ao_Deputado_2000-01-01_2000-12-31_p0_63dded.json","alta","Resolução da ALMT publicada no DOE de 29/03/2000; início """"a partir do dia 16 do corrente"""", sem a data da resolução legível no OCR, por isso o intervalo entre 16/02 e 16/03/2000","data_raw/assembleias3/MT/eventos.csv",TRUE
"MT","1998","M1998_MT_7_45645_110001107456451","Carlos Carlão Pereira do Nascimento","licenca","2002-04-11","dia",,,,"https://www.iomat.mt.gov.br/portal/edicoes/download/13139/37","Conceder ao Deputado Carlos Carlao Pereira do Nascrmentd Lcencase 121 (cento . vinte e um) dias, para tratar de assunto de mteresse parucular, a partir de 11 de abnl de 2002","diario_oficial","brutos/iomat/Concede_licenca_2002-01-01_2002-12-31_p0_4c9523.json","alta","Resolução nº 440 da ALMT de 10/04/2002, republicada no DOE de 22/10/2002; 121 dias para assunto particular","data_raw/assembleias3/MT/eventos.csv",TRUE
"MT","1998",,"Campos Neto","efetivacao_suplente","2000-12-01","intervalo","2000-12-31",,,"https://storage.al.mt.gov.br/api/v1/download/default/172081","quero dar as boas-vindas ao novo Deputado Campos Nevo, que assumiu, em dezembro, nesta Casa","portal_casa","brutos/almt/documentos/doc_172081.pdf","media","Vaga de M1998_MT_7_25151_110001107251511 (Romoaldo Júnior, prefeito de Alta Floresta desde 01/01/2001). Ata de 20/02/2001: assumiu em dezembro de 2000. Cadastro eloweb (matrícula 10052) dá admissão como PARLAMENTAR em 2000-12-28. Termo de posse não achado","data_raw/assembleias3/MT/eventos.csv",TRUE
"MT","1998",,"GONCALO DOMINGOS DE CAMPOS NETO","efetivacao_suplente","2000-12-28","dia",,,,"https://almt.eloweb.net/portaltransparencia-api/api/servidores/","""""matricula"""":10052,""""nome"""":""""GONCALO DOMINGOS DE CAMPOS NETO"""",""""horasSemanais"""":40.00,""""codigoCargo"""":500,""""descricaoCargo"""":""""DEPUTADO ESTADUAL"""",""""codigoLotacao"""":""""021543"""",""""descricaoLotacao"""":""""CAMPOS NETO"""",""""codigoClasse"""":10,""""descricaoClasse"""":""""PARLAMENTAR"""",""""codigoNatureza"""":3,""""descricaoNatureza"""":""""Comissionado"""",""""faixa"""":""""DEP"""",""""dataAdmissao"""":""""2000-12-28"""",""""dataDemissao"""":""""2009-05-31""""","portal_casa","brutos/eloweb/servidores_2000_p0.json","media","Vaga de M1998_MT_7_25151_110001107251511 (Romoaldo Júnior). Data de admissão no cargo de Deputado Estadual no cadastro de servidores da ALMT; a ata de 20/02/2001 confirma que assumiu em dezembro de 2000","data_raw/assembleias3/MT/eventos.csv",TRUE
"MT","2002","M2002_MT_7_15555_398","Silval da Cunha Barbosa","renuncia","2006-12-20","intervalo","2007-01-01","Vice-Governador do Estado",,"https://storage.al.mt.gov.br/api/v1/download/default/627230","declaro empossado no cargo de Governador e Vice-Governador do Estado de Mato Grosso o Sr. Blairo Borges Maggi e o Sr. Silval da Cunha Barbosa.","portal_casa","brutos/almt/documentos/doc_627230.pdf","media","Ata da Sessão Solene de 01/01/2007: posse como vice-governador; Silval não consta da chamada de deputados dessa sessão, presidida por Zeca D’Ávila. Na 24ª Sessão Extraordinária de 20/12/2006 ainda presidia e anunciou em discurso que deixaria a presidência; o cadastro eloweb dá demissão em 28/12/2006. Nenhum ato formal de renúncia localizado no DOE","data_raw/assembleias3/MT/eventos.csv",TRUE
"MT","2002","M2002_MT_7_15555_398","SILVAL DA CUNHA BARBOSA","renuncia","2006-12-28","dia",,"Vice-Governador do Estado",,"https://almt.eloweb.net/portaltransparencia-api/api/servidores/","""""matricula"""":10039,""""nome"""":""""SILVAL DA CUNHA BARBOSA"""",""""horasSemanais"""":40.00,""""codigoCargo"""":500,""""descricaoCargo"""":""""DEPUTADO ESTADUAL"""",""""codigoLotacao"""":""""021539"""",""""descricaoLotacao"""":""""SILVAL DA CUNHA BARBOSA"""",""""codigoClasse"""":10,""""descricaoClasse"""":""""PARLAMENTAR"""",""""codigoNatureza"""":3,""""descricaoNatureza"""":""""Comissionado"""",""""faixa"""":""""DEP"""",""""dataAdmissao"""":""""1999-02-01"""",""""dataDemissao"""":""""2006-12-28""""","portal_casa","brutos/eloweb/servidores_1999_p0.json","media","Mesmo evento da linha da ata de 01/01/2007; aqui só a data: cadastro eloweb, vínculo de deputado encerrado em 28/12/2006","data_raw/assembleias3/MT/eventos.csv",TRUE
"MT","2002","M2002_MT_7_15777_368","Nataniel de Jesus","licenca","2003-12-17","dia",,,,"https://storage.al.mt.gov.br/api/v1/download/default/172620","a licença do Deputado Nataniel de Jesus","portal_casa","brutos/almt/documentos/doc_172620.pdf","alta","Sessão de 17/12/2003: licença votada; Sidney Salomé toma posse em 18/12/2003; Nataniel volta às chamadas em 23/03/2004","data_raw/assembleias3/MT/eventos.csv",TRUE
"MT","2002","M2002_MT_7_22122_174","Humberto Bosaipo","licenca","2006-08-09","dia",,,,"https://storage.al.mt.gov.br/api/v1/download/default/173112","REQUERIMENTO: Humberto Bosaipo, Deputado Estadual, nos termos do art. 32, II, da Constituição Estadual, combinado com os art. 145, V, do Regimento Interno, requer licença de 121 (cento vinte um) dias para tratamento de saúde, a partir desta data. Plenário das Deliberações, em 09 de a","portal_casa","brutos/almt/documentos/doc_173112.pdf","alta","Sessão de 09/08/2006: requerimento de licença de 121 dias para tratamento de saúde; Juliano Jorge assume a vaga; Bosaipo volta às chamadas em 21/11/2006. Sem afastamento judicial registrado nas chamadas semanais da 15ª Legislatura","data_raw/assembleias3/MT/eventos.csv",TRUE
"MT","2002","M2002_MT_7_23456_134","Carlos Brito","licenca","2003-02-01","dia",,,,"https://storage.al.mt.gov.br/api/v1/download/default/172432","Está devidamente autorizada a licença do Deputado Carlos Brito.","portal_casa","brutos/almt/documentos/doc_172432.pdf","alta","Sessão extraordinária de 01/02/2003: licença aprovada para exercer o cargo de Secretário de Estado (Casa Civil). Retorno: consta das chamadas a partir de 17/02/2004","data_raw/assembleias3/MT/eventos.csv",TRUE
"MT","2002","M2002_MT_7_45111_218","ALENCAR SOARES FILHO","renuncia","2006-07-10","dia",,"Conselheiro do Tribunal de Contas do Estado","Clóvis Roberto","https://almt.eloweb.net/portaltransparencia-api/api/servidores/","""""matricula"""":10042,""""nome"""":""""ALENCAR SOARES FILHO"""",""""horasSemanais"""":40.00,""""codigoCargo"""":500,""""descricaoCargo"""":""""DEPUTADO ESTADUAL"""",""""codigoLotacao"""":""""021542"""",""""descricaoLotacao"""":""""ALENCAR SOARES FILHO"""",""""codigoClasse"""":10,""""descricaoClasse"""":""""PARLAMENTAR"""",""""codigoNatureza"""":3,""""descricaoNatureza"""":""""Comissionado"""",""""faixa"""":""""DEP"""",""""dataAdmissao"""":""""2003-08-05"""",""""dataDemissao"""":""""2006-07-10""""","portal_casa","brutos/eloweb/servidores_2003_p0.json","media","Mesmo evento da linha da ata de 01/08/2006; aqui só a data: cadastro de servidores da ALMT (eloweb), vínculo de deputado encerrado em 10/07/2006; o suplente Clóvis Roberto tem admissão em 11/07/2006","data_raw/assembleias3/MT/eventos.csv",TRUE
"MT","2002",,"Ana Carla Muniz","posse_suplente","2003-02-01","intervalo","2003-02-17",,,"https://storage.al.mt.gov.br/api/v1/download/default/172433","neste mandato que ora assumimos na vaga do companheiro Deputado Carlos Brito","portal_casa","brutos/almt/documentos/doc_172433.pdf","alta","Ata de 17/02/2003 (discurso da própria suplente): vaga do licenciado M2002_MT_7_23456_134 (Carlos Brito, Casa Civil). Cadastro eloweb dá admissão em 01/02/2003; sai das chamadas entre 12/08 e 19/08/2003, quando entra Wagner Ramos","data_raw/assembleias3/MT/eventos.csv",TRUE
"MT","2002",,"Wilson Teixeira Dentinho","posse_suplente","2003-05-21","dia",,,,"https://storage.al.mt.gov.br/api/v1/download/default/172488","Declaro empossado o Deputado Wilson Celso Teixeira","portal_casa","brutos/almt/documentos/doc_172488.pdf","alta","Sessão de 21/05/2003. Vaga de M2002_MT_7_40140_307 (Eliene), em licença anunciada na sessão de 20/05/2003; Eliene volta às chamadas em 23/09/2003","data_raw/assembleias3/MT/eventos.csv",TRUE
"MT","2002",,"Clóvis Roberto","posse_suplente","2003-06-04","dia",,,,"https://storage.al.mt.gov.br/api/v1/download/default/172497","acompanhar a posse do suplente de Deputado Clóvis Roberto, que ocupará o cargo de Deputado a partir de hoje, a partir desta Sessão","portal_casa","brutos/almt/documentos/doc_172497.pdf","alta","Sessão de 04/06/2003. Vaga de M2002_MT_7_45111_218 (Alencar Soares), cuja licença foi anunciada na sessão de 03/06/2003; Alencar volta às chamadas em 05/08/2003","data_raw/assembleias3/MT/eventos.csv",TRUE
"MT","2002",,"Juliano Jorge Boraczynski","posse_suplente","2003-06-25","dia",,,,"https://storage.al.mt.gov.br/api/v1/download/default/172513","Declaro empossado o Deputado Juliano Jorge Boraczyiski","portal_casa","brutos/almt/documentos/doc_172513.pdf","alta","Sessão de 25/06/2003: convocação do suplente imediato do PL por licença de 121 dias; pelas chamadas, a vaga é de M2002_MT_7_22122_174 (Humberto Bosaipo), ausente de 05/08/2003 a 17/02/2004","data_raw/assembleias3/MT/eventos.csv",TRUE
"MT","2002",,"Aparecido Alves","posse_suplente","2003-06-26","dia",,,,"https://storage.al.mt.gov.br/api/v1/download/default/172516","dar posse ao Suplente de Deputado Estadual Aparecido Alves","portal_casa","brutos/almt/documentos/doc_172516.pdf","alta","Sessão extraordinária de 26/06/2003 (rodízio do PSDB). Pelas chamadas e pela lotação no cadastro eloweb, vaga de M2002_MT_7_45645_222 (Carlão Nascimento), que volta em 12/08/2003","data_raw/assembleias3/MT/eventos.csv",TRUE
"MT","2002",,"Dimas Melo","posse_suplente","2003-06-30","dia",,,,"https://storage.al.mt.gov.br/api/v1/download/default/172520","Declaro empossado o Deputado Dimas Melo","portal_casa","brutos/almt/documentos/doc_172520.pdf","alta","Sessão extraordinária de 30/06/2003. Pelas chamadas e pela lotação no cadastro eloweb, vaga de M2002_MT_7_15152_364 (Zé Carlos do Pátio), que volta em 09/09/2003","data_raw/assembleias3/MT/eventos.csv",TRUE
"MT","2002",,"Wagner Ramos","posse_suplente","2003-08-19","dia",,,,"https://storage.al.mt.gov.br/api/v1/download/default/172531","Declaro empossado o Deputado Jeferson Wagner Ramos","portal_casa","brutos/almt/documentos/doc_172531.pdf","alta","Sessão de 19/08/2003. Pelas chamadas, sucede Ana Carla Muniz na vaga do licenciado M2002_MT_7_23456_134 (Carlos Brito), que volta em 17/02/2004","data_raw/assembleias3/MT/eventos.csv",TRUE
"MT","2002",,"Gilmar Fabris","posse_suplente","2003-10-07","dia",,,,"https://storage.al.mt.gov.br/api/v1/download/default/172564","Declaro empossado o Deputado Gilmar Fabris","portal_casa","brutos/almt/documentos/doc_172564.pdf","media","Sessão de 07/10/2003. Pelas chamadas, vaga de M2002_MT_7_25125_191 (Campos Neto) até fev/2004 e, a partir de então, de M2002_MT_7_25000_189 (Joaquim Sucena, licença lida em 28/01/2004) até ago/2005; de nov/2005 a fev/2006 volta na vaga de Campos Neto","data_raw/assembleias3/MT/eventos.csv",TRUE
"MT","2002",,"Sidney Salomé","posse_suplente","2003-12-18","dia",,,,"https://storage.al.mt.gov.br/api/v1/download/default/172621","Declaro empossado o Deputado Sidney Salomé","portal_casa","brutos/almt/documentos/doc_172621.pdf","alta","Sessão de 18/12/2003. Vaga de M2002_MT_7_15777_368 (Nataniel de Jesus), licenciado em 17/12/2003","data_raw/assembleias3/MT/eventos.csv",TRUE
"MT","2002",,"Da Silva","posse_suplente","2004-06-01","intervalo","2004-06-02",,,"https://storage.al.mt.gov.br/api/v1/download/default/172704","lhadoras, pessoas que vieram de Cáceres para homenagear e saudar o nosso amigo Da Silva, do PSB, que tomará posse hoje, no lugar do Deputado Eliene","portal_casa","brutos/almt/documentos/doc_172704.pdf","alta","Sessões de 01-02/06/2004: licença de M2002_MT_7_40140_307 (Eliene) votada em 01/06/2004; cadastro eloweb dá admissão de Francisco da Silva Leite em 01/06/2004, lotado no gabinete de Eliene; Eliene volta em 06/07/2004","data_raw/assembleias3/MT/eventos.csv",TRUE
"MT","2002",,"Juarez Costa","posse_suplente","2004-08-25","dia",,,,"https://storage.al.mt.gov.br/api/v1/download/default/172746","Declaro empossado o Deputado Juarez Costa","portal_casa","brutos/almt/documentos/doc_172746.pdf","alta","Sessão de 25/08/2004. Vaga de M2002_MT_7_15152_364 (Zé Carlos do Pátio), em licença; Pátio volta às chamadas em 26/10/2004","data_raw/assembleias3/MT/eventos.csv",TRUE
"MT","2002",,"Robson Silva","posse_suplente","2005-03-29","dia",,,,"https://storage.al.mt.gov.br/api/v1/download/default/172840","Declaro empossado o Sr. Robson Luiz Soares da Silva","portal_casa","brutos/almt/documentos/doc_172840.pdf","alta","Sessão de 29/03/2005. Vaga de M2002_MT_7_11133_96 (José Carlos Freitas), licença de 121 dias; Freitas volta às chamadas em 02/08/2005","data_raw/assembleias3/MT/eventos.csv",TRUE
"MT","2002",,"Naildo Lopes","posse_suplente","2006-07-06","intervalo","2006-08-01",,,"https://storage.al.mt.gov.br/api/v1/download/default/173108","Queremos também dar boas-vindas ao Deputado Naildo Lopes, que tomou posse na Presidência. Ele assumiu a vaga do Deputado João Malheiros, que está de licença.","portal_casa","brutos/almt/documentos/doc_173108.pdf","alta","Ata de 01/08/2006; vaga do licenciado M2002_MT_7_23666_137 (João Malheiros). Cadastro eloweb dá admissão em 11/07/2006; Malheiros volta às chamadas em 17/10/2006","data_raw/assembleias3/MT/eventos.csv",TRUE
"MT","2002",,"Juliano Jorge Boraczynski","posse_suplente","2006-08-09","dia",,,,"https://storage.al.mt.gov.br/api/v1/download/default/173113","estamos reassumindo esta Casa - pela terceira vez, onde assumimos em 2003 - por sete meses na vaga do Deputado Humberto Bosaipo, ele se afasta para tratar de sua saúde. No ano de 2004, assumimos mais três meses na vaga do Deputado J. Barreto","portal_casa","brutos/almt/documentos/doc_173113.pdf","alta","Sessão de 09/08/2006 (vespertina), discurso do suplente: terceira passagem, agora na vaga de M2002_MT_7_22122_174 (Humberto Bosaipo, licença para tratamento de saúde); a de 2003 foi também na vaga de Bosaipo e a de 2004 na de M2002_MT_7_22123_170 (J. Barreto). Cadastro eloweb dá admissão em 09/08/2006","data_raw/assembleias3/MT/eventos.csv",TRUE
"MT","2006","M2006_MT_7_11234_10069","José Geraldo Riva","cassacao","2010-08-13","dia",,,,"https://storage.al.mt.gov.br/api/v1/download/default/688628","A MESA DIRETORA DA ASSEMBLEIA LEGISLATIVA DO ESTADO DE MATO GROSSO, no uso de suas atribuições previstas no art. 31, VI, § 3º, da Constituição Estadual, declara a perda do mandato de Deputado Estadual do Senhor JOSÉ GERALDO RIVA, nos termos do art. 55, inciso V, da Constituição Federal, por força de decisão do Tribunal Regional Eleitoral de Mato Grosso que cassou seu diploma (Acórdão nº 19015/2010) - comunicada pelo Ofício nº 349/2.010-GAPRES, bem como a negativa aos Provimentos de Embargos apostos em face do julgado (Acórdão nº. 19266/2010), reiterado pelo Ofício nº 364/2.010-GAPRES, mantendo, assim, a cassação do diploma, determinando o cumprimento imediato pela Assembleia Legislativa do Estado de Mato Grosso.","portal_casa","brutos/almt/atos_mesa/ato_688628.pdf","alta","Ato da Mesa nº 07/2010 (DO 18/08/2010), lido na 70ª Sessão Ordinária de 18/08/2010: perda do mandato por cassação do diploma pelo TRE-MT (Acórdão 19015/2010, embargos negados no Acórdão 19266/2010). Sem retorno na legislatura: a chamada de 18/08/2010 ainda o lista entre os ausentes, mas ele não consta de nenhuma chamada amostrada de 25/08/2010 a 16/12/2010 (última sessão com chamada), e a ata da posse do governador em 01/01/2011 o cita entre os convidados como deputado eleito. Não verifiquei decisão posterior do TSE","data_raw/assembleias3/MT/eventos.csv",TRUE
"MT","2006","M2006_MT_7_11777_10074","Campos Neto","renuncia","2009-05-26","intervalo","2009-06-02","Conselheiro do Tribunal de Contas do Estado","Dr. Antônio Azambuja","https://storage.al.mt.gov.br/api/v1/download/default/173684","devido à renúncia do mandato do Deputado Campos Neto, da 16ª Legislatura, declaro vaga a cadeira do Partido Progressista.","portal_casa","brutos/almt/documentos/doc_173684.pdf","alta","Ata da 59ª Sessão Ordinária de 02/06/2009: o Presidente declara vaga a cadeira pela renúncia. Limite inferior: consta da chamada da sessão ordinária de 26/05/2009. Cadastro eloweb dá demissão em 31/05/2009","data_raw/assembleias3/MT/eventos.csv",TRUE
"MT","2006","M2006_MT_7_11777_10074","GONCALO DOMINGOS DE CAMPOS NETO","renuncia","2009-05-31","dia",,"Conselheiro do Tribunal de Contas do Estado",,"https://almt.eloweb.net/portaltransparencia-api/api/servidores/","""""matricula"""":10052,""""nome"""":""""GONCALO DOMINGOS DE CAMPOS NETO"""",""""horasSemanais"""":40.00,""""codigoCargo"""":500,""""descricaoCargo"""":""""DEPUTADO ESTADUAL"""",""""codigoLotacao"""":""""021543"""",""""descricaoLotacao"""":""""CAMPOS NETO"""",""""codigoClasse"""":10,""""descricaoClasse"""":""""PARLAMENTAR"""",""""codigoNatureza"""":3,""""descricaoNatureza"""":""""Comissionado"""",""""faixa"""":""""DEP"""",""""dataAdmissao"""":""""2000-12-28"""",""""dataDemissao"""":""""2009-05-31""""","portal_casa","brutos/eloweb/servidores_2000_p0.json","media","Mesmo evento da linha da ata de 02/06/2009; aqui só a data: vínculo de deputado no cadastro eloweb encerrado em 31/05/2009","data_raw/assembleias3/MT/eventos.csv",TRUE
"MT","2006","M2006_MT_7_14789_10262","Chico Galindo","renuncia","2008-12-16","intervalo","2009-02-02","Vice-Prefeito de Cuiabá","Profª Vilma","https://storage.al.mt.gov.br/api/v1/download/default/173605","também o Chico Galindo, vice-Prefeito de Cuiabá.","portal_casa","brutos/almt/documentos/doc_173605.pdf","media","Ata da Sessão Solene de posse da Mesa, 02/02/2009: citado como vice-prefeito de Cuiabá. Consta da chamada de 16/12/2008 e de nenhuma a partir de 03/02/2009; na ata de 03/02/2009 a suplente Profª Vilma (1ª suplente da coligação PSB/PTB/PMN/PV de Galindo) é dita em definitivo. Cadastro eloweb dá demissão em 31/12/2008. Nenhum documento achado diz renúncia ou declara a vaga","data_raw/assembleias3/MT/eventos.csv",TRUE
"MT","2006","M2006_MT_7_14789_10262","FRANCISCO BELLO GALINDO FILHO","renuncia","2008-12-31","dia",,"Vice-Prefeito de Cuiabá",,"https://almt.eloweb.net/portaltransparencia-api/api/servidores/","""""matricula"""":10080,""""nome"""":""""FRANCISCO BELLO GALINDO FILHO"""",""""horasSemanais"""":40.00,""""codigoCargo"""":500,""""descricaoCargo"""":""""DEPUTADO ESTADUAL"""",""""codigoLotacao"""":""""021582"""",""""descricaoLotacao"""":""""CHICO GALINDO"""",""""codigoClasse"""":10,""""descricaoClasse"""":""""PARLAMENTAR"""",""""codigoNatureza"""":3,""""descricaoNatureza"""":""""Comissionado"""",""""faixa"""":""""DEP"""",""""dataAdmissao"""":""""2008-09-29"""",""""dataDemissao"""":""""2008-12-31""""","portal_casa","brutos/eloweb/servidores_2008_p0.json","media","Mesmo evento da linha da ata de 02/02/2009; aqui só a data: vínculo de deputado no cadastro eloweb encerrado em 31/12/2008","data_raw/assembleias3/MT/eventos.csv",TRUE
"MT","2006","M2006_MT_7_15015_10296","Walter Machado Rabello Júnior","cassacao","2008-06-11","dia",,,,"https://www.iomat.mt.gov.br/portal/edicoes/download/1758/56","Art. 1º Nos termos do Acórdão nº 16.830/08, exarado nos autos do Processo nº 1.993/08 – Classe XV – Perda de cargo eletivo, do Egrégio Tribunal Regional Eleitoral do Estado de Mato Grosso, combinado com o Art. 31, § 3º, da Constituição do Estado de Mato Grosso, declarar vago o cargo de Deputado Estadual, ocupado pelo Senhor Walter Machado Rabello Júnior.","diario_oficial","brutos/iomat/declara_vago_1999-01-01_2016-12-31_p0_6526c5.json","alta","DOE/MT 16/06/2008: Resolução nº 001, de 11/06/2008, declara vago o cargo por perda de cargo eletivo decidida pelo TRE-MT (Acórdão 16.830/08, processo de perda de cargo eletivo). Sem retorno na legislatura: Rabello consta da chamada de 10/06/2008 e de nenhuma das chamadas semanais amostradas de 17/06/2008 a 16/12/2010 (última sessão com chamada); na sessão de 18/06/2008 o PMDB pediu posse ao suplente mais votado do partido com base no mesmo acórdão, e Nilson Santos passa a constar das chamadas a partir de 24/06/2008 e é dito em definitivo em 03/02/2009. Não verifiquei decisão do TSE","data_raw/assembleias3/MT/eventos.csv",TRUE
"MT","2006","M2006_MT_7_15152_10299","Zé Carlos do Pátio","renuncia","2008-12-18","intervalo","2009-02-03","Prefeito de Rondonópolis",,"https://storage.al.mt.gov.br/api/v1/download/default/173602","O SR. ZÉ CARLOS DO PÁTIO - Sr. Presidente, caros colegas Deputados, hoje é meu último dia nesta Casa de Leis.","portal_casa","brutos/almt/documentos/doc_173602.pdf","media","Ata da sessão ordinária de 18/12/2008: despedida do deputado, saudado no mesmo discurso como prefeito eleito de Rondonópolis. Não consta de nenhuma chamada de 03/02/2009 em diante. Nenhum documento achado diz renúncia ou declara a vaga; forma por posse na prefeitura em 01/01/2009 (cargo incompatível)","data_raw/assembleias3/MT/eventos.csv",TRUE
"MT","2006","M2006_MT_7_15200_10303","Juarez Costa","renuncia","2008-12-16","intervalo","2009-02-03","Prefeito de Sinop","J. Barreto","https://storage.al.mt.gov.br/api/v1/download/default/688638","diante da renuncia do Dep. Juarez Costa e a eleição da nova Mesa Diretora renomeia os membros da Comissão Especial","portal_casa","brutos/almt/atos_mesa/ato_688638.pdf","alta","Ato da Mesa nº 06/2009 (DO 22/04/2009) refere a renúncia. Limites: consta da chamada de 16/12/2008 (sessão em que é saudado como prefeito eleito de Sinop) e não consta da de 03/02/2009; na ata de 10/02/2009 J. Barreto é dito deputado em definitivo no lugar do ex-deputado Juarez Costa. Cadastro eloweb dá demissão em 31/12/2008","data_raw/assembleias3/MT/eventos.csv",TRUE
"MT","2006","M2006_MT_7_15200_10303","JUAREZ ALVES DA COSTA","renuncia","2008-12-31","dia",,"Prefeito de Sinop",,"https://almt.eloweb.net/portaltransparencia-api/api/servidores/","""""matricula"""":10073,""""nome"""":""""JUAREZ ALVES DA COSTA"""",""""horasSemanais"""":40.00,""""codigoCargo"""":500,""""descricaoCargo"""":""""DEPUTADO ESTADUAL"""",""""codigoLotacao"""":""""021580"""",""""descricaoLotacao"""":""""JUAREZ COSTA"""",""""codigoClasse"""":10,""""descricaoClasse"""":""""PARLAMENTAR"""",""""codigoNatureza"""":3,""""descricaoNatureza"""":""""Comissionado"""",""""faixa"""":""""DEP"""",""""dataAdmissao"""":""""2008-10-08"""",""""dataDemissao"""":""""2008-12-31""""","portal_casa","brutos/eloweb/servidores_2008_p0.json","media","Mesmo evento da linha do Ato da Mesa 06/2009; aqui só a data: vínculo de deputado no cadastro eloweb encerrado em 31/12/2008","data_raw/assembleias3/MT/eventos.csv",TRUE
"MT","2006","M2006_MT_7_25105_10328","Gilmar Fabris","fim_regular","2011-01-31","dia",,,,"https://storage.al.mt.gov.br/api/v1/download/default/173981","Em discussão única, Requerimento, de autoria do Deputado Gilmar Fabris, que requer licença de 121 (cento e vinte e um) dias para tratar de assuntos de interesse particular.","portal_casa","brutos/almt/documentos/doc_173981.pdf","media","Licenciado no fim da legislatura: licença de 121 dias para interesse particular votada na sessão ordinária de 01/12/2010; não consta da chamada da última sessão (16/12/2010), em que o suplente agradece a Gilmar Fabris por ter se licenciado. Presente na chamada de 30/11/2010","data_raw/assembleias3/MT/eventos.csv",TRUE
"MT","2006","M2006_MT_7_25123_10335","Dr. Walace","fim_regular","2011-01-31","dia",,,,"https://storage.al.mt.gov.br/api/v1/download/default/173990","Requerimento de autoria do Deputado Dr. Walace, solicitando licença de 121 (cento e vinte e um) a fim de tratar de assuntos de interesse particular.","portal_casa","brutos/almt/documentos/doc_173990.pdf","media","Licenciado no fim da legislatura: requerimento de licença de 121 dias para interesse particular com projeto de resolução na sessão de 09/12/2010; presente na chamada de 07/12/2010 e ausente da última chamada (16/12/2010), quando nove suplentes exerciam","data_raw/assembleias3/MT/eventos.csv",TRUE
"MT","2006","M2006_MT_7_25150_10324","Humberto Bosaipo","renuncia","2007-12-11","intervalo","2007-12-18","Conselheiro do Tribunal de Contas do Estado","Wagner Ramos","https://storage.al.mt.gov.br/api/v1/download/default/602938","O Sr. Pedro Satélite toma posse com a efetivação do Deputado Wagner Ramos, que se efetiva nesta Casa com a saída do Deputado Humberto Bosaipo, que assumiu como Conselheiro no Tribunal de Contas do Estado. Com a permanência do Deputado João Malheiros, atual Secretário da Casa Civil, o Sr. Pedro Satélite do PPS, passa ocupar a sua vaga.","portal_casa","brutos/almt/documentos/doc_602938.pdf","alta","Ata da 161ª Sessão Ordinária de 18/12/2007: saída do deputado para o TCE e efetivação do suplente Wagner Ramos. Limite inferior: consta da chamada da sessão ordinária de 11/12/2007. Cadastro eloweb dá demissão em 14/12/2007. Nenhum ato formal de renúncia localizado","data_raw/assembleias3/MT/eventos.csv",TRUE
"MT","2006","M2006_MT_7_25150_10324","HUMBERTO MELO BOSAIPO","renuncia","2007-12-14","dia",,"Conselheiro do Tribunal de Contas do Estado",,"https://almt.eloweb.net/portaltransparencia-api/api/servidores/","""""matricula"""":10002,""""nome"""":""""HUMBERTO MELO BOSAIPO"""",""""horasSemanais"""":40.00,""""codigoCargo"""":500,""""descricaoCargo"""":""""DEPUTADO ESTADUAL"""",""""codigoLotacao"""":""""021502"""",""""descricaoLotacao"""":""""HUMBERTO BOSAIPO"""",""""codigoClasse"""":10,""""descricaoClasse"""":""""PARLAMENTAR"""",""""codigoNatureza"""":3,""""descricaoNatureza"""":""""Comissionado"""",""""faixa"""":""""DEP"""",""""dataAdmissao"""":""""1994-01-01"""",""""dataDemissao"""":""""2007-12-14""""","portal_casa","brutos/eloweb/servidores_1998_p0.json","media","Mesmo evento da linha da ata de 18/12/2007; aqui só a data: vínculo de deputado no cadastro eloweb encerrado em 14/12/2007","data_raw/assembleias3/MT/eventos.csv",TRUE
"MT","2006",,"Wagner Ramos","efetivacao_suplente","2007-12-18","dia",,,,"https://storage.al.mt.gov.br/api/v1/download/default/602938","O Sr. Pedro Satélite toma posse com a efetivação do Deputado Wagner Ramos, que se efetiva nesta Casa com a saída do Deputado Humberto Bosaipo, que assumiu como Conselheiro no Tribunal de Contas do Estado. Com a permanência do Deputado João Malheiros, atual Secretário da Casa Civil, o Sr. Pedro Satélite do PPS, passa ocupar a sua vaga.","portal_casa","brutos/almt/documentos/doc_602938.pdf","alta","Efetivado na vaga de M2006_MT_7_25150_10324 (Humberto Bosaipo, TCE); exercia desde mar/2007 a vaga do licenciado João Malheiros (Casa Civil)","data_raw/assembleias3/MT/eventos.csv",TRUE
"MT","2006",,"Pedro Satélite","posse_suplente","2007-12-18","dia",,,,"https://storage.al.mt.gov.br/api/v1/download/default/602938","O Sr. Pedro Satélite toma posse com a efetivação do Deputado Wagner Ramos, que se efetiva nesta Casa com a saída do Deputado Humberto Bosaipo, que assumiu como Conselheiro no Tribunal de Contas do Estado. Com a permanência do Deputado João Malheiros, atual Secretário da Casa Civil, o Sr. Pedro Satélite do PPS, passa ocupar a sua vaga.","portal_casa","brutos/almt/documentos/doc_602938.pdf","alta","Posse na vaga do titular licenciado M2006_MT_7_23666_10184 (João Malheiros, Secretário da Casa Civil)","data_raw/assembleias3/MT/eventos.csv",TRUE
"MT","2006",,"Nilson Santos","efetivacao_suplente","2008-06-18","intervalo","2008-06-24",,,"https://storage.al.mt.gov.br/api/v1/download/default/173606","Tenho certeza que o Deputado J. Barreto, assim como a Deputada Profª Vilma, o Deputado Nilson Santos, que também estão em definitivo aqui na Assembleia Legislativa","portal_casa","brutos/almt/documentos/doc_173606.pdf","media","Em definitivo (ata de 03/02/2009); 1º suplente do PMDB na coligação, vaga de M2006_MT_7_15015_10296 (Walter Rabello, perda do cargo). Intervalo: pedido do PMDB na sessão de 18/06/2008 e primeira chamada amostrada com o nome, 24/06/2008","data_raw/assembleias3/MT/eventos.csv",TRUE
"MT","2006",,"Profª Vilma","efetivacao_suplente","2008-12-16","intervalo","2009-02-03",,,"https://storage.al.mt.gov.br/api/v1/download/default/173606","Tenho certeza que o Deputado J. Barreto, assim como a Deputada Profª Vilma, o Deputado Nilson Santos, que também estão em definitivo aqui na Assembleia Legislativa","portal_casa","brutos/almt/documentos/doc_173606.pdf","media","Ata da 1ª Sessão Ordinária de 03/02/2009: em definitivo; pela ordem da coligação, vaga de M2006_MT_7_14789_10262 (Chico Galindo). Data da posse não localizada (recesso)","data_raw/assembleias3/MT/eventos.csv",TRUE
"MT","2006",,"Dr. Antônio Azambuja","efetivacao_suplente","2009-06-03","dia",,,,"https://storage.al.mt.gov.br/api/v1/download/default/173685","Convido os Deputados Aírton Português e Percival Muniz para adentrarem ao plenário o Sr. Antônio Azambuja, que assumirá, em caráter definitivo, o seu mandato, em função da vaga deixada pelo ex-Deputado Campos Neto, atual Conselheiro do Tribunal de Contas.","portal_casa","brutos/almt/documentos/doc_173685.pdf","alta","Ata da 60ª Sessão Ordinária de 03/06/2009: efetivado na vaga de M2006_MT_7_11777_10074 (Campos Neto, TCE)","data_raw/assembleias3/MT/eventos.csv",TRUE
"MT","2010","M2010_MT_7_11015_110000000303","Walter Machado Rabello Júnior","falecimento","2014-12-09","dia",,,,"https://www.iomat.mt.gov.br/portal/edicoes/download/3867/35","em razão do falecimento do Senhor Walter Machado Rabello Júnior, ocorrido no dia 09.12.2014, DECLARA vago o cargo de Deputado Estadual, pertencente ao Partido Progressista ­- PP, na composição da 17ª Legislatura","diario_oficial","brutos/iomat/autorizada_a_convoca_o_2003-01-01_2016-12-31_p0_2e706a.json","alta","DOE/MT 2014-12-11, ato do Presidente da ALMT de 11/12/2014","data_raw/assembleias3/MT/eventos.csv",TRUE
"MT","2010","M2010_MT_7_15000_110000000130","Wallace dos Santos Guimarães","renuncia","2012-12-31","dia",,,,"https://www.iomat.mt.gov.br/portal/edicoes/download/3304/14","em face da renúncia apresentada pelo Senhor WALLACE DOS SANTOS GUIMARÃES, ao cargo de DEPUTADO ESTADUAL, em 31 de dezembro de 2012, DECLARA vago o referido cargo","diario_oficial","brutos/iomat/declara_vago_1999-01-01_2016-12-31_p0_6526c5.json","alta","DOE/MT 2013-01-02, Poder Legislativo, ato do Presidente da ALMT de 31/12/2012 que declara vago o cargo na 17ª Legislatura. O ato não nomeia o cargo assumido (a forma atual por cargo incompatível indica prefeitura em 2013)","data_raw/assembleias3/MT/eventos.csv",TRUE
"MT","2010","M2010_MT_7_15123_110000000116","Nilson José dos Santos","renuncia","2012-12-31","dia",,,,"https://www.iomat.mt.gov.br/portal/edicoes/download/3304/14","em face da renúncia apresentada pelo Senhor NILSON JOSÉ DOS SANTOS, ao cargo de DEPUTADO ESTADUAL, em 31 de dezembro de 2012, DECLARA vago o referido cargo","diario_oficial","brutos/iomat/declara_vago_1999-01-01_2016-12-31_p0_6526c5.json","alta","DOE/MT 2013-01-02, Poder Legislativo, ato do Presidente da ALMT de 31/12/2012 que declara vago o cargo na 17ª Legislatura. O ato não nomeia o cargo assumido (a forma atual por cargo incompatível indica prefeitura em 2013)","data_raw/assembleias3/MT/eventos.csv",TRUE
"MT","2010","M2010_MT_7_22333_110000000118","Sérgio Ricardo de Almeida","renuncia","2012-05-15","dia",,,,"https://storage.al.mt.gov.br/api/v1/download/default/688574","em face da renúncia apresentada pelo Senhor Sérgio Ricardo de Almeida ao cargo de Deputado Estadual, DECLARA vago o referido cargo","portal_casa","brutos/almt/atos_mesa/ato_688574.pdf","alta","Ato da Mesa nº 09/2012 (D.O. 21.05.12), de 15/05/2012, que declara vago o cargo; data do ato, a data de apresentação da renúncia não consta. Também no DOE/MT de 21/05/2012 p.31 (brutos/iomat). Cargo assumido não consta do ato","data_raw/assembleias3/MT/eventos.csv",TRUE
"MT","2010","M2010_MT_7_23123_110000000487","Percival dos Santos Muniz","renuncia","2012-12-31","dia",,,,"https://www.iomat.mt.gov.br/portal/edicoes/download/3304/14","em face da renúncia apresentada pelo Senhor PERCIVAL DOS SANTOS MUNIZ, ao cargo de DEPUTADO ESTADUAL, em 31 de dezembro de 2012, DECLARA vago o referido cargo","diario_oficial","brutos/iomat/declara_vago_1999-01-01_2016-12-31_p0_6526c5.json","alta","DOE/MT 2013-01-02, Poder Legislativo, ato do Presidente da ALMT de 31/12/2012 que declara vago o cargo na 17ª Legislatura. O ato não nomeia o cargo assumido (a forma atual por cargo incompatível indica prefeitura em 2013)","data_raw/assembleias3/MT/eventos.csv",TRUE
"MT","2010",,"Ondanir Bortolini","posse_suplente","2011-02-01","dia",,,,"https://storage.al.mt.gov.br/api/v1/download/default/174005","Sessão Extraordinária de Posse dos Srs. Ondanir Bortolini, Emanuel Pinheiro e Luiz Carlos Magalhães Silva no cargo de Deputado Estadual, com as formalidades próprias, prestando compromisso nos termos do Art. 9° do Regimento Interno desta Casa, ocupando as vagas havidas em decorrência das licenças dos Exm°s Srs. Deputados João Antônio Cuiabano Malheiros e Carlos Antônio Azambuja e Exmª Deputada Maria Aparecida Borges Bezerra.","portal_casa","brutos/almt/documentos/doc_174005.pdf","alta","Ata da Sessão Extraordinária de Posse de 01/02/2011 (17ª Legislatura); vagas temporárias por licença dos titulares M2010_MT_7_22666_110000000109, M2010_MT_7_11211_110000000318, M2010_MT_7_15015_110000000100; a ata não diz qual suplente ocupa cada vaga","data_raw/assembleias3/MT/eventos.csv",TRUE
"MT","2010",,"Emanuel Pinheiro","posse_suplente","2011-02-01","dia",,,,"https://storage.al.mt.gov.br/api/v1/download/default/174005","Sessão Extraordinária de Posse dos Srs. Ondanir Bortolini, Emanuel Pinheiro e Luiz Carlos Magalhães Silva no cargo de Deputado Estadual, com as formalidades próprias, prestando compromisso nos termos do Art. 9° do Regimento Interno desta Casa, ocupando as vagas havidas em decorrência das licenças dos Exm°s Srs. Deputados João Antônio Cuiabano Malheiros e Carlos Antônio Azambuja e Exmª Deputada Maria Aparecida Borges Bezerra.","portal_casa","brutos/almt/documentos/doc_174005.pdf","alta","Ata da Sessão Extraordinária de Posse de 01/02/2011 (17ª Legislatura); vagas temporárias por licença dos titulares M2010_MT_7_22666_110000000109, M2010_MT_7_11211_110000000318, M2010_MT_7_15015_110000000100; a ata não diz qual suplente ocupa cada vaga","data_raw/assembleias3/MT/eventos.csv",TRUE
"MT","2010",,"Luiz Carlos Magalhães Silva","posse_suplente","2011-02-01","dia",,,,"https://storage.al.mt.gov.br/api/v1/download/default/174005","Sessão Extraordinária de Posse dos Srs. Ondanir Bortolini, Emanuel Pinheiro e Luiz Carlos Magalhães Silva no cargo de Deputado Estadual, com as formalidades próprias, prestando compromisso nos termos do Art. 9° do Regimento Interno desta Casa, ocupando as vagas havidas em decorrência das licenças dos Exm°s Srs. Deputados João Antônio Cuiabano Malheiros e Carlos Antônio Azambuja e Exmª Deputada Maria Aparecida Borges Bezerra.","portal_casa","brutos/almt/documentos/doc_174005.pdf","alta","Ata da Sessão Extraordinária de Posse de 01/02/2011 (17ª Legislatura); vagas temporárias por licença dos titulares M2010_MT_7_22666_110000000109, M2010_MT_7_11211_110000000318, M2010_MT_7_15015_110000000100; a ata não diz qual suplente ocupa cada vaga","data_raw/assembleias3/MT/eventos.csv",TRUE
"MT","2010",,"Carlos Avalone","posse_suplente","2011-05-05","dia",,,,"https://storage.al.mt.gov.br/api/v1/download/default/174061","a autoridades, podem adentrar o plenário, porque esta Sessão a partir deste momento tem o cunho eminentemente solene de dar posse ao Sr. Carlos Avalone.","portal_casa","brutos/almt/documentos/doc_174061.pdf","alta","Ata da sessão de 05/05/2011 (17ª Legislatura); a ata não diz de qual titular é a vaga","data_raw/assembleias3/MT/eventos.csv",TRUE
"MT","2010",,"Alexandre Cesar","posse_suplente","2011-05-11","dia",,,,"https://storage.al.mt.gov.br/api/v1/download/default/174064","solenidade de posse do Sr. Alexandre Cesar, onde, com as formalidades próprias, prestará compromisso nos termos do art. 9º do Regimento Interno desta Casa, ocupando a vaga havida em decorrência da licença do Exmº Sr. Deputado Mauro Savi.","portal_casa","brutos/almt/documentos/doc_174064.pdf","alta","Ata da sessão ordinária de 11/05/2011; vaga temporária por licença do titular M2010_MT_7_22040_110000000114; a ata não traz a data de início da licença","data_raw/assembleias3/MT/eventos.csv",TRUE
"MT","2010",,"Valdizete Martins Nogueira","posse_suplente","2012-04-03","dia",,,,"https://storage.al.mt.gov.br/api/v1/download/default/174240","tomar posse no cargo de Deputado Estadual, na vaga deixada em decorrência da licença do Deputado Walter Rabello, filiado ao Partido Social Democrático, licenciado por 121 (cento e vinte e um) dias para tratar de interesse particular.","portal_casa","brutos/almt/documentos/doc_174240.pdf","alta","Ata da 28ª Sessão Ordinária de 03/04/2012; vaga temporária por licença de 121 dias do titular M2010_MT_7_11015_110000000303","data_raw/assembleias3/MT/eventos.csv",TRUE
"MT","2010",,"Ondanir Bortolini (Nininho)","efetivacao_suplente","2012-05-16","dia",,,,"https://storage.al.mt.gov.br/api/v1/download/default/174267","Aproveito a oportunidade para cumprimentar o Deputado Nininho pela efetivação, nesta Casa de Leis, como Deputado.","portal_casa","brutos/almt/documentos/doc_174267.pdf","media","Ata da sessão de 16/05/2012: menção em discurso do Deputado J. Barreto; data da ata, a efetivação ocorreu nesse dia ou pouco antes. Vaga provável de M2010_MT_7_22333_110000000118 (renúncia de 15/05/2012, PR), a ata não o diz","data_raw/assembleias3/MT/eventos.csv",TRUE
"MT","2010",,"Deucimar Aparecido da Silva","posse_suplente","2014-05-07","dia",,,,"https://storage.al.mt.gov.br/api/v1/download/default/171182","solenidade de posse do Sr. Deucimar Aparecido da Silva, no cargo de Deputado Estadual da 17ª Legislatura, na vaga decorrente da licença do ilustre Deputado Ezequiel Fonseca, filiado ao Partido Progressista.","portal_casa","brutos/almt/documentos/doc_171182.pdf","alta","Ata da sessão de 07/05/2014; vaga temporária por licença do titular M2010_MT_7_11456_110000000298","data_raw/assembleias3/MT/eventos.csv",TRUE
"MT","2014","M2014_MT_7_15200_110000000354","Baiano Filho","licenca","2018-06-06","dia",,,"Ademir Antonio Brunetto","https://storage.al.mt.gov.br/api/v1/download/default/177441","Art. 1º Fica concedida ao Deputado Baiano Filho licença de 121 (cento e vinte e um) dias para tratar de assuntos de interesse particular a partir do dia 06 de junho de 2018. Art. 2º Esta Resolução entra em vigor na data de sua aprovação. Em discussão o Projeto de Resolução. Encerrada a discussão. Em votação. Os Srs. Deputados que o aprovam, permaneçam como se encontram (PAUSA). Aprovado. Vai ao Expediente. Convoco o primeiro suplente... Vou dar um intervalo para dar posse ao Sr. Ademir Brunetto.","portal_casa","brutos/almt/documentos/doc_177441.pdf","alta","Ata da 50ª Sessão Ordinária da 18ª Legislatura (06/06/2018): aprovação do Projeto de Resolução de licença e posse do suplente na mesma sessão; licença de 121 dias para tratar de interesse particular. Estava de volta à Casa no fim da legislatura (ausente, sem licença, na ata de 29/01/2019)","data_raw/assembleias3/MT/eventos.csv",TRUE
"MT","2014","M2014_MT_7_22007_110000000366","Emanuel Pinheiro","renuncia","2016-12-31","dia",,,"Allan Kardec Pinto Acosta Benitez","https://storage.al.mt.gov.br/api/v1/download/default/174721","Memorando nº 008/2017, datado em Cuiabá, 09 de janeiro de 2017, da Secretaria de Serviços Legislativos, ao Instituto Memória do Poder Legislativo do Estado de Mato Grosso. Assunto: encaminha informações Comunicamos a Vossa Senhoria a alteração da composição dos membros desta Casa, em decorrência da licença dos Srs. Deputados titulares, conforme indicado abaixo: Licenciados Suplentes convocados Max Russi, Resolução nº 4.804, D.O 28.12.16 Adriano Aparecido Silva - assumiu em 02.01.17 Emanuel Pinheiro, renunciou em 31.12.16 Allan Kardec P, A. Benitez – assumiu em 05.01.17","portal_casa","brutos/almt/documentos/doc_174721.pdf","alta","Ata da 123ª Sessão Ordinária da 18ª Legislatura (11/01/2017), leitura do Memorando 008/2017 da Secretaria de Serviços Legislativos da ALMT sobre a alteração da composição da Casa. O documento não nomeia o cargo assumido; a forma atual por cargo incompatível indica a prefeitura em 01/01/2017","data_raw/assembleias3/MT/eventos.csv",TRUE
"MT","2014","M2014_MT_7_22007_110000000366","Emanuel Pinheiro","renuncia","2016-12-31","dia",,,,"https://storage.al.mt.gov.br/api/v1/download/default/174748","prestarão compromisso à Mesa Diretora, nos termos do Art. 9º, do inciso I, do Regimento Interno desta Casa de Leis, ocupando as vagas surgidas em decorrência da renúncia dos Exmºs Srs. Deputados Estaduais Emanuel Pinheiro e Zé Carlos do Pátio, respectivamente.","portal_casa","brutos/almt/documentos/doc_174748.pdf","alta","Ata da Sessão Solene de Posse de Deputados Suplentes da 18ª Legislatura (05/01/2017); posse de Allan Kardec Pinto Acosta Benitez e Adalto de Freitas Filho na vaga aberta pela renúncia; a data da renúncia vem do Memorando 008/2017 (ata de 11/01/2017)","data_raw/assembleias3/MT/eventos.csv",TRUE
"MT","2014","M2014_MT_7_55055_110000000277","Walter Machado Rabello Júnior","falecimento","2014-12-09","dia",,,,"https://www.iomat.mt.gov.br/portal/edicoes/download/3867/35","em razão do falecimento do Senhor Walter Machado Rabello Júnior, ocorrido no dia 09.12.2014, DECLARA vago o cargo de Deputado Estadual, pertencente ao Partido Progressista ­- PP, na composição da 17ª Legislatura","diario_oficial","brutos/iomat/autorizada_a_convoca_o_2003-01-01_2016-12-31_p0_2e706a.json","alta","DOE/MT 2014-12-11. Falecido antes da posse da 18ª Legislatura (01/02/2015), eleito em 2014: equivale a nao_tomou_posse","data_raw/assembleias3/MT/eventos.csv",TRUE
"MT","2014","M2014_MT_7_77000_110000000223","Zé Carlos do Pátio","renuncia","2016-12-31","dia",,,"Adalto de Freitas Filho","https://storage.al.mt.gov.br/api/v1/download/default/174721","Emanuel Pinheiro, renunciou em 31.12.16 Allan Kardec P, A. Benitez – assumiu em 05.01.17 ASSEMBLEIA LEGISLATIVA DO ESTADO DE MATO GROSSO ATA DA CENTÉSIMA VIGÉSIMA TERCEIRA SESSÃO ORDINÁRIA DA DÉCIMA OITAVA LEGISLATURA DO DIA 11 DE JANEIRO DE 2017, ÀS 17H. Pág. 2 - Secretaria de Serviços Legislativos Zé Carlos do Pátio, renunciou em 31.12.16 Adalto de Freitas - DALTINHO, assumiu em 05.01.17","portal_casa","brutos/almt/documentos/doc_174721.pdf","alta","Ata da 123ª Sessão Ordinária da 18ª Legislatura (11/01/2017), leitura do Memorando 008/2017 da Secretaria de Serviços Legislativos da ALMT sobre a alteração da composição da Casa. O documento não nomeia o cargo assumido; a forma atual indica a prefeitura em 01/01/2017","data_raw/assembleias3/MT/eventos.csv",TRUE
"MT","2014","M2014_MT_7_77000_110000000223","Zé Carlos do Pátio","renuncia","2016-12-31","dia",,,,"https://storage.al.mt.gov.br/api/v1/download/default/174748","prestarão compromisso à Mesa Diretora, nos termos do Art. 9º, do inciso I, do Regimento Interno desta Casa de Leis, ocupando as vagas surgidas em decorrência da renúncia dos Exmºs Srs. Deputados Estaduais Emanuel Pinheiro e Zé Carlos do Pátio, respectivamente.","portal_casa","brutos/almt/documentos/doc_174748.pdf","alta","Ata da Sessão Solene de Posse de Deputados Suplentes da 18ª Legislatura (05/01/2017); posse de Allan Kardec Pinto Acosta Benitez e Adalto de Freitas Filho na vaga aberta pela renúncia; a data da renúncia vem do Memorando 008/2017 (ata de 11/01/2017)","data_raw/assembleias3/MT/eventos.csv",TRUE
"MT","2014",,"Maria Izaura Dias Alfonso","posse_suplente","2016-03-09","dia",,,,"https://storage.al.mt.gov.br/api/v1/download/default/171338","ocupando vaga havida em decorrência da licença do Exmº Sr. Deputado Estadual José Antônio Gonçalves Viana, Deputado Zeca Viana. Solicito da Srª Maria Isaura Dias Alfonso que faça a entrega ao 1º Secretário dos documentos exigidos pela Constituição do Estado. (A SRª MARIA IZAURA DIAS ALFONSO PROCEDE À ENTREGA DA DOCUMENTAÇÃO SOLICITADA PELO PRESIDENTE AO SR. 1º SECRETÁRIO.) O SR. PRESIDENTE (WILSON SANTOS) – Solicito ao Sr. 1º Secretário que proceda à conferência dos documentos entregues pela Srª Maria Isaura Dias Alfonso. O SR. 1º SECRETÁRIO - Sr. Presidente, os documentos exigidos conferem. Portanto, a Srª Maria Izaura Dias Alfonso está apta para ser empossada. O SR. PRESIDENTE (WILSON SANTOS) - Atendida a exigência legal, convido a Srª Maria Isaura Dias Alfonso para que em pé e com a mão espalmada sobre o peito profira comigo o Termo de Compromisso: Prometo desempenhar fiel e lealmente o mandato que me foi conferido, guardar as Constituições Federal e Estadual e servir a minha pátria promovendo o bem geral do Estado de Mato Grosso. Assim eu prometo! A SRª MARIA ISAURA - Assim o prometo! O SR. PRESIDENTE (WILSON SANTOS) - Uma salva de palmas a nova Deputada Estadual de Mato Grosso. (PALMAS) Diante do compromisso prestado perante à Mesa Diretora, declaro empossada no cargo de Deputada Estadual da 18ª Legislatura a Srª Maria Izaura Dias Alfonso","portal_casa","brutos/almt/documentos/doc_171338.pdf","alta","Ata da sessão ordinária de 09/03/2016 (18ª Legislatura); vaga temporária por licença do titular M2014_MT_7_12345_110000000097; a ata não traz a data de início da licença","data_raw/assembleias3/MT/eventos.csv",TRUE
"MT","2014",,"Adriano Aparecido Silva","posse_suplente","2017-01-02","dia",,,,"https://storage.al.mt.gov.br/api/v1/download/default/174721","Licenciados Suplentes convocados Max Russi, Resolução nº 4.804, D.O 28.12.16 Adriano Aparecido Silva - assumiu em 02.01.17","portal_casa","brutos/almt/documentos/doc_174721.pdf","alta","Ata da 123ª Sessão Ordinária da 18ª Legislatura (11/01/2017), leitura do Memorando 008/2017 da Secretaria de Serviços Legislativos da ALMT sobre a alteração da composição da Casa; vaga temporária por licença do titular M2014_MT_7_40000_110000000210 (Resolução 4.804, D.O. 28/12/2016)","data_raw/assembleias3/MT/eventos.csv",TRUE
"MT","2014",,"Allan Kardec Pinto Acosta Benitez","efetivacao_suplente","2017-01-05","dia",,,,"https://storage.al.mt.gov.br/api/v1/download/default/174748","prestarão compromisso à Mesa Diretora, nos termos do Art. 9º, do inciso I, do Regimento Interno desta Casa de Leis, ocupando as vagas surgidas em decorrência da renúncia dos Exmºs Srs. Deputados Estaduais Emanuel Pinheiro e Zé Carlos do Pátio, respectivamente.","portal_casa","brutos/almt/documentos/doc_174748.pdf","alta","Ata da Sessão Solene de Posse de Deputados Suplentes da 18ª Legislatura (05/01/2017); posse de Allan Kardec Pinto Acosta Benitez e Adalto de Freitas Filho; vaga de M2014_MT_7_22007_110000000366 (renúncia)","data_raw/assembleias3/MT/eventos.csv",TRUE
"MT","2014",,"Adalto de Freitas Filho","efetivacao_suplente","2017-01-05","dia",,,,"https://storage.al.mt.gov.br/api/v1/download/default/174748","prestarão compromisso à Mesa Diretora, nos termos do Art. 9º, do inciso I, do Regimento Interno desta Casa de Leis, ocupando as vagas surgidas em decorrência da renúncia dos Exmºs Srs. Deputados Estaduais Emanuel Pinheiro e Zé Carlos do Pátio, respectivamente.","portal_casa","brutos/almt/documentos/doc_174748.pdf","alta","Ata da Sessão Solene de Posse de Deputados Suplentes da 18ª Legislatura (05/01/2017); posse de Allan Kardec Pinto Acosta Benitez e Adalto de Freitas Filho; vaga de M2014_MT_7_77000_110000000223 (renúncia)","data_raw/assembleias3/MT/eventos.csv",TRUE
"MT","2014",,"Meraldo Figueiredo Sá","posse_suplente","2017-09-22","dia",,,,"https://storage.al.mt.gov.br/api/v1/download/default/688384","em razão da vaga surgida em decorrência da decisão proferida na Petição nº 7.261-DF, Relator Ministro Luiz Fux, do Supremo Tribunal Federal, convoca a assumir o exercício do mandato de Deputado Estadual o Senhor Meraldo Figueiredo Sá, 2º Suplente pelo Partido Social Democrático","portal_casa","brutos/almt/atos_mesa/ato_688384.pdf","alta","Ato da Mesa nº 31/2017: convocação do 2º suplente do PSD em razão de decisão do STF (Pet 7.261-DF) que afastou deputado; a data é a do ato. O ato não nomeia o deputado afastado; a pista indica Gilmar Fabris (suplente efetivado, fora do alvo), que estava na Casa no fim da legislatura","data_raw/assembleias3/MT/eventos.csv",TRUE
"MT","2014",,"Ademir Antonio Brunetto","posse_suplente","2018-06-06","dia",,,,"https://storage.al.mt.gov.br/api/v1/download/default/177441","Art. 1º Fica concedida ao Deputado Baiano Filho licença de 121 (cento e vinte e um) dias para tratar de assuntos de interesse particular a partir do dia 06 de junho de 2018. Art. 2º Esta Resolução entra em vigor na data de sua aprovação. Em discussão o Projeto de Resolução. Encerrada a discussão. Em votação. Os Srs. Deputados que o aprovam, permaneçam como se encontram (PAUSA). Aprovado. Vai ao Expediente. Convoco o primeiro suplente... Vou dar um intervalo para dar posse ao Sr. Ademir Brunetto.","portal_casa","brutos/almt/documentos/doc_177441.pdf","alta","Ata da 50ª Sessão Ordinária da 18ª Legislatura (06/06/2018): aprovação do Projeto de Resolução de licença e posse do suplente na mesma sessão; vaga temporária por licença do titular M2014_MT_7_15200_110000000354","data_raw/assembleias3/MT/eventos.csv",TRUE
"MT","2018","M2018_MT_7_12300_110000623366","Prof. Allan Kardec","licenca","2022-12-30","dia",,"Secretário de Estado de Ciência, Tecnologia e Inovação",,"https://diariooficial.al.mt.gov.br/publicacoes/16953/","Art. 1º Fica concedida ao Deputado Prof. Allan Kardec licença para exercer o Cargo de Secretário de Estado de Ciência, Tecnologia e Inovação a partir do dia 30 de dezembro de 2022.","diario_oficial","brutos/doal/publicacoes/pub_16953.html","alta","Resolução 7.956/2023, DOAL ed. 1302 de 18 de Janeiro de 2023 (republicação); licenciado no fim da legislatura","data_raw/assembleias3/MT/eventos.csv",TRUE
"MT","2018","M2018_MT_7_15015_110000623368","Janaina Riva","licenca","2022-12-31","dia",,,,"https://diariooficial.al.mt.gov.br/publicacoes/16934/","Art. 1º Fica concedida à Deputada Janaina Riva licença de 121 (cento e vinte e um) dias para tratar de assuntos de interesse particular, a partir do dia 31 de dezembro de 2022.","diario_oficial","brutos/doal/publicacoes/pub_16934.html","alta","Resolução publicada no DOAL ed. 1299 de 12 de Janeiro de 2023; licença de 121 dias para interesse particular, licenciado no fim da 19ª legislatura","data_raw/assembleias3/MT/eventos.csv",TRUE
"MT","2018","M2018_MT_7_15152_110000623374","Thiago Silva","licenca","2023-01-01","dia",,,,"https://diariooficial.al.mt.gov.br/publicacoes/16935/","Art. 1º Fica concedida ao Deputado Thiago Silva licença de 121 (cento e vinte e um) dias para tratar de assuntos de interesse particular, a partir do dia 1º de janeiro de 2023.","diario_oficial","brutos/doal/publicacoes/pub_16935.html","alta","Resolução publicada no DOAL ed. 1299 de 12 de Janeiro de 2023; licença de 121 dias para interesse particular, licenciado no fim da 19ª legislatura","data_raw/assembleias3/MT/eventos.csv",TRUE
"MT","2018","M2018_MT_7_17000_110000609523","Silvio Fávero","falecimento","2021-03-13","dia",,,"Gilberto Moacir Cattani","https://diariooficial.al.mt.gov.br/publicacoes/10539/","em razão da vaga havida com o falecimento do Deputado Silvio Fávero em treze de março do corrente ano, nos termos do art. 50, I, do Regimento Interno, foi convocado para prestar compromisso e tomar posse na Décima Nona Legislatura, como determina o art. 46 do Regimento Interno, o Senhor Gilberto Moacir Cattani","diario_oficial","brutos/doal/publicacoes/pub_10539.html","alta","Termo de Posse do suplente, DOAL ed. 907 de 18 de Março de 2021; confirma a forma atual (wikidata_obito)","data_raw/assembleias3/MT/eventos.csv",TRUE
"MT","2018","M2018_MT_7_43444_110000614590","Faissal","licenca","2022-12-14","dia",,,,"https://diariooficial.al.mt.gov.br/publicacoes/16834/","Art. 1º Fica concedida ao Deputado Faissal licença de 121 (cento e vinte e um) dias para tratar de assuntos de interesse particular, a partir do dia 14 de dezembro de 2022.","diario_oficial","brutos/doal/publicacoes/pub_16834.html","alta","Resolução publicada no DOAL ed. 1290 de 15 de Dezembro de 2022; licença de 121 dias para interesse particular, licenciado no fim da 19ª legislatura","data_raw/assembleias3/MT/eventos.csv",TRUE
"MT","2018","M2018_MT_7_45000_110000622536","Guilherme Antônio Maluf","renuncia","2019-03-01","dia",,"Conselheiro do Tribunal de Contas do Estado de Mato Grosso","Carlos Avalone Junior","https://diariooficial.al.mt.gov.br/publicacoes/5695/","Considerando o Memorando GGM/APL/025-A/19 do Gabinete do Deputado Guilherme Antônio Maluf, onde este renuncia ao mandado de Deputado Estadual da 19º Legislatura a partir do dia 01 de Março de 2019.Acatamos a presente RENÚNCIA do Deputado Guilherme Antônio Maluf, tendo efeito a partir desta data.","diario_oficial","brutos/doal/publicacoes/pub_5695.html","alta","Ato 002/2019 da Mesa, DOAL ed. 466 de 1 de Março de 2019; nomeação pelo Ato governamental 1.190/2019","data_raw/assembleias3/MT/eventos.csv",TRUE
"MT","2018",,"Romoaldo Aloizio Boraczynski Junior","posse_suplente","2019-02-06","dia",,,,"https://diariooficial.al.mt.gov.br/publicacoes/5505/","Aos seis dias do mês de fevereiro do ano de dois mil e dezenove, em Cuiabá, capital do Estado de Mato Grosso, no Gabinete da Presidência da Assembleia Legislativa, às nove horas, em razão da vaga havida com a licença do Deputado Prof. Allan Kardec para exercer o cargo de Secretário de Estado de Cultura,","diario_oficial","brutos/doal/publicacoes/pub_5505.html","alta","Termo de Posse, DOAL ed. 449 de 6 de Fevereiro de 2019; vaga temporária por licença do titular M2018_MT_7_12300_110000623366","data_raw/assembleias3/MT/eventos.csv",TRUE
"MT","2018",,"Carlos Avalone Junior","efetivacao_suplente","2019-03-01","dia",,,,"https://diariooficial.al.mt.gov.br/publicacoes/5702/","em razão da vaga havida com a renúncia do Deputado Guilherme Maluf para exercer o cargo de Conselheiro do Tribunal de Contas do Estado de Mato Grosso, nos termos do art. 50, II, do Regimento Interno, da Resolução nº 6.253, de 2019, e do Ato nº 002/2019, foi convocado para prestar compromisso e tomar posse na Décima Nona Legislatura, como determina o art. 46 do Regimento Interno, o Senhor Carlos Avalone Junior , diplomado primeiro suplente de Deputado Estadual pelo Partido da Social Democracia Brasileira","diario_oficial","brutos/doal/publicacoes/pub_5702.html","alta","Termo de Posse, DOAL ed. 466 de 1 de Março de 2019; vaga de M2018_MT_7_45000_110000622536","data_raw/assembleias3/MT/eventos.csv",TRUE
"MT","2018",,"Antônio Ferreira de Souza","posse_suplente","2019-04-22","dia",,,,"https://diariooficial.al.mt.gov.br/publicacoes/5998/","Aos vinte e dois dias do mês de abril do ano de dois mil e dezenove, em Cuiabá, capital do Estado de Mato Grosso, no Gabinete da Presidência da Assembleia Legislativa, às oito horas, em razão da vaga havida com a licença do Deputado Eduardo Botelho para tratar de assuntos de interesse particular,","diario_oficial","brutos/doal/publicacoes/pub_5998.html","alta","Termo de Posse, DOAL ed. 495 de 22 de Abril de 2019; vaga temporária por licença do titular M2018_MT_7_25650_110000623357","data_raw/assembleias3/MT/eventos.csv",TRUE
"MT","2018",,"Oscar Martins Bezerra","posse_suplente","2019-08-21","dia",,,,"https://diariooficial.al.mt.gov.br/publicacoes/6871/","Aos vinte e um dias do mês de agosto do ano de dois mil e dezenove, em Cuiabá, capital do Estado de Mato Grosso, no Plenário das Deliberações Deputado Renê Barbour da Assembleia Legislativa, às nove horas e vinte minutos, na 80ª Sessão Plenária Ordinária da 19ª Legislatura, em razão de vaga havida com a licença do Deputado Faissal para tratar de assuntos de interesse particular,","diario_oficial","brutos/doal/publicacoes/pub_6871.html","alta","Termo de Posse, DOAL ed. 571 de 21 de Agosto de 2019; vaga temporária por licença do titular M2018_MT_7_43444_110000614590","data_raw/assembleias3/MT/eventos.csv",TRUE
"MT","2018",,"Saturnino Masson","posse_suplente","2019-09-03","dia",,,,"https://diariooficial.al.mt.gov.br/publicacoes/6959/","Aos três dias do mês de setembro do ano de dois mil e dezenove, em Cuiabá, capital do Estado de Mato Grosso, no Plenário das Deliberações Deputado Renê Barbour da Assembleia Legislativa, às dezenove horas e vinte e cinco minutos, na 21ª Sessão Plenária Extraordinária da 19ª Legislatura, em razão de vaga havida com a licença do Deputado Carlos Avallone para tratar de assuntos de interesse particular,","diario_oficial","brutos/doal/publicacoes/pub_6959.html","alta","Termo de Posse, DOAL ed. 581 de 4 de Setembro de 2019; vaga temporária por licença do titular Carlos Avalone Junior (suplente efetivado)","data_raw/assembleias3/MT/eventos.csv",TRUE
"MT","2018",,"Juarez Pereira Vidal","posse_suplente","2020-04-01","dia",,,,"https://diariooficial.al.mt.gov.br/publicacoes/8575/","Ao primeiro dia do mês de abril do ano de dois mil e vinte, em Cuiabá, capital do Estado de Mato Grosso, no Plenário das Deliberações Deputado Renê Barbour da Assembleia Legislativa, às onze horas e quarenta e cinco minutos, na 20ª Sessão Plenária Ordinária da 2ª Sessão Legislativa da 19ª Legislatura, em razão de vaga havida com a licença do Deputado João Batista para tratamento de saúde,","diario_oficial","brutos/doal/publicacoes/pub_8575.html","alta","Termo de Posse, DOAL ed. 707 de 1 de Abril de 2020; vaga temporária por licença do titular M2018_MT_7_90789_110000613871","data_raw/assembleias3/MT/eventos.csv",TRUE
"MT","2018",,"Pedro Inacio Wiegert","posse_suplente","2020-06-16","dia",,,,"https://diariooficial.al.mt.gov.br/publicacoes/9062/","Aos dezesseis dias do mês de junho do ano de dois mil e vinte, em Cuiabá, capital do Estado de Mato Grosso, no Gabinete da Presidência da Assembleia Legislativa, às onze horas, em razão da vaga havida com a licença do Deputado Sebastião Rezende para tratar de assuntos de interesse particular,","diario_oficial","brutos/doal/publicacoes/pub_9062.html","alta","Termo de Posse, DOAL ed. 747 de 16 de Junho de 2020; vaga temporária por licença do titular M2018_MT_7_20123_110000623391","data_raw/assembleias3/MT/eventos.csv",TRUE
"MT","2018",,"Silvano Ferreira do Amaral","posse_suplente","2020-06-17","dia",,,,"https://diariooficial.al.mt.gov.br/publicacoes/9080/","Aos dezessete dias do mês de junho do ano de dois mil e vinte, em Cuiabá, capital do Estado de Mato Grosso, no Plenário das Deliberações Deputado Renê Barbour da Assembleia Legislativa, na 44ª Sessão Plenária Ordinária da 19ª Legislatura, em razão de vaga havida com a licença do Deputado Thiago Silva para tratamento de saúde,","diario_oficial","brutos/doal/publicacoes/pub_9080.html","alta","Termo de Posse, DOAL ed. 748 de 17 de Junho de 2020; vaga temporária por licença do titular M2018_MT_7_15152_110000623374","data_raw/assembleias3/MT/eventos.csv",TRUE
"MT","2018",,"Henrique Lopes do Nascimento","posse_suplente","2020-09-30","dia",,,,"https://diariooficial.al.mt.gov.br/publicacoes/9565/","Aos trinta dias do mês de setembro do ano de dois mil e vinte, em Cuiabá, capital do Estado de Mato Grosso, no Plenário das Deliberações Deputado Renê Barbour da Assembleia Legislativa, na 68ª Sessão Plenária Ordinária da 19ª Legislatura, em razão de vaga havida com a licença do Deputado Valdir Barranco para tratar de assuntos de interesse particular,","diario_oficial","brutos/doal/publicacoes/pub_9565.html","alta","Termo de Posse, DOAL ed. 810 de 30 de Setembro de 2020; vaga temporária por licença do titular M2018_MT_7_13123_110000621205","data_raw/assembleias3/MT/eventos.csv",TRUE
"MT","2018",,"Gilberto Moacir Cattani","efetivacao_suplente","2021-03-18","dia",,,,"https://diariooficial.al.mt.gov.br/publicacoes/10539/","em razão da vaga havida com o falecimento do Deputado Silvio Fávero em treze de março do corrente ano, nos termos do art. 50, I, do Regimento Interno, foi convocado para prestar compromisso e tomar posse na Décima Nona Legislatura, como determina o art. 46 do Regimento Interno, o Senhor Gilberto Moacir Cattani","diario_oficial","brutos/doal/publicacoes/pub_10539.html","alta","Termo de Posse, DOAL ed. 907 de 18 de Março de 2021; vaga de M2018_MT_7_17000_110000609523","data_raw/assembleias3/MT/eventos.csv",TRUE
"MT","2018",,"Túlio Aurélio Campos Fontes","posse_suplente","2021-09-15","dia",,,,"https://diariooficial.al.mt.gov.br/publicacoes/11980/","Aos quinze dias do mês de setembro do ano de dois mil e vinte e um, em Cuiabá, capital do Estado de Mato Grosso, no Plenário das Deliberações Deputado Renê Barbour da Assembleia Legislativa, na 56ª Sessão Plenária Ordinária da 3ª Sessão Legislativa da 19ª Legislatura, em razão da vaga havida com a licença do Deputado Dr. Gimenez para tratamento de saúde,","diario_oficial","brutos/doal/publicacoes/pub_11980.html","alta","Termo de Posse, DOAL ed. 1018 de 15 de Setembro de 2021; vaga temporária por licença do titular M2018_MT_7_43333_110000614609","data_raw/assembleias3/MT/eventos.csv",TRUE
"MT","2018",,"Sérgio Ribeiro Araújo","posse_suplente","2022-01-05","dia",,,,"https://diariooficial.al.mt.gov.br/publicacoes/12706/","Aos cinco dias do mês de janeiro do ano de dois mil e vinte e dois, em Cuiabá, capital do Estado de Mato Grosso, no Plenário das Deliberações Deputado Renê Barbour da Assembleia Legislativa, na 83ª Sessão Plenária Ordinária da 3ª Sessão Legislativa da 19ª Legislatura, em razão da vaga havida com a licença do Deputado Dr. Eugênio para tratar de assuntos de interesse particular,","diario_oficial","brutos/doal/publicacoes/pub_12706.html","alta","Termo de Posse, DOAL ed. 1081 de 5 de Janeiro de 2022; vaga temporária por licença do titular M2018_MT_7_40999_110000612634","data_raw/assembleias3/MT/eventos.csv",TRUE
"MT","2018",,"Suelme Evangelista Fernandes","posse_suplente","2022-02-23","dia",,,,"https://diariooficial.al.mt.gov.br/publicacoes/12960/","Aos vinte e três dias do mês de fevereiro do ano de dois mil e vinte e dois, em Cuiabá, capital do Estado de Mato Grosso, no Plenário das Deliberações Deputado Renê Barbour da Assembleia Legislativa, na 5ª Sessão Plenária Ordinária da 4ª Sessão Legislativa da 19ª Legislatura, em razão da vaga havida com a licença do Deputado Dr. Eugênio para tratar de assuntos de interesse particular,","diario_oficial","brutos/doal/publicacoes/pub_12960.html","alta","Termo de Posse, DOAL ed. 1112 de 23 de Fevereiro de 2022; vaga temporária por licença do titular M2018_MT_7_40999_110000612634","data_raw/assembleias3/MT/eventos.csv",TRUE
"MT","2018",,"Valdeniria Dutra Ferreira","posse_suplente","2022-07-12","dia",,,,"https://diariooficial.al.mt.gov.br/publicacoes/15022/","Aos doze dias do mês de julho do ano de dois mil e vinte e dois, em Cuiabá, capital do Estado de Mato Grosso, no Plenário das Deliberações Deputado Renê Barbour da Assembleia Legislativa, na 40ª Sessão Plenária Ordinária da 4ª Sessão Legislativa da 19ª Legislatura, em razão da vaga havida com a licença do Deputado Wilson Santos para tratar de assuntos de interesse particular,","diario_oficial","brutos/doal/publicacoes/pub_15022.html","alta","Termo de Posse, DOAL ed. 1199 de 12 de Julho de 2022; vaga temporária por licença do titular M2018_MT_7_45100_110000622539","data_raw/assembleias3/MT/eventos.csv",TRUE
"MT","2022","M2022_MT_7_14100_110001635705","Cláudio Ferreira de Souza","renuncia","2024-12-30","dia",,,"Francisco Guarnieri de Lima (Chico Guarnieri)","https://diariooficial.al.mt.gov.br/publicacoes/26840/","declara vago , a partir de 30 de dezembro de 2024, o cargo de Deputado Estadual, pertencente à bancada do Partido Trabalhista Brasileiro (PTB), em razão da renúncia apresentada pelo senhor Cláudio Ferreira de Souza , em sessão plenária do dia 18 de dezembro de 2024","diario_oficial","brutos/doal/publicacoes/pub_26840.html","alta","Ato nº 038/2024/SSL/ALMT, DOAL ed. 1731 de 20 de Dezembro de 2024; renúncia apresentada em 18/12/2024 com vaga a partir de 30/12/2024. Mandato em curso (eleição de 2022); cargo assumido não consta do ato (forma atual por inventário aponta 2024-12-31)","data_raw/assembleias3/MT/eventos.csv",TRUE
"MT","2022",,"Francisco Guarnieri de Lima (Chico Guarnieri)","efetivacao_suplente","2025-01-01","dia",,,,"https://diariooficial.al.mt.gov.br/publicacoes/26846/","em razão da renúncia apresentada pelo senhor Cláudio Ferreira de Souza, convoca a assumir o exercício do mandato de Deputado Estadual, como titular, o Senhor Francisco Guarnieri de Lima – CHICO GUARNIERI , 1º Suplente da bancada do Partido Trabalhista Brasileiro – PTB, a partir do dia 1º de janeiro de 2025","diario_oficial","brutos/doal/publicacoes/pub_26846.html","alta","Ato nº 039/2024/SSL/ALMT, DOAL ed. 1731 de 20 de Dezembro de 2024; vaga de M2022_MT_7_14100_110001635705","data_raw/assembleias3/MT/eventos.csv",TRUE
"PA","2018","M2018_PA_7_22222_140000604209","Renato Ogawa (PL)","renuncia","2020-12-01","intervalo","2021-01-01","prefeito de Barcarena","José Maria Tapajós","https://www.alepa.pa.gov.br/Comunicacao/Noticia/5818/novos-deputados-assumem-mandato-legislativo","Assumiram as vagas de deputados estaduais José Maria Tapajós (PL) e Adriano Coelho (PDT), eles ocuparam as vagas deixadas por Renato Ogawa (PL) e Dr. Daniel Santos (MDB), ambos prefeitos eleitos e empossados nos municípios de Barcarena e Ananindeua, respectivamente. || Eles são presidente e 1º vice-presidente da Assembleia Legislativa do Pará (Alepa) e precisam renunciar até o dia 31 de dezembro deste ano","noticia_casa","brutos/noticias/alepa_noticia_5818.html;brutos/noticias/oliberal_1.329483.html","media","A noticia da ALEPA registra a vaga deixada por prefeito eleito e empossado em Barcarena, sem nomear o ato; O Liberal (dez/2020) informa, citando o Poder Legislativo, que Daniel e Ogawa precisavam renunciar ate 31/12/2020. Presente em todas as sessoes de dez/2020 na frequencia do portal.","data_raw/assembleias3/PA/eventos.csv",TRUE
"PA","2018","M2018_PA_7_45678_140000614283","Dr. Daniel Santos (MDB)","renuncia","2020-12-01","intervalo","2021-01-01","prefeito de Ananindeua","Adriano Coelho","https://www.alepa.pa.gov.br/Comunicacao/Noticia/6696/nova-mesa-diretora-e-empossada-e--chicao-assume-a-presidencia-para-o-bienio-20212023","após a renúncia do então presidente da Assembleia Legislativa Paraense, deputado Dr. Daniel Santos (MDB), que deixou o cargo para assumir a prefeitura de Ananindeua no último dia 01 de janeiro.","noticia_casa","brutos/noticias/alepa_noticia_6696.html","alta","Renuncia para assumir a prefeitura de Ananindeua em 01/01/2021. Data exata do ato nao localizada; limite inferior pela frequencia de dez/2020 (presente em todas as sessoes do mes), superior pela posse na prefeitura. Suplente empossado em 05/01/2021 (noticia 5818).","data_raw/assembleias3/PA/eventos.csv",TRUE
"PA","2018",,"Adriano Coelho (PDT)","posse_suplente","2021-01-05","dia",,,,"https://www.alepa.pa.gov.br/Comunicacao/Noticia/9586/deputado-adriano-coelho-e-empossado-na-alepa","Adriano Coelho, 32 anos, assumiu a vaga de deputado estadual na manhã desta terça- feira (05/01) na Assembleia Legislativa do Estado do Pará. Ele assume a vaga deixada por Dr. Daniel Santos, eleito prefeito de Ananindeua.","noticia_casa","brutos/noticias/alepa_noticia_9586.html","alta","Vaga de Dr. Daniel Santos (mandato M2018_PA_7_45678_140000614283)","data_raw/assembleias3/PA/eventos.csv",TRUE
"PA","2018",,"José Maria Tapajós (PL)","posse_suplente","2021-01-05","dia",,,,"https://www.alepa.pa.gov.br/Comunicacao/Noticia/5818/novos-deputados-assumem-mandato-legislativo","nesta terça-feira (05/01). Assumiram as vagas de deputados estaduais José Maria Tapajós (PL) e Adriano Coelho (PDT), eles ocuparam as vagas deixadas por Renato Ogawa (PL)","noticia_casa","brutos/noticias/alepa_noticia_5818.html","alta","Vaga de Renato Ogawa (mandato M2018_PA_7_22222_140000604209)","data_raw/assembleias3/PA/eventos.csv",TRUE
"SC","1998","M1998_SC_7_13133_240002407131331","Pedro Uczai","renuncia","2000-12-31","dia",,"Vice-Prefeito de Chapecó","José Paulo Serafim","http://www2.alesc.sc.gov.br/diarios/pdf/4815dia.pdf","Tendo sido eleito e diplomado Vice prefeito de Chapecó, solicito que seja considerado minha renúncia ao, mandato de Deputado Estadual do Partido dos Trabalhadores, junto a esta Assembléia Legislativa, a partir do dia 31 de dezembro de 2000","diario_oficial","brutos/diarios/4815dia.pdf","alta","Diário da Assembleia nº 4815, p. 12. forma atual 'outro/cargo_incompativel'; a Resolução no mesmo diário convoca José Paulo Serafim 'em decorrência da renúncia do Deputado Pedro Uczai'","data_raw/assembleias3/SC/eventos.csv",TRUE
"SC","1998","M1998_SC_7_13200_240002407132001","Neodi Saretta","renuncia","2001-01-01","dia",,"Prefeito de Concórdia","Afrânio Boppré","http://www2.alesc.sc.gov.br/diarios/pdf/4815dia.pdf","Tenho sido eleito e diplomado Prefeito Municipal de Concórdia, solicito que seja considerado minha renúncia ao mandato de Deputado Estadual junto a esta Assembléia Legislativa, a partir do momento de minha posse, neste dia 1º de janeiro de 2001","diario_oficial","brutos/diarios/4815dia.pdf","alta","Diário da Assembleia nº 4815, p. 11. forma atual 'outro/cargo_incompativel'; a Resolução no mesmo diário convoca Afrânio Boppré (PT) 'em decorrência da renúncia do Deputado Neodi Saretta'","data_raw/assembleias3/SC/eventos.csv",TRUE
"SC","1998","M1998_SC_7_15180_240002407151801","Moacir Sopelsa","licenca","2003-01-02","dia",,"Secretário de Estado do Desenvolvimento Rural e da Agricultura","Valdir Vidal Cobalchini","http://www2.alesc.sc.gov.br/diarios/pdf/5048dia.PDF","vaga em decorrência da indicação do Senhor Deputado Moacir Sopelsa, para assumir a Secretaria de Estado do Desenvolvimento Rural e da Agricultura.","diario_oficial","brutos/diarios/5048dia.PDF","alta","Diário da Assembleia nº 5048, p. 1. convocação do suplente de 02 a 31/01/2003; licenciado no último mês da legislatura","data_raw/assembleias3/SC/eventos.csv",TRUE
"SC","1998","M1998_SC_7_15194_240002407151941","Luiz Herbst","renuncia","2000-03-29","dia",,"Conselheiro do Tribunal de Contas do Estado de Santa Catarina","João Henrique Blasi","http://www2.alesc.sc.gov.br/diarios/pdf/4727dia.pdf","a Mesa Diretora recebeu nesta data a declaração de renúncia do Sr. Deputado Estadual Luiz Herbst. E esta Presidência, de acordo com o § 2º do art. 297, declara vago o cargo eletivo ocupado pelo nobre Deputado.","diario_oficial","brutos/diarios/4727dia.pdf","alta","Diário da Assembleia nº 4727, p. 4. Ata da 17ª Sessão Ordinária de 29/03/2000; na mesma sessão se anuncia a posse do Conselheiro Luiz Herbst; bio da casa confirma a renúncia para o TCE","data_raw/assembleias3/SC/eventos.csv",TRUE
"SC","1998","M1998_SC_7_25123_240002407251231","Paulo Roberto Bornhausen","licenca","1999-12-10","dia",,,"Júlio Garcia","http://www2.alesc.sc.gov.br/diarios/pdf/4698dia.pdf","vaga em decorrência da licença concedida ao Senhor Deputado Paulo Roberto Bornhausen.","diario_oficial","brutos/diarios/4698dia.pdf","alta","Diário da Assembleia nº 4698, p. 1. Resolução DP nº 061/99 convoca Júlio Garcia de 10/12/1999 a 25/04/2000","data_raw/assembleias3/SC/eventos.csv",TRUE
"SC","1998","M1998_SC_7_25123_240002407251231","Paulo Bornhausen","afastamento","2000-02-17","dia",,,"Antônio Ceron","http://www2.alesc.sc.gov.br/diarios/pdf/4712dia.pdf","CONVOCAR o cidadão Antônio Ceron, 3º Suplente de Deputado do Partido da Frente Liberal - PFL, para ocupar cadeira neste Poder, enquanto perdurar o afastamento do Deputado Paulo Bornhausen.","diario_oficial","brutos/diarios/4712dia.pdf","alta","Diário da Assembleia nº 4712, p. 7. Júlio Garcia passa à vaga de João Macagnan no mesmo ato","data_raw/assembleias3/SC/eventos.csv",TRUE
"SC","1998","M1998_SC_7_25222_240002407252221","Ciro Roza","renuncia","2001-01-01","dia",,"Prefeito de Brusque","Júlio Garcia","http://www2.alesc.sc.gov.br/diarios/pdf/4815dia.pdf","Tendo sido eleito e diplomado Prefeito Municipal de Brusque, solicito que seja considerado minha renúncia ao mandato de Deputado Estadual junto a esta Assembléia Legislativa, a partir do momento de minha posse, neste dia 1º de janeiro de 2001","diario_oficial","brutos/diarios/4815dia.pdf","alta","Diário da Assembleia nº 4815, p. 12. forma atual 'outro/cargo_incompativel'; a Resolução publicada no mesmo diário convoca Júlio Garcia 'em decorrência da renúncia do Deputado Ciro Roza'","data_raw/assembleias3/SC/eventos.csv",TRUE
"SC","1998","M1998_SC_7_25456_240002407254561","Wilson Wan-Dall","renuncia","2000-02-16","dia",,"Conselheiro do Tribunal de Contas do Estado de Santa Catarina",,"https://memoriapolitica.alesc.sc.gov.br/biografia/931-Wilson_Wan_Dall","Nesta última Legislatura, renuncia em 16/02/2000, pois foi eleito para o cargo de Conselheiro do Tribunal de Contas do Estado.","memorial_casa","brutos/biografias/931-Wilson_Wan_Dall.html","alta",,"data_raw/assembleias3/SC/eventos.csv",TRUE
"SC","1998","M1998_SC_7_45623_240002407456231","Jaime Duarte","licenca","1999-02-05","dia",,"Secretário de Estado da Justiça e Cidadania",,"https://memoriapolitica.alesc.sc.gov.br/biografia/413-Jaime_Duarte","Licenciou-se do mandato para exercer a função de Secretário de Estado da Justiça e Cidadania, a partir de 5 de fevereiro de 1999.","memorial_casa","brutos/biografias/413-Jaime_Duarte.html","alta",,"data_raw/assembleias3/SC/eventos.csv",TRUE
"SC","1998",,"Clésio Salvaro","efetivacao_suplente","2000-02-17","dia",,,"Clésio Salvaro","http://www2.alesc.sc.gov.br/diarios/pdf/4712dia.pdf","EMPOSSAR o Deputado Clésio Salvaro, 1º Suplente de Deputado do Partido da Frente Liberal - PFL, para ocupar cadeira de Deputado neste Poder, em decorrência da vacância do Deputado Wilson Wan-Dall. PALÁCIO BARRIGA-VERDE, em 17 de fevereiro de 2000.","diario_oficial","brutos/diarios/4712dia.pdf","alta","Diário da Assembleia nº 4712, p. 7. vaga de Wilson Wan-Dall (renúncia para o TCE)","data_raw/assembleias3/SC/eventos.csv",TRUE
"SC","1998",,"João Henrique Blasi","efetivacao_suplente","2000-03-30","dia",,,"João Henrique Blasi","http://www2.alesc.sc.gov.br/diarios/pdf/4727dia.pdf","resolve convocar o cidadão João Henrique Blasi, 1º Suplente de Deputado, do Partido do Movimento Democrático Brasileiro - PMDB, para ocupar cadeira de Deputado neste Poder, em decorrência da vacância do Deputado Luiz Roberto Herbst.","diario_oficial","brutos/diarios/4727dia.pdf","alta","Diário da Assembleia nº 4727, p. 4. resolução de 30/03/2000 lida em plenário","data_raw/assembleias3/SC/eventos.csv",TRUE
"SC","1998",,"Afrânio Boppré","efetivacao_suplente","2001-01-02","dia",,,"Afrânio Boppré","http://www2.alesc.sc.gov.br/diarios/pdf/4815dia.pdf","para assumir mandato de Deputado neste Poder, em decorrência da renúncia do Deputado Neodi Saretta.","diario_oficial","brutos/diarios/4815dia.pdf","alta","Diário da Assembleia nº 4815, p. 10. Resolução DP de 02/01/2001 que convoca Afrânio Boppré, 1º suplente do PT","data_raw/assembleias3/SC/eventos.csv",TRUE
"SC","1998",,"José Paulo Serafim","efetivacao_suplente","2001-01-02","dia",,,"José Paulo Serafim","http://www2.alesc.sc.gov.br/diarios/pdf/4815dia.pdf","CONVOCAR o cidadão José Paulo Serafim, 2º Suplente de Deputado do Partido dos Trabalhadores - PT -, para assumir mandato de Deputado neste Poder, em decorrência da renúncia do Deputado Pedro Uczai.","diario_oficial","brutos/diarios/4815dia.pdf","alta","Diário da Assembleia nº 4815, p. 10. vaga de Pedro Uczai","data_raw/assembleias3/SC/eventos.csv",TRUE
"SC","1998",,"Júlio Garcia","efetivacao_suplente","2001-01-02","dia",,,"Júlio Garcia","http://www2.alesc.sc.gov.br/diarios/pdf/4815dia.pdf","CONVOCAR o Deputado Júlio Garcia, 2º Suplente de Deputado do Partido da Frente Liberal - PFL-, para assumir o mandato de Deputado neste Poder, em decorrência da renúncia do Deputado Ciro Roza.","diario_oficial","brutos/diarios/4815dia.pdf","alta","Diário da Assembleia nº 4815, p. 10. vaga de Ciro Roza","data_raw/assembleias3/SC/eventos.csv",TRUE
"SC","2002","M2002_SC_7_13111_174","Volnei Morastoni","renuncia","2004-12-14","intervalo","2005-01-03","Prefeito de Itajaí","Vânio dos Santos","http://www2.alesc.sc.gov.br/diarios/pdf/5364dia.pdf","CONVOCA o cidadão Vânio dos Santos, 1º Suplente do Partido dos Trabalhadores - PT -, para ocupar cadeira de Deputado neste Poder, em decorrência da renúncia do Deputado VoInei Morastoni.","diario_oficial","brutos/diarios/5364dia.pdf","alta","Diário da Assembleia nº 5364, p. 2. ato de 03/01/2005 (limite superior); limite inferior: presidiu a 4ª Sessão Especial de 14/12/2004 (Diário 5.359, p. 18); Diário 5.677 o chama 'hoje prefeito de Itajaí'; forma atual 'outro/cargo_incompativel' em 31/12/2004","data_raw/assembleias3/SC/eventos.csv",TRUE
"SC","2002","M2002_SC_7_25100_458","Cesar Souza","licenca","2006-11-21","dia",,,"José Carlos Vieira","http://www2.alesc.sc.gov.br/diarios/pdf/5654dia.pdf","CONCEDE licença ao Senhor Deputado Cesar Souza, por um período de sessenta dias, a partir de 21 de novembro do corrente ano, para tratar de assuntos particulares.","diario_oficial","brutos/diarios/5654dia.pdf","alta","Diário da Assembleia nº 5654, p. 9. licença por 60 dias","data_raw/assembleias3/SC/eventos.csv",TRUE
"SC","2002","M2002_SC_7_25100_458","Cesar Souza","retorno","2007-01-20","dia",,,,"http://www2.alesc.sc.gov.br/diarios/pdf/5674dia.pdf","que passam do “Gabinete do Deputado José Carlos Vieira” para o “Gabinete do Deputado Cesar Souza”, a partir de 20/01/07.","diario_oficial","brutos/diarios/5674dia.pdf","media","Diário da Assembleia nº 5674, p. 4. retorno inferido da volta dos servidores ao gabinete do titular","data_raw/assembleias3/SC/eventos.csv",TRUE
"SC","2002","M2002_SC_7_25123_472","João Rodrigues","renuncia","2004-12-14","dia",,"Prefeito de Chapecó","Gelson Merísio","http://www2.alesc.sc.gov.br/diarios/pdf/5359dia.pdf","convocada para declaração de renúncia dos Srs. Deputados João Paulo Kleinübing e João Rodrigues","diario_oficial","brutos/diarios/5359dia.pdf","alta","Diário da Assembleia nº 5359, p. 18. Ata da 4ª Sessão Especial de 14/12/2004; Ato da Mesa de 14/12/2004 (Diário 5.358, p. 21) convoca Gelson Merísio 'em decorrência da renúncia do Deputado João Rodrigues'; forma atual 'outro/cargo_incompativel' em 31/12/2004","data_raw/assembleias3/SC/eventos.csv",TRUE
"SC","2002","M2002_SC_7_25888_473","João Paulo Kleinübing","renuncia","2004-12-14","dia",,"Prefeito de Blumenau","Antônio Aguiar","http://www2.alesc.sc.gov.br/diarios/pdf/5359dia.pdf","convocada para declaração de renúncia dos Srs. Deputados João Paulo Kleinübing e João Rodrigues","diario_oficial","brutos/diarios/5359dia.pdf","alta","Diário da Assembleia nº 5359, p. 18. Ata da 4ª Sessão Especial de 14/12/2004; Ato da Mesa de 14/12/2004 (Diário 5.358, p. 21) convoca Antônio Aguiar 'em decorrência da renúncia do Deputado João Paulo Kleinübing'; forma atual 'outro/cargo_incompativel' em 31/12/2004","data_raw/assembleias3/SC/eventos.csv",TRUE
"SC","2002","M2002_SC_7_45678_254","Luiz Eduardo Cherem","licenca","2004-04-28","dia",,"Secretário de Estado da Saúde","Francisco de Assis Küster","http://www2.alesc.sc.gov.br/diarios/pdf/5268dia.pdf","em decorrência do afastamento do Deputado Luiz Eduardo Cherem, indicado para o cargo de Secretário de Estado Saúde.","diario_oficial","brutos/diarios/5268dia.pdf","alta","Diário da Assembleia nº 5268, p. 17. Ato de 28/04/2004","data_raw/assembleias3/SC/eventos.csv",TRUE
"SC","2002","M2002_SC_7_45678_254","Luiz Eduardo Cherem","licenca","2006-10-31","dia",,,"Antônio Luz Neto","http://www2.alesc.sc.gov.br/diarios/pdf/5647dia.pdf","CONCEDE licença ao Senhor Deputado Luiz Eduardo Cherem, por um período de sessenta dias, a partir de 31 de outubro do corrente ano, para tratar de assuntos particulares.","diario_oficial","brutos/diarios/5647dia.pdf","alta","Diário da Assembleia nº 5647, p. 15. licença por 60 dias","data_raw/assembleias3/SC/eventos.csv",TRUE
"SC","2002","M2002_SC_7_45678_254","Luiz Eduardo Cherem","afastamento","2007-01-16","dia",,"Secretário de Estado da Saúde","João Itamar da Silveira","http://www2.alesc.sc.gov.br/diarios/pdf/5671dia.pdf","em decorrência do afastamento do Deputado Luiz Eduardo Cherem, indicado para o cargo de Secretário de Estado da Saúde, por declino do 4º Suplente.","diario_oficial","brutos/diarios/5671dia.pdf","alta","Diário da Assembleia nº 5671, p. 3. ato de 16/01/2007; afastado para a Secretaria da Saúde até o fim da legislatura","data_raw/assembleias3/SC/eventos.csv",TRUE
"SC","2002",,"Antônio Aguiar","efetivacao_suplente","2004-12-14","dia",,,"Antônio Aguiar","http://www2.alesc.sc.gov.br/diarios/pdf/5358dia.pdf","CONVOCA o cidadão Antônio Aguiar, 1º Suplente do Partido da Frente Liberal - PFL -, para ocupar cadeira de Deputado neste Poder, em decorrência da renúncia do Deputado João Paulo Kleinübing.","diario_oficial","brutos/diarios/5358dia.pdf","alta","Diário da Assembleia nº 5358, p. 21. vaga de João Paulo Kleinübing","data_raw/assembleias3/SC/eventos.csv",TRUE
"SC","2002",,"Gelson Merísio","efetivacao_suplente","2004-12-14","dia",,,"Gelson Merísio","http://www2.alesc.sc.gov.br/diarios/pdf/5358dia.pdf","CONVOCA o cidadão Gelson Merísio, 2º Suplente do Partido da Frente Liberal - PFL -, para ocupar cadeira de Deputado neste Poder, em decorrência da renúncia do Deputado João Rodrigues.","diario_oficial","brutos/diarios/5358dia.pdf","alta","Diário da Assembleia nº 5358, p. 21. vaga de João Rodrigues","data_raw/assembleias3/SC/eventos.csv",TRUE
"SC","2006","M2006_SC_7_11233_10494","Reno Caramori","licenca","2010-10-28","dia",,,,"http://www2.alesc.sc.gov.br/diarios/pdf/6221dia.pdf","CONCEDE licença do Senhor Deputado Reno Caramori, por um período de sessenta dias, a contar de 28 de outubro do corrente ano, para tratar de assuntos particulares.","diario_oficial","brutos/diarios/6221dia.pdf","alta","Diário da Assembleia nº 6221, p. 3. licença por 60 dias, em curso na votação nominal de 15/12/2010","data_raw/assembleias3/SC/eventos.csv",TRUE
"SC","2006","M2006_SC_7_11611_10505","Jandir Bellini","renuncia","2008-12-17","intervalo","2008-12-31","Prefeito de Itajaí","Lício Mauro da Silveira","http://www2.alesc.sc.gov.br/diarios/pdf/5986dia.pdf","CONVOCA o cidadão Lício Mauro da Silveira, 1º Suplente da Coligação Salve Santa Catarina, para ocupar cadeira de Deputado neste Poder, em decorrência da renúncia do Senhor Deputado Jandir Bellini, eleito Prefeito do Município de Itajaí.","diario_oficial","brutos/diarios/5986dia.pdf","alta","Diário da Assembleia nº 5986, p. 2. ato de 31/12/2008 (limite superior); limite inferior: ata da 101ª Sessão Ordinária de 17/12/2008 ainda o trata como deputado (Diário 5.983, p. 2); forma atual 'outro/cargo_incompativel' em 31/12/2008","data_raw/assembleias3/SC/eventos.csv",TRUE
"SC","2006","M2006_SC_7_15215_10044","João Henrique Blasi","renuncia","2007-11-01","intervalo","2007-11-28","Desembargador do Tribunal de Justiça de Santa Catarina","Edson Renato Dias","http://www2.alesc.sc.gov.br/diarios/pdf/5826dia.pdf","CONVOCA o cidadão Edson Renato Dias, 1º Suplente da Coligação Todos por Santa Catarina, para ocupar cadeira de Deputado neste Poder, em decorrência da renúncia do Deputado João Henrique Blasi, indicado para o cargo de Desembargador do Tribunal de Justiça do Estado.","diario_oficial","brutos/diarios/5826dia.pdf","alta","Diário da Assembleia nº 5826, p. 7. ato de 28/11/2007 (limite superior); a biografia da casa registra 'Em novembro de 2007, renunciou ao mandato parlamentar' (limite inferior)","data_raw/assembleias3/SC/eventos.csv",TRUE
"SC","2006","M2006_SC_7_15220_10045","Herneus de Nadal","renuncia","2009-07-15","intervalo","2009-07-21","Conselheiro do Tribunal de Contas do Estado de Santa Catarina","Edison Andrino","http://www2.alesc.sc.gov.br/diarios/pdf/6063dia.pdf","CONVOCA o cidadão Edison Adrião Andrino de Oliveira, 3º Suplente da Coligação Todos por Santa Catarina, para ocupar cadeira de Deputado neste Poder, em decorrência da renúncia do Deputado Herneus de Nadal, nomeado para o cargo de Conselheiro do Tribunal de Contas do Estado.","diario_oficial","brutos/diarios/6063dia.pdf","alta","Diário da Assembleia nº 6063, p. 27. ato de 21/07/2009 (limite superior); limite inferior: presente na 59ª Sessão Ordinária de 15/07/2009 (mesmo diário); a biografia da casa registra ingresso no TCE em 20/07/2009","data_raw/assembleias3/SC/eventos.csv",TRUE
"SC","2006","M2006_SC_7_25111_10079","Julio Garcia","renuncia","2009-08-19","intervalo","2009-09-02","Conselheiro do Tribunal de Contas do Estado de Santa Catarina","Valdir Cobalchini","http://www2.alesc.sc.gov.br/diarios/pdf/6082dia.pdf","CONVOCA o cidadão Valdir Cobalchini, 4º Suplente da Coligação Todos por Santa Catarina, para ocupar cadeira de Deputado neste Poder, em decorrência da renúncia do Deputado Julio Garcia, nomeado para o cargo de Conselheiro do Tribunal de Contas do Estado.","diario_oficial","brutos/diarios/6082dia.pdf","alta","Diário da Assembleia nº 6082, p. 13. ato de 02/09/2009 (limite superior); limite inferior: presente na 68ª Sessão Ordinária de 19/08/2009 (Diário 6.077); ausente das listas de 20, 26 e 27/08/2009","data_raw/assembleias3/SC/eventos.csv",TRUE
"SC","2006","M2006_SC_7_45110_10159","Clésio Salvaro","renuncia","2008-12-22","dia",,"Prefeito de Criciúma","Serafim Venzon","http://www2.alesc.sc.gov.br/diarios/pdf/5988dia.pdf","que no dia 22 de dezembro, logo após o ato de renúncia do deputado Clésio Salvaro diante do presidente desta Casa, pois no dia 1º de janeiro assumirá o comando de uma das maiores prefeituras de Santa Catarina, a de Criciúma","diario_oficial","brutos/diarios/5988dia.pdf","media","Diário da Assembleia nº 5988, p. 7. data vem de discurso transcrito em ata; Ato de 29/12/2008 (Diário 5.983, p. 36) convoca Serafim Venzon 'em decorrência da renúncia do Deputado Clésio Salvaro, eleito Prefeito do Município de Criciúma'; forma atual 'outro/cargo_incompativel' em 31/12/2008","data_raw/assembleias3/SC/eventos.csv",TRUE
"SC","2006",,"Serafim Venzon","efetivacao_suplente","2008-12-29","dia",,,"Serafim Venzon","http://www2.alesc.sc.gov.br/diarios/pdf/5983dia.pdf","CONVOCA o cidadão Serafim Venzon, 1º Suplente do Partido da Social Democracia Brasileira, para ocupar cadeira de Deputado neste Poder, em decorrência da renúncia do Deputado Clésio Salvaro, eleito Prefeito do Município de Criciúma.","diario_oficial","brutos/diarios/5983dia.pdf","alta","Diário da Assembleia nº 5983, p. 36. vaga de Clésio Salvaro","data_raw/assembleias3/SC/eventos.csv",TRUE
"SC","2010","M2010_SC_7_15001_240000000306","Elizeu Mattos","renuncia","2012-12-19","intervalo","2012-12-20","Prefeito de Lages","Mauro de Nadal","http://www2.alesc.sc.gov.br/diarios/pdf/6502dia.pdf","CONVOCA o cidadão Mauro de Nadal, 2º Suplente da Coligação DEM, PMDB, PSDB, PTB, PTC, PSL, PRP e PSC, para ocupar cadeira de Deputado neste Poder, em decorrência da renúncia do Deputado Elizeu Mattos, eleito para ocupar o cargo de Prefeito Municipal de Lages.","diario_oficial","brutos/diarios/6502dia.pdf","alta","Diário da Assembleia nº 6502, p. 2. ato de 20/12/2012 (limite superior); limite inferior: presente na 127ª Sessão Ordinária de 19/12/2012 (Diário 6.508); forma atual 'outro/cargo_incompativel' em 31/12/2012","data_raw/assembleias3/SC/eventos.csv",TRUE
"SC","2010","M2010_SC_7_25100_240000000341","Cesar Souza Júnior","renuncia","2012-12-19","intervalo","2013-01-02","Prefeito de Florianópolis","Mauricio José Eskudlark","http://www2.alesc.sc.gov.br/diarios/pdf/6502dia.pdf","CONVOCA o cidadão Mauricio José Eskudlark, 1º Suplente da Coligação DEM, PMDB, PSDB, PTB, PTC, PSL, PRP e PSC, para ocupar cadeira de Deputado neste Poder, em decorrência da renúncia do Deputado Cesar Souza Júnior, eleito para ocupar o cargo de Prefeito da Capital Catarinense.","diario_oficial","brutos/diarios/6502dia.pdf","alta","Diário da Assembleia nº 6502, p. 2. ato publicado em 02/01/2013 (limite superior; a data do ato na página é 21/12/2012 ou 02/01/2013, a extração mistura colunas); limite inferior: presente na 127ª Sessão Ordinária de 19/12/2012 (Diário 6.508); forma atual 'outro/cargo_incompativel' em 31/12/2012","data_raw/assembleias3/SC/eventos.csv",TRUE
"SC","2010","M2010_SC_7_25800_240000000354","Jorge Teixeira","afastamento","2014-07-21","dia",,"Secretário de Estado da Assistência Social, Trabalho e Habitação",,"http://www2.alesc.sc.gov.br/diarios/pdf/6717dia.pdf","enquanto perdurar o afastamento do titular, Deputado Jorge Teixeira.","diario_oficial","brutos/diarios/6717dia.pdf","alta","Diário da Assembleia nº 6717, p. 3. ato de 21/07/2014 que convoca Valter José Gallina; a biografia de Nilso Berlanda registra o afastamento para a Secretaria","data_raw/assembleias3/SC/eventos.csv",TRUE
"SC","2010","M2010_SC_7_45678_240000000279","Luiz Eduardo Cherem","renuncia","2014-07-15","intervalo","2014-07-18","Conselheiro do Tribunal de Contas do Estado de Santa Catarina","Dirce Aparecida Heiderscheidt","http://www2.alesc.sc.gov.br/diarios/pdf/6717dia.pdf","CONVOCA a cidadã Dirce Aparecida Heiderscheidt, 3ª Suplente da Coligação DEM, PMDB, PSDB, PTB, PTC, PSL, PRP e PSC, para ocupar cadeira de Deputado neste Poder, em decorrência da renúncia do Deputado Luiz Eduardo Cherem, nomeado para ocupar o cargo de Conselheiro do Tribunal de Contas do Estado.","diario_oficial","brutos/diarios/6717dia.pdf","alta","Diário da Assembleia nº 6717, p. 3. ato de 18/07/2014 (limite superior); limite inferior: presente na 75ª Sessão Ordinária de 15/07/2014 (Diário 6.741); ausente em 16 e 17/07/2014","data_raw/assembleias3/SC/eventos.csv",TRUE
"SC","2014","M2014_SC_7_15010_240000000271","Aldo Schneider","falecimento","2018-08-19","dia",,,"Manoel Mota","http://www2.alesc.sc.gov.br/diarios/pdf/7351dia.pdf","em face do seu falecimento ocorrido em 19/08/2018, conforme Certidão de óbito","diario_oficial","brutos/diarios/7351dia.pdf","alta","Diário da Assembleia nº 7351, p. 6. presidente da Assembleia; Ato de 22/08/2018 (Diário 7.328, p. 7) convoca Manoel Mota 'em decorrência do falecimento do Deputado Aldo Schneider'; a biografia da casa confirma a data","data_raw/assembleias3/SC/eventos.csv",TRUE
"SC","2014","M2014_SC_7_15650_240000000281","Gean Loureiro","renuncia","2016-12-13","intervalo","2017-01-05","Prefeito de Florianópolis","Luiz Fernando Cardoso (Vampiro)","http://www2.alesc.sc.gov.br/diarios/pdf/7087dia.pdf","CONVOCA o cidadão Luiz Fernando Cardoso, 1º Suplente da Coligação, PSD, DEM, PMDB, e PRB, para ocupar cadeira de Deputado neste Poder, em decorrência da renúncia do Deputado Gean Loureiro, eleito para ocupar o cargo de Prefeito Municipal de Florianópolis.","diario_oficial","brutos/diarios/7087dia.pdf","alta","Diário da Assembleia nº 7087, p. 2. limite superior: publicação do ato em 05/01/2017 (o ato aparenta data de 02/01/2017, a extração mistura colunas); limite inferior: presente na 114ª Sessão Ordinária de 13/12/2016 (Diário 7.083); a biografia da casa dá 05/01/2017; forma atual 'outro/cargo_incompativel' em 31/12/2016","data_raw/assembleias3/SC/eventos.csv",TRUE
"SC","2014","M2014_SC_7_45999_240000000413","Dr. Vicente Caropreso","licenca","2017-01-01","mes",,"Secretário de Estado da Saúde",,"https://memoriapolitica.alesc.sc.gov.br/biografia/989-Dr_Vicente_Caropreso","Em janeiro de 2017, aceitei convite feito pelo Governador Raimundo Colombo e assumi o cargo de Secretário de Estado na pasta da Saúde","memorial_casa","brutos/biografias/989-Dr_Vicente_Caropreso.html","media","texto autobiográfico na biografia; presente na folha de janeiro de 2019","data_raw/assembleias3/SC/eventos.csv",TRUE
"SC","2014","M2014_SC_7_55111_240000000258","José Nei Ascari","renuncia","2017-11-08","intervalo","2017-11-09","Conselheiro do Tribunal de Contas do Estado de Santa Catarina","Carlos Fernando Coruja Agustini","http://www2.alesc.sc.gov.br/diarios/pdf/7193dia.pdf","CONVOCA o cidadão Carlos Fernando Coruja Agustini, 2º Suplente da Coligação PSD, DEM, PMDB e PRB, para ocupar cadeira de Deputado neste Poder, em decorrência da renúncia do Deputado José Nei Ascari, indicado para ocupar o cargo de Conselheiro do Tribunal de Contas do Estado. PALÁCIO BARRIGA-VERDE, em Florianópolis, 9 de novembro de 2017.","diario_oficial","brutos/diarios/7193dia.pdf","alta","Diário da Assembleia nº 7193, p. 9. ato de 09/11/2017 (limite superior); limite inferior: presente na 105ª Sessão Ordinária de 08/11/2017 (Diário 7.197). Contradição: a biografia da casa registra a renúncia em 11/11/2017, depois do ato que já a declara","data_raw/assembleias3/SC/eventos.csv",TRUE
"SC","2014","M2014_SC_7_55858_240000000260","Milton Hobus","licenca","2015-02-10","dia",,"Secretário de Estado",,"https://memoriapolitica.alesc.sc.gov.br/biografia/1052-Milton_Hobus","Licenciou-se do mandato parlamentar em 10 de fevereiro de 2015 - para ocupar pasta no Executivo Estadual, e reassumiu a cadeira na ALESC em 6 de junho de 2016.","memorial_casa","brutos/biografias/1052-Milton_Hobus.html","alta",,"data_raw/assembleias3/SC/eventos.csv",TRUE
"SC","2014","M2014_SC_7_55858_240000000260","Milton Hobus","retorno","2016-06-06","dia",,,,"https://memoriapolitica.alesc.sc.gov.br/biografia/1052-Milton_Hobus","Licenciou-se do mandato parlamentar em 10 de fevereiro de 2015 - para ocupar pasta no Executivo Estadual, e reassumiu a cadeira na ALESC em 6 de junho de 2016.","memorial_casa","brutos/biografias/1052-Milton_Hobus.html","alta",,"data_raw/assembleias3/SC/eventos.csv",TRUE
"SC","2018","M2018_SC_7_11130_240000627262","Altair Silva","licenca","2019-05-05","dia",,,"Silvio Dreveck","https://memoriapolitica.alesc.sc.gov.br/biografia/1021-Altair_Silva","A partir de 5 de maio de 2019, o Deputado licenciou-se por motivos particulares, pelo período de sessenta dias, sendo convocado o primeiro suplente da coligação para ocupar a vaga, Silvio Dreveck (PP).","memorial_casa","brutos/biografias/1021-Altair_Silva.html","alta","licença por 60 dias","data_raw/assembleias3/SC/eventos.csv",TRUE
"SC","2018","M2018_SC_7_11130_240000627262","Altair Silva","afastamento","2021-01-18","dia",,"Secretário de Estado da Agricultura, da Pesca e do Desenvolvimento Rural","Silvio Dreveck","https://memoriapolitica.alesc.sc.gov.br/biografia/1021-Altair_Silva","Em 18 de janeiro de 2021, Altair Silva se afastou do mandato de Deputado estadual para ocupar o cargo de Secretário de Estado da Agricultura, da Pesca e do Desenvolvimento Rural.","memorial_casa","brutos/biografias/1021-Altair_Silva.html","alta","presente na folha de janeiro de 2023","data_raw/assembleias3/SC/eventos.csv",TRUE
"SC","2018","M2018_SC_7_12345_240000622590","Rodrigo Minotto","licenca","2020-09-16","dia",,,"César Valduga","https://memoriapolitica.alesc.sc.gov.br/biografia/985-Rodrigo_Minotto","Em 16/9/2020, Minotto licenciou-se do mandato, por sessenta dias, para tratar de interesse particular","memorial_casa","brutos/biografias/985-Rodrigo_Minotto.html","alta","licença por 60 dias","data_raw/assembleias3/SC/eventos.csv",TRUE
"SC","2018","M2018_SC_7_13601_240000624373","Luciane Carminatti","licenca","2022-04-05","dia",,,,"https://memoriapolitica.alesc.sc.gov.br/biografia/974-Luciane_Carminatti","A contar de 5/4/2022, licenciou-se do mandato parlamentar, para tratar de interesse particular, pelo período de sessenta dias.","memorial_casa","brutos/biografias/974-Luciane_Carminatti.html","alta","licença por 60 dias","data_raw/assembleias3/SC/eventos.csv",TRUE
"SC","2018","M2018_SC_7_13987_240000624361","Padre Pedro Baldissera","licenca","2020-03-04","dia",,,"Carlito Merss","https://memoriapolitica.alesc.sc.gov.br/biografia/981-Padre_Pedro_Baldissera","No dia 4/3/2020, licenciou-se do mandato para tratar de interesse particular pelo período de sessenta dias.","memorial_casa","brutos/biografias/981-Padre_Pedro_Baldissera.html","alta","licença por 60 dias","data_raw/assembleias3/SC/eventos.csv",TRUE
"SC","2018","M2018_SC_7_13987_240000624361","Padre Pedro Baldissera","licenca","2021-02-09","dia",,,,"https://memoriapolitica.alesc.sc.gov.br/biografia/981-Padre_Pedro_Baldissera","A contar de 9/2/2021, licenciou-se do mandato parlamentar, para tratar de interesse particular, pelo período de sessenta dias.","memorial_casa","brutos/biografias/981-Padre_Pedro_Baldissera.html","alta","licença por 60 dias","data_raw/assembleias3/SC/eventos.csv",TRUE
"SC","2018","M2018_SC_7_13987_240000624361","Padre Pedro Baldissera","licenca","2021-09-21","dia",,,,"https://memoriapolitica.alesc.sc.gov.br/biografia/981-Padre_Pedro_Baldissera","A contar de 21/9/2021, licenciou-se do mandato parlamentar, para tratar de interesse particular, pelo período de sessenta dias.","memorial_casa","brutos/biografias/981-Padre_Pedro_Baldissera.html","alta","licença por 60 dias","data_raw/assembleias3/SC/eventos.csv",TRUE
"SC","2018","M2018_SC_7_15150_240000609585","Luiz Fernando Vampiro","licenca","2021-02-05","dia",,"Secretário de Estado da Educação","Dirce Aparecida Heiderscheidt","https://memoriapolitica.alesc.sc.gov.br/biografia/988-Luiz_Fernando_Vampiro","Em 5 de fevereiro de 2021, tomou posse no cargo de Secretário de Estado da Educação, assumindo a vaga de Vampiro a primeira suplente da coligação MDB/PSDB, a cidadã Dirce Aparecida Heiderscheidt, empossada no dia 9 de fevereiro de 2021.","memorial_casa","brutos/biografias/988-Luiz_Fernando_Vampiro.html","alta","presente na folha de janeiro de 2023","data_raw/assembleias3/SC/eventos.csv",TRUE
"SC","2018","M2018_SC_7_15655_240000609568","Fernando Krelling","licenca","2020-10-07","dia",,,"Dirce Heiderscheidt","https://memoriapolitica.alesc.sc.gov.br/biografia/1010-Fernando_Krelling","A partir do dia 7 de outubro de 2020, Krelling licenciou-se pelo período de sessenta dias","memorial_casa","brutos/biografias/1010-Fernando_Krelling.html","alta","licença por 60 dias","data_raw/assembleias3/SC/eventos.csv",TRUE
"SC","2018","M2018_SC_7_17193_240000609691","Coronel Mocellin","licenca","2021-08-19","dia",,,,"https://memoriapolitica.alesc.sc.gov.br/biografia/1009-Coronel_Mocellin","O Deputado Coronel Mocellin solicitou licença para tratar de interesse particular, pelo período de sessenta dias, a contar de 19 de agosto de 2021.","memorial_casa","brutos/biografias/1009-Coronel_Mocellin.html","alta","licença por 60 dias","data_raw/assembleias3/SC/eventos.csv",TRUE
"SC","2018","M2018_SC_7_22022_240000609796","Nilso Berlanda","licenca","2020-09-22","dia",,,"Carlos Humberto Metzner Silva","https://memoriapolitica.alesc.sc.gov.br/biografia/1116-Nilso_Berlanda","O Deputado Berlanda afastou-se para tratar de interesse particular por sessenta dias, tomando posse no cargo de deputado, em 22 de setembro de 2020, o cidadão Carlos Humberto Metzner Silva (PL)","memorial_casa","brutos/biografias/1116-Nilso_Berlanda.html","alta","data é a da posse do suplente","data_raw/assembleias3/SC/eventos.csv",TRUE
"SC","2018","M2018_SC_7_22222_240000609795","Mauricio Eskudlark","licenca","2020-12-08","dia",,,,"https://memoriapolitica.alesc.sc.gov.br/biografia/977-Mauricio_Eskudlark","Licenciou-se do mandato pelo período de sessenta dias, a partir de 8 de dezembro de 2020, para tratar de interesse particular.","memorial_casa","brutos/biografias/977-Mauricio_Eskudlark.html","alta","licença por 60 dias","data_raw/assembleias3/SC/eventos.csv",TRUE
"SC","2018","M2018_SC_7_45999_240000609619","Dr. Vicente Caropreso","licenca","2020-02-06","dia",,,,"https://memoriapolitica.alesc.sc.gov.br/biografia/989-Dr_Vicente_Caropreso","Entrou em licença a partir de 6 de fevereiro de 2020, por motivos particulares, pelo período de sessenta dias.","memorial_casa","brutos/biografias/989-Dr_Vicente_Caropreso.html","alta","licença por 60 dias","data_raw/assembleias3/SC/eventos.csv",TRUE
"SC","2018","M2018_SC_7_55111_240000627250","Julio Garcia","licenca","2021-03-24","dia",,,"Jean Kuhlmann","https://memoriapolitica.alesc.sc.gov.br/biografia/971-Jean_Kuhlmann","durante a licença por motivos particulares do Deputado Julio Garcia, por igual período, a contar de 24 de março de 2021.","memorial_casa","brutos/biografias/971-Jean_Kuhlmann.html","alta","registro na biografia do suplente Jean Kuhlmann","data_raw/assembleias3/SC/eventos.csv",TRUE
"SC","2018","M2018_SC_7_55858_240000627238","Milton Hobus","licenca","2020-02-20","dia",,,"Ulisses Gabriel","https://memoriapolitica.alesc.sc.gov.br/biografia/1052-Milton_Hobus","Licenciou-se do mandato pelo período de 90 dias, a contar do dia 20 de fevereiro de 2020, por motivos particulares, sendo convocado Ulisses Gabriel","memorial_casa","brutos/biografias/1052-Milton_Hobus.html","alta","licença por 90 dias","data_raw/assembleias3/SC/eventos.csv",TRUE
"SC","2022","M2022_SC_7_14181_240001614282","Delegado Egídio","renuncia","2024-12-18","dia",,"Prefeito de Blumenau","Silvio Cardoso Junior","http://www2.alesc.sc.gov.br/diarios/pdf/8715diaicp.pdf","CONVOCA o cidadão Silvio Cardoso Junior, 1° Suplente do Partido Trabalhista Brasileiro (PTB), para ocupar cadeira de Deputado neste Poder, a partir do dia 18 de dezembro do corrente ano, em decorrência da renúncia do Deputado Delegado Egídio, eleito para ocupar o cargo de Prefeito Municipal de Blumenau.","diario_oficial","brutos/diarios/8715diaicp.pdf","alta","Diário da Assembleia nº 8.715, p. 4 (ato de 16/12/2024); a biografia da casa registra 'Em 18 de dezembro de 2024, renunciou ao mandato'","data_raw/assembleias3/SC/eventos.csv",TRUE
"TO","1998","M1998_TO_7_25112_270002707251121","Marcelo Miranda","renuncia","2002-12-31","dia",,"Governador do Estado","Valuar Barros","https://www.al.to.leg.br/assets/galeriahistorica/presidentes/marcelo-miranda.html","Por ter sido eleito governador pelo PFL, renunciou à presidência do Parlamento em 31 de dezembro de 2002. A vaga de deputado foi ocupada pelo deputado Valuar Barros.","memorial_casa","brutos/aleto_presidente_marcelo-miranda.html","media","Memorial dos presidentes da ALETO. A página de João Renildo confirma: 'após renúncia do deputado Marcelo Miranda que foi eleito governador do Estado'. Data de 31/12/2002 dita para a presidência; a vaga de deputado passou a Valuar Barros. Sem Diário de 2002 no portal.","data_raw/assembleias3/TO/eventos.csv",TRUE
"TO","2002","M2002_TO_7_15153_109","Paulo Sidnei","renuncia","2006-12-31","dia",,"Vice-Governador do Estado","Osires Damaso","https://www.al.to.leg.br/arquivo/8550","foi apresentado o ofício de autoria do Senhor Deputado Paulo Sidnei comunicando a sua renúncia ao mandato de Deputado Estadual a partir de trinta e um de dezembro de 2006, em virtude de tomar posse no cargo de Vice-Governador do Estado, para o exercício de 1º de janeiro de 2007 a 31 de dezembro de 2010. Em seguida, o Senhor Presidente solicitou que o mesmo fosse publicado e em virtude da renúncia do Deputado Paulo Sidnei – PPS, convocou o Senhor Osires Damaso para ocupar a vaga a partir de 1º de janeiro de 2007.","diario_oficial","brutos/diarios_txt/2006-12-29_1509_8550.txt","alta","Ata de sessão publicada no Diário da Assembleia nº 1509.","data_raw/assembleias3/TO/eventos.csv",TRUE
"TO","2006","M2006_TO_7_15123_10442","Josi Nunes","licenca","2008-08-12","dia",,,"Osires Rodrigues Damaso","https://www.al.to.leg.br/arquivo/11975","Em virtude da licença, por 121 (cento e vinte e um) dias, da Sra. Deputada Josi Nunes, convoco V.Sª para assumir a sua vaga, no cargo de Deputado Estadual, pelo prazo acima citado.","diario_oficial","brutos/diarios_txt/2008-08-25_1640_11975.txt","alta","Ofício de convocação de suplente. Não encerra o mandato.","data_raw/assembleias3/TO/eventos.csv",TRUE
"TO","2006","M2006_TO_7_15333_10450","Carlos Henrique Gaguim","renuncia","2009-10-08","dia",,"Governador do Estado (eleição indireta)","Osires Rodrigues Damaso","https://www.al.to.leg.br/arquivo/23029","Palmas, 08 de outubro de 2009. Senhor Presidente, Tendo em vista a minha eleição, pela forma indireta, ao cargo de Governador do Estado do Tocantins, em Sessão Extraordinária realizada nesta data e para tal fim, comunico a Vossa Excelência a minha renúncia ao mandato de Deputado Estadual da 6ª Legislatura, bem como ao cargo de Presidente da Assembleia Legislativa do Estado do Tocantins.","diario_oficial","brutos/diarios_txt/2009-10-08_1725_23029.txt","alta","Antes da eleição indireta exerceu interinamente o governo como presidente da ALETO (a galeria de presidentes dá a presidência de Júnior Coimbra a partir de 10/09/2009). O mesmo Diário traz o ofício que convoca Osires Damaso em caráter de sucessão.","data_raw/assembleias3/TO/eventos.csv",TRUE
"TO","2006","M2006_TO_7_22111_10163","Fabion Gomes","renuncia","2008-12-31","dia",,"Prefeito de Tocantinópolis","Pedro Lima Santos","https://www.al.to.leg.br/arquivo/15178","que renuncio o mandato de Deputado Estadual da 6ª Legislatura (20076/2011) a partir do dia 31 de dezembro de 2008 e, consequentemente, o cargo de 1º vice-Presidente da Assembléia Legislativa do Estado do Tocantins (2007/2009), em virtude de tomar posse no cargo de Prefeito Municipal da cidade de Tocantinópolis, que me foi conferido pelo povo nas últimas eleições municipais, para o exercício de 1º de janeiro de 2009 a 31 de dezembro de 2012. Respeitosamente, Deputado FABION GOMES","diario_oficial","brutos/diarios_txt/2008-12-18_1666_15178.txt","alta","Ofício nº 300/2008, de 15/12/2008, no Diário nº 1666. Posse do suplente Pedro Lima Santos na reunião da Comissão Executiva de 02/01/2009 (Diário nº 1669). Confirma e corrige a forma fraca 'outro' (cargo incompatível).","data_raw/assembleias3/TO/eventos.csv",TRUE
"TO","2006","M2006_TO_7_23222_10288","Eduardo do Dertins","licenca","2009-09-10","dia",,,"Manoel Aragão Da Silva","https://www.al.to.leg.br/arquivo/22816","Em virtude do afastamento do Senhor Deputado Eduardo do Dertins, para assumir o cargo de Secretário Estadual da Habitação, convoco Vossa Senhoria para assumir a sua vaga, no cargo de Deputado Estadual.","diario_oficial","brutos/diarios_txt/2009-09-11_1717_22816.txt","alta","Ofício de convocação de suplente. Não encerra o mandato.","data_raw/assembleias3/TO/eventos.csv",TRUE
"TO","2006","M2006_TO_7_25678_10426","Valuar Barros","renuncia","2008-12-31","dia",,"Prefeito de Araguaína","Antonio Poincaré Andrade Filho","https://www.al.to.leg.br/arquivo/15178","que renuncio o mandato de Deputado Estadual da 6ª Legislatura (20076/2011) a partir do dia 31 de dezembro de 2008 , em virtude de tomar posse no cargo de Prefeito Municipal da cidade de Araguaína, que me foi conferido pelo povo nas últimas eleições municipais, para o exercício de 1º de janeiro de 2009 a 31 de dezembro de 2012. Respeitosamente, VALUAR BARROS Deputado Estadual","diario_oficial","brutos/diarios_txt/2008-12-18_1666_15178.txt","alta","Ofício nº 241/2008, de 15/12/2008, no Diário nº 1666. Posse do suplente Toinho Andrade em 02/01/2009 (Diário nº 1669). Confirma e corrige a forma fraca 'outro' (cargo incompatível).","data_raw/assembleias3/TO/eventos.csv",TRUE
"TO","2006",,"Pedro Lima Santos; Antonio Poincaré Andrade Filho","posse_suplente","2009-01-02","dia",,,,"https://www.al.to.leg.br/arquivo/15212","O Senhor Presidente declarou aberta a Reunião da Comissão Executiva para dar posse aos Suplentes, Senhor Pedro Lima Santos e Senhor Antonio Poincaré Andrade Filho, para assumirem o mandato de Deputado Estadual, assumindo as vagas renunciadas pelos Senhores Deputados Fabion Gomes e Valuar Barros, em virtude de eleição para o mandato de Prefeito das cidades de Tocantinópolis e Araguaína, respectivamente.","diario_oficial","brutos/diarios_txt/2009-01-02_1669_15212.txt","alta","Suplentes efetivados nas vagas de Fabion Gomes e Valuar Barros.","data_raw/assembleias3/TO/eventos.csv",TRUE
"TO","2006",,"Osires Rodrigues Damaso","efetivacao_suplente","2009-10-08","dia",,,,"https://www.al.to.leg.br/arquivo/23029","Tendo em vista a renúncia do Senhor Deputado Carlos Henrique Gaguim para assumir o cargo de Governador do Estado do Tocantins, CONVOCO Vossa Senhoria para assumir o mandato de Deputado Estadual, em caráter de sucessão, nos termos do art. 236, inciso I, § 3º do Regimento Interno desta Casa de Leis. Atenciosamente, Deputado JUNIOR COIMBRA Presidente em Exercício Ao Senhor OSIRES RODRIGUES DAMASO","diario_oficial","brutos/diarios_txt/2009-10-08_1725_23029.txt","alta","Suplente convocado em sucessão na vaga de Carlos Gaguim.","data_raw/assembleias3/TO/eventos.csv",TRUE
"TO","2010","M2010_TO_7_11610_270000000066","Raimundo Palito","afastamento","2012-08-01","dia",,,"Ricardo Ayres De Carvalho","https://www.al.to.leg.br/arquivo/30620","Em virtude do afastamento do Senhor Deputado Raimundo Palito, nos termos do art. 24, inciso I, da Constituição Estadual c/c o art. 231, inciso IV, do Regimento Interno desta Casa de Leis, e, em razão do que determina o art. 236, inciso II do Regimento Interno, convoco Vossa Senhoria para reassumir o mandato, em caráter de substituição, na vaga de Deputado Estadual.","diario_oficial","brutos/diarios_txt/2012-08-10_1959_30620.txt","alta","Ofício de convocação de suplente; art. 231, IV, do Regimento Interno, que a tabela de afastamentos do SAPL da ALETO descreve como investidura em cargo do art. 24, I, da Constituição Estadual. Não encerra o mandato.","data_raw/assembleias3/TO/eventos.csv",TRUE
"TO","2010","M2010_TO_7_11610_270000000066","Raimundo Palito","afastamento","2014-01-24","dia",,,"Jorge Frederico","https://www.al.to.leg.br/arquivo/34320","Em virtude do afastamento do Senhor Deputado Raimundo Palito, nos termos do art. 24, inciso I, da Constituição Estadual c/c o art. 231, inciso IV, do Regimento Interno desta Casa de Leis, e, em razão do que determina o art. 236, inciso II do Regimento Interno, convoco Vossa Senhoria para assumir, em caráter de substituição, a vaga no cargo de Deputado Estadual, a partir desta data.","diario_oficial","brutos/diarios_txt/2014-02-04_2080_34320.txt","alta","Ofício de convocação de suplente; art. 231, IV, do Regimento Interno, que a tabela de afastamentos do SAPL da ALETO descreve como investidura em cargo do art. 24, I, da Constituição Estadual. Não encerra o mandato.","data_raw/assembleias3/TO/eventos.csv",TRUE
"TO","2010","M2010_TO_7_11610_270000000066","Raimundo Palito","afastamento","2014-05-13","dia",,,"Elenil Da Penha Alves De Brito","https://www.al.to.leg.br/arquivo/35108","Em virtude do afastamento do Senhor Deputado Raimundo Palito, nos termos do art. 24, I, da Constituição Estadual, e art. 231, IV, do Regimento Interno desta Casa de Leis, e, em razão do que determina o art. 236, II, do mesmo diploma legal, convoco Vossa Senhoria para assumir, em caráter de substituição, a vaga de Deputado Estadual, a partir desta data.","diario_oficial","brutos/diarios_txt/2014-05-13_2114_35108.txt","alta","Ofício de convocação de suplente; art. 231, IV, do Regimento Interno, que a tabela de afastamentos do SAPL da ALETO descreve como investidura em cargo do art. 24, I, da Constituição Estadual. Não encerra o mandato.","data_raw/assembleias3/TO/eventos.csv",TRUE
"TO","2010","M2010_TO_7_15222_270000000070","Sandoval Cardoso","afastamento","2012-03-07","dia",,,"Jorge Frederico","https://www.al.to.leg.br/arquivo/29175","Em virtude do afastamento do Senhor Deputado Sandoval Cardoso, nos termos do art. 24, inciso I, da Constituição Estadual c/c o art. 231, inciso IV, do Regimento Interno desta Casa de Leis, e, em razão do que determina o art. 236, inciso II do Regimento Interno, convoco Vossa Senhoria para assumir, em caráter de substituição, a vaga no cargo de Deputado Estadual.","diario_oficial","brutos/diarios_txt/2012-03-12_1915_29175.txt","alta","Ofício de convocação de suplente; art. 231, IV, do Regimento Interno, que a tabela de afastamentos do SAPL da ALETO descreve como investidura em cargo do art. 24, I, da Constituição Estadual. Não encerra o mandato. Ofício datado de '7 de março de 2011' no Diário de 12/03/2012; ano lido como 2012.","data_raw/assembleias3/TO/eventos.csv",TRUE
"TO","2010","M2010_TO_7_15222_270000000070","Sandoval Cardoso","afastamento","2012-07-13","dia",,,"Jorge Frederico","https://www.al.to.leg.br/arquivo/30497","Em virtude do afastamento do Senhor Deputado Sandoval Cardoso, nos termos do art. 24, inciso I, da Constituição Estadual c/c o art. 231, inciso IV, do Regimento Interno desta Casa de Leis, e, em razão do que determina o art. 236, inciso II do Regimento Interno, convoco Vossa Senhoria para reassumir o mandato, em caráter de substituição, na vaga de Deputado Estadual.","diario_oficial","brutos/diarios_txt/2012-07-13_1952_30497.txt","alta","Ofício de convocação de suplente; art. 231, IV, do Regimento Interno, que a tabela de afastamentos do SAPL da ALETO descreve como investidura em cargo do art. 24, I, da Constituição Estadual. Não encerra o mandato.","data_raw/assembleias3/TO/eventos.csv",TRUE
"TO","2010","M2010_TO_7_15222_270000000070","Sandoval Cardoso","renuncia","2014-05-04","dia",,"Governador do Estado (eleição indireta)",,"https://www.al.to.leg.br/arquivo/35038","Renuncio ao mandato de Deputado Estadual e Presidente da Mesa Diretora para exercer com muita honra e orgulho o mandato de Governador do Estado do Tocantins, eleito em 04 de maio de 2014. Palmas, 04 de maio de 2014 Sandoval Cardoso Deputado Estadual DECLARAÇÃO DE VACÂNCIA DE MANDATO DE DEPUTADO ESTADUAL","diario_oficial","brutos/diarios_txt/2014-05-04_2110_35038.txt","alta","Termo de renúncia e declaração de vacância assinada pelo presidente Osires Damaso no Diário nº 2110.","data_raw/assembleias3/TO/eventos.csv",TRUE
"TO","2010","M2010_TO_7_23400_270000000059","Manoel Queiroz","licenca","2011-07-05","dia",,,"Ricardo Ayres","https://www.al.to.leg.br/arquivo/27764","Em virtude do afastamento do Senhor Deputado Manoel Queiroz, nos termos do artigo 231, II, do Regimento Interno desta Casa de Leis, pelo período de 121 (cento e vinte e um dias) e, em razão da determinação do artigo 236, III do Regimento Interno, convoco Vossa Senhoria para assumir, em substituição, a vaga no cargo de Deputado Estadual.","diario_oficial","brutos/diarios_txt/2011-07-08_1860_27764.txt","alta","Ofício de convocação de suplente; art. 231, II, do Regimento Interno, que a tabela de afastamentos do SAPL da ALETO descreve como tratamento de saúde; período de 121 (cento e vinte e um dias). Não encerra o mandato. Novo ofício de 2011-07-06 convoca Ricardo Ayres para a mesma vaga.","data_raw/assembleias3/TO/eventos.csv",TRUE
"TO","2010","M2010_TO_7_23400_270000000059","Manoel Queiroz","licenca","2014-02-27","dia",,,"Ricardo Ayres","https://www.al.to.leg.br/arquivo/34634","Em virtude do afastamento do Senhor Deputado Manoel Queiroz, nos termos do art. 24, II, da Constituição Estadual e art. 231, II desta Casa de Leis, e, em razão do que determina o art. 236, III, do mesmo diploma legal, convoco Vossa Senhoria para assumir, em caráter de substituição, a vaga de Deputado Estadual, a partir desta data.","diario_oficial","brutos/diarios_txt/2014-03-17_2090_34634.txt","alta","Ofício de convocação de suplente; art. 231, II, do Regimento Interno, que a tabela de afastamentos do SAPL da ALETO descreve como tratamento de saúde. Não encerra o mandato.","data_raw/assembleias3/TO/eventos.csv",TRUE
"TO","2010","M2010_TO_7_23400_270000000059","Manoel Queiroz","licenca","2014-05-07","dia",,,"Ricardo Ayres","https://www.al.to.leg.br/arquivo/35221","Em virtude do afastamento do Senhor Deputado Manoel Queiroz, da posse do Deputado Jorge Frederico à vaga de Deputado Estadual, e em razão do que determina o art. 236, III, do Regimento Interno desta Casa Legislativa, convoco Vossa Senhoria para reassumir, em caráter de substituição, a vaga de Deputado Estadual, a partir desta data.","diario_oficial","brutos/diarios_txt/2014-05-08_2113_35221.txt","alta","Ofício de convocação de suplente. Não encerra o mandato.","data_raw/assembleias3/TO/eventos.csv",TRUE
"TO","2010","M2010_TO_7_45555_270000000319","Freire Júnior","afastamento","2011-10-04","dia",,,"Carlos Alberto Da Costa","https://www.al.to.leg.br/arquivo/28360","Em virtude do afastamento do Senhor Deputado Freire Júnior, nos termos do art. 24, inciso I, da Constituição Estadual c/c o art. 231, inciso IV, do Regimento Interno desta Casa de Leis, e, em razão do que determina o art. 236, inciso II, do Regimento Interno, convoco Vossa Senhoria para assumir, em caráter de substituição, a vaga no cargo de Deputado Estadual.","diario_oficial","brutos/diarios_txt/2011-10-07_1880_28360.txt","alta","Ofício de convocação de suplente; art. 231, IV, do Regimento Interno, que a tabela de afastamentos do SAPL da ALETO descreve como investidura em cargo do art. 24, I, da Constituição Estadual. Não encerra o mandato.","data_raw/assembleias3/TO/eventos.csv",TRUE
"TO","2014","M2014_TO_7_13413_270000000383","Paulo Mourão","licenca","2015-12-17","dia",,,"José Salomão Jacobina Aires","https://www.al.to.leg.br/arquivo/38729","Em virtude do afastamento do Senhor Deputado Paulo Mourão, nos termos do art. 24, II, da Constituição Estadual, e art. 231, II, do Regimento Interno desta Casa de Leis, e, em razão do que determina o art. 236, III, do mesmo diploma legal, convoco Vossa Senhoria para assumir, em caráter de substituição, a vaga de Deputado Estadual, a partir desta data.","diario_oficial","brutos/diarios_txt/2015-12-17_2288_38729.txt","alta","Ofício de convocação de suplente; art. 231, II, do Regimento Interno, que a tabela de afastamentos do SAPL da ALETO descreve como tratamento de saúde. Não encerra o mandato.","data_raw/assembleias3/TO/eventos.csv",TRUE
"TO","2014","M2014_TO_7_14143_270000000248","Mauro Carlesse","afastamento","2018-04-04","dia",,,"Solange Duailibe","https://www.al.to.leg.br/arquivo/43931","Em virtude do afastamento do Senhor Deputado Mauro Carlesse, nos termos do art. 39, §3º da Constituição Estadual, e em razão do disposto no Parecer nº 0063/2018 – PJA/AL, convoco Vossa Senhoria para assumir, em caráter de substituição, a vaga de Deputado Estadual, a partir desta data.","diario_oficial","brutos/diarios_txt/2018-04-04_2588_43931.txt","alta","Ofício de convocação de suplente. Não encerra o mandato. Ofício datado de '4 de abril de 2017' no Diário de 04/04/2018; ano lido como 2018. Afastamento para exercer interinamente o governo (art. 39, §3º, da Constituição Estadual).","data_raw/assembleias3/TO/eventos.csv",TRUE
"TO","2014","M2014_TO_7_14143_270000000248","Mauro Carlesse","renuncia","2018-07-09","dia",,"Governador do Estado (eleição suplementar de 2018)","Solange Jane Tavares Duailibe de Jesus","https://www.al.to.leg.br/arquivo/45126","declara a vacância de mandato de Deputado Estadual, em virtude da renúncia do Deputado Mauro Carlesse ao respectivo mandato, a partir desta data. Assembleia Legislativa do Estado do Tocantins, aos 9 dias do mês de julho de 2018.","diario_oficial","brutos/diarios_txt/2018-07-10_2637_45126.txt","alta","Declaração de vacância e ofício nº 395/2018-P que convoca a suplente Solange Duailibe, Diário nº 2637.","data_raw/assembleias3/TO/eventos.csv",TRUE
"TO","2014","M2014_TO_7_14777_270000000246","Eduardo Siqueira Campos","licenca","2017-02-02","dia",,,"Solange Jane Tavares Duailibe De Jesus","https://www.al.to.leg.br/arquivo/40681","Em virtude do afastamento do Senhor Deputado Eduardo Siqueira Campos, nos termos do art. 24, II, da Constituição Estadual, e art. 231, II, do Regimento Interno desta Casa de Leis, e, em razão do que determina o art. 236, III, do mesmo diploma legal, convoco Vossa Senhoria para assumir, em caráter de substituição, a vaga de Deputado Estadual, a partir desta data.","diario_oficial","brutos/diarios_txt/2017-02-06_2412_40681.txt","alta","Ofício de convocação de suplente; art. 231, II, do Regimento Interno, que a tabela de afastamentos do SAPL da ALETO descreve como tratamento de saúde. Não encerra o mandato.","data_raw/assembleias3/TO/eventos.csv",TRUE
"TO","2014","M2014_TO_7_15100_270000000028","Rocha Miranda","licenca","2017-08-10","dia",,,"José Augusto Pugliesi Tavares","https://www.al.to.leg.br/arquivo/42103","Em virtude do afastamento do Senhor Deputado Rocha Miranda, nos termos do art. 24, II, da Constituição Estadual, e art. 231, II, do Regimento Interno desta Casa de Leis, e, em razão do que determina o art. 236, III, do mesmo diploma legal, convoco Vossa Senhoria para assumir, em caráter de substituição, a vaga de Deputado Estadual, a partir desta data.","diario_oficial","brutos/diarios_txt/2017-08-15_2490_42103.txt","alta","Ofício de convocação de suplente; art. 231, II, do Regimento Interno, que a tabela de afastamentos do SAPL da ALETO descreve como tratamento de saúde. Não encerra o mandato.","data_raw/assembleias3/TO/eventos.csv",TRUE
"TO","2014","M2014_TO_7_23222_270000000268","Eduardo do Dertins","licenca","2017-02-14","dia",,,"Stalin Juarez Gomes Bucar","https://www.al.to.leg.br/arquivo/40873","Em virtude do afastamento do Senhor Deputado Eduardo do Dertins, nos termos do art. 24, II, da Constituição Estadual, e art. 231, II, do Regimento Interno desta Casa de Leis, e, em razão do que determina o art. 236, III, do mesmo diploma legal, convoco Vossa Senhoria para assumir, em caráter de substituição, a vaga de Deputado Estadual, a partir desta data.","diario_oficial","brutos/diarios_txt/2017-02-15_2416_40873.txt","alta","Ofício de convocação de suplente; art. 231, II, do Regimento Interno, que a tabela de afastamentos do SAPL da ALETO descreve como tratamento de saúde. Não encerra o mandato.","data_raw/assembleias3/TO/eventos.csv",TRUE
"TO","2014","M2014_TO_7_28777_270000000215","Júnior Evangelista","licenca","2017-04-25","dia",,,"Ivory De Lira Aguiar Cunha","https://www.al.to.leg.br/arquivo/41311","Em virtude do afastamento do Senhor Deputado Júnior Evangelista, nos termos do art. 24, II, da Constituição Estadual, e art. 231, II, do Regimento Interno desta Casa de Leis, e, em razão do que determina o art. 236, III, do mesmo diploma legal, convoco Vossa Senhoria para assumir, em caráter de substituição, a vaga de Deputado Estadual, a partir desta data.","diario_oficial","brutos/diarios_txt/2017-04-26_2448_41311.txt","alta","Ofício de convocação de suplente; art. 231, II, do Regimento Interno, que a tabela de afastamentos do SAPL da ALETO descreve como tratamento de saúde. Não encerra o mandato.","data_raw/assembleias3/TO/eventos.csv",TRUE
"TO","2014","M2014_TO_7_28777_270000000215","Júnior Evangelista","afastamento","2018-01-17","dia",,,"Ivory De Lira Aguiar Cunha","https://www.al.to.leg.br/arquivo/43510","Em virtude do afastamento do Senhor Deputado Júnior Evangelista, nos termos do art. 24, I, da Constituição Estadual, e art. 231, IV, do Regimento Interno desta Casa de Leis, e, em razão do que determina o art. 236, II, do mesmo diploma legal, convoco Vossa Senhoria para assumir, em caráter de substituição, a vaga de Deputado Estadual, a partir desta data.","diario_oficial","brutos/diarios_txt/2018-01-19_2558_43510.txt","alta","Ofício de convocação de suplente; art. 231, IV, do Regimento Interno, que a tabela de afastamentos do SAPL da ALETO descreve como investidura em cargo do art. 24, I, da Constituição Estadual. Não encerra o mandato.","data_raw/assembleias3/TO/eventos.csv",TRUE
"TO","2014","M2014_TO_7_40000_270000000165","Ricardo Ayres","afastamento","2017-02-16","dia",,,"Alan Kardec Martins Barbiero","https://www.al.to.leg.br/arquivo/40875","Em virtude do afastamento do Senhor Deputado Ricardo Ayres, nos termos do art. 24, I, da Constituição Estadual, e art. 231, IV, do Regimento Interno desta Casa de Leis, e, em razão do que determina o art. 236, II, do mesmo diploma legal, convoco Vossa Senhoria para assumir, em caráter de substituição, a vaga de Deputado Estadual, a partir desta data.","diario_oficial","brutos/diarios_txt/2017-02-16_2417_40875.txt","alta","Ofício de convocação de suplente; art. 231, IV, do Regimento Interno, que a tabela de afastamentos do SAPL da ALETO descreve como investidura em cargo do art. 24, I, da Constituição Estadual. Não encerra o mandato.","data_raw/assembleias3/TO/eventos.csv",TRUE
"TO","2014","M2014_TO_7_40000_270000000165","Ricardo Ayres","afastamento","2017-09-13","dia",,,"Alan Kardec Martins Barbiero","https://www.al.to.leg.br/arquivo/42744","Em virtude do afastamento do Senhor Deputado Ricardo Ayres, nos termos do art. 24, I, da Constituição Estadual, e art. 231, IV, do Regimento Interno desta Casa de Leis, e, em razão do que determina o art. 236, II, do mesmo diploma legal, convoco Vossa Senhoria para assumir, em caráter de substituição, a vaga de Deputado Estadual, a partir desta data.","diario_oficial","brutos/diarios_txt/2017-09-13_2501_42744.txt","alta","Ofício de convocação de suplente; art. 231, IV, do Regimento Interno, que a tabela de afastamentos do SAPL da ALETO descreve como investidura em cargo do art. 24, I, da Constituição Estadual. Não encerra o mandato.","data_raw/assembleias3/TO/eventos.csv",TRUE
"TO","2014","M2014_TO_7_77100_270000000227","Wanderlei Barbosa","renuncia","2018-07-09","dia",,"Vice-Governador do Estado (eleição suplementar de 2018)","Stalin Bucar","https://www.al.to.leg.br/arquivo/45126","declara a vacância de mandato de Deputado Estadual, em virtude da renúncia do Deputado Wanderlei Barbosa ao respectivo mandato, a partir desta data. Assembleia Legislativa do Estado do Tocantins, aos 9 dias do mês de julho de 2018.","diario_oficial","brutos/diarios_txt/2018-07-10_2637_45126.txt","alta","Declaração de vacância e ofício nº 396/2018-P que convoca o suplente Stalin Bucar, Diário nº 2637.","data_raw/assembleias3/TO/eventos.csv",TRUE
"TO","2014","M2014_TO_7_77700_270000000226","Vilmar de Oliveira","licenca","2017-03-08","dia",,,"Jaime Café de Sá","https://www.al.to.leg.br/arquivo/40950","OFÍCIO N.º 094 - P Palmas, 8 de março de 2017. Ao Senhor JAIME CAFÉ DE SÁ Suplente de Deputado Estadual Assunto: Convocação Prezado Senhor, Em virtude do afastamento do Senhor Deputado Vilmar de [...] Oliveira, nos termos do art. 24, II, da Constituição Estadual, e art. 231, II, do Regimento Interno desta Casa de Leis, e, em razão do que determina o art. 236, III, do mesmo diploma legal, convoco Vossa Senhoria para assumir, em caráter de substituição, a vaga de Deputado Estadual, a partir desta data.","diario_oficial","brutos/diarios_txt/2017-03-09_2425_40950.txt","alta","Ofício de convocação de suplente; art. 231, II, do Regimento Interno (na tabela de afastamentos do SAPL da ALETO, tratamento de saúde). Não encerra o mandato.","data_raw/assembleias3/TO/eventos.csv",TRUE
"TO","2022","M2022_TO_7_22111_270001643584","Fabion Gomes de Sousa","renuncia","2024-12-31","dia",,,"Danilo Alencar de Andrade","https://www.al.to.leg.br/arquivo/72721","Eu, Fabion Gomes de Sousa, Deputado Estadual regularmente eleito e em pleno exercício do mandato parlamentar, venho, por meio desta, nos termos do art. 234 do Regimento Interno desta Casa, renunciar, de forma irrevogável e irretratável, ao meu mandato de Deputado Estadual a partir de 31 de dezembro de 2024.","diario_oficial","brutos/diarios_txt/2024-12-19_3940_72721.txt","alta","Mandato em curso (eleição de 2022). Declaração datada de 18/12/2024, Diário nº 3940. A declaração não nomeia o cargo que motivou a renúncia. O ofício nº 247-P, de 23/12/2024 (Diário nº 3943), convoca Danilo Alencar de Andrade em caráter de sucessão, com posse marcada para 03/01/2025.","data_raw/assembleias3/TO/eventos.csv",TRUE
"TO","2022",,"Danilo Alencar de Andrade","efetivacao_suplente","2024-12-23","dia",,,,"https://www.al.to.leg.br/arquivo/72853","Em virtude da renúncia do Deputado Fabion Gomes, a partir do dia 31 de dezembro de 2024, CONVOCO Vossa Excelência para assumir, em caráter de sucessão ao cargo de Deputado Estadual, em solenidade de posse, a se realizar na Sala de Reunião da Presidência desta Casa de Leis, no dia 03 de janeiro de 2025, às 09hs.","diario_oficial","brutos/diarios_txt/2024-12-24_3943_72853.txt","alta","Data do ofício de convocação; posse marcada para 03/01/2025.","data_raw/assembleias3/TO/eventos.csv",TRUE
